data;horario;n_da_ocorrencia;tipo_de_ocorrencia;km;trecho;sentido;tipo_de_acidente;automovel;bicicleta;caminhao;moto;onibus;outros;tracao_animal;transporte_de_cargas_especiais;trator_maquinas;utilitarios;ilesos;levemente_feridos;moderadamente_feridos;gravemente_feridos;mortos
09/06/2010;18:47:00;115;com vítima;579;BR-324/BA;Leste;Saida de Pista;1;;1;;;;;;;;1;1;;;
09/06/2010;12:24:00;56;sem vítima;607;BR-324/BA;Leste;Colisão Traseira;2;;;;;;;;;;3;;;;
09/06/2010;11:35:00;48;sem vítima;610,5;BR-324/BA;Leste;Saida de Pista;;;1;;;;;;;;1;;;;
09/06/2010;16:08:00;90;com vítima;616;BR-324/BA;Oeste;Queda de Moto;;;;1;;;;;;;1;1;;;
10/06/2010;06:52:00;20;com vítima;2;BR-116/BA - ContSuFS;;Atropelamento de Pedestre;;;;1;;2;;;;;0;2;;1;
10/06/2010;15:01:00;68;com vítima;4;BR-116/BA - ContSuFS;;Colisão Transversal;1;;;1;;1;;;;;2;;;;1
10/06/2010;11:24:00;48;sem vítima;574;BR-116/BA;Sul;Saida de Pista;;;1;;;;;;;;1;;;;
10/06/2010;17:05:00;84;sem vítima;519,5;BR-324/BA;Oeste;Colisão Traseira;;;2;;;;;;;;2;;;;
10/06/2010;19:25:00;99;sem vítima;520;BR-324/BA;Oeste;Capotamento;;;1;;;;;;;;2;;;;
10/06/2010;18:45:00;95;sem vítima;522;BR-324/BA;Oeste;Engavetamento;4;;1;;;;;;;;5;;;;
10/06/2010;11:02:00;44;com vítima;559,2999877929688;BR-324/BA;Leste;Saida de Pista;1;;;;;;;;;;0;1;;;
10/06/2010;07:10:00;22;sem vítima;563;BR-324/BA;Leste;Saida de Pista;1;;;;;;;;;;3;;;;
10/06/2010;06:30:00;19;sem vítima;610,5;BR-324/BA;Oeste;Colisão Traseira;2;;;;;;;;;;4;;;;
10/06/2010;20:00:00;104;sem vítima;622;BR-324/BA;Oeste;Colisão Traseira;3;;;;;;;;;;3;;;;
11/06/2010;07:00:00;25;com vítima;7;BR-116/BA - Cont VC;;Colisão Lateral;;1;;1;;;;;;;1;1;;;
11/06/2010;15:52:00;92;com vítima;821;BR-116/BA;Sul;Colisão Transversal;;;;;1;;;;;1;20;12;;1;1
11/06/2010;10:02:00;54;com vítima;548;BR-324/BA;Leste;Colisão Lateral;;;;1;;;;;;1;1;2;;;
11/06/2010;05:51:00;20;com vítima;549;BR-324/BA;Oeste;Capotamento;1;;;;;;;;;;0;;;;1
11/06/2010;05:05:00;18;com vítima;584,2000122070312;BR-324/BA;Leste;Saida de Pista;;;1;;;;;;;;0;;1;;
12/06/2010;08:16:00;37;sem vítima;660;BR-116/BA;Norte;Colisão Traseira;;;4;;;;;;;;4;;;;
12/06/2010;09:31:00;44;com vítima;846;BR-116/BA;Sul;Saida de Pista;;;2;;;;;;;;1;1;;;
12/06/2010;19:59:00;116;com vítima;551;BR-324/BA;Leste;Capotamento;1;;;;;;;;;;0;7;;;
12/06/2010;13:34:00;74;sem vítima;574;BR-324/BA;Leste;Saida de Pista;1;;;;;1;;;;;2;;;;
12/06/2010;18:18:00;100;sem vítima;582;BR-324/BA;Leste;;;;1;;;;;;;;1;;;;
12/06/2010;14:32:00;78;com vítima;616;BR-324/BA;Leste;Colisão Traseira;2;;;;;;;;;;3;1;;;
12/06/2010;16:45:00;92;sem vítima;622;BR-324/BA;Leste;;;;;;;;;;;;0;;;;
13/06/2010;16:14:00;71;sem vítima;679;BR-116/BA;Norte;;;;;1;;;;;;;1;;;;
13/06/2010;15:28:00;66;com vítima;791;BR-116/BA;Norte;Colisão Frontal;;;2;;;;;;;;1;;;;1
13/06/2010;16:00:00;69;com vítima;928;BR-116/BA;Sul;Capotamento;1;;;;;;;;;;0;3;;1;1
13/06/2010;15:49:00;68;com vítima;566;BR-324/BA;Oeste;Colisão Frontal;1;;;;;1;;;;;1;4;1;;
13/06/2010;20:38:00;97;com vítima;580;BR-324/BA;Leste;Queda de Moto;;;;1;;;;;;;0;1;;;
13/06/2010;05:29:00;11;com vítima;586;BR-324/BA;Leste;Capotamento;1;;;;;1;;;;;3;2;;;
13/06/2010;23:14:00;111;sem vítima;617;BR-324/BA;Oeste;Capotamento;1;;;;;;;;;;1;;;;
13/06/2010;06:09:00;13;com vítima;622;BR-324/BA;Oeste;Capotamento;1;;;;;;;;;;0;1;;;
14/06/2010;03:42:00;15;com vítima;555;BR-324/BA;Leste;Queda de Moto;;;;1;;;;;;;0;;1;;
14/06/2010;15:42:00;77;sem vítima;558;BR-324/BA;Leste;Saida de Pista;1;;;;;;;;;;1;;;;
15/06/2010;22:37:00;135;com vítima;12,600000381469727;BR-116/BA - Cont VC;;Saida de Pista;1;;;;;;;;;;0;3;;;
15/06/2010;18:15:00;116;com vítima;13,800000190734863;BR-116/BA - Cont VC;;Atropelamento de Pedestre;1;;;;;1;;;;;1;;;;1
15/06/2010;18:20:00;122;sem vítima;13,800000190734863;BR-116/BA - Cont VC;;Colisão Traseira;1;;1;;;;;;;;2;;;;
15/06/2010;23:09:00;139;sem vítima;544;BR-116/BA;Norte;;;;;;1;;;;;;1;;;;
15/06/2010;06:01:00;33;com vítima;589;BR-116/BA;Sul;Colisão Frontal;1;;1;;;;;;;;2;2;;;
15/06/2010;09:49:00;57;sem vítima;674;BR-116/BA;Sul;Colisão Transversal;;;1;;;;;;;1;3;;;;
15/06/2010;20:03:00;123;sem vítima;537;BR-324/BA;Leste;Saida de Pista;1;;;;;;;;;;4;;;;
15/06/2010;06:22:00;34;com vítima;597;BR-324/BA;Oeste;Queda de Moto;;;;1;;;;;;;1;1;;;
15/06/2010;13:13:00;84;sem vítima;610;BR-324/BA;Leste;;;;;;;1;;;;;1;;;;
15/06/2010;12:48:00;83;com vítima;619;BR-324/BA;Oeste;Colisão Traseira;2;;;;;;;;;;3;1;;;
15/06/2010;16:21:00;107;com vítima;621;BR-324/BA;Leste;Saida de Pista;1;;;;;;;;;;0;1;;;
16/06/2010;06:13:00;27;com vítima;447,5;BR-116/BA;Norte;Colisão Traseira;2;;;;;;;;;;0;3;;;
16/06/2010;07:01:00;31;sem vítima;800;BR-116/BA;Sul;Saida de Pista;;;;;;1;;;;1;2;;;;
16/06/2010;16:27:00;97;sem vítima;519,5;BR-324/BA;Leste;Colisão Traseira;1;;1;;;1;;;;;5;;;;
16/06/2010;15:21:00;93;sem vítima;591,7999877929688;BR-324/BA;Oeste;Colisão Traseira;1;;1;;;;;;;;2;;;;
16/06/2010;09:46:00;59;sem vítima;611,9000244140625;BR-324/BA;Leste;Colisão Traseira;3;;;;;;;;;;7;;;;
17/06/2010;03:59:00;8;sem vítima;4;BR-116/BA - ContSuFS;;Colisão Frontal;1;;;;;;;;;;1;;;;
17/06/2010;08:35:00;26;com vítima;491,20001220703125;BR-116/BA;Sul;Engavetamento;;;3;;;;;;;;3;;;1;
17/06/2010;18:05:00;88;sem vítima;532;BR-116/BA;Norte;Tombamento;;;1;;;;;;;;1;;;;
17/06/2010;17:04:00;83;com vítima;830;BR-116/BA;Sul;Colisão Traseira;1;;1;;;;;;;;4;4;;;
17/06/2010;16:26:00;79;sem vítima;613;BR-324/BA;Oeste;Colisão Traseira;;;1;;1;;;;;1;5;;;;
18/06/2010;19:15:00;144;com vítima;512,2000122070312;BR-116/BA;Sul;Capotamento;1;;;;;1;;;;;1;4;;;
18/06/2010;02:58:00;18;com vítima;523;BR-116/BA;Sul;Atropelamento - Ambulante;;;1;;;1;;;;;2;;;;1
18/06/2010;12:22:00;89;com vítima;798;BR-116/BA;Norte;Engavetamento;1;;3;;;;;;;;2;2;;;
18/06/2010;08:58:00;57;com vítima;827;BR-116/BA;Sul;Colisão Lateral;;;1;1;;;;;;;1;1;;;
18/06/2010;13:52:00;100;com vítima;551;BR-324/BA;Oeste;Objeto lançado contra veículo;1;;1;;;;;;;;1;2;;;
18/06/2010;18:19:00;139;sem vítima;568;BR-324/BA;Oeste;Colisão Traseira;2;;;;;;;;;;2;;;;
18/06/2010;17:48:00;131;com vítima;576;BR-324/BA;Oeste;Colisão Traseira;2;;;;;;;;;;2;1;;;
18/06/2010;16:46:00;121;sem vítima;576,5;BR-324/BA;Oeste;Engavetamento;2;;;;;;;;;1;7;;;;
18/06/2010;13:03:00;94;sem vítima;612;BR-324/BA;Oeste;Capotamento;;;;;;;;;;1;1;;;;
19/06/2010;08:00:00;27;com vítima;603;BR-116/BA;Norte;Colisão Lateral;;;3;;;;;;;;2;1;;;
19/06/2010;09:14:00;34;com vítima;791;BR-116/BA;Sul;Colisão Traseira;;;1;;1;;;;;;1;2;;;
19/06/2010;02:13:00;9;sem vítima;799;BR-116/BA;Norte;Capotamento;1;;;;;;;;;;2;;;;
19/06/2010;18:24:00;84;com vítima;620;BR-324/BA;Leste;Atropelamento de Pedestre;1;;;;;1;;;;;6;;;;1
19/06/2010;02:45:00;10;sem vítima;622;BR-324/BA;Leste;Capotamento;1;;;;;1;;;;;2;;;;
20/06/2010;05:13:00;27;com vítima;470;BR-116/BA;Norte;Colisão Frontal;1;;1;1;;;;;;;0;;3;1;
20/06/2010;19:46:00;104;com vítima;702;BR-116/BA;Sul;Saida de Pista;;;1;;;;;;;;0;1;;;
20/06/2010;02:14:00;12;sem vítima;818;BR-116/BA;Sul;Colisão Transversal;2;;;;;;;;;;10;;;;
20/06/2010;19:37:00;101;com vítima;915,5;BR-116/BA;Norte;Atropelamento de Animal;1;;;;;;;;;;2;;2;;
20/06/2010;09:16:00;50;sem vítima;524;BR-324/BA;Leste;;;;;1;;;;;;;1;;;;
20/06/2010;11:54:00;60;sem vítima;554;BR-324/BA;Leste;Saida de Pista;;;;;;;;;;1;1;;;;
20/06/2010;21:10:00;109;com vítima;559,7000122070312;BR-324/BA;Leste;Capotamento;1;;;;;;;;;;0;1;;;1
20/06/2010;09:38:00;53;sem vítima;622;BR-324/BA;Leste;Capotamento;1;;;;;;;;;;1;;;;
21/06/2010;03:30:00;9;com vítima;495;BR-116/BA;Norte;Colisão Traseira;1;;;;;1;;;;;1;4;;;1
21/06/2010;07:44:00;32;com vítima;637;BR-116/BA;Norte;Colisão Frontal;;;;1;;1;;;;;1;;1;;1
21/06/2010;06:41:00;22;com vítima;528;BR-324/BA;Leste;Engavetamento;6;;4;;;;;;;;9;;;;3
21/06/2010;04:51:00;14;com vítima;530;BR-324/BA;Leste;Capotamento;;;1;;;;;;;;0;1;;;
21/06/2010;10:00:00;39;sem vítima;533;BR-324/BA;Oeste;Colisão Traseira;3;;1;;;;;;;;4;;;;
21/06/2010;12:42:00;55;sem vítima;550;BR-324/BA;Leste;Colisão Traseira;1;;2;;;;;;;;3;;;;
21/06/2010;04:47:00;13;sem vítima;554,2999877929688;BR-324/BA;Oeste;Capotamento;1;;;;;;;;;;2;;;;
21/06/2010;21:51:00;126;sem vítima;567;BR-324/BA;Oeste;Saida de Pista;;;1;;;;;;;;1;;;;
22/06/2010;13:52:00;66;com vítima;546;BR-116/BA;Sul;Queda de Moto;;;;1;;;;;;;1;1;;;
22/06/2010;17:28:00;88;com vítima;682;BR-116/BA;Sul;Colisão Lateral;1;;;;;1;;;;;4;1;;;
22/06/2010;08:14:00;27;sem vítima;817;BR-116/BA;Sul;;;;;;;;;;;;0;;;;
22/06/2010;13:08:00;64;sem vítima;544;BR-324/BA;Oeste;;;;;;;;;;;;0;;;;
22/06/2010;05:24:00;17;com vítima;551;BR-324/BA;Leste;Capotamento;;;;;;;;;;1;4;6;;;
22/06/2010;07:26:00;25;com vítima;564;BR-324/BA;Oeste;Capotamento;1;;;;;;;;;;1;2;;;
22/06/2010;12:53:00;63;sem vítima;567;BR-324/BA;Oeste;Colisão Traseira;1;;2;;;;;;;;4;;;;
22/06/2010;22:58:00;141;com vítima;595;BR-324/BA;Oeste;Colisão Traseira;;;2;;;;;;;;0;2;;;1
22/06/2010;11:50:00;58;sem vítima;622;BR-324/BA;Oeste;;;;;;;;;;;;0;;;;
23/06/2010;22:56:00;185;com vítima;26;BR-116/BA - Cont VC;;Saida de Pista;;;1;;;;;;;;2;1;;;
23/06/2010;16:10:00;119;com vítima;440;BR-116/BA;Sul;Queda de Moto;;;;1;;;;;;;0;2;;;
23/06/2010;02:38:00;10;com vítima;595,5999755859375;BR-116/BA;Norte;Colisão Frontal;;;2;;;;;;;;0;1;;;2
23/06/2010;07:52:00;31;com vítima;720;BR-116/BA;Sul;Capotamento;1;;;;;;;;;;0;2;;;
23/06/2010;16:58:00;128;com vítima;804,5;BR-116/BA;Sul;Colisão Lateral;1;;;1;;;;;;;1;1;;;
23/06/2010;15:50:00;111;sem vítima;557;BR-324/BA;Oeste;Colisão Traseira;;;2;;;;;;;;4;;;;
23/06/2010;18:08:00;136;sem vítima;558;BR-324/BA;Oeste;Colisão Traseira;1;;2;;;;;;;;3;;;;
23/06/2010;06:26:00;18;sem vítima;566;BR-324/BA;Oeste;Saida de Pista;1;;;;;;;;;;5;;;;
23/06/2010;13:44:00;83;sem vítima;566;BR-324/BA;Oeste;;1;;;;;;;;;;4;;;;
23/06/2010;16:43:00;121;sem vítima;575;BR-324/BA;Leste;Capotamento;1;;;;;1;;;;;2;;;;
23/06/2010;19:20:00;149;sem vítima;597;BR-324/BA;Leste;Engavetamento;4;;;;;;;;;1;20;;;;
23/06/2010;21:17:00;174;com vítima;617;BR-324/BA;Leste;Colisão Traseira;2;;;;1;;;;;;3;1;;;
23/06/2010;18:28:00;139;com vítima;618;BR-324/BA;Leste;Colisão Traseira;1;;;1;;;;;;;1;1;;;
24/06/2010;10:07:00;62;com vítima;511;BR-116/BA;Sul;Saida de Pista;1;;;;;;;;;;0;5;;;
24/06/2010;14:07:00;91;com vítima;736,2999877929688;BR-116/BA;Sul;Saida de Pista;1;;;;;;;;;;0;2;;;
24/06/2010;20:04:00;136;com vítima;776;BR-116/BA;Sul;Colisão Lateral;;;2;;;;;;;;1;1;;;
24/06/2010;07:33:00;44;com vítima;526,7000122070312;BR-324/BA;Oeste;Capotamento;1;;;;;;;;;;1;3;;;
24/06/2010;09:22:00;55;sem vítima;551,7999877929688;BR-324/BA;Leste;Saida de Pista;1;;;;;;;;;;1;;;;
25/06/2010;10:18:00;50;com vítima;25;BR-116/BA - Cont VC;;Colisão Lateral;2;;;;;;;;;;4;1;;;
25/06/2010;13:02:00;64;sem vítima;556,2999877929688;BR-116/BA;Sul;Colisão Lateral;1;;1;;;;;;;;6;;;;
25/06/2010;13:20:00;65;com vítima;662;BR-116/BA;Norte;Colisão Traseira;1;;1;;;;;;;;1;1;;;
25/06/2010;18:16:00;102;com vítima;793;BR-116/BA;Norte;Colisão Frontal;2;;;;;;;;;;1;1;1;;
25/06/2010;17:14:00;97;sem vítima;526;BR-324/BA;Oeste;Colisão Traseira;3;;;;;1;;;;;11;;;;
25/06/2010;11:16:00;56;sem vítima;527;BR-324/BA;Oeste;Capotamento;1;;;;;;;;;;1;;;;
25/06/2010;23:17:00;132;sem vítima;533;BR-324/BA;Oeste;;;;;;;;;;;;0;;;;
25/06/2010;05:59:00;22;sem vítima;593;BR-324/BA;Oeste;;;;;;;;;;;;0;;;;
25/06/2010;14:00:00;73;com vítima;619;BR-324/BA;Leste;Colisão Frontal;;;2;;;;;;;;1;2;;;
25/06/2010;06:54:00;27;com vítima;622;BR-324/BA;Oeste;Saida de Pista;1;;;;;1;;;;;1;1;;;
25/06/2010;11:45:00;60;com vítima;623;BR-324/BA;Leste;Capotamento;1;;;;;;;;;;0;4;;1;
26/06/2010;18:10:00;81;com vítima;16;BR-116/BA - Cont VC;;Atropelamento de Pedestre;;;;;;1;;;;;1;1;;;
26/06/2010;07:57:00;18;com vítima;681;BR-116/BA;Sul;Tombamento;;;1;;;;;;;;0;3;;;
26/06/2010;17:57:00;77;sem vítima;827;BR-116/BA;Sul;;1;;;;;;;;;;1;;;;
26/06/2010;17:54:00;76;sem vítima;534;BR-324/BA;Oeste;Capotamento;1;;;;;;;;;;1;;;;
26/06/2010;16:40:00;69;com vítima;573;BR-324/BA;Leste;Capotamento;1;;;;;;;;;;0;;1;;
26/06/2010;11:41:00;36;com vítima;587,2000122070312;BR-324/BA;Oeste;Capotamento;1;;;;;;;;;;0;5;1;;
26/06/2010;03:39:00;8;sem vítima;593;BR-324/BA;Oeste;;;;;;;;;;;;0;;;;
27/06/2010;19:24:00;159;sem vítima;443;BR-116/BA;Norte;Colisão Traseira;1;;;;;;;;1;;2;;;;
27/06/2010;07:01:00;28;com vítima;789;BR-116/BA;Sul;Saida de Pista;1;;;;;;;;;;0;1;;;
27/06/2010;14:35:00;103;com vítima;554;BR-324/BA;Leste;Colisão Traseira;3;;;;;;;;;;2;3;;;
27/06/2010;13:43:00;95;com vítima;572;BR-324/BA;Leste;Colisão Traseira;2;;;;;;;;;;4;1;;;
27/06/2010;17:54:00;143;com vítima;608;BR-324/BA;Leste;Colisão Traseira;;;;2;;;;;;;1;1;;;
27/06/2010;01:34:00;15;sem vítima;610;BR-324/BA;Leste;;1;;;;;;;;;;1;;;;
27/06/2010;05:08:00;23;com vítima;617,7999877929688;BR-324/BA;Leste;Atropelamento de Pedestre;;;;;1;;;;;;50;;;;1
28/06/2010;21:50:00;147;com vítima;4;BR-116/BA - ContSuFS;;Queda de Moto;;;;1;;;;;;;0;1;;;
28/06/2010;05:52:00;30;com vítima;564;BR-116/BA;Sul;Colisão Traseira;1;;;;;1;;;;;1;;1;;
28/06/2010;12:46:00;94;com vítima;632;BR-116/BA;Norte;Colisão Lateral;1;;;1;;;;;;;1;1;;;
28/06/2010;00:09:00;5;com vítima;819;BR-116/BA;Norte;Saida de Pista;;;1;;;;;;;;0;1;;;
28/06/2010;07:53:00;47;com vítima;526;BR-324/BA;Leste;Colisão Traseira;1;;1;1;;;;;;;2;1;;;
28/06/2010;22:42:00;152;sem vítima;526;BR-324/BA;Oeste;;1;;;;;;;;;;1;;;;
28/06/2010;04:56:00;25;sem vítima;534;BR-324/BA;Leste;Capotamento;1;;1;;;;;;;;2;;;;
28/06/2010;13:11:00;101;sem vítima;603;BR-324/BA;Leste;Colisão Traseira;1;;1;;;;;;;;2;;;;
28/06/2010;06:48:00;38;sem vítima;617;BR-324/BA;Leste;;;;;1;;;;;;;1;;;;
28/06/2010;11:22:00;86;sem vítima;619;BR-324/BA;Leste;;;;;;;;;;;;0;;;;
29/06/2010;20:17:00;143;sem vítima;455;BR-116/BA;Norte;Choque Contra Objeto Fixo;1;;;;;;;;;;1;;;;
29/06/2010;08:09:00;45;sem vítima;580;BR-116/BA;Sul;Colisão Frontal;;;2;;;;;;;;2;;;;
29/06/2010;16:31:00;128;com vítima;647;BR-116/BA;Norte;Tombamento;;;1;;;;;;;;0;1;;;
29/06/2010;16:35:00;139;com vítima;657;BR-116/BA;Norte;;;;1;;;;;;;;0;2;;;
29/06/2010;11:46:00;84;sem vítima;798;BR-116/BA;Norte;Colisão Traseira;;;2;;;;;;;;2;;;;
29/06/2010;11:38:00;83;com vítima;588;BR-324/BA;Oeste;Saida de Pista;1;;;;;;;;;;0;2;;;
29/06/2010;07:12:00;36;com vítima;612;BR-324/BA;Oeste;Queda de Moto;;;;1;;;;;;;0;2;;;
30/06/2010;21:56:00;125;com vítima;815;BR-116/BA;Sul;Atropelamento de Pedestre;;;;;;1;;;;;1;;1;;
30/06/2010;03:01:00;17;com vítima;866;BR-116/BA;Sul;Colisão Traseira;;;2;;;;;;;;1;1;;1;
30/06/2010;10:31:00;56;sem vítima;604;BR-324/BA;Leste;Colisão Traseira;;;2;;;;;;;;2;;;;
01/07/2010;13:27:00;79;com vítima;467,29998779296875;BR-116/BA;Sul;Tombamento;;;1;;;;;;;;0;;1;;2
01/07/2010;18:20:00;114;com vítima;725;BR-116/BA;Sul;Saida de Pista;;;1;;;;;;;;0;1;;;
01/07/2010;10:05:00;45;sem vítima;928;BR-116/BA;Norte;Capotamento;1;;;;;;;;;;3;;;;
01/07/2010;16:40:00;96;com vítima;546;BR-324/BA;Leste;Colisão Lateral;1;;1;;;;;;;;1;2;;;
01/07/2010;20:15:00;112;sem vítima;555;BR-324/BA;Oeste;;1;;;;;;;;;;1;;;;
01/07/2010;17:47:00;105;sem vítima;569;BR-324/BA;Leste;Colisão Traseira;2;;;;1;;;;;;3;;;;
01/07/2010;11:26:00;54;sem vítima;592;BR-324/BA;Leste;Colisão Traseira;2;;;;;;;;;;4;;;;
01/07/2010;15:54:00;88;com vítima;596;BR-324/BA;Oeste;Queda de Moto;;;;1;;;;;;;0;1;;;
01/07/2010;19:11:00;109;com vítima;603;BR-324/BA;Leste;Colisão Traseira;;;1;;;1;;;;;1;1;;;
01/07/2010;11:58:00;58;sem vítima;613;BR-324/BA;Oeste;;4;;;;;;;;;;4;;;;
02/07/2010;18:26:00;120;com vítima;19;BR-116/BA - Cont VC;;Colisão Frontal;;;;1;;1;;;;;1;1;;;
02/07/2010;09:31:00;53;sem vítima;439,70001220703125;BR-116/BA;Sul;Saida de Pista;;;1;;;;;;;;1;;;;
02/07/2010;23:04:00;146;com vítima;494;BR-116/BA;Sul;Colisão Frontal;1;;1;;;;;;;;1;;;;1
02/07/2010;12:42:00;79;sem vítima;642;BR-116/BA;Norte;Choque Contra Objeto Fixo;1;;1;;;;;;;;2;;;;
02/07/2010;17:25:00;114;com vítima;650,7999877929688;BR-116/BA;Norte;Colisão Frontal;3;;;;;;;;;;2;3;;;
02/07/2010;07:45:00;40;com vítima;804;BR-116/BA;Norte;Colisão Lateral;1;;1;;;;;;;;1;1;;;
02/07/2010;14:56:00;97;com vítima;574;BR-324/BA;Oeste;Capotamento;2;;;;;;;;;;6;2;;;
02/07/2010;06:32:00;32;sem vítima;620;BR-324/BA;Oeste;Colisão Traseira;2;;;;;;;;;;5;;;;
02/07/2010;16:39:00;111;sem vítima;622;BR-324/BA;Leste;Engavetamento;2;;;;;;;;;;2;;;;
03/07/2010;19:38:00;124;sem vítima;8;BR-116/BA - ContSuFS;;;;;;;;;;;;;1;;;;
03/07/2010;14:30:00;78;sem vítima;11;BR-116/BA - Cont VC;;Colisão Frontal;;;;1;;1;;;;;2;;;;
03/07/2010;15:25:00;87;sem vítima;567;BR-116/BA;Sul;Choque Contra Objeto Fixo;1;;;;;;;;;;4;;;;
03/07/2010;10:21:00;51;com vítima;758;BR-116/BA;Sul;Atropelamento de Pedestre;1;1;;;;;;;;;1;1;;;
03/07/2010;15:27:00;88;sem vítima;519,5;BR-324/BA;Oeste;Colisão Frontal;2;;;;;;;;;;2;;;;
03/07/2010;08:58:00;47;sem vítima;534;BR-324/BA;Leste;;1;;;;;;;;;;1;;;;
03/07/2010;17:28:00;101;sem vítima;556;BR-324/BA;Leste;Tombamento;;;1;;;;;;;;1;;;;
03/07/2010;14:54:00;80;sem vítima;559;BR-324/BA;Leste;Colisão Traseira;;;;;1;;;;;1;2;;;;
03/07/2010;16:22:00;95;sem vítima;616;BR-324/BA;Oeste;Capotamento;;;;;;;;;;1;1;;;;
03/07/2010;19:20:00;118;sem vítima;622;BR-324/BA;Leste;;1;;;;;;;;;;1;;;;
04/07/2010;20:30:00;136;sem vítima;468;BR-116/BA;Norte;Capotamento;1;;;;;;;;;;2;;;;
04/07/2010;19:15:00;115;com vítima;793;BR-116/BA;Sul;Queda de Moto;;;;1;;;;;;;0;1;;;
04/07/2010;19:00:00;120;sem vítima;794;BR-116/BA;Sul;Colisão Lateral;1;;1;;;;;;;;2;;;;
04/07/2010;17:07:00;90;com vítima;815;BR-116/BA;Norte;Queda de Moto;;;;1;;;;;;;0;2;;;
04/07/2010;06:12:00;19;com vítima;817;BR-116/BA;Norte;Colisão Transversal;1;;;;;1;;;;;1;1;;;
04/07/2010;02:00:00;158;com vítima;859;BR-116/BA;Sul;Atropelamento de Pedestre;;;;;;;;;;;0;1;;;
04/07/2010;09:26:00;51;com vítima;864;BR-116/BA;Sul;Queda de Moto;;;;1;;;;;;;0;1;;;
04/07/2010;04:57:00;15;com vítima;929,4000244140625;BR-116/BA;Sul;Colisão Frontal;;;2;;;;;;;;0;;;;3
04/07/2010;11:12:00;50;sem vítima;597;BR-324/BA;Leste;Colisão Traseira;1;;1;;;;;;;;6;;;;
04/07/2010;18:36:00;106;sem vítima;616;BR-324/BA;Leste;;1;;;;;;;;;;1;;;;
05/07/2010;06:33:00;22;com vítima;454,8999938964844;BR-116/BA;Norte;Engavetamento;2;;1;;;;;;;;4;1;;;1
05/07/2010;15:54:00;104;sem vítima;507;BR-116/BA;Norte;Capotamento;1;;;;;2;;;;;3;;;;
05/07/2010;09:38:00;47;sem vítima;598;BR-116/BA;Sul;Engavetamento;2;;;;;;;;;;2;;;;
05/07/2010;05:23:00;19;com vítima;527;BR-324/BA;Oeste;Capotamento;1;;;;;1;;;;;1;1;;;
05/07/2010;10:20:00;88;sem vítima;611,7000122070312;BR-324/BA;Leste;Colisão Traseira;2;;;;;;;;;;4;;;;
06/07/2010;09:28:00;34;sem vítima;673;BR-116/BA;Sul;;;;;;;;;;;;0;;;;
06/07/2010;17:08:00;79;com vítima;759;BR-116/BA;Sul;;;;;1;;;;;;;0;1;;;
06/07/2010;14:47:00;62;com vítima;526;BR-324/BA;Leste;Queda de Moto;;;;1;;;;;;;0;1;;;
06/07/2010;16:20:00;74;com vítima;526;BR-324/BA;Oeste;Saida de Pista;1;;;;;;;;;;0;3;;;
06/07/2010;18:54:00;100;com vítima;526;BR-324/BA;Oeste;Queda de Moto;;;;1;;;;;;;0;1;;;
06/07/2010;18:28:00;97;com vítima;528;BR-324/BA;Leste;Atropelamento - Ciclista;;;;;;2;;;;;1;;;;1
06/07/2010;16:55:00;78;com vítima;548;BR-324/BA;Oeste;Capotamento;1;;;;;;;;;;0;1;;;
06/07/2010;10:19:00;39;com vítima;608;BR-324/BA;Oeste;Engavetamento;4;;;;;;;;;;6;1;;;
07/07/2010;02:03:00;7;com vítima;564,5999755859375;BR-116/BA;Sul;Colisão Lateral;;;2;;;;;;;;1;1;;;
07/07/2010;22:18:00;119;sem vítima;652;BR-116/BA;Norte;;;;;;;;;;;;0;;;;
07/07/2010;16:01:00;79;com vítima;817,5;BR-116/BA;Sul;Atropelamento - Ciclista;1;1;;;;;;;;;1;1;;;
07/07/2010;18:48:00;95;sem vítima;520;BR-324/BA;Leste;;;;;1;;;;;;;1;;;;
07/07/2010;07:19:00;26;sem vítima;607,5;BR-324/BA;Leste;Colisão Traseira;2;;;;;;;;;1;20;;;;
07/07/2010;06:07:00;19;com vítima;610;BR-324/BA;Leste;Capotamento;1;;;;;;;;;1;11;5;1;;
08/07/2010;22:22:00;120;sem vítima;580;BR-116/BA;Norte;Saida de Pista;;;1;;;;;;;;1;;;;
08/07/2010;21:18:00;116;com vítima;630;BR-116/BA;Sul;Colisão Lateral;1;;1;;;;;;;;1;;;1;
08/07/2010;11:27:00;58;com vítima;862;BR-116/BA;Norte;Queda de Moto;;;;1;;;;;;;0;2;;;
08/07/2010;09:01:00;44;com vítima;528;BR-324/BA;Leste;Saida de Pista;1;;;;;1;;;;;2;1;;;
08/07/2010;04:40:00;20;com vítima;560;BR-324/BA;Oeste;Colisão Traseira;1;;1;;;;;;;;1;2;;;
08/07/2010;21:28:00;114;com vítima;620;BR-324/BA;Oeste;Queda de Moto;;;;1;;;;;;;1;1;;;
08/07/2010;21:46:00;118;com vítima;625;BR-324/BA;Leste;Choque Contra Objeto Fixo;1;;;;;;;;;;0;1;;;
09/07/2010;19:17:00;91;com vítima;574;BR-116/BA;Sul;Atropelamento - Morador;;;;;;2;;;;;1;;;1;
09/07/2010;23:27:00;131;com vítima;609;BR-116/BA;Norte;Tombamento;;;1;;;;;;;;0;;;;1
09/07/2010;20:00:00;108;com vítima;520;BR-324/BA;Leste;Queda de Moto;;;;1;;;;;;;0;1;;;