data;horario;n_da_ocorrencia;tipo_de_ocorrencia;km;trecho;sentido;tipo_de_acidente;automovel;bicicleta;caminhao;moto;onibus;outros;tracao_animal;transporte_de_cargas_especiais;trator_maquinas;utilitarios;ilesos;levemente_feridos;moderadamente_feridos;gravemente_feridos;mortos
09/07/2010;16:56:00;71;sem vítima;533;BR-324/BA;Oeste;Capotamento;1;;;;;;;;;;2;;;;
10/07/2010;12:38:00;48;com vítima;426,5;BR-116/BA;Sul;Colisão Lateral;;;1;1;;;;;;;1;;1;;
10/07/2010;11:37:00;42;com vítima;428;BR-116/BA;Norte;Saida de Pista;1;;;;;;;;;;1;2;;;
10/07/2010;06:47:00;11;sem vítima;614;BR-116/BA;Sul;Capotamento;;;1;;;1;;;;;2;;;;
10/07/2010;13:11:00;54;com vítima;805;BR-116/BA;Sul;Tombamento;;;1;;;;;;;;0;1;;;
10/07/2010;14:12:00;60;sem vítima;892;BR-116/BA;Sul;Colisão Traseira;;;2;;;;;;;;2;;;;
10/07/2010;15:06:00;66;sem vítima;587;BR-324/BA;Leste;Saida de Pista;1;;;;;;;;;;3;;;;
10/07/2010;07:04:00;14;sem vítima;605;BR-324/BA;Oeste;Colisão Traseira;2;;;;;;;;;;3;;;;
11/07/2010;11:51:00;56;com vítima;8;BR-116/BA - ContSuFS;;Colisão Lateral;;;;1;1;;;;;;3;1;;;
11/07/2010;21:27:00;107;com vítima;751;BR-116/BA;Norte;Colisão Lateral;;;;2;;2;;;;;2;2;;;1
11/07/2010;14:49:00;94;com vítima;805;BR-116/BA;Sul;Queda de Moto;;;;1;;;;;;;0;2;;;
11/07/2010;09:30:00;46;com vítima;813;BR-116/BA;Sul;Atropelamento de Pedestre;;;;;;1;;;;;1;;;;1
11/07/2010;18:24:00;98;com vítima;541;BR-324/BA;Oeste;Choque - Objeto sobre a pista;;;;;1;;;;;2;51;2;;;
11/07/2010;06:21:00;18;com vítima;607;BR-324/BA;Oeste;Colisão Lateral;1;;;1;;;;;;;1;1;;;
11/07/2010;21:44:00;108;com vítima;617;BR-324/BA;Leste;Atropelamento de Pedestre;;;;;;1;;;;;1;;;;1
11/07/2010;04:19:00;15;sem vítima;619;BR-324/BA;Oeste;Capotamento;1;;;;;;;;;;1;;;;
12/07/2010;19:30:00;100;com vítima;6;BR-116/BA - ContSuFS;;Colisão Lateral;;;;1;1;;;;;;1;1;;;
12/07/2010;18:23:00;96;sem vítima;495;BR-116/BA;Norte;Saida de Pista;1;;;;;;;;;;4;;;;
12/07/2010;05:40:00;12;com vítima;557;BR-116/BA;Norte;Colisão Traseira;;;2;;;;;;;;1;;1;1;
12/07/2010;06:18:00;16;com vítima;854;BR-116/BA;Sul;Colisão Frontal;2;;;;;;;;;;1;2;3;;1
12/07/2010;17:52:00;95;com vítima;523;BR-324/BA;Oeste;Saida de Pista;1;;;;;;;;;;1;1;;;
12/07/2010;09:22:00;37;sem vítima;550;BR-324/BA;Oeste;;;;;;;;;;;;0;;;;
12/07/2010;08:57:00;32;sem vítima;620;BR-324/BA;Leste;Colisão Traseira;2;;;;;;;;;;2;;;;
12/07/2010;10:17:00;44;com vítima;622;BR-324/BA;Leste;Colisão Traseira;2;;;;;;;;;;1;1;;;
13/07/2010;16:56:00;79;com vítima;546,4000244140625;BR-116/BA;Norte;Atropelamento de Pedestre;1;;;;;;;;;;2;1;;;
13/07/2010;17:57:00;84;com vítima;810;BR-116/BA;Sul;Capotamento;;;;;;;;;;1;0;1;;;
13/07/2010;11:14:00;45;sem vítima;573;BR-324/BA;Oeste;Saida de Pista;1;;;;;;;;;;4;;;;
14/07/2010;15:34:00;103;com vítima;437,29998779296875;BR-116/BA;Norte;Saida de Pista;;;1;;;;;;;;2;1;;;
14/07/2010;02:54:00;6;com vítima;445;BR-116/BA;Norte;Colisão Lateral;;;2;;;;;;;;1;1;;;
14/07/2010;23:00:00;146;com vítima;489;BR-116/BA;Norte;Saida de Pista;;;2;;;;;;;;2;1;;;
14/07/2010;18:09:00;123;com vítima;549;BR-116/BA;Sul;Tombamento;;;1;;;;;;;;0;1;;;
14/07/2010;11:08:00;64;sem vítima;573;BR-116/BA;Norte;Colisão Traseira;2;;;;;;;;;;2;;;;
14/07/2010;00:48:00;2;sem vítima;574;BR-116/BA;Sul;;;;;;;;;;;;0;;;;
14/07/2010;18:00:00;121;sem vítima;668;BR-116/BA;Norte;Atropelamento de Animal;1;;;;;;;;;;2;;;;
14/07/2010;05:50:00;12;sem vítima;690;BR-116/BA;Sul;;;;;;;;;;;;0;;;;
14/07/2010;15:59:00;107;com vítima;786,0999755859375;BR-116/BA;Sul;Saida de Pista;1;;;;;1;;;;;2;1;;;
14/07/2010;14:00:00;91;sem vítima;566;BR-324/BA;Oeste;Colisão Traseira;1;;1;;;;;;;;7;;;;
14/07/2010;09:04:00;42;sem vítima;573;BR-324/BA;Leste;Tombamento;;;2;;;;;;;;2;;;;
14/07/2010;09:46:00;47;sem vítima;613;BR-324/BA;Leste;;;;2;;;;;;;;2;;;;
14/07/2010;16:20:00;111;sem vítima;622;BR-324/BA;Leste;Saida de Pista;1;;;;;;;;;;1;;;;
15/07/2010;18:56:00;73;com vítima;426,20001220703125;BR-116/BA;Sul;Colisão Traseira;1;;2;;;;;;;;2;3;;;
15/07/2010;19:37:00;76;sem vítima;750,5;BR-116/BA;Norte;Saida de Pista;;;1;;;;;;;;1;;;;
15/07/2010;23:00:00;100;com vítima;851;BR-116/BA;Sul;Colisão Frontal;1;;1;;;;;;;;1;2;;;
15/07/2010;14:34:00;48;sem vítima;541;BR-324/BA;Oeste;Saida de Pista;;;1;;;;;;;;1;;;;
15/07/2010;21:08:00;92;com vítima;617;BR-324/BA;Oeste;Tombamento;1;;;;;;;;;;0;2;;;
16/07/2010;12:13:00;60;com vítima;438,8999938964844;BR-116/BA;Sul;Saida de Pista;;;1;;;;;;;;0;;1;;
16/07/2010;06:40:00;18;sem vítima;439;BR-116/BA;Norte;Saida de Pista;1;;;;;;;;;;2;;;;
16/07/2010;16:11:00;86;sem vítima;448;BR-116/BA;Sul;Engavetamento;;;3;;;;;;;;3;;;;
16/07/2010;06:30:00;17;com vítima;482,6000061035156;BR-116/BA;Norte;Choque Contra Objeto Fixo;;;1;;;;;;;;0;1;;;
16/07/2010;11:31:00;55;sem vítima;643;BR-116/BA;Sul;;1;;1;;;;;;;;2;;;;
16/07/2010;10:56:00;49;sem vítima;705;BR-116/BA;Sul;Colisão Frontal;;;2;;;;;;;;2;;;;
16/07/2010;15:43:00;83;sem vítima;523;BR-324/BA;Oeste;Colisão Traseira;2;;;;;;;;;;3;;;;
16/07/2010;10:43:00;47;com vítima;552;BR-324/BA;Leste;Capotamento;1;;;;;;;;;;0;;;1;3
16/07/2010;12:05:00;57;sem vítima;555;BR-324/BA;Oeste;Engavetamento;3;;;;;;;;;;3;;;;
16/07/2010;09:56:00;38;sem vítima;563;BR-324/BA;Leste;Engavetamento;1;;1;1;;;;;;;3;;;;
16/07/2010;17:02:00;92;sem vítima;615,5;BR-324/BA;Leste;Engavetamento;3;;1;;;;;;;1;9;;;;
16/07/2010;22:48:00;122;sem vítima;618;BR-324/BA;Oeste;Colisão Lateral;1;;;;;;;;;1;2;;;;
16/07/2010;10:35:00;46;sem vítima;620;BR-324/BA;Oeste;Colisão Traseira;;;;;;;;;;2;2;;;;
17/07/2010;05:46:00;17;sem vítima;470;BR-116/BA;Sul;;;;;1;;;;;;;1;;;;
17/07/2010;20:28:00;130;com vítima;649;BR-116/BA;Norte;Tombamento;;;1;;;;;;;;0;;1;;
17/07/2010;05:02:00;13;com vítima;713;BR-116/BA;Sul;Queda de Moto;;;;1;;;;;;;0;;1;1;
17/07/2010;18:29:00;104;com vítima;820;BR-116/BA;Sul;Atropelamento - Usuário;;;;1;;;;;;;1;1;;;
17/07/2010;15:49:00;88;sem vítima;847,7999877929688;BR-116/BA;Sul;Engavetamento;;;3;;;1;;;;;4;;;;
17/07/2010;15:10:00;79;com vítima;523;BR-324/BA;Leste;;1;;;;;;;;;;1;2;;;
17/07/2010;05:22:00;14;sem vítima;527;BR-324/BA;Leste;;;;;;;;;;;;0;;;;
17/07/2010;05:43:00;16;com vítima;527;BR-324/BA;Leste;Colisão Traseira;1;;;;;1;;;;;1;1;;;
17/07/2010;19:42:00;111;sem vítima;597;BR-324/BA;Leste;;1;;;;;;;;;;1;;;;
17/07/2010;15:18:00;81;com vítima;601;BR-324/BA;Leste;Capotamento;;;1;;;;;;;1;3;;1;;
17/07/2010;22:12:00;132;sem vítima;610;BR-324/BA;Oeste;;;;;;;;;;;;0;;;;
17/07/2010;09:55:00;43;sem vítima;615;BR-324/BA;Oeste;Saida de Pista;1;;;;;;;;;;1;;;;
17/07/2010;12:48:00;64;sem vítima;624;BR-324/BA;Leste;;;;2;;;;;;;;2;;;;
18/07/2010;17:12:00;113;sem vítima;537;BR-324/BA;Oeste;Capotamento;1;;;;;;;;;;1;;;;
18/07/2010;17:35:00;117;com vítima;547;BR-324/BA;Leste;Capotamento;1;;;;;;;;;;0;1;;;
18/07/2010;16:27:00;110;sem vítima;560;BR-324/BA;Oeste;Saida de Pista;1;;;;;;;;;;1;;;;
18/07/2010;11:19:00;73;sem vítima;561;BR-324/BA;Oeste;Capotamento;1;;;;;;;;;;4;;;;
18/07/2010;03:27:00;20;sem vítima;611;BR-324/BA;Oeste;Saida de Pista;1;;;;;;;;;;1;;;;
18/07/2010;07:34:00;41;sem vítima;625;BR-324/BA;Leste;Queda de Moto;;;;1;;;;;;;1;;;;
19/07/2010;18:27:00;109;sem vítima;426,5;BR-116/BA;Norte;Colisão Lateral;1;;1;;;;;;;;2;;;;
19/07/2010;21:15:00;135;sem vítima;456;BR-116/BA;Sul;;;;;;;;;;;;1;;;;
19/07/2010;14:55:00;81;com vítima;702;BR-116/BA;Sul;Colisão Traseira;1;;;;;;;;;;2;2;;;
19/07/2010;06:30:00;28;sem vítima;900;BR-116/BA;Norte;;;;;1;1;;;;;;2;;;;
19/07/2010;06:35:00;29;com vítima;574,2739868164062;BR-324/BA;Leste;Colisão Lateral;;;;1;1;;;;;;1;;1;;
19/07/2010;12:01:00;68;sem vítima;582;BR-324/BA;Oeste;Saida de Pista;;;1;;;1;;;;;2;;;;
19/07/2010;11:24:00;66;sem vítima;624,8779907226562;BR-324/BA;Leste;Choque Contra Objeto Fixo;1;;;;;;;;;;1;;;;
20/07/2010;03:51:00;19;com vítima;464,79998779296875;BR-116/BA;Norte;Atropelamento de Pedestre;;;;;;1;;;;;1;;;;1
20/07/2010;09:14:00;40;sem vítima;467;BR-116/BA;Norte;Colisão Traseira;;;2;;;;;;;;2;;;;
20/07/2010;18:14:00;114;sem vítima;575;BR-116/BA;Sul;Colisão Traseira;2;;;;;;;;;;2;;;;
20/07/2010;22:13:00;137;sem vítima;908,7999877929688;BR-116/BA;Norte;Colisão Lateral;1;;1;;;;;;;;2;;;;
20/07/2010;07:02:00;28;com vítima;523;BR-324/BA;Oeste;Capotamento;;;;;;;;;;1;1;;;2;
20/07/2010;05:28:00;24;sem vítima;530;BR-324/BA;Leste;Choque Contra Objeto Fixo;1;;;;;;;;;;1;;;;
20/07/2010;08:44:00;35;sem vítima;558;BR-324/BA;Leste;Saida de Pista;1;;1;;;;;;;;2;;;;
20/07/2010;18:57:00;119;sem vítima;569;BR-324/BA;Oeste;Saida de Pista;;;1;;;;;;;;1;;;;
20/07/2010;06:47:00;27;com vítima;596;BR-324/BA;Oeste;Capotamento;;;1;;;;;;;;1;1;;;
20/07/2010;23:18:00;140;com vítima;617;BR-324/BA;Leste;Colisão Frontal;1;;;;;;;;;1;0;;;1;3
21/07/2010;15:57:00;69;sem vítima;439;BR-116/BA;Sul;Tombamento;;;1;;;;;;;;1;;;;
21/07/2010;08:14:00;28;com vítima;639,2000122070312;BR-116/BA;Norte;Saida de Pista;1;;;;;;;;;;1;5;;;
21/07/2010;07:38:00;25;com vítima;643,0999755859375;BR-116/BA;Sul;Colisão Frontal;1;;1;;;;;;;;1;;1;;
21/07/2010;16:07:00;70;sem vítima;787;BR-116/BA;Norte;Saida de Pista;1;;;;;;;;;;1;;;;
21/07/2010;20:39:00;91;sem vítima;537;BR-324/BA;Leste;Saida de Pista;1;;;;;;;;;;1;;;;
21/07/2010;17:18:00;77;sem vítima;568;BR-324/BA;Leste;Colisão Traseira;1;;1;;;;;;;;2;;;;
21/07/2010;15:03:00;62;com vítima;583;BR-324/BA;Leste;Capotamento;1;;;;;;;;;;0;1;;;
21/07/2010;09:00:00;36;sem vítima;620;BR-324/BA;Leste;Colisão Traseira;;;;1;;1;;;;;2;;;;
22/07/2010;07:24:00;16;sem vítima;480;BR-116/BA;Sul;Colisão Traseira;;;2;;;;;;;;2;;;;
22/07/2010;07:47:00;18;sem vítima;484;BR-116/BA;Sul;Saida de Pista;;;1;;;;;;;;1;;;;
22/07/2010;08:30:00;27;com vítima;643,5999755859375;BR-116/BA;Sul;Saida de Pista;;;1;;;;;;;;0;1;;;
22/07/2010;17:44:00;71;sem vítima;883;BR-116/BA;Norte;Colisão Lateral;2;;;;;;;;;;4;;;;
22/07/2010;19:20:00;81;sem vítima;535;BR-324/BA;Oeste;Atropelamento de Animal;1;;;;;;;;;;1;;;;
22/07/2010;12:24:00;48;sem vítima;545;BR-324/BA;Oeste;Capotamento;;;;;;;;;;1;2;;;;
22/07/2010;13:55:00;51;sem vítima;570;BR-324/BA;Oeste;Saida de Pista;;;1;;;;;;;;1;;;;
22/07/2010;16:25:00;66;sem vítima;592;BR-324/BA;Leste;;1;;;;;;;;;;1;;;;
22/07/2010;16:01:00;64;sem vítima;619;BR-324/BA;Leste;;;;;1;;;;;;;1;;;;
23/07/2010;06:35:00;13;com vítima;466;BR-116/BA;Sul;Colisão Frontal;1;;;1;;;;;;;1;1;;;
23/07/2010;16:32:00;68;sem vítima;643;BR-116/BA;Sul;Saida de Pista;;;1;;;;;;;;1;;;;
23/07/2010;07:13:00;16;sem vítima;523;BR-324/BA;Leste;Colisão Lateral;1;;;;;1;;;;;2;;;;
23/07/2010;18:10:00;76;sem vítima;534;BR-324/BA;Leste;;;;;1;;;;;;;1;;;;
23/07/2010;16:40:00;94;sem vítima;551;BR-324/BA;Leste;Saida de Pista;1;;;;;;;;;;1;;;;
23/07/2010;16:30:00;67;sem vítima;552;BR-324/BA;Oeste;Capotamento;1;;;;;;;;;;1;;;;
23/07/2010;15:50:00;65;com vítima;557;BR-324/BA;Leste;Engavetamento;3;;1;;;;;;;;4;1;;;
23/07/2010;15:41:00;62;sem vítima;558;BR-324/BA;Leste;Engavetamento;3;;1;;;1;;;;;5;;;;
23/07/2010;08:19:00;25;com vítima;560;BR-324/BA;Leste;Saida de Pista;;;1;;;;;;;;0;1;;;
23/07/2010;12:12:00;44;com vítima;607;BR-324/BA;Oeste;Saida de Pista;1;;;;;;;;;;0;1;;;
24/07/2010;22:32:00;115;com vítima;426,20001220703125;BR-116/BA;Norte;Choque - Suporte de Sinalização;1;;;;;;;;;;0;1;;;
24/07/2010;21:18:00;108;com vítima;453;BR-116/BA;Sul;Atropelamento - Usuário;1;;;;;;;;;;1;;;;1
24/07/2010;07:24:00;22;sem vítima;583;BR-116/BA;Sul;Tombamento;;;1;;;;;;;;1;;;;
24/07/2010;05:30:00;7;sem vítima;653;BR-116/BA;Sul;Colisão Traseira;;;2;;;;;;;;3;;;;
24/07/2010;19:02:00;92;com vítima;779;BR-116/BA;Sul;Queda de Moto;;;;1;;;;;;;0;1;;;
24/07/2010;07:20:00;18;com vítima;530;BR-324/BA;Leste;Colisão Lateral;;;;2;;;;;;;1;2;;;
24/07/2010;18:46:00;90;sem vítima;574;BR-324/BA;Leste;;1;;;;;;;;;;1;;;;
24/07/2010;13:14:00;53;sem vítima;588;BR-324/BA;Oeste;Saida de Pista;;;1;;;;;;;;1;;;;
24/07/2010;10:20:00;34;sem vítima;610;BR-324/BA;Oeste;Colisão Frontal;1;;;;;;;;;;4;;;;
24/07/2010;20:49:00;103;sem vítima;620;BR-324/BA;Oeste;Capotamento;1;;;;;;;;;;1;;;;
24/07/2010;19:53:00;96;sem vítima;622;BR-324/BA;Oeste;Colisão Lateral;2;;;;;;;;;;2;;;;
24/07/2010;20:20:00;105;sem vítima;622;BR-324/BA;Leste;Colisão Traseira;1;;;;;1;;;;;2;;;;
25/07/2010;09:05:00;39;sem vítima;494,5;BR-116/BA;Sul;Engavetamento;1;;2;;;;;;;;3;;;;
25/07/2010;07:54:00;32;com vítima;554;BR-324/BA;Leste;Colisão Traseira;2;;;;;;;;;;4;1;;;
25/07/2010;18:21:00;111;sem vítima;569;BR-324/BA;Oeste;Colisão Lateral;;;1;1;;;;;;;2;;;;
25/07/2010;18:20:00;110;sem vítima;570;BR-324/BA;Leste;Colisão Traseira;2;;;;;;;;;;2;;;;
25/07/2010;17:42:00;106;sem vítima;582;BR-324/BA;Oeste;Capotamento;1;;;;;;;;;;1;;;;
25/07/2010;13:54:00;76;com vítima;591;BR-324/BA;Leste;Capotamento;1;;;;;;;;;;3;1;;;
25/07/2010;14:51:00;83;sem vítima;622;BR-324/BA;Oeste;;;;;1;;;;;;;1;;;;
26/07/2010;18:16:00;100;sem vítima;912,2999877929688;BR-116/BA;Sul;Choque - Outros;;;1;;;;;;;;1;;;;
26/07/2010;17:15:00;89;sem vítima;530,5;BR-324/BA;Oeste;Queda de Moto;;;;1;;;;;;;1;;;;
26/07/2010;07:12:00;25;sem vítima;558;BR-324/BA;Leste;Colisão Traseira;2;;;;;;;;;;7;;;;
26/07/2010;10:44:00;52;sem vítima;568;BR-324/BA;Oeste;Saida de Pista;1;;;;;;;;;;1;;;;
26/07/2010;06:38:00;20;sem vítima;578;BR-324/BA;Leste;Colisão Traseira;1;;1;;;;;;;;2;;;;
26/07/2010;06:50:00;21;sem vítima;593;BR-324/BA;Leste;Engavetamento;3;;;;;;;;;;6;;;;
26/07/2010;06:12:00;17;sem vítima;595;BR-324/BA;Leste;Engavetamento;2;;1;;;;;;;1;7;;;;
26/07/2010;10:31:00;50;sem vítima;596;BR-324/BA;Leste;Colisão Lateral;2;;;;;;;;;;3;;;;
27/07/2010;10:36:00;36;sem vítima;1;BR-116/BA - ContSuFS;;Colisão Lateral;1;;1;;;;;;;;3;;;;
27/07/2010;11:45:00;51;sem vítima;450;BR-116/BA;Sul;;;;;;;;;;;;0;;;;
27/07/2010;01:00:00;2;com vítima;592;BR-116/BA;Sul;Saida de Pista;;;;;;;;;;1;0;2;;;
27/07/2010;08:59:00;27;sem vítima;695;BR-116/BA;Sul;Colisão Traseira;1;;1;;;;;;;;2;;;;
27/07/2010;23:54:00;135;com vítima;761;BR-116/BA;Norte;;;;1;;;;;;;;0;1;;;
27/07/2010;18:37:00;105;com vítima;520;BR-324/BA;Leste;Atropelamento de Pedestre;;;;;;1;;;;;1;1;;;
27/07/2010;15:22:00;82;sem vítima;524,2000122070312;BR-324/BA;Leste;Capotamento;1;;;;;;;;;;1;;;;
27/07/2010;09:18:00;29;sem vítima;577;BR-324/BA;Oeste;Saida de Pista;;;;;;;;;;1;2;;;;
28/07/2010;08:49:00;38;com vítima;18;BR-116/BA - Cont VC;;Colisão Lateral;;;;1;1;;;;;;1;1;;;
28/07/2010;05:19:00;10;sem vítima;484,0299987792969;BR-116/BA;Norte;Saida de Pista;;;1;;;;;;;;1;;;;
28/07/2010;20:26:00;107;com vítima;545,7000122070312;BR-116/BA;Sul;Colisão Lateral;;;;1;;1;;;;;1;1;;;
28/07/2010;16:52:00;90;com vítima;722;BR-116/BA;Sul;Colisão Frontal;1;;1;;;;;;;;3;1;;;
28/07/2010;06:56:00;17;sem vítima;813;BR-116/BA;Norte;Colisão Traseira;1;;1;;;;;;;;3;;;;
28/07/2010;11:22:00;54;sem vítima;579;BR-324/BA;Oeste;Saida de Pista;;;1;;;;;;;1;4;;;;
28/07/2010;18:06:00;98;sem vítima;608;BR-324/BA;Oeste;Colisão Lateral;1;;1;;;;;;;;2;;;;
28/07/2010;23:30:00;125;com vítima;614;BR-324/BA;Leste;Capotamento;1;;;;;;;;;;1;1;;;
29/07/2010;07:41:00;19;com vítima;799;BR-116/BA;Norte;Saida de Pista;;;1;;;;;;;;0;1;;;
29/07/2010;19:55:00;100;com vítima;911;BR-116/BA;Sul;Colisão Frontal;;;1;;;;;;;1;1;1;;;
29/07/2010;16:29:00;82;sem vítima;558;BR-324/BA;Leste;Capotamento;1;;;;;;;;;;1;;;;
29/07/2010;07:13:00;17;sem vítima;582;BR-324/BA;Oeste;Saida de Pista;2;;;;;;;;;;2;;;;
29/07/2010;08:50:00;26;sem vítima;620;BR-324/BA;Leste;Colisão Traseira;;;1;;;;;;;1;4;;;;
29/07/2010;01:03:00;4;com vítima;626;BR-324/BA;Oeste;Atropelamento de Pedestre;;;;;;1;;;;;1;1;;;
30/07/2010;16:58:00;89;sem vítima;462;BR-116/BA;Norte;Colisão Traseira;1;;1;;;;;;;;2;;;;
30/07/2010;22:48:00;136;sem vítima;471;BR-116/BA;Sul;Colisão Traseira;;;2;;;;;;;;2;;;;
30/07/2010;13:36:00;63;com vítima;482;BR-116/BA;Norte;Colisão Frontal;2;;1;;1;;;;;;3;1;;;
30/07/2010;06:27:00;16;com vítima;659;BR-116/BA;Sul;Colisão Lateral;;;2;;;;;;;;0;2;;;
30/07/2010;08:00:00;38;sem vítima;659;BR-116/BA;Norte;Colisão Traseira;2;;1;;;;;;;;4;;;;
30/07/2010;11:11:00;47;com vítima;659;BR-116/BA;Sul;Queda de Moto;;;;1;;;;;;;0;1;;;
30/07/2010;18:50:00;114;sem vítima;804;BR-116/BA;Norte;Colisão Traseira;1;;1;;;;;;;;4;;;;
30/07/2010;15:24:00;81;com vítima;529;BR-324/BA;Oeste;Engavetamento;11;;1;;;;;;;;20;1;;;
30/07/2010;13:14:00;61;com vítima;544;BR-324/BA;Leste;Capotamento;1;;;;;;;;;;2;1;;;
30/07/2010;05:33:00;13;sem vítima;588;BR-324/BA;Leste;Tombamento;;;1;;;;;;;;2;;;;
30/07/2010;17:27:00;92;sem vítima;614;BR-324/BA;Leste;Colisão Traseira;2;;;;;;;;;;2;;;;
30/07/2010;19:23:00;106;com vítima;619;BR-324/BA;Leste;Queda de Moto;;;;1;;;;;;;0;1;;;
31/07/2010;09:01:00;34;com vítima;756;BR-116/BA;Sul;Atropelamento de Pedestre;;;1;;;;;;;;1;;;;1
31/07/2010;06:19:00;14;com vítima;785,5999755859375;BR-116/BA;Norte;Colisão Frontal;2;;;;;;;;;;0;;;1;6
31/07/2010;10:40:00;44;sem vítima;786;BR-116/BA;Norte;Colisão Lateral;1;;2;;;;;;;;3;;;;
31/07/2010;19:57:00;101;com vítima;537;BR-324/BA;Oeste;Capotamento;1;;;;;;;;;;0;;;1;
31/07/2010;21:28:00;117;com vítima;575;BR-324/BA;Leste;Choque - Veiculo parado na pista;2;;;;;;;;;;2;1;;;
31/07/2010;09:26:00;36;sem vítima;595,5;BR-324/BA;Oeste;Colisão Traseira;1;;1;;;;;;;;2;;;;
31/07/2010;10:55:00;45;com vítima;612;BR-324/BA;Oeste;Capotamento;1;;;;;;;;;;0;1;;;
31/07/2010;10:21:00;42;com vítima;615;BR-324/BA;Oeste;Atropelamento de Pedestre;2;;;;;;;;;;2;1;;;
31/07/2010;13:40:00;63;com vítima;622;BR-324/BA;Oeste;Capotamento;1;;;;;;;;;;0;1;;;
31/07/2010;21:20:00;130;sem vítima;622;BR-324/BA;Leste;Queda de Moto;1;;;1;;;;;;1;3;;;;
31/07/2010;07:27:00;23;com vítima;623;BR-324/BA;Oeste;Capotamento;1;;;;;;;;;;0;1;;;
01/08/2010;23:11:00;108;sem vítima;543;BR-116/BA;Norte;Saida de Pista;1;;;;;;;;;;1;;;;
01/08/2010;17:10:00;85;sem vítima;594;BR-116/BA;Norte;Saida de Pista;;;1;;;;;;;;2;;;;
01/08/2010;05:39:00;25;sem vítima;829;BR-116/BA;Sul;Saida de Pista;1;;;;;;;;;;1;;;;
01/08/2010;08:52:00;45;sem vítima;528;BR-324/BA;Oeste;Choque Contra Objeto Fixo;1;;;;;;;;;;1;;;;
01/08/2010;21:34:00;103;sem vítima;537;BR-324/BA;Oeste;Capotamento;;;;;;;;;;1;1;;;;
01/08/2010;21:26:00;102;sem vítima;592;BR-324/BA;Oeste;;;;;1;;;;;;;1;;;;
01/08/2010;22:00:00;105;com vítima;597;BR-324/BA;Leste;Queda de Moto;;;;1;;;;;;;0;1;;;
01/08/2010;22:33:00;107;com vítima;609,400024414062;BR-324/BA;Oeste;Saida de Pista;1;;;;;;;;;;0;1;;;
02/08/2010;11:32:00;64;com vítima;708;BR-116/BA;Sul;Saida de Pista;;;1;;;;;;;;0;1;;;
02/08/2010;05:42:00;16;com vítima;713;BR-116/BA;Sul;Colisão Frontal;;;2;;;;;;;;1;1;;;
02/08/2010;11:57:00;60;sem vítima;546;BR-324/BA;Oeste;;;;;1;;;;;;;1;;;;
02/08/2010;15:30:00;81;sem vítima;577;BR-324/BA;Oeste;Capotamento;1;;;;;;;;;;1;;;;
02/08/2010;09:28:00;43;sem vítima;618;BR-324/BA;Leste;Colisão Traseira;1;;;;1;;;;;;5;;;;
02/08/2010;13:18:00;66;sem vítima;619;BR-324/BA;Leste;Colisão Lateral;1;;1;;;;;;;;2;;;;
03/08/2010;16:30:00;103;sem vítima;547;BR-324/BA;Oeste;Colisão Traseira;1;;1;;;;;;;;2;;;;
03/08/2010;23:11:00;145;sem vítima;566;BR-324/BA;Oeste;Saida de Pista;1;;;;;;;;;;1;;;;
03/08/2010;07:36:00;33;sem vítima;584;BR-324/BA;Leste;Colisão Traseira;2;;;;;;;;;;3;;;;
03/08/2010;09:34:00;52;sem vítima;609;BR-324/BA;Oeste;Capotamento;1;;;;;;;;;;2;;;;
03/08/2010;17:28:00;112;sem vítima;616;BR-324/BA;Oeste;;;;;1;;;;;;;1;;;;
04/08/2010;13:23:00;75;com vítima;434;BR-116/BA;Sul;Atropelamento de Pedestre;;;;;;2;;;;;1;1;;;
04/08/2010;19:30:00;120;com vítima;482;BR-116/BA;Sul;Engavetamento;;;2;;1;;;;;;17;3;;;
04/08/2010;12:11:00;65;sem vítima;648;BR-116/BA;Sul;Saida de Pista;;;1;;;;;;;;1;;;;
04/08/2010;15:58:00;96;sem vítima;820;BR-116/BA;Norte;Saida de Pista;1;;;;;;;;;;1;;;;
04/08/2010;06:38:00;20;sem vítima;831;BR-116/BA;Sul;Colisão Traseira;;;2;;;;;;;;2;;;;
04/08/2010;20:54:00;130;com vítima;522;BR-324/BA;Oeste;Colisão Traseira;;;2;;;;;;;;1;;;1;
04/08/2010;10:00:00;53;sem vítima;611;BR-324/BA;Oeste;Colisão Traseira;3;;;;;1;;;;;5;;;;
05/08/2010;09:20:00;42;sem vítima;484;BR-116/BA;Norte;Colisão Traseira;1;;1;;;;;;;;5;;;;
05/08/2010;11:26:00;67;com vítima;875;BR-116/BA;Norte;Colisão Traseira;;;2;;;;;;;;1;1;;;
05/08/2010;13:07:00;80;com vítima;875,5;BR-116/BA;Norte;Colisão Traseira;2;;;;;;;;;;1;1;;;
05/08/2010;17:27:00;101;sem vítima;521;BR-324/BA;Oeste;Colisão Traseira;1;;;;;;;;;1;2;;;;
05/08/2010;00:28:00;4;sem vítima;546;BR-324/BA;Oeste;Colisão Traseira;;;2;;;;;;;;2;;;;
05/08/2010;07:55:00;35;sem vítima;553;BR-324/BA;Leste;Colisão Lateral;;;2;;;;;;;;2;;;;
05/08/2010;10:00:00;68;sem vítima;563;BR-324/BA;Oeste;Colisão Traseira;2;;;;;;;;;;2;;;;
05/08/2010;18:18:00;111;com vítima;596;BR-324/BA;Oeste;Colisão Lateral;;;2;;;;;;;;1;1;;;