data;horario;n_da_ocorrencia;tipo_de_ocorrencia;km;trecho;sentido;tipo_de_acidente;automovel;bicicleta;caminhao;moto;onibus;outros;tracao_animal;transporte_de_cargas_especiais;trator_maquinas;utilitarios;ilesos;levemente_feridos;moderadamente_feridos;gravemente_feridos;mortos
20/09/2010;08:43:00;50;sem vítima;607;BR-324/BA;Oeste;Colisão Traseira;1;;1;;;;;;;;2;;;;
20/09/2010;22:03:00;148;com vítima;617;BR-324/BA;Oeste;Colisão Frontal;1;;;;1;;;;;;1;1;;;
20/09/2010;07:59:00;44;sem vítima;620;BR-324/BA;Leste;Colisão Traseira;2;;;;;1;;;;;3;;;;
21/09/2010;06:43:00;19;sem vítima;602;BR-116/BA;Norte;Capotamento;1;;;;;;;;;;1;;;;
21/09/2010;09:12:00;34;com vítima;696;BR-116/BA;Norte;Saida de Pista;1;;;;;;;;;;0;2;;;
21/09/2010;12:06:00;50;sem vítima;803;BR-116/BA;Norte;Colisão Lateral;;;1;;1;;;;;;23;;;;
21/09/2010;18:01:00;105;com vítima;525;BR-324/BA;Leste;Colisão Transversal;2;;;;;;;;;;0;1;1;;2
21/09/2010;14:55:00;71;sem vítima;550;BR-324/BA;Leste;Colisão Traseira;;;2;;;;;;;;4;;;;
21/09/2010;08:52:00;30;sem vítima;587;BR-324/BA;Leste;Colisão Lateral;2;;;;;;;;;;2;;;;
22/09/2010;11:39:00;68;sem vítima;671;BR-116/BA;Norte;Engavetamento;1;;1;;1;;;;;;15;;;;
22/09/2010;12:45:00;77;sem vítima;759;BR-116/BA;Norte;Saida de Pista;;;;;1;;;;;;12;;;;
22/09/2010;04:51:00;12;com vítima;537;BR-324/BA;Leste;Capotamento;1;;;;;;;;;;0;;;;1
22/09/2010;22:46:00;139;sem vítima;609;BR-324/BA;Leste;Capotamento;1;;;;;1;;;;;2;;;;
23/09/2010;13:04:00;79;sem vítima;8;BR-116/BA - ContSuFS;;Colisão Traseira;;;1;;;1;;;;;2;;;;
23/09/2010;15:55:00;102;com vítima;530;BR-324/BA;Leste;Colisão Traseira;;;;;1;;;;;1;6;1;;;
23/09/2010;04:53:00;11;com vítima;586;BR-324/BA;Oeste;Colisão Traseira;;;1;;1;;;;;;1;1;;;
23/09/2010;15:37:00;101;sem vítima;615;BR-324/BA;Leste;Colisão Traseira;1;;;;1;;;;;;3;;;;
23/09/2010;08:48:00;44;sem vítima;622;BR-324/BA;Leste;Colisão Traseira;2;;;;;;;;;;2;;;;
23/09/2010;16:11:00;104;com vítima;622;BR-324/BA;Leste;Queda de Moto;;;;1;;;;;;;0;1;;;
24/09/2010;19:49:00;135;com vítima;1;BR-116/BA - ContSuFS;;Colisão Lateral;1;;;1;;;;;;;1;1;;;
24/09/2010;10:41:00;57;com vítima;479;BR-116/BA;Sul;Colisão Lateral;;;3;;;;;;;;2;1;;;
24/09/2010;16:19:00;103;com vítima;483;BR-116/BA;Sul;Colisão Traseira;;;3;;;;;;;;2;;;;1
24/09/2010;12:19:00;72;sem vítima;522;BR-324/BA;Leste;Colisão Traseira;2;;;;;;;;;;2;;;;
24/09/2010;19:52:00;137;sem vítima;522;BR-324/BA;Oeste;Saida de Pista;1;;;;;;;;;;1;;;;
24/09/2010;15:09:00;88;sem vítima;546;BR-324/BA;Oeste;Colisão Traseira;;;1;;;;;;;1;2;;;;
24/09/2010;07:17:00;28;com vítima;558;BR-324/BA;Oeste;Queda de Moto;;;;1;;;;;;;0;;1;;
24/09/2010;12:50:00;74;com vítima;582;BR-324/BA;Oeste;Capotamento;1;;;;;;;;;;1;1;;;
24/09/2010;17:18:00;110;sem vítima;595;BR-324/BA;Leste;Colisão Traseira;2;;;;;;;;;;2;;;;
24/09/2010;21:00:00;161;com vítima;609;BR-324/BA;Leste;Atropelamento de Pedestre;;;;;;1;;;;;1;;;;1
24/09/2010;06:46:00;25;sem vítima;612;BR-324/BA;Oeste;Colisão Traseira;1;;;;;;;;;1;2;;;;
24/09/2010;16:42:00;105;sem vítima;619;BR-324/BA;Leste;Queda de Moto;;;;1;;;;;;;1;;;;
24/09/2010;16:29:00;152;com vítima;621;BR-324/BA;Leste;Atropelamento de Pedestre;;;;1;;;;;;;1;1;;;
25/09/2010;16:29:00;103;sem vítima;19;BR-116/BA - Cont VC;;Colisão Lateral;1;;1;;;;;;;;2;;;;
25/09/2010;08:26:00;37;com vítima;490;BR-116/BA;Sul;Atropelamento - Ciclista;;1;1;;;;;;;;1;;;1;1
25/09/2010;05:59:00;15;sem vítima;593;BR-116/BA;Norte;Colisão Lateral;;;2;;;;;;;1;3;;;;
25/09/2010;17:24:00;114;sem vítima;674;BR-116/BA;Norte;Saida de Pista;1;;;;;1;;;;;5;;;;
25/09/2010;23:11:00;157;com vítima;734,4000244140625;BR-116/BA;Sul;Colisão Transversal;;;2;;;;;;;;1;1;;;
25/09/2010;17:07:00;110;com vítima;900;BR-116/BA;Sul;Colisão Traseira;;;1;;1;;;;;;1;1;;;
25/09/2010;08:12:00;33;sem vítima;932,5;BR-116/BA;Sul;Colisão Traseira;;;2;;;;;;;;2;;;;
25/09/2010;08:13:00;34;sem vítima;518;BR-324/BA;Oeste;Colisão Traseira;;;1;;;1;;;;;2;;;;
25/09/2010;13:50:00;83;sem vítima;534;BR-324/BA;Oeste;Colisão Traseira;2;;;;;;;;;;2;;;;
25/09/2010;14:22:00;88;sem vítima;548;BR-324/BA;Oeste;Engavetamento;4;;1;;;;;;;;5;;;;
25/09/2010;12:15:00;73;sem vítima;607;BR-324/BA;Leste;Colisão Traseira;2;;;;;;;;;;2;;;;
25/09/2010;06:21:00;19;com vítima;619;BR-324/BA;Oeste;Colisão Frontal;1;;;1;;;;;;;1;;1;;
25/09/2010;18:57:00;125;sem vítima;626;BR-324/BA;Leste;Engavetamento;4;;;;;;;;;;4;;;;
26/09/2010;02:43:00;11;com vítima;6;BR-116/BA - ContSuFS;;Atropelamento de Animal;2;;;;;;;;;;1;1;;;
26/09/2010;06:31:00;22;com vítima;544,2000122070312;BR-116/BA;Sul;Colisão Traseira;;;1;;;1;;;;;1;1;;;
26/09/2010;07:18:00;30;com vítima;548;BR-116/BA;Norte;Tombamento;;;1;;;;;;;;0;2;;;
26/09/2010;12:28:00;79;sem vítima;548,5;BR-116/BA;Norte;Colisão Lateral;1;;;;;;;;;;1;;;;
26/09/2010;16:03:00;111;com vítima;643,4000244140625;BR-116/BA;Norte;Tombamento;;;1;;;;;;;;1;1;;;
26/09/2010;13:19:00;86;sem vítima;527;BR-324/BA;Oeste;Colisão Traseira;1;;1;;;;;;;;2;;;;
26/09/2010;19:17:00;138;sem vítima;548;BR-324/BA;Oeste;Colisão Lateral;2;;;;;;;;;;2;;;;
26/09/2010;18:10:00;129;sem vítima;575;BR-324/BA;Oeste;Saida de Pista;;;1;;;;;;;;1;;;;
26/09/2010;07:22:00;31;sem vítima;587;BR-324/BA;Leste;Saida de Pista;1;;;;;;;;;;3;;;;
27/09/2010;00:35:00;32;com vítima;539,5;BR-116/BA;Sul;Colisão Traseira;1;;;;;1;;;;;1;;1;;
27/09/2010;00:00:00;1;com vítima;540;BR-116/BA;Sul;Colisão Frontal;;;2;;;;;;;;0;;1;1;1
27/09/2010;14:05:00;83;sem vítima;555,7999877929688;BR-116/BA;Sul;Saida de Pista;;;1;;;;;;;;1;;;;
27/09/2010;16:24:00;103;com vítima;573;BR-116/BA;Sul;Colisão Lateral;;;1;;;1;;;;;3;1;;;
27/09/2010;06:38:00;33;com vítima;679;BR-116/BA;Norte;Colisão Traseira;;;;1;;1;;;;;1;;;;1
28/09/2010;14:03:00;100;sem vítima;446;BR-116/BA;Sul;Engavetamento;1;;;;;1;;;;1;3;;;;
28/09/2010;09:04:00;51;com vítima;691;BR-116/BA;Sul;Engavetamento;1;;2;;;1;;;;;3;1;;;
28/09/2010;18:22:00;140;com vítima;542;BR-324/BA;Leste;Atropelamento de Pedestre;;;1;;;1;;;;;1;1;;;
28/09/2010;10:09:00;63;sem vítima;608;BR-324/BA;Leste;Tombamento;;;1;;;;;;;;1;;;;
29/09/2010;09:21:00;60;sem vítima;494,5;BR-116/BA;Norte;Colisão Traseira;1;;1;;;;;;;;2;;;;
29/09/2010;11:04:00;70;sem vítima;615;BR-324/BA;Oeste;Colisão Traseira;;;1;;;;;;;1;2;;;;
29/09/2010;07:53:00;45;com vítima;621,7000122070312;BR-324/BA;Leste;Colisão Traseira;1;;;1;;;;;;;1;1;;;
29/09/2010;09:11:00;58;com vítima;622,5;BR-324/BA;Leste;Engavetamento;3;;;;;2;;;;;4;1;;;
30/09/2010;16:25:00;121;sem vítima;642;BR-116/BA;Norte;Tombamento;;;1;;;;;;;;1;;;;
30/09/2010;14:38:00;106;sem vítima;796;BR-116/BA;Sul;Saida de Pista;;;1;;;;;;;;1;;;;
30/09/2010;17:45:00;129;sem vítima;851;BR-116/BA;Sul;Colisão Lateral;;;1;;;;;;;1;16;;;;
30/09/2010;19:00:00;137;com vítima;523;BR-324/BA;Oeste;Queda de Moto;;;;1;;;;;;;0;1;;;
30/09/2010;13:26:00;99;sem vítima;589,2000122070312;BR-324/BA;Leste;Capotamento;1;;;;;;;;;;1;;;;
30/09/2010;12:14:00;84;sem vítima;622,5;BR-324/BA;Oeste;Colisão Lateral;1;;;;1;;;;;;2;;;;
01/10/2010;11:21:00;65;com vítima;5,800000190734863;BR-116/BA - ContSuFS;;Colisão Frontal;2;;;;;;;;;;1;1;;;
01/10/2010;23:25:00;172;sem vítima;6;BR-116/BA - ContSuFS;;Saida de Pista;1;;;;;;;;;;1;;;;
01/10/2010;21:53:00;163;com vítima;456;BR-116/BA;Norte;Colisão Frontal;1;;;1;;;;;;;0;2;;;
01/10/2010;14:25:00;93;com vítima;547;BR-116/BA;Sul;Atropelamento - Morador;;;1;;;;;;;;1;1;;;
01/10/2010;19:02:00;145;com vítima;525,5999755859375;BR-324/BA;Leste;Atropelamento de Pedestre;;;1;;;1;;;;;1;;;;1
01/10/2010;20:17:00;150;sem vítima;525,7000122070312;BR-324/BA;Leste;Colisão Lateral;2;;;;;;;;;;2;;;;
01/10/2010;23:06:00;171;com vítima;535;BR-324/BA;Leste;Atropelamento - Ciclista;1;;;;;1;;;;;1;;;;1
01/10/2010;15:36:00;105;sem vítima;546;BR-324/BA;Leste;Engavetamento;3;;;;;;;;;;3;;;;
01/10/2010;17:06:00;153;sem vítima;546,5;BR-324/BA;Leste;Engavetamento;3;;;;;;;;;;3;;;;
01/10/2010;14:29:00;96;sem vítima;547;BR-324/BA;Leste;Colisão Traseira;1;;1;;;;;;;;2;;;;
01/10/2010;08:15:00;44;sem vítima;576;BR-324/BA;Leste;Capotamento;;;1;;;;;;;;1;;;;
01/10/2010;08:32:00;47;sem vítima;576;BR-324/BA;Oeste;;;;1;;;;;;;;1;;;;
01/10/2010;19:27:00;147;sem vítima;618;BR-324/BA;Oeste;Engavetamento;3;;;;;;;;;;3;;;;
01/10/2010;20:46:00;158;com vítima;619;BR-324/BA;Oeste;Atropelamento de Pedestre;;;;;;2;;;;;1;;;;1
02/10/2010;18:40:00;151;com vítima;13;BR-116/BA - Cont VC;;Atropelamento - Ciclista;;1;;1;;;;;;;1;;;1;
02/10/2010;11:15:00;80;sem vítima;16;BR-116/BA - Cont VC;;Colisão Lateral;1;;1;;;;;;;;4;;;;
02/10/2010;18:27:00;150;com vítima;469;BR-116/BA;Norte;Queda de Moto;;;;1;;1;;;;;1;1;;;
02/10/2010;20:45:00;166;sem vítima;507;BR-116/BA;Norte;Colisão Traseira;;;2;;;;;;;;2;;;;
02/10/2010;19:51:00;158;com vítima;705;BR-116/BA;Norte;Colisão Lateral;1;;1;;;;;;;;3;2;;;
02/10/2010;10:50:00;75;com vítima;718;BR-116/BA;Norte;Capotamento;1;;;;;;;;;;1;1;;;
02/10/2010;13:43:00;100;sem vítima;817,5999755859375;BR-116/BA;Norte;Colisão Traseira;1;;;;;;;;;1;7;;;;
02/10/2010;07:33:00;29;com vítima;522;BR-324/BA;Oeste;Atropelamento - Ciclista;1;;;;;;;;;;1;1;;;
02/10/2010;20:44:00;165;sem vítima;560;BR-324/BA;Oeste;Colisão Lateral;2;;;;;;;;;;2;;;;
02/10/2010;15:43:00;123;com vítima;562;BR-324/BA;Leste;Capotamento;1;;;;;;;;;;3;2;;;
02/10/2010;19:53:00;160;sem vítima;578;BR-324/BA;Leste;Capotamento;1;;;;;;;;;;1;;;;
02/10/2010;05:55:00;24;com vítima;625;BR-324/BA;Leste;Atropelamento de Pedestre;1;;;;;;;;;;1;1;;;
03/10/2010;07:25:00;42;sem vítima;549;BR-116/BA;Sul;Tombamento;;;1;;;;;;;;1;;;;
03/10/2010;18:51:00;134;sem vítima;675;BR-116/BA;Sul;Saida de Pista;;;1;;;;;;;;1;;;;
03/10/2010;04:08:00;24;sem vítima;845;BR-116/BA;Norte;Saida de Pista;;;1;;;;;;;;1;;;;
03/10/2010;19:34:00;139;com vítima;543;BR-324/BA;Oeste;Colisão Traseira;1;;;;;1;;;;;1;2;;;
03/10/2010;21:42:00;150;sem vítima;546;BR-324/BA;Oeste;Colisão Traseira;1;;;;;1;;;;;2;;;;
03/10/2010;06:32:00;30;sem vítima;579;BR-324/BA;Oeste;;1;;;;;;;;;;1;;;;
03/10/2010;18:27:00;133;sem vítima;604,9000244140625;BR-324/BA;Oeste;Colisão Traseira;1;;;;;;;;;1;2;;;;
03/10/2010;14:45:00;100;sem vítima;618;BR-324/BA;Leste;Saida de Pista;1;;;;;;;;;;1;;;;
03/10/2010;23:07:00;158;sem vítima;625;BR-324/BA;Leste;Capotamento;1;;;;;;;;;;1;;;;
04/10/2010;14:49:00;107;com vítima;654;BR-116/BA;Norte;Objeto lançado contra veículo;1;;;;;;;;;;1;1;;;
04/10/2010;19:47:00;140;sem vítima;669;BR-116/BA;Sul;Colisão Traseira;;;2;;;;;;;;2;;;;
04/10/2010;17:08:00;125;sem vítima;547;BR-324/BA;Leste;Saida de Pista;1;;1;;;;;;;;2;;;;
04/10/2010;06:13:00;19;sem vítima;574,5999755859375;BR-324/BA;Leste;Saida de Pista;1;;;;;;;;;;5;;;;
04/10/2010;11:03:00;71;sem vítima;603;BR-324/BA;Oeste;Colisão Traseira;;;2;;;;;;;;3;;;;
04/10/2010;08:15:00;43;sem vítima;605,4000244140625;BR-324/BA;Leste;Colisão Lateral;2;;;;;;;;;;5;;;;
04/10/2010;08:11:00;42;com vítima;622;BR-324/BA;Leste;Saida de Pista;1;;;;;;;;;;0;1;;;
05/10/2010;17:16:00;141;com vítima;3;BR-116/BA - ContSuFS;;Colisão Lateral;1;;;1;;;;;;;1;1;;;
05/10/2010;20:36:00;163;sem vítima;5;BR-116/BA - ContSuFS;;Saida de Pista;1;;;;;;;;;;1;;;;
05/10/2010;06:57:00;42;com vítima;478;BR-116/BA;Norte;Colisão Traseira;;;2;;;;;;;1;2;1;;;
05/10/2010;05:23:00;34;com vítima;630;BR-116/BA;Sul;Colisão Traseira;;;1;;;1;;;;;1;2;;;
05/10/2010;01:30:00;10;com vítima;639;BR-116/BA;Norte;Colisão Traseira;1;;1;;;;;;;;2;1;;;
05/10/2010;06:48:00;40;com vítima;827;BR-116/BA;Norte;Queda de Moto;;;;1;;;;;;;0;1;;;
05/10/2010;08:44:00;60;sem vítima;575;BR-324/BA;Oeste;Atropelamento de Animal;1;;;;;;1;;;;3;;;;
06/10/2010;16:21:00;107;sem vítima;486,29998779296875;BR-116/BA;Norte;Colisão Traseira;;;2;;;;;;;;2;;;;
06/10/2010;10:30:00;57;com vítima;507;BR-116/BA;Sul;Atropelamento de Pedestre;1;;;;;;;;;;2;;;;1
06/10/2010;04:51:00;8;com vítima;580,2999877929688;BR-116/BA;Sul;Tombamento;;;1;;;;;;;;0;1;;;
06/10/2010;14:09:00;94;sem vítima;810;BR-116/BA;Norte;Engavetamento;1;;;;1;1;;;;;7;;;;
06/10/2010;05:50:00;23;com vítima;859;BR-116/BA;Norte;Saida de Pista;;;1;;;;;;;;0;;1;;
06/10/2010;18:14:00;119;sem vítima;535;BR-324/BA;Oeste;Colisão Traseira;2;;;;;;;;;;2;;;;
06/10/2010;18:18:00;121;com vítima;621;BR-324/BA;Oeste;Colisão Frontal;2;;;;;;;;;;0;1;;2;3
06/10/2010;20:32:00;135;sem vítima;624;BR-324/BA;Oeste;Engavetamento;4;;;;;;;;;;4;;;;
07/10/2010;06:37:00;28;com vítima;1;BR-116/BA - ContSuFS;;Atropelamento de Pedestre;;;;;;2;;;;;1;;1;;
07/10/2010;19:39:00;148;sem vítima;585;BR-116/BA;Sul;Tombamento;;;1;;;;;;;;1;;;;
07/10/2010;19:17:00;146;sem vítima;641;BR-116/BA;Norte;Tombamento;;;1;;;;;;;;1;;;;
07/10/2010;15:06:00;107;sem vítima;535;BR-324/BA;Leste;Colisão Traseira;3;;;;;;;;;;7;;;;
07/10/2010;21:07:00;154;sem vítima;554,7999877929688;BR-324/BA;Leste;Capotamento;;;1;;;;;;;;1;;;;
08/10/2010;20:02:00;148;com vítima;7;BR-116/BA - ContSuFS;;Colisão Lateral;;;1;1;;;;;;;1;1;;;
08/10/2010;11:25:00;64;sem vítima;17;BR-116/BA - Cont VC;;Colisão Lateral;1;;1;;;;;;;;2;;;;
08/10/2010;09:30:00;167;com vítima;471;BR-116/BA;Norte;;;;3;;;;;;;;2;;;1;
08/10/2010;13:15:00;85;sem vítima;553;BR-324/BA;Oeste;Capotamento;1;;;;;;;;;;1;;;;
08/10/2010;14:31:00;94;sem vítima;572;BR-324/BA;Oeste;Saida de Pista;;;1;;;;;;;;1;;;;
08/10/2010;15:10:00;95;com vítima;572,7999877929688;BR-324/BA;Oeste;Engavetamento;1;;2;;;;;;;;2;1;;;
08/10/2010;16:10:00;105;sem vítima;577,7999877929688;BR-324/BA;Oeste;Engavetamento;3;;;;;;;;;;3;;;;
08/10/2010;20:17:00;150;sem vítima;614,5;BR-324/BA;Leste;Choque Contra Objeto Fixo;;;1;;;;;;;;1;;;;
08/10/2010;20:25:00;151;sem vítima;624;BR-324/BA;Leste;Engavetamento;3;;;;;;;;;;3;;;;
09/10/2010;20:54:00;130;com vítima;429;BR-116/BA;Norte;Queda de Moto;;;;1;;;;;;;0;1;;;
09/10/2010;18:21:00;112;com vítima;472;BR-116/BA;Sul;Colisão Frontal;;;1;1;;;;;;;1;;;;1
09/10/2010;21:30:00;151;sem vítima;476;BR-116/BA;Sul;Colisão Lateral;;;;;;1;;;;1;3;;;;
09/10/2010;23:40:00;150;sem vítima;784;BR-116/BA;Sul;Saida de Pista;;;1;;;;;;;;1;;;;
09/10/2010;08:05:00;37;com vítima;859;BR-116/BA;Sul;Colisão Lateral;2;;;;;;;;;;4;1;;;
09/10/2010;20:33:00;127;com vítima;613;BR-324/BA;Oeste;Atropelamento de Pedestre;1;;;;;;;;;;1;1;;;
10/10/2010;12:06:00;81;com vítima;15;BR-116/BA - Cont VC;;Colisão Transversal;;;1;1;;;;;;;1;1;;;1
10/10/2010;15:32:00;99;com vítima;461;BR-116/BA;Norte;Atropelamento de Pedestre;;;;;;1;;;;;1;1;;;
10/10/2010;07:45:00;157;sem vítima;691;BR-116/BA;Sul;Colisão Traseira;;;2;;;;;;;;2;;;;
10/10/2010;06:42:00;37;com vítima;698;BR-116/BA;Sul;Colisão Lateral;;;2;;;;;;;;1;;1;;
10/10/2010;20:29:00;133;com vítima;709;BR-116/BA;Norte;Colisão Lateral;;;1;1;;;;;;;1;1;;;
10/10/2010;16:35:00;107;sem vítima;832;BR-116/BA;Norte;Colisão Transversal;1;;1;;;;;;;;2;;;;
10/10/2010;16:45:00;110;sem vítima;593;BR-324/BA;Leste;Capotamento;1;;;;;;;;;;1;;;;
10/10/2010;16:03:00;104;com vítima;614;BR-324/BA;Leste;Capotamento;1;;;;;;;;;;0;2;;;
10/10/2010;03:07:00;20;com vítima;621;BR-324/BA;Leste;Capotamento;1;;;;;;;;;;0;3;;;
11/10/2010;05:43:00;24;com vítima;460,70001220703125;BR-116/BA;Norte;Colisão Traseira;1;;1;;;;;;;;1;5;;;
11/10/2010;09:00:00;142;sem vítima;505,20001220703125;BR-116/BA;Norte;Colisão Traseira;1;;1;;;;;;;;6;;;;
11/10/2010;18:35:00;101;com vítima;525,2999877929688;BR-116/BA;Sul;Atropelamento - Ciclista;1;1;;;;;;;;;1;;;;1
11/10/2010;23:50:00;139;com vítima;611,2000122070312;BR-324/BA;Leste;Atropelamento de Pedestre;;;;;;;;;;1;0;5;;2;1
11/10/2010;16:46:00;87;com vítima;617,0999755859375;BR-324/BA;Leste;Queda de Moto;;;;1;;;;;;;0;1;;;
12/10/2010;19:25:00;136;com vítima;18,149999618530273;BR-116/BA - Cont VC;;Atropelamento de Animal;;;;1;;;;;;;0;1;;;
12/10/2010;20:32:00;139;com vítima;27,200000762939453;BR-116/BA - Cont VC;;Colisão Transversal;1;;1;;;;;;;;1;1;;;1
12/10/2010;13:39:00;81;sem vítima;876;BR-116/BA;Norte;Capotamento;1;;;;;;;;;;1;;;;
12/10/2010;20:58:00;146;com vítima;556,0999755859375;BR-324/BA;Leste;Saida de Pista;1;;;;;;;;;;1;1;;;
12/10/2010;19:58:00;135;com vítima;576,7000122070312;BR-324/BA;Leste;Capotamento;1;;;;;;;;;;0;1;;1;
12/10/2010;01:58:00;9;com vítima;616,2999877929688;BR-324/BA;Oeste;Queda de Moto;;;;1;;;;;;;0;1;;;
13/10/2010;23:37:00;148;sem vítima;579,0050048828125;BR-116/BA;Sul;Tombamento;;;1;;;;;;;;1;;;;
13/10/2010;06:16:00;33;sem vítima;640;BR-116/BA;Norte;Tombamento;;;1;;;;;;;;1;;;;
13/10/2010;16:52:00;102;com vítima;817;BR-116/BA;Sul;Capotamento;1;;;;;;;;;;0;1;;;
13/10/2010;18:42:00;120;sem vítima;550;BR-324/BA;Oeste;Colisão Traseira;2;;;;;;;;;;6;;;;
13/10/2010;19:30:00;127;sem vítima;616,7999877929688;BR-324/BA;Oeste;Colisão Lateral;1;;1;;;;;;;;2;;;;
13/10/2010;18:01:00;114;com vítima;617,0999755859375;BR-324/BA;Oeste;Engavetamento;5;;1;;;;;;;1;8;1;;;
14/10/2010;05:21:00;30;sem vítima;910;BR-116/BA;Norte;Colisão Traseira;2;;;;;;;;;;10;;;;
15/10/2010;19:27:00;122;sem vítima;456,3999938964844;BR-116/BA;Sul;Engavetamento;;;4;;;;;;;;6;;;;
15/10/2010;06:54:00;21;sem vítima;551;BR-116/BA;Norte;Saida de Pista;1;;;;;;;;;;2;;;;
15/10/2010;04:43:00;16;com vítima;811;BR-116/BA;Sul;Colisão Transversal;1;;1;;;;;;;;1;1;;;1
15/10/2010;18:11:00;112;sem vítima;521;BR-324/BA;Oeste;Colisão Traseira;;;2;;;;;;;;2;;;;
15/10/2010;18:33:00;114;com vítima;522,5;BR-324/BA;Oeste;Colisão Traseira;1;;;1;;;;;;;1;1;;;
15/10/2010;18:44:00;116;sem vítima;523;BR-324/BA;Leste;Colisão Lateral;1;;;;;;;;;;1;;;;
15/10/2010;16:11:00;94;com vítima;560;BR-324/BA;Oeste;Colisão Lateral;1;;;1;;;;;;;3;;1;;
15/10/2010;17:22:00;104;sem vítima;607,7000122070312;BR-324/BA;Leste;Engavetamento;4;;;;;;;;;;10;;;;
15/10/2010;12:12:00;62;sem vítima;615;BR-324/BA;Leste;Engavetamento;2;;1;;;;;;;;7;;;;
15/10/2010;18:55:00;117;sem vítima;617,2000122070312;BR-324/BA;Oeste;Engavetamento;3;;;;;;;;;;3;;;;
15/10/2010;18:04:00;110;sem vítima;625,5;BR-324/BA;Leste;Capotamento;1;;;;;;;;;;1;;;;
16/10/2010;10:56:00;75;com vítima;15,550000190734863;BR-116/BA - Cont VC;;Saida de Pista;;;1;;;;;;;;0;1;;;1
16/10/2010;22:14:00;183;sem vítima;758;BR-116/BA;Norte;Colisão Lateral;1;;;1;;;;;;;3;;;;
17/10/2010;10:34:00;56;sem vítima;447,8999938964844;BR-116/BA;Norte;Colisão Frontal;1;;1;;;;;;;;3;;;;
17/10/2010;16:34:00;86;sem vítima;525;BR-116/BA;Norte;Colisão Frontal;1;;1;;;;;;;;2;;;;
17/10/2010;15:14:00;82;sem vítima;556;BR-116/BA;Sul;Colisão Lateral;;;2;;;;;;;;2;;;;
17/10/2010;17:27:00;101;sem vítima;566;BR-116/BA;Sul;Colisão Traseira;1;;1;;;;;;;;2;;;;
17/10/2010;09:15:00;48;sem vítima;583;BR-116/BA;Sul;Saida de Pista;;;1;;;;;;;;1;;;;
17/10/2010;09:42:00;52;sem vítima;892,2000122070312;BR-116/BA;Sul;Colisão Traseira;;;2;;;;;;;;4;;;;
17/10/2010;10:52:00;58;com vítima;927;BR-116/BA;Sul;Colisão Frontal;1;;3;;;;;;;;3;3;1;1;
17/10/2010;18:35:00;108;com vítima;530;BR-324/BA;Leste;Queda de Moto;;;;1;;;;;;;0;1;1;;
17/10/2010;17:19:00;97;sem vítima;621;BR-324/BA;Leste;Colisão Lateral;1;;;;1;1;;;;;3;;;;
18/10/2010;14:50:00;87;sem vítima;6;BR-116/BA - ContSuFS;;Colisão Frontal;1;;1;;;;;;;;2;;;;
18/10/2010;17:32:00;106;com vítima;18;BR-116/BA - Cont VC;;Saida de Pista;;;;;;;;;;1;0;1;;;
18/10/2010;23:22:00;130;com vítima;621,5;BR-116/BA;Sul;Tombamento;;;1;;;;;;;;0;1;;;
18/10/2010;16:05:00;99;sem vítima;628;BR-116/BA;Sul;Colisão Traseira;;;2;;;;;;;;3;;;;
18/10/2010;12:47:00;79;sem vítima;550,7999877929688;BR-324/BA;Oeste;Saida de Pista;1;;;;;;;;;;3;;;;
18/10/2010;19:12:00;115;sem vítima;609,5;BR-324/BA;Oeste;Colisão Lateral;1;;;;;1;;;;;2;;;;
18/10/2010;21:24:00;124;com vítima;620,2999877929688;BR-324/BA;Oeste;Colisão Traseira;;;;1;;1;;;;;1;1;;;
19/10/2010;08:10:00;45;com vítima;521,2000122070312;BR-324/BA;Leste;Queda de Moto;;;;1;;;;;;;1;1;;;
19/10/2010;10:41:00;62;sem vítima;543,0999755859375;BR-324/BA;Oeste;Colisão Lateral;;;;1;;;;;;1;2;;;;
19/10/2010;08:46:00;51;com vítima;558,7999877929688;BR-324/BA;Oeste;Capotamento;1;;;;;;;;;;0;3;;;
19/10/2010;15:38:00;113;com vítima;617,9000244140625;BR-324/BA;Oeste;Atropelamento - Funcionário;1;;;;;1;;;;;2;;;;1
20/10/2010;15:43:00;97;sem vítima;477;BR-116/BA;Norte;Colisão Lateral;;;1;;;1;;;;;2;;;;
20/10/2010;08:47:00;37;sem vítima;513,4000244140625;BR-116/BA;Norte;Saida de Pista;;;1;;;;;;;;1;;;;
20/10/2010;02:15:00;9;sem vítima;528,2000122070312;BR-116/BA;Norte;Saida de Pista;;;1;;;;;;;;1;;;;
20/10/2010;10:54:00;53;sem vítima;530;BR-324/BA;Oeste;Saida de Pista;1;;;;;;;;;;2;;;;
20/10/2010;12:56:00;72;sem vítima;575;BR-324/BA;Leste;Saida de Pista;1;;;;;1;;;;;2;;;;
20/10/2010;09:23:00;43;sem vítima;625,2999877929688;BR-324/BA;Leste;Capotamento;1;;;;;;;;;;1;;;;
21/10/2010;19:15:00;119;sem vítima;445;BR-116/BA;Norte;Colisão Traseira;;;1;;;;;;;1;2;;;;