data;horario;n_da_ocorrencia;tipo_de_ocorrencia;km;trecho;sentido;tipo_de_acidente;automovel;bicicleta;caminhao;moto;onibus;outros;tracao_animal;transporte_de_cargas_especiais;trator_maquinas;utilitarios;ilesos;levemente_feridos;moderadamente_feridos;gravemente_feridos;mortos
18/11/2010;21:00:00;144;com vítima;7;BR-116/BA - ContSuFS;;Queda de Moto;;;;1;;;;;;;0;1;1;;
18/11/2010;05:41:00;24;com vítima;474,70001220703125;BR-116/BA;Sul;Saida de Pista;;;1;;;;;;;;1;;1;;
18/11/2010;21:57:00;150;com vítima;712,0999755859375;BR-116/BA;Sul;Tombamento;;;1;;;;;;;;0;1;;;
18/11/2010;06:35:00;31;sem vítima;907,7999877929688;BR-116/BA;Sul;Colisão Lateral;1;;;;;1;;;;;2;;;;
18/11/2010;06:09:00;26;sem vítima;551,2000122070312;BR-324/BA;Leste;Queda de Moto;;;;1;;;;;;;1;;;;
18/11/2010;13:53:00;81;sem vítima;579,7999877929688;BR-324/BA;Leste;Colisão Traseira;1;;;;;1;;;;;2;;;;
18/11/2010;18:12:00;118;com vítima;613,5;BR-324/BA;Leste;Atropelamento de Pedestre;;;;1;;;;;;;0;1;1;1;
19/11/2010;08:46:00;42;sem vítima;499,8999938964844;BR-116/BA;Sul;Colisão Lateral;;;2;;;;;;;;2;;;;
19/11/2010;22:10:00;146;com vítima;567,0999755859375;BR-116/BA;Sul;Colisão Lateral;;;2;;;;;;;;1;2;;;
19/11/2010;15:56:00;157;com vítima;581,5;BR-116/BA;Norte;Atropelamento - Ciclista;;1;;;;1;;;;;1;;1;;
19/11/2010;06:13:00;25;sem vítima;737,2000122070312;BR-116/BA;Norte;Colisão Lateral;1;;1;;;;;;;;2;;;;
19/11/2010;18:07:00;113;sem vítima;773,7999877929688;BR-116/BA;Norte;Colisão Traseira;2;;1;;;;;;;;7;;;;
19/11/2010;18:10:00;110;sem vítima;519;BR-324/BA;Oeste;Engavetamento;3;;;;;;;;;;5;;;;
19/11/2010;02:20:00;17;com vítima;567;BR-324/BA;Oeste;Tombamento;;;;;;;;;;1;1;1;;;
19/11/2010;16:31:00;93;sem vítima;574,7999877929688;BR-324/BA;Leste;Colisão Lateral;1;;1;;;;;;;;2;;;;
19/11/2010;03:37:00;20;sem vítima;617;BR-324/BA;Oeste;Colisão Traseira;1;;1;;;;;;;;2;;;;
19/11/2010;02:59:00;18;sem vítima;620,9000244140625;BR-324/BA;Oeste;Saida de Pista;;;;;;;;;;1;5;;;;
20/11/2010;21:04:00;148;sem vítima;16;BR-116/BA - Cont VC;;Colisão Lateral;1;;1;;;;;;;;2;;;;
20/11/2010;21:03:00;138;sem vítima;16,600000381469727;BR-116/BA - Cont VC;;Colisão Transversal;1;;1;;;;;;;;2;;;;
20/11/2010;16:48:00;105;com vítima;17,600000381469727;BR-116/BA - Cont VC;;Atropelamento - Ciclista;;1;;1;;;;;;;1;1;;;
20/11/2010;21:59:00;146;sem vítima;456;BR-116/BA;Sul;Colisão Traseira;;;2;;;;;;;;2;;;;
20/11/2010;07:38:00;30;com vítima;460,70001220703125;BR-116/BA;Sul;Atropelamento de Pedestre;1;;;;;;;;;;1;1;;;
20/11/2010;09:28:00;43;sem vítima;492,29998779296875;BR-116/BA;Norte;Colisão Traseira;;;2;;;;;;;;2;;;;
20/11/2010;09:00:00;48;com vítima;754;BR-116/BA;Sul;Colisão Traseira;;;2;;;;;;;;1;1;;;
20/11/2010;04:56:00;11;com vítima;520;BR-324/BA;Oeste;Atropelamento de Pedestre;;;;;;;;;;1;1;;;;1
20/11/2010;14:08:00;91;com vítima;570,2000122070312;BR-324/BA;Oeste;Capotamento;1;;;;;;;;;;0;1;;;
20/11/2010;05:43:00;18;com vítima;608,2000122070312;BR-324/BA;Leste;Colisão Traseira;;;1;1;;;;;;;1;;;1;
20/11/2010;14:02:00;88;sem vítima;618,9000244140625;BR-324/BA;Leste;Saida de Pista;1;;;;;;;;;;1;;;;
21/11/2010;15:39:00;107;com vítima;20,600000381469727;BR-116/BA - Cont VC;;Capotamento;1;;;;;;;;;;1;1;;;
21/11/2010;16:30:00;113;com vítima;426,20001220703125;BR-116/BA;Norte;Choque Contra Objeto Fixo;;;;1;;;;;;;1;;;;1
21/11/2010;17:40:00;130;sem vítima;582,7000122070312;BR-116/BA;Sul;Colisão Traseira;;;2;;;;;;;;2;;;;
21/11/2010;18:37:00;135;com vítima;619,7999877929688;BR-116/BA;Norte;Colisão Traseira;;;1;;;1;;;;;2;1;;;
21/11/2010;03:07:00;16;com vítima;648,4000244140625;BR-116/BA;Sul;Tombamento;;;1;;;;;;;;0;;1;1;
21/11/2010;17:52:00;128;com vítima;525,2999877929688;BR-324/BA;Oeste;Colisão Frontal;2;;;;;;;;;;0;;2;;
21/11/2010;22:39:00;167;com vítima;552;BR-324/BA;Leste;Saida de Pista;;;1;;;;;;;;0;;1;;
21/11/2010;21:42:00;160;sem vítima;580;BR-324/BA;Leste;Colisão Traseira;;;1;;;1;;;;;2;;;;
21/11/2010;14:08:00;98;com vítima;615,2000122070312;BR-324/BA;Oeste;Queda de Moto;;;;1;;;;;;;0;1;1;;
21/11/2010;23:13:00;174;com vítima;622;BR-324/BA;Oeste;Atropelamento de Pedestre;;;;1;;;;;;;0;3;;;
21/11/2010;20:40:00;151;sem vítima;622,7999877929688;BR-324/BA;Leste;Capotamento;1;;;;;;;;;;1;;;;
21/11/2010;10:48:00;60;com vítima;625,0999755859375;BR-324/BA;Leste;Atropelamento de Pedestre;1;;;;;;;;;;2;;;;1
22/11/2010;03:13:00;12;com vítima;478,3999938964844;BR-116/BA;Norte;Colisão Frontal;1;;;;1;;;;;;23;3;;;1
22/11/2010;10:26:00;46;sem vítima;480;BR-116/BA;Norte;Colisão Traseira;1;;;;;1;;;;;2;;;;
22/11/2010;06:58:00;20;sem vítima;592,7999877929688;BR-116/BA;Sul;Tombamento;;;1;;;;;;;;1;;;;
22/11/2010;08:31:00;29;sem vítima;728,7999877929688;BR-116/BA;Sul;Colisão Transversal;;;2;;;;;;;;2;;;;
22/11/2010;13:10:00;68;com vítima;576,7999877929688;BR-324/BA;Oeste;Colisão Lateral;;;2;;;;;;;;1;1;;;
22/11/2010;17:17:00;90;sem vítima;585;BR-324/BA;Oeste;Colisão Traseira;1;;1;;;;;;;;2;;;;
23/11/2010;09:48:00;38;sem vítima;522,9000244140625;BR-324/BA;Leste;Engavetamento;3;;;;;;;;;;4;;;;
23/11/2010;08:33:00;31;sem vítima;523;BR-324/BA;Leste;Saida de Pista;1;;;;;;;;;;2;;;;
23/11/2010;13:45:00;91;com vítima;548,7999877929688;BR-324/BA;Oeste;Colisão Traseira;1;;1;;;;;;;;0;;1;1;
23/11/2010;14:18:00;92;com vítima;599;BR-324/BA;Oeste;Queda de Moto;;;;1;;;;;;;0;2;;;
23/11/2010;07:56:00;26;com vítima;626;BR-324/BA;Oeste;Atropelamento de Pedestre;;;;;;1;;;;;1;1;;;
23/11/2010;12:32:00;68;sem vítima;626;BR-324/BA;Oeste;Colisão Lateral;1;;1;;;;;;;;4;;;;
24/11/2010;15:35:00;98;sem vítima;426,6000061035156;BR-116/BA;Sul;Colisão Transversal;1;;1;;;;;;;;4;;;;
24/11/2010;05:47:00;30;sem vítima;518;BR-116/BA;Norte;Colisão Traseira;1;;1;;;;;;;;3;;;;
24/11/2010;14:15:00;86;sem vítima;659,9000244140625;BR-116/BA;Norte;Tombamento;;;1;;;;;;;;2;;;;
24/11/2010;18:29:00;119;com vítima;674,0999755859375;BR-116/BA;Norte;Colisão Frontal;1;;1;;;;;;;;1;2;;;
24/11/2010;19:02:00;136;com vítima;829,5;BR-116/BA;Sul;Atropelamento de Pedestre;;;;1;;1;;;;;0;1;1;;
24/11/2010;07:57:00;44;sem vítima;526,9000244140625;BR-324/BA;Leste;Colisão Traseira;;;1;;;1;;;;;2;;;;
24/11/2010;09:21:00;57;com vítima;540;BR-324/BA;Leste;Queda de Moto;;;;1;;;;;;;0;1;;;
24/11/2010;19:00:00;134;sem vítima;551;BR-324/BA;Leste;Colisão Lateral;;;1;;;1;;;;;2;;;;
25/11/2010;00:09:00;1;sem vítima;487,70001220703125;BR-116/BA;Norte;Colisão Traseira;;;2;;;;;;;;2;;;;
25/11/2010;10:38:00;63;sem vítima;790,5;BR-116/BA;Sul;Saida de Pista;1;;;;;;;;;;2;;;;
25/11/2010;06:15:00;32;sem vítima;930,2000122070312;BR-116/BA;Norte;Tombamento;;;3;;;1;;;;;5;;;;
25/11/2010;15:03:00;97;com vítima;523;BR-324/BA;Leste;Tombamento;;;1;;;;;;;;0;1;1;;
25/11/2010;06:16:00;29;sem vítima;551;BR-324/BA;Leste;Colisão Lateral;1;;1;;;;;;;;2;;;;
25/11/2010;07:01:00;35;sem vítima;583;BR-324/BA;Oeste;Atropelamento de Animal;;;;;;;;;;1;1;;;;
25/11/2010;14:44:00;94;com vítima;591,2000122070312;BR-324/BA;Oeste;Tombamento;;;1;;;1;;;;;1;1;;;
25/11/2010;14:33:00;93;com vítima;624;BR-324/BA;Oeste;Colisão Lateral;1;;;;;1;;;;;1;;1;;
25/11/2010;00:56:00;3;sem vítima;626,1500244140625;BR-324/BA;Oeste;Choque - Objeto sobre a pista;4;;;;;;;;;;4;;;;
26/11/2010;18:26:00;133;sem vítima;0;BR-116/BA - ContSuFS;;Engavetamento;2;;1;;;;;;;;6;;;;
26/11/2010;16:14:00;106;com vítima;484,5;BR-116/BA;Sul;Atropelamento de Pedestre;;;1;;;1;;;;;1;1;;;
26/11/2010;19:20:00;142;com vítima;664,2999877929688;BR-116/BA;Sul;Saida de Pista;;;2;;;;;;;;1;1;;;
26/11/2010;12:24:00;73;sem vítima;805,5999755859375;BR-116/BA;Sul;Colisão Lateral;1;;1;;;;;;;;5;;;;
26/11/2010;12:31:00;77;sem vítima;519;BR-324/BA;Leste;Colisão Lateral;1;;1;;;;;;;;2;;;;
26/11/2010;18:40:00;137;sem vítima;521,9000244140625;BR-324/BA;Oeste;Engavetamento;3;;;;;;;;;;8;;;;
26/11/2010;18:18:00;130;sem vítima;522;BR-324/BA;Oeste;Engavetamento;3;;;;;;;;;;3;;;;
26/11/2010;13:33:00;81;sem vítima;546,5999755859375;BR-324/BA;Leste;Choque - Defensa, barreira ou "submarino";;;1;;;;;;;;1;;;;
26/11/2010;16:40:00;107;sem vítima;608;BR-324/BA;Leste;Engavetamento;3;;;;;;;;;;9;;;;
26/11/2010;19:05:00;141;sem vítima;609,2999877929688;BR-324/BA;Leste;Colisão Traseira;2;;;;;;;;;;2;;;;
26/11/2010;08:56:00;46;com vítima;617,4000244140625;BR-324/BA;Leste;Atropelamento de Pedestre;1;;;;;;;;;;3;;;;1
27/11/2010;15:15:00;112;com vítima;696,7999877929688;BR-116/BA;Sul;Colisão Lateral;;;2;;;;;;;;1;2;;;
27/11/2010;15:21:00;113;com vítima;845,5999755859375;BR-116/BA;Sul;Capotamento;1;;3;;;;;;;;3;1;;;
27/11/2010;07:33:00;39;com vítima;624,2999877929688;BR-324/BA;Leste;Colisão Traseira;;;1;1;;;;;;;1;1;;;
27/11/2010;08:10:00;50;com vítima;624,2999877929688;BR-324/BA;Leste;Engavetamento;3;;;;;;;;;;2;1;;;
28/11/2010;01:52:00;11;com vítima;585,7999877929688;BR-116/BA;Sul;Colisão Frontal;1;;1;;;;;;;;1;1;;;
28/11/2010;13:44:00;86;com vítima;645,5999755859375;BR-116/BA;Sul;Colisão Traseira;;;1;;;1;;;;;1;1;;;
28/11/2010;21:55:00;172;sem vítima;849,5;BR-116/BA;Sul;Atropelamento de Animal;;;1;;;;;;;;1;;;;
28/11/2010;06:36:00;33;com vítima;913,2999877929688;BR-116/BA;Norte;Colisão Lateral;;;2;;;;;;;;1;1;;;
28/11/2010;15:44:00;101;com vítima;531,5999755859375;BR-324/BA;Leste;Capotamento;1;;;;;;;;;;2;2;;;
28/11/2010;23:36:00;182;com vítima;534,2000122070312;BR-324/BA;Oeste;Queda de Moto;;;;1;;;;;;;1;1;;;
28/11/2010;07:51:00;45;com vítima;538,2000122070312;BR-324/BA;Leste;Queda de Moto;;;;1;;;;;;;0;;;1;
28/11/2010;20:31:00;158;sem vítima;608;BR-324/BA;Leste;Tombamento;;;1;;;;;;;;1;;;;
28/11/2010;22:52:00;177;sem vítima;621,7999877929688;BR-324/BA;Oeste;Saida de Pista;1;;;;;;;;;;1;;;;
28/11/2010;22:26:00;175;sem vítima;626,0999755859375;BR-324/BA;Leste;Choque - Defensa, barreira ou "submarino";1;;;;;;;;;;1;;;;
29/11/2010;18:18:00;121;sem vítima;7,5;BR-116/BA - ContSuFS;;Colisão Lateral;;;;2;;;;;;;2;;;;
29/11/2010;09:23:00;44;com vítima;426,20001220703125;BR-116/BA;Sul;Colisão Lateral;;;1;1;;;;;;;1;1;;;
29/11/2010;00:38:00;3;com vítima;510,5;BR-116/BA;Norte;Saida de Pista;1;;;;;;;;;;4;2;;;
29/11/2010;12:56:00;76;com vítima;757;BR-116/BA;Norte;Colisão Traseira;;;;;1;;;;;1;5;3;;;
29/11/2010;00:16:00;1;com vítima;526;BR-324/BA;Oeste;Atropelamento de Pedestre;;;1;;;;;;;;1;;;;1
29/11/2010;13:48:00;79;com vítima;572;BR-324/BA;Leste;Tombamento;;;1;;;;;;;;0;;1;;
29/11/2010;06:44:00;22;sem vítima;576,5;BR-324/BA;Leste;Tombamento;;;;;;;;;;1;1;;;;
29/11/2010;08:33:00;30;sem vítima;586;BR-324/BA;Oeste;Saida de Pista;1;;;;;;;;;;1;;;;
29/11/2010;18:58:00;126;com vítima;587,7999877929688;BR-324/BA;Leste;Colisão Frontal;1;;;;;;;;;1;0;;;2;2
29/11/2010;16:50:00;104;sem vítima;599;BR-324/BA;Leste;Colisão Lateral;2;;;;;1;;;;;4;;;;
30/11/2010;12:44:00;74;com vítima;675;BR-116/BA;Sul;Colisão Frontal;;;1;1;;;;;;;1;;;;1
30/11/2010;20:14:00;125;sem vítima;786,5;BR-116/BA;Sul;Objeto lançado contra veículo;1;;1;;;;;;;;4;;;;
30/11/2010;10:07:00;50;sem vítima;523;BR-324/BA;Oeste;Objeto lançado contra veículo;;;1;;;;;;;;1;;;;
30/11/2010;15:21:00;90;sem vítima;594,7000122070312;BR-324/BA;Oeste;Colisão Traseira;;;2;;;;;;;;2;;;;
30/11/2010;06:08:00;31;sem vítima;612,2000122070312;BR-324/BA;Leste;Colisão Traseira;2;;;;;;;;;;2;;;;
30/11/2010;09:25:00;44;sem vítima;618,2999877929688;BR-324/BA;Leste;Engavetamento;3;;;;;;;;;;7;;;;
30/11/2010;09:57:00;48;com vítima;619;BR-324/BA;Leste;Engavetamento;1;;1;;2;;;;;;48;4;;;
30/11/2010;18:48:00;117;sem vítima;623;BR-324/BA;Leste;Engavetamento;3;;;;;;;;;;5;;;;
30/11/2010;05:53:00;30;sem vítima;625,2000122070312;BR-324/BA;Oeste;Saida de Pista;1;;;;;;;;;;1;;;;
01/12/2010;09:42:00;45;com vítima;25;BR-116/BA - Cont VC;;Colisão Lateral;1;;1;;;;;;;;1;1;;;
01/12/2010;09:01:00;41;sem vítima;635,7000122070312;BR-116/BA;Sul;Colisão Traseira;;;2;;;;;;;;2;;;;
01/12/2010;10:54:00;56;sem vítima;914,0999755859375;BR-116/BA;Sul;Saida de Pista;1;;;;;;;;;;1;;;;
01/12/2010;15:43:00;100;sem vítima;532;BR-324/BA;Oeste;Tombamento;;;1;;;;;;;;1;;;;
01/12/2010;06:40:00;28;com vítima;576,2000122070312;BR-324/BA;Oeste;Capotamento;;;1;;;1;;;;;2;;1;;
01/12/2010;17:12:00;108;sem vítima;609;BR-324/BA;Oeste;Colisão Traseira;2;;;;;;;;;;6;;;;
02/12/2010;13:10:00;94;com vítima;758;BR-116/BA;Sul;Colisão Transversal;1;;;1;;;;;;;1;1;;;
02/12/2010;16:33:00;117;sem vítima;836,4000244140625;BR-116/BA;Norte;Colisão Traseira;;;2;;;;;;;;2;;;;
02/12/2010;16:45:00;118;sem vítima;837;BR-116/BA;Norte;Colisão Traseira;1;;1;;;;;;;;5;;;;
02/12/2010;11:25:00;75;com vítima;521;BR-324/BA;Oeste;Saida de Pista;1;;;;;;;;;;0;1;;;
02/12/2010;08:23:00;53;sem vítima;532,2999877929688;BR-324/BA;Oeste;Colisão Traseira;2;;;;;1;;;;;3;;;;
02/12/2010;08:15:00;52;sem vítima;615,5999755859375;BR-324/BA;Leste;Colisão Traseira;1;;1;;;;;;;;1;;;;
03/12/2010;14:22:00;76;com vítima;437,1000061035156;BR-116/BA;Sul;Atropelamento de Pedestre;;;;;;1;;;;;1;1;;;
03/12/2010;15:46:00;97;com vítima;481;BR-116/BA;Norte;Engavetamento;;;2;;;;;;;1;2;;2;;
03/12/2010;22:01:00;154;com vítima;522,2999877929688;BR-324/BA;Oeste;Queda de Moto;;;;1;;1;;;;;1;1;1;;
03/12/2010;19:07:00;136;sem vítima;551,5999755859375;BR-324/BA;Oeste;Colisão Lateral;;;1;;;1;;;;;2;;;;
03/12/2010;06:51:00;22;com vítima;560,2999877929688;BR-324/BA;Leste;Colisão Traseira;;;1;1;;;;;;1;2;;;1;
03/12/2010;18:15:00;125;sem vítima;595,5999755859375;BR-324/BA;Leste;Colisão Traseira;2;;;;;;;;;;2;;;;
03/12/2010;07:01:00;23;com vítima;618,7999877929688;BR-324/BA;Oeste;Colisão Traseira;1;;;1;;;;;;;1;1;;;
04/12/2010;18:37:00;146;com vítima;27;BR-116/BA - Cont VC;;Engavetamento;1;;2;;;;;;;;3;1;;;
04/12/2010;09:29:00;51;sem vítima;547,8499755859375;BR-116/BA;Sul;Tombamento;;;1;;;;;;;;1;;;;
04/12/2010;22:43:00;177;com vítima;813,9000244140625;BR-116/BA;Sul;Queda de Moto;;;;1;;;;;;;0;;1;;
04/12/2010;23:32:00;181;sem vítima;520,9000244140625;BR-324/BA;Leste;Colisão Transversal;1;;1;1;;;;;;;3;;;;
04/12/2010;22:42:00;176;com vítima;555,5;BR-324/BA;Leste;Capotamento;1;;;;;;;;;;0;1;;;
04/12/2010;09:03:00;46;sem vítima;574,0999755859375;BR-324/BA;Oeste;Colisão Traseira;1;;1;;;;;;;;2;;;;
04/12/2010;20:59:00;169;sem vítima;600,4000244140625;BR-324/BA;Leste;Saida de Pista;1;;;;;;;;;;1;;;;
04/12/2010;09:09:00;48;sem vítima;625,2999877929688;BR-324/BA;Leste;Colisão Traseira;1;;1;;;;;;;;2;;;;
05/12/2010;19:19:00;134;com vítima;17;BR-116/BA - Cont VC;;Colisão Lateral;1;;1;;;;;;;;1;1;;;
05/12/2010;04:46:00;16;com vítima;17,5;BR-116/BA - Cont VC;;Colisão Lateral;2;;;;;;;;;;10;1;;;
05/12/2010;11:25:00;49;sem vítima;439,29998779296875;BR-116/BA;Norte;Colisão Traseira;;;2;;;;;;;;2;;;;
05/12/2010;07:10:00;23;sem vítima;630,2000122070312;BR-116/BA;Sul;Colisão Transversal;;;2;;;;;;;;2;;;;
05/12/2010;20:35:00;146;com vítima;757;BR-116/BA;Sul;Queda de Moto;;;;1;;;;;;;1;1;;;
05/12/2010;15:11:00;96;com vítima;817;BR-116/BA;Norte;Queda de Moto;;;;1;;;;;;;0;1;;;
05/12/2010;07:52:00;27;com vítima;569;BR-324/BA;Leste;Colisão Traseira;2;;;;;;;;;;1;;2;;
05/12/2010;17:06:00;119;sem vítima;612,0999755859375;BR-324/BA;Oeste;Colisão Traseira;1;;;;1;;;;;;2;;;;
05/12/2010;23:02:00;152;com vítima;612,2999877929688;BR-324/BA;Oeste;Atropelamento de Pedestre;;;;;;2;;;;;1;;;;1
05/12/2010;16:06:00;105;com vítima;624,2000122070312;BR-324/BA;Leste;Queda de Moto;;;;1;;;;;;;0;1;;;
06/12/2010;07:48:00;41;com vítima;857,5999755859375;BR-116/BA;Sul;Colisão Traseira;;;;1;1;;;;;;20;1;;;
06/12/2010;15:32:00;116;com vítima;537,5;BR-324/BA;Leste;Capotamento;1;;;;;;;;;;0;1;;;
06/12/2010;23:47:00;174;com vítima;595;BR-324/BA;Leste;Capotamento;1;;;;;;;;;;0;1;;;
06/12/2010;01:34:00;6;com vítima;626,2000122070312;BR-324/BA;Leste;Capotamento;1;;;;;;;;;;1;1;;;
07/12/2010;06:35:00;30;sem vítima;3;BR-116/BA - ContSuFS;;Colisão Traseira;2;;;;;;;;;;2;;;;
07/12/2010;05:49:00;23;com vítima;500,29998779296875;BR-116/BA;Sul;Saida de Pista;1;;;;;;;;;;0;2;;;
07/12/2010;01:26:00;11;com vítima;592,0999755859375;BR-116/BA;Norte;Tombamento;;;1;;;;;;;;0;1;;;
07/12/2010;08:53:00;44;sem vítima;663,9000244140625;BR-116/BA;Sul;Saida de Pista;;;1;;;;;;;;1;;;;
07/12/2010;14:30:00;98;sem vítima;521,2000122070312;BR-324/BA;Leste;Colisão Traseira;1;;1;;;;;;;;2;;;;
07/12/2010;08:12:00;37;sem vítima;620,0700073242188;BR-324/BA;Leste;Colisão Lateral;1;;1;;;;;;;;2;;;;
07/12/2010;20:24:00;151;com vítima;623,2000122070312;BR-324/BA;Leste;Colisão Traseira;2;;;;;;;;;;2;1;;;
08/12/2010;13:52:00;93;com vítima;4;BR-116/BA - ContSuFS;;Colisão Transversal;;;1;1;;;;;;;1;1;;;
08/12/2010;18:46:00;135;com vítima;484,5;BR-116/BA;Norte;Colisão Traseira;;;1;;1;;;;;;1;1;;1;
08/12/2010;13:13:00;86;com vítima;489,70001220703125;BR-116/BA;Norte;Engavetamento;1;;3;;;;;;;;3;1;;;
08/12/2010;15:51:00;109;com vítima;494,5;BR-116/BA;Sul;Queda de Moto;;;;1;;;;;;;0;;1;;
08/12/2010;08:53:00;48;sem vítima;555,2999877929688;BR-116/BA;Sul;Colisão Traseira;;;1;;;1;;;;;2;;;;
08/12/2010;20:54:00;144;sem vítima;564,2000122070312;BR-116/BA;Sul;Saida de Pista;1;;;;;;;;;;1;;;;
08/12/2010;17:33:00;137;com vítima;672,7999877929688;BR-116/BA;Norte;Colisão Lateral;;;1;1;;;;;;;1;1;;;
08/12/2010;13:16:00;88;sem vítima;777,7000122070312;BR-116/BA;Norte;Colisão Traseira;;;3;;;;;;;;3;;;;
08/12/2010;23:39:00;163;com vítima;817,7000122070312;BR-116/BA;Sul;Colisão Traseira;1;;;;;;;;;1;1;1;;;
08/12/2010;19:51:00;142;com vítima;819;BR-116/BA;Norte;Tombamento;;;1;;;;;;;;0;1;;;
08/12/2010;23:35:00;162;com vítima;821;BR-116/BA;Sul;Atropelamento de Pedestre;;;;1;;;;;;;0;3;;;
08/12/2010;14:20:00;99;sem vítima;518,0999755859375;BR-324/BA;Oeste;Colisão Traseira;1;;1;;;;;;;;2;;;;
08/12/2010;18:15:00;132;sem vítima;520;BR-324/BA;Oeste;Engavetamento;3;;;;;;;;;;3;;;;
08/12/2010;08:06:00;40;com vítima;624,2000122070312;BR-324/BA;Leste;Queda de Moto;;;;1;;;;;;;0;1;;;
09/12/2010;19:14:00;141;sem vítima;633,2999877929688;BR-116/BA;Norte;Colisão Lateral;2;;;;;;;;;;2;;;;
09/12/2010;21:18:00;155;sem vítima;549;BR-324/BA;Leste;Colisão Traseira;;;1;;;1;;;;;2;;;;
09/12/2010;17:00:00;114;com vítima;590,0999755859375;BR-324/BA;Oeste;Engavetamento;1;;2;;;;;;;1;8;1;;;
09/12/2010;18:22:00;129;sem vítima;613,5;BR-324/BA;Leste;Engavetamento;1;;1;;;1;;;;1;4;;;;
09/12/2010;08:30:00;50;sem vítima;615;BR-324/BA;Leste;Colisão Lateral;1;;;;;1;;;;;2;;;;
09/12/2010;08:33:00;52;com vítima;619,0999755859375;BR-324/BA;Leste;Colisão Traseira;;;;1;;;;;;1;1;1;;;
10/12/2010;16:59:00;108;com vítima;723,7999877929688;BR-116/BA;Sul;Colisão Frontal;1;;1;;;;;;;;0;1;1;;1
10/12/2010;21:28:00;146;com vítima;758,2999877929688;BR-116/BA;Norte;Atropelamento de Pedestre;;;;;;1;;;;;1;;;;1
10/12/2010;09:33:00;44;sem vítima;867,2000122070312;BR-116/BA;Norte;Colisão Traseira;;;2;;;;;;;;2;;;;
10/12/2010;08:21:00;37;com vítima;529;BR-324/BA;Leste;Atropelamento de Pedestre;;;;;1;;;;;;8;;;;1
10/12/2010;05:29:00;17;sem vítima;595,4000244140625;BR-324/BA;Oeste;Colisão Traseira;1;;1;;;;;;;;2;;;;
10/12/2010;09:33:00;43;sem vítima;607,0999755859375;BR-324/BA;Leste;Colisão Traseira;1;;1;;;;;;;;2;;;;
10/12/2010;06:32:00;26;com vítima;610,0999755859375;BR-324/BA;Oeste;Colisão Traseira;1;;;1;;;;;;;1;1;;;
10/12/2010;17:33:00;112;sem vítima;616;BR-324/BA;Leste;Engavetamento;3;;;;;;;;;;3;;;;
10/12/2010;23:48:00;158;sem vítima;620,7999877929688;BR-324/BA;Leste;Colisão Traseira;1;;;;;1;;;;;2;;;;
11/12/2010;15:07:00;89;com vítima;574;BR-116/BA;Norte;Queda de Moto;;;;1;;;;;;;0;1;;;
11/12/2010;19:26:00;132;sem vítima;612,7000122070312;BR-116/BA;Norte;Colisão Traseira;;;2;;;;;;;;2;;;;
11/12/2010;17:44:00;111;com vítima;694,5999755859375;BR-116/BA;Sul;Saida de Pista;1;;;;;;;;;;0;1;1;;
11/12/2010;09:13:00;55;sem vítima;916,5;BR-116/BA;Sul;Colisão Lateral;1;;;;;1;;;;;2;;;;
11/12/2010;10:51:00;56;sem vítima;928,0999755859375;BR-116/BA;Sul;Engavetamento;;;3;;;;;;;;3;;;;
11/12/2010;19:21:00;130;com vítima;523,2000122070312;BR-324/BA;Oeste;Queda de Moto;;;;1;;;;;;;0;;1;;
11/12/2010;09:01:00;43;com vítima;534,7000122070312;BR-324/BA;Oeste;Saida de Pista;1;;;;;;;;;;0;;1;;
11/12/2010;07:58:00;33;sem vítima;538,7000122070312;BR-324/BA;Leste;Saida de Pista;1;;;;;;;;;;3;;;;
11/12/2010;07:16:00;28;com vítima;588,2999877929688;BR-324/BA;Oeste;Saida de Pista;;;;1;;;;;;;1;1;;;
11/12/2010;00:46:00;3;sem vítima;625,5999755859375;BR-324/BA;Oeste;Capotamento;1;;;;;;;;;;1;;;;
12/12/2010;02:13:00;15;sem vítima;17,600000381469727;BR-116/BA - Cont VC;;Saida de Pista;1;;;;;;;;;;3;;;;
12/12/2010;03:49:00;20;com vítima;426,20001220703125;BR-116/BA;Norte;Atropelamento de Animal;;;;1;;;;;;;0;;1;;
12/12/2010;15:07:00;103;sem vítima;484,6000061035156;BR-116/BA;Norte;Colisão Traseira;;;2;;;;;;;;2;;;;
12/12/2010;15:45:00;109;sem vítima;534,7999877929688;BR-116/BA;Sul;Engavetamento;1;;1;;;1;;;;;3;;;;