data;horario;n_da_ocorrencia;tipo_de_ocorrencia;km;trecho;sentido;tipo_de_acidente;automovel;bicicleta;caminhao;moto;onibus;outros;tracao_animal;transporte_de_cargas_especiais;trator_maquinas;utilitarios;ilesos;levemente_feridos;moderadamente_feridos;gravemente_feridos;mortos
02/01/2011;17:13:00;134;sem vítima;549,2999877929688;BR-324/BA;Leste;Engavetamento;3;;;;;;;;;;3;;;;
02/01/2011;16:30:00;123;sem vítima;550,2000122070312;BR-324/BA;Leste;Engavetamento;3;;;;;;;;;;3;;;;
02/01/2011;08:48:00;44;com vítima;560,5999755859375;BR-324/BA;Leste;Capotamento;1;;;;;;;;;;0;;;;1
03/01/2011;15:01:00;115;com vítima;576,5;BR-116/BA;Norte;Colisão Frontal;2;;;;;;;;;;1;3;;;1
03/01/2011;11:41:00;79;com vítima;591,4000244140625;BR-116/BA;Norte;Saida de Pista;;;1;;;;;;;;1;1;;;
03/01/2011;04:30:00;18;com vítima;696,0499877929688;BR-116/BA;Sul;Colisão Lateral;1;;;;;1;;;;;2;1;;;
03/01/2011;20:10:00;153;com vítima;815,2000122070312;BR-116/BA;Norte;Colisão Lateral;1;;;1;;;;;;;1;1;;;
03/01/2011;18:41:00;139;sem vítima;817,5;BR-116/BA;Sul;Colisão Traseira;2;;;;;;;;;;2;;;;
03/01/2011;07:10:00;54;sem vítima;925,5999755859375;BR-116/BA;Sul;Colisão Lateral;1;;1;;;;;;;;2;;;;
03/01/2011;08:23:00;49;sem vítima;543,4000244140625;BR-324/BA;Oeste;Colisão Transversal;2;;;;;;;;;;2;;;;
03/01/2011;10:20:00;65;sem vítima;547,9000244140625;BR-324/BA;Oeste;Colisão Traseira;2;;;;;;;;;;9;;;;
03/01/2011;10:27:00;68;sem vítima;551;BR-324/BA;Leste;Engavetamento;4;;;;;;;;;;10;;;;
03/01/2011;07:26:00;41;sem vítima;554,9000244140625;BR-324/BA;Oeste;Engavetamento;3;;;;;5;;;;;8;;;;
03/01/2011;16:36:00;123;sem vítima;604;BR-324/BA;Leste;Engavetamento;4;;;;;;;;;;4;;;;
03/01/2011;10:10:00;63;sem vítima;604,2999877929688;BR-324/BA;Leste;Queda de Moto;;;;1;;;;;;;1;;;;
03/01/2011;16:17:00;121;com vítima;606,0999755859375;BR-324/BA;Leste;Capotamento;1;;;;;;;;;;0;2;;;
03/01/2011;20:12:00;155;sem vítima;625;BR-324/BA;Leste;Engavetamento;4;;;;;;;;;;5;;;;
04/01/2011;15:06:00;118;sem vítima;505,5;BR-116/BA;Sul;Colisão Traseira;1;;;;;;;;;1;2;;;;
04/01/2011;17:10:00;132;sem vítima;595;BR-116/BA;Norte;Colisão Lateral;1;;2;;;;;;;;5;;;;
04/01/2011;09:20:00;63;sem vítima;664;BR-116/BA;Sul;Saida de Pista;1;;;;;;;;;;2;;;;
04/01/2011;05:26:00;25;com vítima;807,2000122070312;BR-116/BA;Sul;Capotamento;1;;;;;;;;;;1;3;;;
04/01/2011;15:22:00;120;com vítima;522,9000244140625;BR-324/BA;Leste;Capotamento;1;;;;;;;;;;0;1;;;
04/01/2011;11:00:00;73;sem vítima;523,5;BR-324/BA;Oeste;Engavetamento;3;;;;;;;;;;9;;;;
04/01/2011;16:48:00;131;sem vítima;525;BR-324/BA;Oeste;Saida de Pista;1;;;;;;;;;;1;;;;
04/01/2011;09:13:00;61;sem vítima;533,2999877929688;BR-324/BA;Oeste;Engavetamento;3;;;;;;;;;;6;;;;
04/01/2011;09:43:00;65;sem vítima;612,4000244140625;BR-324/BA;Oeste;Engavetamento;3;;;;;;;;;;3;;;;
04/01/2011;18:18:00;148;sem vítima;617,7000122070312;BR-324/BA;Oeste;Engavetamento;4;;;;;;;;;;4;;;;
05/01/2011;17:11:00;113;com vítima;6;BR-116/BA - ContSuFS;;Colisão Lateral;1;;;1;;;;;;;1;1;;;
05/01/2011;17:24:00;118;sem vítima;430;BR-116/BA;Sul;Engavetamento;1;;2;;;;;;;;3;;;;
05/01/2011;07:09:00;30;sem vítima;449;BR-116/BA;Norte;Colisão Traseira;;;2;;;;;;;;2;;;;
05/01/2011;11:15:00;74;com vítima;815,2999877929688;BR-116/BA;Norte;Saida de Pista;;;;;;;;;;;0;2;;;
05/01/2011;16:15:00;109;sem vítima;911,0399780273438;BR-116/BA;Norte;Colisão Frontal;1;;1;;;;;;;;5;;;;
05/01/2011;09:06:00;46;sem vítima;522,7000122070312;BR-324/BA;Oeste;Colisão Traseira;1;;;;1;;;;;;2;;;;
05/01/2011;14:35:00;98;sem vítima;527;BR-324/BA;Oeste;Colisão Traseira;1;;1;;;;;;;;4;;;;
05/01/2011;13:06:00;89;sem vítima;574;BR-324/BA;Leste;Saida de Pista;1;;;;;;;;;;2;;;;
06/01/2011;07:14:00;24;com vítima;589,2000122070312;BR-324/BA;Leste;Colisão Lateral;2;;;;;;;;;;1;5;;;
07/01/2011;12:41:00;75;sem vítima;462;BR-116/BA;Norte;Colisão Traseira;1;;2;;;;;;;;3;;;;
07/01/2011;21:30:00;144;sem vítima;671,2000122070312;BR-116/BA;Sul;Atropelamento de Animal;;;1;;;;;;;;1;;;;
07/01/2011;22:40:00;145;sem vítima;721;BR-116/BA;Norte;Colisão Traseira;;;2;;;;;;;;2;;;;
07/01/2011;15:45:00;100;com vítima;853;BR-116/BA;Sul;Saida de Pista;1;;1;;;;;;;;2;1;1;1;
07/01/2011;13:40:00;84;sem vítima;548;BR-324/BA;Oeste;Colisão Traseira;1;;1;;;;;;;;4;;;;
07/01/2011;10:54:00;55;com vítima;567,2999877929688;BR-324/BA;Oeste;Capotamento;1;;;;;;;;;;0;1;;;
07/01/2011;11:52:00;68;sem vítima;606,2999877929688;BR-324/BA;Leste;Colisão Lateral;1;;;;;;;;;1;4;;;;
07/01/2011;19:51:00;130;com vítima;613,5;BR-324/BA;Leste;Colisão Traseira;1;;;;;1;;;;;1;1;;;
07/01/2011;12:08:00;71;sem vítima;622;BR-324/BA;Leste;Engavetamento;4;;;;;;;;;;4;;;;
07/01/2011;13:27:00;81;sem vítima;626;BR-324/BA;Oeste;Colisão Traseira;2;;;;;;;;;;2;;;;
08/01/2011;15:59:00;138;com vítima;638,7999877929688;BR-116/BA;Norte;Saida de Pista;1;;;;;;;;;;0;1;2;1;
08/01/2011;20:34:00;190;sem vítima;690;BR-116/BA;Sul;Saida de Pista;1;;;;;;;;;;2;;;;
08/01/2011;19:29:00;195;sem vítima;748;BR-116/BA;Norte;Engavetamento;1;;3;;;;;;;;7;;;;
08/01/2011;07:36:00;34;sem vítima;766,5999755859375;BR-116/BA;Norte;Colisão Lateral;1;;1;;;1;;;;;4;;;;
08/01/2011;08:58:00;58;sem vítima;912;BR-116/BA;Norte;Colisão Traseira;2;;;;;;;;;;6;;;;
08/01/2011;06:06:00;17;com vítima;528;BR-324/BA;Oeste;Capotamento;1;;;;;;;;;;1;1;;;
08/01/2011;07:04:00;26;sem vítima;530;BR-324/BA;Oeste;Saida de Pista;1;;;;;;;;;;2;;;;
08/01/2011;18:50:00;192;com vítima;559,9000244140625;BR-324/BA;Leste;Colisão Traseira;2;;;;;;;;;;1;1;;;
08/01/2011;17:34:00;157;sem vítima;560;BR-324/BA;Oeste;Colisão Lateral;2;;;;;;;;;;2;;;;
08/01/2011;11:03:00;75;sem vítima;609,7999877929688;BR-324/BA;Oeste;Colisão Traseira;2;;;;;;;;;;4;;;;
08/01/2011;10:20:00;73;sem vítima;614,5;BR-324/BA;Leste;Engavetamento;4;;1;;;;;;;;9;;;;
08/01/2011;03:34:00;9;sem vítima;615,9000244140625;BR-324/BA;Oeste;Capotamento;1;;;;;;;;;;2;;;;
08/01/2011;00:44:00;6;sem vítima;625;BR-324/BA;Leste;Choque - Objeto sobre a pista;1;;;;;;;;;;1;;;;
09/01/2011;11:46:00;89;com vítima;6,5;BR-116/BA - ContSuFS;;Queda de Moto;1;;;1;;;;;;;1;1;;;
09/01/2011;21:58:00;198;sem vítima;568;BR-116/BA;Norte;Colisão Lateral;;;;;1;1;;;;;2;;;;
09/01/2011;04:45:00;22;com vítima;571,4000244140625;BR-116/BA;Norte;Capotamento;1;;;;;;;;;;0;2;2;;
09/01/2011;13:29:00;104;com vítima;604,4000244140625;BR-116/BA;Norte;Choque - Defensa, barreira ou "submarino";;;1;;;;;;;;0;;;;1
09/01/2011;17:10:00;145;sem vítima;791,5999755859375;BR-116/BA;Sul;Capotamento;1;;;;;;;;;;2;;;;
09/01/2011;18:46:00;159;sem vítima;802;BR-116/BA;Norte;Saida de Pista;1;;;;;;;;;;1;;;;
09/01/2011;22:04:00;203;com vítima;812;BR-116/BA;Sul;Atropelamento - Ciclista;1;1;;;;;;;;;3;1;;;
09/01/2011;10:24:00;69;sem vítima;853,4000244140625;BR-116/BA;Sul;Engavetamento;1;;2;;;;;;;;7;;;;
09/01/2011;16:10:00;134;com vítima;871;BR-116/BA;Norte;Colisão Lateral;;;1;1;;;;;;;1;1;;;
09/01/2011;05:30:00;28;com vítima;895,2000122070312;BR-116/BA;Sul;Queda de Moto;;;;1;;;;;;;0;1;;;
09/01/2011;12:40:00;96;com vítima;558;BR-324/BA;Oeste;Queda de Moto;;;;1;;;;;;;0;1;;;
09/01/2011;20:42:00;183;com vítima;591;BR-324/BA;Leste;Colisão Traseira;;;;1;;1;;;;;1;2;;;
10/01/2011;09:13:00;64;sem vítima;24,5;BR-116/BA - Cont VC;;Colisão Transversal;1;;1;;;;;;;;3;;;;
10/01/2011;09:23:00;65;sem vítima;467,29998779296875;BR-116/BA;Norte;Colisão Traseira;;;2;;;;;;;;3;;;;
10/01/2011;07:01:00;43;sem vítima;581,4000244140625;BR-116/BA;Sul;Tombamento;;;1;;;;;;;;1;;;;
10/01/2011;06:40:00;40;sem vítima;833,9000244140625;BR-116/BA;Sul;Colisão Lateral;1;;;;;1;;;;;4;;;;
10/01/2011;19:40:00;180;sem vítima;839,5999755859375;BR-116/BA;Sul;Colisão Traseira;;;2;;;1;;;;;3;;;;
10/01/2011;19:42:00;181;com vítima;526,9000244140625;BR-324/BA;Oeste;Capotamento;1;;;;;;;;;;1;1;;;
10/01/2011;10:02:00;73;com vítima;569;BR-324/BA;Leste;Colisão Traseira;1;;;;;;;;;;2;1;;;
10/01/2011;06:53:00;42;sem vítima;586;BR-324/BA;Leste;Saida de Pista;1;;;;;;;;;;1;;;;
10/01/2011;19:05:00;174;sem vítima;613,2999877929688;BR-324/BA;Leste;Colisão Lateral;1;;1;;;;;;;;2;;;;
10/01/2011;14:46:00;134;sem vítima;616,5;BR-324/BA;Leste;Colisão Traseira;2;;;;;;;;;;2;;;;
10/01/2011;07:58:00;53;sem vítima;617,5999755859375;BR-324/BA;Oeste;Engavetamento;3;;;;;;;;;;4;;;;
10/01/2011;23:28:00;202;sem vítima;621,5;BR-324/BA;Oeste;Colisão Traseira;1;;;;;1;;;;;2;;;;
10/01/2011;15:07:00;139;sem vítima;623,7999877929688;BR-324/BA;Leste;Engavetamento;1;;2;;1;;;;;1;5;;;;
11/01/2011;14:27:00;104;com vítima;448,8999938964844;BR-116/BA;Sul;Colisão Frontal;1;;1;;;;;;;;1;2;;;
11/01/2011;09:00:00;59;com vítima;705,2000122070312;BR-116/BA;Sul;Capotamento;1;;;;;;;;;;1;2;2;;
11/01/2011;08:07:00;49;com vítima;754,0999755859375;BR-116/BA;Sul;Capotamento;1;;;;;;;;;;0;4;;;
11/01/2011;16:18:00;121;sem vítima;531,2999877929688;BR-324/BA;Oeste;Colisão Lateral;;;2;;;;;;;;2;;;;
11/01/2011;13:53:00;95;sem vítima;607,9000244140625;BR-324/BA;Leste;Colisão Traseira;1;;;;1;;;;;;4;;;;
11/01/2011;05:56:00;27;com vítima;610,2000122070312;BR-324/BA;Oeste;Capotamento;1;;;;;;;;;;4;1;;;
11/01/2011;08:06:00;48;sem vítima;619,2000122070312;BR-324/BA;Oeste;Colisão Traseira;1;;;;;1;;;;;2;;;;
11/01/2011;11:25:00;77;sem vítima;622;BR-324/BA;Leste;Colisão Traseira;;;1;;;1;;;;;2;;;;
12/01/2011;07:25:00;42;com vítima;3;BR-116/BA - ContSuFS;;Colisão Traseira;2;;1;;;;;;;;2;1;;;
12/01/2011;07:47:00;47;com vítima;17,100000381469727;BR-116/BA - Cont VC;;Colisão Lateral;1;;;1;;;;;;;4;1;;;
12/01/2011;10:04:00;76;sem vítima;511,1000061035156;BR-116/BA;Sul;Colisão Traseira;1;;1;;;;;;;;7;;;;
12/01/2011;16:34:00;133;sem vítima;598,2999877929688;BR-116/BA;Norte;Sequência;1;;3;;;;;;;;6;;;;
12/01/2011;11:32:00;90;sem vítima;805,2999877929688;BR-116/BA;Sul;Colisão Traseira;;;1;;1;;;;;;43;;;;
12/01/2011;07:54:00;49;com vítima;524,9500122070312;BR-324/BA;Oeste;Queda de Moto;;;;1;;;;;;;0;1;;;
12/01/2011;09:24:00;61;sem vítima;572,5999755859375;BR-324/BA;Leste;Colisão Traseira;2;;;;;;;;;;8;;;;
12/01/2011;03:16:00;14;sem vítima;573;BR-324/BA;Leste;Tombamento;;;1;;;;;;;;1;;;;
12/01/2011;22:20:00;170;com vítima;607,2999877929688;BR-324/BA;Oeste;Choque Contra Objeto Fixo;1;;;;;1;;;;;1;1;;;
13/01/2011;10:40:00;63;com vítima;776,5;BR-116/BA;Norte;Queda de Moto;;;;1;;;;;;;1;1;;;
13/01/2011;21:10:00;150;sem vítima;811,9000244140625;BR-116/BA;Norte;Atropelamento de Animal;1;;;;;;;;;;4;;;;
13/01/2011;23:44:00;161;com vítima;870;BR-116/BA;Norte;Colisão Frontal;;;1;;;;;;;1;2;;;1;
13/01/2011;03:47:00;13;sem vítima;565,9000244140625;BR-324/BA;Oeste;Capotamento;1;;;;;1;;;;;2;;;;
13/01/2011;18:49:00;125;sem vítima;569,0999755859375;BR-324/BA;Leste;Capotamento;;;;;;;;;;1;2;;;;
13/01/2011;06:49:00;20;sem vítima;609,7999877929688;BR-324/BA;Oeste;Colisão Traseira;1;;;;;;;;;1;5;;;;
13/01/2011;07:58:00;34;com vítima;622,4000244140625;BR-324/BA;Leste;Capotamento;1;;;;;;;;;;0;1;;;
14/01/2011;11:22:00;75;sem vítima;619;BR-116/BA;Norte;Saida de Pista;1;;;;;;;;;;1;;;;
14/01/2011;22:43:00;188;com vítima;519,2999877929688;BR-324/BA;Leste;Queda de Moto;1;;;1;;;;;;;1;1;;;
14/01/2011;00:55:00;8;com vítima;555,2000122070312;BR-324/BA;Leste;Colisão Frontal;2;;;;;;;;;;0;;1;;2
14/01/2011;17:58:00;135;com vítima;586,0999755859375;BR-324/BA;Oeste;Queda de Moto;;;;1;;;;;;;0;2;;;
14/01/2011;15:43:00;109;sem vítima;608,0999755859375;BR-324/BA;Oeste;Colisão Traseira;;;2;;;;;;;;2;;;;
14/01/2011;05:41:00;31;com vítima;612;BR-324/BA;Oeste;Saida de Pista;1;;;;;;;;;;1;;1;;
15/01/2011;00:58:00;8;com vítima;522,5999755859375;BR-116/BA;Norte;Colisão Frontal;1;;1;;;;;;;;1;;;;1
15/01/2011;13:14:00;102;sem vítima;589,3200073242188;BR-116/BA;Norte;Saida de Pista;;;1;;;;;;;;1;;;;
15/01/2011;01:20:00;11;sem vítima;664;BR-116/BA;Norte;Saida de Pista;1;;;;;;;;;;1;;;;
15/01/2011;11:33:00;91;sem vítima;702,2000122070312;BR-116/BA;Sul;Capotamento;1;;;;;;;;;;4;;;;
15/01/2011;18:11:00;161;com vítima;726;BR-116/BA;Norte;Tombamento;;;1;;1;;;;;;48;2;1;;
15/01/2011;14:11:00;114;sem vítima;831,0999755859375;BR-116/BA;Sul;Capotamento;1;;;;;1;;;;;3;;;;
15/01/2011;12:40:00;109;sem vítima;843,4000244140625;BR-116/BA;Norte;Colisão Frontal;1;;1;;;;;;;;2;;;;
15/01/2011;05:58:00;38;com vítima;880,0999755859375;BR-116/BA;Sul;Saida de Pista;;;2;;;;;;;;1;;;1;
15/01/2011;17:21:00;152;com vítima;534,7999877929688;BR-324/BA;Oeste;Capotamento;1;;;;;;;;;;1;1;;;
15/01/2011;20:41:00;176;sem vítima;623;BR-324/BA;Oeste;Colisão Traseira;2;;;;;;;;;;2;;;;
16/01/2011;10:08:00;80;com vítima;554,2999877929688;BR-116/BA;Norte;Saida de Pista;1;;;;;;;;;;0;1;;;
16/01/2011;02:14:00;15;sem vítima;633;BR-116/BA;Norte;Atropelamento de Animal;;;;;;;;;;1;5;;;;
16/01/2011;17:29:00;161;sem vítima;828,2000122070312;BR-116/BA;Norte;Saida de Pista;1;;;;;;;;;;3;;;;
16/01/2011;18:55:00;172;com vítima;876,2999877929688;BR-116/BA;Norte;Colisão Frontal;;;2;;;;;;;;0;;1;;2
16/01/2011;18:14:00;166;com vítima;522;BR-324/BA;Oeste;Queda de Moto;;;;1;;1;;;;;1;;;1;
16/01/2011;21:30:00;209;sem vítima;563;BR-324/BA;Oeste;Atropelamento de Animal;1;;;;;;;;;;1;;;;
16/01/2011;14:14:00;121;com vítima;563,7999877929688;BR-324/BA;Leste;Queda de Moto;;;;1;;;;;;;0;2;;;
17/01/2011;08:00:00;58;sem vítima;444,5;BR-116/BA;Norte;Colisão Traseira;;;2;;;;;;;;4;;;;
17/01/2011;07:22:00;51;sem vítima;449,79998779296875;BR-116/BA;Norte;Colisão Lateral;1;;1;;;;;;;;3;;;;
17/01/2011;05:43:00;41;com vítima;616;BR-116/BA;Norte;Engavetamento;;;3;;;;;;;;3;1;;1;
17/01/2011;00:59:00;8;com vítima;622,2999877929688;BR-116/BA;Norte;Saida de Pista;1;;;;;;;;;;0;3;2;;
17/01/2011;16:44:00;133;com vítima;633;BR-116/BA;Sul;Colisão Lateral;1;;;;;;;;;1;1;4;;;
17/01/2011;15:31:00;123;com vítima;523;BR-324/BA;Leste;Colisão Traseira;2;;;;;;;;;;1;1;;;
17/01/2011;18:13:00;149;sem vítima;611,7000122070312;BR-324/BA;Leste;Colisão Traseira;;;1;;;;;;;1;9;;;;
17/01/2011;09:11:00;66;sem vítima;625,4000244140625;BR-324/BA;Leste;Capotamento;1;;;;;1;;;;;2;;;;
18/01/2011;06:49:00;42;sem vítima;1;BR-116/BA - ContSuFS;;Colisão Lateral;2;;;;;;;;;;2;;;;
18/01/2011;16:48:00;128;sem vítima;2;BR-116/BA - Cont VC;;Colisão Traseira;1;;1;;;;;;;;6;;;;
18/01/2011;18:23:00;143;com vítima;611,4000244140625;BR-116/BA;Norte;Colisão Traseira;2;;;;;;;;;;1;1;;;
18/01/2011;07:00:00;96;com vítima;519;BR-324/BA;Leste;Atropelamento - Ciclista;;1;;;;1;;;;;2;1;;;
18/01/2011;10:00:00;68;sem vítima;566,0079956054688;BR-324/BA;Leste;Colisão Traseira;;;2;;;;;;;;2;;;;
18/01/2011;19:29:00;149;sem vítima;592;BR-324/BA;Oeste;Atropelamento de Animal;1;;1;;;1;;;;;3;;;;
18/01/2011;07:08:00;46;com vítima;617;BR-324/BA;Oeste;Queda de Moto;;;;1;;1;;;;;1;;1;;
19/01/2011;08:20:00;28;com vítima;641,4000244140625;BR-116/BA;Norte;Saida de Pista;1;;;;;;;;;;0;3;;;
19/01/2011;13:00:00;61;sem vítima;805;BR-116/BA;Sul;Queda de Moto;;;;1;;;;;;;2;;;;
19/01/2011;08:31:00;30;com vítima;909,7000122070312;BR-116/BA;Norte;Colisão Traseira;;;2;;;;;;;;1;1;;;
19/01/2011;11:51:00;48;com vítima;529;BR-324/BA;Oeste;Colisão Lateral;1;;1;;;;;;;;1;1;;;
20/01/2011;18:18:00;145;sem vítima;452;BR-116/BA;Norte;Colisão Traseira;1;;;;;1;;;;;3;;;;
20/01/2011;11:16:00;72;com vítima;633;BR-116/BA;Sul;Colisão Traseira;1;;1;;;;;;;;5;1;;;
20/01/2011;17:43:00;137;sem vítima;769;BR-116/BA;Sul;Colisão Lateral;1;;1;;;;;;;;5;;;;
20/01/2011;11:26:00;75;com vítima;804,9000244140625;BR-116/BA;Norte;Colisão Traseira;2;;;;;;;;;;0;3;;;
20/01/2011;18:01:00;142;com vítima;523,1500244140625;BR-324/BA;Leste;Colisão Traseira;;;2;;;;;;;;2;1;;;
20/01/2011;14:05:00;104;sem vítima;572,0999755859375;BR-324/BA;Oeste;Colisão Traseira;1;;1;;;;;;;;4;;;;
20/01/2011;16:22:00;126;sem vítima;573,2000122070312;BR-324/BA;Oeste;Colisão Traseira;1;;;;;;;;;1;3;;;;
20/01/2011;12:03:00;83;com vítima;620;BR-324/BA;Oeste;Colisão Traseira;2;;;;;;;;;;1;1;;;
20/01/2011;22:29:00;178;sem vítima;622,1500244140625;BR-324/BA;Leste;Queda de Moto;;;;1;;;;;;;1;;;;
20/01/2011;22:00:00;176;com vítima;622,5750122070312;BR-324/BA;Oeste;Capotamento;1;;;;;;;;;;2;1;;;
21/01/2011;22:17:00;154;com vítima;620,2000122070312;BR-116/BA;Norte;Atropelamento de Pedestre;;;;;;1;;;;;1;;;;1
21/01/2011;16:45:00;114;sem vítima;661,9000244140625;BR-116/BA;Norte;Saida de Pista;;;1;;;;;;;;3;;;;
21/01/2011;07:39:00;30;com vítima;667,2999877929688;BR-116/BA;Sul;Tombamento;;;1;;;;;;;;0;1;;;
21/01/2011;06:19:00;19;sem vítima;761;BR-116/BA;Sul;Saida de Pista;1;;;;;;;;;;2;;;;
21/01/2011;13:27:00;78;sem vítima;553;BR-324/BA;Leste;Saida de Pista;1;;;;;;;;;;5;;;;
21/01/2011;15:47:00;95;sem vítima;577;BR-324/BA;Oeste;Capotamento;1;;;;;;;;;;1;;;;
21/01/2011;12:09:00;67;com vítima;579,0999755859375;BR-324/BA;Oeste;Tombamento;;;1;;;;;;;;1;;;1;
21/01/2011;15:52:00;96;sem vítima;616,7000122070312;BR-324/BA;Leste;Colisão Traseira;1;;1;;;;;;;;2;;;;
21/01/2011;18:31:00;122;sem vítima;623,5999755859375;BR-324/BA;Oeste;Colisão Lateral;1;;1;;;;;;;;2;;;;
22/01/2011;22:14:00;175;com vítima;16;BR-116/BA - Cont VC;;Queda de Moto;;;;1;;;;;;;0;2;;;
22/01/2011;09:14:00;55;sem vítima;641,7999877929688;BR-116/BA;Norte;Saida de Pista;;;1;;;;;;;;1;;;;
22/01/2011;06:34:00;29;sem vítima;651;BR-116/BA;Sul;Colisão Lateral;1;;;;;;;;;;1;;;;
22/01/2011;17:36:00;138;com vítima;652,5;BR-116/BA;Sul;Colisão Lateral;1;;;1;;;;;;;0;3;;;
22/01/2011;13:13:00;100;com vítima;871;BR-116/BA;Norte;Colisão Transversal;1;;;;;;;;;1;0;6;2;2;1
22/01/2011;05:46:00;27;sem vítima;530;BR-324/BA;Oeste;Saida de Pista;1;;;;;;;;;;1;;;;
22/01/2011;11:48:00;82;sem vítima;568;BR-324/BA;Oeste;Colisão Traseira;2;;;;;;;;;;4;;;;
22/01/2011;15:47:00;122;com vítima;576;BR-324/BA;Oeste;Saida de Pista;1;;;;;;;;;;0;2;2;;
22/01/2011;18:09:00;140;com vítima;602;BR-324/BA;Leste;Queda de Moto;;;;1;;;;;;;0;2;;;
23/01/2011;02:07:00;9;sem vítima;432;BR-116/BA;Norte;Colisão Traseira;;;1;1;;;;;;;2;;;;
23/01/2011;11:05:00;69;sem vítima;437,20001220703125;BR-116/BA;Sul;Colisão Lateral;;;1;;;;;;;;1;;;;
23/01/2011;19:31:00;146;com vítima;588,7760009765625;BR-116/BA;Norte;Saida de Pista;;;1;;;;;;;;1;1;;;
23/01/2011;13:57:00;80;sem vítima;641;BR-116/BA;Norte;Colisão Traseira;;;2;;;;;;;;2;;;;
23/01/2011;17:31:00;113;com vítima;654,5;BR-116/BA;Norte;Tombamento;;;1;;;;;;;;0;1;;;
23/01/2011;04:40:00;19;com vítima;800,4000244140625;BR-116/BA;Sul;Colisão Frontal;1;;;;;;;;;1;2;5;;1;2
23/01/2011;18:02:00;122;com vítima;521;BR-324/BA;Leste;Saida de Pista;1;;;;;1;;;;;1;2;1;;1
23/01/2011;11:01:00;62;sem vítima;523;BR-324/BA;Oeste;Colisão Traseira;2;;;;;;;;;;2;;;;
23/01/2011;11:05:00;109;sem vítima;523;BR-324/BA;Oeste;Engavetamento;3;;;;;;;;;;3;;;;
23/01/2011;20:50:00;159;com vítima;585,4000244140625;BR-324/BA;Oeste;Capotamento;1;;;;;;;;;;0;2;;;
23/01/2011;14:09:00;81;com vítima;596;BR-324/BA;Oeste;Saida de Pista;2;;;;;;;;;;1;;;1;
23/01/2011;18:43:00;134;com vítima;608;BR-324/BA;Leste;Capotamento;1;;;;;;;;;;1;2;;;
23/01/2011;09:33:00;43;sem vítima;623;BR-324/BA;Oeste;Choque - Defensa, barreira ou "submarino";1;;;;;;;;;;1;;;;
24/01/2011;19:53:00;145;com vítima;431,6000061035156;BR-116/BA;Norte;Atropelamento de Pedestre;1;;;;;;;;;;1;;;;1
24/01/2011;14:46:00;110;sem vítima;691;BR-116/BA;Norte;Engavetamento;;;1;;;4;;;;1;6;;;;
24/01/2011;20:15:00;152;com vítima;525;BR-324/BA;Leste;Saida de Pista;1;;;;;;;;;;0;1;;;
24/01/2011;14:24:00;101;sem vítima;527,0999755859375;BR-324/BA;Oeste;Colisão Traseira;2;;;;;;;;;;2;;;;
24/01/2011;09:39:00;62;sem vítima;554,5;BR-324/BA;Oeste;Capotamento;1;;;;;;;;;;1;;;;
24/01/2011;09:36:00;60;sem vítima;613;BR-324/BA;Leste;Colisão Frontal;1;;;;;;;;;;1;;;;
24/01/2011;07:47:00;39;sem vítima;616;BR-324/BA;Leste;Colisão Traseira;2;;;;;;;;;;2;;;;
24/01/2011;20:11:00;150;sem vítima;625,0999755859375;BR-324/BA;Leste;Choque Contra Objeto Fixo;1;;;;;;;;;;1;;;;
25/01/2011;16:39:00;100;sem vítima;7;BR-116/BA - ContSuFS;;Atropelamento de Animal;1;;;;;;;;;;1;;;;
25/01/2011;09:56:00;51;sem vítima;449,6000061035156;BR-116/BA;Norte;Colisão Traseira;1;;;;;;;;;1;4;;;;
25/01/2011;10:30:00;55;sem vítima;533,5;BR-116/BA;Sul;Capotamento;1;;;;;;;;;;1;;;;
25/01/2011;10:50:00;64;sem vítima;568,2999877929688;BR-116/BA;Norte;Colisão Traseira;1;;1;;;;;;;;2;;;;
25/01/2011;11:41:00;68;sem vítima;587;BR-116/BA;Norte;Capotamento;1;;;;;;;;;;4;;;;
25/01/2011;17:15:00;106;sem vítima;520;BR-324/BA;Leste;Colisão Traseira;;;2;;;;;;;;2;;;;
25/01/2011;11:53:00;72;sem vítima;552,4000244140625;BR-324/BA;Oeste;Colisão Traseira;2;;;;;;;;;;2;;;;
25/01/2011;11:20:00;66;com vítima;557;BR-324/BA;Leste;Saida de Pista;;;;;;;;;;1;0;2;;2;
25/01/2011;14:01:00;85;com vítima;580;BR-324/BA;Leste;Capotamento;1;;;;;;;;;;0;1;;;
25/01/2011;14:32:00;87;sem vítima;623;BR-324/BA;Leste;Engavetamento;4;;1;;;;;;;;5;;;;