data;horario;n_da_ocorrencia;tipo_de_ocorrencia;km;trecho;sentido;tipo_de_acidente;automovel;bicicleta;caminhao;moto;onibus;outros;tracao_animal;transporte_de_cargas_especiais;trator_maquinas;utilitarios;ilesos;levemente_feridos;moderadamente_feridos;gravemente_feridos;mortos
14/06/2011;16:02:00;145;com vítima;619,7999877929688;BR-116/BA;Norte;Capotamento;1;;;;;;;;;;1;1;;;
14/06/2011;20:26:00;187;sem vítima;652,7999877929688;BR-116/BA;Norte;Saida de Pista;1;;;;;;;;;;1;;;;
14/06/2011;08:56:00;65;sem vítima;577,2999877929688;BR-324/BA;Leste;Saida de Pista;1;;;;;;;;;;1;;;;
14/06/2011;05:39:00;29;sem vítima;622,7999877929688;BR-324/BA;Leste;Saida de Pista;1;;;;;;;;;;1;;;;
14/06/2011;18:28:00;175;sem vítima;624,2999877929688;BR-324/BA;Oeste;Colisão Traseira;1;;;;;1;;;;;2;;;;
15/06/2011;07:58:00;35;sem vítima;569;BR-116/BA;Sul;Saida de Pista;;;1;;;1;;;;;2;;;;
15/06/2011;21:26:00;171;com vítima;576;BR-116/BA;Norte;Atropelamento - Ciclista;;1;;;;1;;;;;1;;1;;
15/06/2011;11:01:00;71;com vítima;637;BR-116/BA;Sul;Atropelamento de Pedestre;1;;;;;;;;;;0;;1;;1
15/06/2011;11:50:00;148;sem vítima;639;BR-116/BA;Norte;Colisão Lateral;2;;;;;;;;;;2;;;;
15/06/2011;11:50:00;150;sem vítima;639;BR-116/BA;Norte;Tombamento;;;1;;;;;;;;1;;;;
15/06/2011;16:39:00;118;sem vítima;665;BR-116/BA;Norte;Colisão Traseira;1;;;;;;;;;1;2;;;;
15/06/2011;17:41:00;131;com vítima;521;BR-324/BA;Oeste;Engavetamento;3;;;1;;;;;;1;5;1;;1;
15/06/2011;03:29:00;19;sem vítima;530,2000122070312;BR-324/BA;Oeste;Saida de Pista;1;;;;;;;;;;1;;;;
15/06/2011;03:02:00;18;sem vítima;533,2000122070312;BR-324/BA;Leste;Saida de Pista;;;;;;;;;;1;1;;;;
15/06/2011;19:45:00;157;com vítima;550,0999755859375;BR-324/BA;Leste;Engavetamento;1;;1;;;;;;;1;2;1;;1;
15/06/2011;10:43:00;68;sem vítima;567;BR-324/BA;Oeste;Tombamento;;;1;;;;;;;;1;;;;
15/06/2011;13:49:00;97;sem vítima;567;BR-324/BA;Oeste;Saida de Pista;1;;;;;;;;;;1;;;;
15/06/2011;11:04:00;72;sem vítima;567,0999755859375;BR-324/BA;Oeste;Tombamento;;;1;;;;;;;;1;;;;
15/06/2011;16:49:00;119;sem vítima;587,2000122070312;BR-324/BA;Leste;Saida de Pista;1;;;;;;;;;;1;;;;
15/06/2011;20:09:00;161;com vítima;612;BR-324/BA;Oeste;Capotamento;1;;;;;;;;;;0;3;;;2
15/06/2011;21:55:00;177;sem vítima;612,5999755859375;BR-324/BA;Oeste;Engavetamento;1;;3;;;;;;;;5;;;;
15/06/2011;08:46:00;48;sem vítima;618;BR-324/BA;Oeste;Saida de Pista;1;;;;;;;;;;1;;;;
15/06/2011;10:23:00;63;sem vítima;619;BR-324/BA;Leste;Colisão Lateral;1;;1;;;;;;;;5;;;;
15/06/2011;08:38:00;46;sem vítima;620;BR-324/BA;Leste;Colisão Traseira;2;;;;;;;;;;2;;;;
15/06/2011;08:51:00;49;sem vítima;622;BR-324/BA;Oeste;Colisão Traseira;2;;;;;;;;;;2;;;;
15/06/2011;19:33:00;156;com vítima;624,5999755859375;BR-324/BA;Leste;Colisão Traseira;2;;;;;;;;;;3;2;;;
16/06/2011;14:59:00;123;sem vítima;618;BR-116/BA;Sul;Saida de Pista;1;;;;;1;;;;;2;;;;
16/06/2011;07:50:00;42;sem vítima;625,5;BR-116/BA;Norte;Colisão Traseira;;;1;;1;;;;;;2;;;;
16/06/2011;17:38:00;154;sem vítima;519,7999877929688;BR-324/BA;Leste;Colisão Traseira;2;;;;;;;;;;4;;;;
16/06/2011;08:23:00;49;sem vítima;520,7999877929688;BR-324/BA;Leste;Engavetamento;2;;;;;1;;;;;3;;;;
16/06/2011;15:25:00;130;sem vítima;522;BR-324/BA;Oeste;Colisão Traseira;2;;;;;;;;;;2;;;;
16/06/2011;05:39:00;22;sem vítima;527,0999755859375;BR-324/BA;Oeste;Saida de Pista;1;;;;;;;;;;1;;;;
16/06/2011;15:52:00;136;sem vítima;533;BR-324/BA;Leste;Colisão Lateral;2;;;;;;;;;;2;;;;
16/06/2011;05:04:00;19;sem vítima;536,5;BR-324/BA;Leste;Saida de Pista;1;;1;;;;;;;;2;;;;
16/06/2011;19:33:00;169;sem vítima;539;BR-324/BA;Leste;Saida de Pista;;;;;1;;;;;;1;;;;
16/06/2011;19:50:00;172;sem vítima;611;BR-324/BA;Leste;Colisão Traseira;1;;1;;;;;;;;2;;;;
16/06/2011;17:53:00;155;sem vítima;618,5;BR-324/BA;Leste;Engavetamento;3;;;;;;;;;;3;;;;
16/06/2011;18:33:00;160;sem vítima;619;BR-324/BA;Leste;Colisão Lateral;1;;;;1;;;;;;2;;;;
16/06/2011;12:40:00;98;sem vítima;622;BR-324/BA;Leste;Colisão Lateral;;;2;;;;;;;;2;;;;
17/06/2011;16:34:00;143;com vítima;25;BR-116/BA - Cont VC;;Colisão Lateral;1;;1;;;;;;;;1;1;;;
17/06/2011;13:19:00;99;sem vítima;550,7999877929688;BR-324/BA;Leste;Colisão Traseira;;;;;;;;;;1;1;;;;
17/06/2011;13:05:00;95;sem vítima;551;BR-324/BA;Leste;Engavetamento;3;;;;;;;;;;3;;;;
17/06/2011;07:51:00;47;sem vítima;566;BR-324/BA;Leste;Saida de Pista;1;;1;;;;;;;;2;;;;
17/06/2011;14:34:00;112;sem vítima;568;BR-324/BA;Oeste;Colisão Traseira;;;1;;;;;;;1;3;;;;
17/06/2011;18:03:00;165;sem vítima;568;BR-324/BA;Oeste;Saida de Pista;;;;;1;;;;;;40;;;;
17/06/2011;18:00:00;221;sem vítima;568,0999755859375;BR-324/BA;Oeste;Colisão Traseira;1;;1;;;;;;;;2;;;;
17/06/2011;15:27:00;123;com vítima;569;BR-324/BA;Oeste;Colisão Traseira;1;;1;;;;;;;;1;;1;1;
17/06/2011;17:59:00;162;sem vítima;569,2000122070312;BR-324/BA;Oeste;Colisão Traseira;;;2;;;;;;;;3;;;;
17/06/2011;14:32:00;111;sem vítima;616,2999877929688;BR-324/BA;Leste;Engavetamento;6;;;;;1;;;;;11;;;;
17/06/2011;08:01:00;50;sem vítima;621,5;BR-324/BA;Leste;Colisão Traseira;2;;2;;;;;;;;4;;;;
18/06/2011;14:49:00;137;com vítima;18;BR-116/BA - Cont VC;;Queda de Moto;;;;1;;;;;;;0;1;;;
18/06/2011;23:35:00;229;com vítima;18;BR-116/BA - Cont VC;;Colisão Transversal;;;1;1;;;;;;;2;1;;;
18/06/2011;18:35:00;170;sem vítima;611;BR-116/BA;Sul;Colisão Lateral;;;2;;;;;;;;2;;;;
18/06/2011;16:06:00;147;com vítima;634;BR-116/BA;Sul;Colisão Lateral;1;;;;;;;;;;1;1;;;
18/06/2011;09:40:00;85;com vítima;643;BR-116/BA;Norte;Colisão Traseira;2;;1;;;;;;;;3;3;;;
18/06/2011;06:36:00;39;com vítima;799;BR-116/BA;Norte;Colisão Lateral;1;;1;;;;;;;;5;2;;;
18/06/2011;01:20:00;6;com vítima;828;BR-116/BA;Norte;Colisão Traseira;1;;1;;;;;;;;1;1;;;1
18/06/2011;13:48:00;126;com vítima;865,7999877929688;BR-116/BA;Sul;Colisão Traseira;;;1;;;;;;;1;4;1;;;
18/06/2011;08:31:00;69;com vítima;518,0499877929688;BR-324/BA;Oeste;Colisão Traseira;1;;;1;;;;;;;1;2;;;
18/06/2011;23:11:00;227;com vítima;522,9000244140625;BR-324/BA;Oeste;Queda de Moto;;;;1;;;;;;;0;;;1;
18/06/2011;12:53:00;116;sem vítima;574,2999877929688;BR-324/BA;Oeste;Colisão Traseira;;;2;;;;;;;;2;;;;
18/06/2011;18:47:00;174;com vítima;603;BR-324/BA;Oeste;Atropelamento de Pedestre;;1;;;;1;;;;;1;;;1;
18/06/2011;14:19:00;134;sem vítima;610,2999877929688;BR-324/BA;Oeste;Saida de Pista;;;1;;;;;;;;1;;;;
18/06/2011;14:44:00;136;com vítima;617;BR-324/BA;Leste;Atropelamento de Pedestre;;;;;;1;;;;;1;;1;;
18/06/2011;21:16:00;199;sem vítima;618,0999755859375;BR-324/BA;Oeste;Colisão Traseira;1;;;;;1;;;;;2;;;;
18/06/2011;09:00:00;73;sem vítima;620;BR-324/BA;Leste;Colisão Traseira;2;;;;;;;;;;2;;;;
18/06/2011;01:10:00;4;sem vítima;620,2999877929688;BR-324/BA;Oeste;Saida de Pista;1;;;;;;;;;;1;;;;
18/06/2011;09:00:00;95;sem vítima;620,5999755859375;BR-324/BA;Leste;Colisão Traseira;1;;1;;;;;;;;2;;;;
19/06/2011;22:48:00;191;sem vítima;452,79998779296875;BR-116/BA;Norte;Colisão Traseira;;;1;;;;;;;;1;;;;
19/06/2011;02:13:00;12;com vítima;457,1000061035156;BR-116/BA;Norte;Colisão Lateral;;;1;;;;;;;1;3;6;1;1;
19/06/2011;10:09:00;72;sem vítima;478,70001220703125;BR-116/BA;Norte;Engavetamento;;;2;;1;;;;;;14;;;;
19/06/2011;06:28:00;43;com vítima;495;BR-116/BA;Norte;Tombamento;1;;1;;;;;;;;1;2;;;
19/06/2011;08:37:00;58;sem vítima;641;BR-116/BA;Norte;Tombamento;;;1;;;;;;;;1;;;;
19/06/2011;15:49:00;124;com vítima;674;BR-116/BA;Sul;Capotamento;1;;1;;;;;;;;1;3;;;
19/06/2011;03:50:00;19;com vítima;757;BR-116/BA;Norte;Queda de Moto;;;;1;;;;;;;0;1;;;
19/06/2011;21:01:00;182;sem vítima;832;BR-116/BA;Norte;Colisão Traseira;;;2;;;;;;;;4;;;;
19/06/2011;05:26:00;31;com vítima;523;BR-324/BA;Leste;Capotamento;1;;;;;;;;;;0;1;;;
19/06/2011;21:37:00;184;sem vítima;537,2999877929688;BR-324/BA;Leste;Saida de Pista;1;;;;;;;;;;4;;;;
19/06/2011;18:02:00;159;com vítima;547,2999877929688;BR-324/BA;Leste;Capotamento;1;;;;;;;;;;3;1;;;
19/06/2011;16:22:00;132;com vítima;593,2000122070312;BR-324/BA;Leste;Saida de Pista;1;;;;;;;;;;0;;1;;1
19/06/2011;13:37:00;104;sem vítima;614,5999755859375;BR-324/BA;Oeste;Saida de Pista;2;;;;;;;;;;9;;;;
19/06/2011;05:49:00;33;sem vítima;620;BR-324/BA;Oeste;Saida de Pista;1;;;;;;;;;;1;;;;
20/06/2011;09:29:00;75;sem vítima;432;BR-116/BA;Norte;Capotamento;1;;;;;;;;;;1;;;;
20/06/2011;09:01:00;69;com vítima;555;BR-116/BA;Norte;Tombamento;;;1;;;;;;;;0;1;;;
20/06/2011;08:54:00;66;com vítima;623,2000122070312;BR-116/BA;Sul;Queda de Moto;;;;1;;1;;;;;1;2;;;
20/06/2011;04:22:00;22;sem vítima;642,0999755859375;BR-116/BA;Norte;Colisão Lateral;;;2;;;;;;;;2;;;;
20/06/2011;18:30:00;192;sem vítima;818,2999877929688;BR-116/BA;Norte;Atropelamento de Animal;2;;1;;;;;;;;3;;;;
20/06/2011;08:46:00;64;com vítima;836;BR-116/BA;Norte;Colisão Traseira;;;1;;1;;;;;;1;1;;;
20/06/2011;16:29:00;162;sem vítima;521;BR-324/BA;Leste;Colisão Traseira;2;;;;;;;;;;2;;;;
20/06/2011;06:46:00;39;sem vítima;570;BR-324/BA;Leste;Saida de Pista;1;;;;;;;;;;1;;;;
20/06/2011;06:22:00;36;com vítima;572;BR-324/BA;Leste;Colisão Traseira;;;;1;;1;;;;;1;;;1;
20/06/2011;03:27:00;16;sem vítima;590,5;BR-324/BA;Leste;Saida de Pista;1;;;;;;;;;;1;;;;
20/06/2011;09:39:00;77;sem vítima;609,0999755859375;BR-324/BA;Oeste;Colisão Traseira;2;;;;;;;;;;4;;;;
20/06/2011;07:49:00;54;com vítima;615,7999877929688;BR-324/BA;Leste;Colisão Lateral;;;1;1;;;;;;;1;;1;;
20/06/2011;11:24:00;95;com vítima;625,5;BR-324/BA;Oeste;Queda de Moto;;;;1;;;;;;;0;1;;;
21/06/2011;08:41:00;54;com vítima;426,8999938964844;BR-116/BA;Sul;Colisão Transversal;1;;1;;;;;;;;3;2;;;
21/06/2011;03:53:00;23;com vítima;458;BR-116/BA;Norte;Colisão Traseira;;;2;;;;;;;;1;1;;;
21/06/2011;23:05:00;233;com vítima;672,9000244140625;BR-116/BA;Sul;Colisão Lateral;1;;;1;;;;;;;4;1;;;
21/06/2011;19:03:00;178;sem vítima;519;BR-324/BA;Oeste;Engavetamento;;;3;;;;;;;;3;;;;
21/06/2011;16:17:00;132;sem vítima;522;BR-324/BA;Oeste;Engavetamento;3;;;;;;;;;;3;;;;
21/06/2011;17:18:00;144;com vítima;523;BR-324/BA;Oeste;Sequência;3;;;1;;;;;;;3;1;;1;
21/06/2011;17:39:00;155;com vítima;528;BR-324/BA;Leste;Atropelamento de Pedestre;;;;;;1;;;;;1;1;;;
21/06/2011;18:16:00;165;sem vítima;568;BR-324/BA;Oeste;Colisão Traseira;;;1;;;1;;;;;2;;;;
21/06/2011;15:09:00;107;sem vítima;569,5;BR-324/BA;Oeste;Colisão Lateral;1;;;;;1;;;;;2;;;;
21/06/2011;15:27:00;115;sem vítima;599;BR-324/BA;Leste;Engavetamento;3;;;;;;;;;;3;;;;
21/06/2011;23:56:00;243;sem vítima;612,9000244140625;BR-324/BA;Leste;Capotamento;1;;;;;;;;;;1;;;;
21/06/2011;15:13:00;109;sem vítima;616;BR-324/BA;Oeste;Colisão Traseira;1;;1;;;;;;;;2;;;;
21/06/2011;21:20:00;213;com vítima;616;BR-324/BA;Leste;Queda de Moto;;;;1;;;;;;;0;1;;;
21/06/2011;00:10:00;3;sem vítima;619;BR-324/BA;Leste;Colisão Lateral;1;;1;;;;;;;;3;;;;
21/06/2011;18:21:00;167;sem vítima;623;BR-324/BA;Oeste;Engavetamento;3;;;;;;;;;;7;;;;
21/06/2011;22:52:00;227;com vítima;623,5999755859375;BR-324/BA;Oeste;Saida de Pista;;;;1;;;;;;;0;1;;1;
22/06/2011;21:52:00;297;sem vítima;427;BR-116/BA;Sul;Colisão Traseira;1;;;1;;;;;;;6;;;;
22/06/2011;02:46:00;22;sem vítima;593;BR-116/BA;Norte;Capotamento;1;;;;;;;;;;4;;;;
22/06/2011;18:15:00;242;com vítima;620;BR-116/BA;Norte;Atropelamento de Pedestre;;1;;;;;;;;;1;1;;;
22/06/2011;20:52:00;279;sem vítima;786;BR-116/BA;Sul;Saida de Pista;;;1;;;;;;;;2;;;;
22/06/2011;19:50:00;269;com vítima;877,2000122070312;BR-116/BA;Norte;Choque - Outros;1;;1;;;1;;;;;2;1;;;
22/06/2011;05:44:00;46;sem vítima;910,2999877929688;BR-116/BA;Norte;Saida de Pista;;;1;;;;;;;;1;;;;
22/06/2011;17:33:00;225;com vítima;530;BR-324/BA;Oeste;Colisão Lateral;1;;;1;;;;;;;0;2;;;
22/06/2011;20:56:00;280;sem vítima;537;BR-324/BA;Leste;Saida de Pista;1;;;;;;;;;;5;;;;
22/06/2011;14:35:00;167;com vítima;555;BR-324/BA;Oeste;Queda de Moto;;;;1;;;;;;;0;1;;;
22/06/2011;19:40:00;265;sem vítima;561;BR-324/BA;Leste;Saida de Pista;1;;;;;1;;;;;2;;;;
22/06/2011;11:41:00;133;sem vítima;565,0999755859375;BR-324/BA;Oeste;Colisão Traseira;2;;;;;;;;;;2;;;;
22/06/2011;17:10:00;213;com vítima;570;BR-324/BA;Oeste;Colisão Lateral;1;;;1;;;;;;;2;;1;;
22/06/2011;14:56:00;175;sem vítima;572;BR-324/BA;Oeste;Colisão Traseira;1;;;;;1;;;;;2;;;;
22/06/2011;10:11:00;111;sem vítima;574;BR-324/BA;Oeste;Engavetamento;3;;;;;;;;;;6;;;;
22/06/2011;05:47:00;47;sem vítima;584;BR-324/BA;Oeste;Engavetamento;1;;;;;2;;;;;3;;;;
22/06/2011;14:13:00;163;sem vítima;608;BR-324/BA;Oeste;Engavetamento;3;;;;;;;;;;3;;;;
23/06/2011;21:25:00;274;sem vítima;426,29998779296875;BR-116/BA;Norte;Colisão Traseira;2;;;;;;;;;;9;;;;
23/06/2011;15:29:00;206;sem vítima;437;BR-116/BA;Sul;Colisão Traseira;2;;;;;;;;;;4;;;;
23/06/2011;10:34:00;143;sem vítima;458,20001220703125;BR-116/BA;Sul;Colisão Traseira;2;;;;;;;;;;5;;;;
23/06/2011;08:06:00;109;sem vítima;698;BR-116/BA;Norte;Colisão Traseira;1;;1;;;;;;;;3;;;;
23/06/2011;21:20:00;271;com vítima;706;BR-116/BA;Norte;Atropelamento - Ciclista;;1;;;;1;;;;;1;1;1;;
23/06/2011;09:16:00;120;sem vítima;713;BR-116/BA;Sul;Colisão Frontal;2;;1;;;;;;;;9;;;;
23/06/2011;14:38:00;191;com vítima;830,3099975585938;BR-116/BA;Sul;Atropelamento - Ciclista;1;1;;;;;;;;;2;1;;;
23/06/2011;10:08:00;138;sem vítima;871,5999755859375;BR-116/BA;Norte;Capotamento;1;;;;;;;;;;3;;;;
23/06/2011;15:26:00;204;sem vítima;523;BR-324/BA;Oeste;Colisão Traseira;1;;1;;;;;;;;2;;;;
23/06/2011;22:26:00;284;com vítima;523;BR-324/BA;Leste;Choque Contra Objeto Fixo;1;;;;;;;;;;2;1;2;;
23/06/2011;13:07:00;171;sem vítima;527;BR-324/BA;Oeste;Saida de Pista;1;;;;;;;;;;1;;;;
23/06/2011;13:07:00;175;sem vítima;527;BR-324/BA;Oeste;Colisão Traseira;1;;;;;1;;;;;2;;;;
23/06/2011;14:37:00;190;sem vítima;542;BR-324/BA;Oeste;Colisão Traseira;1;;1;;;;;;;;2;;;;
23/06/2011;09:28:00;126;com vítima;549;BR-324/BA;Oeste;Queda de Moto;;;;1;;;;;;;1;1;;;
23/06/2011;19:12:00;256;com vítima;556;BR-324/BA;Oeste;Queda de Moto;;;;1;;;;;;;0;1;;;
23/06/2011;19:30:00;260;sem vítima;560;BR-324/BA;Oeste;Saida de Pista;1;;;;;;;;;;1;;;;
23/06/2011;07:53:00;104;com vítima;562;BR-324/BA;Oeste;Colisão Lateral;1;;1;;;;;;;;5;1;;;
23/06/2011;00:49:00;15;sem vítima;566;BR-324/BA;Oeste;Colisão Traseira;2;;;;;;;;;;2;;;;
23/06/2011;03:10:00;42;com vítima;568;BR-324/BA;Oeste;Colisão Traseira;;;;2;;;;;;;0;3;;;
23/06/2011;23:08:00;291;com vítima;586;BR-324/BA;Leste;Capotamento;1;;;;;;;;;;0;;;;2
23/06/2011;05:22:00;64;com vítima;592;BR-324/BA;Oeste;Queda de Moto;;;;1;;;;;;;0;1;;;
23/06/2011;17:17:00;229;com vítima;606,5999755859375;BR-324/BA;Oeste;Atropelamento de Pedestre;;;;1;;;;;;;0;1;1;1;
23/06/2011;08:23:00;114;com vítima;617,5;BR-324/BA;Oeste;Queda de Moto;1;;;1;;;;;;;1;1;;;
23/06/2011;06:47:00;83;com vítima;618,7999877929688;BR-324/BA;Oeste;Atropelamento de Pedestre;;;;;;1;;;;;1;1;;;
23/06/2011;00:43:00;13;com vítima;625;BR-324/BA;Leste;Queda de Moto;;;;1;;;;;;;0;;1;;
24/06/2011;16:37:00;176;com vítima;8;BR-116/BA - ContSuFS;;Atropelamento de Pedestre;;;;;;1;;;;;2;2;;;
24/06/2011;06:46:00;53;sem vítima;431;BR-116/BA;Sul;Saida de Pista;1;;;;;;;;;;5;;;;
24/06/2011;14:48:00;151;sem vítima;495;BR-116/BA;Norte;Colisão Frontal;;;2;;;;;;;;2;;;;
24/06/2011;04:09:00;29;com vítima;531,4000244140625;BR-116/BA;Sul;Colisão Lateral;;;;1;;;;;;1;7;;;1;
24/06/2011;13:29:00;134;com vítima;631;BR-116/BA;Norte;Queda de Moto;;;;1;;;;;;;0;2;;;
24/06/2011;10:49:00;103;sem vítima;815,4000244140625;BR-116/BA;Norte;Colisão Traseira;;;2;;;;;;;;2;;;;
24/06/2011;14:26:00;148;sem vítima;534;BR-324/BA;Oeste;Saida de Pista;1;;;;;;;;;;1;;;;
24/06/2011;00:37:00;5;sem vítima;553;BR-324/BA;Oeste;Saida de Pista;1;;;;;;;;;;1;;;;
24/06/2011;17:21:00;183;sem vítima;555;BR-324/BA;Leste;Saida de Pista;1;;;;;;;;;;1;;;;
24/06/2011;20:51:00;225;com vítima;557;BR-324/BA;Leste;Saida de Pista;1;;;;;;;;;;4;2;;;
24/06/2011;17:50:00;195;com vítima;570;BR-324/BA;Oeste;Queda de Moto;;;;1;;;;;;;0;2;;;
24/06/2011;19:17:00;214;sem vítima;608;BR-324/BA;Oeste;Saida de Pista;1;;;;;;;;;;1;;;;
24/06/2011;23:18:00;244;sem vítima;622,2000122070312;BR-324/BA;Oeste;Queda de Moto;;;;1;;;;;;;2;;;;
25/06/2011;09:04:00;65;sem vítima;1;BR-116/BA - ContSuFS;;Colisão Lateral;1;;;1;;;;;;;2;;;;
25/06/2011;20:43:00;204;com vítima;914;BR-116/BA;Norte;Colisão Frontal;2;;;;;;;;;;1;3;;;
25/06/2011;15:23:00;138;com vítima;523;BR-324/BA;Leste;Colisão Lateral;1;;1;;;;;;;;1;1;;;
25/06/2011;05:30:00;34;sem vítima;540;BR-324/BA;Oeste;Atropelamento de Animal;1;;;;;;;;;;1;;;;
25/06/2011;11:20:00;97;sem vítima;560,0499877929688;BR-324/BA;Leste;Saida de Pista;1;;1;;;1;;;;;5;;;;
25/06/2011;05:00:00;31;sem vítima;562;BR-324/BA;Leste;Colisão Traseira;1;;;;;1;;;;;2;;;;
25/06/2011;06:41:00;40;sem vítima;591;BR-324/BA;Leste;Saida de Pista;1;;;;;;;;;;3;;;;
25/06/2011;17:40:00;175;com vítima;608;BR-324/BA;Leste;Colisão Transversal;1;;1;;;;;;;;1;2;;1;
25/06/2011;15:02:00;134;com vítima;610;BR-324/BA;Leste;Colisão Traseira;1;;;1;;1;;;;;2;1;1;;
26/06/2011;11:46:00;121;com vítima;5;BR-116/BA - ContSuFS;;Colisão Lateral;1;;1;;;;;;;;1;3;;;
26/06/2011;23:01:00;322;sem vítima;437;BR-116/BA;Norte;Colisão Traseira;1;;;;;;;;;1;3;;;;
26/06/2011;04:12:00;29;com vítima;457;BR-116/BA;Norte;Colisão Frontal;1;;;;;;;;;2;5;;;5;
26/06/2011;07:19:00;50;sem vítima;495,5;BR-116/BA;Norte;Colisão Traseira;2;;;;;;;;;;8;;;;
26/06/2011;17:59:00;228;com vítima;674,2000122070312;BR-116/BA;Sul;Atropelamento - Ciclista;;1;;1;;;;;;;1;2;;;
26/06/2011;13:53:00;148;sem vítima;548;BR-324/BA;Leste;Engavetamento;4;;;;;;;;;1;5;;;;
26/06/2011;10:26:00;99;sem vítima;550;BR-324/BA;Leste;Engavetamento;3;;;;;;;;;;3;;;;
26/06/2011;10:30:00;101;sem vítima;557;BR-324/BA;Leste;Tombamento;;;1;;;;;;;;1;;;;
26/06/2011;07:31:00;52;sem vítima;560;BR-324/BA;Oeste;Colisão Traseira;2;;;;;;;;;;7;;;;
26/06/2011;15:50:00;187;com vítima;574;BR-324/BA;Leste;Colisão Lateral;1;;;1;;;;;;;1;2;;;
26/06/2011;23:11:00;325;sem vítima;577,7000122070312;BR-324/BA;Leste;Colisão Traseira;2;;;;1;;;;;;3;;;;
26/06/2011;17:38:00;218;com vítima;586;BR-324/BA;Leste;Queda de Moto;;;;1;;;;;;;0;1;;;
27/06/2011;16:17:00;216;com vítima;7;BR-116/BA - ContSuFS;;Colisão Lateral;;;;1;;;1;;;;1;1;;;
27/06/2011;09:31:00;114;sem vítima;430;BR-116/BA;Sul;Colisão Lateral;1;;1;;;;;;;;2;;;;
27/06/2011;06:38:00;67;com vítima;431;BR-116/BA;Norte;Engavetamento;1;;1;;1;;;;;;2;1;;;
27/06/2011;15:39:00;204;sem vítima;461;BR-116/BA;Norte;Colisão Lateral;1;;1;;;;;;;;6;;;;
27/06/2011;06:59:00;73;com vítima;486;BR-116/BA;Norte;Colisão Lateral;1;;;;;;;;;1;2;1;;;
27/06/2011;09:09:00;110;com vítima;569;BR-116/BA;Norte;Colisão Traseira;;;2;;;;;;;;2;1;;;
27/06/2011;09:00:00;203;sem vítima;570;BR-116/BA;Norte;;;;1;;;;;;;;1;;;;
27/06/2011;15:41:00;205;sem vítima;578;BR-116/BA;Norte;Colisão Lateral;1;;;;1;;;;;;3;;;;
27/06/2011;16:37:00;221;sem vítima;667;BR-116/BA;Sul;Colisão Lateral;1;;1;;;;;;;;3;;;;
27/06/2011;14:02:00;185;sem vítima;518;BR-324/BA;Leste;Tombamento;;;1;;;;;;;;1;;;;
27/06/2011;15:01:00;192;com vítima;537;BR-324/BA;Leste;Colisão Traseira;1;;;1;;;;;;;1;1;;;
27/06/2011;05:59:00;57;sem vítima;540;BR-324/BA;Leste;Engavetamento;1;;;;;2;;;;;3;;;;
27/06/2011;07:24:00;78;sem vítima;548;BR-324/BA;Leste;Engavetamento;1;;2;;;;;;;;3;;;;
27/06/2011;19:53:00;270;com vítima;580,2000122070312;BR-324/BA;Leste;Capotamento;1;;;;;;;;;;1;4;1;;
27/06/2011;14:19:00;235;sem vítima;583,2999877929688;BR-324/BA;Leste;Colisão Traseira;2;;1;;;;;;;;10;;;;
27/06/2011;13:14:00;166;sem vítima;587;BR-324/BA;Leste;Colisão Traseira;2;;;;;;;;;;4;;;;
27/06/2011;19:51:00;269;sem vítima;594,7999877929688;BR-324/BA;Leste;Engavetamento;2;;1;;;;;;;1;13;;;;
27/06/2011;18:06:00;248;sem vítima;599;BR-324/BA;Leste;Colisão Traseira;1;;1;;;;;;;;4;;;;
27/06/2011;08:51:00;103;sem vítima;599,9000244140625;BR-324/BA;Leste;Colisão Traseira;3;;;;;;;;;1;13;;;;
27/06/2011;08:41:00;99;sem vítima;601,0499877929688;BR-324/BA;Leste;Colisão Traseira;2;;;;;;;;;;5;;;;
27/06/2011;09:50:00;117;sem vítima;601,5999755859375;BR-324/BA;Leste;Colisão Traseira;2;;;;;;;;;;4;;;;
27/06/2011;11:07:00;137;com vítima;605,5;BR-324/BA;Leste;Colisão Lateral;1;;;1;;;;;;;5;1;;;
27/06/2011;10:26:00;124;sem vítima;615,9000244140625;BR-324/BA;Leste;Colisão Traseira;2;;;;;;;;;;2;;;;
28/06/2011;10:42:00;107;sem vítima;606;BR-116/BA;Sul;Colisão Lateral;1;;1;;;;;;;;2;;;;
28/06/2011;09:25:00;86;sem vítima;525,0999755859375;BR-324/BA;Leste;Colisão Traseira;1;;1;;;;;;;;2;;;;
28/06/2011;06:06:00;30;sem vítima;527;BR-324/BA;Oeste;Outros;;;1;;;;;;;;1;;;;
28/06/2011;04:00:00;19;sem vítima;530;BR-324/BA;Leste;Choque Contra Objeto Fixo;;;;;;;;;;1;1;;;;
28/06/2011;05:23:00;23;sem vítima;537;BR-324/BA;Oeste;Saida de Pista;1;;;;;;;;;;2;;;;