data;horario;n_da_ocorrencia;tipo_de_ocorrencia;km;trecho;sentido;tipo_de_acidente;automovel;bicicleta;caminhao;moto;onibus;outros;tracao_animal;transporte_de_cargas_especiais;trator_maquinas;utilitarios;ilesos;levemente_feridos;moderadamente_feridos;gravemente_feridos;mortos
19/07/2011;03:48:00;8;sem vítima;584;BR-116/BA;Norte;Saida de Pista;;;1;;;;;;;;1;;;;
19/07/2011;19:40:00;137;com vítima;674;BR-116/BA;Norte;Colisão Transversal;1;;1;;;;;;;;1;1;;;
19/07/2011;17:44:00;117;sem vítima;742;BR-116/BA;Sul;Colisão Transversal;1;;1;;;;;;;;6;;;;
19/07/2011;08:47:00;36;sem vítima;554;BR-324/BA;Oeste;Colisão Traseira;2;;;;;;;;;;3;;;;
19/07/2011;17:57:00;119;com vítima;611;BR-324/BA;Leste;Engavetamento;3;;;1;;;;;;;7;1;;;
19/07/2011;15:01:00;94;sem vítima;615;BR-324/BA;Leste;Engavetamento;3;;;;;;;;;;3;;;;
20/07/2011;06:54:00;28;sem vítima;451,29998779296875;BR-116/BA;Norte;Colisão Lateral;1;;1;;;;;;;;4;;;;
20/07/2011;21:53:00;147;sem vítima;582;BR-116/BA;Norte;Tombamento;;;1;;;;;;;;1;;;;
20/07/2011;01:53:00;8;com vítima;806;BR-116/BA;Norte;Saida de Pista;1;;;;;;;;;;1;1;;;
20/07/2011;15:41:00;101;sem vítima;617,5;BR-324/BA;Oeste;Colisão Lateral;1;;1;;;;;;;;2;;;;
20/07/2011;14:59:00;90;sem vítima;620;BR-324/BA;Oeste;Colisão Lateral;1;;1;;;;;;;;2;;;;
20/07/2011;19:52:00;139;com vítima;620,7999877929688;BR-324/BA;Leste;Queda de Moto;;;;1;;;;;;;0;1;;;
21/07/2011;18:40:00;152;sem vítima;7;BR-116/BA - Cont VC;;Colisão Lateral;2;;;;;;;;;;2;;;;
21/07/2011;17:44:00;146;com vítima;468;BR-116/BA;Sul;Queda de Moto;;;;1;;;;;;;1;1;;;
21/07/2011;16:43:00;134;com vítima;867,7999877929688;BR-116/BA;Sul;Capotamento;1;;;;;;;;;;1;6;;;
21/07/2011;23:16:00;176;sem vítima;580;BR-324/BA;Oeste;Saida de Pista;1;;;;;;;;;;2;;;;
21/07/2011;19:01:00;154;sem vítima;613,2999877929688;BR-324/BA;Leste;Engavetamento;3;;;;;;;;;;3;;;;
22/07/2011;18:29:00;135;com vítima;454,5;BR-116/BA;Sul;Colisão Traseira;;;2;;;;;;;;1;1;;;
22/07/2011;11:17:00;74;com vítima;485,20001220703125;BR-116/BA;Norte;Colisão Frontal;;;4;;;;;;;;0;2;1;;2
22/07/2011;17:18:00;124;sem vítima;518,5;BR-324/BA;Oeste;Colisão Traseira;2;;;;;;;;;;2;;;;
22/07/2011;17:25:00;126;com vítima;574;BR-324/BA;Oeste;Capotamento;1;;;;;;;;;;0;4;;;
22/07/2011;08:09:00;37;sem vítima;617,7999877929688;BR-324/BA;Leste;Colisão Traseira;;;1;;1;;;;;;4;;;;
22/07/2011;07:53:00;29;sem vítima;619,5;BR-324/BA;Leste;Colisão Traseira;3;;;;;1;;;;;7;;;;
22/07/2011;08:43:00;45;sem vítima;619,5;BR-324/BA;Leste;Colisão Traseira;2;;;;;;;;;;2;;;;
23/07/2011;08:32:00;58;com vítima;429;BR-116/BA;Norte;Tombamento;;;1;;;;;;;;0;;1;;
23/07/2011;19:00:00;161;com vítima;485;BR-116/BA;Norte;Colisão Lateral;1;;1;;;;;;;;1;1;;;
23/07/2011;05:35:00;24;sem vítima;548,0999755859375;BR-116/BA;Norte;Saida de Pista;;;1;;;;;;;;1;;;;
23/07/2011;11:18:00;83;com vítima;664;BR-116/BA;Sul;Queda de Moto;;;;2;;;;;;;1;1;;;
23/07/2011;14:02:00;110;sem vítima;692,5;BR-116/BA;Sul;Colisão Lateral;1;;1;;;;;;;;3;;;;
23/07/2011;21:23:00;174;com vítima;782;BR-116/BA;Sul;Queda de Moto;;;;1;;;;;;;1;1;;;
23/07/2011;18:30:00;156;com vítima;820;BR-116/BA;Norte;Colisão Frontal;1;;1;;;;;;;;1;1;;;
23/07/2011;14:56:00;114;com vítima;877,5999755859375;BR-116/BA;Norte;Engavetamento;;;3;;1;;;;;;48;2;;;
23/07/2011;23:54:00;191;com vítima;525;BR-324/BA;Oeste;Saida de Pista;1;;;;;;;;;;0;1;;;
23/07/2011;07:15:00;40;com vítima;545;BR-324/BA;Leste;Colisão Lateral;2;;;;;;;;;;2;1;1;;
23/07/2011;16:26:00;127;sem vítima;588;BR-324/BA;Oeste;Capotamento;1;;;;;;;;;;1;;;;
23/07/2011;06:48:00;36;com vítima;594,7999877929688;BR-324/BA;Oeste;Atropelamento de Pedestre;;;;;;1;;;;;1;1;;;
23/07/2011;15:09:00;117;sem vítima;619;BR-324/BA;Oeste;Colisão Traseira;3;;;;;;;;;;6;;;;
24/07/2011;18:57:00;167;com vítima;18;BR-116/BA - Cont VC;;Atropelamento - Ciclista;;1;;1;;;;;;;1;1;;;
24/07/2011;20:07:00;177;com vítima;428;BR-116/BA;Sul;Atropelamento de Pedestre;;;;;;1;;;;;1;1;;;
24/07/2011;12:33:00;87;com vítima;442;BR-116/BA;Norte;Tombamento;;;1;;;;;;;;0;2;;;
24/07/2011;14:51:00;107;com vítima;457,3999938964844;BR-116/BA;Sul;Colisão Transversal;;;;1;;1;;;;;1;1;;;
24/07/2011;06:27:00;26;com vítima;463;BR-116/BA;Sul;Colisão Lateral;;;1;;;;;;;1;5;1;;;
24/07/2011;19:33:00;172;com vítima;472;BR-116/BA;Norte;Colisão Lateral;1;;1;;;;;;;;3;1;;;
24/07/2011;01:25:00;7;com vítima;644;BR-116/BA;Norte;Choque Contra Objeto Fixo;1;;;;;;;;;;0;3;;;
24/07/2011;09:30:00;65;com vítima;672;BR-116/BA;Sul;Colisão Traseira;;;1;1;;;;;;;1;;;1;
24/07/2011;00:31:00;4;com vítima;757;BR-116/BA;Norte;Colisão Traseira;1;;;;;1;;;;;2;1;;;
24/07/2011;20:36:00;184;com vítima;819;BR-116/BA;Sul;Colisão Lateral;2;;;;;;;;;;1;1;;;
24/07/2011;14:24:00;102;com vítima;898;BR-116/BA;Norte;Objeto lançado contra veículo;;;;;;1;;;;1;1;1;;;
24/07/2011;23:06:00;200;com vítima;918;BR-116/BA;Norte;Capotamento;1;;;;;;;;;;3;2;;;
24/07/2011;15:41:00;123;sem vítima;526;BR-324/BA;Leste;Colisão Traseira;;;;1;1;;;;;;8;;;;
24/07/2011;17:50:00;147;sem vítima;527;BR-324/BA;Leste;Capotamento;1;;;;;;;;;;2;;;;
24/07/2011;05:13:00;18;sem vítima;588,2000122070312;BR-324/BA;Leste;Saida de Pista;1;;;;;;;;;;4;;;;
24/07/2011;16:46:00;136;com vítima;620;BR-324/BA;Leste;Queda de Moto;;;;1;;;;;;;0;1;;;
24/07/2011;20:31:00;182;com vítima;622,7000122070312;BR-324/BA;Oeste;Queda de Moto;;;;1;;;;;;;0;;1;;
25/07/2011;06:40:00;37;sem vítima;2;BR-116/BA - ContSuFS;;Saida de Pista;;;1;;;;;;;;1;;;;
25/07/2011;11:23:00;104;sem vítima;461;BR-116/BA;Norte;Colisão Lateral;1;;1;;;;;;;;2;;;;
25/07/2011;14:42:00;131;com vítima;838,2999877929688;BR-116/BA;Sul;Capotamento;1;;;;;;;;;;0;1;2;;
25/07/2011;21:01:00;186;sem vítima;848;BR-116/BA;Norte;Colisão Traseira;1;;1;;;;;;;;2;;;;
25/07/2011;06:43:00;39;sem vítima;527;BR-324/BA;Oeste;Capotamento;1;;;;;;;;;;1;;;;
25/07/2011;07:59:00;57;com vítima;534,7000122070312;BR-324/BA;Oeste;Queda de Moto;;;;1;;;;;;;0;1;;;
25/07/2011;13:30:00;120;com vítima;566;BR-324/BA;Oeste;Saida de Pista;1;;;;;;;;;;0;;1;;
25/07/2011;10:27:00;94;com vítima;606;BR-324/BA;Oeste;Engavetamento;1;;3;;;;;;;;3;1;;;
25/07/2011;07:24:00;49;sem vítima;619;BR-324/BA;Leste;Colisão Traseira;2;;;;;;;;;;2;;;;
25/07/2011;18:23:00;158;com vítima;623;BR-324/BA;Oeste;Engavetamento;4;;;;;1;;;;;5;1;;;
25/07/2011;09:02:00;71;sem vítima;626;BR-324/BA;Leste;Colisão Traseira;2;;;;;;;;;;4;;;;
26/07/2011;12:42:00;80;sem vítima;487;BR-116/BA;Sul;Saida de Pista;;;1;;;;;;;;1;;;;
26/07/2011;19:29:00;143;sem vítima;640;BR-116/BA;Norte;Saida de Pista;;;1;;;;;;;;3;;;;
26/07/2011;10:47:00;69;sem vítima;521;BR-324/BA;Oeste;Colisão Traseira;2;;;;;1;;;;;5;;;;
26/07/2011;17:38:00;124;sem vítima;543;BR-324/BA;Oeste;Colisão Lateral;;;2;;;;;;;;2;;;;
26/07/2011;22:10:00;166;com vítima;545;BR-324/BA;Oeste;Colisão Traseira;;;2;;;;;;;;1;1;;;
26/07/2011;12:09:00;77;sem vítima;585;BR-324/BA;Oeste;Colisão Lateral;1;;1;;;;;;;;3;;;;
26/07/2011;16:46:00;118;com vítima;607;BR-324/BA;Oeste;Atropelamento de Pedestre;1;;;;;;;;;;1;1;;;
26/07/2011;09:31:00;49;sem vítima;607,2000122070312;BR-324/BA;Leste;Engavetamento;3;;;;;;;;;;10;;;;
26/07/2011;08:21:00;38;com vítima;614;BR-324/BA;Oeste;Colisão Frontal;1;;;1;;;;;;;1;1;;;
27/07/2011;18:07:00;163;sem vítima;7,699999809265137;BR-116/BA - ContSuFS;;Colisão Traseira;;;1;;1;;;;;;48;;;;
27/07/2011;23:28:00;217;sem vítima;434;BR-116/BA;Norte;Capotamento;1;;;;;;;;;;2;;;;
27/07/2011;22:04:00;211;com vítima;478;BR-116/BA;Norte;Colisão Frontal;;;2;;;;;;;;1;1;;;1
27/07/2011;17:16:00;156;sem vítima;624,7999877929688;BR-116/BA;Sul;Colisão Lateral;1;;;;;1;;;;;5;;;;
27/07/2011;08:02:00;50;sem vítima;659,0999755859375;BR-116/BA;Sul;Colisão Traseira;1;;;;;1;;;;;6;;;;
27/07/2011;18:59:00;173;com vítima;526;BR-324/BA;Oeste;Queda de Moto;;;;1;;;;;;;0;1;;;
27/07/2011;06:43:00;25;sem vítima;530;BR-324/BA;Oeste;Saida de Pista;1;;;;;;;;;;1;;;;
27/07/2011;14:55:00;126;sem vítima;542;BR-324/BA;Oeste;Colisão Frontal;2;;;;;;;;;;2;;;;
27/07/2011;17:48:00;166;sem vítima;545,2999877929688;BR-324/BA;Oeste;Saida de Pista;;;;;;;;;;1;1;;;;
27/07/2011;17:48:00;161;sem vítima;545,5999755859375;BR-324/BA;Oeste;Colisão Traseira;2;;;;;;;;;;4;;;;
27/07/2011;20:46:00;193;sem vítima;550;BR-324/BA;Oeste;Colisão Lateral;1;;1;;;;;;;;4;;;;
27/07/2011;13:15:00;104;sem vítima;595;BR-324/BA;Leste;Capotamento;1;;;;;;;;;;1;;;;
27/07/2011;07:41:00;40;sem vítima;605,5;BR-324/BA;Oeste;Colisão Traseira;2;;;;;;;;;;3;;;;
27/07/2011;18:28:00;165;sem vítima;613;BR-324/BA;Oeste;Colisão Traseira;2;;;;;;;;;;2;;;;
27/07/2011;17:14:00;155;com vítima;617;BR-324/BA;Oeste;Colisão Lateral;;;;1;;1;;;;;1;;;1;
28/07/2011;09:50:00;58;sem vítima;440;BR-116/BA;Sul;Colisão Traseira;;;2;;;;;;;;2;;;;
28/07/2011;03:48:00;16;sem vítima;442;BR-116/BA;Norte;Capotamento;1;;;;;;;;;;1;;;;
28/07/2011;13:43:00;104;com vítima;454;BR-116/BA;Sul;Colisão Traseira;2;;;;;;;;;;2;1;;;
28/07/2011;08:17:00;38;sem vítima;470;BR-116/BA;Sul;Colisão Traseira;;;2;;;;;;;;4;;;;
28/07/2011;00:17:00;3;com vítima;473;BR-116/BA;Norte;Colisão Traseira;1;;1;;;;;;;;2;1;;;
28/07/2011;07:12:00;24;sem vítima;479;BR-116/BA;Norte;Engavetamento;;;3;;;;;;;;3;;;;
28/07/2011;06:14:00;19;sem vítima;484;BR-116/BA;Sul;Colisão Traseira;;;2;;;;;;;;3;;;;
28/07/2011;17:34:00;151;sem vítima;644;BR-116/BA;Norte;Colisão Traseira;1;;;;;1;;;;;2;;;;
28/07/2011;19:16:00;164;sem vítima;665;BR-116/BA;Sul;Saida de Pista;;;1;;;;;;;;1;;;;
28/07/2011;01:41:00;6;sem vítima;561;BR-324/BA;Oeste;Saida de Pista;1;;1;;;;;;;;2;;;;
28/07/2011;15:59:00;130;sem vítima;582;BR-324/BA;Leste;Saida de Pista;1;;;;;;;;;;3;;;;
28/07/2011;05:44:00;18;com vítima;586;BR-324/BA;Leste;Capotamento;1;;;;;1;;;;;1;1;;;
28/07/2011;11:12:00;76;sem vítima;595,5;BR-324/BA;Oeste;Colisão Traseira;1;;1;;;;;;;;5;;;;
28/07/2011;20:15:00;169;com vítima;625;BR-324/BA;Oeste;Saida de Pista;1;;;;;;;;;;2;1;;;
29/07/2011;12:30:00;105;sem vítima;16;BR-116/BA - Cont VC;;Colisão Lateral;;;1;;;1;;;;;3;;;;
29/07/2011;12:54:00;109;sem vítima;25;BR-116/BA - Cont VC;;Colisão Transversal;;;1;;;1;;;;;2;;;;
29/07/2011;10:15:00;72;sem vítima;442;BR-116/BA;Norte;Capotamento;;;;;;;;;;1;1;;;;
29/07/2011;15:02:00;134;com vítima;532;BR-116/BA;Norte;Colisão Traseira;;;2;;;;;;;;2;1;;;
29/07/2011;06:02:00;26;com vítima;547,2000122070312;BR-116/BA;Sul;Saida de Pista;;;1;;;;;;;;0;1;;;
29/07/2011;07:46:00;41;sem vítima;554,0999755859375;BR-116/BA;Sul;Saida de Pista;1;;;;;;;;;;4;;;;
29/07/2011;19:45:00;199;sem vítima;777,5;BR-116/BA;Norte;Colisão Lateral;1;;;;;1;;;;;2;;;;
29/07/2011;07:20:00;36;sem vítima;818;BR-116/BA;Norte;Colisão Lateral;1;;1;;;;;;;;2;;;;
29/07/2011;10:54:00;82;com vítima;827,0999755859375;BR-116/BA;Norte;Colisão Traseira;1;;1;;;;;;;;5;3;;;
29/07/2011;09:35:00;63;com vítima;530;BR-324/BA;Oeste;Colisão Lateral;1;;1;;;;;;;;1;2;;;
29/07/2011;17:39:00;166;sem vítima;559;BR-324/BA;Oeste;Colisão Traseira;;;2;;;;;;;;2;;;;
29/07/2011;21:35:00;221;com vítima;565,9000244140625;BR-324/BA;Oeste;Tombamento;;;1;;;;;;;;0;;1;;
29/07/2011;20:10:00;206;sem vítima;567;BR-324/BA;Leste;Colisão Traseira;2;;;;;;;;;;2;;;;
29/07/2011;01:05:00;4;com vítima;592,9000244140625;BR-324/BA;Oeste;Capotamento;1;;;;;;;;;;0;1;;;
29/07/2011;06:33:00;30;sem vítima;616,4000244140625;BR-324/BA;Oeste;Colisão Traseira;2;;;;;;;;;;3;;;;
29/07/2011;17:17:00;159;sem vítima;618;BR-324/BA;Oeste;Colisão Lateral;1;;;;1;;;;;;2;;;;
29/07/2011;08:16:00;48;com vítima;619,5;BR-324/BA;Leste;Engavetamento;4;;;;;;;;;;5;2;;;
30/07/2011;15:48:00;117;com vítima;466;BR-116/BA;Sul;Colisão Traseira;2;;;;;1;;;;;7;;1;;
30/07/2011;16:05:00;122;sem vítima;472;BR-116/BA;Norte;Colisão Traseira;;;2;;;;;;;;2;;;;
30/07/2011;12:25:00;87;sem vítima;475,29998779296875;BR-116/BA;Norte;Colisão Traseira;;;2;;;;;;;;2;;;;
30/07/2011;03:42:00;19;sem vítima;581,7999877929688;BR-116/BA;Norte;Tombamento;;;1;;;;;;;;1;;;;
30/07/2011;06:26:00;34;sem vítima;620;BR-116/BA;Norte;Capotamento;1;;;;;;;;;;4;;;;
30/07/2011;06:19:00;31;sem vítima;654;BR-116/BA;Norte;Capotamento;1;;;;;;;;;;5;;;;
30/07/2011;03:18:00;16;com vítima;815;BR-116/BA;Norte;Atropelamento de Pedestre;;;;;;1;;;;;1;;;1;
30/07/2011;11:48:00;82;sem vítima;861;BR-116/BA;Sul;Colisão Lateral;;;2;;;;;;;;2;;;;
30/07/2011;22:49:00;183;com vítima;522;BR-324/BA;Oeste;Atropelamento de Pedestre;;;;;;;;;;;0;;;;1
30/07/2011;05:04:00;24;sem vítima;537,5999755859375;BR-324/BA;Oeste;Saida de Pista;1;;;;;;;;;;2;;;;
30/07/2011;16:53:00;134;com vítima;568,5;BR-324/BA;Oeste;Saida de Pista;2;;1;;;;;;;;2;4;;;
30/07/2011;17:30:00;145;sem vítima;568,9000244140625;BR-324/BA;Oeste;Engavetamento;3;;;;;;;;;;8;;;;
30/07/2011;17:42:00;171;sem vítima;568,9000244140625;BR-324/BA;Oeste;Saida de Pista;1;;;;;;;;;;2;;;;
30/07/2011;17:47:00;172;sem vítima;568,9000244140625;BR-324/BA;Oeste;Saida de Pista;1;;;;;;;;;;1;;;;
30/07/2011;15:53:00;119;sem vítima;580;BR-324/BA;Leste;Tombamento;;;1;;;;;;;;1;;;;
30/07/2011;03:15:00;15;sem vítima;588,7000122070312;BR-324/BA;Oeste;Colisão Traseira;2;;;;;;;;;;3;;;;
30/07/2011;17:52:00;144;sem vítima;623,2999877929688;BR-324/BA;Leste;Engavetamento;1;;1;;;2;;;;;4;;;;
31/07/2011;15:19:00;131;sem vítima;13;BR-116/BA - Cont VC;;Colisão Traseira;2;;;;;;;;;;6;;;;
31/07/2011;03:09:00;16;sem vítima;439;BR-116/BA;Sul;Saida de Pista;1;;;;;;;;;;2;;;;
31/07/2011;03:09:00;20;sem vítima;439;BR-116/BA;Sul;Colisão Traseira;;;1;;;1;;;;;4;;;;
31/07/2011;06:22:00;31;com vítima;454;BR-116/BA;Norte;Colisão Lateral;1;;1;;;;;;;;1;1;;;
31/07/2011;14:15:00;119;com vítima;570;BR-116/BA;Sul;Saida de Pista;;;1;;;;;;;;0;;1;1;
31/07/2011;10:53:00;156;sem vítima;641;BR-116/BA;Norte;Tombamento;;;1;;;;;;;;2;;;;
31/07/2011;04:55:00;23;sem vítima;852;BR-116/BA;Norte;Saida de Pista;;;1;;;;;;;;2;;;;
31/07/2011;01:18:00;9;com vítima;527;BR-324/BA;Leste;Saida de Pista;1;;;;;;;;;;0;1;1;;1
31/07/2011;06:53:00;38;sem vítima;530;BR-324/BA;Oeste;Saida de Pista;1;;;;;;;;;;1;;;;
31/07/2011;01:01:00;7;sem vítima;579,7000122070312;BR-324/BA;Oeste;Saida de Pista;1;;;;;;;;;;1;;;;
31/07/2011;04:27:00;21;sem vítima;620;BR-324/BA;Oeste;Saida de Pista;1;;;;;;;;;;1;;;;
31/07/2011;18:22:00;165;com vítima;620;BR-324/BA;Oeste;Tombamento;1;;;;;;;;;;0;;;1;
01/08/2011;16:07:00;162;com vítima;5;BR-116/BA - ContSuFS;;Colisão Lateral;;;;2;;;;;;;1;2;;;
01/08/2011;18:42:00;194;com vítima;10;BR-116/BA - Cont VC;;Engavetamento;2;1;;1;;;;;;;3;2;1;;
01/08/2011;06:47:00;34;com vítima;452;BR-116/BA;Sul;Colisão Lateral;2;;;;;;;;;;0;2;;;
01/08/2011;19:17:00;201;sem vítima;552;BR-116/BA;Sul;Saida de Pista;1;;;;;;;;;;3;;;;
01/08/2011;22:55:00;233;com vítima;573;BR-116/BA;Norte;Colisão Traseira;;;;;;;;;;2;13;1;;;
01/08/2011;15:50:00;155;sem vítima;604;BR-116/BA;Sul;Colisão Lateral;;;2;;;;;;;;5;;;;
01/08/2011;13:36:00;119;com vítima;689,7000122070312;BR-116/BA;Norte;Colisão Frontal;2;;;;;;;;;;6;3;;;
01/08/2011;22:25:00;226;com vítima;705;BR-116/BA;Sul;Saida de Pista;1;;;;;;;;;;1;1;;;
01/08/2011;21:40:00;224;sem vítima;523;BR-324/BA;Oeste;Atropelamento de Animal;1;;;;;;;;;;1;;;;
01/08/2011;15:15:00;147;com vítima;575,7999877929688;BR-324/BA;Leste;Saida de Pista;1;;;;;;;;;;1;3;1;;
01/08/2011;04:34:00;23;sem vítima;595,7999877929688;BR-324/BA;Leste;Colisão Lateral;;;2;;;;;;;;4;;;;
01/08/2011;18:02:00;183;com vítima;605,5;BR-324/BA;Oeste;Atropelamento de Pedestre;;;;1;;1;;;;;1;1;;;
01/08/2011;10:21:00;77;sem vítima;608;BR-324/BA;Oeste;Colisão Traseira;1;;1;;;;;;;;2;;;;
01/08/2011;16:46:00;167;sem vítima;612;BR-324/BA;Oeste;Colisão Traseira;4;;;;;;;;;;5;;;;
01/08/2011;00:25:00;7;com vítima;617,4000244140625;BR-324/BA;Oeste;Atropelamento de Animal;1;;;;;;;;;;0;;;1;
01/08/2011;07:06:00;40;com vítima;618;BR-324/BA;Oeste;Engavetamento;2;;;2;;;;;;;3;1;;;
01/08/2011;18:41:00;193;sem vítima;618;BR-324/BA;Oeste;Colisão Traseira;2;;;;;;;;;;4;;;;
01/08/2011;12:36:00;104;com vítima;619,2999877929688;BR-324/BA;Leste;Colisão Frontal;2;;;;;;;;;;1;2;;;
01/08/2011;16:35:00;165;sem vítima;622,5999755859375;BR-324/BA;Oeste;Capotamento;1;;1;;1;;;;;;4;;;;
02/08/2011;13:01:00;93;com vítima;449,5;BR-116/BA;Sul;Colisão Traseira;1;;;;;1;;;;;3;1;;;
02/08/2011;15:01:00;123;sem vítima;459,70001220703125;BR-116/BA;Sul;Colisão Traseira;;;2;;;;;;;;2;;;;
02/08/2011;09:36:00;61;sem vítima;567;BR-116/BA;Norte;Engavetamento;;;3;;;;;;;;3;;;;
02/08/2011;02:06:00;4;com vítima;526,7000122070312;BR-324/BA;Oeste;Capotamento;1;;;;;;;;;;3;1;;;
02/08/2011;22:55:00;201;sem vítima;560,4000244140625;BR-324/BA;Leste;Capotamento;1;;;;;;;;;;1;;;;
02/08/2011;13:53:00;107;sem vítima;598,5;BR-324/BA;Leste;Colisão Traseira;2;;;;;;;;;;7;;;;
02/08/2011;07:27:00;40;sem vítima;616;BR-324/BA;Oeste;Engavetamento;2;;;;;1;;;;;7;;;;
03/08/2011;14:39:00;120;sem vítima;426,3999938964844;BR-116/BA;Norte;Colisão Lateral;;;2;;;;;;;;2;;;;
03/08/2011;11:03:00;81;sem vítima;639;BR-116/BA;Norte;Engavetamento;3;;;;;;;;;;3;;;;
03/08/2011;06:34:00;32;com vítima;851,7999877929688;BR-116/BA;Norte;Colisão Traseira;2;;;;;1;;;;;4;2;;;
03/08/2011;08:14:00;46;com vítima;876,9000244140625;BR-116/BA;Sul;Colisão Traseira;1;;1;;;;;;;;1;1;;;
03/08/2011;06:23:00;31;com vítima;920;BR-116/BA;Sul;Tombamento;;;1;;;;;;;;0;2;;;
03/08/2011;06:22:00;30;sem vítima;519;BR-324/BA;Leste;Colisão Traseira;;;2;;;;;;;;2;;;;
03/08/2011;18:26:00;153;sem vítima;536,5;BR-324/BA;Oeste;Colisão Lateral;1;;;;;1;;;;;2;;;;
03/08/2011;04:35:00;14;com vítima;603;BR-324/BA;Leste;Tombamento;;;1;;;;;;;;0;1;;;
03/08/2011;09:55:00;67;sem vítima;609,4000244140625;BR-324/BA;Oeste;Colisão Traseira;;;1;;1;;;;;;2;;;;
03/08/2011;16:47:00;142;com vítima;622,1599731445312;BR-324/BA;Leste;Atropelamento de Pedestre;;;;;1;;;;;;1;;;;1
04/08/2011;11:07:00;59;sem vítima;589;BR-116/BA;Norte;Capotamento;1;;;;;;;;;;3;;;;
04/08/2011;14:29:00;90;com vítima;589,7999877929688;BR-116/BA;Sul;Tombamento;;;1;;;;;;;;0;1;;;
04/08/2011;22:45:00;171;com vítima;651;BR-116/BA;Sul;Tombamento;;;1;;;;;;;;0;1;;;
04/08/2011;17:26:00;129;sem vítima;613;BR-324/BA;Oeste;Colisão Lateral;1;;1;;;;;;;;2;;;;
05/08/2011;08:44:00;65;com vítima;1;BR-116/BA - ContSuFS;;Engavetamento;3;;;;;;;;;;1;1;1;;
05/08/2011;07:10:00;42;com vítima;2;BR-116/BA - ContSuFS;;Saida de Pista;1;;;;;;;;;;0;1;;;
05/08/2011;05:50:00;30;com vítima;7;BR-116/BA - ContSuFS;;Atropelamento de Animal;;;;1;;;;;;;0;1;;;
05/08/2011;13:41:00;129;com vítima;14;BR-116/BA - Cont VC;;Colisão Lateral;;;;2;;;;;;;1;2;;;
05/08/2011;13:12:00;124;sem vítima;478;BR-116/BA;Norte;Colisão Traseira;1;;1;;;;;;;;5;;;;
05/08/2011;15:58:00;149;sem vítima;480;BR-116/BA;Sul;Colisão Traseira;1;;;;;;;;;;1;;;;
05/08/2011;18:40:00;181;sem vítima;533;BR-116/BA;Sul;Capotamento;1;;;;;;;;;;1;;;;
05/08/2011;17:19:00;167;com vítima;787;BR-116/BA;Sul;Colisão Traseira;;;3;;;;;;;;3;;;1;
05/08/2011;16:13:00;153;sem vítima;819;BR-116/BA;Sul;Saida de Pista;;;1;;;;;;;;1;;;;
05/08/2011;10:09:00;88;sem vítima;524;BR-324/BA;Oeste;Choque - Veiculo parado no acostamento;1;;1;;;;;;;;3;;;;
05/08/2011;17:09:00;162;sem vítima;540;BR-324/BA;Leste;Capotamento;1;;;;;;;;;;2;;;;
05/08/2011;17:05:00;161;sem vítima;594,0999755859375;BR-324/BA;Oeste;Colisão Lateral;1;;1;;;;;;;;6;;;;
05/08/2011;23:57:00;231;com vítima;618;BR-324/BA;Oeste;Saida de Pista;1;;;;;;;;;;3;;1;;
05/08/2011;19:15:00;196;sem vítima;625,2999877929688;BR-324/BA;Leste;Colisão Traseira;2;;;;;;;;;;2;;;;
05/08/2011;19:07:00;185;sem vítima;626;BR-324/BA;Leste;Colisão Lateral;2;;;;;;;;;;2;;;;
06/08/2011;22:06:00;194;com vítima;8;BR-116/BA - ContSuFS;;Queda de Moto;;;;1;;;;;;;0;1;;;
06/08/2011;12:00:00;96;com vítima;442;BR-116/BA;Sul;Colisão Lateral;;;2;2;;;;;;;2;2;;;
06/08/2011;14:40:00;125;sem vítima;447,5;BR-116/BA;Norte;Engavetamento;1;;2;;;;;;;;3;;;;
06/08/2011;10:21:00;80;sem vítima;495;BR-116/BA;Sul;Colisão Traseira;;;2;;;;;;;;2;;;;
06/08/2011;19:15:00;169;com vítima;532;BR-324/BA;Oeste;Saida de Pista;1;;;;;;;;;;3;2;;;
06/08/2011;09:18:00;66;sem vítima;538;BR-324/BA;Oeste;Colisão Lateral;1;;1;;;;;;;;2;;;;
06/08/2011;10:08:00;76;sem vítima;556;BR-324/BA;Leste;Saida de Pista;1;;;;;;;;;;1;;;;
06/08/2011;15:51:00;137;sem vítima;556;BR-324/BA;Oeste;Saida de Pista;;;;;;;;;;1;1;;;;
06/08/2011;05:11:00;20;sem vítima;556,5999755859375;BR-324/BA;Oeste;Saida de Pista;1;;;;;;;;;;2;;;;
06/08/2011;06:04:00;22;com vítima;572,0999755859375;BR-324/BA;Oeste;Capotamento;1;;;;;;;;;;0;;;;1
06/08/2011;07:45:00;51;sem vítima;572,0999755859375;BR-324/BA;Oeste;Saida de Pista;1;;;;;1;;;;;2;;;;
06/08/2011;14:09:00;115;sem vítima;587,2999877929688;BR-324/BA;Leste;Colisão Lateral;1;;1;;;;;;;;7;;;;