data;horario;n_da_ocorrencia;tipo_de_ocorrencia;km;trecho;sentido;tipo_de_acidente;automovel;bicicleta;caminhao;moto;onibus;outros;tracao_animal;transporte_de_cargas_especiais;trator_maquinas;utilitarios;ilesos;levemente_feridos;moderadamente_feridos;gravemente_feridos;mortos
14/11/2011;11:04:00;95;sem vítima;570;BR-324/BA;Leste;Colisão Traseira;1;;1;;;;;;;;2;;;;
14/11/2011;09:29:00;76;sem vítima;474,3;BR-116/BA;Norte;Saida de Pista;;;1;;;;;;;;2;;;;
14/11/2011;14:09:00;139;com vítima;615;BR-324/BA;Oeste;Colisão Traseira;2;;1;;;1;;;;;1;;3;1;
14/11/2011;00:18:00;4;sem vítima;630;BR-116/BA;Sul;Colisão Lateral;;;2;;;;;;;;2;;;;
14/11/2011;00:59:00;7;sem vítima;736;BR-116/BA;Norte;Tombamento;;;1;;;;;;;;1;;;;
14/11/2011;19:38:00;208;com vítima;794,3;BR-116/BA;Sul;Tombamento;;;1;;;;;;;;0;1;;;
14/11/2011;07:56:00;57;com vítima;827,3;BR-116/BA;Norte;Queda de Moto;;;;1;;1;;;;;1;1;;;
15/11/2011;16:52:00;127;sem vítima;545,8;BR-324/BA;Leste;Colisão Traseira;1;;1;;;;;;;;3;;;;
15/11/2011;14:35:00;98;com vítima;474;BR-116/BA;Norte;Capotamento;1;;;;;;;;;;0;1;;;
15/11/2011;14:52:00;100;sem vítima;589;BR-324/BA;Leste;Saida de Pista;1;;;;;;;;;;3;;;;
15/11/2011;23:29:00;199;com vítima;621,9;BR-324/BA;Leste;Queda de Moto;;;;1;;;;;;;0;;1;1;
15/11/2011;17:56:00;145;sem vítima;683;BR-116/BA;Norte;Saida de Pista;1;;;;;;;;;;1;;;;
16/11/2011;20:57:00;179;com vítima;521,8;BR-324/BA;Leste;Atropelamento de Pedestre;;;;;;1;;;;;1;;1;;
16/11/2011;15:38:00;117;sem vítima;572,5;BR-324/BA;Oeste;Saida de Pista;1;;;;;;;;;;1;;;;
16/11/2011;06:51:00;30;sem vítima;593;BR-324/BA;Oeste;Colisão Lateral;1;;;;;1;;;;;2;;;;
16/11/2011;18:03:00;154;sem vítima;617,3;BR-324/BA;Oeste;Engavetamento;3;;;;;;;;;1;5;;;;
16/11/2011;22:10:00;201;sem vítima;619;BR-324/BA;Oeste;Colisão Traseira;2;;;;;;;;;;2;;;;
16/11/2011;20:59:00;180;com vítima;619,5;BR-324/BA;Oeste;Colisão Traseira;;;1;;1;;;;;;1;1;1;;
16/11/2011;12:39:00;84;com vítima;621;BR-324/BA;Oeste;Colisão Traseira;1;;;1;;;;;;;1;1;;;
16/11/2011;07:29:00;39;sem vítima;555,3;BR-116/BA;Norte;Saida de Pista;;;1;;;;;;;;1;;;;
16/11/2011;05:11:00;22;sem vítima;719;BR-116/BA;Norte;Atropelamento de Animal;;;1;;;;;;;;1;;;;
16/11/2011;20:33:00;177;com vítima;784,7;BR-116/BA;Norte;Atropelamento - Ciclista;1;1;;;;;;;;;1;1;;;
17/11/2011;15:49:00;123;sem vítima;1;BR-116/BA - ContSuFS;;Engavetamento;2;;1;;;;;;;;3;;;;
17/11/2011;14:49:00;107;com vítima;519;BR-324/BA;Oeste;Saida de Pista;1;;;;;;;;;;0;1;;;
17/11/2011;15:48:00;122;sem vítima;590,9;BR-324/BA;Oeste;Colisão Frontal;1;;1;;;;;;;;5;;;;
17/11/2011;20:47:00;180;sem vítima;623;BR-324/BA;Leste;Capotamento;1;;;;;;;;;;1;;;;
17/11/2011;06:36:00;24;sem vítima;552,9;BR-116/BA;Norte;Colisão Transversal;1;;1;;;;;;;;2;;;;
17/11/2011;20:11:00;172;sem vítima;564;BR-116/BA;Sul;Saida de Pista;1;;;;;;;;;;1;;;;
17/11/2011;17:43:00;147;sem vítima;638;BR-116/BA;Norte;Colisão Lateral;;;2;;;;;;;;2;;;;
17/11/2011;08:34:00;55;sem vítima;828,5;BR-116/BA;Sul;Colisão Traseira;2;;;;;;;;;;2;;;;
18/11/2011;09:35:00;90;sem vítima;519,9;BR-324/BA;Leste;Colisão Traseira;1;;1;;;;;;;;2;;;;
18/11/2011;17:01:00;180;sem vítima;522,3;BR-324/BA;Oeste;Engavetamento;2;;;;;1;;;;;3;;;;
18/11/2011;03:05:00;21;sem vítima;606,8;BR-324/BA;Leste;Capotamento;1;;;;;;;;;;1;;;;
18/11/2011;12:25:00;120;com vítima;610;BR-324/BA;Oeste;Queda de Moto;;;;1;;;;;;;0;1;;;
18/11/2011;09:28:00;75;sem vítima;615;BR-324/BA;Leste;Colisão Traseira;2;;;;;;;;;;2;;;;
18/11/2011;08:06:00;54;sem vítima;619,2;BR-324/BA;Leste;Colisão Lateral;1;;1;;;;;;;;2;;;;
18/11/2011;13:24:00;130;com vítima;620,05;BR-324/BA;Leste;Colisão Traseira;1;;1;;;;;;;;5;1;;;
18/11/2011;08:27:00;57;sem vítima;623;BR-324/BA;Oeste;Colisão Lateral;1;;;;;1;;;;;2;;;;
18/11/2011;09:58:00;86;sem vítima;569;BR-116/BA;Sul;Colisão Lateral;1;;;;;1;;;;;4;;;;
18/11/2011;09:50:00;84;com vítima;690;BR-116/BA;Sul;Engavetamento;;;2;;1;;;;;;43;1;;;
18/11/2011;21:52:00;231;sem vítima;833,8;BR-116/BA;Norte;Atropelamento de Animal;;;2;;;;;;;;2;;;;
18/11/2011;10:13:00;93;com vítima;843,9;BR-116/BA;Sul;Queda de Moto;;;;1;;;;;;;0;1;;;
19/11/2011;22:27:00;209;sem vítima;5,7;BR-116/BA - ContSuFS;;Saida de Pista;1;;;;;;;;;;1;;;;
19/11/2011;13:14:00;89;com vítima;434,2;BR-116/BA;Norte;Colisão Frontal;3;;;;;;;;;;3;2;1;;
19/11/2011;16:00:00;127;com vítima;549;BR-324/BA;Leste;Capotamento;1;;;;;;;;;;0;1;1;;
19/11/2011;12:40:00;87;sem vítima;551;BR-324/BA;Leste;Colisão Traseira;1;;1;;;;;;;;4;;;;
19/11/2011;15:21:00;118;com vítima;551,094;BR-324/BA;Oeste;Engavetamento;1;;2;;;;;;;;3;1;1;1;
19/11/2011;23:50:00;216;sem vítima;555;BR-324/BA;Leste;Saida de Pista;1;;;;;;;;;;2;;;;
19/11/2011;14:47:00;105;sem vítima;563;BR-324/BA;Oeste;Saida de Pista;1;;;;;;;;;;3;;;;
19/11/2011;15:28:00;121;com vítima;499,8;BR-116/BA;Sul;Queda de Moto;;;;1;;;;;;;0;2;;;
19/11/2011;12:01:00;79;sem vítima;597;BR-324/BA;Oeste;Saida de Pista;1;;;;;;;;;;1;;;;
19/11/2011;21:31:00;202;sem vítima;620;BR-324/BA;Leste;Engavetamento;2;;;;;;;;;1;5;;;;
19/11/2011;09:53:00;63;sem vítima;623;BR-324/BA;Oeste;Choque - Defensa, barreira ou "submarino";1;;;;;;;;;;1;;;;
19/11/2011;02:20:00;15;com vítima;650,5;BR-116/BA;Norte;Saida de Pista;1;;;;;;;;;;0;1;;;
19/11/2011;14:14:00;95;com vítima;815,3;BR-116/BA;Norte;Outros;;1;;;;;;;;;0;1;;;
19/11/2011;07:23:00;31;sem vítima;923,2;BR-116/BA;Norte;Colisão Traseira;1;;;;;;;;;;5;;;;
20/11/2011;03:43:00;22;com vítima;439,1;BR-116/BA;Sul;Saida de Pista;;;1;;;;;;;;0;1;;;
20/11/2011;21:07:00;160;com vítima;560;BR-324/BA;Leste;Colisão Traseira;2;;;;;1;;;;;7;2;;;
20/11/2011;09:48:00;54;com vítima;571,7;BR-324/BA;Oeste;Capotamento;1;;;;;;;;;;2;1;;;
20/11/2011;00:54:00;12;com vítima;509;BR-116/BA;Norte;Queda de Moto;;;;1;;;;;;;0;2;;;
20/11/2011;14:05:00;83;com vítima;604,4;BR-324/BA;Oeste;Saida de Pista;1;;;;;;;;;;0;;2;;
20/11/2011;13:06:00;76;sem vítima;599,3;BR-116/BA;Sul;Saida de Pista;;;1;;;;;;;;1;;;;
20/11/2011;20:55:00;158;sem vítima;696;BR-116/BA;Norte;Tombamento;;;1;;;;;;;;1;;;;
20/11/2011;19:54:00;148;com vítima;778;BR-116/BA;Sul;Colisão Lateral;;1;;1;;;;;;;0;;2;;
20/11/2011;21:19:00;162;com vítima;804;BR-116/BA;Norte;Colisão Lateral;;;;;;2;;;;;1;1;;;
20/11/2011;21:58:00;173;com vítima;828;BR-116/BA;Sul;Queda de Moto;;;;1;;;;;;;0;2;;;
20/11/2011;19:45:00;150;com vítima;839;BR-116/BA;Sul;Queda de Moto;;;;1;;;;;;;0;1;;;
20/11/2011;14:56:00;96;com vítima;860,9;BR-116/BA;Norte;Colisão Lateral;1;;1;;;;;;;;1;1;;;
21/11/2011;09:31:00;80;com vítima;4;BR-116/BA - ContSuFS;;Queda de Moto;;;;1;;;;;;;0;1;;;
21/11/2011;09:18:00;76;com vítima;537;BR-324/BA;Oeste;Colisão Lateral;1;;;1;;;;;;;1;1;;;
21/11/2011;17:33:00;173;com vítima;540;BR-324/BA;Leste;Atropelamento - Ciclista;;1;;;;1;;;;;2;;;1;
21/11/2011;10:28:00;96;com vítima;561;BR-324/BA;Oeste;Engavetamento;4;;;;;;;;;;3;1;;;
21/11/2011;14:36:00;139;com vítima;587,5;BR-324/BA;Leste;Colisão Traseira;1;;;1;;;;;;;3;1;;;
21/11/2011;07:08:00;42;com vítima;491;BR-116/BA;Sul;Tombamento;;;1;;;;;;;;0;1;;;
21/11/2011;09:04:00;72;sem vítima;606;BR-324/BA;Oeste;Colisão Lateral;1;;1;;;;;;;;2;;;;
21/11/2011;20:57:00;217;sem vítima;619,7;BR-324/BA;Leste;Colisão Traseira;1;;;;;;;;;1;5;;;;
21/11/2011;20:31:00;215;com vítima;620;BR-324/BA;Leste;Atropelamento de Pedestre;1;;;;;;;;;;1;;;;1
21/11/2011;07:18:00;44;com vítima;803;BR-116/BA;Norte;Colisão Traseira;;;;1;;1;;;;;1;1;;;
21/11/2011;13:46:00;128;com vítima;830;BR-116/BA;Norte;Saida de Pista;1;;;;;1;;;;;5;1;;;
21/11/2011;02:03:00;14;com vítima;857;BR-116/BA;Norte;Saida de Pista;1;;;;;;;;;;4;1;;;
22/11/2011;09:27:00;44;com vítima;9,3;BR-116/BA - Cont VC;;Tombamento;;;1;;;;;;;;0;1;;;
22/11/2011;03:12:00;18;com vítima;443,4;BR-116/BA;Norte;Tombamento;;;1;;;;;;;;0;1;;;1
22/11/2011;15:31:00;109;sem vítima;562,4;BR-324/BA;Oeste;Colisão Traseira;;;;;;1;;;;1;3;;;;
22/11/2011;05:38:00;24;sem vítima;467;BR-116/BA;Norte;Atropelamento de Animal;;;1;;;;;;;;1;;;;
22/11/2011;12:27:00;74;sem vítima;593,4;BR-324/BA;Leste;Capotamento;2;;;;;;;;;;3;;;;
22/11/2011;15:50:00;112;com vítima;622,1;BR-324/BA;Oeste;Atropelamento de Pedestre;;;;;;;;;;;0;;;1;
22/11/2011;17:12:00;126;sem vítima;623,8;BR-324/BA;Leste;Colisão Traseira;2;;;;;;;;;;4;;;;
22/11/2011;05:50:00;26;com vítima;756;BR-116/BA;Norte;Atropelamento de Pedestre;;;;;;1;;;;;1;1;;;
23/11/2011;19:31:00;174;sem vítima;5;BR-116/BA - ContSuFS;;Colisão Traseira;1;;1;;;;;;;;3;;;;
23/11/2011;07:59:00;43;sem vítima;521;BR-324/BA;Leste;Colisão Traseira;2;;;;;;;;;;2;;;;
23/11/2011;10:00:00;77;sem vítima;521;BR-324/BA;Leste;Colisão Lateral;1;;1;;;;;;;;2;;;;
23/11/2011;17:52:00;161;sem vítima;450,6;BR-116/BA;Norte;Colisão Traseira;;;2;;;;;;;;2;;;;
23/11/2011;08:36:00;55;sem vítima;543,2;BR-324/BA;Oeste;Saida de Pista;1;;;;;;;;;;1;;;;
23/11/2011;21:49:00;201;sem vítima;623,8;BR-324/BA;Oeste;Capotamento;1;;;;;;;;;;1;;;;
23/11/2011;15:03:00;141;com vítima;745,3;BR-116/BA;Norte;Tombamento;;;3;;;;;;;;2;1;;;
23/11/2011;15:10:00;145;com vítima;925;BR-116/BA;Norte;Colisão Traseira;;;3;;;;;;;;1;2;;;
24/11/2011;16:38:00;161;sem vítima;577,6;BR-324/BA;Oeste;Saida de Pista;1;;;;;;;;;;1;;;;
24/11/2011;06:01:00;20;com vítima;618;BR-324/BA;Oeste;Queda de Moto;;;;1;;;;;;;0;1;;;
24/11/2011;12:06:00;105;sem vítima;618,5;BR-324/BA;Leste;Colisão Traseira;1;;;;1;;;;;;2;;;;
24/11/2011;11:30:00;100;sem vítima;789;BR-116/BA;Sul;Colisão Lateral;1;;1;;;;;;;;3;;;;
24/11/2011;08:11:00;49;sem vítima;802;BR-116/BA;Sul;Saida de Pista;1;;;;;;;;;;2;;;;
25/11/2011;22:55:00;231;sem vítima;5;BR-116/BA - ContSuFS;;Saida de Pista;1;;;;;;;;;;1;;;;
25/11/2011;16:52:00;162;com vítima;518;BR-324/BA;Oeste;Colisão Traseira;;;;1;;1;;;;;1;1;;;
25/11/2011;08:15:00;57;sem vítima;518,3;BR-324/BA;Leste;Colisão Traseira;1;;1;;;;;;;;3;;;;
25/11/2011;19:09:00;190;sem vítima;519;BR-324/BA;Oeste;Engavetamento;4;;;;;;;;;;7;;;;
25/11/2011;08:32:00;59;sem vítima;521,8;BR-324/BA;Leste;Colisão Traseira;;;2;;;;;;;;2;;;;
25/11/2011;18:36:00;187;com vítima;534;BR-324/BA;Oeste;Queda de Moto;;;;1;;;;;;;0;1;;;
25/11/2011;12:00:00;106;sem vítima;534,2;BR-324/BA;Leste;Colisão Frontal;;;1;;;;;;;1;16;;;;
25/11/2011;12:56:00;115;sem vítima;536,2;BR-324/BA;Oeste;Colisão Lateral;1;;1;;;;;;;;2;;;;
25/11/2011;05:17:00;27;com vítima;543;BR-324/BA;Leste;Saida de Pista;1;;;;1;;;;;;1;2;;;
25/11/2011;18:59:00;188;sem vítima;556;BR-324/BA;Leste;Capotamento;1;;;;;;;;;;1;;;;
25/11/2011;06:56:00;41;com vítima;604;BR-324/BA;Oeste;Queda de Moto;;;;1;;;;;;;0;1;;;
25/11/2011;21:46:00;223;sem vítima;612,3;BR-324/BA;Oeste;Saida de Pista;1;;;;;;;;;;1;;;;
25/11/2011;14:27:00;133;sem vítima;613;BR-324/BA;Leste;Colisão Traseira;1;;1;;;;;;;;2;;;;
25/11/2011;16:16:00;155;sem vítima;615;BR-324/BA;Leste;Engavetamento;5;;;;;1;;;;;6;;;;
25/11/2011;14:34:00;135;com vítima;819;BR-116/BA;Norte;Colisão Lateral;;;1;1;;;;;;;1;;1;;
26/11/2011;17:31:00;139;com vítima;1;BR-116/BA - ContSuFS;;Atropelamento de Pedestre;;;;;;1;;;;;1;1;;;
26/11/2011;13:38:00;103;sem vítima;8;BR-116/BA - ContSuFS;;Colisão Traseira;2;;;;;;;;;;2;;;;
26/11/2011;23:25:00;204;com vítima;432,5;BR-116/BA;Norte;Queda de Moto;;;;1;;;;;;;0;;1;;
26/11/2011;06:40:00;24;com vítima;551;BR-324/BA;Leste;Saida de Pista;;;1;;;;;;;;0;1;;;
26/11/2011;22:36:00;197;com vítima;555,1;BR-324/BA;Oeste;Capotamento;1;;;;;;;;;;1;1;;;
26/11/2011;03:42:00;16;com vítima;461;BR-116/BA;Sul;Colisão Lateral;1;;1;;;;;;;;1;1;;;
26/11/2011;17:34:00;141;sem vítima;561;BR-324/BA;Leste;Saida de Pista;;;1;;;;;;;;1;;;;
26/11/2011;16:12:00;124;sem vítima;568,7;BR-324/BA;Leste;Saida de Pista;1;;;;;;;;;;1;;;;
26/11/2011;17:19:00;133;sem vítima;597;BR-324/BA;Oeste;Queda de Moto;;;;1;;;;;;;1;;;;
26/11/2011;17:34:00;143;sem vítima;613;BR-324/BA;Leste;Saida de Pista;1;;;;;;;;;;1;;;;
26/11/2011;11:07:00;75;sem vítima;623;BR-324/BA;Leste;Colisão Traseira;3;;;;;;;;;;4;;;;
26/11/2011;00:53:00;7;com vítima;711;BR-116/BA;Sul;Colisão Lateral;1;;1;;;;;;;;1;;1;;
26/11/2011;14:47:00;111;sem vítima;783;BR-116/BA;Norte;Colisão Traseira;;;2;;;;;;;;2;;;;
26/11/2011;23:59:00;209;sem vítima;820;BR-116/BA;Sul;Atropelamento de Animal;1;;;;;;;;;;4;;;;
26/11/2011;20:34:00;182;sem vítima;828;BR-116/BA;Sul;Saida de Pista;1;;;;;;;;;;1;;;;
27/11/2011;16:21:00;136;sem vítima;4;BR-116/BA - ContSuFS;;Colisão Traseira;1;;;;;1;;;;;2;;;;
27/11/2011;22:25:00;213;sem vítima;6,3;BR-116/BA - ContSuFS;;Saida de Pista;1;;;;;;;;;;1;;;;
27/11/2011;18:19:00;168;sem vítima;520;BR-324/BA;Leste;Colisão Traseira;1;;;;;1;;;;;2;;;;
27/11/2011;18:23:00;170;sem vítima;520;BR-324/BA;Leste;Colisão Traseira;2;;;;;;;;;;5;;;;
27/11/2011;08:52:00;59;sem vítima;520,3;BR-324/BA;Leste;Saida de Pista;1;;;;;;;;;;1;;;;
27/11/2011;20:25:00;195;sem vítima;520,9;BR-324/BA;Leste;Colisão Traseira;2;;;;;1;;;;;4;;;;
27/11/2011;08:10:00;50;sem vítima;529;BR-324/BA;Leste;Colisão Lateral;1;;1;;;;;;;;2;;;;
27/11/2011;03:25:00;18;sem vítima;542,5;BR-324/BA;Oeste;Choque Contra Objeto Fixo;;;1;;;;;;;;1;;;;
27/11/2011;05:01:00;26;sem vítima;552;BR-324/BA;Leste;Saida de Pista;;;1;;;;;;;;1;;;;
27/11/2011;05:14:00;27;sem vítima;560,4;BR-324/BA;Oeste;Saida de Pista;1;;;;;;;;;;3;;;;
27/11/2011;19:07:00;180;sem vítima;564;BR-324/BA;Oeste;Saida de Pista;1;;;;;;;;;;1;;;;
27/11/2011;03:25:00;17;sem vítima;576;BR-324/BA;Leste;Saida de Pista;1;;;;;;;;;;1;;;;
27/11/2011;04:09:00;23;sem vítima;620,3;BR-324/BA;Oeste;Saida de Pista;1;;;;;;;;;;1;;;;
27/11/2011;12:47:00;97;com vítima;621;BR-324/BA;Leste;Atropelamento de Pedestre;1;;;;;;;;;;1;;;1;
27/11/2011;03:03:00;15;com vítima;828;BR-116/BA;Sul;Queda de Moto;;;;1;;;;;;;0;2;;;
28/11/2011;15:06:00;136;sem vítima;520,3;BR-324/BA;Leste;Colisão Traseira;;;;;1;;;;;1;3;;;;
28/11/2011;17:20:00;164;sem vítima;447,8;BR-116/BA;Sul;Colisão Traseira;1;;1;;;;;;;;2;;;;
28/11/2011;20:55:00;195;sem vítima;463,3;BR-116/BA;Sul;Saida de Pista;1;;;;;;;;;;1;;;;
28/11/2011;21:21:00;202;com vítima;618;BR-324/BA;Oeste;Choque - Outros;1;;;;;;;;;;0;1;;;
28/11/2011;07:15:00;36;sem vítima;619;BR-324/BA;Leste;Colisão Traseira;2;;;;;;;;;;3;;;;
28/11/2011;07:22:00;38;sem vítima;528,2;BR-116/BA;Norte;Saida de Pista;;;1;;;;;;;;1;;;;
28/11/2011;13:22:00;112;sem vítima;651,05;BR-116/BA;Sul;Capotamento;1;;;;;;;;;;1;;;;
28/11/2011;10:55:00;85;sem vítima;745;BR-116/BA;Sul;Colisão Lateral;1;;1;;;;;;;;2;;;;
29/11/2011;16:28:00;138;sem vítima;434;BR-116/BA;Norte;Colisão Lateral;1;;2;;;;;;;;3;;;;
29/11/2011;15:28:00;123;sem vítima;437,5;BR-116/BA;Sul;Colisão Traseira;1;;1;;;;;;;;2;;;;
29/11/2011;11:42:00;95;sem vítima;519,3;BR-324/BA;Oeste;Colisão Traseira;;;2;;;;;;;;2;;;;
29/11/2011;23:22:00;201;com vítima;457;BR-116/BA;Norte;Saida de Pista;1;;;;;;;;;;0;1;;;
29/11/2011;07:41:00;44;sem vítima;458;BR-116/BA;Sul;Engavetamento;1;;2;;;;;;;;3;;;;
29/11/2011;11:46:00;96;sem vítima;500;BR-116/BA;Sul;Colisão Traseira;;;2;;;;;;;;2;;;;
29/11/2011;15:37:00;129;sem vítima;599;BR-324/BA;Leste;Colisão Traseira;2;;;;;;;;;;4;;;;
29/11/2011;07:30:00;39;sem vítima;608,8;BR-324/BA;Leste;Colisão Traseira;1;;1;;;;;;;;6;;;;
29/11/2011;23:07:00;199;com vítima;574,15;BR-116/BA;Norte;Colisão Traseira;;;2;;;;;;;;1;1;;;
29/11/2011;05:14:00;18;sem vítima;621;BR-116/BA;Sul;Saida de Pista;1;;;;;;;;;;5;;;;
29/11/2011;23:08:00;200;sem vítima;640;BR-116/BA;Norte;Tombamento;;;1;;;;;;;;1;;;;
29/11/2011;07:00:00;30;sem vítima;673;BR-116/BA;Norte;Colisão Lateral;;;2;;;;;;;;2;;;;
29/11/2011;13:21:00;109;sem vítima;783,4;BR-116/BA;Sul;Colisão Traseira;;;2;;;;;;;;2;;;;
29/11/2011;16:11:00;134;sem vítima;789,3;BR-116/BA;Norte;Tombamento;;;1;;;;;;;;1;;;;
29/11/2011;19:23:00;173;sem vítima;821,8;BR-116/BA;Sul;Tombamento;;;1;;;;;;;;1;;;;
30/11/2011;03:48:00;11;sem vítima;545,95;BR-324/BA;Leste;Saida de Pista;1;;;;;1;;;;;2;;;;
30/11/2011;20:48:00;181;sem vítima;551;BR-324/BA;Oeste;Colisão Traseira;1;;1;;;;;;;1;4;;;;
30/11/2011;14:12:00;109;sem vítima;591;BR-324/BA;Oeste;Colisão Traseira;2;;;;;;;;;;9;;;;
30/11/2011;17:51:00;155;sem vítima;614,1;BR-324/BA;Leste;Colisão Traseira;1;;;;;;;;;1;2;;;;
30/11/2011;07:08:00;33;com vítima;620,3;BR-324/BA;Leste;Queda de Moto;;;;1;;1;;;;;1;1;;;
30/11/2011;20:57:00;182;sem vítima;541;BR-116/BA;Norte;Saida de Pista;;;1;;;1;;;;;2;;;;
01/12/2011;16:02:00;131;com vítima;15;BR-116/BA - Cont VC;;Capotamento;1;;;;;;;;;;0;1;;;
01/12/2011;07:51:00;28;sem vítima;448;BR-116/BA;Sul;Engavetamento;1;;;;1;;;;;1;3;;;;
01/12/2011;11:03:00;75;com vítima;566,5;BR-324/BA;Oeste;Queda de Moto;;;;1;;;;;;;0;2;;;
01/12/2011;16:19:00;133;sem vítima;599;BR-324/BA;Oeste;Colisão Traseira;1;;1;;;;;;;;10;;;;
01/12/2011;12:43:00;94;com vítima;541,2;BR-116/BA;Norte;Tombamento;;;1;;;;;;;;0;1;;;
01/12/2011;08:09:00;35;sem vítima;579;BR-116/BA;Norte;Saida de Pista;;;1;;;;;;;;1;;;;
01/12/2011;05:33:00;14;com vítima;843,3;BR-116/BA;Sul;Colisão Lateral;1;;;;1;;;;;;16;2;1;;
02/12/2011;13:45:00;104;com vítima;520;BR-324/BA;Leste;Colisão Lateral;1;;1;1;;;;;;;4;1;;1;
02/12/2011;19:43:00;193;sem vítima;527;BR-324/BA;Oeste;Saida de Pista;1;;;;;1;;;;;2;;;;
02/12/2011;18:31:00;182;sem vítima;528;BR-324/BA;Leste;Colisão Traseira;;;1;;1;;;;;;10;;;;
02/12/2011;15:38:00;130;com vítima;532,005;BR-324/BA;Leste;Saida de Pista;1;;;;;1;;;;;1;2;;;
02/12/2011;00:03:00;1;com vítima;560,9;BR-324/BA;Oeste;Capotamento;;;;;;;;;;1;0;1;1;;
02/12/2011;16:00:00;134;sem vítima;575;BR-324/BA;Oeste;Capotamento;1;;;;;;;;;;1;;;;
02/12/2011;13:33:00;97;sem vítima;502;BR-116/BA;Sul;Colisão Traseira;1;;1;;;;;;;;2;;;;
02/12/2011;20:21:00;198;com vítima;608;BR-324/BA;Oeste;Capotamento;1;;;;;;;;;;0;;1;;
02/12/2011;04:56:00;12;com vítima;620,3;BR-324/BA;Oeste;Capotamento;1;;;;;;;;;;0;1;;;
02/12/2011;19:18:00;191;com vítima;623;BR-324/BA;Leste;Atropelamento de Pedestre;;;;;1;;;;;;10;1;;;
02/12/2011;16:08:00;137;sem vítima;782,4;BR-116/BA;Norte;Colisão Traseira;;;2;;;;;;;;2;;;;
02/12/2011;21:46:00;204;com vítima;786;BR-116/BA;Norte;Colisão Frontal;1;;;;;;;;;;0;;;;1
02/12/2011;16:53:00;148;sem vítima;884,1;BR-116/BA;Norte;Colisão Traseira;;;1;;;1;;;;;2;;;;
03/12/2011;15:38:00;130;com vítima;3;BR-116/BA - ContSuFS;;Queda de Moto;;;;1;;;;;;;0;2;;;
03/12/2011;15:47:00;133;sem vítima;3;BR-116/BA - ContSuFS;;Saida de Pista;;;1;;;;;;;;1;;;;
03/12/2011;11:15:00;74;sem vítima;523,3;BR-324/BA;Oeste;Colisão Traseira;2;;;;;;;;;;2;;;;
03/12/2011;06:59:00;29;sem vítima;551;BR-324/BA;Oeste;Colisão Traseira;;;1;;1;;;;;;2;;;;
03/12/2011;14:49:00;113;sem vítima;569;BR-324/BA;Leste;Choque - Defensa, barreira ou "submarino";1;;;;;;;;;;1;;;;
03/12/2011;19:40:00;190;sem vítima;619;BR-324/BA;Oeste;Colisão Traseira;2;;;;;1;;;;;5;;;;
03/12/2011;18:28:00;170;sem vítima;576,2;BR-116/BA;Sul;Colisão Traseira;;;2;;;;;;;;2;;;;
03/12/2011;00:52:00;5;com vítima;583,3;BR-116/BA;Norte;Colisão Frontal;;;2;;1;;;;;;0;1;7;5;31
03/12/2011;19:01:00;181;com vítima;634;BR-116/BA;Sul;Queda de Moto;;;;1;;;;;;;0;1;;;
03/12/2011;18:46:00;176;com vítima;868,2;BR-116/BA;Norte;Colisão Frontal;;;1;1;;;;;;;1;;;;1
03/12/2011;21:47:00;205;sem vítima;891,5;BR-116/BA;Sul;Saida de Pista;1;;;;;;;;;;1;;;;
04/12/2011;20:05:00;175;sem vítima;19;BR-116/BA - Cont VC;;Saida de Pista;;;1;;;;;;;;1;;;;
04/12/2011;20:54:00;183;sem vítima;20;BR-116/BA - Cont VC;;Saida de Pista;1;;;;;;;;;;1;;;;
04/12/2011;09:20:00;40;com vítima;526,8;BR-324/BA;Leste;Capotamento;1;;;;;;;;;;0;1;;;
04/12/2011;15:45:00;106;sem vítima;478,5;BR-116/BA;Norte;Colisão Lateral;;;2;;;;;;;;2;;;;
04/12/2011;18:17:00;153;com vítima;485,8;BR-116/BA;Norte;Colisão Lateral;;;2;;;;;;;;2;1;;;
04/12/2011;23:15:00;207;com vítima;618;BR-324/BA;Leste;Capotamento;1;;;;;;;;;;0;1;;;
04/12/2011;12:05:00;71;sem vítima;896;BR-116/BA;Norte;Colisão Lateral;1;;1;;;;;;;;2;;;;
05/12/2011;07:08:00;40;com vítima;3;BR-116/BA - ContSuFS;;Colisão Lateral;;;;;;2;;;;;2;1;;;
05/12/2011;05:46:00;22;com vítima;8;BR-116/BA - ContSuFS;;Colisão Traseira;1;;;1;;;;;;;1;1;;;
05/12/2011;07:34:00;46;com vítima;522,1;BR-324/BA;Oeste;Colisão Traseira;;;1;;;1;;;;;1;1;;;
05/12/2011;20:17:00;218;sem vítima;551;BR-324/BA;Oeste;Colisão Traseira;1;;1;;;;;;;;2;;;;
05/12/2011;06:42:00;32;sem vítima;565,1;BR-324/BA;Leste;Saida de Pista;;;1;;;;;;;;1;;;;
05/12/2011;08:05:00;58;sem vítima;595;BR-324/BA;Leste;Colisão Lateral;;;2;;;;;;;;2;;;;
05/12/2011;16:10:00;167;com vítima;786;BR-116/BA;Sul;Saida de Pista;1;;;;;;;;;;0;1;;;
06/12/2011;17:44:00;177;sem vítima;537;BR-324/BA;Leste;Colisão Traseira;1;;1;;;;;;;;2;;;;
06/12/2011;21:39:00;211;sem vítima;625;BR-324/BA;Oeste;Saida de Pista;1;;;;;;;;;;1;;;;
06/12/2011;13:53:00;120;sem vítima;626;BR-324/BA;Leste;Engavetamento;3;;;;;;;;;;6;;;;