data;horario;n_da_ocorrencia;tipo_de_ocorrencia;km;trecho;sentido;tipo_de_acidente;automovel;bicicleta;caminhao;moto;onibus;outros;tracao_animal;transporte_de_cargas_especiais;trator_maquinas;utilitarios;ilesos;levemente_feridos;moderadamente_feridos;gravemente_feridos;mortos
20/12/2011;21:37:00;213;com vítima;8;BR-116/BA - ContSuFS;;Queda de Moto;;;;1;;;;;;;0;1;1;;
20/12/2011;05:49:00;23;com vítima;441;BR-116/BA;Norte;Colisão Frontal;1;;1;;;;;;;;0;;3;;
20/12/2011;07:37:00;38;sem vítima;535,4;BR-324/BA;Leste;Colisão Traseira;;;2;;;;;;;;2;;;;
20/12/2011;01:29:00;5;sem vítima;551;BR-324/BA;Leste;Atropelamento de Animal;;;1;;;;;;;;1;;;;
20/12/2011;07:08:00;32;sem vítima;490;BR-116/BA;Norte;Colisão Traseira;1;;1;;;;;;;;2;;;;
20/12/2011;16:39:00;159;sem vítima;602;BR-324/BA;Oeste;Saida de Pista;1;;;;;1;;;;;2;;;;
20/12/2011;22:28:00;222;sem vítima;509;BR-116/BA;Norte;Saida de Pista;1;;;;;;;;;;1;;;;
20/12/2011;07:38:00;39;com vítima;609;BR-324/BA;Leste;Queda de Moto;;;;1;;1;;;;;1;1;;;
20/12/2011;08:15:00;45;sem vítima;609;BR-324/BA;Leste;Saida de Pista;1;;;;;;;;;;1;;;;
20/12/2011;20:17:00;206;com vítima;618;BR-324/BA;Oeste;Colisão Lateral;1;;;1;;;;;;;1;1;;;
20/12/2011;09:28:00;57;sem vítima;537,2;BR-116/BA;Sul;Colisão Lateral;;;1;;;1;;;;;2;;;;
20/12/2011;17:49:00;175;sem vítima;571,3;BR-116/BA;Norte;Colisão Traseira;;;2;;;;;;;;2;;;;
20/12/2011;17:21:00;169;sem vítima;703,1;BR-116/BA;Sul;Colisão Transversal;2;;;;;1;;;;;3;;;;
21/12/2011;12:15:00;100;sem vítima;520,89;BR-324/BA;Leste;Colisão Lateral;;;2;;;;;;;;2;;;;
21/12/2011;14:23:00;123;sem vítima;525,3;BR-324/BA;Oeste;Colisão Traseira;1;;;;;1;;;;;4;;;;
21/12/2011;08:35:00;54;sem vítima;537,1;BR-324/BA;Oeste;Colisão Lateral;2;;;;;;;;;;2;;;;
21/12/2011;15:57:00;142;sem vítima;563,7;BR-324/BA;Oeste;Colisão Traseira;2;;;;;;;;;;2;;;;
21/12/2011;15:39:00;138;sem vítima;563,9;BR-324/BA;Oeste;Colisão Traseira;2;;;;;;;;;;4;;;;
21/12/2011;06:27:00;27;sem vítima;619,4;BR-324/BA;Oeste;Atropelamento de Pedestre;;;;1;;;;;;;2;;;;
21/12/2011;20:13:00;205;com vítima;574;BR-116/BA;Norte;Queda de Moto;;;;1;;;;;;;0;1;;;
21/12/2011;16:51:00;154;sem vítima;629;BR-116/BA;Norte;Colisão Traseira;2;;;;;;;;;;2;;;;
21/12/2011;11:12:00;87;sem vítima;694;BR-116/BA;Sul;Saida de Pista;1;;;;;;;;;;1;;;;
21/12/2011;21:29:00;217;com vítima;728,4;BR-116/BA;Norte;Colisão Frontal;;;2;;;;;;;;0;1;;;1
21/12/2011;23:54:00;233;com vítima;735,5;BR-116/BA;Norte;Engavetamento;1;;2;;;;;;;;3;1;;;1
22/12/2011;13:01:00;140;sem vítima;428,8;BR-116/BA;Norte;Colisão Traseira;2;;;;;;;;;;4;;;;
22/12/2011;18:01:00;217;sem vítima;524;BR-324/BA;Oeste;Engavetamento;3;;;;;;;;;;5;;;;
22/12/2011;12:06:00;129;sem vítima;545,3;BR-324/BA;Leste;Colisão Traseira;2;;;;;;;;;;8;;;;
22/12/2011;15:59:00;180;sem vítima;560;BR-324/BA;Oeste;Engavetamento;1;;;;;;;;;2;7;;;;
22/12/2011;17:48:00;210;com vítima;587;BR-324/BA;Leste;Capotamento;1;;;;;;;;;;1;4;;;
22/12/2011;18:02:00;218;com vítima;616;BR-324/BA;Oeste;Queda de Moto;;;;1;;;;;;;1;1;;;
22/12/2011;21:58:00;265;com vítima;547,4;BR-116/BA;Norte;Colisão Lateral;;;;1;;1;;;;;1;1;;;
22/12/2011;07:48:00;52;com vítima;859;BR-116/BA;Sul;Colisão Transversal;;;;2;;;;;;;0;2;;;
22/12/2011;09:46:00;89;com vítima;865;BR-116/BA;Norte;Sequência;1;;2;;;;;;;;1;;1;;2
22/12/2011;10:36:00;101;sem vítima;900;BR-116/BA;Norte;Engavetamento;3;;;;;;;;;;6;;;;
22/12/2011;08:10:00;149;sem vítima;901;BR-116/BA;Sul;Colisão Traseira;1;;1;;;;;;;;2;;;;
22/12/2011;08:01:00;61;com vítima;901,3;BR-116/BA;Norte;Tombamento;;;1;;;;;;;;0;2;;;
23/12/2011;19:57:00;218;sem vítima;1;BR-116/BA - ContSuFS;;Engavetamento;3;;;;;;;;;;3;;;;
23/12/2011;15:24:00;152;sem vítima;7,9;BR-116/BA - ContSuFS;;Colisão Traseira;1;;;;;;;;;1;5;;;;
23/12/2011;08:13:00;64;sem vítima;530;BR-324/BA;Oeste;Saida de Pista;1;;;;;;;;;;1;;;;
23/12/2011;05:38:00;28;sem vítima;533;BR-324/BA;Leste;Saida de Pista;1;;;;;;;;;;1;;;;
23/12/2011;11:52:00;107;sem vítima;456,1;BR-116/BA;Sul;Engavetamento;;;3;;;;;;;;5;;;;
23/12/2011;11:30:00;104;sem vítima;456,6;BR-116/BA;Norte;Colisão Lateral;;;2;;;;;;;;3;;;;
23/12/2011;14:59:00;145;sem vítima;549,9;BR-324/BA;Oeste;Colisão Lateral;1;;1;;;;;;;;4;;;;
23/12/2011;10:45:00;95;sem vítima;462;BR-116/BA;Norte;Colisão Traseira;2;;;;;;;;;;10;;;;
23/12/2011;13:40:00;127;sem vítima;568;BR-324/BA;Oeste;Engavetamento;2;;;;;1;;;;;3;;;;
23/12/2011;13:28:00;124;sem vítima;568,1;BR-324/BA;Oeste;Sequência;1;;1;;;1;;;;;3;;;;
23/12/2011;21:08:00;230;com vítima;466;BR-116/BA;Sul;Colisão Traseira;1;;;;;1;;;;;1;3;;;
23/12/2011;14:50:00;228;com vítima;569,5;BR-324/BA;Oeste;Sequência;4;;;;;1;;;;;10;2;;;
23/12/2011;16:18:00;169;sem vítima;576;BR-324/BA;Oeste;Engavetamento;2;;;;1;1;;;;;24;;;;
23/12/2011;10:26:00;91;sem vítima;493;BR-116/BA;Norte;Saida de Pista;1;;;;;;;;;;3;;;;
23/12/2011;11:53:00;108;sem vítima;493,2;BR-116/BA;Sul;Colisão Traseira;;;1;;;1;;;;;2;;;;
23/12/2011;10:55:00;100;sem vítima;493,8;BR-116/BA;Norte;Colisão Traseira;1;;1;;;;;;;;5;;;;
23/12/2011;04:23:00;21;sem vítima;613;BR-324/BA;Oeste;Queda de Moto;;;;1;;;;;;;1;;;;
23/12/2011;12:13:00;112;com vítima;524;BR-116/BA;Sul;Saida de Pista;1;;;;;;;;;;2;1;;;
23/12/2011;17:06:00;179;sem vítima;650,5;BR-116/BA;Norte;Capotamento;1;;;;;;;;;;3;;;;
23/12/2011;09:28:00;80;com vítima;674;BR-116/BA;Sul;Colisão Traseira;;;;1;;1;;;;;2;;1;;
23/12/2011;11:50:00;105;com vítima;675;BR-116/BA;Sul;Queda de Moto;;;;1;;;;;;;0;2;;;
23/12/2011;06:27:00;36;com vítima;687;BR-116/BA;Norte;Saida de Pista;1;;;;;;;;;;4;1;;;
23/12/2011;12:14:00;115;com vítima;749;BR-116/BA;Sul;Colisão Lateral;;;;1;1;;;;;;3;1;;;
23/12/2011;10:33:00;92;sem vítima;757,5;BR-116/BA;Norte;Engavetamento;3;;;;;;;;;;12;;;;
23/12/2011;18:15:00;198;sem vítima;840;BR-116/BA;Sul;Colisão Lateral;1;;1;;;;;;;;6;;;;
24/12/2011;19:18:00;184;sem vítima;3;BR-116/BA - ContSuFS;;Colisão Transversal;;;;;;;;;;2;2;;;;
24/12/2011;14:07:00;121;sem vítima;431,7;BR-116/BA;Norte;Colisão Lateral;1;;1;;;;;;;;5;;;;
24/12/2011;12:14:00;111;com vítima;442;BR-116/BA;Sul;Engavetamento;2;;2;;;;;;;;7;3;1;;
24/12/2011;15:46:00;147;sem vítima;551;BR-324/BA;Oeste;Engavetamento;2;;;;;;;;;1;3;;;;
24/12/2011;21:08:00;218;com vítima;555,3;BR-324/BA;Oeste;Capotamento;1;;;;;;;;;;0;1;1;1;1
24/12/2011;15:28:00;138;com vítima;561;BR-324/BA;Oeste;Saida de Pista;1;;;;;1;;;;;1;1;;;
24/12/2011;12:11:00;108;sem vítima;569;BR-324/BA;Oeste;Engavetamento;4;;;;;;;;;;4;;;;
24/12/2011;13:20:00;115;sem vítima;569,1;BR-324/BA;Oeste;Saida de Pista;1;;;;;;;;;;2;;;;
24/12/2011;13:05:00;114;sem vítima;569,3;BR-324/BA;Oeste;Colisão Lateral;1;;;;;1;;;;;4;;;;
24/12/2011;20:23:00;205;com vítima;571;BR-324/BA;Oeste;Capotamento;1;;;;;;;;;;6;2;;;
24/12/2011;14:16:00;124;sem vítima;580,2;BR-324/BA;Oeste;Saida de Pista;1;;1;;;;;;;;3;;;;
24/12/2011;21:17:00;219;com vítima;605;BR-324/BA;Leste;Atropelamento de Pedestre;;;;;;1;;;;;1;;;;1
24/12/2011;01:17:00;13;com vítima;606,8;BR-324/BA;Oeste;Colisão Traseira;2;;;;;;;;;;1;1;;;
24/12/2011;11:51:00;105;sem vítima;620;BR-324/BA;Oeste;Capotamento;;;;;;;;;;1;1;;;;
24/12/2011;03:15:00;26;sem vítima;736;BR-116/BA;Sul;Saida de Pista;1;;;;;;;;;;1;;;;
24/12/2011;15:25:00;136;com vítima;782,3;BR-116/BA;Sul;Queda de Moto;;;;1;;;;;;;0;1;;;
24/12/2011;21:31:00;226;sem vítima;799;BR-116/BA;Norte;Saida de Pista;1;;;;;;;;;;1;;;;
24/12/2011;20:08:00;196;com vítima;814;BR-116/BA;Sul;Colisão Lateral;1;;;1;;1;;;;;2;;1;;
24/12/2011;20:23:00;206;sem vítima;828;BR-116/BA;Sul;Capotamento;1;;;;;;;;;;3;;;;
24/12/2011;17:41:00;173;sem vítima;908;BR-116/BA;Sul;Colisão Lateral;1;;;;;1;;;;;2;;;;
25/12/2011;03:14:00;15;sem vítima;8;BR-116/BA - Cont VC;;Colisão Traseira;2;;;;;;;;;;2;;;;
25/12/2011;16:23:00;121;com vítima;545;BR-324/BA;Leste;Queda de Moto;;;;1;;;;;;;0;1;;;
25/12/2011;15:32:00;105;sem vítima;553;BR-324/BA;Leste;Capotamento;1;;;;;;;;;;1;;;;
25/12/2011;16:19:00;118;sem vítima;465,1;BR-116/BA;Sul;Colisão Transversal;2;;;;;;;;;;2;;;;
25/12/2011;13:10:00;79;sem vítima;467,2;BR-116/BA;Norte;Saida de Pista;1;;;;;;;;;;2;;;;
25/12/2011;18:29:00;143;com vítima;583;BR-324/BA;Oeste;Atropelamento - Ciclista;;1;;;;1;;;;;1;;;1;
25/12/2011;08:11:00;36;com vítima;608,6;BR-324/BA;Leste;Capotamento;1;;;;;;;;;;0;4;;;
25/12/2011;20:13:00;162;sem vítima;613;BR-324/BA;Leste;Engavetamento;2;;;;1;;;;;;14;;;;
25/12/2011;02:16:00;13;com vítima;622,2;BR-324/BA;Leste;Capotamento;2;;;;;;;;;;1;2;;;
25/12/2011;18:29:00;142;sem vítima;566,6;BR-116/BA;Norte;Colisão Traseira;1;;;;;1;;;;;3;;;;
25/12/2011;19:21:00;152;com vítima;604;BR-116/BA;Sul;Saida de Pista;;;1;;;;;;;;0;;1;;1
25/12/2011;08:16:00;38;com vítima;624,6;BR-116/BA;Norte;Saida de Pista;1;;;;;;;;;;1;1;;;
25/12/2011;17:30:00;131;sem vítima;828,4;BR-116/BA;Norte;Saida de Pista;1;;;;;;;;;;1;;;;
25/12/2011;13:34:00;83;com vítima;850;BR-116/BA;Sul;Queda de Moto;;;;1;;;;;;;0;1;;;
26/12/2011;14:57:00;158;com vítima;1,2;BR-116/BA - ContSuFS;;Colisão Traseira;1;;;1;;;;;;;3;;1;;
26/12/2011;13:46:00;137;sem vítima;429;BR-116/BA;Norte;Engavetamento;2;;1;;;;;;;;7;;;;
26/12/2011;10:00:00;89;sem vítima;560;BR-324/BA;Oeste;Colisão Lateral;3;;;;;;;;;;8;;;;
26/12/2011;12:58:00;127;com vítima;572,2;BR-324/BA;Oeste;Tombamento;;;1;;;;;;;;0;;1;;
26/12/2011;09:00:00;70;sem vítima;572,3;BR-324/BA;Oeste;Capotamento;1;;;;;;;;;;3;;;;
26/12/2011;00:57:00;5;sem vítima;576,6;BR-324/BA;Leste;Saida de Pista;1;;;;;;;;;1;6;;;;
26/12/2011;08:17:00;58;sem vítima;608;BR-324/BA;Leste;Colisão Traseira;2;;;;;;;;;;5;;;;
26/12/2011;18:19:00;197;sem vítima;615,8;BR-324/BA;Leste;Engavetamento;3;;;;;;;;;;5;;;;
26/12/2011;11:28:00;114;sem vítima;624,9;BR-324/BA;Leste;Capotamento;1;;;;;1;;;;;2;;;;
27/12/2011;12:50:00;107;sem vítima;451,025;BR-116/BA;Norte;Choque - Outros;1;;1;;;;;;;;2;;;;
27/12/2011;01:53:00;11;com vítima;457,9;BR-116/BA;Sul;Atropelamento de Pedestre;;;;;;1;;;;;1;;;;1
27/12/2011;05:27:00;27;sem vítima;589;BR-324/BA;Leste;Colisão Traseira;;;2;;;;;;;;2;;;;
27/12/2011;15:56:00;137;sem vítima;599;BR-324/BA;Leste;Engavetamento;2;;;;;;;;;1;6;;;;
27/12/2011;18:50:00;168;com vítima;615,1;BR-324/BA;Oeste;Saida de Pista;1;;;;;;;;;;2;;1;;
27/12/2011;12:15:00;102;com vítima;617;BR-324/BA;Oeste;Atropelamento de Pedestre;1;;;;;;;;;;1;1;;;
27/12/2011;13:02:00;108;com vítima;622;BR-324/BA;Leste;Colisão Traseira;1;;;;1;;;;;1;72;1;;;
27/12/2011;02:23:00;16;com vítima;630;BR-116/BA;Norte;Colisão Transversal;;;1;1;;;;;;;1;1;1;;
27/12/2011;09:31:00;65;sem vítima;868;BR-116/BA;Norte;Colisão Lateral;1;;1;;;;;;;;3;;;;
27/12/2011;05:23:00;25;sem vítima;924,2;BR-116/BA;Sul;Capotamento;1;;;;;;;;;;4;;;;
28/12/2011;03:09:00;8;sem vítima;435,1;BR-116/BA;Norte;Saida de Pista;;;1;;;;;;;;1;;;;
28/12/2011;17:14:00;159;sem vítima;537,5;BR-324/BA;Leste;Colisão Lateral;1;;;;;;;;;1;3;;;;
28/12/2011;16:53:00;154;sem vítima;544;BR-324/BA;Oeste;Saida de Pista;1;;;;;;;;;;4;;;;
28/12/2011;13:28:00;101;com vítima;558;BR-324/BA;Oeste;Capotamento;1;;;;;1;;;;;3;2;1;;
28/12/2011;05:11:00;17;com vítima;580;BR-324/BA;Leste;Colisão Traseira;1;;;;1;;;;;;18;1;;;
28/12/2011;06:50:00;29;com vítima;619,8;BR-324/BA;Leste;Colisão Lateral;;;;;;1;;;;1;40;1;;;
28/12/2011;19:28:00;177;sem vítima;601;BR-116/BA;Norte;Saida de Pista;1;;;;;;;;;;1;;;;
28/12/2011;07:45:00;42;com vítima;665;BR-116/BA;Norte;Tombamento;;;1;;;;;;;;0;1;;;
29/12/2011;20:42:00;212;com vítima;6;BR-116/BA - ContSuFS;;Atropelamento de Pedestre;;;;;;1;;;;;1;;;;1
29/12/2011;22:58:00;224;com vítima;8;BR-116/BA - ContSuFS;;Colisão Frontal;2;;;;;;;;;;4;4;;;
29/12/2011;18:29:00;186;sem vítima;526,1;BR-324/BA;Leste;Colisão Transversal;1;;1;;;;;;;;2;;;;
29/12/2011;10:29:00;87;sem vítima;574;BR-324/BA;Oeste;Colisão Traseira;1;;;;;1;;;;;4;;;;
29/12/2011;18:23:00;184;sem vítima;481,8;BR-116/BA;Sul;Colisão Traseira;;;2;;;;;;;;4;;;;
29/12/2011;07:16:00;29;com vítima;494,9;BR-116/BA;Norte;Capotamento;;;1;;;;;;;1;3;3;;;
29/12/2011;15:51:00;152;sem vítima;607,7;BR-324/BA;Oeste;Engavetamento;3;;;;;1;;;;;6;;;;
29/12/2011;08:01:00;40;com vítima;608;BR-324/BA;Oeste;Queda de Moto;;;;1;;;;;;;0;2;;;
29/12/2011;10:58:00;97;sem vítima;619;BR-324/BA;Oeste;Colisão Traseira;1;;;;;;;;;1;4;;;;
29/12/2011;23:57:00;233;com vítima;621;BR-324/BA;Oeste;Queda de Moto;;;;1;;;;;;;0;;1;;
29/12/2011;14:22:00;132;com vítima;539;BR-116/BA;Norte;Colisão Transversal;1;;;;;;;;;1;6;2;;;
29/12/2011;03:35:00;9;sem vítima;600,8;BR-116/BA;Norte;Saida de Pista;1;;;;;;;;;;3;;;;
29/12/2011;19:53:00;203;com vítima;896,1;BR-116/BA;Sul;Saida de Pista;1;;;;;;;;;;0;4;;;
29/12/2011;09:51:00;70;sem vítima;909,8;BR-116/BA;Norte;Colisão Lateral;1;;1;;;;;;;;5;;;;
30/12/2011;15:23:00;145;sem vítima;8,2;BR-116/BA - ContSuFS;;Colisão Transversal;1;;1;;;;;;;;4;;;;
30/12/2011;05:02:00;16;sem vítima;525,1;BR-324/BA;Oeste;Engavetamento;2;;;;;1;;;;;5;;;;
30/12/2011;17:55:00;178;sem vítima;560,2;BR-324/BA;Oeste;Saida de Pista;1;;;;;;;;;;4;;;;
30/12/2011;07:56:00;47;sem vítima;574,3;BR-324/BA;Leste;Capotamento;1;;;;;;;;;;2;;;;
30/12/2011;06:44:00;28;com vítima;604;BR-324/BA;Oeste;Atropelamento de Pedestre;;;;;1;;;;;;2;;;;1
30/12/2011;21:55:00;235;sem vítima;604;BR-324/BA;Leste;Engavetamento;2;;;;;1;;;;;3;;;;
30/12/2011;23:15:00;248;com vítima;615,7;BR-324/BA;Leste;Colisão Traseira;2;;;;;;;;;;1;1;;;
30/12/2011;06:03:00;20;sem vítima;567,2;BR-116/BA;Norte;Saida de Pista;1;;;;;;;;;;2;;;;
30/12/2011;06:45:00;29;sem vítima;582;BR-116/BA;Norte;Saida de Pista;1;;;;;;;;;;3;;;;
30/12/2011;20:12:00;213;sem vítima;583,15;BR-116/BA;Sul;Saida de Pista;1;;;;;;;;;;1;;;;
30/12/2011;20:33:00;219;com vítima;609;BR-116/BA;Norte;Saida de Pista;1;;;;;;;;;;0;;1;;
30/12/2011;15:40:00;148;sem vítima;640,9;BR-116/BA;Norte;Colisão Traseira;2;;;;;;;;;;10;;;;
30/12/2011;05:06:00;17;com vítima;702,1;BR-116/BA;Sul;Capotamento;1;;;;;;;;;;3;2;;;
30/12/2011;02:30:00;10;com vítima;758,7;BR-116/BA;Norte;Capotamento;1;;;;;;;;;;2;1;1;;
31/12/2011;11:41:00;104;sem vítima;8;BR-116/BA - Cont VC;;Colisão Transversal;2;;;;;;;;;;5;;;;
31/12/2011;05:55:00;29;sem vítima;544;BR-324/BA;Oeste;Saida de Pista;1;;;;;;;;;;2;;;;
31/12/2011;06:09:00;33;com vítima;551;BR-324/BA;Oeste;Colisão Traseira;2;;;;;;;;;;1;1;;;
31/12/2011;07:50:00;49;com vítima;552,3;BR-324/BA;Oeste;Queda de Moto;;;;1;;;;;;;0;2;;;
31/12/2011;00:03:00;1;com vítima;622;BR-324/BA;Oeste;Queda de Moto;;;;1;;;;;;;0;1;;;
31/12/2011;20:48:00;204;com vítima;842;BR-116/BA;Sul;Colisão Lateral;2;;;;;;;;;;1;4;1;;
31/12/2011;08:28:00;59;sem vítima;886;BR-116/BA;Sul;Saida de Pista;1;;;;;;;;;;2;;;;
01/01/2012;00:40:00;5;com vítima;2;BR-116/BA - ContSuFS;;Colisão Transversal;1;;;1;;;;;;;1;1;;;
01/01/2012;19:43:00;170;com vítima;8;BR-116/BA - Cont VC;;Colisão Transversal;;;;1;;1;;;;;1;1;;;
01/01/2012;19:50:00;195;sem vítima;8,3;BR-116/BA - Cont VC;;Engavetamento;2;;;;;1;;;;;4;;;;
01/01/2012;01:10:00;7;sem vítima;544,8;BR-324/BA;Leste;Capotamento;1;;;;;;;;;;1;;;;
01/01/2012;20:05:00;177;com vítima;551;BR-324/BA;Leste;Saida de Pista;1;;;;;;;;;;0;1;;;
01/01/2012;11:39:00;69;com vítima;495;BR-116/BA;Sul;Colisão Frontal;;;1;1;;;;;;;4;;;1;
01/01/2012;19:55:00;174;com vítima;610,1;BR-324/BA;Oeste;Atropelamento de Pedestre;1;;;;;;;;;;1;;;;1
01/01/2012;13:50:00;85;com vítima;616;BR-324/BA;Oeste;Engavetamento;2;;;;;;;;;1;5;3;;;
01/01/2012;09:48:00;54;com vítima;619;BR-324/BA;Oeste;Atropelamento de Pedestre;;;;;;1;;;;;1;1;;;
01/01/2012;00:59:00;6;com vítima;623;BR-324/BA;Oeste;Atropelamento - Ciclista;;;;;;1;;;;;1;;1;;
01/01/2012;05:03:00;23;com vítima;624;BR-324/BA;Oeste;Colisão Traseira;2;;;;;;;;;;0;2;;;
01/01/2012;22:55:00;206;sem vítima;638,1;BR-116/BA;Norte;Capotamento;1;;;;;;;;;;1;;;;
01/01/2012;16:27:00;111;com vítima;673;BR-116/BA;Sul;Atropelamento de Animal;;;;1;;;;;;;0;1;;;
01/01/2012;19:22:00;160;com vítima;775;BR-116/BA;Sul;Colisão Transversal;2;;;;;;;;;;5;;1;;
01/01/2012;13:47:00;84;com vítima;888;BR-116/BA;Norte;Capotamento;1;;;;;;;;;;0;1;1;;
02/01/2012;19:10:00;215;com vítima;543;BR-324/BA;Oeste;Colisão Transversal;;;;1;1;;;;;;17;;;1;
02/01/2012;05:27:00;21;sem vítima;549;BR-324/BA;Oeste;Queda de Moto;;;;1;;;;;;;1;;;;
02/01/2012;10:09:00;75;sem vítima;606,9;BR-324/BA;Leste;Colisão Traseira;2;;;;;;;;;;4;;;;
02/01/2012;18:19:00;201;sem vítima;613;BR-324/BA;Leste;Saida de Pista;1;;;;;;;;;;2;;;;
02/01/2012;14:58:00;131;com vítima;566;BR-116/BA;Norte;Saida de Pista;1;;;;;;;;;;1;1;;;
02/01/2012;13:24:00;116;sem vítima;697;BR-116/BA;Sul;Capotamento;1;;;;;;;;;;1;;;;
02/01/2012;18:00:00;197;sem vítima;853,3;BR-116/BA;Sul;Capotamento;1;;;;;;;;;;1;;;;
02/01/2012;16:50:00;169;com vítima;900;BR-116/BA;Sul;Colisão Transversal;;;1;;;;;;;1;0;3;;;
03/01/2012;20:38:00;258;sem vítima;530;BR-324/BA;Leste;Saida de Pista;1;;;;;;;;;;1;;;;
03/01/2012;13:12:00;127;sem vítima;565;BR-324/BA;Oeste;Colisão Traseira;1;;;;;;;;;1;4;;;;
03/01/2012;04:17:00;22;com vítima;570,5;BR-324/BA;Leste;Capotamento;1;;;;;;;;;;3;1;;;
03/01/2012;15:12:00;153;sem vítima;572;BR-324/BA;Leste;Saida de Pista;1;;;;;;;;;;2;;;;
03/01/2012;19:37:00;246;sem vítima;481,5;BR-116/BA;Sul;Colisão Traseira;;;2;;;;;;;;2;;;;
03/01/2012;20:34:00;257;com vítima;584,1;BR-324/BA;Leste;Saida de Pista;;;1;;;;;;;;0;1;;;
03/01/2012;11:47:00;109;sem vítima;586;BR-324/BA;Leste;Saida de Pista;1;;;;;;;;;;1;;;;
03/01/2012;12:33:00;122;com vítima;614,6;BR-324/BA;Oeste;Engavetamento;3;;1;;1;;;;;;4;1;;;
03/01/2012;21:29:00;274;sem vítima;619;BR-324/BA;Leste;Saida de Pista;1;;;;;;;;;;1;;;;
03/01/2012;17:51:00;216;com vítima;570;BR-116/BA;Norte;Colisão Frontal;;;1;1;;;;;;;2;;;;1
03/01/2012;15:35:00;163;sem vítima;588,2;BR-116/BA;Sul;Colisão Transversal;1;;1;;;;;;;;2;;;;
03/01/2012;17:58:00;218;sem vítima;617,05;BR-116/BA;Sul;Colisão Lateral;1;;1;;;;;;;;3;;;;
03/01/2012;08:51:00;66;com vítima;900,5;BR-116/BA;Norte;Colisão Traseira;2;;;;;;;;;;6;2;1;;
04/01/2012;09:56:00;80;sem vítima;532,1;BR-324/BA;Oeste;Saida de Pista;;;1;;;;;;;;2;;;;
04/01/2012;10:52:00;104;sem vítima;551;BR-324/BA;Oeste;Colisão Lateral;1;;1;;;;;;;;2;;;;
04/01/2012;14:07:00;136;sem vítima;569;BR-324/BA;Oeste;Capotamento;1;;;;;;;;;;1;;;;
04/01/2012;22:20:00;253;sem vítima;593;BR-324/BA;Oeste;Saida de Pista;1;;;;;;;;;;1;;;;
04/01/2012;07:34:00;51;sem vítima;597;BR-324/BA;Oeste;Atropelamento de Animal;1;;;;;;;;;;2;;;;
04/01/2012;10:17:00;90;sem vítima;609;BR-324/BA;Leste;Engavetamento;4;;;;;;;;;;4;;;;
04/01/2012;17:34:00;199;sem vítima;612;BR-324/BA;Leste;Colisão Traseira;2;;;;;;;;;;2;;;;
04/01/2012;06:44:00;37;com vítima;612,7;BR-324/BA;Leste;Colisão Traseira;1;;;1;;;;;;;1;2;;;
04/01/2012;18:26:00;214;sem vítima;665;BR-116/BA;Norte;Saida de Pista;1;;;;;;;;;;4;;;;
04/01/2012;11:43:00;113;sem vítima;858,6;BR-116/BA;Sul;Saida de Pista;1;;;;;;;;;;2;;;;
04/01/2012;11:02:00;106;sem vítima;902,5;BR-116/BA;Norte;Colisão Lateral;1;;1;;;;;;;;4;;;;
05/01/2012;13:14:00;114;sem vítima;523;BR-324/BA;Oeste;Colisão Lateral;1;;1;;;;;;;;2;;;;
05/01/2012;20:01:00;203;com vítima;448;BR-116/BA;Norte;Colisão Traseira;;;1;;;;;;;1;1;2;;;
05/01/2012;16:48:00;162;sem vítima;532;BR-324/BA;Oeste;Capotamento;1;;;;;;;;;;4;;;;
05/01/2012;09:44:00;67;sem vítima;554;BR-324/BA;Leste;Colisão Traseira;2;;;;;1;;;;;4;;;;
05/01/2012;03:29:00;14;sem vítima;565,8;BR-324/BA;Leste;Colisão Traseira;1;;1;;;;;;;;2;;;;
05/01/2012;08:25:00;50;sem vítima;614,8;BR-324/BA;Oeste;Engavetamento;3;;;;;;;;;;4;;;;
05/01/2012;08:41:00;52;sem vítima;614,9;BR-324/BA;Oeste;Colisão Traseira;2;;;;;;;;;;3;;;;
05/01/2012;13:40:00;120;sem vítima;622;BR-324/BA;Oeste;Colisão Traseira;;;2;;;;;;;;3;;;;
05/01/2012;17:29:00;171;sem vítima;625,3;BR-324/BA;Oeste;Colisão Traseira;1;;;;;;;;;1;2;;;;
05/01/2012;06:54:00;30;sem vítima;574,6;BR-116/BA;Norte;Colisão Traseira;2;;;;;;;;;;9;;;;
05/01/2012;06:46:00;28;sem vítima;620;BR-116/BA;Sul;Saida de Pista;1;;;;;;;;;;2;;;;
05/01/2012;09:38:00;65;com vítima;802;BR-116/BA;Sul;Colisão Traseira;1;;1;;;;;;;;4;3;;;
06/01/2012;13:04:00;128;com vítima;1;BR-116/BA - ContSuFS;;Atropelamento de Pedestre;;;;;;;;;;;0;;;;1
06/01/2012;18:40:00;207;com vítima;426,8;BR-116/BA;Norte;Colisão Frontal;1;;;;;1;;;;;3;2;;;
06/01/2012;16:37:00;168;sem vítima;518;BR-324/BA;Oeste;Colisão Traseira;;;2;;;;;;;;2;;;;
06/01/2012;10:49:00;95;sem vítima;528,1;BR-324/BA;Oeste;Colisão Traseira;1;;;;;1;;;;;2;;;;
06/01/2012;18:09:00;195;com vítima;531,2;BR-324/BA;Oeste;Engavetamento;4;;3;;;;;;;;10;1;;;
06/01/2012;15:37:00;156;sem vítima;557;BR-324/BA;Oeste;Engavetamento;3;;;;;;;;;;7;;;;
06/01/2012;11:40:00;107;sem vítima;574,8;BR-324/BA;Oeste;Colisão Traseira;1;;;;;1;;;;;2;;;;