data;horario;n_da_ocorrencia;tipo_de_ocorrencia;km;trecho;sentido;tipo_de_acidente;automovel;bicicleta;caminhao;moto;onibus;outros;tracao_animal;transporte_de_cargas_especiais;trator_maquinas;utilitarios;ilesos;levemente_feridos;moderadamente_feridos;gravemente_feridos;mortos
23/01/2012;15:46:00;156;sem vítima;612,4;BR-324/BA;Oeste;Engavetamento;1;;1;;;;;;;1;5;;;;
23/01/2012;12:52:00;123;sem vítima;612,8;BR-324/BA;Leste;Engavetamento;2;;;;;;;;;1;3;;;;
23/01/2012;07:30:00;51;sem vítima;619;BR-324/BA;Leste;Engavetamento;2;;1;;;;;;;1;8;;;;
23/01/2012;01:44:00;9;com vítima;570;BR-116/BA;Norte;Tombamento;;;1;;;;;;;;0;;;;1
23/01/2012;19:10:00;205;sem vítima;910;BR-116/BA;Norte;Colisão Traseira;;;2;;;;;;;;2;;;;
24/01/2012;14:28:00;94;sem vítima;5,2;BR-116/BA - ContSuFS;;Colisão Transversal;;;2;;;;;;;;2;;;;
24/01/2012;16:03:00;115;com vítima;439,2;BR-116/BA;Sul;Tombamento;;;1;;;;;;;;0;;1;;
24/01/2012;16:58:00;128;sem vítima;523,2;BR-324/BA;Leste;Colisão Lateral;1;;1;;;;;;;;5;;;;
24/01/2012;09:26:00;33;sem vítima;562,05;BR-324/BA;Oeste;Tombamento;;;1;;;;;;;;1;;;;
24/01/2012;10:46:00;49;sem vítima;618;BR-324/BA;Oeste;Colisão Lateral;1;;1;;;;;;;;3;;;;
24/01/2012;20:53:00;157;sem vítima;651;BR-116/BA;Sul;Saida de Pista;1;;;;;;;;;;1;;;;
24/01/2012;08:33:00;24;com vítima;860,3;BR-116/BA;Sul;Queda de Moto;;;;1;;;;;;;0;2;;;
25/01/2012;10:13:00;68;sem vítima;518;BR-324/BA;Leste;Colisão Frontal;2;;;;;;;;;;5;;;;
25/01/2012;06:33:00;20;com vítima;519;BR-324/BA;Leste;Atropelamento - Ciclista;;1;;1;;;;;;;1;1;;;
25/01/2012;06:31:00;18;sem vítima;523,2;BR-324/BA;Leste;Capotamento;;;;;;;;;;1;2;;;;
25/01/2012;14:03:00;104;sem vítima;526,8;BR-324/BA;Oeste;Saida de Pista;1;;;;;;;;;;1;;;;
25/01/2012;13:10:00;93;sem vítima;543;BR-324/BA;Leste;Saida de Pista;1;;;;;;;;;;1;;;;
25/01/2012;06:17:00;16;sem vítima;551,1;BR-324/BA;Leste;Colisão Traseira;;;2;;;;;;;;2;;;;
25/01/2012;14:15:00;106;sem vítima;581;BR-324/BA;Leste;Saida de Pista;1;;;;;;;;;;1;;;;
25/01/2012;08:07:00;40;sem vítima;619,8;BR-324/BA;Leste;Colisão Traseira;;;2;;;;;;;;2;;;;
25/01/2012;12:17:00;86;com vítima;726;BR-116/BA;Sul;Capotamento;1;;;;;;;;;;1;4;;;
25/01/2012;00:24:00;2;sem vítima;814,5;BR-116/BA;Sul;Colisão Traseira;2;;;;;;;;;;2;;;;
25/01/2012;20:09:00;172;sem vítima;866;BR-116/BA;Norte;Saida de Pista;1;;;;;1;;;;;2;;;;
26/01/2012;18:19:00;164;com vítima;601;BR-324/BA;Leste;Choque - Veiculo parado no acostamento;2;;;;;;;;;;1;;2;;
26/01/2012;08:31:00;61;sem vítima;615;BR-324/BA;Oeste;Engavetamento;1;;1;;1;;;;;;7;;;;
26/01/2012;08:13:00;52;sem vítima;628;BR-116/BA;Norte;Colisão Traseira;;;2;;;;;;;;2;;;;
26/01/2012;11:48:00;96;com vítima;645,6;BR-116/BA;Sul;Capotamento;1;;;;;;;;;;2;1;;;
26/01/2012;00:28:00;6;sem vítima;665;BR-116/BA;Norte;Saida de Pista;1;;;;;;;;;;1;;;;
26/01/2012;07:49:00;46;sem vítima;847,6;BR-116/BA;Norte;Capotamento;1;;;;;;;;;;4;;;;
27/01/2012;17:00:00;176;sem vítima;441,2;BR-116/BA;Sul;Engavetamento;1;;2;;;;;;;;3;;;;
27/01/2012;16:39:00;161;sem vítima;442,5;BR-116/BA;Sul;Colisão Traseira;;;1;;;1;;;;;2;;;;
27/01/2012;18:28:00;182;sem vítima;447,4;BR-116/BA;Sul;Colisão Traseira;;;2;;;;;;;;2;;;;
27/01/2012;18:13:00;178;com vítima;551;BR-324/BA;Oeste;Queda de Moto;;;;1;;;;;;;0;1;;;
27/01/2012;15:10:00;135;sem vítima;580;BR-324/BA;Leste;Saida de Pista;1;;;;;;;;;;1;;;;
27/01/2012;07:20:00;33;sem vítima;612,5;BR-324/BA;Oeste;Colisão Traseira;2;;;;;;;;;;4;;;;
27/01/2012;16:25:00;154;sem vítima;616;BR-324/BA;Leste;Colisão Lateral;;;2;;;;;;;;2;;;;
27/01/2012;09:33:00;77;sem vítima;620;BR-324/BA;Oeste;Colisão Lateral;1;;1;;;;;;;;4;;;;
27/01/2012;09:19:00;74;com vítima;620,9;BR-116/BA;Norte;Engavetamento;1;;;;;;;;;2;8;1;;;
27/01/2012;20:16:00;207;sem vítima;681;BR-116/BA;Norte;Colisão Lateral;1;;1;;;1;;;;;3;;;;
27/01/2012;16:25:00;153;com vítima;728;BR-116/BA;Sul;Queda de Moto;;;;1;;;;;;;0;2;;;
27/01/2012;15:01:00;130;sem vítima;793,5;BR-116/BA;Sul;Colisão Lateral;1;;1;;;;;;;;2;;;;
27/01/2012;04:23:00;15;sem vítima;794;BR-116/BA;Sul;Tombamento;;;1;;;;;;;;1;;;;
27/01/2012;12:53:00;110;com vítima;859;BR-116/BA;Norte;Capotamento;1;;;;;;;;;;0;5;;;
28/01/2012;10:01:00;75;com vítima;545;BR-324/BA;Leste;Colisão Traseira;;;;1;;1;;;;;1;;;1;
28/01/2012;06:52:00;28;sem vítima;551;BR-324/BA;Leste;Choque Contra Objeto Fixo;;;1;;;;;;;;1;;;;
28/01/2012;14:15:00;126;com vítima;570;BR-324/BA;Leste;Capotamento;1;;;;;;;;;;4;1;;;
28/01/2012;05:49:00;21;com vítima;575;BR-324/BA;Oeste;Queda de Moto;;;;1;;;;;;;0;2;;;
28/01/2012;12:55:00;110;sem vítima;576;BR-324/BA;Oeste;Saida de Pista;1;;;;;;;;;;5;;;;
28/01/2012;08:58:00;62;sem vítima;582;BR-324/BA;Leste;Saida de Pista;2;;;;;;;;;;2;;;;
28/01/2012;08:19:00;53;sem vítima;626;BR-324/BA;Oeste;Colisão Traseira;1;;;;1;;;;;;11;;;;
28/01/2012;06:29:00;24;sem vítima;549,4;BR-116/BA;Sul;Tombamento;;;1;;;;;;;;1;;;;
28/01/2012;18:31:00;195;sem vítima;594,2;BR-116/BA;Sul;Saida de Pista;1;;;;;;;;;;1;;;;
28/01/2012;23:25:00;236;com vítima;792;BR-116/BA;Norte;Queda de Moto;;;;1;;;;;;;0;;1;;
28/01/2012;23:33:00;237;sem vítima;797;BR-116/BA;Norte;Saida de Pista;1;;;;;1;;;;;2;;;;
28/01/2012;15:35:00;151;com vítima;827,4;BR-116/BA;Norte;Colisão Transversal;;1;;1;;;;;;;0;3;;;
28/01/2012;10:23:00;79;sem vítima;835,1;BR-116/BA;Sul;Engavetamento;3;;;;;;;;;;3;;;;
29/01/2012;17:48:00;153;com vítima;431;BR-116/BA;Sul;Saida de Pista;1;;;;;;;;;;1;2;1;;1
29/01/2012;18:29:00;160;com vítima;452;BR-116/BA;Sul;Colisão Lateral;;;1;1;;;;;;;1;;;2;
29/01/2012;15:19:00;121;sem vítima;559;BR-324/BA;Oeste;Queda de Moto;;;;1;;;;;;;1;;;;
29/01/2012;22:53:00;205;com vítima;565;BR-324/BA;Leste;Queda de Moto;;;;1;;;;;;;0;1;;;
29/01/2012;23:18:00;210;sem vítima;468;BR-116/BA;Norte;Colisão Traseira;;;2;;;;;;;;2;;;;
29/01/2012;11:08:00;88;com vítima;616;BR-324/BA;Leste;Capotamento;2;;;;;;;;;;1;2;;;
29/01/2012;06:32:00;44;com vítima;616,5;BR-324/BA;Oeste;Atropelamento de Pedestre;1;;;;;;;;;;1;;;;1
29/01/2012;08:14:00;52;sem vítima;622;BR-324/BA;Leste;Capotamento;1;;;;;;;;;;1;;;;
29/01/2012;20:17:00;177;sem vítima;593,1;BR-116/BA;Sul;Colisão Lateral;;;1;;;1;;;;;4;;;;
29/01/2012;18:07:00;156;sem vítima;661,1;BR-116/BA;Sul;Saida de Pista;1;;;;;;;;;;1;;;;
29/01/2012;12:06:00;99;com vítima;702;BR-116/BA;Sul;Sequência;1;;4;;;1;;;;;10;1;;;
29/01/2012;21:46:00;195;sem vítima;759;BR-116/BA;Sul;Colisão Traseira;1;;;;;1;;;;;2;;;;
29/01/2012;01:06:00;5;com vítima;792;BR-116/BA;Norte;Queda de Moto;;;;;;1;;;;;0;;1;;
29/01/2012;04:04:00;26;sem vítima;828;BR-116/BA;Sul;Atropelamento de Animal;;;;;1;;;;;;1;;;;
29/01/2012;21:33:00;192;sem vítima;829,6;BR-116/BA;Sul;Colisão Traseira;;;2;;;;;;;;2;;;;
29/01/2012;18:05:00;155;com vítima;831,3;BR-116/BA;Sul;Colisão Frontal;1;;;;1;;;;;;31;1;;;1
29/01/2012;06:48:00;46;com vítima;836,7;BR-116/BA;Norte;Colisão Frontal;2;;;;;;;;;;3;1;;1;
29/01/2012;11:52:00;97;sem vítima;859;BR-116/BA;Sul;Colisão Lateral;1;;1;;;;;;;;2;;;;
29/01/2012;22:44:00;204;sem vítima;923,8;BR-116/BA;Norte;Colisão Frontal;2;;;;;;;;;;2;;;;
30/01/2012;17:43:00;161;sem vítima;460;BR-116/BA;Norte;Colisão Traseira;2;;;;;;;;;;3;;;;
30/01/2012;17:32:00;158;sem vítima;460,05;BR-116/BA;Sul;Saida de Pista;1;;;;;;;;;;4;;;;
30/01/2012;15:25:00;136;sem vítima;606;BR-324/BA;Leste;Colisão Lateral;1;;1;;;;;;;;3;;;;
30/01/2012;06:48:00;27;sem vítima;615;BR-324/BA;Oeste;Colisão Traseira;1;;;;;;;;;1;2;;;;
30/01/2012;08:37:00;51;sem vítima;615;BR-324/BA;Leste;Colisão Traseira;2;;;;;;;;;;2;;;;
30/01/2012;11:27:00;86;sem vítima;615,5;BR-324/BA;Oeste;Colisão Traseira;;;;;;;;;;2;4;;;;
30/01/2012;13:22:00;111;com vítima;625,3;BR-324/BA;Oeste;Queda de Moto;;;;1;;;;;;;0;;1;;
30/01/2012;16:07:00;141;sem vítima;776,9;BR-116/BA;Sul;Colisão Frontal;2;;;;;;;;;;2;;;;
30/01/2012;18:18:00;168;com vítima;779,3;BR-116/BA;Sul;Colisão Transversal;;;1;;;1;;;;;2;1;;;
31/01/2012;09:26:00;41;com vítima;526,2;BR-324/BA;Leste;Queda de Moto;;;;1;;;;;;;0;1;;;
31/01/2012;06:22:00;18;sem vítima;543;BR-324/BA;Oeste;Saida de Pista;1;;;;;;;;;;4;;;;
31/01/2012;17:11:00;128;sem vítima;552,4;BR-324/BA;Oeste;Colisão Traseira;1;;;;;;;;;1;4;;;;
31/01/2012;14:08:00;103;com vítima;558,8;BR-324/BA;Leste;Engavetamento;1;;;1;;;;;;1;7;1;;;
31/01/2012;14:13:00;105;sem vítima;558,85;BR-324/BA;Leste;Saida de Pista;1;;;;;;;;;;1;;;;
31/01/2012;07:35:00;27;com vítima;468,8;BR-116/BA;Norte;Atropelamento de Pedestre;;;1;;;;;;;;0;2;;;
31/01/2012;10:58:00;54;sem vítima;607,5;BR-324/BA;Leste;Colisão Traseira;1;;;;;;;;;1;2;;;;
31/01/2012;12:54:00;83;sem vítima;619;BR-324/BA;Leste;Colisão Traseira;2;;;;;;;;;;2;;;;
31/01/2012;15:04:00;110;sem vítima;622;BR-324/BA;Oeste;Colisão Traseira;1;;;;;;;;;1;5;;;;
31/01/2012;18:46:00;146;sem vítima;635,5;BR-116/BA;Sul;Colisão Traseira;1;;1;;;;;;;;2;;;;
31/01/2012;01:25:00;4;sem vítima;669;BR-116/BA;Sul;Tombamento;;;1;;;;;;;;1;;;;
31/01/2012;17:42:00;138;com vítima;687,2;BR-116/BA;Norte;Colisão Frontal;1;;1;;;;;;;;1;1;;;
01/02/2012;17:37:00;150;com vítima;520,2;BR-324/BA;Oeste;Sequência;3;;;;;;;;;;6;1;;;
01/02/2012;11:35:00;96;sem vítima;527;BR-324/BA;Oeste;Engavetamento;2;;;;;2;;;;;4;;;;
01/02/2012;12:16:00;105;sem vítima;591,5;BR-324/BA;Oeste;Saida de Pista;1;;;;;1;;;;;5;;;;
01/02/2012;12:26:00;106;sem vítima;592,5;BR-324/BA;Leste;Queda de Moto;;;;1;;;;;;;1;;;;
01/02/2012;09:59:00;69;sem vítima;599;BR-324/BA;Oeste;Colisão Traseira;1;;;;;1;;;;;3;;;;
01/02/2012;10:34:00;81;sem vítima;599;BR-324/BA;Oeste;Colisão Lateral;1;;1;;;;;;;;4;;;;
01/02/2012;11:25:00;101;sem vítima;599;BR-324/BA;Oeste;Colisão Lateral;1;;1;;;;;;;;3;;;;
01/02/2012;12:52:00;113;sem vítima;719;BR-116/BA;Norte;Capotamento;1;;;;;;;;;;2;;;;
02/02/2012;18:25:00;175;sem vítima;434;BR-116/BA;Norte;Colisão Lateral;1;;1;;;;;;;;2;;;;
02/02/2012;00:59:00;7;com vítima;547,5;BR-324/BA;Oeste;Colisão Traseira;1;;;;;1;;;;;1;;;;1
02/02/2012;15:12:00;134;sem vítima;557;BR-324/BA;Oeste;Saida de Pista;1;;;;;;;;;;1;;;;
02/02/2012;11:45:00;98;sem vítima;566,5;BR-324/BA;Oeste;Saida de Pista;1;;;;;;;;;;1;;;;
02/02/2012;16:47:00;154;sem vítima;619,9;BR-324/BA;Leste;Colisão Traseira;1;;;;;1;;;;;2;;;;
02/02/2012;17:43:00;164;sem vítima;620,6;BR-324/BA;Leste;Saida de Pista;;;1;;;;;;;;1;;;;
02/02/2012;13:30:00;118;sem vítima;776,8;BR-116/BA;Norte;Engavetamento;1;;;;;;;;;;2;;;;
02/02/2012;11:13:00;92;com vítima;781,8;BR-116/BA;Sul;Queda de Moto;;;;1;;;;;;;0;1;;;
02/02/2012;20:09:00;196;com vítima;818;BR-116/BA;Sul;Queda de Moto;;;;1;;;;;;;0;1;;;
02/02/2012;16:04:00;144;sem vítima;840;BR-116/BA;Norte;Colisão Traseira;1;;;;;1;;;;;5;;;;
03/02/2012;10:16:00;76;sem vítima;8;BR-116/BA - ContSuFS;;Colisão Traseira;;;2;;;;;;;;2;;;;
03/02/2012;17:06:00;139;com vítima;15;BR-116/BA - Cont VC;;Colisão Frontal;2;;1;;;;;;;;5;2;;;
03/02/2012;14:52:00;116;sem vítima;522;BR-324/BA;Oeste;Colisão Traseira;2;;;;;;;;;;2;;;;
03/02/2012;23:16:00;187;sem vítima;523;BR-324/BA;Leste;Capotamento;1;;;;;;;;;;1;;;;
03/02/2012;06:10:00;23;com vítima;536;BR-324/BA;Leste;Atropelamento de Pedestre;;;;;;1;;;;;1;;;1;
03/02/2012;09:52:00;67;com vítima;473,6;BR-116/BA;Sul;Colisão Traseira;;;2;;;;;;;1;2;3;;;1
03/02/2012;07:14:00;32;com vítima;579,9;BR-324/BA;Leste;Queda de Moto;;;;1;;;;;;;0;1;;;
03/02/2012;05:51:00;22;com vítima;502,2;BR-116/BA;Sul;Colisão Lateral;1;;1;;;;;;;;1;2;2;;
03/02/2012;10:14:00;73;sem vítima;604;BR-324/BA;Oeste;Colisão Traseira;1;;1;;;;;;;;2;;;;
03/02/2012;07:28:00;39;com vítima;614,3;BR-324/BA;Leste;Colisão Traseira;1;;;;;;;;;1;1;1;;;
03/02/2012;18:24:00;157;sem vítima;617,9;BR-324/BA;Oeste;Saida de Pista;1;;;;;;;;;;1;;;;
03/02/2012;16:22:00;134;sem vítima;609,5;BR-116/BA;Norte;Colisão Traseira;1;;;;;1;;;;;2;;;;
03/02/2012;12:48:00;96;com vítima;924,8;BR-116/BA;Norte;Colisão Frontal;2;;;;;;;;;;0;2;;;
04/02/2012;17:53:00;185;com vítima;538;BR-324/BA;Leste;Atropelamento - Ciclista;;;;;;2;;;;;0;;3;;
04/02/2012;00:01:00;2;sem vítima;559,1;BR-324/BA;Oeste;Capotamento;1;;;;;;;;;;3;;;;
04/02/2012;14:32:00;149;com vítima;562,5;BR-324/BA;Oeste;Saida de Pista;1;;;;;;;;;;0;1;;;
04/02/2012;21:14:00;217;com vítima;620;BR-324/BA;Leste;Atropelamento de Pedestre;;;;;;1;;;;;1;;;;1
04/02/2012;23:12:00;239;com vítima;622;BR-324/BA;Oeste;Atropelamento - Funcionário;;;;;;1;;;;;1;1;;;
04/02/2012;17:58:00;186;com vítima;567,05;BR-116/BA;Sul;Colisão Transversal;;;2;;;;;;;;1;1;;;
04/02/2012;19:50:00;205;com vítima;674;BR-116/BA;Norte;Colisão Traseira;;1;;1;;;;;;;0;3;;;
04/02/2012;13:16:00;142;com vítima;702;BR-116/BA;Norte;Colisão Transversal;1;;1;;;;;;;;1;1;;;
04/02/2012;02:19:00;19;sem vítima;862,7;BR-116/BA;Norte;Atropelamento de Animal;;;1;;;;;;;;1;;;;
04/02/2012;17:21:00;179;sem vítima;918,5;BR-116/BA;Norte;Saida de Pista;;;1;;;;;;;;1;;;;
05/02/2012;00:48:00;6;sem vítima;441;BR-116/BA;Norte;Saida de Pista;;;1;;;;;;;;1;;;;
05/02/2012;13:30:00;121;com vítima;461,15;BR-116/BA;Norte;Colisão Frontal;;;;1;;1;;;;;1;1;;;
05/02/2012;19:00:00;184;com vítima;575;BR-324/BA;Oeste;Saida de Pista;1;;;;;;;;;;0;1;;;
05/02/2012;18:51:00;180;sem vítima;615,05;BR-324/BA;Leste;Colisão Traseira;2;;;;;;;;;;2;;;;
05/02/2012;09:33:00;72;sem vítima;637,1;BR-116/BA;Norte;Colisão Traseira;;;2;;;1;;;;;4;;;;
05/02/2012;09:21:00;70;sem vítima;696,4;BR-116/BA;Sul;Colisão Lateral;1;;1;;;;;;;;3;;;;
05/02/2012;20:49:00;210;com vítima;716;BR-116/BA;Sul;Tombamento;;;1;;;;;;;;0;1;;;
05/02/2012;10:29:00;84;sem vítima;904,7;BR-116/BA;Norte;Colisão Traseira;1;;1;;;;;;;;4;;;;
06/02/2012;11:03:00;113;sem vítima;551;BR-324/BA;Oeste;Colisão Traseira;2;;;;;;;;;;3;;;;
06/02/2012;10:00:00;96;com vítima;560;BR-324/BA;Oeste;Colisão Lateral;1;;1;;;;;;;;5;2;;;
06/02/2012;07:07:00;48;sem vítima;581;BR-324/BA;Leste;Capotamento;1;;;;;;;;;;4;;;;
06/02/2012;13:30:00;152;sem vítima;489,02;BR-116/BA;Sul;Capotamento;1;;;;;;;;;;1;;;;
06/02/2012;11:27:00;119;sem vítima;605,3;BR-324/BA;Leste;Colisão Traseira;1;;1;;;;;;;;6;;;;
06/02/2012;07:43:00;61;sem vítima;619;BR-324/BA;Leste;Colisão Traseira;2;;1;;;;;;;;4;;;;
06/02/2012;09:10:00;75;sem vítima;622,9;BR-324/BA;Leste;Colisão Traseira;2;;;;;;;;;;4;;;;
06/02/2012;09:20:00;79;sem vítima;567,3;BR-116/BA;Norte;Saida de Pista;1;;;;;;;;;;1;;;;
06/02/2012;06:43:00;38;com vítima;619;BR-116/BA;Sul;Tombamento;;;1;;;;;;;;0;1;;;
07/02/2012;13:59:00;114;com vítima;526;BR-324/BA;Leste;Choque - Defensa, barreira ou "submarino";1;;;;;;;;;;1;1;;;
07/02/2012;11:49:00;93;com vítima;542,8;BR-324/BA;Leste;Colisão Lateral;2;;;;;;;;;;1;1;1;;
07/02/2012;15:41:00;133;sem vítima;564;BR-324/BA;Leste;Saida de Pista;1;;;;;;;;;;1;;;;
07/02/2012;18:15:00;174;sem vítima;625,4;BR-324/BA;Leste;Tombamento;;;1;;;;;;;;1;;;;
07/02/2012;16:55:00;158;com vítima;585,6;BR-116/BA;Norte;Saida de Pista;;;1;;;;;;;;0;1;;;
07/02/2012;07:15:00;30;com vítima;672;BR-116/BA;Sul;Colisão Frontal;1;;;1;;;;;;;1;1;;;
07/02/2012;14:54:00;122;com vítima;710;BR-116/BA;Sul;Outros;;1;;;;;;;;;0;1;;;
07/02/2012;16:33:00;149;sem vítima;734,5;BR-116/BA;Norte;Colisão Traseira;;;2;;;;;;;;2;;;;
08/02/2012;17:33:00;165;com vítima;530,1;BR-324/BA;Oeste;Colisão Lateral;;;1;1;;;;;;;1;1;;;
08/02/2012;10:01:00;82;sem vítima;451,8;BR-116/BA;Norte;Colisão Traseira;;;2;;;;;;;;2;;;;
08/02/2012;07:25:00;40;sem vítima;452;BR-116/BA;Norte;Colisão Traseira;;;2;;;;;;;;3;;;;
08/02/2012;11:17:00;97;com vítima;471;BR-116/BA;Sul;Capotamento;1;;;;;;;;;;0;1;;;
08/02/2012;13:19:00;121;com vítima;596,5;BR-324/BA;Oeste;Capotamento;1;;;;;;;;;;0;1;;;
09/02/2012;13:04:00;140;com vítima;4,2;BR-116/BA - ContSuFS;;Colisão Lateral;2;;;;;;;;;;3;1;;;
09/02/2012;13:38:00;146;sem vítima;518;BR-324/BA;Oeste;Colisão Lateral;1;;1;;;;;;;;2;;;;
09/02/2012;17:46:00;211;sem vítima;519,4;BR-324/BA;Oeste;Colisão Lateral;;1;;1;;;;;;;2;;;;
09/02/2012;09:17:00;71;sem vítima;521,5;BR-324/BA;Oeste;Tombamento;;;;;;;;;;1;1;;;;
09/02/2012;18:31:00;220;sem vítima;523;BR-324/BA;Leste;Saida de Pista;1;;;;;;;;;;1;;;;
09/02/2012;00:16:00;3;sem vítima;448,8;BR-116/BA;Sul;Colisão Lateral;1;;1;;;;;;;;2;;;;
09/02/2012;18:49:00;224;com vítima;540;BR-324/BA;Oeste;Colisão Transversal;;;;1;;;;;;1;1;;;1;
09/02/2012;14:53:00;165;sem vítima;568;BR-324/BA;Oeste;Colisão Traseira;2;;;;;;;;;;6;;;;
09/02/2012;22:56:00;259;sem vítima;579;BR-324/BA;Leste;Tombamento;;;1;;;;;;;;1;;;;
09/02/2012;06:03:00;25;sem vítima;518;BR-116/BA;Sul;Atropelamento de Animal;1;;;;;;;;;;1;;;;
09/02/2012;17:34:00;208;sem vítima;650,8;BR-116/BA;Norte;Colisão Traseira;;;2;;;;;;;;2;;;;
09/02/2012;00:58:00;6;sem vítima;855,2;BR-116/BA;Norte;Colisão Lateral;;;1;;1;;;;;;2;;;;
10/02/2012;06:45:00;25;sem vítima;2;BR-116/BA - ContSuFS;;Colisão Lateral;;;2;;;;;;;;2;;;;
10/02/2012;20:17:00;229;sem vítima;6;BR-116/BA - ContSuFS;;Atropelamento de Animal;;;;1;;;;;;;1;;;;
10/02/2012;11:21:00;103;sem vítima;456;BR-116/BA;Sul;Colisão Traseira;;;2;;;;;;;;2;;;;
10/02/2012;08:50:00;63;sem vítima;599;BR-324/BA;Leste;Colisão Traseira;;;1;;;;;;;1;3;;;;
10/02/2012;11:37:00;110;com vítima;615,8;BR-324/BA;Oeste;Capotamento;1;;;;;;;;;;0;1;;;
10/02/2012;22:29:00;250;com vítima;618,2;BR-324/BA;Oeste;Colisão Traseira;2;;1;;;;;;;1;4;;3;4;3
10/02/2012;20:06:00;228;sem vítima;642;BR-116/BA;Sul;Tombamento;;;1;;;;;;;;1;;;;
10/02/2012;16:51:00;183;sem vítima;674;BR-116/BA;Norte;Colisão Lateral;;;1;;;;;;;1;3;;;;
10/02/2012;08:11:00;50;com vítima;735,6;BR-116/BA;Norte;Capotamento;1;;;;;;;;;;0;;1;;
11/02/2012;21:24:00;214;com vítima;426,2;BR-116/BA;Sul;Tombamento;;;1;;;;;;;;0;1;;;
11/02/2012;08:13:00;40;com vítima;435,9;BR-116/BA;Norte;Engavetamento;1;;1;1;;;;;;;3;1;;;
11/02/2012;18:49:00;177;sem vítima;439,4;BR-116/BA;Sul;Colisão Traseira;;;2;;;;;;;;2;;;;
11/02/2012;05:52:00;19;com vítima;442,5;BR-116/BA;Norte;Tombamento;;;1;;;;;;;;0;3;;;
11/02/2012;20:54:00;207;com vítima;442,5;BR-116/BA;Norte;Choque - Veiculo parado no acostamento;1;;1;;;;;;;;1;;2;;
11/02/2012;14:24:00;118;sem vítima;520,15;BR-324/BA;Leste;Saida de Pista;1;;;;;1;;;;;4;;;;
11/02/2012;23:16:00;229;sem vítima;527;BR-324/BA;Oeste;Saida de Pista;;;1;;;;;;;;1;;;;
11/02/2012;22:43:00;227;sem vítima;537;BR-324/BA;Oeste;Saida de Pista;1;;;;;;;;;;1;;;;
11/02/2012;08:34:00;48;sem vítima;551;BR-324/BA;Leste;Choque Contra Objeto Fixo;;;1;;;;;;;;1;;;;
11/02/2012;15:44:00;136;com vítima;556;BR-324/BA;Oeste;Queda de Moto;;;;1;;;;;;;0;2;;;
11/02/2012;13:05:00;101;sem vítima;582;BR-324/BA;Oeste;Saida de Pista;1;;1;;;;;;;;5;;;;
11/02/2012;20:43:00;205;sem vítima;712;BR-116/BA;Norte;Colisão Lateral;;;2;;;;;;;;2;;;;
11/02/2012;18:54:00;179;sem vítima;813;BR-116/BA;Sul;Colisão Transversal;1;;1;;;;;;;;3;;;;
11/02/2012;14:25:00;119;sem vítima;871;BR-116/BA;Sul;Saida de Pista;;;1;;;;;;;;1;;;;
12/02/2012;17:25:00;169;sem vítima;537;BR-324/BA;Leste;Colisão Transversal;;;;;1;;;;;1;34;;;;
12/02/2012;20:49:00;208;sem vítima;537;BR-324/BA;Leste;Colisão Transversal;2;;;;;;;;;;6;;;;
12/02/2012;18:19:00;184;sem vítima;457,1;BR-116/BA;Norte;Colisão Traseira;;;2;;;;;;;;2;;;;
12/02/2012;06:22:00;20;sem vítima;624;BR-324/BA;Leste;Atropelamento de Animal;1;;;;;;;;;;1;;;;
12/02/2012;17:51:00;176;sem vítima;601;BR-116/BA;Sul;Saida de Pista;1;;;;;;;;;;1;;;;
12/02/2012;20:36:00;203;sem vítima;641,2;BR-116/BA;Norte;Saida de Pista;;;1;;;;;;;;1;;;;
12/02/2012;18:31:00;186;com vítima;664;BR-116/BA;Sul;Queda de Moto;;;;1;;;;;;;0;2;;;
12/02/2012;17:33:00;170;sem vítima;725,1;BR-116/BA;Norte;Engavetamento;;;3;;;;;;;;3;;;;
12/02/2012;16:23:00;153;sem vítima;792,8;BR-116/BA;Norte;Colisão Traseira;1;;1;;;;;;;;2;;;;
12/02/2012;18:02:00;178;com vítima;816,1;BR-116/BA;Norte;Colisão Frontal;1;;;1;;;;;;;0;3;;1;2
12/02/2012;09:21:00;78;sem vítima;834,1;BR-116/BA;Sul;Colisão Traseira;;;2;;;;;;;;3;;;;
12/02/2012;09:58:00;86;sem vítima;922;BR-116/BA;Norte;Colisão Traseira;;;2;;;;;;;;4;;;;
13/02/2012;16:10:00;160;com vítima;524;BR-324/BA;Leste;Queda de Moto;;;;1;;;;;;;0;;1;;
13/02/2012;12:29:00;110;com vítima;449,8;BR-116/BA;Norte;Colisão Transversal;1;;;1;;;;;;;1;;;1;
13/02/2012;07:03:00;29;com vítima;535;BR-324/BA;Leste;Atropelamento de Pedestre;;;;;;1;;;;;1;1;;;
13/02/2012;07:04:00;30;sem vítima;599;BR-324/BA;Oeste;Colisão Traseira;2;;;;;;;;;;2;;;;
13/02/2012;10:06:00;73;com vítima;619,7;BR-324/BA;Leste;Colisão Traseira;1;;;2;;;;;;;4;2;;;
13/02/2012;15:32:00;154;com vítima;784,5;BR-116/BA;Sul;Colisão Frontal;2;;;;;;;;;;1;1;;;
13/02/2012;11:32:00;99;sem vítima;818;BR-116/BA;Sul;Colisão Traseira;2;;;;;;;;;;2;;;;
14/02/2012;02:06:00;11;com vítima;443,85;BR-116/BA;Sul;Tombamento;;;1;;;;;;;;0;;;;1
14/02/2012;17:22:00;166;sem vítima;537;BR-324/BA;Leste;Colisão Traseira;1;;;;;;;;;1;3;;;;