data;horario;n_da_ocorrencia;tipo_de_ocorrencia;km;trecho;sentido;tipo_de_acidente;automovel;bicicleta;caminhao;moto;onibus;outros;tracao_animal;transporte_de_cargas_especiais;trator_maquinas;utilitarios;ilesos;levemente_feridos;moderadamente_feridos;gravemente_feridos;mortos
01/04/2012;01:20:00;7;com vítima;616;BR-324/BA;Oeste;Atropelamento de Animal;3;;;;;;;;;;2;1;;1;
01/04/2012;20:06:00;192;com vítima;616;BR-324/BA;Oeste;Queda de Moto;;;;1;;;;;;;1;;1;;
01/04/2012;20:38:00;197;com vítima;566;BR-116/BA;Norte;Queda de Moto;;;;1;;;;;;;0;;;1;
01/04/2012;00:56:00;6;sem vítima;567;BR-116/BA;Sul;Saida de Pista;1;;;;;;;;;;1;;;;
01/04/2012;18:18:00;176;sem vítima;571;BR-116/BA;Sul;Saida de Pista;;;;;1;;;;;;30;;;;
01/04/2012;13:32:00;126;com vítima;595,8;BR-116/BA;Norte;Colisão Lateral;;;2;;;;;;;1;2;1;;;
01/04/2012;15:59:00;152;com vítima;673;BR-116/BA;Sul;Choque Contra Objeto Fixo;;1;;;;;;;;;0;1;;;
01/04/2012;23:10:00;220;sem vítima;708;BR-116/BA;Sul;Saida de Pista;1;;;;;;;;;;1;;;;
01/04/2012;21:55:00;206;sem vítima;722;BR-116/BA;Sul;Colisão Transversal;;;2;;;;;;;;2;;;;
01/04/2012;22:42:00;214;com vítima;745;BR-116/BA;Sul;Colisão Transversal;1;;1;;;;;;;;1;;;;1
01/04/2012;17:52:00;174;com vítima;814;BR-116/BA;Sul;Outros;;1;;;;;;;;;0;1;;;
01/04/2012;20:58:00;201;sem vítima;849;BR-116/BA;Sul;Saida de Pista;;;1;;;;;;;;1;;;;
02/04/2012;18:05:00;157;com vítima;550;BR-324/BA;Leste;Capotamento;1;;;;;;;;;;0;1;;;
02/04/2012;19:24:00;172;sem vítima;562,7;BR-324/BA;Oeste;Colisão Traseira;1;;1;;;;;;;;2;;;;
02/04/2012;06:01:00;26;sem vítima;582,8;BR-324/BA;Leste;Saida de Pista;1;;;;;;;;;;1;;;;
02/04/2012;07:35:00;53;sem vítima;482,5;BR-116/BA;Sul;Colisão Traseira;;;2;;;;;;;;2;;;;
02/04/2012;22:24:00;193;sem vítima;588,5;BR-324/BA;Leste;Capotamento;1;;;;;;;;;;1;;;;
02/04/2012;10:42:00;92;sem vítima;609;BR-324/BA;Oeste;Colisão Lateral;1;;1;;;;;;;;2;;;;
02/04/2012;18:12:00;159;sem vítima;618;BR-324/BA;Oeste;Colisão Traseira;1;;1;;;;;;;;2;;;;
02/04/2012;07:40:00;56;sem vítima;619,6;BR-324/BA;Leste;Colisão Traseira;2;;;;;;;;;;2;;;;
02/04/2012;18:33:00;166;sem vítima;622;BR-324/BA;Oeste;Colisão Traseira;1;;1;;;;;;;;4;;;;
02/04/2012;14:22:00;127;com vítima;652;BR-116/BA;Sul;Colisão Transversal;1;;1;;;;;;;;4;1;;;
02/04/2012;00:41:00;6;com vítima;723;BR-116/BA;Norte;Queda de Moto;;;;1;;;;;;;0;;1;;
02/04/2012;17:39:00;152;sem vítima;815;BR-116/BA;Norte;Colisão Traseira;;;1;;;;;;;1;2;;;;
03/04/2012;11:18:00;92;sem vítima;4;BR-116/BA - ContSuFS;;Colisão Traseira;;;2;;;;;;;;2;;;;
03/04/2012;14:52:00;122;sem vítima;521,9;BR-324/BA;Oeste;Colisão Traseira;1;;;;1;;;;;;6;;;;
03/04/2012;06:47:00;36;sem vítima;530;BR-324/BA;Leste;Colisão Lateral;1;;1;;;;;;;;2;;;;
03/04/2012;10:39:00;86;com vítima;545;BR-324/BA;Leste;Colisão Lateral;;;2;1;;;;;;;3;1;;;
03/04/2012;13:36:00;114;sem vítima;559;BR-324/BA;Leste;Tombamento;;;1;;;;;;;;1;;;;
03/04/2012;16:36:00;137;sem vítima;607;BR-324/BA;Leste;Colisão Lateral;1;;1;;;;;;;;3;;;;
03/04/2012;15:03:00;126;com vítima;612,8;BR-324/BA;Oeste;Engavetamento;3;;;;;;;;;;2;1;;;
03/04/2012;09:28:00;70;com vítima;619;BR-324/BA;Leste;Colisão Traseira;2;;;;;;;;;;1;4;;;
03/04/2012;11:23:00;94;sem vítima;667,5;BR-116/BA;Norte;Saida de Pista;1;;;;;;;;;;3;;;;
03/04/2012;20:53:00;180;sem vítima;675;BR-116/BA;Norte;Colisão Transversal;1;;;;;;;;;1;2;;;;
03/04/2012;14:25:00;118;sem vítima;817;BR-116/BA;Norte;Colisão Traseira;;;2;;;;;;;;2;;;;
03/04/2012;15:29:00;129;com vítima;826;BR-116/BA;Norte;Colisão Transversal;1;;;1;;;;;;;1;1;;;
04/04/2012;07:07:00;40;sem vítima;431;BR-116/BA;Sul;Colisão Traseira;1;;1;;;;;;;;3;;;;
04/04/2012;11:56:00;100;sem vítima;518;BR-324/BA;Oeste;Colisão Traseira;1;;1;;;;;;;;2;;;;
04/04/2012;02:00:00;8;sem vítima;537;BR-324/BA;Oeste;Saida de Pista;1;;;;;;;;;;4;;;;
04/04/2012;14:13:00;120;sem vítima;599;BR-324/BA;Oeste;Colisão Traseira;1;;1;;;;;;;;3;;;;
04/04/2012;17:59:00;162;com vítima;602;BR-324/BA;Leste;Colisão Traseira;1;;;1;;;;;;;2;1;;;
04/04/2012;06:16:00;30;sem vítima;509;BR-116/BA;Sul;Outros;;;1;;;;;;;;1;;;;
04/04/2012;18:55:00;178;sem vítima;613;BR-324/BA;Leste;Colisão Traseira;1;;;1;;;;;;;2;;;;
04/04/2012;03:56:00;14;sem vítima;588,8;BR-116/BA;Norte;Tombamento;;;1;;;;;;;;1;;;;
04/04/2012;23:24:00;231;sem vítima;673;BR-116/BA;Sul;Colisão Traseira;;;;2;;;;;;;2;;;;
04/04/2012;15:30:00;137;sem vítima;868;BR-116/BA;Sul;Engavetamento;1;;1;;;;;;;1;3;;;;
05/04/2012;16:37:00;177;com vítima;6;BR-116/BA - ContSuFS;;Colisão Traseira;1;;;1;;;;;;;1;1;;;
05/04/2012;11:52:00;108;sem vítima;426,6;BR-116/BA;Sul;Capotamento;1;;;;;;;;;;3;;;;
05/04/2012;15:36:00;159;sem vítima;527;BR-324/BA;Oeste;Colisão Traseira;1;;;;;;;;;1;8;;;;
05/04/2012;13:10:00;119;sem vítima;534,9;BR-324/BA;Leste;Colisão Transversal;2;;;;;;;;;;4;;;;
05/04/2012;19:09:00;216;sem vítima;561;BR-324/BA;Oeste;Engavetamento;3;;;;;;;;;;10;;;;
05/04/2012;18:11:00;204;sem vítima;567;BR-324/BA;Oeste;Engavetamento;1;;;1;;2;;;;;4;;;;
05/04/2012;15:38:00;161;com vítima;571,1;BR-324/BA;Oeste;Colisão Traseira;2;;;;;;;;;;5;1;;;
05/04/2012;12:43:00;114;sem vítima;471;BR-116/BA;Sul;Saida de Pista;1;;;;;1;;;;;5;;;;
05/04/2012;06:00:00;33;sem vítima;574;BR-324/BA;Oeste;Tombamento;;;1;;;;;;;;1;;;;
05/04/2012;17:06:00;187;sem vítima;610;BR-324/BA;Oeste;Engavetamento;4;;;;;;;;;;4;;;;
05/04/2012;19:38:00;221;sem vítima;611,5;BR-324/BA;Oeste;Colisão Traseira;1;;;1;;;;;;;2;;;;
05/04/2012;20:02:00;228;com vítima;613,5;BR-324/BA;Oeste;Colisão Traseira;2;;;;;;;;;;6;;1;;
05/04/2012;10:43:00;98;sem vítima;580;BR-116/BA;Sul;Saida de Pista;1;;;;;;;;;;1;;;;
06/04/2012;13:30:00;136;com vítima;8;BR-116/BA - ContSuFS;;Colisão Lateral;;;;1;;1;;;;;1;1;;;
06/04/2012;13:30:00;135;com vítima;22;BR-116/BA - Cont VC;;Colisão Lateral;;;2;;;;;;;;1;1;;;
06/04/2012;19:26:00;198;sem vítima;438;BR-116/BA;Sul;Tombamento;;;1;;;1;;;;1;3;;;;
06/04/2012;23:47:00;237;com vítima;523;BR-324/BA;Oeste;Colisão Traseira;1;;;1;;;;;;;2;;;2;
06/04/2012;08:48:00;75;com vítima;532;BR-324/BA;Leste;Queda de Moto;;;;1;;;;;;;0;2;;;
06/04/2012;16:46:00;166;sem vítima;540;BR-324/BA;Leste;Colisão Lateral;2;;;;;;;;;;2;;;;
06/04/2012;14:42:00;144;com vítima;456,5;BR-116/BA;Norte;Capotamento;1;;;;;;;;;;0;1;;;
06/04/2012;03:07:00;20;sem vítima;562,3;BR-324/BA;Oeste;Atropelamento de Animal;1;;;;;;;;;;3;;;;
06/04/2012;21:03:00;211;com vítima;565;BR-324/BA;Oeste;Colisão Lateral;1;;1;;;;;;;;1;1;;;
06/04/2012;05:53:00;76;sem vítima;467;BR-116/BA;Norte;Colisão Traseira;2;;;;;;;;;;7;;;;
06/04/2012;07:01:00;48;sem vítima;580;BR-324/BA;Oeste;Engavetamento;4;;1;;;;;;;;6;;;;
06/04/2012;05:04:00;32;com vítima;595;BR-324/BA;Leste;Saida de Pista;1;;;;;;;;;;2;3;;;
06/04/2012;08:12:00;65;sem vítima;599;BR-324/BA;Oeste;Colisão Traseira;2;;;;;;;;;;2;;;;
06/04/2012;22:58:00;224;com vítima;610,2;BR-324/BA;Leste;Atropelamento de Animal;2;;;1;;;;;;;3;2;;;
06/04/2012;21:23:00;213;sem vítima;622,8;BR-324/BA;Leste;Saida de Pista;1;;;;;1;;;;;2;;;;
06/04/2012;01:24:00;12;sem vítima;716;BR-116/BA;Norte;Atropelamento de Animal;;;1;;;;;;;;1;;;;
06/04/2012;18:13:00;184;com vítima;833;BR-116/BA;Sul;Atropelamento - Ciclista;;1;;;;;;;;1;1;;;;1
06/04/2012;17:53:00;178;com vítima;854;BR-116/BA;Sul;Tombamento;;;1;;;;;;;;0;1;;;
06/04/2012;21:58:00;215;com vítima;856;BR-116/BA;Norte;Engavetamento;;;2;;;;;;;1;2;1;;1;
06/04/2012;04:56:00;30;sem vítima;913;BR-116/BA;Norte;Tombamento;;;1;;;;;;;;1;;;;
06/04/2012;06:20:00;42;sem vítima;932,5;BR-116/BA;Sul;Colisão Traseira;;;2;;;1;;;;;3;;;;
07/04/2012;08:59:00;56;com vítima;22;BR-116/BA - Cont VC;;Colisão Lateral;;;4;;;1;;;;;4;1;;;
07/04/2012;10:43:00;80;com vítima;467;BR-116/BA;Norte;Colisão Traseira;1;;;1;;;;;;;2;1;;;
07/04/2012;15:30:00;133;com vítima;620;BR-324/BA;Oeste;Queda de Moto;;;;1;;;;;;;0;2;;;
07/04/2012;22:22:00;196;com vítima;621;BR-324/BA;Oeste;Queda de Moto;;;;1;;;;;;;0;1;1;;
08/04/2012;21:52:00;227;sem vítima;1,5;BR-116/BA - ContSuFS;;Colisão Traseira;1;;;;;1;;;;;2;;;;
08/04/2012;09:37:00;46;sem vítima;12;BR-116/BA - Cont VC;;Colisão Traseira;1;;;;;;;;;1;2;;;;
08/04/2012;19:14:00;184;sem vítima;537;BR-324/BA;Leste;Colisão Transversal;1;;;;;1;;;;;6;;;;
08/04/2012;18:39:00;177;sem vítima;545,8;BR-324/BA;Leste;Engavetamento;3;;;;;;;;;1;4;;;;
08/04/2012;18:23:00;168;sem vítima;547,3;BR-324/BA;Leste;Engavetamento;3;;;;;;;;;;8;;;;
08/04/2012;17:11:00;141;sem vítima;548;BR-324/BA;Leste;Engavetamento;4;;;;;;;;;;13;;;;
08/04/2012;17:57:00;161;sem vítima;548;BR-324/BA;Leste;Colisão Traseira;1;;1;;;;;;;;6;;;;
08/04/2012;16:48:00;135;sem vítima;550;BR-324/BA;Leste;Engavetamento;4;;;;;;;;;;16;;;;
08/04/2012;17:42:00;154;com vítima;555;BR-324/BA;Leste;Capotamento;1;;;;;;;;;;2;4;;;
08/04/2012;20:58:00;208;com vítima;559;BR-324/BA;Leste;Colisão Traseira;2;;;;;;;;;;1;2;;;
08/04/2012;16:28:00;128;sem vítima;559,5;BR-324/BA;Leste;Engavetamento;1;;;;;2;;;;;7;;;;
08/04/2012;16:33:00;130;com vítima;560;BR-324/BA;Oeste;Colisão Traseira;;;1;1;;;;;;;1;2;;;
08/04/2012;18:21:00;167;sem vítima;560;BR-324/BA;Leste;Engavetamento;4;;;;;;;;;;4;;;;
08/04/2012;01:22:00;7;com vítima;560,7;BR-324/BA;Oeste;Choque - Defensa, barreira ou "submarino";;;;1;;;;;;;0;;;1;1
08/04/2012;11:54:00;75;com vítima;465;BR-116/BA;Sul;Capotamento;1;;;;;;;;;;1;1;;;
08/04/2012;17:53:00;158;sem vítima;569;BR-324/BA;Leste;Colisão Traseira;2;;;;;;;;;;2;;;;
08/04/2012;16:30:00;129;sem vítima;576,2;BR-324/BA;Leste;Colisão Traseira;4;;;;;;;;;;4;;;;
08/04/2012;17:12:00;142;sem vítima;577;BR-324/BA;Leste;Colisão Traseira;2;;;;;;;;;;8;;;;
08/04/2012;17:15:00;147;sem vítima;577;BR-324/BA;Leste;Colisão Traseira;2;;;;;;;;;;2;;;;
08/04/2012;16:21:00;123;sem vítima;580;BR-324/BA;Leste;Colisão Traseira;2;;;;;;;;;;2;;;;
08/04/2012;18:10:00;165;sem vítima;580;BR-324/BA;Leste;Colisão Traseira;2;;;;;;;;;;2;;;;
08/04/2012;20:19:00;200;sem vítima;599,6;BR-324/BA;Leste;Colisão Lateral;1;;1;;;;;;;;5;;;;
08/04/2012;13:33:00;90;sem vítima;607;BR-324/BA;Leste;Colisão Traseira;1;;;;;;;;;1;4;;;;
08/04/2012;21:39:00;217;sem vítima;567;BR-116/BA;Norte;Colisão Traseira;2;;;;;;;;;;4;;;;
09/04/2012;12:04:00;121;sem vítima;446;BR-116/BA;Norte;Colisão Lateral;1;;;;;;;;;1;2;;;;
09/04/2012;18:28:00;180;sem vítima;541;BR-324/BA;Oeste;Atropelamento de Animal;1;;;;;;;;;;1;;;;
09/04/2012;06:06:00;45;sem vítima;550;BR-324/BA;Leste;Tombamento;;;2;;;;;;;;2;;;;
09/04/2012;05:02:00;32;sem vítima;583;BR-324/BA;Oeste;Saida de Pista;1;;;;;;;;;;1;;;;
09/04/2012;06:58:00;59;sem vítima;606;BR-324/BA;Leste;Engavetamento;4;;;;;1;;;;;5;;;;
09/04/2012;06:38:00;52;com vítima;609;BR-324/BA;Oeste;Colisão Traseira;1;;;1;;;;;;;2;1;;;
09/04/2012;12:34:00;127;com vítima;794;BR-116/BA;Sul;Capotamento;1;;;;;1;;;;;4;1;;;
09/04/2012;20:39:00;198;com vítima;893;BR-116/BA;Norte;Colisão Lateral;1;;1;;;;;;;;3;1;;;
09/04/2012;11:19:00;114;sem vítima;904;BR-116/BA;Sul;Tombamento;;;;;1;;;;;;3;;;;
09/04/2012;05:35:00;40;com vítima;922,7;BR-116/BA;Sul;Colisão Traseira;;;;1;;1;;;;;1;;1;;
10/04/2012;19:14:00;190;sem vítima;1;BR-116/BA - ContSuFS;;Colisão Transversal;2;;;;;;;;;;5;;;;
10/04/2012;17:13:00;166;com vítima;8;BR-116/BA - Cont VC;;Colisão Transversal;1;;1;;;;;;;;2;1;;;
10/04/2012;12:41:00;121;com vítima;523;BR-324/BA;Leste;Saida de Pista;1;;;;;;;;;;0;2;;;
10/04/2012;21:25:00;200;com vítima;619;BR-324/BA;Oeste;Colisão Lateral;;;;2;;;;;;;2;1;;;
10/04/2012;19:40:00;196;sem vítima;623,2;BR-324/BA;Leste;Colisão Traseira;1;;;;1;;;;;;3;;;;
10/04/2012;05:21:00;18;sem vítima;593;BR-116/BA;Sul;Tombamento;;;1;;;;;;;;1;;;;
10/04/2012;10:15:00;85;sem vítima;696;BR-116/BA;Norte;Capotamento;1;;;;;;;;;;1;;;;
10/04/2012;11:55:00;114;sem vítima;788,2;BR-116/BA;Sul;Colisão Traseira;1;;1;;;;;;;;7;;;;
11/04/2012;09:59:00;75;sem vítima;523;BR-324/BA;Leste;Tombamento;;;1;;;;;;;;2;;;;
11/04/2012;00:28:00;4;sem vítima;580;BR-324/BA;Oeste;Saida de Pista;1;;;;;;;;;;2;;;;
11/04/2012;12:26:00;100;sem vítima;609;BR-324/BA;Oeste;Colisão Traseira;2;;;;;;;;;;2;;;;
11/04/2012;15:44:00;124;sem vítima;611;BR-324/BA;Oeste;Colisão Traseira;1;;;;;;;;;1;3;;;;
11/04/2012;16:02:00;130;sem vítima;611,2;BR-324/BA;Oeste;Colisão Traseira;;;1;;;1;;;;;2;;;;
11/04/2012;00:16:00;2;sem vítima;618;BR-324/BA;Oeste;Saida de Pista;1;;;;;;;;;;1;;;;
11/04/2012;18:24:00;153;com vítima;620;BR-324/BA;Oeste;Colisão Traseira;1;;;1;;;;;;;1;1;;;
12/04/2012;18:14:00;144;sem vítima;1,8;BR-116/BA - ContSuFS;;Colisão Transversal;2;;;;;;;;;;5;;;;
12/04/2012;13:10:00;100;sem vítima;527;BR-324/BA;Leste;Colisão Traseira;1;;;;;1;;;;1;6;;;;
12/04/2012;13:26:00;103;sem vítima;459;BR-116/BA;Norte;Colisão Transversal;1;;1;;;;;;;;2;;;;
12/04/2012;01:26:00;8;sem vítima;495;BR-116/BA;Norte;Colisão Lateral;;;2;;;;;;;;2;;;;
12/04/2012;07:31:00;36;sem vítima;600,2;BR-324/BA;Oeste;Colisão Lateral;1;;1;;;;;;;;2;;;;
12/04/2012;15:47:00;127;sem vítima;607;BR-324/BA;Oeste;Colisão Traseira;1;;;;1;;;;;;3;;;;
12/04/2012;11:49:00;93;com vítima;614,8;BR-324/BA;Leste;Colisão Traseira;2;;;;;;;;;;1;1;;;
12/04/2012;11:18:00;87;sem vítima;739;BR-116/BA;Norte;Colisão Traseira;;;2;;;;;;;;2;;;;
13/04/2012;07:35:00;44;com vítima;3;BR-116/BA - ContSuFS;;Colisão Traseira;;;2;;;;;;;;2;1;;;
13/04/2012;11:50:00;90;com vítima;525;BR-324/BA;Oeste;Colisão Traseira;2;;;;;;;;;;3;1;;;
13/04/2012;09:02:00;61;sem vítima;530;BR-324/BA;Oeste;Choque - Defensa, barreira ou "submarino";1;;;;;;;;;;1;;;;
13/04/2012;06:51:00;35;sem vítima;599;BR-324/BA;Leste;Colisão Traseira;2;;;;;;;;;;2;;;;
13/04/2012;10:35:00;77;sem vítima;599;BR-324/BA;Leste;Colisão Traseira;1;;1;;;;;;;;3;;;;
13/04/2012;08:29:00;52;sem vítima;614;BR-324/BA;Leste;Engavetamento;1;;1;;;1;;;;;3;;;;
13/04/2012;18:05:00;166;sem vítima;619;BR-324/BA;Oeste;Colisão Traseira;2;;;;;;;;;;2;;;;
13/04/2012;19:03:00;182;com vítima;553;BR-116/BA;Norte;Colisão Traseira;1;;1;;;;;;;;1;2;1;;
13/04/2012;10:30:00;76;sem vítima;583;BR-116/BA;Norte;Capotamento;1;;;;;;;;;;1;;;;
13/04/2012;21:05:00;191;com vítima;661;BR-116/BA;Norte;Atropelamento de Pedestre;;;1;;;;;;;;0;;;;2
13/04/2012;19:12:00;184;com vítima;860,2;BR-116/BA;Sul;Colisão Lateral;;;1;;;;;;;1;1;;1;;
14/04/2012;19:06:00;171;com vítima;8;BR-116/BA - Cont VC;;Colisão Transversal;1;;1;;;;;;;;2;2;;;
14/04/2012;15:40:00;130;sem vítima;518;BR-324/BA;Oeste;Engavetamento;1;;;;;2;;;;;3;;;;
14/04/2012;09:57:00;74;sem vítima;459,3;BR-116/BA;Sul;Engavetamento;2;;1;;;;;;;;3;;;;
14/04/2012;17:29:00;152;sem vítima;580;BR-324/BA;Oeste;Colisão Traseira;2;;;;;;;;;;3;;;;
14/04/2012;14:18:00;115;sem vítima;616,3;BR-324/BA;Leste;Colisão Lateral;1;;1;;;;;;;;2;;;;
14/04/2012;11:41:00;92;sem vítima;619,1;BR-324/BA;Leste;Sequência;3;;;;;;;;;;3;;;;
14/04/2012;11:25:00;87;sem vítima;613;BR-116/BA;Sul;Colisão Traseira;;;2;;;;;;;;2;;;;
14/04/2012;16:43:00;142;sem vítima;827;BR-116/BA;Sul;Colisão Traseira;1;;;;1;;;;;;48;;;;
15/04/2012;10:53:00;70;sem vítima;440,5;BR-116/BA;Norte;Colisão Traseira;;;2;;;;;;;;2;;;;
15/04/2012;18:50:00;162;com vítima;529;BR-324/BA;Oeste;Engavetamento;1;;2;;;;1;;;;5;1;;;
15/04/2012;04:36:00;24;com vítima;585;BR-324/BA;Leste;Saida de Pista;1;;;;;;;;;;0;1;;;
15/04/2012;17:34:00;139;com vítima;614,2;BR-324/BA;Leste;Colisão Transversal;1;;;;1;;;;;;31;;1;;
15/04/2012;15:41:00;114;com vítima;626;BR-324/BA;Oeste;Colisão Traseira;2;;;;;;;;;;2;;;2;
15/04/2012;06:58:00;39;sem vítima;654,05;BR-116/BA;Sul;Saida de Pista;;;;;;;;;;1;3;;;;
15/04/2012;20:01:00;176;sem vítima;808;BR-116/BA;Sul;Saida de Pista;1;;;;;1;;;;;2;;;;
15/04/2012;18:52:00;163;com vítima;826;BR-116/BA;Norte;Queda de Moto;;;;;;2;;;;;1;2;;;
16/04/2012;12:20:00;111;com vítima;523;BR-324/BA;Oeste;Colisão Transversal;;;;1;;1;;;;;1;;1;;
16/04/2012;05:50:00;25;sem vítima;532,4;BR-324/BA;Oeste;Saida de Pista;1;;;;;;;;;;1;;;;
16/04/2012;00:27:00;5;sem vítima;451;BR-116/BA;Sul;Colisão Traseira;1;;;;;1;;;;;2;;;;
16/04/2012;19:06:00;174;sem vítima;543;BR-324/BA;Oeste;Colisão Transversal;;;2;;;;;;;;5;;;;
16/04/2012;12:14:00;109;sem vítima;560;BR-324/BA;Leste;Colisão Traseira;1;;;;;;;;;1;4;;;;
16/04/2012;05:45:00;24;sem vítima;580;BR-324/BA;Leste;Colisão Traseira;1;;1;;;;;;;;2;;;;
16/04/2012;10:18:00;92;sem vítima;620;BR-324/BA;Leste;Engavetamento;3;;;;;;;;;;3;;;;
16/04/2012;11:56:00;106;sem vítima;584;BR-116/BA;Norte;Saida de Pista;;;1;;;;;;;;1;;;;
16/04/2012;18:01:00;162;sem vítima;722;BR-116/BA;Norte;Colisão Traseira;;;1;;;1;;;;;2;;;;
16/04/2012;20:09:00;184;com vítima;801,1;BR-116/BA;Norte;Queda de Moto;;;;1;;1;;;;;2;1;;;
17/04/2012;13:12:00;114;com vítima;426,3;BR-116/BA;Norte;Colisão Transversal;;;1;1;;;;;;;1;2;;;
17/04/2012;15:15:00;132;sem vítima;614;BR-324/BA;Oeste;Colisão Traseira;2;;;;;;;;;;7;;;;
17/04/2012;13:16:00;116;sem vítima;619,6;BR-324/BA;Leste;Colisão Traseira;2;;;;;;;;;;3;;;;
17/04/2012;18:20:00;175;com vítima;776,6;BR-116/BA;Sul;Colisão Transversal;;;;1;;1;;;;;1;;1;;
18/04/2012;06:56:00;45;sem vítima;518;BR-324/BA;Oeste;Queda de Moto;;;;1;;1;;;;;2;;;;
18/04/2012;09:01:00;64;sem vítima;527;BR-324/BA;Oeste;Saida de Pista;;;;;;1;;;;1;2;;;;
18/04/2012;10:13:00;82;sem vítima;530;BR-324/BA;Oeste;Saida de Pista;1;;;;;;;;;;1;;;;
18/04/2012;07:46:00;55;sem vítima;569;BR-324/BA;Oeste;Colisão Lateral;1;;1;;;1;;;;;4;;;;
18/04/2012;18:56:00;181;com vítima;576,5;BR-324/BA;Leste;Saida de Pista;1;;;;;;;;;;0;1;;;
18/04/2012;16:48:00;158;com vítima;613;BR-324/BA;Leste;Queda de Moto;;;;1;;;;;;;0;1;;;
18/04/2012;09:38:00;72;com vítima;613,5;BR-324/BA;Leste;Queda de Moto;;;;1;;;;;;;0;1;;;
18/04/2012;17:37:00;168;sem vítima;615;BR-324/BA;Leste;Engavetamento;3;;;;;;;;;;3;;;;
18/04/2012;12:47:00;118;sem vítima;623;BR-324/BA;Oeste;Colisão Traseira;2;;;;;;;;;;2;;;;
18/04/2012;18:40:00;178;sem vítima;566;BR-116/BA;Norte;Engavetamento;2;;1;;;;;;;;3;;;;
18/04/2012;17:44:00;170;com vítima;760;BR-116/BA;Norte;Colisão Traseira;1;;1;;1;1;;;;;49;1;;;
18/04/2012;16:04:00;149;sem vítima;875,8;BR-116/BA;Sul;Colisão Lateral;;;1;;;1;;;;;2;;;;
18/04/2012;10:03:00;75;com vítima;903,3;BR-116/BA;Norte;Colisão Traseira;1;;1;;;;;;;;1;1;;;
19/04/2012;16:28:00;142;sem vítima;530;BR-324/BA;Oeste;Saida de Pista;1;;;;;;;;;;1;;;;
19/04/2012;16:32:00;149;sem vítima;530;BR-324/BA;Oeste;Saida de Pista;1;;;;;;;;;;2;;;;
19/04/2012;09:27:00;51;sem vítima;455,75;BR-116/BA;Sul;Colisão Lateral;1;;2;;;;;;;;3;;;;
19/04/2012;13:19:00;101;com vítima;547;BR-324/BA;Oeste;Tombamento;;;1;;;1;;;;;1;1;;;
19/04/2012;16:12:00;138;sem vítima;551;BR-324/BA;Leste;Colisão Traseira;1;;1;;;;;;;;2;;;;
19/04/2012;10:56:00;75;sem vítima;569;BR-324/BA;Oeste;Engavetamento;1;;3;;;;;;;;4;;;;
19/04/2012;10:30:00;69;sem vítima;570,2;BR-324/BA;Oeste;Colisão Traseira;1;;1;;;;;;;;3;;;;
19/04/2012;14:28:00;114;sem vítima;588,9;BR-324/BA;Leste;Saida de Pista;1;;;;;;;;;;2;;;;
19/04/2012;18:32:00;155;sem vítima;607;BR-324/BA;Leste;Saida de Pista;1;;;;;;;;;;1;;;;
19/04/2012;19:57:00;166;sem vítima;613;BR-324/BA;Leste;Engavetamento;1;;;;;2;;;;;4;;;;
19/04/2012;00:37:00;2;sem vítima;622;BR-324/BA;Leste;Capotamento;;;;;;;;;;1;1;;;;
19/04/2012;22:50:00;195;sem vítima;622;BR-324/BA;Leste;Colisão Traseira;2;;;;;;;;;;3;;;;
19/04/2012;15:12:00;127;sem vítima;552;BR-116/BA;Norte;Saida de Pista;1;;;;;;;;;;1;;;;
19/04/2012;12:58:00;96;com vítima;817,5;BR-116/BA;Sul;Colisão Transversal;1;;1;;;;;;;;0;3;;;
20/04/2012;08:13:00;51;sem vítima;3;BR-116/BA - ContSuFS;;Colisão Lateral;;;;1;;;;;;1;4;;;;
20/04/2012;21:51:00;220;com vítima;10;BR-116/BA - Cont VC;;Atropelamento de Animal;;;1;1;;;;;;;1;1;;;
20/04/2012;17:14:00;176;com vítima;518;BR-324/BA;Leste;Atropelamento de Pedestre;1;;;;;;;;;;2;;1;;
20/04/2012;20:33:00;211;sem vítima;518;BR-324/BA;Oeste;Engavetamento;1;;1;;1;;;;;;3;;;;
20/04/2012;07:30:00;43;sem vítima;523;BR-324/BA;Leste;Colisão Traseira;1;;;1;;;;;;;2;;;;
20/04/2012;05:47:00;26;sem vítima;530;BR-324/BA;Oeste;Capotamento;1;;;;;;;;;;1;;;;
20/04/2012;06:45:00;33;com vítima;530;BR-324/BA;Oeste;Capotamento;1;;;;;;;;;;0;1;;;
20/04/2012;13:29:00;128;sem vítima;531;BR-324/BA;Oeste;Saida de Pista;1;;;;;;;;;;2;;;;
20/04/2012;18:27:00;191;com vítima;449,85;BR-116/BA;Sul;Atropelamento de Pedestre;;;1;;;;;;;;1;1;;;
20/04/2012;11:54:00;106;sem vítima;548;BR-324/BA;Leste;Colisão Traseira;1;;;;;1;;;;;2;;;;
20/04/2012;07:34:00;44;sem vítima;468;BR-116/BA;Norte;Colisão Lateral;2;;;;;;;;;;8;;;;
20/04/2012;20:15:00;209;sem vítima;599;BR-324/BA;Oeste;Colisão Lateral;1;;1;;;;;;;;4;;;;
20/04/2012;06:51:00;35;sem vítima;603;BR-324/BA;Oeste;Choque - Veiculo parado no acostamento;1;;;;1;;;;;;2;;;;
20/04/2012;04:01:00;18;com vítima;612;BR-324/BA;Leste;Queda de Moto;;;;1;;;;;;;0;;1;;