data;horario;n_da_ocorrencia;tipo_de_ocorrencia;km;trecho;sentido;tipo_de_acidente;automovel;bicicleta;caminhao;moto;onibus;outros;tracao_animal;transporte_de_cargas_especiais;trator_maquinas;utilitarios;ilesos;levemente_feridos;moderadamente_feridos;gravemente_feridos;mortos
10/05/2012;05:21:00;26;com vítima;859;BR-116/BA;Norte;Colisão Transversal;1;;1;;;;;;;;2;1;1;;
11/05/2012;09:33:00;76;sem vítima;1,2;BR-116/BA - ContSuFS;;Saida de Pista;;;1;;;;;;;;3;;;;
11/05/2012;17:52:00;179;sem vítima;8;BR-116/BA - Cont VC;;Colisão Transversal;1;;1;;;;;;;;2;;;;
11/05/2012;10:57:00;93;sem vítima;29;BR-116/BA - Cont VC;;Tombamento;;;1;;;;;;;;1;;;;
11/05/2012;13:30:00;122;sem vítima;519,5;BR-324/BA;Leste;Colisão Lateral;;;1;;;1;;;;;3;;;;
11/05/2012;07:14:00;49;com vítima;522;BR-324/BA;Oeste;Colisão Frontal;2;;;;;;;;;;1;6;;;1
11/05/2012;05:26:00;35;com vítima;571,6;BR-324/BA;Oeste;Capotamento;1;;;;;;;;;;0;1;;1;
11/05/2012;11:33:00;105;com vítima;607;BR-324/BA;Oeste;Colisão Traseira;3;;;;;1;;;;;11;;1;;
11/05/2012;12:06:00;107;sem vítima;607;BR-324/BA;Leste;Saida de Pista;;;1;;;;;;;;1;;;;
11/05/2012;14:45:00;140;sem vítima;607;BR-324/BA;Oeste;Engavetamento;3;;;;;;;;;;7;;;;
11/05/2012;08:34:00;65;com vítima;624,7;BR-324/BA;Leste;Queda de Moto;;;;1;;;;;;;0;1;;;
11/05/2012;17:39:00;176;sem vítima;645,3;BR-116/BA;Norte;Colisão Traseira;;;2;;;;;;;;2;;;;
11/05/2012;09:13:00;73;sem vítima;694,7;BR-116/BA;Norte;Colisão Traseira;;;1;;1;;;;;;5;;;;
11/05/2012;07:50:00;58;sem vítima;810;BR-116/BA;Norte;Tombamento;;;1;;;;;;;;1;;;;
11/05/2012;17:06:00;165;com vítima;814;BR-116/BA;Sul;Colisão Frontal;;;;1;;;;;;1;1;1;;;
11/05/2012;15:56:00;153;sem vítima;819,5;BR-116/BA;Sul;Colisão Transversal;1;;1;;;;;;;;2;;;;
11/05/2012;17:59:00;181;com vítima;820;BR-116/BA;Sul;Sequência;3;;;;;;;;;;4;1;;;
11/05/2012;22:50:00;227;com vítima;853,2;BR-116/BA;Norte;Capotamento;1;;;;;;;;;;1;1;;;
11/05/2012;14:32:00;138;sem vítima;873;BR-116/BA;Sul;Colisão Traseira;1;;1;;;;;;;;2;;;;
12/05/2012;12:26:00;114;com vítima;1,5;BR-116/BA - ContSuFS;;Colisão Traseira;;;;1;;1;;;;;1;1;;;
12/05/2012;12:20:00;113;com vítima;8;BR-116/BA - ContSuFS;;Colisão Frontal;1;;;1;;;;;;;0;2;;1;
12/05/2012;18:49:00;195;com vítima;8;BR-116/BA - ContSuFS;;Queda de Moto;;;;1;;;;;;;0;1;;;
12/05/2012;19:45:00;207;com vítima;14;BR-116/BA - Cont VC;;Colisão Transversal;2;;;;;;;;;1;6;2;;;
12/05/2012;10:04:00;92;com vítima;15;BR-116/BA - Cont VC;;Tombamento;;;1;;;;;;;;0;2;;;
12/05/2012;18:20:00;190;com vítima;15;BR-116/BA - Cont VC;;Colisão Frontal;;2;;;;;;;;;0;;1;1;
12/05/2012;20:09:00;215;com vítima;17;BR-116/BA - Cont VC;;Colisão Transversal;;;;1;;1;;;;;1;1;;;
12/05/2012;23:10:00;241;sem vítima;467;BR-116/BA;Sul;Atropelamento de Animal;;;;;;;;;;1;2;;;;
12/05/2012;10:41:00;98;sem vítima;612,75;BR-324/BA;Oeste;Colisão Traseira;2;;;;;;;;;;6;;;;
12/05/2012;10:00:00;91;sem vítima;612,8;BR-324/BA;Oeste;Engavetamento;3;;;;;;;;;;3;;;;
12/05/2012;06:11:00;39;com vítima;620;BR-324/BA;Oeste;Colisão Transversal;1;;;;1;;;;;;6;2;;;
12/05/2012;15:58:00;157;sem vítima;622;BR-324/BA;Oeste;Choque Contra Objeto Fixo;2;;;1;;;;;;;3;;;;
12/05/2012;16:40:00;168;sem vítima;601;BR-116/BA;Norte;Colisão Traseira;;;1;;;;;;;1;5;;;;
12/05/2012;15:49:00;154;sem vítima;651;BR-116/BA;Sul;Engavetamento;1;;3;;;;;;;;6;;;;
12/05/2012;00:05:00;1;sem vítima;662;BR-116/BA;Sul;Colisão Traseira;;;2;;;;;;;;2;;;;
12/05/2012;15:15:00;144;com vítima;667;BR-116/BA;Norte;Colisão Lateral;1;;;1;;;;;;;1;1;;;
12/05/2012;07:20:00;51;com vítima;735;BR-116/BA;Sul;Atropelamento de Pedestre;;;;;;;;;;1;1;1;;;
12/05/2012;02:00:00;15;com vítima;777;BR-116/BA;Norte;Colisão Transversal;1;;;1;;;;;;;0;1;;1;
12/05/2012;05:40:00;34;sem vítima;810;BR-116/BA;Norte;Capotamento;;;;;;;;;;1;1;;;;
12/05/2012;15:12:00;143;com vítima;813,8;BR-116/BA;Norte;Atropelamento de Pedestre;;;1;;;;;;;;3;1;;;
12/05/2012;08:47:00;75;sem vítima;866;BR-116/BA;Norte;Saida de Pista;;;1;;;;;;;;2;;;;
13/05/2012;14:30:00;127;com vítima;537;BR-324/BA;Leste;Capotamento;1;;;;;;;;;;0;;;1;
13/05/2012;18:23:00;173;sem vítima;537;BR-324/BA;Oeste;Saida de Pista;1;;;;;1;;;;;2;;;;
13/05/2012;03:34:00;15;com vítima;552;BR-324/BA;Oeste;Capotamento;1;;;;;;;;;;0;1;;;
13/05/2012;06:04:00;30;sem vítima;569,4;BR-324/BA;Oeste;Capotamento;1;;;;;;;;;;2;;;;
13/05/2012;22:07:00;209;com vítima;610,1;BR-324/BA;Leste;Colisão Traseira;;;;1;;1;;;;;1;;1;;
13/05/2012;20:17:00;198;sem vítima;618;BR-324/BA;Leste;Colisão Traseira;2;;;;;;;;;;6;;;;
13/05/2012;19:02:00;179;sem vítima;619,5;BR-324/BA;Leste;Engavetamento;4;;;;;;;;;;17;;;;
13/05/2012;19:44:00;191;sem vítima;619,5;BR-324/BA;Leste;Colisão Traseira;2;;;;;;;;;;5;;;;
13/05/2012;17:39:00;163;sem vítima;622,3;BR-324/BA;Leste;Colisão Lateral;1;;1;;;;;;;;2;;;;
13/05/2012;19:06:00;180;sem vítima;625;BR-324/BA;Leste;Colisão Traseira;2;;;;;;;;;;3;;;;
13/05/2012;23:28:00;217;com vítima;546,5;BR-116/BA;Norte;Capotamento;1;;;;;;;;;;1;5;;;
13/05/2012;19:30:00;187;com vítima;553;BR-116/BA;Sul;Colisão Lateral;;;1;1;;;;;;;1;;;1;1
13/05/2012;16:48:00;156;sem vítima;655;BR-116/BA;Norte;Colisão Traseira;;;2;;;;;;;;2;;;;
13/05/2012;05:17:00;24;com vítima;673;BR-116/BA;Sul;Queda de Moto;;;;;;1;;;;;1;1;;;
13/05/2012;09:58:00;73;sem vítima;703;BR-116/BA;Sul;Colisão Traseira;;;2;;;;;;;;2;;;;
13/05/2012;18:04:00;169;sem vítima;708,5;BR-116/BA;Norte;Colisão Traseira;;;2;;;;;;;;2;;;;
13/05/2012;18:41:00;176;com vítima;778,9;BR-116/BA;Norte;Atropelamento de Pedestre;;;;;;;;;;1;1;;;1;
13/05/2012;20:03:00;195;com vítima;819,9;BR-116/BA;Sul;Queda de Moto;;;;1;;;;;;;0;1;;;
13/05/2012;18:09:00;170;com vítima;923;BR-116/BA;Norte;Saida de Pista;;;;;;;;;;1;1;1;;;
14/05/2012;18:03:00;227;com vítima;15;BR-116/BA - Cont VC;;Atropelamento - Ciclista;1;1;;;;;;;;;1;;1;;
14/05/2012;18:03:00;228;sem vítima;518;BR-324/BA;Oeste;Engavetamento;2;;;;;;;;;1;4;;;;
14/05/2012;13:42:00;179;com vítima;582;BR-324/BA;Leste;Capotamento;1;;;;;;;;;;0;1;;;
14/05/2012;20:30:00;243;sem vítima;599;BR-324/BA;Leste;Engavetamento;1;;2;;;;;;;;3;;;;
14/05/2012;09:38:00;111;sem vítima;607;BR-324/BA;Oeste;Engavetamento;2;;;;;;;;;1;3;;;;
14/05/2012;09:55:00;116;sem vítima;608,5;BR-324/BA;Oeste;Colisão Traseira;1;;;;;1;;;;;2;;;;
14/05/2012;09:36:00;110;com vítima;626,2;BR-324/BA;Leste;Queda de Moto;;;;1;;;;;;;0;1;;;
15/05/2012;15:26:00;129;sem vítima;521;BR-324/BA;Oeste;Saida de Pista;1;;;;;;;;;;1;;;;
15/05/2012;16:56:00;151;com vítima;557;BR-324/BA;Leste;Capotamento;1;;;;;;;;;;0;1;;;
15/05/2012;15:39:00;136;com vítima;484;BR-116/BA;Sul;Colisão Lateral;;;1;;;;;;;1;1;;1;;
15/05/2012;11:29:00;88;com vítima;489;BR-116/BA;Sul;Engavetamento;1;;4;;;;;;;;6;1;;;
15/05/2012;07:46:00;42;sem vítima;491;BR-116/BA;Norte;Colisão Traseira;;;2;;;;;;;;2;;;;
15/05/2012;08:00:00;46;sem vítima;607;BR-324/BA;Oeste;Colisão Traseira;1;;;;;1;;;;;2;;;;
15/05/2012;11:53:00;90;com vítima;610;BR-324/BA;Oeste;Queda de Moto;;;;1;;;;;;;0;;1;1;
15/05/2012;08:52:00;58;sem vítima;611;BR-324/BA;Leste;Colisão Traseira;2;;;;;;;;;;5;;;;
15/05/2012;08:01:00;48;sem vítima;591;BR-116/BA;Norte;Engavetamento;;;2;;;;;;;;2;;;;
15/05/2012;02:24:00;11;com vítima;617;BR-116/BA;Sul;Colisão Traseira;;;1;1;;;;;;;1;;;;1
15/05/2012;01:00:00;7;sem vítima;638,3;BR-116/BA;Norte;Saida de Pista;;;1;;;;;;;;1;;;;
15/05/2012;14:25:00;117;sem vítima;645,6;BR-116/BA;Norte;Saida de Pista;1;;;;;;;;;;1;;;;
15/05/2012;17:06:00;154;sem vítima;670;BR-116/BA;Sul;Colisão Lateral;1;;1;;;;;;;;6;;;;
15/05/2012;10:22:00;72;sem vítima;806,5;BR-116/BA;Norte;Colisão Traseira;;;1;;;1;;;;;2;;;;
16/05/2012;13:51:00;110;com vítima;2;BR-116/BA - ContSuFS;;Colisão Transversal;1;;;1;;;;;;;1;1;;;
16/05/2012;16:25:00;143;sem vítima;6;BR-116/BA - ContSuFS;;Colisão Lateral;1;;;;;1;;;;;2;;;;
16/05/2012;15:14:00;127;sem vítima;604;BR-324/BA;Oeste;Colisão Traseira;1;;1;;;;;;;;3;;;;
16/05/2012;11:31:00;81;sem vítima;612,2;BR-324/BA;Oeste;Colisão Traseira;2;;;;;;;;;;2;;;;
16/05/2012;19:10:00;171;sem vítima;617;BR-324/BA;Oeste;Colisão Traseira;2;;;;;;;;;;2;;;;
16/05/2012;18:35:00;164;sem vítima;922;BR-116/BA;Norte;Atropelamento de Animal;1;;;;;;;;;;1;;;;
17/05/2012;07:26:00;35;sem vítima;1;BR-116/BA - ContSuFS;;Colisão Traseira;1;;1;;;;;;;;2;;;;
17/05/2012;13:21:00;94;com vítima;6,4;BA-526;Sul;Capotamento;1;;;;;;;;;;1;1;;;
17/05/2012;17:27:00;133;com vítima;7;BR-116/BA - ContSuFS;;Atropelamento - Ciclista;;1;;1;;;;;;;0;2;;;
17/05/2012;17:54:00;137;sem vítima;519;BR-324/BA;Oeste;Engavetamento;2;;1;;;;;;;;6;;;;
17/05/2012;13:09:00;93;sem vítima;541;BR-324/BA;Leste;Capotamento;1;;;;;;;;;;1;;;;
17/05/2012;22:18:00;187;com vítima;568;BR-324/BA;Leste;Tombamento;;;1;;;;;;;;0;1;1;;1
17/05/2012;08:30:00;48;com vítima;594,85;BR-324/BA;Oeste;Colisão Traseira;2;;;;;1;;;;;2;;2;1;
17/05/2012;20:30:00;172;sem vítima;605;BR-324/BA;Oeste;Colisão Transversal;;;;;;1;;;;1;4;;;;
17/05/2012;20:17:00;168;sem vítima;611;BR-324/BA;Oeste;Saida de Pista;1;;;;;1;;;;;3;;;;
17/05/2012;07:05:00;29;sem vítima;617;BR-324/BA;Leste;Engavetamento;2;;;;;;;;;1;3;;;;
17/05/2012;05:25:00;18;sem vítima;623,9;BR-324/BA;Leste;Saida de Pista;1;;;;;;;;;;1;;;;
17/05/2012;14:49:00;115;com vítima;541;BR-116/BA;Norte;Atropelamento - Ciclista;;;;1;;1;;;;;1;1;;;
17/05/2012;14:22:00;105;com vítima;674;BR-116/BA;Norte;Atropelamento de Pedestre;1;;;;;;;;;;1;1;;;
18/05/2012;01:05:00;16;sem vítima;3;BA-528;Norte;Colisão Traseira;;;1;;;;;;;1;3;;;;
18/05/2012;00:54:00;6;sem vítima;4;BA-528;Norte;Atropelamento de Animal;1;;;;;;;;;;5;;;;
18/05/2012;23:21:00;241;com vítima;22;BR-116/BA - Cont VC;;Colisão Frontal;1;;1;;;;;;;;1;1;1;;
18/05/2012;07:36:00;57;sem vítima;526,9;BR-324/BA;Leste;Colisão Transversal;;;1;;;1;;;;;2;;;;
18/05/2012;03:52:00;22;sem vítima;548;BR-324/BA;Leste;Tombamento;;;1;;;;;;;;2;;;;
18/05/2012;13:14:00;134;sem vítima;592;BR-324/BA;Leste;Capotamento;1;;;;;;;;;;1;;;;
18/05/2012;12:19:00;117;sem vítima;593;BR-324/BA;Leste;Colisão Traseira;1;;1;;;;;;;;4;;;;
18/05/2012;19:11:00;210;sem vítima;599;BR-324/BA;Oeste;Colisão Traseira;1;;1;;;;;;;;2;;;;
18/05/2012;06:40:00;43;sem vítima;604,5;BR-324/BA;Oeste;Colisão Traseira;1;;;;;1;;;;;2;;;;
18/05/2012;14:29:00;155;com vítima;544,8;BR-116/BA;Norte;Colisão Transversal;2;;;;;;;;;;3;4;;;
18/05/2012;03:45:00;20;sem vítima;595,2;BR-116/BA;Norte;Saida de Pista;1;;;;;;;;;;1;;;;
18/05/2012;21:09:00;226;sem vítima;644,6;BR-116/BA;Norte;Tombamento;;;1;;;;;;;;1;;;;
19/05/2012;09:34:00;60;com vítima;518;BR-324/BA;Leste;Colisão Traseira;;;1;1;;;;;;;1;1;;;
19/05/2012;15:39:00;133;sem vítima;444,5;BR-116/BA;Norte;Colisão Traseira;;;2;;;;;;;;2;;;;
19/05/2012;18:42:00;162;com vítima;527;BR-324/BA;Leste;Saida de Pista;1;;;;;;;;;;1;1;;;
19/05/2012;16:44:00;148;com vítima;530;BR-324/BA;Oeste;Saida de Pista;;;;;;;;;;1;0;1;;;
19/05/2012;20:11:00;185;com vítima;450;BR-116/BA;Sul;Colisão Frontal;;;2;;;;;;;;2;1;;;
19/05/2012;17:06:00;151;sem vítima;537;BR-324/BA;Oeste;Saida de Pista;1;;;;;;;;;;1;;;;
19/05/2012;16:39:00;146;sem vítima;541,8;BR-324/BA;Leste;Saida de Pista;;;1;;;;;;;;1;;;;
19/05/2012;12:29:00;98;sem vítima;545;BR-324/BA;Leste;Colisão Transversal;1;;1;;;1;;;;;7;;;;
19/05/2012;07:40:00;44;sem vítima;461;BR-116/BA;Sul;Colisão Traseira;;;;;;2;;;;;2;;;;
19/05/2012;09:44:00;66;com vítima;461,7;BR-116/BA;Sul;Colisão Transversal;1;;;1;;;;;;;2;1;;;
19/05/2012;19:17:00;170;sem vítima;570;BR-324/BA;Leste;Colisão Traseira;;;;;1;;;;;1;25;;;;
19/05/2012;09:32:00;58;sem vítima;574;BR-324/BA;Leste;Colisão Lateral;2;;;;;;;;;;5;;;;
19/05/2012;20:39:00;189;sem vítima;491;BR-116/BA;Sul;Capotamento;;;1;;;1;;;;;2;;;;
19/05/2012;15:43:00;135;sem vítima;590,5;BR-324/BA;Leste;Saida de Pista;1;;;;;;;;;;2;;;;
19/05/2012;20:46:00;192;com vítima;604;BR-324/BA;Leste;Colisão Frontal;1;;;1;;;;;;;1;;1;;
19/05/2012;17:10:00;152;sem vítima;618;BR-324/BA;Oeste;Saida de Pista;;;;;;1;;;;1;2;;;;
19/05/2012;17:26:00;157;sem vítima;618;BR-324/BA;Oeste;Colisão Traseira;2;;;;;;;;;;2;;;;
19/05/2012;00:21:00;1;sem vítima;620;BR-324/BA;Oeste;Saida de Pista;1;;;;;;;;;;2;;;;
19/05/2012;20:11:00;186;sem vítima;620;BR-324/BA;Oeste;Saida de Pista;1;;;;;;;;;;1;;;;
19/05/2012;18:04:00;154;com vítima;531;BR-116/BA;Norte;Atropelamento de Pedestre;;;;1;;;;;;;1;1;;;
19/05/2012;04:39:00;16;sem vítima;587;BR-116/BA;Norte;Saida de Pista;;;1;;;;;;;;1;;;;
19/05/2012;04:19:00;14;com vítima;910,4;BR-116/BA;Norte;Capotamento;1;;;;;;;;;;2;1;;;
20/05/2012;07:05:00;21;sem vítima;12;BR-116/BA - Cont VC;;Saida de Pista;1;;;;;;;;;;1;;;;
20/05/2012;19:38:00;176;com vítima;16;BR-116/BA - Cont VC;;Colisão Transversal;1;;;;;;;;;1;14;8;3;1;
20/05/2012;18:51:00;166;sem vítima;28;BR-116/BA - Cont VC;;Colisão Transversal;1;;1;;;;;;;;2;;;;
20/05/2012;00:59:00;4;sem vítima;445,3;BR-116/BA;Sul;Colisão Traseira;;;1;;;1;;;;;2;;;;
20/05/2012;04:10:00;8;sem vítima;530;BR-324/BA;Oeste;Saida de Pista;1;;;;;;;;;;2;;;;
20/05/2012;05:11:00;11;com vítima;460;BR-116/BA;Norte;Colisão Traseira;;;1;1;;;;;;;1;;;1;
20/05/2012;12:38:00;92;com vítima;461;BR-116/BA;Norte;Queda de Moto;;;;1;;1;;;;;1;1;;;
20/05/2012;19:48:00;177;sem vítima;565;BR-324/BA;Leste;Saida de Pista;1;;;;;;;;;;1;;;;
20/05/2012;19:37:00;174;sem vítima;618;BR-324/BA;Leste;Saida de Pista;1;;;;;;;;;;1;;;;
20/05/2012;13:50:00;108;sem vítima;619;BR-324/BA;Leste;Saida de Pista;1;;;;;;;;;;1;;;;
20/05/2012;17:41:00;153;sem vítima;620;BR-324/BA;Oeste;Colisão Transversal;;;;;1;1;;;;;66;;;;
20/05/2012;20:51:00;191;sem vítima;623;BR-324/BA;Leste;Colisão Traseira;2;;;;;;;;;;2;;;;
20/05/2012;13:08:00;99;sem vítima;623,7;BR-324/BA;Oeste;Colisão Traseira;2;;;;;;;;;;3;;;;
20/05/2012;13:56:00;111;sem vítima;623,7;BR-324/BA;Oeste;Engavetamento;3;;;;;;;;;;4;;;;
20/05/2012;12:29:00;88;sem vítima;576;BR-116/BA;Norte;Saida de Pista;;;1;;;;;;;;1;;;;
21/05/2012;18:17:00;200;com vítima;2,4;BA-526;Sul;Atropelamento - Ciclista;1;1;;;;;;;;;1;;;1;
21/05/2012;07:29:00;53;com vítima;443;BR-116/BA;Norte;Colisão Traseira;;;1;;;;;;;1;14;2;;;
21/05/2012;23:32:00;242;sem vítima;523;BR-324/BA;Leste;Capotamento;1;;;;;;;;;;1;;;;
21/05/2012;05:03:00;22;sem vítima;526;BR-324/BA;Oeste;Saida de Pista;;;1;;;;;;;;1;;;;
21/05/2012;12:31:00;143;com vítima;526;BR-324/BA;Leste;Colisão Transversal;1;;1;;;;;;;;1;2;;;
21/05/2012;12:44:00;147;sem vítima;526;BR-324/BA;Oeste;Saida de Pista;1;;;;;;;;;;1;;;;
21/05/2012;09:23:00;91;sem vítima;527;BR-324/BA;Oeste;Colisão Traseira;1;;1;;;;;;;;2;;;;
21/05/2012;06:59:00;46;sem vítima;564;BR-324/BA;Leste;Colisão Traseira;2;;;;;;;;;;6;;;;
21/05/2012;10:30:00;107;sem vítima;579;BR-324/BA;Leste;Saida de Pista;1;;;;;;;;;;1;;;;
21/05/2012;19:58:00;217;sem vítima;605;BR-324/BA;Oeste;Atropelamento de Animal;;;;;1;;;;;;1;;;;
21/05/2012;11:22:00;128;com vítima;616;BR-324/BA;Leste;Colisão Traseira;1;;;1;;;;;;;1;;1;;
21/05/2012;02:17:00;16;com vítima;588,3;BR-116/BA;Norte;Tombamento;;;;;1;;;;;;24;1;;;
21/05/2012;12:04:00;138;sem vítima;695;BR-116/BA;Sul;Saida de Pista;1;;;;;;;;;;1;;;;
21/05/2012;22:05:00;234;sem vítima;708;BR-116/BA;Sul;Atropelamento de Animal;;;1;;;;;;;;1;;;;
21/05/2012;18:39:00;205;com vítima;816;BR-116/BA;Norte;Queda de Moto;;;;1;;;;;;;0;;1;;
21/05/2012;23:02:00;238;sem vítima;817;BR-116/BA;Norte;Atropelamento de Animal;;;1;;;;;;;;1;;;;
22/05/2012;12:37:00;100;com vítima;7,5;BA-526;Norte;Atropelamento de Pedestre;;;;;;1;;;;;1;;;;1
22/05/2012;17:44:00;155;sem vítima;518;BR-324/BA;Oeste;Colisão Lateral;;;;;;1;;;;1;11;;;;
22/05/2012;10:41:00;82;sem vítima;522;BR-324/BA;Leste;Saida de Pista;1;;;;;;;;;;1;;;;
22/05/2012;11:01:00;88;com vítima;536;BR-324/BA;Oeste;Engavetamento;;;3;;1;;;;;1;13;2;;;
22/05/2012;14:26:00;121;sem vítima;547,3;BR-324/BA;Leste;Colisão Lateral;;;1;;;;;;;1;2;;;;
22/05/2012;01:20:00;10;sem vítima;577;BR-324/BA;Oeste;Saida de Pista;;;1;;;;;;;;1;;;;
22/05/2012;18:36:00;161;sem vítima;584,1;BR-324/BA;Oeste;Saida de Pista;;;1;;;;;;;;1;;;;
22/05/2012;11:36:00;92;com vítima;619,6;BR-324/BA;Leste;Atropelamento de Pedestre;;;;;;1;;;;;1;;1;;
22/05/2012;19:33:00;168;sem vítima;529;BR-116/BA;Norte;Saida de Pista;;;1;;;;;;;;1;;;;
22/05/2012;11:53:00;95;sem vítima;816;BR-116/BA;Sul;Colisão Transversal;2;;;;;;;;;;5;;;;
23/05/2012;13:47:00;114;com vítima;17;BR-116/BA - Cont VC;;Colisão Transversal;;;1;;;;;;;1;2;1;;;
23/05/2012;12:38:00;98;sem vítima;442,9;BR-116/BA;Norte;Colisão Traseira;1;;1;;;;;;;;3;;;;
23/05/2012;07:18:00;26;sem vítima;447;BR-116/BA;Sul;Colisão Lateral;;;2;;;;;;;;2;;;;
23/05/2012;22:28:00;209;com vítima;541,7;BR-324/BA;Leste;Colisão Traseira;1;;;;;1;;;;;1;1;;;
23/05/2012;21:06:00;200;com vítima;480;BR-116/BA;Sul;Colisão Frontal;;;;1;;1;;;;;1;;;;1
23/05/2012;08:22:00;31;sem vítima;599;BR-324/BA;Oeste;Colisão Lateral;;;1;;;1;;;;;2;;;;
23/05/2012;20:57:00;197;com vítima;504;BR-116/BA;Sul;Saida de Pista;;;1;;;;;;;;0;;1;;
23/05/2012;16:07:00;140;sem vítima;616;BR-324/BA;Leste;Engavetamento;4;;;;;;;;;;4;;;;
23/05/2012;20:25:00;187;sem vítima;620;BR-324/BA;Oeste;Colisão Traseira;1;;1;;;;;;;;2;;;;
23/05/2012;15:55:00;137;com vítima;621;BR-324/BA;Oeste;Colisão Traseira;1;;;1;;;;;;;1;1;;;
23/05/2012;17:34:00;156;com vítima;669;BR-116/BA;Sul;Queda de Moto;;;;1;;;;;;;0;;1;;
23/05/2012;11:45:00;84;sem vítima;885;BR-116/BA;Sul;Tombamento;;;1;;;;;;;;1;;;;
23/05/2012;13:10:00;103;com vítima;904,8;BR-116/BA;Sul;Tombamento;;;1;;;;;;;;0;1;;;
24/05/2012;19:01:00;215;com vítima;431;BR-116/BA;Norte;Colisão Lateral;1;;1;;;;;;;;1;1;;;
24/05/2012;19:04:00;216;sem vítima;520,5;BR-324/BA;Oeste;Colisão Traseira;2;;;;;;;;;;2;;;;
24/05/2012;04:12:00;16;com vítima;534;BR-324/BA;Leste;Saida de Pista;;;1;;;;;;;;0;1;;;
24/05/2012;18:44:00;212;com vítima;540;BR-324/BA;Leste;Colisão Traseira;2;;;;;1;;;;;3;2;;;
24/05/2012;18:05:00;200;sem vítima;572;BR-324/BA;Leste;Tombamento;;;1;;;;;;;;1;;;;
24/05/2012;15:39:00;159;sem vítima;579;BR-324/BA;Oeste;Saida de Pista;1;;;;;;;;;;1;;;;
24/05/2012;16:15:00;169;com vítima;505,8;BR-116/BA;Norte;Colisão Traseira;1;;1;;;;;;;;1;1;;;
24/05/2012;07:15:00;37;sem vítima;604;BR-324/BA;Oeste;Colisão Traseira;2;;;;;;;;;;6;;;;
24/05/2012;06:46:00;27;sem vítima;605;BR-324/BA;Oeste;Engavetamento;3;;;;;;;;;;4;;;;
24/05/2012;13:03:00;125;sem vítima;608;BR-324/BA;Oeste;Colisão Traseira;2;;;;;;;;;;9;;;;
24/05/2012;13:18:00;131;sem vítima;608;BR-324/BA;Oeste;Colisão Traseira;2;;;;;;;;;;3;;;;
24/05/2012;13:24:00;132;sem vítima;608;BR-324/BA;Oeste;Engavetamento;3;;;;;;;;;;5;;;;
24/05/2012;04:05:00;14;com vítima;615;BR-324/BA;Oeste;Saida de Pista;1;;;;;;;;;;3;1;;;
24/05/2012;19:09:00;217;sem vítima;622,4;BR-324/BA;Oeste;Engavetamento;4;;;;;;;;;;9;;;;
24/05/2012;20:03:00;225;sem vítima;807;BR-116/BA;Norte;Saida de Pista;;;;1;;1;;;;;2;;;;
24/05/2012;09:15:00;68;sem vítima;817,8;BR-116/BA;Sul;Colisão Transversal;1;;;1;;;;;;;2;;;;
24/05/2012;21:00:00;234;com vítima;856;BR-116/BA;Norte;Atropelamento de Pedestre;;;1;;;;;;;;1;;;;1
25/05/2012;11:25:00;99;sem vítima;17;BR-116/BA - Cont VC;;Colisão Transversal;1;;1;;;;;;;;2;;;;
25/05/2012;00:02:00;1;com vítima;17,3;BR-116/BA - Cont VC;;Colisão Lateral;1;;1;;;;;;;;1;1;;;
25/05/2012;19:32:00;215;com vítima;26;BR-116/BA - Cont VC;;Atropelamento - Outros;;;1;;;;;;;;1;;;;1
25/05/2012;17:57:00;192;sem vítima;520;BR-324/BA;Oeste;Colisão Traseira;1;;1;;;;;;;;4;;;;
25/05/2012;08:12:00;58;com vítima;523,3;BR-324/BA;Oeste;Capotamento;1;;;;;;;;;;0;1;;;
25/05/2012;08:08:00;54;com vítima;451,9;BR-116/BA;Norte;Colisão Frontal;1;;;;1;;;;;;21;;1;;2
25/05/2012;20:06:00;222;com vítima;574;BR-324/BA;Oeste;Colisão Transversal;1;;1;;;;;;;;2;2;;;
25/05/2012;14:17:00;136;com vítima;575;BR-324/BA;Leste;Queda de Moto;;;;1;;1;;;;;1;2;;;
25/05/2012;22:20:00;253;sem vítima;579;BR-324/BA;Leste;Saida de Pista;;;1;;;;;;;;1;;;;
25/05/2012;13:43:00;128;sem vítima;607;BR-324/BA;Oeste;Colisão Transversal;1;;1;;;;;;;;3;;;;
25/05/2012;09:12:00;71;sem vítima;615;BR-324/BA;Leste;Engavetamento;3;;;;;;;;;;3;;;;
25/05/2012;20:53:00;233;sem vítima;622;BR-324/BA;Leste;Saida de Pista;1;;;;;;;;;;1;;;;
25/05/2012;14:53:00;144;sem vítima;626;BR-324/BA;Leste;Colisão Traseira;2;;;;;;;;;;2;;;;
25/05/2012;21:06:00;235;sem vítima;648;BR-116/BA;Norte;Colisão Lateral;;;1;;;;;;;;1;;;;
25/05/2012;17:03:00;176;com vítima;816;BR-116/BA;Sul;Queda de Moto;;;;1;;;;;;;0;1;;;
25/05/2012;08:28:00;63;sem vítima;828;BR-116/BA;Sul;Colisão Lateral;;;1;;;1;;;;;2;;;;
25/05/2012;16:15:00;163;com vítima;828;BR-116/BA;Norte;Outros;;1;;;;;;;;1;1;1;;;
25/05/2012;21:01:00;234;com vítima;828;BR-116/BA;Sul;Colisão Transversal;1;;;1;;;;;;;1;1;;;