data;horario;n_da_ocorrencia;tipo_de_ocorrencia;km;trecho;sentido;tipo_de_acidente;automovel;bicicleta;caminhao;moto;onibus;outros;tracao_animal;transporte_de_cargas_especiais;trator_maquinas;utilitarios;ilesos;levemente_feridos;moderadamente_feridos;gravemente_feridos;mortos
26/05/2012;01:39:00;8;com vítima;8,4;BR-116/BA - Cont VC;;Colisão Lateral;1;;;1;;;;;;;5;1;;1;
26/05/2012;00:18:00;1;sem vítima;519;BR-324/BA;Oeste;Saida de Pista;1;;;;;;;;;;1;;;;
26/05/2012;18:17:00;197;com vítima;523;BR-324/BA;Oeste;Queda de Moto;;;;1;;;;;;;0;1;1;;
26/05/2012;18:37:00;201;sem vítima;523;BR-324/BA;Oeste;Colisão Lateral;1;;1;;;;;;;;3;;;;
26/05/2012;11:56:00;115;sem vítima;530;BR-324/BA;Leste;Saida de Pista;1;;;;;;;;;;2;;;;
26/05/2012;15:37:00;155;sem vítima;578;BR-324/BA;Leste;Colisão Traseira;2;;;;;;;;;;2;;;;
26/05/2012;15:08:00;151;sem vítima;578,1;BR-324/BA;Leste;Colisão Traseira;2;;;;;;;;;;3;;;;
26/05/2012;18:16:00;196;sem vítima;607;BR-324/BA;Leste;Colisão Frontal;2;;;;;;;;;;3;;;;
26/05/2012;23:37:00;246;com vítima;619,1;BR-324/BA;Leste;Capotamento;1;;;;;;;;;;0;;;;1
26/05/2012;18:18:00;199;sem vítima;764;BR-116/BA;Norte;Saida de Pista;;;1;;;;;;;;1;;;;
26/05/2012;23:56:00;250;com vítima;778;BR-116/BA;Sul;Queda de Moto;;;;1;;;;;;;0;1;;;
26/05/2012;21:39:00;234;com vítima;784;BR-116/BA;Norte;Saida de Pista;1;;;;;;;;;;0;3;;;
26/05/2012;15:30:00;153;sem vítima;805;BR-116/BA;Norte;Colisão Traseira;;;2;;;;;;;;2;;;;
26/05/2012;01:35:00;7;sem vítima;810;BR-116/BA;Sul;Atropelamento de Animal;1;;;;;;;;;;1;;;;
26/05/2012;18:12:00;194;com vítima;828;BR-116/BA;Sul;Atropelamento de Pedestre;1;;;;;;;;;;3;;;;1
26/05/2012;04:27:00;24;sem vítima;829;BR-116/BA;Norte;Atropelamento de Animal;;;;;;;;;;1;1;;;;
27/05/2012;12:40:00;114;sem vítima;17;BR-116/BA - Cont VC;;Colisão Transversal;2;;;;;;;;;;3;;;;
27/05/2012;11:31:00;103;com vítima;530;BR-324/BA;Oeste;Capotamento;1;;;;;;;;;;0;2;;;
27/05/2012;10:12:00;92;com vítima;450,1;BR-116/BA;Norte;Colisão Lateral;1;;;;;1;;;;;2;1;;;
27/05/2012;18:39:00;184;com vítima;551;BR-324/BA;Leste;Colisão Transversal;2;;;;;;;;;;3;1;;;
27/05/2012;07:11:00;62;sem vítima;551,1;BR-324/BA;Oeste;Colisão Traseira;2;;;;;;;;;;5;;;;
27/05/2012;12:13:00;110;sem vítima;552;BR-324/BA;Leste;Capotamento;1;;;;;;;;;;5;;;;
27/05/2012;16:05:00;156;com vítima;479,015;BR-116/BA;Sul;Tombamento;;;1;;;;;;;;0;;1;;
27/05/2012;11:08:00;100;sem vítima;617,6;BR-324/BA;Oeste;Colisão Lateral;1;;;;1;;;;;;21;;;;
27/05/2012;08:37:00;76;sem vítima;693,8;BR-116/BA;Sul;Saida de Pista;1;;;;;;;;;;1;;;;
27/05/2012;05:50:00;50;com vítima;770;BR-116/BA;Norte;Colisão Lateral;1;;1;;;;;;;;5;1;;;
27/05/2012;04:50:00;37;sem vítima;796,6;BR-116/BA;Sul;Colisão Traseira;2;;;;;;;;;;3;;;;
28/05/2012;09:18:00;73;sem vítima;522;BR-324/BA;Leste;Colisão Traseira;2;;;;;1;;;;;4;;;;
28/05/2012;07:53:00;53;sem vítima;545;BR-324/BA;Oeste;Saida de Pista;1;;;;;;;;;;2;;;;
28/05/2012;06:00:00;23;com vítima;561,9;BR-324/BA;Oeste;Capotamento;1;;;;;;;;;;0;;1;;
28/05/2012;02:15:00;9;sem vítima;584;BR-324/BA;Leste;Atropelamento de Animal;1;;;;;;;;;;1;;;;
28/05/2012;16:22:00;162;com vítima;594;BR-324/BA;Oeste;Atropelamento de Pedestre;1;;;;;;;;;;1;;;1;
28/05/2012;17:04:00;169;sem vítima;599;BR-324/BA;Oeste;Colisão Traseira;;;2;;;;;;;;2;;;;
28/05/2012;06:47:00;32;com vítima;607,1;BR-324/BA;Leste;Engavetamento;2;;;;;1;;;;;3;1;;;
28/05/2012;07:28:00;45;sem vítima;607,3;BR-324/BA;Oeste;Colisão Traseira;2;;;;;;;;;;2;;;;
28/05/2012;06:36:00;30;sem vítima;607,8;BR-324/BA;Leste;Saida de Pista;1;;;;;1;;;;;2;;;;
28/05/2012;10:10:00;92;sem vítima;620,7;BR-324/BA;Leste;Colisão Traseira;1;;1;;;;;;;;2;;;;
28/05/2012;08:22:00;64;sem vítima;624,8;BR-324/BA;Leste;Engavetamento;3;;;;;;;;;;4;;;;
28/05/2012;15:22:00;151;com vítima;601;BR-116/BA;Norte;Tombamento;;;1;;;;;;;;0;;;;1
29/05/2012;09:19:00;81;com vítima;527;BR-324/BA;Oeste;Capotamento;1;;;;;;;;;;0;;;1;
29/05/2012;09:01:00;72;com vítima;540;BR-324/BA;Leste;Tombamento;;;;;1;;;;;;0;2;;;
29/05/2012;09:01:00;73;sem vítima;551;BR-324/BA;Leste;Colisão Traseira;1;;;;;1;;;;;2;;;;
29/05/2012;11:25:00;106;com vítima;488;BR-116/BA;Norte;Tombamento;;;1;;;;;;;;0;1;;;
29/05/2012;11:10:00;105;sem vítima;620,3;BR-324/BA;Oeste;Colisão Traseira;1;;1;;;;;;;;2;;;;
29/05/2012;23:09:00;191;sem vítima;567;BR-116/BA;Sul;Capotamento;1;;;;;;;;;;1;;;;
29/05/2012;20:10:00;168;sem vítima;648;BR-116/BA;Sul;Tombamento;;;1;;;;;;;;1;;;;
30/05/2012;20:43:00;177;com vítima;8;BR-116/BA - Cont VC;;Queda de Moto;;;;1;;;;;;;1;1;;;
30/05/2012;12:19:00;92;com vítima;545;BR-324/BA;Oeste;Colisão Transversal;2;;;;;;;;;;3;3;;1;
30/05/2012;15:41:00;124;com vítima;495;BR-116/BA;Sul;Atropelamento de Pedestre;;;;;1;;;;;;1;;;1;
30/05/2012;07:50:00;41;sem vítima;621;BR-324/BA;Leste;Colisão Lateral;2;;1;;;;;;;;5;;;;
30/05/2012;17:13:00;142;com vítima;709;BR-116/BA;Norte;Colisão Traseira;;;1;1;;;;;;;1;1;;;
30/05/2012;13:28:00;100;sem vítima;913;BR-116/BA;Sul;Engavetamento;1;;3;;;;;;;;4;;;;
31/05/2012;18:05:00;177;com vítima;7;BR-116/BA - ContSuFS;;Colisão Transversal;;;;1;;1;;;;;1;1;;;
31/05/2012;06:19:00;33;sem vítima;427;BR-116/BA;Norte;Colisão Lateral;;;2;;;;;;;;2;;;;
31/05/2012;23:15:00;230;com vítima;525;BR-324/BA;Leste;Colisão Lateral;;;;1;;2;;;;;2;;;1;1
31/05/2012;17:23:00;168;com vítima;526;BR-324/BA;Leste;Colisão Lateral;2;;;;;;;;;;4;1;;;
31/05/2012;13:03:00;123;sem vítima;458,4;BR-116/BA;Sul;Colisão Traseira;;;2;;;;;;;;2;;;;
31/05/2012;17:54:00;174;com vítima;562;BR-324/BA;Oeste;Atropelamento de Animal;;;;1;;;;;;;0;;;1;
31/05/2012;14:41:00;133;sem vítima;571;BR-324/BA;Oeste;Colisão Traseira;1;;;;1;;;;;;21;;;;
31/05/2012;05:51:00;29;com vítima;470,8;BR-116/BA;Norte;Colisão Frontal;1;;1;;;;;;;;0;4;;1;
31/05/2012;08:13:00;63;sem vítima;620;BR-324/BA;Leste;Engavetamento;3;;;;;;;;;;5;;;;
31/05/2012;18:23:00;182;com vítima;710;BR-116/BA;Norte;Atropelamento de Pedestre;;;;;;1;;;;;1;1;;;
01/06/2012;13:09:00;111;sem vítima;9;BR-116/BA - Cont VC;;Tombamento;;;1;;;;;;;;1;;;;
01/06/2012;07:23:00;40;sem vítima;432;BR-116/BA;Norte;Colisão Traseira;;;2;;;;;;;;2;;;;
01/06/2012;14:40:00;137;com vítima;518;BR-324/BA;Oeste;Queda de Moto;;;;1;;;;;;;0;;1;;
01/06/2012;16:48:00;159;com vítima;523,8;BR-324/BA;Oeste;Colisão Traseira;1;;;1;;;;;;;1;;1;;
01/06/2012;12:46:00;107;sem vítima;545;BR-324/BA;Leste;Capotamento;1;;;;;;;;;;1;;;;
01/06/2012;10:32:00;75;sem vítima;556,6;BR-324/BA;Leste;Colisão Traseira;1;;1;;;;;;;;3;;;;
01/06/2012;14:27:00;130;sem vítima;587,2;BR-324/BA;Leste;Capotamento;1;;;;;;;;;;2;;;;
01/06/2012;10:08:00;70;sem vítima;599;BR-324/BA;Oeste;Colisão Traseira;1;;1;;;;;;;;2;;;;
02/06/2012;15:36:00;156;sem vítima;561;BR-324/BA;Leste;Colisão Traseira;1;;;;;1;;;;;3;;;;
02/06/2012;11:08:00;87;sem vítima;466;BR-116/BA;Sul;Colisão Lateral;;;2;;;;;;;;2;;;;
02/06/2012;13:27:00;118;sem vítima;615,3;BR-324/BA;Oeste;Saida de Pista;;;;;;1;;;;1;2;;;;
02/06/2012;22:39:00;238;sem vítima;616,5;BR-324/BA;Oeste;Colisão Lateral;2;;;;;1;;;;;8;;;;
02/06/2012;22:42:00;240;com vítima;617;BR-324/BA;Oeste;Colisão Frontal;1;;1;;;;;;;;1;2;;;
02/06/2012;06:12:00;30;sem vítima;622,1;BR-324/BA;Leste;Saida de Pista;1;;;;;1;;;;;2;;;;
02/06/2012;00:56:00;6;sem vítima;571,4;BR-116/BA;Sul;Tombamento;;;1;;;;;;;;1;;;;
02/06/2012;08:26:00;59;com vítima;643,3;BR-116/BA;Sul;Saida de Pista;;;1;;;;;;;;0;;;1;
02/06/2012;22:30:00;235;com vítima;672;BR-116/BA;Norte;Queda de Moto;;;;1;;;;;;;0;1;;;
02/06/2012;19:55:00;216;com vítima;674;BR-116/BA;Sul;Choque Contra Objeto Fixo;1;;;;;;;;;;0;1;;;
02/06/2012;01:53:00;8;sem vítima;783;BR-116/BA;Sul;Saida de Pista;1;;;;;;;;;;1;;;;
02/06/2012;17:00:00;172;sem vítima;807;BR-116/BA;Norte;Colisão Traseira;;;2;;;;;;;;3;;;;
03/06/2012;16:33:00;125;sem vítima;5;BR-116/BA - ContSuFS;;Colisão Lateral;2;;;;;;;;;;5;;;;
03/06/2012;06:36:00;40;com vítima;482;BR-116/BA;Sul;Colisão Lateral;;;1;1;;;;;;;1;;;1;
03/06/2012;21:29:00;166;com vítima;603;BR-324/BA;Oeste;Colisão Traseira;2;;;;;;;;;;2;1;1;;
03/06/2012;02:57:00;21;com vítima;624,1;BR-324/BA;Oeste;Queda de Moto;1;;;1;;;;;;;1;;;1;
03/06/2012;14:51:00;113;com vítima;626;BR-324/BA;Leste;Colisão Traseira;1;;1;;;;;;;;2;1;;;
03/06/2012;15:56:00;121;sem vítima;670;BR-116/BA;Norte;Colisão Lateral;1;;1;;;;;;;;2;;;;
03/06/2012;11:32:00;85;com vítima;777;BR-116/BA;Norte;Saida de Pista;;;1;;;;;;;;0;1;;;
03/06/2012;03:04:00;22;sem vítima;793,9;BR-116/BA;Sul;Saida de Pista;1;;;;;;;;;;2;;;;
03/06/2012;00:10:00;2;com vítima;817,8;BR-116/BA;Sul;Atropelamento de Animal;1;;;;;;;;;;1;1;;;
04/06/2012;17:58:00;166;com vítima;1;BR-116/BA - ContSuFS;;Colisão Lateral;1;;;1;;;;;;;2;;1;;
04/06/2012;08:18:00;51;com vítima;561;BR-324/BA;Leste;Queda de Moto;;;;1;;;;;;;1;1;;;
04/06/2012;14:04:00;127;com vítima;461,6;BR-116/BA;Sul;Colisão Frontal;;;;1;;1;;;;;1;1;;;
04/06/2012;13:31:00;122;com vítima;620;BR-324/BA;Oeste;Capotamento;1;;;;;;;;;;0;1;;;
04/06/2012;13:15:00;120;com vítima;655,8;BR-116/BA;Sul;Saida de Pista;1;;;;;;;;;;0;1;;;
04/06/2012;09:53:00;71;sem vítima;809;BR-116/BA;Sul;Engavetamento;2;;4;;;;;;;;6;;;;
04/06/2012;16:55:00;154;com vítima;817,9;BR-116/BA;Sul;Colisão Transversal;1;;;;;;;;;1;0;3;;;
05/06/2012;19:25:00;193;com vítima;443,3;BR-116/BA;Sul;Colisão Lateral;1;;1;;;;;;;;1;;;1;
05/06/2012;22:29:00;208;sem vítima;443,7;BR-116/BA;Sul;Saida de Pista;1;;;;;;;;;;1;;;;
05/06/2012;20:24:00;199;com vítima;518,8;BR-324/BA;Oeste;Atropelamento de Pedestre;1;;;;;;;;;;2;;;;1
05/06/2012;07:15:00;41;sem vítima;523;BR-324/BA;Leste;Colisão Lateral;;;1;;1;;;;;;3;;;;
05/06/2012;08:57:00;64;sem vítima;452;BR-116/BA;Norte;Saida de Pista;1;;;;;;;;;;4;;;;
05/06/2012;04:58:00;18;sem vítima;561,3;BR-324/BA;Leste;Atropelamento de Animal;;;;;1;;;;;;38;;;;
05/06/2012;13:50:00;126;sem vítima;597,5;BR-324/BA;Leste;Colisão Traseira;1;;;;;1;;;;;2;;;;
05/06/2012;07:09:00;39;sem vítima;616;BR-324/BA;Oeste;Colisão Traseira;;;;;1;1;;;;;43;;;;
05/06/2012;20:36:00;200;com vítima;626;BR-324/BA;Oeste;Sequência;;;;1;;1;;;;;1;1;;;1
05/06/2012;03:43:00;13;sem vítima;578;BR-116/BA;Norte;Tombamento;;;1;;;;;;;;1;;;;
05/06/2012;17:56:00;173;com vítima;685;BR-116/BA;Norte;Saida de Pista;1;;;;;;;;;;1;1;;;
06/06/2012;17:48:00;177;com vítima;525;BR-324/BA;Oeste;Queda de Moto;;;;1;;;;;;;0;1;;;
06/06/2012;11:00:00;89;com vítima;447,67;BR-116/BA;Norte;Colisão Lateral;;;4;;;;;;;;4;;;;1
06/06/2012;19:35:00;191;sem vítima;459,9;BR-116/BA;Norte;Colisão Traseira;1;;;;;1;;;;;3;;;;
06/06/2012;07:46:00;44;sem vítima;594;BR-324/BA;Oeste;Colisão Traseira;1;;1;;;;;;;;2;;;;
06/06/2012;10:15:00;79;sem vítima;605,1;BR-324/BA;Leste;Saida de Pista;;;1;;;;;;;;1;;;;
06/06/2012;08:59:00;61;sem vítima;607;BR-324/BA;Oeste;Colisão Traseira;;;1;;;;;;;1;2;;;;
06/06/2012;20:31:00;200;sem vítima;616;BR-324/BA;Oeste;Colisão Lateral;1;;1;;;;;;;;3;;;;
06/06/2012;15:03:00;142;sem vítima;572;BR-116/BA;Norte;Colisão Traseira;1;;;;;1;;;;;3;;;;
06/06/2012;20:51:00;213;sem vítima;805;BR-116/BA;Sul;Queda de Moto;;;;1;;;;;;;1;;;;
07/06/2012;17:57:00;157;sem vítima;523;BR-324/BA;Leste;Colisão Traseira;1;;;;;;;;;1;10;;;;
07/06/2012;08:42:00;63;sem vítima;468,2;BR-116/BA;Norte;Engavetamento;;;2;;;1;;;;;3;;;;
07/06/2012;18:23:00;164;sem vítima;593;BR-324/BA;Oeste;Tombamento;;;1;;;;;;;;1;;;;
07/06/2012;12:49:00;110;sem vítima;620;BR-324/BA;Oeste;Queda de Moto;;;;1;;;;;;;1;;;;
07/06/2012;22:10:00;182;com vítima;643;BR-116/BA;Norte;Saida de Pista;1;;;;;;;;;;0;1;;;
08/06/2012;18:25:00;165;sem vítima;15;BR-116/BA - Cont VC;;Atropelamento de Animal;1;;;;;;;;;;1;;;;
08/06/2012;23:20:00;212;com vítima;429;BR-116/BA;Sul;Colisão Frontal;2;;;;;;;;;;1;2;;;
08/06/2012;18:04:00;155;com vítima;571;BR-324/BA;Oeste;Saida de Pista;1;;;;;;;;;;0;;1;1;
08/06/2012;07:35:00;37;sem vítima;599;BR-324/BA;Oeste;Colisão Traseira;2;;;;;;;;;;2;;;;
08/06/2012;10:29:00;77;sem vítima;599;BR-324/BA;Leste;Colisão Traseira;1;;;;;;;;;1;6;;;;
08/06/2012;10:01:00;66;sem vítima;612;BR-324/BA;Oeste;Colisão Traseira;2;;;;;;;;;;3;;;;
08/06/2012;05:17:00;18;com vítima;623,2;BR-324/BA;Leste;Colisão Frontal;2;;;;;;;;;;0;4;;;
08/06/2012;19:25:00;180;sem vítima;543;BR-116/BA;Norte;Colisão Transversal;1;;;;1;;;;;;5;;;;
09/06/2012;11:23:00;98;com vítima;428;BR-116/BA;Norte;Colisão Lateral;;;1;;;;;;;1;1;1;;;
09/06/2012;14:55:00;136;com vítima;445,9;BR-116/BA;Sul;Colisão Traseira;;;2;;;;;;;;1;;1;1;
09/06/2012;09:38:00;70;com vítima;446;BR-116/BA;Norte;Colisão Traseira;;;2;;;;;;;;1;1;;;
09/06/2012;18:48:00;177;com vítima;597;BR-324/BA;Leste;Queda de Moto;;;;1;;;;;;;0;;1;;
09/06/2012;06:24:00;29;com vítima;600,1;BR-324/BA;Oeste;Queda de Moto;;;;1;;;;;;;1;1;;;
09/06/2012;06:22:00;27;sem vítima;610;BR-324/BA;Oeste;Colisão Traseira;2;;;;;;;;;;7;;;;
09/06/2012;05:21:00;22;com vítima;610,3;BR-324/BA;Oeste;Atropelamento de Pedestre;;;;1;;2;;;;;3;;;;1
09/06/2012;06:22:00;28;sem vítima;611;BR-324/BA;Oeste;Colisão Traseira;2;;;;;;;;;;3;;;;
09/06/2012;07:01:00;34;sem vítima;612;BR-324/BA;Oeste;Engavetamento;3;;;;;1;;;;;9;;;;
09/06/2012;16:07:00;151;com vítima;615;BR-324/BA;Leste;Queda de Moto;;;;1;;;;;;;1;1;;;
09/06/2012;20:51:00;196;sem vítima;616;BR-324/BA;Leste;Colisão Lateral;1;;;;;1;;;;;2;;;;
09/06/2012;15:44:00;145;sem vítima;640;BR-116/BA;Sul;Sequência;;;2;;;;;;;;2;;;;
09/06/2012;15:17:00;142;com vítima;777;BR-116/BA;Sul;Atropelamento de Pedestre;1;;;;;;;;;;1;;1;;
09/06/2012;19:43:00;186;com vítima;781;BR-116/BA;Norte;Queda de Moto;;;;1;;;;;;;0;1;;;
09/06/2012;20:07:00;189;com vítima;903;BR-116/BA;Norte;Queda de Moto;;;;1;;;;;;;0;1;;;
09/06/2012;18:41:00;175;sem vítima;908,5;BR-116/BA;Norte;Colisão Traseira;1;;1;;;;;;;;2;;;;
10/06/2012;11:54:00;75;sem vítima;530;BR-324/BA;Oeste;Capotamento;1;;;;;;;;;;1;;;;
10/06/2012;23:00:00;184;com vítima;458;BR-116/BA;Norte;Colisão Transversal;1;;2;;;;;;;;1;1;1;1;
10/06/2012;16:24:00;119;com vítima;555;BR-324/BA;Oeste;Queda de Moto;;;;1;;;;;;;1;1;;;
10/06/2012;14:56:00;107;sem vítima;571;BR-324/BA;Oeste;Saida de Pista;;;;;;;;;;1;4;;;;
10/06/2012;08:09:00;34;com vítima;584;BR-324/BA;Oeste;Saida de Pista;2;;;;;;;;;;6;1;;;
10/06/2012;08:39:00;41;sem vítima;612;BR-324/BA;Oeste;Colisão Lateral;1;;;;;1;;;;;2;;;;
10/06/2012;02:26:00;11;sem vítima;619;BR-324/BA;Oeste;Capotamento;1;;;;;;;;;;1;;;;
10/06/2012;10:47:00;66;sem vítima;761;BR-116/BA;Sul;Colisão Lateral;1;;1;;;;;;;;6;;;;
10/06/2012;18:05:00;132;com vítima;776;BR-116/BA;Sul;Colisão Transversal;1;;1;;;;;;;;1;;1;;1
10/06/2012;22:55:00;183;com vítima;817;BR-116/BA;Sul;Capotamento;1;;;;;;;;;;0;;3;;
10/06/2012;14:03:00;97;com vítima;819;BR-116/BA;Sul;Colisão Traseira;1;;1;;;;;;;;1;3;;;
11/06/2012;12:42:00;139;sem vítima;560;BR-324/BA;Oeste;Saida de Pista;;;1;;;;;;;;1;;;;
11/06/2012;07:43:00;47;sem vítima;607,2;BR-324/BA;Leste;Engavetamento;6;;;;;1;;;;;7;;;;
11/06/2012;19:47:00;217;com vítima;607,8;BR-324/BA;Leste;Queda de Moto;;;;1;;;;;;;0;1;;;
11/06/2012;18:51:00;207;sem vítima;618;BR-324/BA;Leste;Colisão Traseira;1;;;;;1;;;;;2;;;;
11/06/2012;02:26:00;11;com vítima;622,2;BR-324/BA;Oeste;Saida de Pista;1;;;;;;;;;;1;1;;;
11/06/2012;13:21:00;145;sem vítima;567;BR-116/BA;Norte;Saida de Pista;1;;;;;;;;;;1;;;;
11/06/2012;06:46:00;36;com vítima;640;BR-116/BA;Norte;Queda de Moto;;;;1;;;;;;;0;2;;;
11/06/2012;15:47:00;177;com vítima;817,3;BR-116/BA;Sul;Colisão Transversal;;;;1;;1;;;;;1;;1;;
12/06/2012;20:05:00;186;com vítima;5;BR-116/BA - ContSuFS;;Atropelamento de Pedestre;;;;;;1;;;;;1;;;;1
12/06/2012;18:20:00;166;sem vítima;518,5;BR-324/BA;Leste;Colisão Traseira;;;2;;;;;;;;2;;;;
12/06/2012;18:22:00;169;sem vítima;522;BR-324/BA;Leste;Colisão Traseira;1;;1;;;;;;;;3;;;;
12/06/2012;18:21:00;168;sem vítima;526;BR-324/BA;Oeste;Engavetamento;2;;;;;;;;;1;4;;;;
12/06/2012;10:55:00;81;sem vítima;527;BR-324/BA;Oeste;Saida de Pista;1;;;;1;;;;;;29;;;;
12/06/2012;22:32:00;200;sem vítima;539;BR-324/BA;Oeste;Atropelamento de Animal;;;1;;;;;;;;1;;;;
12/06/2012;08:25:00;54;com vítima;543;BR-324/BA;Oeste;Atropelamento de Pedestre;;;1;;;;;;;;1;;;1;
12/06/2012;01:01:00;6;com vítima;457;BR-116/BA;Sul;Queda de Moto;;;;1;;;;;;;0;2;;;
12/06/2012;12:37:00;99;sem vítima;557;BR-324/BA;Leste;Saida de Pista;1;;;;;;;;;;1;;;;
12/06/2012;17:01:00;150;sem vítima;577;BR-324/BA;Oeste;Saida de Pista;1;;;;;;;;;;1;;;;
12/06/2012;17:10:00;153;sem vítima;577;BR-324/BA;Oeste;Saida de Pista;1;;;;;;;;;;1;;;;
12/06/2012;15:39:00;132;sem vítima;599;BR-324/BA;Leste;Choque - Defensa, barreira ou "submarino";1;;;;;;;;;;1;;;;
12/06/2012;16:32:00;144;sem vítima;599;BR-324/BA;Leste;Colisão Traseira;;;1;;;;;;;1;2;;;;
12/06/2012;07:49:00;45;com vítima;607;BR-324/BA;Oeste;Capotamento;1;;;;;1;;;;;1;1;;;
12/06/2012;08:23:00;53;sem vítima;609;BR-324/BA;Leste;Colisão Traseira;2;;;;;;;;;;2;;;;
12/06/2012;18:36:00;173;sem vítima;614;BR-324/BA;Leste;Engavetamento;2;;;;;;;;;1;5;;;;
12/06/2012;10:12:00;72;com vítima;570;BR-116/BA;Norte;Colisão Frontal;2;;1;;;;;;;;2;;;1;2
12/06/2012;14:01:00;113;com vítima;582,8;BR-116/BA;Sul;Saida de Pista;;;1;;;;;;;;0;1;;;
12/06/2012;10:51:00;80;sem vítima;643,5;BR-116/BA;Norte;Colisão Lateral;;;1;;;1;;;;;2;;;;
12/06/2012;21:12:00;191;com vítima;696,05;BR-116/BA;Norte;Capotamento;1;;;;;;;;;;1;1;;;
12/06/2012;08:39:00;57;com vítima;819,7;BR-116/BA;Norte;Capotamento;1;;;;;;;;;;0;2;;;
13/06/2012;16:23:00;145;sem vítima;8;BR-116/BA - Cont VC;;Colisão Transversal;2;;;;;;;;;;2;;;;
13/06/2012;05:20:00;16;sem vítima;518;BR-324/BA;Oeste;Saida de Pista;1;;;;;;;;;;1;;;;
13/06/2012;08:04:00;37;sem vítima;537;BR-324/BA;Leste;Colisão Transversal;2;;;;;;;;;;3;;;;
13/06/2012;12:54:00;107;sem vítima;557,8;BR-324/BA;Oeste;Saida de Pista;;;1;;;;;;;;1;;;;
13/06/2012;08:46:00;50;sem vítima;599;BR-324/BA;Leste;Colisão Traseira;1;;;;;;;;;1;2;;;;
13/06/2012;07:15:00;30;sem vítima;612;BR-324/BA;Oeste;Colisão Traseira;1;;1;;;;;;;;3;;;;
13/06/2012;08:31:00;45;com vítima;612;BR-324/BA;Oeste;Atropelamento de Pedestre;;;;;;1;;;;;1;;1;;
13/06/2012;08:51:00;51;sem vítima;804;BR-116/BA;Sul;Colisão Traseira;1;;1;;;;;;;;5;;;;
14/06/2012;05:03:00;22;sem vítima;441,7;BR-116/BA;Norte;Saida de Pista;1;;;;;;;;;;2;;;;
14/06/2012;11:59:00;125;com vítima;443;BR-116/BA;Norte;Colisão Traseira;;;2;;;;;;;;1;1;;;
14/06/2012;08:03:00;62;sem vítima;445;BR-116/BA;Sul;Colisão Traseira;;;2;;;;;;;;2;;;;
14/06/2012;19:36:00;206;sem vítima;538;BR-324/BA;Leste;Atropelamento de Animal;;;1;;;;;;;;1;;;;
14/06/2012;09:11:00;84;sem vítima;664;BR-116/BA;Sul;Colisão Traseira;;;1;;;;;;;1;4;;;;
14/06/2012;22:46:00;223;sem vítima;773;BR-116/BA;Norte;Colisão Transversal;1;;1;;;;;;;;5;;;;
14/06/2012;13:46:00;139;com vítima;814,5;BR-116/BA;Norte;Colisão Frontal;;;1;1;;;;;;;2;1;;;
15/06/2012;14:25:00;135;com vítima;531;BR-324/BA;Oeste;Colisão Traseira;1;;1;;;;;;;;1;;1;;
15/06/2012;11:20:00;105;sem vítima;582;BR-324/BA;Oeste;Capotamento;1;;;;;;;;;;2;;;;
15/06/2012;12:43:00;118;sem vítima;582;BR-324/BA;Oeste;Colisão Traseira;2;;;;;;;;;;2;;;;
15/06/2012;04:59:00;23;com vítima;587,5;BR-324/BA;Leste;Capotamento;1;;;;;;;;;;0;4;;;
15/06/2012;07:29:00;48;sem vítima;604;BR-324/BA;Leste;Colisão Transversal;1;;1;;;;;;;;2;;;;
15/06/2012;18:39:00;189;com vítima;605;BR-324/BA;Oeste;Saida de Pista;1;;;;;1;;;;;4;1;;;
15/06/2012;07:03:00;39;com vítima;625;BR-324/BA;Leste;Colisão Traseira;1;;;1;;;;;;;1;;1;;
15/06/2012;15:02:00;147;com vítima;604,1;BR-116/BA;Sul;Saida de Pista;;;1;;;;;;;;0;;;;1
15/06/2012;11:35:00;108;sem vítima;648;BR-116/BA;Sul;Colisão Traseira;;;2;;;;;;;;4;;;;
15/06/2012;14:15:00;134;sem vítima;648;BR-116/BA;Sul;Saida de Pista;;;1;;;;;;;;1;;;;
16/06/2012;18:09:00;177;com vítima;8;BR-116/BA - Cont VC;;Colisão Lateral;1;;;1;;;;;;;1;2;;;
16/06/2012;08:03:00;61;sem vítima;518;BR-324/BA;Oeste;Tombamento;;;1;;;;;;;;1;;;;
16/06/2012;09:11:00;79;com vítima;523;BR-324/BA;Oeste;Colisão Traseira;1;;1;;;;;;;;1;1;;;
16/06/2012;07:35:00;55;sem vítima;524;BR-324/BA;Leste;Saida de Pista;;;1;;;;;;;;2;;;;
16/06/2012;05:27:00;27;sem vítima;449,5;BR-116/BA;Norte;Tombamento;;;1;;;;;;;;1;;;;
16/06/2012;19:28:00;191;com vítima;537;BR-324/BA;Leste;Queda de Moto;;;;1;;;;;;;0;1;;;
16/06/2012;17:04:00;164;sem vítima;565;BR-324/BA;Leste;Saida de Pista;1;;;;;;;;;;2;;;;
16/06/2012;21:29:00;210;sem vítima;504;BR-116/BA;Sul;Sequência;1;;;;;1;;;;;6;;;;
16/06/2012;22:59:00;225;com vítima;611;BR-324/BA;Leste;Colisão Traseira;1;;;1;;;;;;;1;1;;;
16/06/2012;16:33:00;156;com vítima;626;BR-324/BA;Oeste;Sequência;1;;1;;;;;;;1;2;;;2;
16/06/2012;00:26:00;3;com vítima;638,5;BR-116/BA;Sul;Capotamento;1;;;;;;;;;;0;;2;;
16/06/2012;19:15:00;189;com vítima;665,4;BR-116/BA;Norte;Capotamento;1;;;;;1;;;;;1;2;1;;