data;horario;n_da_ocorrencia;tipo_de_ocorrencia;km;trecho;sentido;tipo_de_acidente;automovel;bicicleta;caminhao;moto;onibus;outros;tracao_animal;transporte_de_cargas_especiais;trator_maquinas;utilitarios;ilesos;levemente_feridos;moderadamente_feridos;gravemente_feridos;mortos
16/06/2012;10:02:00;84;sem vítima;677;BR-116/BA;Norte;Saida de Pista;;;;;;;;;;1;2;;;;
16/06/2012;08:53:00;73;com vítima;696,6;BR-116/BA;Sul;Saida de Pista;;;1;;;;;;;;0;;1;;
16/06/2012;07:50:00;60;sem vítima;756,3;BR-116/BA;Sul;Engavetamento;;;3;;;;;;;;3;;;;
16/06/2012;18:12:00;178;com vítima;762;BR-116/BA;Sul;Capotamento;1;;;;;;;;;;0;2;;;
16/06/2012;14:55:00;134;sem vítima;910;BR-116/BA;Norte;Engavetamento;;;2;;;;;;;1;4;;;;
17/06/2012;22:13:00;201;com vítima;1;BR-116/BA - ContSuFS;;Colisão Frontal;1;;;1;;;;;;;1;;2;;
17/06/2012;10:00:00;72;com vítima;435;BR-116/BA;Sul;Queda de Moto;;;;1;;;;;;;0;2;;;
17/06/2012;17:01:00;153;sem vítima;595;BR-324/BA;Leste;Colisão Lateral;1;;;;;;;;;1;4;;;;
17/06/2012;06:33:00;26;com vítima;616,85;BR-324/BA;Leste;Colisão Traseira;1;;;1;;;;;;;1;;1;;
17/06/2012;13:45:00;111;com vítima;623;BR-324/BA;Leste;Colisão Traseira;1;;;1;;;;;;;1;1;;;
17/06/2012;02:29:00;12;com vítima;549;BR-116/BA;Sul;Queda de Moto;;;;1;;;;;;;0;2;;;
17/06/2012;11:28:00;88;sem vítima;569;BR-116/BA;Sul;Saida de Pista;;;1;;;;;;;;1;;;;
17/06/2012;04:15:00;19;sem vítima;586;BR-116/BA;Sul;Tombamento;;;1;;;;;;;;1;;;;
17/06/2012;08:58:00;54;com vítima;654;BR-116/BA;Sul;Capotamento;;;1;;;;;;;;0;1;;;
17/06/2012;11:29:00;89;com vítima;657;BR-116/BA;Sul;Capotamento;;;;;;;;;;1;0;1;;;
17/06/2012;17:33:00;160;com vítima;668,5;BR-116/BA;Norte;Saida de Pista;1;;;;;;;;;;0;3;;;
17/06/2012;09:24:00;59;com vítima;839;BR-116/BA;Norte;Saida de Pista;;;1;;;;;;;;1;1;;;
17/06/2012;07:44:00;40;com vítima;920,3;BR-116/BA;Sul;Tombamento;;;1;;;;;;;;0;;1;;
17/06/2012;06:45:00;31;sem vítima;922;BR-116/BA;Sul;Saida de Pista;1;;;;;;;;;;4;;;;
17/06/2012;12:20:00;98;sem vítima;924,6;BR-116/BA;Sul;Tombamento;;;1;;;;;;;;1;;;;
18/06/2012;09:45:00;70;sem vítima;21;BR-116/BA - Cont VC;;Tombamento;;;1;;;;;;;;1;;;;
18/06/2012;17:30:00;153;com vítima;539,2;BR-324/BA;Leste;Colisão Traseira;1;;;1;;;;;;;1;1;;;
18/06/2012;14:44:00;109;com vítima;459,7;BR-116/BA;Sul;Atropelamento - Outros;;;;;;1;;;;;1;;1;;
18/06/2012;19:27:00;180;com vítima;561;BR-324/BA;Oeste;Colisão Traseira;;;2;;;;;;;;1;1;;;
18/06/2012;09:28:00;66;com vítima;568;BR-324/BA;Oeste;Queda de Moto;;;;1;;;;;;;0;1;;;
18/06/2012;07:24:00;44;com vítima;606;BR-324/BA;Leste;Colisão Traseira;2;;;;;;;;;;1;1;;;
18/06/2012;09:45:00;69;com vítima;606;BR-324/BA;Oeste;Capotamento;1;;;;;;;;;;0;1;;;
18/06/2012;10:40:00;80;sem vítima;607;BR-324/BA;Oeste;Colisão Traseira;2;;;;;;;;;;2;;;;
18/06/2012;18:07:00;162;com vítima;618,3;BR-324/BA;Oeste;Colisão Traseira;1;;;1;;;;;;;1;1;;;
18/06/2012;04:49:00;28;sem vítima;575;BR-116/BA;Norte;Colisão Lateral;1;;1;;;;;;;;2;;;;
18/06/2012;15:26:00;124;sem vítima;580,5;BR-116/BA;Norte;Saida de Pista;;;1;;;;;;;;1;;;;
18/06/2012;16:48:00;142;sem vítima;670;BR-116/BA;Norte;Colisão Lateral;1;;1;;;;;;;;6;;;;
18/06/2012;16:58:00;161;sem vítima;670;BR-116/BA;Norte;Colisão Lateral;1;;1;;;;;;;;6;;;;
18/06/2012;18:35:00;164;com vítima;670,4;BR-116/BA;Sul;Queda de Moto;;;;1;;;;;;;0;1;;;
19/06/2012;09:54:00;100;sem vítima;426,2;BR-116/BA;Sul;Colisão Traseira;1;;1;;;;;;;;2;;;;
19/06/2012;20:23:00;228;com vítima;523;BR-324/BA;Oeste;Queda de Moto;;;;1;;;;;;;0;;1;;
19/06/2012;15:04:00;175;sem vítima;495,5;BR-116/BA;Norte;Colisão Traseira;1;;;;;;;;;1;2;;;;
19/06/2012;05:31:00;34;sem vítima;595;BR-324/BA;Oeste;Colisão Lateral;;;1;;1;;;;;1;7;;;;
19/06/2012;04:17:00;26;sem vítima;607;BR-324/BA;Leste;Colisão Lateral;;;1;;;;;;;1;2;;;;
19/06/2012;13:03:00;152;sem vítima;610;BR-324/BA;Leste;Saida de Pista;1;;;;;1;;;;;2;;;;
19/06/2012;09:16:00;89;com vítima;621;BR-324/BA;Oeste;Colisão Traseira;1;;;1;;;;;;;1;;1;;
19/06/2012;23:29:00;248;sem vítima;625;BR-324/BA;Oeste;Atropelamento de Animal;;;;;;1;;;;;1;;;;
19/06/2012;20:40:00;231;sem vítima;556;BR-116/BA;Norte;Colisão Lateral;;;2;;;;;;;;2;;;;
19/06/2012;01:35:00;14;sem vítima;617;BR-116/BA;Sul;Colisão Traseira;;;1;;;1;;;;1;4;;;;
19/06/2012;10:35:00;113;sem vítima;785;BR-116/BA;Norte;Tombamento;;;1;;;;;;;;1;;;;
19/06/2012;00:42:00;5;com vítima;905;BR-116/BA;Norte;Queda de Moto;;;;1;;;;;;;0;1;;;
19/06/2012;10:12:00;104;sem vítima;909,5;BR-116/BA;Norte;Colisão Traseira;;;2;;;;;;;;2;;;;
20/06/2012;00:32:00;5;sem vítima;1;BR-116/BA - ContSuFS;;Saida de Pista;1;;;;;;;;;;2;;;;
20/06/2012;05:31:00;38;com vítima;3;BR-116/BA - ContSuFS;;Colisão Traseira;;;;1;;1;;;;;1;1;;;
20/06/2012;21:52:00;259;com vítima;9;BR-116/BA - Cont VC;;Colisão Transversal;1;;1;;;;;;;;3;1;;;
20/06/2012;05:08:00;36;com vítima;543;BR-324/BA;Oeste;Saida de Pista;;;1;;;1;;;;;1;1;;;
20/06/2012;03:43:00;28;com vítima;461;BR-116/BA;Sul;Capotamento;1;;;;;;;;;;0;1;;;
20/06/2012;17:47:00;226;sem vítima;482;BR-116/BA;Sul;Colisão Traseira;;;2;;;;;;;;2;;;;
20/06/2012;18:39:00;235;sem vítima;482;BR-116/BA;Sul;Colisão Traseira;1;;1;;;;;;;;2;;;;
20/06/2012;11:20:00;120;com vítima;593,1;BR-324/BA;Oeste;Queda de Moto;;;;1;;;;;;;0;1;;;
20/06/2012;08:56:00;88;sem vítima;618;BR-324/BA;Oeste;Engavetamento;3;;;;;;;;;;3;;;;
20/06/2012;23:50:00;6;sem vítima;625;BR-324/BA;Oeste;Choque - Outros;1;;;;;;;;;;1;;;;
20/06/2012;17:32:00;219;sem vítima;566;BR-116/BA;Norte;Colisão Traseira;1;;1;;;;;;;;2;;;;
20/06/2012;07:13:00;49;sem vítima;589;BR-116/BA;Sul;Engavetamento;;;3;;;;;;;;4;;;;
20/06/2012;17:29:00;218;com vítima;764;BR-116/BA;Norte;Saida de Pista;1;;;;;;;;;;0;;;1;
20/06/2012;21:30:00;257;com vítima;829;BR-116/BA;Sul;Colisão Traseira;;;1;;;;;;;1;1;;1;;
20/06/2012;06:25:00;44;sem vítima;852;BR-116/BA;Norte;Saida de Pista;1;;;;;;;;;;5;;;;
21/06/2012;07:33:00;56;sem vítima;518;BR-324/BA;Oeste;Colisão Traseira;2;;;;;;;;;;3;;;;
21/06/2012;12:10:00;131;sem vítima;521;BR-324/BA;Leste;Saida de Pista;;;;;;;;;;1;1;;;;
21/06/2012;14:40:00;158;com vítima;532;BR-324/BA;Oeste;Engavetamento;6;;;;;;;;;;13;1;;;
21/06/2012;16:39:00;178;com vítima;460;BR-116/BA;Sul;Queda de Moto;;;;1;;1;;;;;1;1;;;
21/06/2012;21:16:00;245;sem vítima;557;BR-324/BA;Oeste;Colisão Lateral;;;1;;1;;;;;;46;;;;
21/06/2012;14:35:00;154;sem vítima;561;BR-324/BA;Oeste;Tombamento;;;1;;;;;;;;1;;;;
21/06/2012;17:53:00;195;sem vítima;564;BR-324/BA;Oeste;Colisão Traseira;2;;;;;;;;;;9;;;;
21/06/2012;02:47:00;26;sem vítima;581;BR-324/BA;Leste;Saida de Pista;1;;;;;;;;;;1;;;;
21/06/2012;14:04:00;149;sem vítima;582;BR-324/BA;Leste;Colisão Traseira;;;2;;;;;;;;3;;;;
21/06/2012;08:52:00;75;sem vítima;599;BR-324/BA;Oeste;Colisão Traseira;2;;;;;;;;;;2;;;;
21/06/2012;15:16:00;164;sem vítima;608;BR-324/BA;Oeste;Engavetamento;3;;;;;;;;;;8;;;;
21/06/2012;17:52:00;194;com vítima;615;BR-324/BA;Oeste;Engavetamento;1;;;;2;;;;;;3;2;;;
21/06/2012;14:45:00;159;sem vítima;619;BR-324/BA;Oeste;Engavetamento;3;;;;;;;;;;5;;;;
21/06/2012;09:20:00;85;sem vítima;655;BR-116/BA;Sul;Saida de Pista;;;;;;;;;;1;3;;;;
21/06/2012;20:41:00;239;sem vítima;690;BR-116/BA;Sul;Colisão Lateral;;;2;;;;;;;;2;;;;
21/06/2012;09:49:00;94;sem vítima;852;BR-116/BA;Sul;Colisão Traseira;;;2;;;;;;;;2;;;;
22/06/2012;15:54:00;184;sem vítima;0;BR-116/BA - ContSuFS;;Colisão Lateral;1;;1;;;;;;;;4;;;;
22/06/2012;19:29:00;252;sem vítima;4;BR-116/BA - ContSuFS;;Colisão Traseira;;;1;;;;;;;1;4;;;;
22/06/2012;19:29:00;251;sem vítima;426,6;BR-116/BA;Sul;Colisão Traseira;2;;;;;;;;;;2;;;;
22/06/2012;22:09:00;291;com vítima;435;BR-116/BA;Sul;Colisão Traseira;;;;1;;;;;;;0;1;;;
22/06/2012;09:16:00;90;sem vítima;441;BR-116/BA;Sul;Queda de Moto;;;;1;;;;;;;1;;;;
22/06/2012;14:17:00;163;sem vítima;518;BR-324/BA;Leste;Queda de Moto;;;;1;;;;;;;1;;;;
22/06/2012;19:40:00;257;sem vítima;537;BR-324/BA;Oeste;Saida de Pista;1;;;;;;;;;;1;;;;
22/06/2012;08:18:00;74;com vítima;540;BR-324/BA;Oeste;Engavetamento;2;;;;;1;;;;;5;1;;;
22/06/2012;08:33:00;79;sem vítima;548;BR-324/BA;Oeste;Colisão Traseira;2;;;;;;;;;;2;;;;
22/06/2012;06:22:00;48;sem vítima;572;BR-324/BA;Leste;Saida de Pista;;;;;;;;;;1;1;;;;
22/06/2012;07:30:00;68;com vítima;572;BR-324/BA;Oeste;Queda de Moto;;;;1;;;;;;;1;1;;;
22/06/2012;10:10:00;99;sem vítima;573,5;BR-324/BA;Oeste;Colisão Traseira;;;;;;1;;;;1;2;;;;
22/06/2012;06:39:00;52;sem vítima;574;BR-324/BA;Leste;Colisão Lateral;;;1;;;1;;;;;2;;;;
22/06/2012;12:17:00;129;sem vítima;579;BR-324/BA;Oeste;Engavetamento;3;;;;;;;;;;11;;;;
22/06/2012;13:00:00;140;sem vítima;580;BR-324/BA;Oeste;Colisão Traseira;2;;;;;;;;;;6;;;;
22/06/2012;18:25:00;229;sem vítima;580;BR-324/BA;Oeste;Colisão Traseira;2;;;;;2;;;;;11;;;;
22/06/2012;12:36:00;135;sem vítima;581;BR-324/BA;Oeste;Colisão Traseira;;;1;;;;;;;1;3;;;;
22/06/2012;13:40:00;152;sem vítima;584;BR-324/BA;Oeste;Colisão Traseira;2;;;;;;;;;;7;;;;
22/06/2012;07:07:00;60;sem vítima;588;BR-324/BA;Oeste;Colisão Lateral;2;;;;;;;;;;6;;;;
22/06/2012;19:25:00;250;sem vítima;606;BR-324/BA;Leste;Colisão Traseira;;;1;;1;;;;;;26;;;;
22/06/2012;13:43:00;154;sem vítima;608;BR-324/BA;Oeste;Engavetamento;4;;;;;1;;;;;5;;;;
22/06/2012;20:26:00;267;com vítima;622;BR-324/BA;Leste;Atropelamento de Pedestre;;;;;;;;;;1;1;;;;1
22/06/2012;08:30:00;77;sem vítima;624,2;BR-324/BA;Leste;Saida de Pista;1;;;;;;;;;;4;;;;
22/06/2012;08:59:00;87;sem vítima;570,8;BR-116/BA;Norte;Colisão Traseira;2;;;;;;;;;;8;;;;
22/06/2012;09:36:00;93;sem vítima;570,8;BR-116/BA;Norte;Colisão Lateral;;;2;;;1;;;;;5;;;;
22/06/2012;10:30:00;122;com vítima;571;BR-116/BA;Norte;Saida de Pista;1;;;;;;;;;;1;3;;;
22/06/2012;10:15:00;110;sem vítima;575;BR-116/BA;Norte;Engavetamento;3;;;;;;;;;;11;;;;
22/06/2012;12:11:00;125;sem vítima;660;BR-116/BA;Sul;Saida de Pista;1;;;;;;;;;;1;;;;
22/06/2012;10:49:00;111;com vítima;749;BR-116/BA;Norte;Capotamento;1;;;;;;;;;;0;2;;;
22/06/2012;17:58:00;220;com vítima;819;BR-116/BA;Sul;Colisão Traseira;;;1;1;;;;;;;1;1;;;
23/06/2012;19:34:00;217;sem vítima;7,8;BR-116/BA - Cont VC;;Colisão Frontal;2;;;;;;;;;;2;;;;
23/06/2012;18:03:00;199;com vítima;427;BR-116/BA;Sul;Atropelamento de Pedestre;;;;;;;;;;1;1;;;;1
23/06/2012;06:30:00;42;com vítima;523;BR-324/BA;Leste;Engavetamento;1;;1;;;;;;;1;2;2;;;
23/06/2012;21:19:00;243;sem vítima;526;BR-324/BA;Oeste;Sequência;2;;;;;;;;;;6;;;;
23/06/2012;18:15:00;202;sem vítima;537;BR-324/BA;Leste;Saida de Pista;1;;;;;;;;;;1;;;;
23/06/2012;21:19:00;244;com vítima;537;BR-324/BA;Leste;Queda de Moto;;;;1;;;;;;;1;1;;;
23/06/2012;22:02:00;254;com vítima;537;BR-324/BA;Leste;Colisão Traseira;1;;;1;;;;;;;6;1;;;
23/06/2012;23:26:00;265;sem vítima;537;BR-324/BA;Leste;Saida de Pista;1;;;;;;;;;;3;;;;
23/06/2012;16:13:00;177;com vítima;539;BR-324/BA;Oeste;Colisão Traseira;1;;1;;;;;;;;2;;1;;
23/06/2012;16:49:00;186;sem vítima;540,5;BR-324/BA;Oeste;Colisão Traseira;2;;;;;;;;;;4;;;;
23/06/2012;05:41:00;31;sem vítima;551;BR-324/BA;Oeste;Colisão Traseira;1;;1;;;;;;;;2;;;;
23/06/2012;01:45:00;12;com vítima;461;BR-116/BA;Norte;Colisão Traseira;;;2;;;;;;;;1;1;;;
23/06/2012;13:53:00;139;sem vítima;569,9;BR-324/BA;Leste;Capotamento;1;;;;;;;;;;1;;;;
23/06/2012;03:14:00;17;sem vítima;573;BR-324/BA;Oeste;Saida de Pista;;;1;;;;;;;;1;;;;
23/06/2012;06:54:00;48;com vítima;591;BR-324/BA;Oeste;Saida de Pista;;;;;;;;;;1;0;;1;1;
23/06/2012;15:08:00;158;sem vítima;591;BR-324/BA;Leste;Saida de Pista;1;;;;;;;;;;1;;;;
23/06/2012;01:21:00;11;com vítima;593;BR-324/BA;Oeste;Colisão Frontal;1;;;;;;;;;1;1;;1;1;
23/06/2012;16:06:00;174;sem vítima;595,2;BR-324/BA;Leste;Capotamento;1;;;;;;;;;;2;;;;
23/06/2012;19:13:00;211;sem vítima;598;BR-324/BA;Oeste;Colisão Traseira;2;;;;;;;;;;9;;;;
23/06/2012;21:04:00;236;sem vítima;612;BR-324/BA;Leste;Saida de Pista;;;1;;;;;;;;1;;;;
23/06/2012;20:55:00;233;sem vítima;663;BR-116/BA;Norte;Atropelamento de Animal;;;1;;;;;;;;1;;;;
23/06/2012;21:24:00;245;com vítima;798;BR-116/BA;Sul;Sequência;1;;;1;;1;;;;;2;1;1;;
24/06/2012;22:50:00;260;sem vítima;426,2;BR-116/BA;Norte;Colisão Traseira;1;;;;1;;;;;;4;;;;
24/06/2012;06:17:00;49;sem vítima;445;BR-116/BA;Norte;Sequência;1;;1;;;1;;;;;3;;;;
24/06/2012;04:59:00;41;com vítima;526,9;BR-324/BA;Leste;Colisão Frontal;2;;;;;;;;;;0;;2;;
24/06/2012;19:38:00;224;sem vítima;530;BR-324/BA;Leste;Colisão Traseira;1;;1;;;;;;;;2;;;;
24/06/2012;20:52:00;241;com vítima;457,4;BR-116/BA;Sul;Saida de Pista;1;;;;;;;;;;2;;3;;
24/06/2012;07:08:00;56;sem vítima;560;BR-324/BA;Oeste;Colisão Lateral;;;;;1;;;;;1;10;;;;
24/06/2012;04:52:00;40;sem vítima;564;BR-324/BA;Leste;Saida de Pista;1;;;;;;;;;;1;;;;
24/06/2012;16:23:00;166;com vítima;567;BR-324/BA;Leste;Queda de Moto;;;;1;;;;;;;1;1;;;
24/06/2012;10:14:00;90;com vítima;578;BR-324/BA;Leste;Capotamento;1;;;;;;;;;;1;1;;;
24/06/2012;20:02:00;229;com vítima;580;BR-324/BA;Leste;Queda de Moto;;;;1;;;;;;;0;1;1;;
24/06/2012;22:37:00;258;com vítima;584;BR-324/BA;Leste;Capotamento;1;;;;;;;;;;2;2;;;
24/06/2012;07:55:00;67;com vítima;586;BR-324/BA;Oeste;Sequência;;;;3;;;;;;;1;4;;;
24/06/2012;14:18:00;131;sem vítima;592;BR-324/BA;Leste;Colisão Lateral;1;;1;;;;;;;;3;;;;
24/06/2012;06:27:00;51;sem vítima;597;BR-324/BA;Leste;Saida de Pista;1;;;;;;;;;;1;;;;
24/06/2012;20:21:00;233;com vítima;611,2;BR-324/BA;Oeste;Colisão Frontal;1;;;;;;;;;1;0;;3;1;
24/06/2012;20:37:00;238;sem vítima;618;BR-324/BA;Leste;Saida de Pista;1;;;;;;;;;;1;;;;
24/06/2012;17:16:00;191;sem vítima;790;BR-116/BA;Sul;Colisão Traseira;1;;;;;;;;;;4;;;;
24/06/2012;15:39:00;156;com vítima;815;BR-116/BA;Sul;Colisão Frontal;2;;;;;;;;;;3;1;;;
24/06/2012;03:30:00;30;sem vítima;816;BR-116/BA;Sul;Colisão Traseira;1;;;;;1;;;;;5;;;;
24/06/2012;06:24:00;50;sem vítima;872;BR-116/BA;Sul;Colisão Traseira;;;1;;;1;;;;;2;;;;
25/06/2012;20:49:00;369;com vítima;523;BR-324/BA;Leste;Queda de Moto;;;;1;;;;;;;0;1;;;
25/06/2012;14:30:00;244;sem vítima;538;BR-324/BA;Oeste;Engavetamento;3;;;;;;;;;;12;;;;
25/06/2012;08:56:00;132;com vítima;545;BR-324/BA;Leste;Colisão Transversal;;;;1;;1;;;;;1;1;;;
25/06/2012;17:27:00;298;sem vítima;545;BR-324/BA;Leste;Engavetamento;4;;;;;;;;;;13;;;;
25/06/2012;19:07:00;337;sem vítima;546;BR-324/BA;Leste;Engavetamento;3;;;;;;;;;;6;;;;
25/06/2012;12:11:00;199;com vítima;548;BR-324/BA;Leste;Engavetamento;6;;;;;;;;;;10;1;;;
25/06/2012;06:51:00;58;sem vítima;548,3;BR-324/BA;Leste;Colisão Traseira;;;2;;;;;;;;2;;;;
25/06/2012;17:51:00;308;sem vítima;551,05;BR-324/BA;Leste;Colisão Traseira;1;;1;;;;;;;;2;;;;
25/06/2012;17:20:00;294;sem vítima;554;BR-324/BA;Leste;Colisão Traseira;1;;;;;;;;;1;2;;;;
25/06/2012;20:18:00;363;sem vítima;555;BR-324/BA;Leste;Colisão Traseira;2;;;;;;;;;;2;;;;
25/06/2012;10:27:00;172;sem vítima;556,4;BR-324/BA;Leste;Colisão Traseira;1;;;;;1;;;;;2;;;;
25/06/2012;07:30:00;82;com vítima;568;BR-324/BA;Leste;Tombamento;;;;;1;;;;;;34;14;2;;
25/06/2012;12:51:00;216;sem vítima;573;BR-324/BA;Leste;;1;;1;;;;;;;;2;;;;
25/06/2012;06:57:00;62;sem vítima;577,5;BR-324/BA;Oeste;Saida de Pista;1;;;;;;;;;;1;;;;
25/06/2012;15:08:00;258;sem vítima;578;BR-324/BA;Leste;Colisão Traseira;1;;;;;;;;;1;6;;;;
25/06/2012;07:25:00;77;sem vítima;582;BR-324/BA;Leste;Engavetamento;1;;1;;1;;;;;;7;;;;
25/06/2012;06:40:00;54;sem vítima;583;BR-324/BA;Leste;Colisão Traseira;2;;;;;;;;;;2;;;;
25/06/2012;06:45:00;67;sem vítima;583;BR-324/BA;Leste;Colisão Traseira;3;;;;;;;;;;3;;;;
25/06/2012;06:27:00;44;com vítima;585,3;BR-324/BA;Leste;Saida de Pista;1;;;;;;;;;;2;;2;;
25/06/2012;06:03:00;39;sem vítima;594;BR-324/BA;Leste;Colisão Traseira;2;;;;;;;;;;2;;;;
25/06/2012;07:19:00;75;sem vítima;595;BR-324/BA;Leste;Colisão Traseira;1;;;;;;;;;1;2;;;;
25/06/2012;21:27:00;383;sem vítima;599;BR-324/BA;Leste;Colisão Lateral;1;;1;;;;;;;;4;;;;
25/06/2012;09:47:00;152;sem vítima;608;BR-324/BA;Leste;Engavetamento;3;;;;;;;;;;3;;;;
25/06/2012;08:43:00;126;com vítima;616;BR-324/BA;Leste;Queda de Moto;;;;1;;;;;;;0;1;;;
25/06/2012;21:22:00;378;com vítima;595;BR-116/BA;Norte;Tombamento;;;1;;;;;;;;0;1;;;
25/06/2012;12:13:00;202;com vítima;633,5;BR-116/BA;Sul;Colisão Lateral;;;1;1;;;;;;;1;;1;;
25/06/2012;17:40:00;303;com vítima;673;BR-116/BA;Norte;Queda de Moto;;;;1;;;;;;;1;;1;;
25/06/2012;14:01:00;237;com vítima;675;BR-116/BA;Norte;Colisão Transversal;1;;1;;;;;;;;1;;;;1
25/06/2012;08:47:00;130;sem vítima;817;BR-116/BA;Norte;Colisão Lateral;;;2;;;;;;;;2;;;;
26/06/2012;08:11:00;61;sem vítima;4;BR-116/BA - ContSuFS;;Colisão Transversal;1;;;;;;;;;1;2;;;;
26/06/2012;10:22:00;94;sem vítima;429;BR-116/BA;Norte;Engavetamento;3;;1;;;;;;;;4;;;;
26/06/2012;06:51:00;44;com vítima;442,3;BR-116/BA;Norte;Colisão Lateral;1;;1;;;;;;;;2;2;;;1
26/06/2012;06:39:00;41;com vítima;534;BR-324/BA;Leste;Queda de Moto;;;;1;;;;;;;1;1;;;
26/06/2012;05:16:00;34;sem vítima;538;BR-324/BA;Oeste;Engavetamento;;;3;;;;;;;;3;;;;
26/06/2012;08:12:00;62;com vítima;561,1;BR-324/BA;Oeste;Saida de Pista;1;;;;;;;;;;0;2;;;
26/06/2012;18:35:00;217;sem vítima;577;BR-324/BA;Oeste;Saida de Pista;;;1;;;;;;;;2;;;;
26/06/2012;17:56:00;198;sem vítima;577,3;BR-324/BA;Leste;Capotamento;1;;;;;;;;;;4;;;;
26/06/2012;04:19:00;27;sem vítima;594,8;BR-324/BA;Leste;Saida de Pista;;;;;;;;;;1;1;;;;
26/06/2012;08:36:00;67;sem vítima;606;BR-324/BA;Leste;Engavetamento;8;;;;;;;;;;20;;;;
26/06/2012;19:08:00;213;sem vítima;610;BR-324/BA;Leste;Sequência;4;;;;;;;;;;4;;;;
26/06/2012;17:30:00;190;sem vítima;612;BR-324/BA;Oeste;Capotamento;1;;;;;1;;;;;2;;;;
26/06/2012;17:17:00;185;sem vítima;616;BR-324/BA;Leste;Engavetamento;4;;;;;;;;;;5;;;;
26/06/2012;04:29:00;30;sem vítima;542;BR-116/BA;Norte;Colisão Transversal;;;1;;;1;;;;;2;;;;
26/06/2012;18:09:00;202;com vítima;566;BR-116/BA;Norte;Colisão Lateral;;;1;1;;;;;;;1;1;;;
26/06/2012;16:28:00;178;sem vítima;648;BR-116/BA;Sul;Colisão Lateral;;;2;;;;;;;;2;;;;
26/06/2012;09:23:00;82;com vítima;652;BR-116/BA;Sul;Colisão Lateral;1;;1;;;;;;;;2;2;;;
26/06/2012;18:02:00;199;com vítima;653;BR-116/BA;Norte;Colisão Transversal;1;;1;;;;;;;;3;2;;;
26/06/2012;06:00:00;37;sem vítima;660;BR-116/BA;Sul;Saida de Pista;1;;;;;1;;;;;2;;;;
26/06/2012;18:13:00;203;sem vítima;665;BR-116/BA;Norte;Saida de Pista;;;1;;;;;;;;1;;;;
26/06/2012;21:13:00;225;sem vítima;732,8;BR-116/BA;Sul;Colisão Traseira;1;;;;1;;;;;;18;;;;
26/06/2012;05:02:00;33;sem vítima;910;BR-116/BA;Norte;Colisão Traseira;2;;;;;;;;;;9;;;;
27/06/2012;22:15:00;204;sem vítima;2;BR-116/BA - ContSuFS;;Colisão Lateral;;;1;;1;;;;;;7;;;;
27/06/2012;16:30:00;143;sem vítima;3;BR-116/BA - ContSuFS;;Colisão Traseira;;;1;;1;;;;;;7;;;;
27/06/2012;13:42:00;111;sem vítima;17;BR-116/BA - Cont VC;;Colisão Transversal;2;;;;;;;;;;5;;;;
27/06/2012;11:19:00;89;sem vítima;441,8;BR-116/BA;Norte;Saida de Pista;;;1;;;;;;;;1;;;;
27/06/2012;18:24:00;168;sem vítima;518;BR-324/BA;Oeste;Colisão Traseira;2;;;;;;;;;;3;;;;
27/06/2012;18:18:00;167;com vítima;518,6;BR-324/BA;Oeste;Colisão Traseira;1;;;1;;;;;;;1;;1;;
27/06/2012;12:24:00;103;sem vítima;573;BR-324/BA;Oeste;Colisão Traseira;1;;1;;;;;;;;2;;;;
27/06/2012;16:01:00;138;sem vítima;599;BR-324/BA;Leste;Colisão Traseira;1;;;;;;;;;1;5;;;;
27/06/2012;07:23:00;47;sem vítima;619;BR-324/BA;Oeste;Colisão Transversal;2;;;;;;;;;;4;;;;
27/06/2012;03:56:00;19;com vítima;609;BR-116/BA;Norte;Capotamento;1;;;;;;;;;;0;1;;;
27/06/2012;15:51:00;137;com vítima;673;BR-116/BA;Sul;Colisão Transversal;1;;;1;;;;;;;1;2;;;
27/06/2012;07:04:00;41;sem vítima;697;BR-116/BA;Norte;Saida de Pista;;;;;;;;;;1;1;;;;
28/06/2012;18:50:00;190;com vítima;426,6;BR-116/BA;Norte;Colisão Traseira;1;;1;;;;;;;;4;1;;;
28/06/2012;16:38:00;161;sem vítima;446,3;BR-116/BA;Sul;Saida de Pista;;;;;;;;;;1;2;;;;
28/06/2012;09:29:00;70;sem vítima;524;BR-324/BA;Oeste;Capotamento;;;;;;;;;;1;1;;;;
28/06/2012;09:35:00;71;sem vítima;528,5;BR-324/BA;Leste;Colisão Traseira;2;;;;;;;;;;5;;;;
28/06/2012;09:35:00;84;sem vítima;529;BR-324/BA;Oeste;Colisão Lateral;;;2;;;;;;;;3;;;;
28/06/2012;07:25:00;44;sem vítima;453;BR-116/BA;Sul;Colisão Traseira;;;2;;;;;;;;2;;;;
28/06/2012;14:13:00;135;sem vítima;547;BR-324/BA;Oeste;Capotamento;1;;;;;;;;;;2;;;;
28/06/2012;11:34:00;95;sem vítima;551;BR-324/BA;Oeste;Colisão Traseira;;;;;;;;;;2;5;;;;
28/06/2012;16:10:00;151;com vítima;563;BR-324/BA;Oeste;Colisão Traseira;2;;;;;;;;;;5;1;;;
28/06/2012;17:16:00;168;sem vítima;573;BR-324/BA;Oeste;Saida de Pista;1;;;;;;;;;;1;;;;
28/06/2012;21:50:00;224;sem vítima;577;BR-324/BA;Leste;Colisão Traseira;;;3;;;;;;;;4;;;;
28/06/2012;18:11:00;184;sem vítima;549;BR-116/BA;Sul;Engavetamento;;;3;;;;;;;;3;;;;
28/06/2012;12:11:00;103;com vítima;678;BR-116/BA;Norte;Colisão Traseira;;;2;;;;;;;;2;;1;;