data;horario;n_da_ocorrencia;tipo_de_ocorrencia;km;trecho;sentido;tipo_de_acidente;automovel;bicicleta;caminhao;moto;onibus;outros;tracao_animal;transporte_de_cargas_especiais;trator_maquinas;utilitarios;ilesos;levemente_feridos;moderadamente_feridos;gravemente_feridos;mortos
25/09/2012;18:15:00;195;sem vítima;640;BR-116/BA;Sul;Colisão Transversal;1;;;;;1;;;;;2;;;;
25/09/2012;06:54:00;50;sem vítima;702;BR-116/BA;Sul;Choque - Talude;;;1;;;;;;;;1;;;;
25/09/2012;12:05:00;127;com vítima;713;BR-116/BA;Sul;Colisão Traseira;1;;1;;;;;;;;1;1;;;
26/09/2012;22:50:00;261;sem vítima;428;BR-116/BA;Sul;Colisão Lateral;1;;1;;;;;;;1;6;;;;
26/09/2012;18:23:00;214;com vítima;524;BR-324/BA;Leste;Atropelamento de Pedestre;;;;;;1;;;;;1;;;;1
26/09/2012;00:51:00;10;sem vítima;567;BR-324/BA;Oeste;Saida de Pista;1;;;;;;;;;;1;;;;
26/09/2012;12:57:00;138;sem vítima;465;BR-116/BA;Norte;Colisão Transversal;;;2;;;;;;;;2;;;;
26/09/2012;12:17:00;129;com vítima;466;BR-116/BA;Sul;Atropelamento de Pedestre;1;;;;;;;;;;1;;1;;
26/09/2012;02:06:00;15;sem vítima;508,3;BR-116/BA;Sul;Saida de Pista;1;;;;;;;;;;1;;;;
26/09/2012;08:13:00;61;com vítima;604;BR-324/BA;Leste;Colisão Traseira;;;1;;;;;;;1;1;1;;;
26/09/2012;15:29:00;170;com vítima;624;BR-324/BA;Oeste;Choque - Objeto sobre a pista;;;1;1;;;;;;;1;2;;;
26/09/2012;16:33:00;185;sem vítima;625,4;BR-324/BA;Oeste;Engavetamento;3;;;;;;;;;;5;;;;
26/09/2012;06:45:00;37;sem vítima;597;BR-116/BA;Norte;Tombamento;;;1;;;;;;;;1;;;;
26/09/2012;14:50:00;162;sem vítima;817;BR-116/BA;Sul;Saida de Pista;1;;;;;;;;;;1;;;;
26/09/2012;09:07:00;73;com vítima;818;BR-116/BA;Norte;Colisão Transversal;1;;;1;;;;;;;1;1;;;
27/09/2012;19:16:00;202;com vítima;537;BR-324/BA;Leste;Saida de Pista;1;;;;;;;;;;4;1;;;
27/09/2012;14:11:00;136;com vítima;543,1;BR-324/BA;Oeste;Tombamento;;;1;;;;;;;;0;1;;;
27/09/2012;16:05:00;159;sem vítima;472,4;BR-116/BA;Sul;Colisão Traseira;;;1;;1;;;;;;7;;;;
27/09/2012;13:10:00;125;com vítima;574;BR-324/BA;Leste;Saida de Pista;;;1;;;;;;;;0;1;2;;
27/09/2012;21:16:00;215;sem vítima;618;BR-324/BA;Oeste;Capotamento;1;;;;;;;;;;1;;;;
27/09/2012;09:19:00;88;sem vítima;618,8;BR-324/BA;Oeste;Colisão Traseira;1;;;;;;;;;1;5;;;;
28/09/2012;23:12:00;256;sem vítima;24,2;BR-116/BA - Cont VC;;Atropelamento de Animal;;;1;;;;;;;;1;;;;
28/09/2012;14:54:00;159;sem vítima;518;BR-324/BA;Oeste;Colisão Lateral;;;3;;;;;;;;3;;;;
28/09/2012;19:22:00;226;sem vítima;528;BR-324/BA;Oeste;Colisão Traseira;2;;;;;;;;;;5;;;;
28/09/2012;09:46:00;84;sem vítima;530;BR-324/BA;Oeste;Colisão Lateral;1;;1;;;;;;;;2;;;;
28/09/2012;12:32:00;122;sem vítima;530;BR-324/BA;Oeste;Saida de Pista;1;;;;;;;;;;1;;;;
28/09/2012;18:05:00;212;com vítima;531;BR-324/BA;Oeste;Colisão Traseira;1;;1;;;;;;;;2;1;;;
28/09/2012;06:29:00;28;sem vítima;543;BR-324/BA;Leste;Saida de Pista;1;;;;;;;;;;1;;;;
28/09/2012;10:56:00;104;sem vítima;543;BR-324/BA;Oeste;Colisão Traseira;2;;;;;;;;;;2;;;;
28/09/2012;09:54:00;85;sem vítima;562;BR-324/BA;Oeste;Queda de Moto;;;;1;;;;;;;2;;;;
28/09/2012;15:15:00;166;sem vítima;462;BR-116/BA;Sul;Engavetamento;2;;1;;;;;;;;3;;;;
28/09/2012;11:36:00;113;sem vítima;588;BR-324/BA;Leste;Saida de Pista;;;1;;;;;;;;1;;;;
28/09/2012;03:14:00;14;com vítima;601;BR-324/BA;Leste;Tombamento;;;1;;;;;;;;0;2;;;
28/09/2012;13:46:00;141;sem vítima;609;BR-324/BA;Leste;Colisão Traseira;2;;;;;;;;;;4;;;;
28/09/2012;16:35:00;184;com vítima;633;BR-116/BA;Norte;Atropelamento de Pedestre;;;;;;1;;;;;1;1;;;
28/09/2012;11:11:00;108;sem vítima;649;BR-116/BA;Sul;Colisão Lateral;1;;;;1;;;;;;12;;;;
28/09/2012;19:09:00;223;com vítima;826,8;BR-116/BA;Sul;Queda de Moto;1;;;1;;;;;;;1;2;;;
28/09/2012;02:35:00;12;com vítima;838,2;BR-116/BA;Norte;Saida de Pista;;;1;;;;;;;;0;;1;;
29/09/2012;08:16:00;55;com vítima;16;BR-116/BA - Cont VC;;Colisão Transversal;1;;;1;;;;;;;2;;1;;
29/09/2012;05:20:00;25;sem vítima;428,2;BR-116/BA;Sul;Saida de Pista;;;1;;;;;;;;1;;;;
29/09/2012;21:00:00;208;sem vítima;448;BR-116/BA;Sul;Engavetamento;;;4;;;;;;;;4;;;;
29/09/2012;16:45:00;155;sem vítima;451;BR-116/BA;Sul;Colisão Traseira;;;2;;;;;;;;2;;;;
29/09/2012;07:42:00;51;sem vítima;458;BR-116/BA;Sul;;;;1;;;;;;;;1;;;;
29/09/2012;04:32:00;23;sem vítima;552;BR-324/BA;Leste;Colisão Lateral;;;1;;;;;;;1;2;;;;
29/09/2012;17:12:00;162;com vítima;477;BR-116/BA;Sul;Colisão Frontal;;;;1;;1;;;;;1;1;1;;
29/09/2012;17:14:00;164;com vítima;578,3;BR-324/BA;Oeste;Saida de Pista;1;;;;;;;;;;2;;1;;
29/09/2012;18:51:00;188;sem vítima;587;BR-324/BA;Leste;Saida de Pista;1;;;;;;;;;;1;;;;
29/09/2012;10:33:00;91;com vítima;616,2;BR-324/BA;Oeste;Saida de Pista;1;;;;;;;;;;0;1;;;
29/09/2012;11:59:00;112;sem vítima;618;BR-324/BA;Leste;Colisão Lateral;1;;1;;;;;;;;2;;;;
29/09/2012;06:32:00;39;sem vítima;528;BR-116/BA;Norte;Colisão Lateral;;;2;;;;;;;;2;;;;
29/09/2012;08:30:00;58;sem vítima;617;BR-116/BA;Norte;Engavetamento;;;3;;;;;;;;3;;;;
29/09/2012;17:11:00;161;com vítima;632;BR-116/BA;Norte;Queda de Moto;;;;1;;;;;;;0;1;;;
30/09/2012;08:11:00;76;com vítima;3;BR-116/BA - ContSuFS;;Colisão Transversal;;;;1;;;;;;1;1;1;;;
30/09/2012;15:23:00;180;com vítima;5,7;BR-116/BA - ContSuFS;;Colisão Transversal;1;;;1;;;;;;;1;2;;;
30/09/2012;19:36:00;242;com vítima;6,2;BR-116/BA - ContSuFS;;Atropelamento de Animal;;;;1;;;;;;;0;1;;;
30/09/2012;19:55:00;256;com vítima;14;BR-116/BA - Cont VC;;Colisão Lateral;;;;;;;;;;2;1;1;;;
30/09/2012;17:08:00;208;sem vítima;430;BR-116/BA;Norte;Engavetamento;2;;;;;1;;;;;4;;;;
30/09/2012;03:38:00;38;com vítima;518;BR-324/BA;Oeste;Capotamento;1;;;;;;;;;;0;2;;;
30/09/2012;00:22:00;12;sem vítima;520;BR-324/BA;Oeste;Colisão Traseira;1;;;;;;;;;;1;;;;
30/09/2012;21:54:00;270;sem vítima;520;BR-324/BA;Oeste;Colisão Traseira;2;;;;;;;;;;3;;;;
30/09/2012;06:38:00;55;sem vítima;522;BR-324/BA;Oeste;Colisão Traseira;1;;;;;1;;;;;2;;;;
30/09/2012;19:39:00;244;sem vítima;537;BR-324/BA;Leste;Saida de Pista;1;;;;;;;;;;2;;;;
30/09/2012;06:17:00;51;com vítima;543;BR-324/BA;Leste;Colisão Lateral;1;;;;;1;;;;;2;1;;;
30/09/2012;16:48:00;198;com vítima;550;BR-324/BA;Leste;Atropelamento de Pedestre;1;;;;;;;;;;1;1;;;
30/09/2012;14:24:00;160;sem vítima;551;BR-324/BA;Leste;Colisão Traseira;1;;1;;;;;;;;5;;;;
30/09/2012;18:22:00;221;com vítima;574,077;BR-324/BA;Leste;Saida de Pista;1;;;;;;;;;;1;1;;;
30/09/2012;23:59:00;281;sem vítima;611,9;BR-324/BA;Leste;Saida de Pista;1;;;;;;;;;;1;;;;
30/09/2012;11:56:00;130;com vítima;613,5;BR-324/BA;Oeste;Atropelamento de Pedestre;;;;;;1;;;;;1;1;;;
30/09/2012;23:40:00;277;sem vítima;619,8;BR-324/BA;Leste;Saida de Pista;1;;;;;;;;;;1;;;;
30/09/2012;16:13:00;189;sem vítima;626;BR-324/BA;Leste;Saida de Pista;1;;;;;;;;;;1;;;;
30/09/2012;06:18:00;52;com vítima;579;BR-116/BA;Sul;Colisão Frontal;1;;1;;;;;;;;3;;;1;1
30/09/2012;18:25:00;222;com vítima;710;BR-116/BA;Sul;Colisão Lateral;;;;1;;1;;;;;2;;;;1
30/09/2012;17:53:00;219;com vítima;819,3;BR-116/BA;Sul;Colisão Traseira;3;;;;;;;;;;6;1;;;
30/09/2012;10:48:00;114;sem vítima;842;BR-116/BA;Norte;Colisão Traseira;;;2;;;;;;;;2;;;;
01/10/2012;01:44:00;4;sem vítima;1,9;BR-116/BA - ContSuFS;;Colisão Traseira;1;;;;;1;;;;;5;;;;
01/10/2012;20:04:00;222;sem vítima;26;BR-116/BA - Cont VC;;Atropelamento de Animal;1;;;;;;;;;;1;;;;
01/10/2012;16:16:00;187;com vítima;441;BR-116/BA;Sul;Colisão Traseira;;;2;;;;;;;;1;;;;1
01/10/2012;13:29:00;139;com vítima;562;BR-324/BA;Leste;Saida de Pista;1;;;;;;;;;;0;1;1;;
01/10/2012;14:01:00;150;com vítima;570,2;BR-324/BA;Leste;Tombamento;;;1;;;;;;;;0;1;;;
01/10/2012;11:59:00;122;sem vítima;585,2;BR-324/BA;Oeste;Tombamento;;;1;;;;;;;;3;;;;
01/10/2012;16:45:00;191;sem vítima;599;BR-324/BA;Leste;Colisão Traseira;1;;;;;1;;;;;5;;;;
01/10/2012;14:55:00;163;com vítima;505;BR-116/BA;Sul;Outros;;1;;;;;;;;;0;1;;;
01/10/2012;07:01:00;37;com vítima;621;BR-324/BA;Leste;Colisão Traseira;1;;;1;;;;;;;1;;1;;
01/10/2012;17:59:00;202;sem vítima;530;BR-116/BA;Norte;Saida de Pista;1;;;;;;;;;;1;;;;
01/10/2012;18:26:00;207;sem vítima;655,6;BR-116/BA;Sul;Saida de Pista;1;;;;;1;;;;;2;;;;
01/10/2012;05:18:00;18;com vítima;675,2;BR-116/BA;Sul;Atropelamento - Ciclista;;1;;1;;;;;;;0;2;;;
01/10/2012;12:06:00;125;com vítima;815;BR-116/BA;Norte;Colisão Transversal;1;;;1;;;;;;;1;;1;;
01/10/2012;18:10:00;203;com vítima;817;BR-116/BA;Norte;Colisão Frontal;;;;2;;;;;;;0;1;;1;
01/10/2012;10:37:00;99;com vítima;818,2;BR-116/BA;Sul;Colisão Lateral;;;;1;;1;;;;;1;1;;;
02/10/2012;07:17:00;39;sem vítima;1,3;BR-116/BA - ContSuFS;;Colisão Frontal;1;;1;;;;;;;;2;;;;
02/10/2012;08:37:00;51;sem vítima;445;BR-116/BA;Norte;Tombamento;;;1;;;;;;;;1;;;;
02/10/2012;06:53:00;36;sem vítima;551;BR-324/BA;Leste;Colisão Traseira;1;;1;;;;;;;;3;;;;
02/10/2012;16:22:00;140;sem vítima;559;BR-324/BA;Oeste;Colisão Traseira;2;;;;;;;;;;2;;;;
02/10/2012;16:17:00;139;com vítima;585;BR-324/BA;Oeste;Saida de Pista;1;;1;;;;;;;;2;1;;;
02/10/2012;15:41:00;132;sem vítima;609;BR-324/BA;Oeste;Saida de Pista;1;;;;;1;;;;;4;;;;
02/10/2012;22:43:00;222;com vítima;547;BR-116/BA;Norte;Atropelamento de Pedestre;;;1;;;;;;;;1;;;;1
02/10/2012;11:44:00;79;sem vítima;689;BR-116/BA;Norte;Colisão Traseira;;;2;;;;;;;;2;;;;
02/10/2012;02:58:00;14;com vítima;788;BR-116/BA;Norte;Sequência;;;1;;;;;;;1;2;3;;;
03/10/2012;18:00:00;215;com vítima;4;BR-116/BA - ContSuFS;;Atropelamento de Pedestre;;;;1;;;;;;;1;1;;;
03/10/2012;07:01:00;54;com vítima;5,7;BR-116/BA - ContSuFS;;Colisão Transversal;;;;1;;;;;;1;4;2;;;
03/10/2012;10:02:00;107;sem vítima;541;BR-324/BA;Leste;Capotamento;1;;;;;;;;;;1;;;;
03/10/2012;13:59:00;168;sem vítima;560;BR-324/BA;Oeste;Colisão Traseira;2;;;;;;;;;;5;;;;
03/10/2012;11:53:00;145;sem vítima;572;BR-324/BA;Leste;Saida de Pista;1;;;;;;;;;;1;;;;
03/10/2012;12:10:00;148;sem vítima;572;BR-324/BA;Leste;Saida de Pista;1;;;;;;;;;;2;;;;
03/10/2012;18:10:00;221;sem vítima;584;BR-324/BA;Oeste;Capotamento;1;;;;;;;;;;1;;;;
03/10/2012;08:13:00;70;sem vítima;585;BR-324/BA;Leste;Saida de Pista;1;;;;;;;;;;3;;;;
03/10/2012;10:34:00;121;sem vítima;591,3;BR-324/BA;Leste;Saida de Pista;;;1;;;;;;;;1;;;;
03/10/2012;22:20:00;259;sem vítima;511,05;BR-116/BA;Norte;Saida de Pista;1;;;;;;;;;;1;;;;
03/10/2012;14:40:00;176;com vítima;644;BR-116/BA;Sul;Colisão Traseira;;;3;;;;;;;;2;1;;;
03/10/2012;07:08:00;57;com vítima;743;BR-116/BA;Norte;Atropelamento - Funcionário;;;;1;;;;;;;0;1;1;;
04/10/2012;17:21:00;230;sem vítima;2;BR-116/BA - ContSuFS;;Colisão Traseira;1;;1;;;;;;;;2;;;;
04/10/2012;08:47:00;76;com vítima;430;BR-116/BA;Norte;Colisão Transversal;;;1;1;;;;;;;1;;1;;
04/10/2012;09:49:00;97;sem vítima;530;BR-324/BA;Oeste;Colisão Lateral;1;;1;;;;;;;;3;;;;
04/10/2012;08:35:00;70;sem vítima;543;BR-324/BA;Oeste;Colisão Traseira;1;;1;;;;;;;;2;;;;
04/10/2012;17:31:00;237;sem vítima;548;BR-324/BA;Oeste;Colisão Traseira;1;;;;;1;;;;;2;;;;
04/10/2012;16:22:00;214;sem vítima;461;BR-116/BA;Sul;Colisão Traseira;;;2;;;;;;;;2;;;;
04/10/2012;07:08:00;46;com vítima;604;BR-324/BA;Oeste;Capotamento;1;;;;;;;;;;1;2;;;
04/10/2012;10:20:00;106;sem vítima;611;BR-324/BA;Leste;Colisão Traseira;1;;;1;;;;;;;2;;;;
04/10/2012;23:19:00;305;sem vítima;621;BR-324/BA;Oeste;Saida de Pista;1;;;;;;;;;;5;;;;
04/10/2012;06:48:00;42;sem vítima;581;BR-116/BA;Norte;Tombamento;;;1;;;1;;;;;2;;;;
04/10/2012;11:55:00;147;com vítima;630;BR-116/BA;Norte;Colisão Traseira;1;;;;;1;;;;;1;1;;;
04/10/2012;06:23:00;34;com vítima;796,5;BR-116/BA;Sul;Colisão Frontal;;;2;;;;;;;;0;;1;;1
05/10/2012;14:25:00;165;sem vítima;12;BR-116/BA - Cont VC;;Colisão Transversal;1;;;;;;;;;1;3;;;;
05/10/2012;07:54:00;51;com vítima;16,5;BR-116/BA - Cont VC;;Colisão Transversal;;;;1;;;;;;1;2;1;;;
05/10/2012;18:43:00;229;sem vítima;519;BR-324/BA;Leste;Colisão Traseira;1;;1;;;;;;;;2;;;;
05/10/2012;17:49:00;218;sem vítima;519,5;BR-324/BA;Oeste;Engavetamento;2;;1;;;;;;;;7;;;;
05/10/2012;18:00:00;221;sem vítima;519,5;BR-324/BA;Leste;Colisão Traseira;2;;;;;;;;;;2;;;;
05/10/2012;11:51:00;126;sem vítima;527;BR-324/BA;Oeste;Colisão Lateral;;;2;;;;;;;;2;;;;
05/10/2012;10:04:00;84;sem vítima;454;BR-116/BA;Sul;Colisão Traseira;;;2;;;;;;;;2;;;;
05/10/2012;06:04:00;28;sem vítima;551;BR-324/BA;Oeste;Choque - Defensa, barreira ou "submarino";1;;;;;;;;;;1;;;;
05/10/2012;13:41:00;159;com vítima;462;BR-116/BA;Sul;Atropelamento - Ciclista;;1;;;;1;;;;;1;1;;;
05/10/2012;00:25:00;14;sem vítima;565;BR-324/BA;Oeste;Atropelamento de Animal;;;;;;1;;;;;1;;;;
05/10/2012;05:51:00;23;sem vítima;591;BR-324/BA;Leste;Colisão Traseira;;;1;;1;;;;;;14;;;;
05/10/2012;16:21:00;194;sem vítima;599;BR-324/BA;Leste;Colisão Traseira;1;;;;;;;;;1;2;;;;
05/10/2012;21:21:00;257;sem vítima;609;BR-324/BA;Oeste;Colisão Traseira;2;;;;;;;;;;2;;;;
05/10/2012;16:24:00;197;sem vítima;610;BR-324/BA;Oeste;Queda de Moto;;;;1;;;;;;;1;;;;
05/10/2012;17:06:00;208;com vítima;610;BR-324/BA;Leste;Colisão Traseira;;;;1;;1;;;;;1;1;;;
05/10/2012;16:53:00;205;com vítima;612;BR-324/BA;Leste;Saida de Pista;1;;;;;1;;;;;1;1;;;1
05/10/2012;17:30:00;219;com vítima;612,1;BR-324/BA;Leste;Saida de Pista;1;;;;;;;;;;1;1;;;
05/10/2012;22:31:00;264;sem vítima;622,5;BR-324/BA;Oeste;Colisão Traseira;2;;;;;;;;;;2;;;;
05/10/2012;03:01:00;11;com vítima;624;BR-116/BA;Norte;Atropelamento de Animal;;;;;;;;;;1;0;2;;;
06/10/2012;18:00:00;252;com vítima;16;BR-116/BA - Cont VC;;Colisão Lateral;2;;;;;;;;;;0;2;;;
06/10/2012;05:14:00;36;sem vítima;530;BR-324/BA;Oeste;Capotamento;1;;;;;;;;;;1;;;;
06/10/2012;05:39:00;43;sem vítima;530;BR-324/BA;Oeste;Capotamento;1;;;;;;;;;;1;;;;
06/10/2012;19:07:00;274;sem vítima;537;BR-324/BA;Leste;Saida de Pista;1;;;;;;;;;;1;;;;
06/10/2012;21:03:00;303;com vítima;542;BR-324/BA;Oeste;Colisão Traseira;1;;1;;;;;;;;1;1;1;;
06/10/2012;21:09:00;305;com vítima;542;BR-324/BA;Oeste;Atropelamento de Animal;1;;;;;;;;;;0;1;;;
06/10/2012;08:04:00;62;sem vítima;554;BR-324/BA;Leste;Saida de Pista;;;;;;1;;;;1;2;;;;
06/10/2012;06:02:00;46;sem vítima;461;BR-116/BA;Sul;Colisão Traseira;1;;1;;;;;;;;2;;;;
06/10/2012;06:10:00;47;com vítima;565;BR-324/BA;Oeste;Capotamento;1;;;;;;;;;;2;1;;;
06/10/2012;11:08:00;118;sem vítima;569,1;BR-324/BA;Leste;Colisão Transversal;1;;1;;;;;;;;3;;;;
06/10/2012;04:33:00;31;sem vítima;486,5;BR-116/BA;Sul;Tombamento;;;;;;;;;;1;1;;;;
06/10/2012;14:48:00;189;sem vítima;588;BR-324/BA;Oeste;Saida de Pista;;;;;;;;;;1;3;;;;
06/10/2012;10:47:00;106;com vítima;598;BR-324/BA;Oeste;Queda de Moto;1;;;1;;;;;;;4;1;;;
06/10/2012;22:57:00;318;sem vítima;612,3;BR-324/BA;Oeste;Colisão Lateral;1;;;;;1;;;;;2;;;;
06/10/2012;04:37:00;32;sem vítima;615,8;BR-324/BA;Leste;Tombamento;;;1;;;;;;;;1;;;;
06/10/2012;12:14:00;140;sem vítima;624;BR-324/BA;Oeste;Colisão Traseira;;;;;2;;;;;;83;;;;
06/10/2012;00:43:00;4;sem vítima;623,6;BR-116/BA;Norte;Atropelamento de Animal;;;1;;;;;;;;1;;;;
06/10/2012;14:46:00;186;com vítima;641;BR-116/BA;Sul;Queda de Moto;;;;1;;;;;;;0;1;;;
06/10/2012;01:25:00;12;sem vítima;773;BR-116/BA;Sul;Saida de Pista;1;;;;;;;;;;2;;;;
06/10/2012;21:02:00;302;com vítima;781;BR-116/BA;Norte;Queda de Moto;;;;1;;;;;;;0;2;;;
06/10/2012;10:28:00;101;sem vítima;832,5;BR-116/BA;Sul;Colisão Traseira;;;2;;;;;;;;2;;;;
06/10/2012;10:34:00;104;sem vítima;832,8;BR-116/BA;Sul;Saida de Pista;;;1;;;;;;;;1;;;;
07/10/2012;22:01:00;240;sem vítima;8;BR-116/BA - Cont VC;;Saida de Pista;1;;;;;;;;;;4;;;;
07/10/2012;09:19:00;83;sem vítima;426,2;BR-116/BA;Sul;Colisão Transversal;2;;;;;;;;;;5;;;;
07/10/2012;22:59:00;252;sem vítima;432;BR-116/BA;Sul;Queda de Moto;;;;1;;;;;;;3;;;;
07/10/2012;14:17:00;144;com vítima;456,3;BR-116/BA;Sul;Colisão Lateral;1;;1;1;;;;;;;3;1;;1;
07/10/2012;14:43:00;156;sem vítima;548,2;BR-324/BA;Oeste;Saida de Pista;1;;;;;;;;;;1;;;;
07/10/2012;22:22:00;245;sem vítima;565;BR-324/BA;Oeste;Atropelamento de Animal;;;1;;;;;;;;1;;;;
07/10/2012;08:32:00;74;com vítima;488;BR-116/BA;Sul;Queda de Moto;;;;1;;;;;;;0;1;;;
07/10/2012;01:47:00;14;sem vítima;617;BR-324/BA;Oeste;Saida de Pista;1;;;;;;;;;;1;;;;
07/10/2012;17:51:00;193;sem vítima;619;BR-324/BA;Leste;Atropelamento - Ciclista;;1;;1;;;;;;;2;;;;
07/10/2012;01:37:00;12;com vítima;623;BR-324/BA;Oeste;Colisão Traseira;;;;1;;1;;;;;1;;;2;
07/10/2012;18:28:00;203;com vítima;577;BR-116/BA;Norte;Saida de Pista;;;1;;;;;;;;2;1;;;
07/10/2012;14:53:00;158;sem vítima;667;BR-116/BA;Norte;Colisão Traseira;;;2;;;;;;;;2;;;;
07/10/2012;15:21:00;162;sem vítima;716;BR-116/BA;Norte;Colisão Traseira;;;2;;;;;;;;2;;;;
07/10/2012;00:40:00;7;com vítima;758;BR-116/BA;Norte;Colisão Lateral;;;1;1;;;;;;;1;1;;;
07/10/2012;18:38:00;205;com vítima;827;BR-116/BA;Sul;Colisão Transversal;;;;1;;1;;;;;1;1;;;
08/10/2012;05:41:00;34;com vítima;445;BR-116/BA;Norte;Colisão Transversal;;;2;;;;;;;;1;1;;;
08/10/2012;10:30:00;108;sem vítima;523;BR-324/BA;Oeste;Saida de Pista;1;;;;;1;;;;;2;;;;
08/10/2012;17:59:00;227;sem vítima;452;BR-116/BA;Sul;Colisão Traseira;1;;1;;;1;;;;;4;;;;
08/10/2012;05:30:00;30;sem vítima;551;BR-324/BA;Oeste;Choque - Defensa, barreira ou "submarino";1;;;;;;;;;;5;;;;
08/10/2012;18:11:00;230;sem vítima;560;BR-324/BA;Leste;Colisão Traseira;1;;;;1;;;;;;17;;;;
08/10/2012;06:39:00;45;com vítima;562;BR-324/BA;Leste;Queda de Moto;;;;1;;;;;;;1;1;;;
08/10/2012;15:26:00;174;com vítima;594;BR-324/BA;Leste;Choque Contra Objeto Fixo;1;;;;;;;;;;0;;1;;
08/10/2012;08:49:00;71;sem vítima;603,9;BR-324/BA;Leste;Engavetamento;3;;;;;1;;;;1;11;;;;
08/10/2012;08:59:00;76;sem vítima;607,9;BR-324/BA;Leste;Engavetamento;4;;;;;;;;;;6;;;;
08/10/2012;07:55:00;60;sem vítima;611,8;BR-324/BA;Leste;Colisão Traseira;1;;;1;;;;;;;6;;;;
08/10/2012;07:01:00;52;com vítima;614;BR-324/BA;Leste;Capotamento;;;;;;;;;;1;7;;2;;
08/10/2012;20:32:00;269;com vítima;617;BR-324/BA;Leste;Atropelamento de Pedestre;1;;;;;1;;;;;2;;;1;1
08/10/2012;19:01:00;248;com vítima;623;BR-116/BA;Sul;Saida de Pista;1;;;;;;;;;;2;1;1;;
08/10/2012;12:47:00;139;com vítima;670;BR-116/BA;Norte;Engavetamento;3;;;;;;;;;;2;1;1;;
08/10/2012;16:15:00;192;com vítima;710;BR-116/BA;Sul;Colisão Lateral;1;1;;;;;;;;;1;1;;;
09/10/2012;00:15:00;1;sem vítima;526,5;BR-324/BA;Oeste;Colisão Traseira;;;2;;;;;;;;2;;;;
09/10/2012;11:25:00;112;sem vítima;543,2;BR-324/BA;Leste;Capotamento;1;;;;;;;;;;1;;;;
09/10/2012;13:58:00;134;sem vítima;561,3;BR-324/BA;Oeste;Saida de Pista;1;;;;;;;;;;2;;;;
09/10/2012;15:44:00;174;sem vítima;572,8;BR-324/BA;Leste;Saida de Pista;1;;;;;;;;;;1;;;;
09/10/2012;15:36:00;170;com vítima;577;BR-324/BA;Leste;Saida de Pista;;;;;;;;;;1;0;3;;;
09/10/2012;07:04:00;47;com vítima;591,25;BR-324/BA;Leste;Capotamento;1;;;;;;;;;;0;1;2;;
09/10/2012;02:00:00;11;sem vítima;618;BR-324/BA;Oeste;Saida de Pista;1;;;;;;;;;;1;;;;
09/10/2012;15:34:00;166;sem vítima;551;BR-116/BA;Sul;Engavetamento;;;3;;;;;;;;3;;;;
09/10/2012;09:23:00;78;com vítima;567;BR-116/BA;Sul;Saida de Pista;1;;;;;;;;;;1;2;1;;
09/10/2012;10:57:00;103;sem vítima;764;BR-116/BA;Sul;Colisão Traseira;;;1;;1;;;;;;33;;;;
09/10/2012;06:10:00;38;com vítima;780,5;BR-116/BA;Sul;Saida de Pista;;;;;;1;;;;1;8;2;;1;
09/10/2012;11:25:00;111;com vítima;904;BR-116/BA;Sul;Tombamento;;;1;;;1;;;;;1;;;;1
10/10/2012;06:08:00;29;sem vítima;430;BR-116/BA;Norte;Colisão Traseira;1;;;;1;;;;;;26;;;;
10/10/2012;09:10:00;89;sem vítima;528;BR-324/BA;Leste;Colisão Traseira;;;2;;;;;;;;2;;;;
10/10/2012;23:10:00;283;com vítima;537;BR-324/BA;Oeste;Saida de Pista;1;;;;;;;;;;2;1;;;
10/10/2012;05:20:00;21;sem vítima;469,5;BR-116/BA;Norte;Tombamento;;;1;;;;;;;;1;;;;
10/10/2012;16:44:00;203;sem vítima;595;BR-324/BA;Oeste;Capotamento;1;;;;;;;;;;2;;;;
10/10/2012;18:47:00;235;sem vítima;677,9;BR-116/BA;Norte;Saida de Pista;;;1;;;;;;;;1;;;;
10/10/2012;15:28:00;186;com vítima;719;BR-116/BA;Norte;Capotamento;1;;;;;;;;;;2;1;1;;
10/10/2012;08:11:00;68;sem vítima;845;BR-116/BA;Norte;Colisão Traseira;2;;;;;;;;;;8;;;;
10/10/2012;20:30:00;264;sem vítima;902,5;BR-116/BA;Norte;Colisão Transversal;1;;;;;1;;;;;2;;;;
11/10/2012;22:35:00;327;com vítima;8;BR-116/BA - Cont VC;;Saida de Pista;1;;;;;;;;;;0;1;;;
11/10/2012;16:40:00;219;sem vítima;13;BR-116/BA - Cont VC;;Saida de Pista;1;;;;;;;;;;1;;;;
11/10/2012;06:01:00;34;com vítima;14,3;BR-116/BA - Cont VC;;Tombamento;;;1;;;;;;;;0;1;;;
11/10/2012;10:51:00;125;sem vítima;428;BR-116/BA;Norte;Colisão Traseira;1;;1;;;;;;;;2;;;;
11/10/2012;13:00:00;153;com vítima;443;BR-116/BA;Norte;Queda de Moto;;;;1;;;;;;;0;1;;;
11/10/2012;18:37:00;251;sem vítima;518,1;BR-324/BA;Oeste;Engavetamento;4;;;;;;;;;;4;;;;
11/10/2012;11:41:00;142;sem vítima;453;BR-116/BA;Sul;Engavetamento;;;2;;;;;;;1;20;;;;
11/10/2012;17:53:00;236;sem vítima;545;BR-324/BA;Leste;Colisão Traseira;2;;;;;;;;;;2;;;;