data;horario;n_da_ocorrencia;tipo_de_ocorrencia;km;trecho;sentido;tipo_de_acidente;automovel;bicicleta;caminhao;moto;onibus;outros;tracao_animal;transporte_de_cargas_especiais;trator_maquinas;utilitarios;ilesos;levemente_feridos;moderadamente_feridos;gravemente_feridos;mortos
13/12/2012;09:48:00;82;com vítima;5;BA-526;Sul;Queda de Moto;;;;1;;;;;;;0;2;;;
13/12/2012;20:28:00;222;com vítima;17,1;BR-116/BA - Cont VC;;Colisão Transversal;1;;1;;;;;;;;2;1;;;
13/12/2012;16:29:00;181;com vítima;17,2;BR-116/BA - Cont VC;;Colisão Transversal;2;;;;;;;;;;2;1;;;
13/12/2012;11:28:00;106;com vítima;568,8;BR-324/BA;Oeste;Capotamento;1;;;;;1;;;;;2;1;;;
13/12/2012;22:35:00;235;com vítima;467,3;BR-116/BA;Norte;Colisão Frontal;1;;;;;;;;;1;1;5;1;1;1
13/12/2012;15:08:00;161;sem vítima;599;BR-324/BA;Leste;Colisão Traseira;2;;;;;;;;;;3;;;;
13/12/2012;07:22:00;46;sem vítima;649,3;BR-116/BA;Sul;Colisão Traseira;;;2;;;;;;;;2;;;;
13/12/2012;13:05:00;129;com vítima;748,05;BR-116/BA;Sul;Colisão Traseira;;;;1;;1;;;;;1;1;;;
13/12/2012;17:33:00;193;com vítima;752,1;BR-116/BA;Norte;Colisão Transversal;1;;1;;;;;;;;2;2;;;
13/12/2012;06:00:00;23;com vítima;777,3;BR-116/BA;Norte;Queda de Moto;;;;1;;;;;;;0;1;;;
13/12/2012;15:03:00;156;com vítima;784,7;BR-116/BA;Sul;Saida de Pista;1;;;;;;;;;;2;2;;;
13/12/2012;21:19:00;228;com vítima;818,9;BR-116/BA;Norte;Colisão Lateral;;;;1;;;;;;1;3;;1;;
13/12/2012;19:19:00;218;com vítima;827,3;BR-116/BA;Norte;Atropelamento de Pedestre;;;;;;1;;;;;1;2;;;
14/12/2012;17:23:00;204;sem vítima;2;BR-116/BA - ContSuFS;;Colisão Traseira;1;;;;;1;;;;;2;;;;
14/12/2012;20:48:00;244;com vítima;18,2;BR-116/BA - Cont VC;;Colisão Frontal;;;1;1;;;;;;;1;;;;2
14/12/2012;17:57:00;211;sem vítima;443;BR-116/BA;Sul;Colisão Traseira;;;;;;1;;;;1;2;;;;
14/12/2012;19:29:00;234;com vítima;530;BR-324/BA;Oeste;Atropelamento de Pedestre;;;;;;1;;;;;1;;1;1;
14/12/2012;09:33:00;95;com vítima;459,2;BR-116/BA;Sul;Colisão Traseira;1;;1;;;;;;;;3;1;;;
14/12/2012;18:58:00;227;sem vítima;467;BR-116/BA;Sul;Choque - Veiculo parado na pista;1;;;;;1;;;;;2;;;;
14/12/2012;02:41:00;16;sem vítima;586;BR-324/BA;Leste;Saida de Pista;1;;;;;;;;;;1;;;;
14/12/2012;10:14:00;108;com vítima;493,2;BR-116/BA;Sul;Queda de Moto;;;;1;;;;;;;0;2;;;
14/12/2012;15:18:00;174;sem vítima;616;BR-324/BA;Leste;Engavetamento;2;;;;;;;;;1;5;;;;
14/12/2012;15:23:00;175;sem vítima;616;BR-324/BA;Oeste;Engavetamento;3;;;;;;;;;;6;;;;
14/12/2012;16:02:00;186;sem vítima;616;BR-324/BA;Oeste;Colisão Traseira;1;;;;;;;;;1;3;;;;
14/12/2012;16:05:00;195;sem vítima;616;BR-324/BA;Oeste;Colisão Traseira;2;;;;;;;;;;3;;;;
14/12/2012;14:22:00;160;com vítima;618;BR-324/BA;Oeste;Engavetamento;2;;;1;;;;;;;4;;1;;
14/12/2012;18:14:00;214;sem vítima;623,15;BR-324/BA;Oeste;Engavetamento;3;;;;;;;;;;3;;;;
14/12/2012;21:14:00;252;com vítima;628;BR-116/BA;Norte;Atropelamento de Pedestre;;;;;;1;;;;;1;;1;;
14/12/2012;12:02:00;130;sem vítima;737;BR-116/BA;Norte;Colisão Lateral;1;;2;;;;;;;;3;;;;
14/12/2012;05:23:00;29;com vítima;900;BR-116/BA;Sul;Engavetamento;3;;1;;;;;;;;4;1;;;
15/12/2012;17:07:00;202;sem vítima;4;BR-116/BA - ContSuFS;;Colisão Traseira;;;2;;;;;;;1;4;;;;
15/12/2012;14:17:00;157;sem vítima;537;BR-324/BA;Leste;Capotamento;1;;;;;;;;;;2;;;;
15/12/2012;18:29:00;218;sem vítima;459;BR-116/BA;Sul;Saida de Pista;1;;;;;;;;;;1;;;;
15/12/2012;21:20:00;260;sem vítima;585,3;BR-324/BA;Leste;Saida de Pista;1;;;;;;;;;;3;;;;
15/12/2012;09:03:00;85;sem vítima;599,1;BR-324/BA;Oeste;Choque - Veiculo parado na pista;1;;1;;;;;;;;6;;;;
15/12/2012;00:31:00;3;com vítima;610,5;BR-324/BA;Oeste;Queda de Moto;;;;1;;;;;;;0;;;1;
15/12/2012;18:46:00;221;com vítima;613,1;BR-324/BA;Leste;Queda de Moto;;;;;;1;;;;;0;1;1;;
15/12/2012;12:39:00;134;sem vítima;581,3;BR-116/BA;Norte;Saida de Pista;1;;;;;;;;;;1;;;;
15/12/2012;05:04:00;24;sem vítima;646,3;BR-116/BA;Norte;Atropelamento de Animal;1;;;;;;;;;;1;;;;
15/12/2012;06:35:00;43;com vítima;783,2;BR-116/BA;Norte;Colisão Lateral;1;;;;;1;;;;;1;1;;;
15/12/2012;22:36:00;276;com vítima;809;BR-116/BA;Sul;Queda de Moto;;;;1;;;;;;;1;1;;;
16/12/2012;10:38:00;106;sem vítima;448;BR-116/BA;Norte;Engavetamento;1;;2;;;;;;;;5;;;;
16/12/2012;15:34:00;181;sem vítima;530;BR-324/BA;Oeste;Colisão Traseira;2;;;;;;;;;;5;;;;
16/12/2012;12:41:00;147;com vítima;583,3;BR-324/BA;Oeste;Capotamento;1;;;;;;;;;;0;;3;;1
16/12/2012;19:30:00;245;com vítima;616,1;BR-324/BA;Oeste;Atropelamento de Pedestre;1;;;;;;;;;;1;;;1;
16/12/2012;02:14:00;15;com vítima;618,7;BR-324/BA;Oeste;Capotamento;1;;;;;;;;;;1;1;;;
16/12/2012;00:29:00;6;sem vítima;622,4;BR-324/BA;Leste;Colisão Lateral;3;;;;;;;;;;7;;;;
16/12/2012;11:50:00;134;sem vítima;567;BR-116/BA;Sul;Saida de Pista;1;;;;;;;;;;2;;;;
16/12/2012;14:24:00;163;com vítima;626;BR-116/BA;Sul;Colisão Lateral;;;;1;;1;;;;;1;2;;;
16/12/2012;10:55:00;110;sem vítima;670;BR-116/BA;Sul;Saida de Pista;;;;;1;;;;;;2;;;;
16/12/2012;13:44:00;157;com vítima;674;BR-116/BA;Sul;Saida de Pista;1;;;;;;;;;;0;3;;;1
16/12/2012;12:03:00;136;sem vítima;729;BR-116/BA;Sul;Colisão Traseira;;;1;;;1;;;;;2;;;;
16/12/2012;18:19:00;230;com vítima;803,3;BR-116/BA;Sul;Colisão Transversal;1;;1;;;;;;;;1;1;;;
16/12/2012;16:29:00;194;com vítima;838,6;BR-116/BA;Sul;Queda de Moto;;;;1;;;;;;;0;;1;;
16/12/2012;07:28:00;55;sem vítima;906;BR-116/BA;Norte;Saida de Pista;;;1;;;;;;;;1;;;;
17/12/2012;11:09:00;132;sem vítima;1,3;BR-116/BA - ContSuFS;;Colisão Traseira;1;;1;;;;;;;;2;;;;
17/12/2012;19:14:00;284;sem vítima;527;BR-324/BA;Leste;Saida de Pista;1;;;;;;;;;;1;;;;
17/12/2012;17:29:00;263;com vítima;528;BR-324/BA;Oeste;Queda de Moto;;;;1;;;;;;;0;1;;;
17/12/2012;14:04:00;195;sem vítima;544;BR-324/BA;Leste;Atropelamento de Animal;;;1;;;;;;;;1;;;;
17/12/2012;15:54:00;232;sem vítima;599;BR-324/BA;Leste;Choque - Cancela de Pedagio;;;;;;;;;;1;1;;;;
17/12/2012;08:42:00;97;sem vítima;504,8;BR-116/BA;Norte;Colisão Traseira;2;;;;;;;;;;9;;;;
17/12/2012;13:08:00;182;sem vítima;616,5;BR-324/BA;Oeste;Colisão Lateral;2;;;;;;;;;;2;;;;
17/12/2012;14:39:00;208;com vítima;562,4;BR-116/BA;Sul;Colisão Lateral;;;1;;;;;;;1;2;2;1;;
17/12/2012;22:59:00;323;com vítima;778,03;BR-116/BA;Sul;Colisão Lateral;1;;;1;;;;;;;1;;;1;
17/12/2012;16:15:00;238;sem vítima;803,05;BR-116/BA;Norte;Engavetamento;;;2;;;2;;;;;4;;;;
17/12/2012;04:08:00;21;com vítima;821,5;BR-116/BA;Norte;Atropelamento de Animal;;;;1;;;;;;;0;;1;;
17/12/2012;07:40:00;75;sem vítima;838,1;BR-116/BA;Norte;Colisão Lateral;1;;1;;;;;;;;2;;;;
17/12/2012;07:29:00;69;sem vítima;842,3;BR-116/BA;Norte;Colisão Traseira;;;;;;1;;;;1;2;;;;
18/12/2012;11:17:00;87;com vítima;13;BR-116/BA - Cont VC;;Colisão Transversal;;;1;1;;;;;;;1;1;;;
18/12/2012;07:26:00;34;sem vítima;524,6;BR-324/BA;Leste;Choque - Veiculo parado no acostamento;;;;;1;1;;;;1;20;;;;
18/12/2012;12:24:00;107;sem vítima;566;BR-324/BA;Oeste;Saida de Pista;1;;;;;;;;;;1;;;;
18/12/2012;18:54:00;203;sem vítima;578;BR-324/BA;Oeste;Colisão Traseira;2;;;;;;;;;;2;;;;
18/12/2012;17:50:00;188;sem vítima;598;BR-324/BA;Oeste;Colisão Traseira;;;;;1;1;;;;;2;;;;
18/12/2012;10:59:00;82;sem vítima;611,8;BR-324/BA;Leste;Colisão Traseira;2;;;;;;;;;;2;;;;
18/12/2012;10:32:00;77;sem vítima;612;BR-324/BA;Oeste;Saida de Pista;1;;;;;1;;;;;2;;;;
18/12/2012;07:39:00;38;com vítima;622;BR-324/BA;Leste;Colisão Traseira;1;;1;;;;;;;;1;1;;;
18/12/2012;07:50:00;40;sem vítima;623;BR-324/BA;Oeste;Colisão Traseira;2;;;;;;;;;;3;;;;
18/12/2012;10:07:00;68;com vítima;623,2;BR-324/BA;Leste;Colisão Lateral;;;;1;;;;;;;1;1;;;
18/12/2012;05:35:00;21;sem vítima;668;BR-116/BA;Sul;Capotamento;;;;;;;;;;1;2;;;;
18/12/2012;12:12:00;101;com vítima;816;BR-116/BA;Sul;Queda de Moto;;;;1;;1;;;;;1;1;;;
18/12/2012;04:56:00;17;com vítima;851;BR-116/BA;Sul;Colisão Frontal;;;2;;;;;;;;0;;1;;1
18/12/2012;07:32:00;35;sem vítima;905,3;BR-116/BA;Sul;Colisão Lateral;;;1;;;1;;;;;2;;;;
18/12/2012;09:36:00;62;sem vítima;910;BR-116/BA;Norte;Colisão Traseira;;;;;2;;;;;;82;;;;
19/12/2012;18:28:00;214;com vítima;3;BR-116/BA - ContSuFS;;Colisão Transversal;1;;;1;;;;;;;1;1;;;
19/12/2012;08:34:00;54;com vítima;7,9;BR-116/BA - Cont VC;;Colisão Transversal;1;;;1;;;;;;;1;1;;;
19/12/2012;18:20:00;209;sem vítima;431;BR-116/BA;Norte;Engavetamento;3;;;;;;;;;;6;;;;
19/12/2012;18:36:00;219;com vítima;520,5;BR-324/BA;Oeste;Colisão Traseira;;;;1;;1;;;;;1;1;;;
19/12/2012;17:31:00;195;sem vítima;520,8;BR-324/BA;Oeste;Engavetamento;2;;1;;;;;;;;4;;;;
19/12/2012;13:21:00;122;sem vítima;523,5;BR-324/BA;Leste;Saida de Pista;1;;1;;;;;;;;2;;;;
19/12/2012;13:53:00;131;sem vítima;559;BR-324/BA;Oeste;Capotamento;1;;;;;;;;;;1;;;;
19/12/2012;09:30:00;69;sem vítima;617,1;BR-324/BA;Oeste;Colisão Traseira;;;;;1;;;;;1;2;;;;
19/12/2012;12:10:00;107;com vítima;619,2;BR-324/BA;Leste;Queda de Moto;;;;1;;;;;;;0;1;;;
19/12/2012;16:56:00;182;com vítima;622,3;BR-324/BA;Oeste;Colisão Lateral;1;;;1;;;;;;;1;1;;;
19/12/2012;02:43:00;15;com vítima;644;BR-116/BA;Norte;Tombamento;;;1;;;1;;;;;1;1;;;
19/12/2012;14:28:00;141;sem vítima;818;BR-116/BA;Sul;Colisão Lateral;1;;1;;;;;;;;4;;;;
19/12/2012;00:51:00;10;sem vítima;828,3;BR-116/BA;Sul;Atropelamento de Animal;1;;;;;;;;;;4;;;;
19/12/2012;10:35:00;86;sem vítima;857;BR-116/BA;Sul;Engavetamento;;;3;;;1;;;;;4;;;;
20/12/2012;14:44:00;187;sem vítima;1;BR-116/BA - ContSuFS;;Colisão Traseira;1;;1;;;;;;;;2;;;;
20/12/2012;17:28:00;235;com vítima;5;BR-116/BA - ContSuFS;;Atropelamento de Pedestre;;;1;;;;;;;;1;;;;1
20/12/2012;20:01:00;275;com vítima;430;BR-116/BA;Norte;Atropelamento de Pedestre;;;;;;1;;;;;1;;;;1
20/12/2012;20:09:00;277;sem vítima;519;BR-324/BA;Oeste;Colisão Traseira;1;;;;;;;;;1;4;;;;
20/12/2012;15:19:00;194;sem vítima;520,1;BR-324/BA;Oeste;Colisão Traseira;1;;;;;1;;;;;2;;;;
20/12/2012;18:01:00;239;sem vítima;520,1;BR-324/BA;Oeste;Colisão Traseira;2;;;;;;;;;;2;;;;
20/12/2012;19:40:00;269;sem vítima;522,5;BR-324/BA;Oeste;Colisão Traseira;2;;;;;;;;;;2;;;;
20/12/2012;14:37:00;182;sem vítima;534;BR-324/BA;Oeste;Engavetamento;3;;;;;;;;;;3;;;;
20/12/2012;14:54:00;191;sem vítima;534;BR-324/BA;Oeste;Engavetamento;2;;2;;;;;;;1;5;;;;
20/12/2012;13:55:00;170;sem vítima;551;BR-324/BA;Leste;Colisão Lateral;1;;1;;;;;;;;2;;;;
20/12/2012;20:53:00;286;sem vítima;566,3;BR-324/BA;Leste;Engavetamento;;;1;;;;;;;2;3;;;;
20/12/2012;00:28:00;3;com vítima;574,1;BR-324/BA;Leste;Capotamento;1;;;;;;;;;;0;1;;;
20/12/2012;19:59:00;274;com vítima;574,5;BR-324/BA;Leste;Colisão Traseira;1;;;;;1;;;;;1;;1;;
20/12/2012;18:56:00;255;com vítima;614;BR-324/BA;Oeste;Colisão Lateral;1;;;1;;;;;;;1;1;;;
20/12/2012;19:43:00;270;sem vítima;615,8;BR-324/BA;Leste;Colisão Traseira;2;;;;;;;;;;3;;;;
20/12/2012;16:40:00;219;sem vítima;618,5;BR-324/BA;Oeste;Colisão Traseira;1;;;;;1;;;;;2;;;;
20/12/2012;17:18:00;233;sem vítima;624;BR-324/BA;Leste;Colisão Traseira;1;;;;1;;;;;;2;;;;
20/12/2012;16:50:00;224;com vítima;568,1;BR-116/BA;Sul;Engavetamento;3;;;;;;;;;;2;1;;;
20/12/2012;08:48:00;83;com vítima;615;BR-116/BA;Norte;Colisão Lateral;2;;;;;;;;;;7;1;;;
20/12/2012;10:53:00;125;com vítima;625,2;BR-116/BA;Norte;Tombamento;;;1;;;;;;;;1;1;;;
20/12/2012;16:14:00;209;sem vítima;653,3;BR-116/BA;Norte;Colisão Traseira;;;2;;;;;;;;2;;;;
20/12/2012;19:02:00;260;sem vítima;811,2;BR-116/BA;Sul;Colisão Lateral;1;;;;;1;;;;;2;;;;
20/12/2012;14:25:00;179;sem vítima;814,1;BR-116/BA;Sul;Colisão Traseira;;;1;;1;;;;;;45;;;;
20/12/2012;15:53:00;202;com vítima;921,6;BR-116/BA;Sul;Sequência;;;3;;;;;;;;1;1;1;;
21/12/2012;16:56:00;214;sem vítima;3;BR-116/BA - ContSuFS;;Colisão Traseira;1;;;;1;;;;;;2;;;;
21/12/2012;21:13:00;283;sem vítima;14,8;BR-116/BA - Cont VC;;Saida de Pista;1;;;;;;;;;;5;;;;
21/12/2012;06:36:00;55;sem vítima;431,3;BR-116/BA;Norte;Colisão Traseira;1;;;;;;;;;1;2;;;;
21/12/2012;18:43:00;249;com vítima;518,8;BR-324/BA;Oeste;Colisão Traseira;;;;1;;1;;;;;1;1;;;
21/12/2012;05:52:00;48;com vítima;523,3;BR-324/BA;Leste;Queda de Moto;;;;1;;;;;;;0;1;;;
21/12/2012;19:33:00;256;sem vítima;534;BR-324/BA;Oeste;Colisão Lateral;1;;;;;1;;;;;6;;;;
21/12/2012;21:38:00;291;sem vítima;534;BR-324/BA;Oeste;Saida de Pista;;;1;;;;;;;;1;;;;
21/12/2012;18:43:00;248;sem vítima;537;BR-324/BA;Oeste;Saida de Pista;1;;;;;;;;;;1;;;;
21/12/2012;17:10:00;218;sem vítima;543,1;BR-324/BA;Oeste;Colisão Traseira;2;;;;;;;;;;2;;;;
21/12/2012;05:49:00;47;com vítima;462,1;BR-116/BA;Norte;Atropelamento - Ciclista;1;1;;;;;;;;;1;1;;;
21/12/2012;23:49:00;309;sem vítima;463;BR-116/BA;Norte;Colisão Transversal;1;;;1;;;;;;;2;;;;
21/12/2012;20:14:00;267;com vítima;494,7;BR-116/BA;Sul;Colisão Traseira;;;2;;;;;;;;1;1;;;
21/12/2012;18:19:00;240;sem vítima;607,5;BR-324/BA;Leste;Colisão Lateral;1;;1;;;;;;;;4;;;;
21/12/2012;15:29:00;184;sem vítima;608,3;BR-324/BA;Oeste;Saida de Pista;1;;;;;;;;;;1;;;;
21/12/2012;09:06:00;103;sem vítima;614,3;BR-324/BA;Leste;Engavetamento;3;;;;;1;;;;;9;;;;
21/12/2012;16:36:00;206;sem vítima;622;BR-324/BA;Leste;Engavetamento;1;;1;;;;;;;1;3;;;;
21/12/2012;21:53:00;293;sem vítima;582,4;BR-116/BA;Norte;Saida de Pista;;;;;1;;;;;;26;;;;
21/12/2012;19:13:00;253;com vítima;625,8;BR-116/BA;Norte;Saida de Pista;1;;;;;;;;;;0;;1;;1
21/12/2012;01:30:00;9;sem vítima;749;BR-116/BA;Norte;Saida de Pista;1;;;;;;;;;;5;;;;
21/12/2012;07:25:00;69;sem vítima;831,7;BR-116/BA;Norte;Colisão Traseira;2;;;;;;;;;;2;;;;
21/12/2012;07:48:00;80;sem vítima;833,2;BR-116/BA;Norte;Colisão Traseira;1;;;;;;;;;1;5;;;;
21/12/2012;10:42:00;122;sem vítima;836,7;BR-116/BA;Norte;Colisão Lateral;1;;;;1;;;;;;2;;;;
21/12/2012;00:57:00;7;com vítima;931,5;BR-116/BA;Sul;Saida de Pista;;;1;;;;;;;;0;1;;;
22/12/2012;13:40:00;181;sem vítima;522;BR-324/BA;Leste;Capotamento;1;;;;;;;;;;1;;;;
22/12/2012;11:45:00;141;sem vítima;447;BR-116/BA;Sul;Colisão Traseira;1;;1;;;;;;;;6;;;;
22/12/2012;08:49:00;87;sem vítima;532,1;BR-324/BA;Oeste;Engavetamento;3;;;;;;;;;1;14;;;;
22/12/2012;13:45:00;183;com vítima;450;BR-116/BA;Sul;Colisão Frontal;2;;;;;;;;;;6;1;;;
22/12/2012;09:53:00;104;com vítima;544;BR-324/BA;Oeste;Atropelamento de Pedestre;1;;;;;;;;;;2;;;1;
22/12/2012;12:45:00;162;sem vítima;573;BR-324/BA;Oeste;Capotamento;1;;;;;;;;;;4;;;;
22/12/2012;22:19:00;320;com vítima;578;BR-324/BA;Oeste;Atropelamento de Pedestre;;;;;1;;;;;;1;;;;1
22/12/2012;22:26:00;322;com vítima;578;BR-324/BA;Oeste;Capotamento;1;;;;;;;;;;0;;2;2;
22/12/2012;08:18:00;76;com vítima;582,9;BR-324/BA;Oeste;Engavetamento;5;;;;;;;;;;11;1;;;
22/12/2012;10:11:00;113;sem vítima;599;BR-324/BA;Oeste;Colisão Lateral;1;;1;;;;;;;;6;;;;
22/12/2012;22:47:00;328;com vítima;503;BR-116/BA;Norte;Colisão Transversal;2;;;;;;;;;;2;2;;;
22/12/2012;22:47:00;344;com vítima;503;BR-116/BA;Sul;Atropelamento de Pedestre;1;;;;;;;;;;1;1;;2;
22/12/2012;12:09:00;151;sem vítima;516,8;BR-116/BA;Norte;Colisão Lateral;2;;;;;1;;;;;3;;;;
22/12/2012;07:30:00;57;sem vítima;614,5;BR-324/BA;Oeste;Engavetamento;4;;;;;1;;;;;10;;;;
22/12/2012;00:14:00;4;com vítima;619,5;BR-324/BA;Leste;Queda de Moto;;;;;;1;;;;;1;;1;;
22/12/2012;16:47:00;244;com vítima;623;BR-324/BA;Leste;Colisão Lateral;;;;1;;1;;;;;1;;;;1
22/12/2012;23:20:00;338;com vítima;623,6;BR-324/BA;Leste;Engavetamento;1;;1;1;;;;;;;2;;;1;
22/12/2012;09:03:00;90;sem vítima;586;BR-116/BA;Norte;Colisão Lateral;1;;;;;1;;;;;2;;;;
22/12/2012;19:35:00;292;sem vítima;619,6;BR-116/BA;Norte;Colisão Lateral;1;;1;;;1;;;;;7;;;;
22/12/2012;16:19:00;236;sem vítima;698;BR-116/BA;Norte;Colisão Lateral;1;;1;;;;;;;;2;;;;
22/12/2012;14:01:00;186;com vítima;827,5;BR-116/BA;Sul;Queda de Moto;;;;1;;;;;;;0;1;;;
22/12/2012;12:44:00;161;sem vítima;828,05;BR-116/BA;Norte;Colisão Traseira;2;;;;;;;;;;8;;;;
22/12/2012;19:06:00;284;com vítima;859;BR-116/BA;Sul;Sequência;2;;;;;;;;;1;8;3;;1;
22/12/2012;13:20:00;170;com vítima;864;BR-116/BA;Norte;Capotamento;1;;;;;;;;;;3;1;;;
23/12/2012;18:08:00;231;com vítima;8,25;BR-116/BA - ContSuFS;;Queda de Moto;;;;1;;;;;;;0;1;;;
23/12/2012;22:34:00;296;sem vítima;533,8;BR-324/BA;Oeste;Atropelamento de Animal;;;;;1;;;;;;45;;;;
23/12/2012;19:33:00;259;sem vítima;561,04;BR-324/BA;Leste;Colisão Lateral;1;;;;1;;;;;;10;;;;
23/12/2012;12:47:00;147;com vítima;570;BR-324/BA;Oeste;Capotamento;1;;;;;;;;;;0;;1;;
23/12/2012;05:08:00;49;com vítima;603,8;BR-324/BA;Oeste;Queda de Moto;;;;1;;;;;;;0;1;;;
23/12/2012;16:09:00;200;sem vítima;625,1;BR-324/BA;Leste;Capotamento;1;;;;;;;;;;1;;;;
23/12/2012;11:42:00;130;sem vítima;730;BR-116/BA;Norte;Saida de Pista;1;;;;;;;;;;1;;;;
23/12/2012;10:32:00;115;sem vítima;773;BR-116/BA;Sul;Colisão Traseira;;;2;;;;;;;;2;;;;
23/12/2012;03:20:00;32;com vítima;801,3;BR-116/BA;Norte;Saida de Pista;;;;;;;;;;1;10;3;1;;
23/12/2012;00:29:00;4;sem vítima;847;BR-116/BA;Sul;Atropelamento de Animal;1;;;;;;;;;;1;;;;
23/12/2012;04:30:00;41;com vítima;857;BR-116/BA;Norte;Colisão Lateral;2;;;;;;;;;;6;3;;;
23/12/2012;15:11:00;181;com vítima;914;BR-116/BA;Sul;Colisão Frontal;1;;1;;;;;;;;1;;;2;1
24/12/2012;23:07:00;277;sem vítima;20;BR-116/BA - Cont VC;;Colisão Lateral;1;;;;;1;;;;;2;;;;
24/12/2012;16:09:00;176;sem vítima;446,9;BR-116/BA;Norte;Colisão Lateral;;;1;;;1;;;;;2;;;;
24/12/2012;08:52:00;80;sem vítima;495;BR-116/BA;Norte;Saida de Pista;1;;;;;;;;;;5;;;;
24/12/2012;08:29:00;74;com vítima;618,9;BR-324/BA;Leste;Colisão Lateral;2;;1;;;;;;;;3;;;;1
24/12/2012;15:28:00;168;sem vítima;690;BR-116/BA;Sul;Colisão Traseira;1;;1;;;;;;;;3;;;;
24/12/2012;05:28:00;28;com vítima;710;BR-116/BA;Sul;Colisão Traseira;2;;;;;;;;;;6;1;1;;
24/12/2012;13:50:00;144;com vítima;782;BR-116/BA;Sul;Capotamento;1;;;;;;;;;;4;1;;;
24/12/2012;10:59:00;113;com vítima;817;BR-116/BA;Sul;Colisão Transversal;1;;;1;1;;;;;;14;1;;1;1
24/12/2012;07:48:00;65;com vítima;910;BR-116/BA;Sul;Colisão Lateral;;;1;1;;;;;;;1;2;;;
25/12/2012;19:39:00;181;sem vítima;520;BR-324/BA;Oeste;Saida de Pista;1;;;;;;;;;;1;;;;
25/12/2012;18:48:00;164;sem vítima;559,9;BR-324/BA;Leste;Colisão Traseira;2;;;;;;;;;;6;;;;
25/12/2012;20:13:00;188;com vítima;475,08;BR-116/BA;Sul;Colisão Traseira;;;;1;1;;;;;;1;1;;;
25/12/2012;12:52:00;97;sem vítima;599;BR-324/BA;Oeste;Colisão Traseira;2;;;;;;;;;;2;;;;
25/12/2012;04:08:00;15;com vítima;608,1;BR-324/BA;Oeste;Saida de Pista;1;;;;;;;;;;1;1;;;
25/12/2012;13:46:00;107;com vítima;567;BR-116/BA;Sul;Saida de Pista;1;;;;;;;;;;0;1;;;
26/12/2012;07:10:00;41;sem vítima;16,7;BR-116/BA - Cont VC;;Colisão Transversal;2;;;;;;;;;;4;;;;
26/12/2012;01:03:00;7;com vítima;552,7;BR-324/BA;Leste;Colisão Traseira;;;1;;;;;;;1;4;4;;;
26/12/2012;20:19:00;227;com vítima;474,8;BR-116/BA;Sul;Queda de Moto;;;;1;;;;;;;0;;;1;
26/12/2012;08:12:00;67;sem vítima;585;BR-324/BA;Leste;Saida de Pista;1;;;;;;;;;;1;;;;
26/12/2012;17:56:00;198;sem vítima;606;BR-324/BA;Leste;Colisão Traseira;2;;;;;;;;;;2;;;;
26/12/2012;20:10:00;225;com vítima;761;BR-116/BA;Sul;Saida de Pista;2;;2;;;;;;;;9;;1;;
27/12/2012;18:39:00;190;com vítima;16,7;BR-116/BA - Cont VC;;Colisão Transversal;1;;;1;;;;;;;4;1;1;;
27/12/2012;10:14:00;82;sem vítima;426,5;BR-116/BA;Norte;Colisão Transversal;2;;;;;;;;;;2;;;;
27/12/2012;16:33:00;157;com vítima;487;BR-116/BA;Norte;Colisão Transversal;1;;;1;;;;;;;1;1;;;
27/12/2012;13:16:00;114;com vítima;502,8;BR-116/BA;Sul;Colisão Frontal;2;;;;;1;;;;;1;3;3;2;2
27/12/2012;17:37:00;174;sem vítima;618,3;BR-324/BA;Leste;Colisão Traseira;1;;1;;;;;;;;2;;;;
27/12/2012;12:45:00;109;com vítima;775;BR-116/BA;Norte;Capotamento;1;;;;;;;;;;3;2;;;
27/12/2012;05:35:00;23;com vítima;920;BR-116/BA;Sul;Tombamento;;;1;;;;;;;;0;;;1;
27/12/2012;06:26:00;32;com vítima;921,4;BR-116/BA;Norte;Saida de Pista;1;;;;;;;;;;2;2;;;
28/12/2012;22:07:00;260;com vítima;1;BR-116/BA - ContSuFS;;Colisão Frontal;;;;2;;;;;;;0;2;;;
28/12/2012;13:50:00;142;sem vítima;3;BR-116/BA - ContSuFS;;Colisão Traseira;1;;1;;;;;;;;2;;;;
28/12/2012;13:26:00;138;com vítima;523,1;BR-324/BA;Oeste;Capotamento;1;;;;;1;;;;;3;1;;;
28/12/2012;11:22:00;115;com vítima;551;BR-324/BA;Oeste;Colisão Traseira;1;;1;;;;;;;;4;1;;;
28/12/2012;11:21:00;114;sem vítima;573;BR-324/BA;Oeste;Saida de Pista;1;;;;;;;;;;4;;;;
28/12/2012;08:31:00;74;sem vítima;642;BR-116/BA;Norte;Tombamento;;;1;;;;;;;;1;;;;
28/12/2012;16:06:00;188;com vítima;710;BR-116/BA;Sul;Atropelamento de Pedestre;;;1;;;;;;;;1;;;;1
28/12/2012;20:26:00;241;sem vítima;909,8;BR-116/BA;Sul;Colisão Lateral;1;;;;;1;;;;;2;;;;
29/12/2012;19:34:00;246;com vítima;9,1;BR-116/BA - Cont VC;;Atropelamento - Morador;;1;;;;;;;;;0;1;1;;
29/12/2012;23:59:00;284;sem vítima;522;BR-324/BA;Leste;Saida de Pista;1;;;;;;;;;;1;;;;
29/12/2012;17:33:00;219;com vítima;551;BR-324/BA;Oeste;Engavetamento;3;;;;;;;;;;1;2;;;