data;horario;n_da_ocorrencia;tipo_de_ocorrencia;km;trecho;sentido;tipo_de_acidente;automovel;bicicleta;caminhao;moto;onibus;outros;tracao_animal;transporte_de_cargas_especiais;trator_maquinas;utilitarios;ilesos;levemente_feridos;moderadamente_feridos;gravemente_feridos;mortos
29/12/2012;09:48:00;86;com vítima;557,3;BR-324/BA;Oeste;Capotamento;1;;;;;;;;;;4;1;1;;
29/12/2012;02:45:00;17;sem vítima;562,5;BR-324/BA;Oeste;Atropelamento de Animal;1;;;;;;;;;;1;;;;
29/12/2012;03:29:00;20;sem vítima;563;BR-324/BA;Leste;Colisão Traseira;;;2;;;;;;;;2;;;;
29/12/2012;02:54:00;19;sem vítima;563,05;BR-324/BA;Leste;Saida de Pista;;;1;;;;;;;;1;;;;
29/12/2012;09:27:00;81;sem vítima;573,1;BR-324/BA;Oeste;Saida de Pista;1;;;;;;;;;;4;;;;
29/12/2012;19:10:00;237;sem vítima;591,05;BR-324/BA;Leste;Saida de Pista;1;;;;;;;;;;5;;;;
29/12/2012;15:39:00;177;sem vítima;598;BR-324/BA;Oeste;Saida de Pista;1;;;;;;;;;;3;;;;
29/12/2012;07:00:00;49;com vítima;601;BR-324/BA;Oeste;Colisão Traseira;1;;;;;;;;;1;4;2;;;
29/12/2012;11:35:00;117;com vítima;816,6;BR-116/BA;Norte;Atropelamento - Ciclista;;1;;;;1;;;;;1;1;;;
30/12/2012;18:00:00;202;com vítima;5;BR-116/BA - ContSuFS;;Queda de Moto;;;;1;;;;;;;0;1;;;
30/12/2012;23:54:00;261;sem vítima;542;BR-324/BA;Leste;Atropelamento de Animal;1;;;;;;;;;;1;;;;
30/12/2012;18:41:00;214;com vítima;458;BR-116/BA;Norte;Colisão Lateral;1;;1;;;;;;;;4;1;;;
30/12/2012;04:03:00;28;com vítima;683,85;BR-116/BA;Norte;Saida de Pista;1;;;;;;;;;;0;1;;;
30/12/2012;21:29:00;242;com vítima;815;BR-116/BA;Sul;Colisão Transversal;;;;1;;1;;;;;1;1;;;
31/12/2012;21:53:00;203;sem vítima;523,9;BR-324/BA;Oeste;Colisão Lateral;2;;;;;1;;;;;4;;;;
31/12/2012;18:31:00;169;sem vítima;560,1;BR-324/BA;Leste;Engavetamento;3;;;;;;;;;;9;;;;
31/12/2012;06:41:00;42;sem vítima;565,5;BR-324/BA;Leste;Saida de Pista;1;;;;;;;;;;1;;;;
31/12/2012;17:01:00;152;sem vítima;580,01;BR-324/BA;Leste;Capotamento;1;;;;;;;;;;1;;;;
31/12/2012;04:50:00;26;sem vítima;581;BR-324/BA;Leste;Atropelamento de Animal;1;;;;;;;;;;3;;;;
31/12/2012;14:25:00;120;com vítima;583,3;BR-324/BA;Leste;Saida de Pista;;;;;;;;;;1;2;2;1;;
31/12/2012;09:06:00;66;sem vítima;616,9;BR-324/BA;Leste;Colisão Traseira;;;2;;;;;;;;2;;;;
31/12/2012;10:14:00;78;sem vítima;607,7;BR-116/BA;Norte;Colisão Traseira;1;;1;;;;;;;;2;;;;
01/01/2013;17:11:00;207;com vítima;1;BA-528;Sul;Colisão Transversal;;;;;1;;;;;1;69;1;;;
01/01/2013;19:23:00;237;com vítima;442,2;BR-116/BA;Sul;Atropelamento de Animal;;;;1;;;;;;;0;2;;;
01/01/2013;15:52:00;176;com vítima;518;BR-324/BA;Oeste;Colisão Traseira;;;;1;;1;;;;;1;;2;;
01/01/2013;10:55:00;102;sem vítima;523,3;BR-324/BA;Leste;Saida de Pista;1;;;;;;;;;;2;;;;
01/01/2013;16:06:00;180;com vítima;526,2;BR-324/BA;Oeste;Queda de Moto;;;;1;;;;;;;0;;1;;
01/01/2013;15:50:00;174;com vítima;530,2;BR-324/BA;Oeste;Capotamento;;;;;;;;;;1;4;1;;;
01/01/2013;05:59:00;37;sem vítima;559;BR-324/BA;Leste;Saida de Pista;1;;;;;;;;;;1;;;;
01/01/2013;18:29:00;220;sem vítima;577,5;BR-324/BA;Leste;Engavetamento;2;;;;;2;;;;;4;;;;
01/01/2013;17:30:00;209;com vítima;579,1;BR-324/BA;Leste;Colisão Traseira;2;;;;;;;;;;1;;2;;
01/01/2013;07:48:00;62;com vítima;591,9;BR-324/BA;Leste;Queda de Moto;;;;1;;;;;;;0;;1;;
01/01/2013;05:34:00;32;com vítima;495;BR-116/BA;Norte;Tombamento;;;1;;;;;;;;1;;1;;
01/01/2013;17:05:00;204;com vítima;596;BR-324/BA;Leste;Colisão Traseira;2;;;;;;;;;;1;1;;;
01/01/2013;07:08:00;52;sem vítima;601;BR-324/BA;Oeste;Saida de Pista;1;;;;;;;;;;1;;;;
01/01/2013;21:34:00;259;sem vítima;620,3;BR-324/BA;Oeste;Colisão Traseira;1;;;;1;;;;;;3;;;;
01/01/2013;20:39:00;251;sem vítima;621;BR-324/BA;Oeste;Saida de Pista;1;;;;;1;;;;;2;;;;
01/01/2013;03:43:00;18;sem vítima;571,8;BR-116/BA;Sul;Saida de Pista;1;;;;;;;;;;3;;;;
01/01/2013;06:30:00;42;sem vítima;696;BR-116/BA;Norte;Saida de Pista;1;;;;;;;;;;2;;;;
01/01/2013;04:35:00;23;com vítima;800,5;BR-116/BA;Sul;Capotamento;1;;;;;;;;;;1;1;1;;
01/01/2013;05:51:00;34;sem vítima;821,05;BR-116/BA;Sul;Colisão Traseira;2;;;;;;;;;;9;;;;
01/01/2013;23:38:00;287;com vítima;895;BR-116/BA;Sul;Queda de Moto;;;;1;;;;;;;0;;;;1
02/01/2013;23:53:00;341;sem vítima;3;BA-528;Sul;Colisão Frontal;1;;;;;1;;;;;2;;;;
02/01/2013;00:29:00;7;sem vítima;4;BR-116/BA - ContSuFS;;Atropelamento de Animal;1;;1;;;;;;;;8;;;;
02/01/2013;14:13:00;213;com vítima;10;BR-116/BA - Cont VC;;Queda de Moto;;;;1;;;;;;;0;1;;;
02/01/2013;00:56:00;11;com vítima;532,2;BR-324/BA;Oeste;Colisão Lateral;1;;;1;;;;;;;1;1;1;;
02/01/2013;17:30:00;270;com vítima;562,1;BR-324/BA;Leste;Queda de Moto;;;;1;;;;;;;0;;2;;
02/01/2013;09:49:00;122;sem vítima;475,2;BR-116/BA;Norte;Sequência;2;;;;;1;;;;;6;;;;
02/01/2013;17:40:00;274;sem vítima;579;BR-324/BA;Leste;Atropelamento de Animal;;;1;;;;;;;;1;;;;
02/01/2013;13:01:00;197;com vítima;479,2;BR-116/BA;Norte;Colisão Transversal;1;;1;;;;;;;;1;2;;;
02/01/2013;11:37:00;165;sem vítima;585,1;BR-324/BA;Leste;Colisão Traseira;2;;;;;;;;;;2;;;;
02/01/2013;04:10:00;22;com vítima;524;BR-116/BA;Norte;Capotamento;1;;;;;;;;;;2;;3;;
02/01/2013;07:31:00;77;com vítima;618;BR-324/BA;Leste;Atropelamento de Pedestre;;;;;;;;;;1;1;;;1;
02/01/2013;07:55:00;84;sem vítima;624,5;BR-116/BA;Norte;Queda de Moto;;;;1;;;;;;;1;;;;
02/01/2013;16:57:00;257;com vítima;819,01;BR-116/BA;Norte;Tombamento;;;1;;;;;;;;0;;1;;
03/01/2013;09:46:00;67;sem vítima;447,86;BR-116/BA;Sul;Colisão Traseira;2;;;;;;;;;;5;;;;
03/01/2013;00:08:00;2;sem vítima;536,9;BR-324/BA;Oeste;Saida de Pista;1;;;;;;;;;;1;;;;
03/01/2013;07:58:00;48;sem vítima;580,7;BR-324/BA;Oeste;Atropelamento de Animal;;;;1;;;;;;;2;;;;
03/01/2013;07:58:00;49;sem vítima;580,7;BR-324/BA;Leste;Atropelamento de Animal;;;;;;;;;;1;4;;;;
03/01/2013;16:39:00;154;sem vítima;482;BR-116/BA;Sul;Colisão Traseira;;;2;;;;;;;;2;;;;
03/01/2013;06:04:00;27;sem vítima;614,2;BR-324/BA;Leste;Colisão Traseira;2;;;;;1;;;;;3;;;;
03/01/2013;15:18:00;136;sem vítima;689,1;BR-116/BA;Norte;Colisão Traseira;2;;;;;;;;;;8;;;;
03/01/2013;19:23:00;188;sem vítima;720;BR-116/BA;Norte;Atropelamento de Animal;;;1;;;;;;;;1;;;;
03/01/2013;13:32:00;107;com vítima;753;BR-116/BA;Norte;Capotamento;1;;;;;;;;;;0;2;1;1;
04/01/2013;13:16:00;134;com vítima;28;BR-116/BA - Cont VC;;Queda de Moto;;;;;;1;;;;;1;1;;;
04/01/2013;15:45:00;174;sem vítima;527;BR-324/BA;Oeste;Saida de Pista;;;;;;;;;;1;1;;;;
04/01/2013;18:53:00;226;sem vítima;533,8;BR-324/BA;Oeste;Colisão Traseira;1;;1;;;;;;;;2;;;;
04/01/2013;14:18:00;149;com vítima;539,5;BR-324/BA;Oeste;Saida de Pista;1;;;;;;;;;;1;2;;;
04/01/2013;13:32:00;139;sem vítima;543,8;BR-324/BA;Oeste;Engavetamento;2;;;;;;;;;1;5;;;;
04/01/2013;02:52:00;15;sem vítima;554;BR-324/BA;Leste;Capotamento;1;;;;;;;;;;1;;;;
04/01/2013;21:13:00;257;sem vítima;461;BR-116/BA;Sul;Colisão Transversal;1;;1;;;;;;;;3;;;;
04/01/2013;20:45:00;254;sem vítima;469,2;BR-116/BA;Norte;Colisão Transversal;1;;;;;;;;;1;3;;;;
04/01/2013;11:46:00;116;sem vítima;493;BR-116/BA;Sul;Colisão Traseira;;;2;;;;;;;;4;;;;
04/01/2013;13:56:00;144;sem vítima;592;BR-324/BA;Leste;Saida de Pista;1;;;;;;;;;;1;;;;
04/01/2013;16:11:00;184;com vítima;604,2;BR-324/BA;Leste;Atropelamento de Animal;;;;1;;;;;;;0;1;;;
04/01/2013;01:37:00;12;sem vítima;522,7;BR-116/BA;Sul;;1;;1;;;;;;;;4;;;;
04/01/2013;12:06:00;124;com vítima;620,6;BR-324/BA;Leste;Colisão Lateral;1;;;1;;;;;;;1;;1;;
04/01/2013;16:23:00;187;sem vítima;621;BR-324/BA;Oeste;Colisão Lateral;1;;;;1;;;;;;2;;;;
04/01/2013;14:15:00;147;sem vítima;624,5;BR-324/BA;Leste;Colisão Traseira;1;;;;;1;;;;;2;;;;
04/01/2013;05:31:00;36;com vítima;660;BR-116/BA;Norte;Capotamento;1;;;;;1;;;;;1;2;1;;
04/01/2013;11:55:00;120;com vítima;668;BR-116/BA;Norte;Colisão Lateral;1;;;1;;;;;;;1;1;;;
04/01/2013;22:35:00;264;com vítima;706,1;BR-116/BA;Sul;Saida de Pista;;;1;;;;;;;;0;1;2;;
04/01/2013;11:07:00;106;sem vítima;786,5;BR-116/BA;Norte;Saida de Pista;1;;;;;;;;;;3;;;;
05/01/2013;16:43:00;188;sem vítima;454;BR-116/BA;Norte;Engavetamento;1;;2;;;;;;;;7;;;;
05/01/2013;14:36:00;157;com vítima;551;BR-324/BA;Oeste;Capotamento;3;;;;;;;;;;5;1;;;
05/01/2013;09:13:00;84;sem vítima;588;BR-324/BA;Leste;Objeto lançado contra veículo;1;;;;;;;;;;2;;;;
05/01/2013;02:28:00;15;sem vítima;494;BR-116/BA;Sul;Atropelamento de Animal;;;1;;;;;;;;2;;;;
05/01/2013;22:38:00;259;com vítima;601;BR-324/BA;Oeste;Saida de Pista;1;;;;;1;;;;;1;;1;;
05/01/2013;22:21:00;256;com vítima;625,2;BR-324/BA;Oeste;Colisão Frontal;2;;;;;;;;;;1;1;;;
05/01/2013;18:20:00;216;com vítima;625,8;BR-324/BA;Oeste;Queda de Moto;;;;1;;;;;;;0;1;;;
05/01/2013;09:46:00;92;com vítima;567,1;BR-116/BA;Sul;Colisão Transversal;1;;;1;;;;;;;3;;1;;
05/01/2013;20:27:00;235;com vítima;574;BR-116/BA;Norte;Colisão Transversal;;1;;;;1;;;;;1;1;;;
05/01/2013;16:19:00;182;sem vítima;626,7;BR-116/BA;Sul;Colisão Traseira;1;;1;;;;;;;;6;;;;
05/01/2013;02:43:00;16;com vítima;634;BR-116/BA;Sul;Queda de Moto;;;;1;;;;;;;0;;1;;
06/01/2013;11:07:00;81;com vítima;457,2;BR-116/BA;Sul;Colisão Frontal;1;;;1;;1;;;;;1;;2;;
06/01/2013;20:07:00;203;com vítima;485,9;BR-116/BA;Norte;Queda de Moto;;;;1;;;;;;;0;;1;;
06/01/2013;10:27:00;71;com vítima;623,3;BR-324/BA;Leste;Atropelamento de Pedestre;;;;;;1;;;;;1;;1;;
06/01/2013;19:07:00;187;sem vítima;559,3;BR-116/BA;Norte;Tombamento;;;1;;;;;;;;3;;;;
06/01/2013;09:28:00;58;com vítima;562;BR-116/BA;Norte;Colisão Lateral;1;;;1;;;;;;;1;1;;;
06/01/2013;14:39:00;109;com vítima;736;BR-116/BA;Norte;Colisão Lateral;1;;1;;;;;;;;1;;1;;
07/01/2013;07:14:00;41;com vítima;5,5;BR-116/BA - ContSuFS;;Colisão Lateral;1;;;1;;;;;;;2;1;;;
07/01/2013;05:56:00;25;sem vítima;540;BR-324/BA;Leste;Saida de Pista;1;;;;;;;;;;5;;;;
07/01/2013;06:02:00;26;sem vítima;556,8;BR-324/BA;Oeste;Colisão Lateral;1;;;;1;;;;;;7;;;;
07/01/2013;13:48:00;141;com vítima;461,3;BR-116/BA;Sul;Colisão Transversal;;;;1;;;;;;1;1;1;1;;
07/01/2013;04:56:00;21;sem vítima;596;BR-324/BA;Leste;Atropelamento de Animal;1;;;;;;;;;;4;;;;
07/01/2013;04:06:00;18;com vítima;596,01;BR-324/BA;Leste;Atropelamento de Animal;1;;;;;;;;;;0;;1;;
07/01/2013;09:37:00;81;sem vítima;598;BR-324/BA;Leste;Engavetamento;4;;;;;;;;;;11;;;;
07/01/2013;14:28:00;153;com vítima;612,6;BR-324/BA;Leste;Colisão Traseira;1;;1;;;;;;;;1;1;;;
07/01/2013;14:50:00;157;sem vítima;617;BR-324/BA;Oeste;Colisão Traseira;1;;1;;;;;;;;2;;;;
07/01/2013;17:07:00;183;sem vítima;622;BR-324/BA;Oeste;Engavetamento;3;;;;;1;;;;;4;;;;
07/01/2013;14:21:00;152;com vítima;534;BR-116/BA;Sul;Colisão Frontal;1;;1;;;;;;;;0;3;;;
08/01/2013;19:39:00;240;com vítima;13,6;BR-116/BA - Cont VC;;Queda de Moto;;;;1;;;;;;;0;1;;;
08/01/2013;14:18:00;148;sem vítima;547,5;BR-324/BA;Leste;Saida de Pista;1;;;;;1;;;;;2;;;;
08/01/2013;17:06:00;201;sem vítima;577,2;BR-324/BA;Leste;Saida de Pista;1;;;;;;;;;;2;;;;
08/01/2013;12:14:00;117;sem vítima;584,2;BR-324/BA;Leste;Saida de Pista;1;;;;;;;;;;2;;;;
08/01/2013;22:31:00;259;sem vítima;597,4;BR-324/BA;Oeste;Capotamento;1;;;;;;;;;;1;;;;
08/01/2013;22:47:00;263;sem vítima;516;BR-116/BA;Norte;Atropelamento de Animal;;;1;;;;;;;;2;;;;
08/01/2013;04:31:00;24;com vítima;611,2;BR-324/BA;Leste;Colisão Traseira;1;;;;;1;;;;;2;1;;;
08/01/2013;06:35:00;39;sem vítima;616;BR-324/BA;Oeste;Engavetamento;2;;;;;1;;;;;5;;;;
08/01/2013;06:45:00;43;sem vítima;616;BR-324/BA;Leste;Colisão Traseira;;;2;;;;;;;;2;;;;
08/01/2013;17:40:00;223;sem vítima;617,2;BR-324/BA;Oeste;Engavetamento;2;;;;;1;;;;;3;;;;
08/01/2013;09:02:00;76;com vítima;619;BR-324/BA;Oeste;Atropelamento - Ciclista;;1;;;1;;;;;;1;1;;;
08/01/2013;08:34:00;68;com vítima;528,6;BR-116/BA;Sul;Colisão Frontal;;;3;;;;;;;;2;;;;1
08/01/2013;17:07:00;202;sem vítima;551,2;BR-116/BA;Sul;Saida de Pista;1;;;;;;;;;;3;;;;
08/01/2013;18:11:00;225;sem vítima;782,9;BR-116/BA;Sul;Colisão Transversal;1;;1;;;;;;;;7;;;;
08/01/2013;13:59:00;140;sem vítima;815,2;BR-116/BA;Sul;Colisão Traseira;2;;;;;1;;;;;7;;;;
08/01/2013;10:31:00;96;com vítima;815,4;BR-116/BA;Sul;Queda de Moto;;;;1;;1;;;;;1;;;1;
08/01/2013;18:35:00;230;sem vítima;819,3;BR-116/BA;Norte;Colisão Traseira;1;;;;;;;;;1;7;;;;
08/01/2013;13:37:00;131;sem vítima;826,9;BR-116/BA;Norte;Colisão Transversal;1;;;;1;;;;;;3;;;;
09/01/2013;11:44:00;106;com vítima;8;BR-116/BA - Cont VC;;Queda de Moto;;;;1;;1;;;;;1;1;1;;
09/01/2013;14:59:00;139;sem vítima;426,25;BR-116/BA;Sul;Colisão Traseira;2;;;;;;;;;;8;;;;
09/01/2013;23:31:00;241;sem vítima;548;BR-324/BA;Leste;Saida de Pista;1;;;;;;;;;;1;;;;
09/01/2013;07:11:00;41;sem vítima;555;BR-116/BA;Norte;Colisão Traseira;;;2;;;;;;;;2;;;;
10/01/2013;16:44:00;157;sem vítima;17,2;BR-116/BA - Cont VC;;Colisão Transversal;;;1;;;1;;;;;2;;;;
10/01/2013;16:17:00;151;sem vítima;584,1;BR-324/BA;Leste;Colisão Traseira;2;;;;;;;;;;2;;;;
10/01/2013;12:30:00;109;sem vítima;599;BR-324/BA;Oeste;Colisão Traseira;1;;1;;;;;;;;2;;;;
10/01/2013;22:33:00;220;com vítima;612,2;BR-324/BA;Oeste;Saida de Pista;1;;;;;;;;;;0;2;;;
10/01/2013;17:55:00;175;sem vítima;614,9;BR-324/BA;Leste;Engavetamento;3;;;;;;;;;;6;;;;
10/01/2013;23:45:00;230;com vítima;605,7;BR-116/BA;Norte;Colisão Traseira;;;2;;;1;;;;;2;;1;;
10/01/2013;09:28:00;62;sem vítima;755;BR-116/BA;Sul;Engavetamento;2;;1;;;;;;;;6;;;;
11/01/2013;16:48:00;179;com vítima;17;BR-116/BA - Cont VC;;Colisão Transversal;;;1;1;;;;;;;2;1;;;
11/01/2013;21:28:00;254;com vítima;17;BR-116/BA - Cont VC;;Colisão Transversal;1;;;1;;;;;;;1;1;;;
11/01/2013;08:59:00;55;sem vítima;442,3;BR-116/BA;Sul;Colisão Traseira;;;2;;;;;;;;2;;;;
11/01/2013;09:09:00;59;sem vítima;523,8;BR-324/BA;Leste;Colisão Lateral;1;;1;;;;;;;;2;;;;
11/01/2013;09:28:00;61;com vítima;572;BR-324/BA;Oeste;Atropelamento de Pedestre;1;;;;;;;;;;2;3;1;;1
11/01/2013;17:04:00;188;sem vítima;582;BR-116/BA;Norte;Colisão Lateral;1;;;;;1;;;;;2;;;;
11/01/2013;10:22:00;85;sem vítima;843;BR-116/BA;Sul;Colisão Traseira;2;;;;;1;;;;;7;;;;
12/01/2013;20:17:00;265;com vítima;542,5;BR-324/BA;Leste;Atropelamento - Ciclista;;;;;;1;;;;;1;;;;1
12/01/2013;16:30:00;216;sem vítima;624,25;BR-324/BA;Leste;Saida de Pista;1;;;;;;;;;;1;;;;
12/01/2013;03:43:00;16;sem vítima;547;BR-116/BA;Norte;Saida de Pista;;;1;;;;;;;;2;;;;
12/01/2013;10:53:00;126;com vítima;642;BR-116/BA;Norte;Capotamento;1;;;;;;;;;;0;2;;;
12/01/2013;10:47:00;124;com vítima;770;BR-116/BA;Sul;Engavetamento;1;;2;;;;;;;;2;3;;;
12/01/2013;13:43:00;160;com vítima;806;BR-116/BA;Sul;Queda de Moto;;;;1;;;;;;;0;1;;;
13/01/2013;16:42:00;160;sem vítima;14;BR-116/BA - Cont VC;;Saida de Pista;1;;;;;;;;;;1;;;;
13/01/2013;10:55:00;95;com vítima;440;BR-116/BA;Sul;Capotamento;1;;;;;;;;;;0;2;;;
13/01/2013;10:11:00;88;sem vítima;530,5;BR-324/BA;Oeste;Saida de Pista;;;;;;;;;;1;4;;;;
13/01/2013;15:49:00;140;com vítima;461,2;BR-116/BA;Sul;Colisão Transversal;;;;1;;1;;;;;1;;;2;
13/01/2013;21:13:00;218;com vítima;596,3;BR-324/BA;Leste;Colisão Traseira;1;;;;;1;;;;;1;2;;;
13/01/2013;18:46:00;187;com vítima;607,2;BR-324/BA;Oeste;Colisão Traseira;1;;;1;;1;;;;;2;1;;;
13/01/2013;18:47:00;188;com vítima;607,2;BR-324/BA;Oeste;Engavetamento;3;;;;;;;;;;12;1;;;
13/01/2013;08:37:00;68;sem vítima;519;BR-116/BA;Sul;Colisão Traseira;1;;1;;;;;;;;2;;;;
13/01/2013;09:46:00;83;com vítima;589,8;BR-116/BA;Sul;Tombamento;;;1;;;;;;;;0;;;;1
13/01/2013;16:08:00;148;com vítima;591;BR-116/BA;Norte;Tombamento;;;1;;;;;;;;0;1;;;
13/01/2013;22:49:00;235;com vítima;671,2;BR-116/BA;Norte;Saida de Pista;1;;;;;1;;;;;2;1;;;
13/01/2013;01:45:00;12;sem vítima;870,7;BR-116/BA;Sul;Atropelamento de Animal;;;2;;;;1;;;;4;;;;
14/01/2013;06:31:00;32;sem vítima;432,6;BR-116/BA;Norte;Colisão Traseira;1;;;;;1;;;;;2;;;;
14/01/2013;09:06:00;84;sem vítima;522,3;BR-324/BA;Leste;Colisão Traseira;2;;;;;;;;;;2;;;;
14/01/2013;07:24:00;50;com vítima;530;BR-324/BA;Oeste;Capotamento;;;;;;;;;;1;2;1;;;1
14/01/2013;10:00:00;98;com vítima;551;BR-324/BA;Leste;Colisão Traseira;;;2;;;;;;;;1;1;;;
14/01/2013;16:04:00;175;sem vítima;465,2;BR-116/BA;Norte;Colisão Transversal;;;2;;;;;;;;2;;;;
14/01/2013;19:54:00;217;sem vítima;569,1;BR-324/BA;Leste;Saida de Pista;1;;;;;;;;;;2;;;;
14/01/2013;18:29:00;203;com vítima;575,6;BR-324/BA;Oeste;Colisão Lateral;1;;;1;;1;;;;;2;;1;;
14/01/2013;19:49:00;214;com vítima;578;BR-324/BA;Leste;Saida de Pista;1;;;;;;;;;;0;2;1;;
14/01/2013;14:33:00;158;com vítima;595;BR-324/BA;Leste;Colisão Traseira;1;;1;;;;;;;;2;;2;;
14/01/2013;22:38:00;239;sem vítima;599;BR-324/BA;Leste;Colisão Traseira;1;;;;;;;;;1;8;;;;
14/01/2013;13:22:00;145;sem vítima;622;BR-324/BA;Leste;Capotamento;1;;;;;;;;;;1;;;;
14/01/2013;07:47:00;57;sem vítima;773;BR-116/BA;Sul;Engavetamento;;;1;;;2;;;;;3;;;;
14/01/2013;19:01:00;208;com vítima;852,2;BR-116/BA;Sul;Colisão Frontal;1;;;;;;;;;1;0;5;1;3;4
14/01/2013;15:47:00;173;sem vítima;859,3;BR-116/BA;Sul;Colisão Transversal;1;;1;;;;;;;;2;;;;
15/01/2013;18:45:00;210;com vítima;442;BR-116/BA;Norte;Colisão Lateral;1;;1;;;;;;;;1;3;1;;
15/01/2013;03:18:00;17;sem vítima;446,6;BR-116/BA;Norte;Saida de Pista;1;;;;;;;;;;1;;;;
15/01/2013;19:04:00;215;sem vítima;543;BR-324/BA;Oeste;Saida de Pista;2;;;;;;;;;;2;;;;
15/01/2013;03:20:00;18;com vítima;560;BR-324/BA;Oeste;Saida de Pista;;;1;;;;;;;;0;2;;;
15/01/2013;03:38:00;20;sem vítima;587,4;BR-324/BA;Leste;Saida de Pista;1;;;;;;;;;;2;;;;
15/01/2013;08:59:00;63;com vítima;588,3;BR-324/BA;Oeste;Saida de Pista;1;;;;;;;;;;1;1;;;
15/01/2013;07:30:00;48;sem vítima;491,5;BR-116/BA;Sul;Colisão Traseira;;;2;;;1;;;;;3;;;;
15/01/2013;11:01:00;100;sem vítima;594;BR-324/BA;Leste;Saida de Pista;1;;;;;;;;;;1;;;;
15/01/2013;08:19:00;56;com vítima;605;BR-324/BA;Leste;Engavetamento;3;;;;;1;;;;;10;1;;;
15/01/2013;11:44:00;114;com vítima;619;BR-324/BA;Oeste;Colisão Traseira;1;;;1;;;;;;;1;1;;;
15/01/2013;09:38:00;71;sem vítima;650,9;BR-116/BA;Sul;Saida de Pista;1;;;;;;;;;;1;;;;
15/01/2013;12:55:00;131;com vítima;795,3;BR-116/BA;Norte;Capotamento;1;;;;;;;;;;0;1;3;;
15/01/2013;17:07:00;187;com vítima;834;BR-116/BA;Norte;Queda de Moto;;;;1;;;;;;;1;1;;;
16/01/2013;06:34:00;35;com vítima;3,2;BR-116/BA - ContSuFS;;Colisão Transversal;1;;;1;;;;;;;1;1;;;
16/01/2013;20:09:00;225;sem vítima;526,8;BR-324/BA;Oeste;Tombamento;1;;;;;;;;;;6;;;;
16/01/2013;15:39:00;169;sem vítima;610,85;BR-324/BA;Leste;Saida de Pista;1;;;;;;;;;;1;;;;
16/01/2013;06:31:00;33;sem vítima;611,2;BR-324/BA;Oeste;Colisão Traseira;1;;1;;;;;;;;2;;;;
16/01/2013;06:27:00;30;sem vítima;612,15;BR-324/BA;Oeste;Engavetamento;2;;;;1;;;;;;6;;;;
16/01/2013;17:57:00;201;com vítima;621,6;BR-324/BA;Oeste;Colisão Traseira;2;;;;;;;;;;0;2;1;;
16/01/2013;08:27:00;69;com vítima;748,4;BR-116/BA;Norte;Colisão Traseira;1;;1;;;;;;;;1;1;;1;
16/01/2013;04:52:00;17;sem vítima;749,1;BR-116/BA;Sul;Saida de Pista;1;;;;;;;;;;3;;;;
16/01/2013;13:13:00;131;com vítima;770;BR-116/BA;Sul;Saida de Pista;;;1;;;;;;;;4;1;;;
16/01/2013;15:37:00;168;sem vítima;845,3;BR-116/BA;Sul;Saida de Pista;1;;;;;;;;;;1;;;;
16/01/2013;19:01:00;211;sem vítima;882;BR-116/BA;Sul;Colisão Lateral;1;;1;;;;;;;;2;;;;
17/01/2013;18:48:00;204;com vítima;6;BR-116/BA - ContSuFS;;Colisão Lateral;1;;;1;;;;;;;4;1;;;
17/01/2013;08:42:00;63;sem vítima;17;BR-116/BA - Cont VC;;Colisão Traseira;;;2;;;;;;;;2;;;;
17/01/2013;12:14:00;115;sem vítima;523;BR-324/BA;Leste;Tombamento;;;1;;;;;;;;1;;;;
17/01/2013;19:32:00;217;sem vítima;447;BR-116/BA;Sul;Colisão Traseira;;;2;;;;;;;;2;;;;
17/01/2013;01:00:00;6;sem vítima;550,1;BR-324/BA;Leste;Saida de Pista;1;;;;;;;;;;4;;;;
17/01/2013;17:04:00;181;sem vítima;616;BR-324/BA;Leste;Engavetamento;2;;;;1;;;;;1;24;;;;
17/01/2013;14:57:00;150;com vítima;652;BR-116/BA;Sul;Saida de Pista;1;;;;;;;;;;3;2;;;
17/01/2013;15:20:00;156;sem vítima;652;BR-116/BA;Sul;Saida de Pista;1;;;;;;;;;;1;;;;
18/01/2013;22:09:00;233;sem vítima;542,9;BR-324/BA;Oeste;Saida de Pista;1;;;;;;;;;;1;;;;
18/01/2013;16:16:00;156;sem vítima;543;BR-324/BA;Oeste;Saida de Pista;;;1;;;;;;;;1;;;;
18/01/2013;09:57:00;73;sem vítima;587,2;BR-324/BA;Oeste;Queda de Moto;;;;1;;;;;;;1;;;;
18/01/2013;16:39:00;162;com vítima;495,2;BR-116/BA;Sul;Queda de Moto;;;;1;;;;;;;0;1;;;
18/01/2013;22:11:00;234;com vítima;617;BR-324/BA;Oeste;Saida de Pista;1;;;;;;;;;;0;1;;;
18/01/2013;00:45:00;3;com vítima;611;BR-116/BA;Norte;Colisão Transversal;1;;1;;;;;;;;0;3;;;
18/01/2013;23:43:00;245;sem vítima;728,8;BR-116/BA;Norte;Saida de Pista;1;;;;;;;;;;2;;;;
18/01/2013;13:46:00;122;com vítima;839,4;BR-116/BA;Sul;Queda de Moto;;;;1;;;;;;;1;1;;;
18/01/2013;07:03:00;42;sem vítima;846,1;BR-116/BA;Norte;Saida de Pista;1;;;;;;;;;;1;;;;
19/01/2013;05:40:00;29;sem vítima;623;BR-324/BA;Oeste;Saida de Pista;1;;;;;;;;;;1;;;;
19/01/2013;03:13:00;21;sem vítima;580;BR-116/BA;Norte;Saida de Pista;;;;;;;;;;1;2;;;;