data;horario;n_da_ocorrencia;tipo_de_ocorrencia;km;trecho;sentido;tipo_de_acidente;automovel;bicicleta;caminhao;moto;onibus;outros;tracao_animal;transporte_de_cargas_especiais;trator_maquinas;utilitarios;ilesos;levemente_feridos;moderadamente_feridos;gravemente_feridos;mortos
19/01/2013;15:35:00;172;sem vítima;581,5;BR-116/BA;Norte;Saida de Pista;;;1;;;;;;;;1;;;;
19/01/2013;05:24:00;28;sem vítima;929;BR-116/BA;Sul;Colisão Traseira;1;;;;;1;;;;;2;;;;
20/01/2013;18:50:00;210;sem vítima;10,8;BR-116/BA - Cont VC;;Atropelamento de Animal;1;;;;;;1;;;;5;;;;
20/01/2013;17:55:00;199;sem vítima;547,5;BR-324/BA;Oeste;Colisão Traseira;2;;;;;;;;;;10;;;;
20/01/2013;19:13:00;215;sem vítima;570,02;BR-324/BA;Leste;Saida de Pista;;;;;;;;;;1;2;;;;
20/01/2013;11:17:00;111;sem vítima;580,2;BR-324/BA;Leste;Saida de Pista;1;;;;;;;;;;2;;;;
20/01/2013;23:55:00;256;com vítima;497,1;BR-116/BA;Norte;Queda de Moto;;;;1;;;;;;;0;1;;;
20/01/2013;21:48:00;239;sem vítima;605,4;BR-324/BA;Oeste;Colisão Traseira;2;;;;;;;;;;6;;;;
20/01/2013;20:42:00;230;com vítima;620,1;BR-324/BA;Leste;Atropelamento de Pedestre;;;;1;;;;;;;1;1;;1;
20/01/2013;15:29:00;163;sem vítima;643;BR-116/BA;Sul;Saida de Pista;;;1;;;;;;;;1;;;;
20/01/2013;14:10:00;141;com vítima;673;BR-116/BA;Norte;Colisão Traseira;2;;;;;;;;;;2;2;;;
20/01/2013;08:48:00;64;com vítima;883,1;BR-116/BA;Norte;Saida de Pista;1;;;;;;;;;;0;1;;1;
21/01/2013;10:42:00;120;com vítima;428,6;BR-116/BA;Sul;Colisão Transversal;1;;;1;;;;;;;5;1;;;
21/01/2013;17:17:00;204;sem vítima;530;BR-324/BA;Oeste;Saida de Pista;;;;;1;;;;;;24;;;;
21/01/2013;06:39:00;61;sem vítima;616,98;BR-324/BA;Oeste;Colisão Traseira;2;;;;;;;;;;2;;;;
21/01/2013;06:39:00;40;sem vítima;617;BR-324/BA;Oeste;Engavetamento;4;;;;;;;;;;4;;;;
21/01/2013;07:07:00;54;com vítima;617;BR-324/BA;Oeste;Colisão Traseira;;;1;;;;;;;1;7;2;;;
21/01/2013;17:44:00;211;sem vítima;569,8;BR-116/BA;Sul;Colisão Lateral;3;;1;;;;;;;;11;;;;
21/01/2013;07:27:00;64;sem vítima;658;BR-116/BA;Norte;Tombamento;;;1;;;;;;;;1;;;;
21/01/2013;03:33:00;18;com vítima;801,4;BR-116/BA;Norte;Tombamento;;;1;;;;;;;;0;1;;;
22/01/2013;18:35:00;223;com vítima;16,5;BR-116/BA - Cont VC;;Colisão Transversal;;;;1;;;;;;1;1;1;;;
22/01/2013;19:41:00;234;sem vítima;432,03;BR-116/BA;Sul;Colisão Traseira;1;;;;;1;;;;;5;;;;
22/01/2013;21:20:00;251;sem vítima;518;BR-324/BA;Leste;Saida de Pista;;;1;;;;;;;;1;;;;
22/01/2013;03:55:00;25;sem vítima;542,6;BR-324/BA;Leste;Atropelamento de Animal;;;;;;;;;;1;8;;;;
22/01/2013;07:27:00;63;sem vítima;456,5;BR-116/BA;Sul;Capotamento;1;;;;;;;;;;1;;;;
22/01/2013;10:50:00;126;sem vítima;551;BR-324/BA;Oeste;Colisão Traseira;1;;1;;;;;;;;4;;;;
22/01/2013;09:30:00;96;com vítima;582;BR-324/BA;Leste;Capotamento;1;;;;;1;;;;;1;1;;;
22/01/2013;21:56:00;256;sem vítima;588,1;BR-324/BA;Leste;Colisão Lateral;;;2;;;;;;;;3;;;;
22/01/2013;14:32:00;168;sem vítima;533,2;BR-116/BA;Sul;Colisão Traseira;;;2;;;;;;;;2;;;;
22/01/2013;05:54:00;37;com vítima;638,6;BR-116/BA;Norte;Saida de Pista;1;;;;;;;;;;0;2;;;
22/01/2013;20:45:00;264;sem vítima;695,4;BR-116/BA;Sul;Choque - Objeto sobre a pista;1;;;;;;;;;;4;;;;
22/01/2013;20:45:00;245;sem vítima;695,5;BR-116/BA;Sul;Choque - Objeto sobre a pista;1;;;;;;;;;;1;;;;
22/01/2013;18:47:00;228;com vítima;786,1;BR-116/BA;Sul;Capotamento;1;;;;;;;;;;0;1;;;
23/01/2013;09:16:00;64;sem vítima;523,4;BR-324/BA;Oeste;Colisão Traseira;1;;;;;;;;;1;3;;;;
23/01/2013;06:10:00;25;sem vítima;547,3;BR-324/BA;Leste;Sequência;1;;;;;2;;;;;7;;;;
23/01/2013;07:50:00;46;sem vítima;551;BR-324/BA;Leste;Colisão Traseira;1;;1;;;;;;;;2;;;;
23/01/2013;11:07:00;95;com vítima;478;BR-116/BA;Sul;Engavetamento;;;3;;;2;;;;;4;1;;;
23/01/2013;07:38:00;38;sem vítima;582;BR-324/BA;Oeste;Saida de Pista;;;1;;;;;;;;1;;;;
23/01/2013;14:13:00;133;sem vítima;582;BR-324/BA;Leste;Saida de Pista;1;;;;;;;;;;2;;;;
23/01/2013;14:53:00;139;sem vítima;486,8;BR-116/BA;Norte;Engavetamento;1;;1;;;1;;;;;3;;;;
23/01/2013;15:55:00;161;sem vítima;588;BR-324/BA;Leste;Saida de Pista;;;1;;;;;;;;3;;;;
23/01/2013;14:32:00;137;com vítima;600;BR-324/BA;Leste;Engavetamento;;;2;;;;;;;2;3;;1;;
23/01/2013;17:31:00;184;sem vítima;615;BR-324/BA;Leste;Colisão Traseira;2;;;;;;;;;;2;;;;
23/01/2013;17:35:00;185;com vítima;623;BR-324/BA;Oeste;Colisão Traseira;1;;;;;1;;;;;1;;1;;
23/01/2013;22:55:00;243;com vítima;588;BR-116/BA;Norte;Saida de Pista;;;1;;;;;;;;0;1;;;
24/01/2013;17:33:00;209;com vítima;11;BR-116/BA - Cont VC;;Colisão Transversal;1;;;1;;;;;;;1;1;;;
24/01/2013;00:08:00;2;com vítima;522,3;BR-324/BA;Oeste;Queda de Moto;;;;1;;;;;;;0;;1;;
24/01/2013;14:30:00;164;sem vítima;609;BR-324/BA;Leste;Engavetamento;3;;;;;;;;;;3;;;;
24/01/2013;11:27:00;121;sem vítima;611;BR-324/BA;Leste;Colisão Lateral;1;;1;;;;;;;;2;;;;
24/01/2013;18:26:00;218;com vítima;611,2;BR-324/BA;Leste;Atropelamento de Pedestre;;;;;;1;;;;;1;1;;;
24/01/2013;07:53:00;48;com vítima;612,5;BR-324/BA;Oeste;Colisão Traseira;1;;;1;;;;;;;1;1;;;
24/01/2013;19:01:00;226;sem vítima;619,08;BR-324/BA;Oeste;Engavetamento;2;;;;;1;;;;;4;;;;
24/01/2013;01:33:00;13;sem vítima;590;BR-116/BA;Norte;Saida de Pista;;;1;;;;;;;;1;;;;
24/01/2013;21:13:00;254;sem vítima;717;BR-116/BA;Sul;Atropelamento de Animal;;;;;;;1;;;1;4;;;;
24/01/2013;05:17:00;25;com vítima;762;BR-116/BA;Sul;Sequência;2;;1;;;;;;;;2;4;1;1;
25/01/2013;16:42:00;222;sem vítima;8,5;BR-116/BA - Cont VC;;Colisão Lateral;1;;1;;;;;;;;6;;;;
25/01/2013;01:46:00;12;sem vítima;573,2;BR-324/BA;Oeste;Tombamento;;;;;;;;;;1;1;;;;
25/01/2013;04:47:00;22;sem vítima;584,2;BR-324/BA;Leste;Capotamento;1;;;;;;;;;;1;;;;
25/01/2013;05:00:00;24;sem vítima;584,2;BR-324/BA;Leste;Atropelamento de Animal;;;1;;;;;;;1;2;;;;
25/01/2013;01:36:00;9;com vítima;574;BR-116/BA;Sul;Atropelamento de Pedestre;;;;;;1;;;;;1;;1;;
25/01/2013;16:47:00;223;com vítima;577;BR-116/BA;Norte;Colisão Frontal;;;;2;;;;;;;0;;;2;
25/01/2013;08:01:00;61;com vítima;801,8;BR-116/BA;Sul;Colisão Transversal;;;1;1;;;;;;;1;1;;;
26/01/2013;10:36:00;103;sem vítima;521;BR-324/BA;Oeste;Colisão Transversal;;;1;;;;;;;;2;;;;
26/01/2013;11:35:00;114;com vítima;546;BR-324/BA;Leste;Colisão Transversal;1;;1;;;;;;;;2;1;;;
26/01/2013;17:12:00;193;com vítima;492,8;BR-116/BA;Norte;Queda de Moto;;;;1;;;;;;;0;1;;;
26/01/2013;14:18:00;157;com vítima;606;BR-324/BA;Leste;Queda de Moto;;;;1;;1;;;;;1;1;;;
26/01/2013;14:48:00;163;sem vítima;624,1;BR-324/BA;Leste;Colisão Transversal;1;;1;;;;;;;;3;;;;
26/01/2013;07:47:00;59;sem vítima;695,2;BR-116/BA;Sul;Engavetamento;1;;5;;;;;;;;6;;;;
26/01/2013;17:16:00;196;sem vítima;915,2;BR-116/BA;Sul;Colisão Traseira;1;;;;;1;;;;;5;;;;
27/01/2013;16:29:00;194;com vítima;13;BR-116/BA - Cont VC;;Capotamento;1;;;;;;;;;;1;1;;;
27/01/2013;19:43:00;249;com vítima;525;BR-324/BA;Leste;Queda de Moto;;;;1;;;;;;;0;1;;;
27/01/2013;19:19:00;243;com vítima;584;BR-324/BA;Leste;Capotamento;1;;;;;;;;;;0;2;;;
27/01/2013;08:07:00;67;sem vítima;600;BR-324/BA;Oeste;Colisão Traseira;2;;;;;;;;;;8;;;;
27/01/2013;06:33:00;50;sem vítima;601,6;BR-324/BA;Oeste;Colisão Traseira;1;;;;;1;;;;;2;;;;
27/01/2013;22:06:00;278;com vítima;815;BR-116/BA;Sul;Colisão Transversal;;;1;1;;;;;;;1;1;;;
27/01/2013;14:22:00;153;sem vítima;820,5;BR-116/BA;Sul;Colisão Transversal;2;;;;;;;;;;5;;;;
27/01/2013;19:12:00;240;com vítima;912;BR-116/BA;Norte;Atropelamento de Pedestre;;;1;;;;;;;;1;;;1;
28/01/2013;09:39:00;83;com vítima;17;BR-116/BA - Cont VC;;Engavetamento;2;;1;;;;;;;;2;3;;;
28/01/2013;14:35:00;158;com vítima;518;BR-324/BA;Oeste;Colisão Traseira;1;;;1;;;;;;;1;1;;;
28/01/2013;19:13:00;224;com vítima;450,5;BR-116/BA;Sul;Queda de Moto;;;;1;;;;;;;0;1;;;
28/01/2013;10:13:00;94;sem vítima;537,5;BR-324/BA;Leste;Colisão Transversal;2;;;;;;;;;;2;;;;
28/01/2013;10:23:00;96;com vítima;543,1;BR-324/BA;Leste;Atropelamento de Pedestre;;;;;;1;;;;;1;;1;;
28/01/2013;05:32:00;32;sem vítima;565;BR-324/BA;Leste;Colisão Lateral;1;;1;;;;;;;;2;;;;
28/01/2013;02:14:00;15;sem vítima;462,5;BR-116/BA;Sul;Atropelamento de Animal;;;1;;;;;;;;1;;;;
28/01/2013;09:01:00;75;com vítima;569,8;BR-324/BA;Leste;Saida de Pista;1;;;;;;;;;;0;2;;;
28/01/2013;15:31:00;169;sem vítima;482;BR-116/BA;Norte;Colisão Traseira;;;2;;;;;;;;2;;;;
28/01/2013;12:38:00;131;sem vítima;608,1;BR-324/BA;Leste;Engavetamento;3;;;;;;;;;1;4;;;;
28/01/2013;14:43:00;160;sem vítima;608,6;BR-324/BA;Oeste;Colisão Traseira;1;;;;;;;;;1;6;;;;
28/01/2013;12:27:00;128;sem vítima;613,7;BR-324/BA;Leste;Colisão Lateral;1;;1;;;;;;;;2;;;;
28/01/2013;17:44:00;205;sem vítima;615,3;BR-324/BA;Oeste;Saida de Pista;1;;1;;;;;;;;3;;;;
28/01/2013;09:04:00;76;sem vítima;622,5;BR-324/BA;Leste;Sequência;2;;1;;;;;;;;3;;;;
28/01/2013;22:31:00;263;com vítima;604;BR-116/BA;Norte;Atropelamento de Pedestre;;;;;1;1;;;;;2;;;;1
29/01/2013;10:45:00;105;sem vítima;432,7;BR-116/BA;Norte;Colisão Traseira;2;;;;;;;;;;8;;;;
29/01/2013;17:04:00;205;sem vítima;446,4;BR-116/BA;Sul;Colisão Traseira;;;2;;;;;;;;2;;;;
29/01/2013;04:46:00;16;sem vítima;550,4;BR-324/BA;Oeste;Atropelamento de Animal;1;;;;;;;;;;1;;;;
29/01/2013;05:49:00;20;com vítima;492;BR-116/BA;Sul;Queda de Moto;;;;1;;;;;;;0;;1;;
29/01/2013;12:14:00;124;sem vítima;608;BR-324/BA;Leste;Colisão Traseira;1;;;;;1;;;;;3;;;;
29/01/2013;19:07:00;234;com vítima;618;BR-324/BA;Oeste;Sequência;3;;;;;;;;;;13;1;;;
29/01/2013;18:55:00;226;com vítima;631;BR-116/BA;Sul;Atropelamento de Pedestre;;;;;;1;;;;;1;;1;;
29/01/2013;06:14:00;23;sem vítima;651;BR-116/BA;Sul;Capotamento;1;;;;;;;;;;2;;;;
29/01/2013;11:22:00;115;com vítima;674;BR-116/BA;Sul;Colisão Lateral;;;;2;;;;;;;0;2;;;
29/01/2013;06:38:00;28;sem vítima;702;BR-116/BA;Norte;Tombamento;;;1;;;;;;;;1;;;;
29/01/2013;17:14:00;206;com vítima;794;BR-116/BA;Sul;Sequência;2;;3;;;;;;;;5;1;;1;
30/01/2013;18:15:00;201;sem vítima;5;BR-116/BA - ContSuFS;;Colisão Traseira;;;1;;;1;;;;;2;;;;
30/01/2013;04:31:00;34;sem vítima;443;BR-116/BA;Norte;Colisão Lateral;1;;1;;;;;;;;6;;;;
30/01/2013;19:37:00;222;sem vítima;459,4;BR-116/BA;Norte;Atropelamento de Animal;1;;;;;;;;;;5;;;;
30/01/2013;19:26:00;218;com vítima;563;BR-324/BA;Leste;Queda de Moto;;;;1;;;;;;;1;1;;;
30/01/2013;21:58:00;244;com vítima;580;BR-324/BA;Leste;Saida de Pista;1;;;;;;;;;;0;1;;;
30/01/2013;02:13:00;23;sem vítima;587;BR-324/BA;Leste;Saida de Pista;;;1;;;;;;;;1;;;;
30/01/2013;19:17:00;215;sem vítima;492,5;BR-116/BA;Sul;Saida de Pista;1;;;;;;;;;;1;;;;
30/01/2013;08:10:00;65;com vítima;502,9;BR-116/BA;Norte;Capotamento;1;;;;;;;;;;0;2;2;;
30/01/2013;09:16:00;76;sem vítima;713,8;BR-116/BA;Sul;Colisão Traseira;;;2;;;;;;;;2;;;;
30/01/2013;18:19:00;202;sem vítima;817,9;BR-116/BA;Sul;Colisão Transversal;1;;;;;;;;;1;4;;;;
30/01/2013;18:42:00;209;sem vítima;828,5;BR-116/BA;Sul;Saida de Pista;1;;;;;;;;;;2;;;;
31/01/2013;10:20:00;92;com vítima;1,5;BR-116/BA - ContSuFS;;Atropelamento de Pedestre;1;;;;;;;;;;1;;1;;
31/01/2013;08:54:00;70;com vítima;7,5;BR-116/BA - Cont VC;;Colisão Transversal;1;;1;;;;;;;;1;2;1;1;
31/01/2013;17:05:00;184;com vítima;431,2;BR-116/BA;Sul;Engavetamento;1;;2;;;;;;;;3;1;;;
31/01/2013;16:50:00;179;com vítima;527;BR-324/BA;Oeste;Queda de Moto;;;;1;;;;;;;0;;1;;
31/01/2013;23:21:00;245;com vítima;456;BR-116/BA;Sul;Saida de Pista;1;;;;;;;;;;0;1;;;
31/01/2013;15:18:00;160;sem vítima;562;BR-324/BA;Oeste;Colisão Lateral;;;1;;;;;;;1;5;;;;
31/01/2013;16:42:00;177;com vítima;570,5;BR-324/BA;Leste;Colisão Traseira;2;;;;;;;;;;3;1;;;
31/01/2013;07:04:00;44;com vítima;615;BR-324/BA;Oeste;Atropelamento de Pedestre;;;;1;;;;;;;1;;1;1;
31/01/2013;06:48:00;43;sem vítima;618,8;BR-324/BA;Oeste;Colisão Traseira;2;;;;;;;;;1;3;;;;
31/01/2013;23:16:00;243;sem vítima;621;BR-324/BA;Oeste;Saida de Pista;1;;;;;;;;;;1;;;;
31/01/2013;19:29:00;212;sem vítima;625,3;BR-324/BA;Leste;Engavetamento;7;;;;;1;;;;;14;;;;
31/01/2013;09:49:00;85;sem vítima;556;BR-116/BA;Norte;Colisão Lateral;;;1;;;1;;;;1;3;;;;
31/01/2013;18:24:00;199;sem vítima;602,5;BR-116/BA;Norte;Saida de Pista;;;1;;;;;;;;1;;;;
31/01/2013;00:25:00;3;sem vítima;654,5;BR-116/BA;Sul;Colisão Lateral;1;;;;;1;;;;;3;;;;
31/01/2013;06:44:00;42;sem vítima;896;BR-116/BA;Norte;Saida de Pista;1;;;;;1;;;;;3;;;;
01/02/2013;06:58:00;40;com vítima;2,1;BR-116/BA - Cont VC;;Colisão Frontal;2;;;;;;;;;;0;3;;;1
01/02/2013;15:01:00;140;sem vítima;527,3;BR-324/BA;Oeste;Colisão Lateral;2;;;;;;;;;;3;;;;
01/02/2013;16:28:00;157;sem vítima;616;BR-324/BA;Oeste;Saida de Pista;1;;;;;;;;;;1;;;;
01/02/2013;17:13:00;176;sem vítima;617;BR-324/BA;Oeste;Queda de Moto;;;;1;;;;;;;1;;;;
01/02/2013;21:09:00;230;sem vítima;620,5;BR-324/BA;Oeste;Colisão Traseira;1;;1;;;;;;;;2;;;;
01/02/2013;10:50:00;88;sem vítima;624,1;BR-116/BA;Norte;Tombamento;;;1;;;1;;;;;2;;;;
01/02/2013;16:01:00;151;com vítima;651;BR-116/BA;Norte;Tombamento;;;1;;;;;;;;0;;;;1
01/02/2013;21:48:00;237;com vítima;759;BR-116/BA;Norte;Atropelamento de Pedestre;;1;;;;1;;;;;1;1;;;
01/02/2013;16:56:00;168;sem vítima;764,7;BR-116/BA;Norte;Tombamento;;;1;;;1;;;;;2;;;;
01/02/2013;13:25:00;122;sem vítima;873,5;BR-116/BA;Sul;Colisão Transversal;;;1;;1;;;;;;2;;;;
02/02/2013;02:51:00;20;sem vítima;463,2;BR-116/BA;Sul;Atropelamento de Animal;;;1;;;;1;;;;2;;;;
02/02/2013;00:01:00;3;sem vítima;605,5;BR-324/BA;Leste;Capotamento;1;;;;;;;;;;1;;;;
02/02/2013;00:19:00;7;sem vítima;606,2;BR-324/BA;Oeste;Atropelamento de Animal;;;;;;1;;;;;1;;;;
02/02/2013;10:44:00;114;sem vítima;613,2;BR-324/BA;Leste;Colisão Traseira;2;;;;;;;;;;7;;;;
02/02/2013;07:21:00;52;sem vítima;710;BR-116/BA;Sul;Colisão Traseira;;;2;;;;;;;;2;;;;
02/02/2013;13:39:00;151;sem vítima;759,5;BR-116/BA;Norte;Colisão Traseira;;;2;;;;;;;;3;;;;
02/02/2013;22:41:00;279;com vítima;789;BR-116/BA;Norte;Colisão Traseira;1;;;;;;;;;;2;3;;;
02/02/2013;05:17:00;32;sem vítima;797,9;BR-116/BA;Sul;Saida de Pista;1;;;;;;;;;;1;;;;
02/02/2013;06:18:00;41;com vítima;806,5;BR-116/BA;Sul;Atropelamento - Ciclista;;1;;;;1;;;;;1;1;;;
02/02/2013;18:46:00;234;com vítima;807;BR-116/BA;Sul;Saida de Pista;1;;;;;;;;;;0;2;2;;1
02/02/2013;10:22:00;109;sem vítima;909;BR-116/BA;Sul;Colisão Traseira;1;;1;;;;;;;;2;;;;
03/02/2013;19:15:00;209;com vítima;541,9;BR-324/BA;Leste;Colisão Transversal;1;;;1;;;;;;;4;;1;;1
03/02/2013;20:43:00;231;com vítima;456,3;BR-116/BA;Sul;Engavetamento;1;;1;;1;;;;;;28;;1;;
03/02/2013;13:40:00;265;com vítima;560;BR-324/BA;Oeste;Saida de Pista;1;;;;;;;;;;0;1;;;
03/02/2013;20:36:00;229;com vítima;595;BR-324/BA;Oeste;Colisão Frontal;2;;;;;;;;;;4;;1;;
03/02/2013;15:45:00;166;sem vítima;572,1;BR-116/BA;Sul;Colisão Traseira;1;;;;1;;;;;;31;;;;
03/02/2013;17:24:00;191;com vítima;805,02;BR-116/BA;Sul;Colisão Transversal;2;;;;;;;;;;0;5;;;
04/02/2013;14:48:00;157;sem vítima;2;BR-116/BA - ContSuFS;;Colisão Transversal;1;;1;;;;;;;;3;;;;
04/02/2013;21:31:00;236;com vítima;448,2;BR-116/BA;Sul;Colisão Traseira;1;;1;;;;;;;;3;3;;;
04/02/2013;07:32:00;54;sem vítima;573,6;BR-324/BA;Leste;Colisão Traseira;;;2;;;;;;;;2;;;;
04/02/2013;13:37:00;147;sem vítima;479;BR-116/BA;Norte;Colisão Traseira;2;;;;;;;;;;3;;;;
04/02/2013;12:31:00;134;sem vítima;580;BR-324/BA;Oeste;Colisão Lateral;1;;1;;;;;;;;2;;;;
04/02/2013;12:24:00;133;sem vítima;609;BR-324/BA;Leste;Colisão Traseira;2;;;;;;;;;;5;;;;
04/02/2013;13:23:00;144;sem vítima;610,8;BR-324/BA;Leste;Engavetamento;1;;2;;;;;;;;3;;;;
04/02/2013;20:30:00;231;com vítima;622,2;BR-324/BA;Oeste;Queda de Moto;;;;1;;;;;;;1;1;;;
04/02/2013;17:13:00;189;sem vítima;714;BR-116/BA;Norte;Engavetamento;;;3;;;1;;;;;4;;;;
04/02/2013;15:22:00;167;com vítima;759;BR-116/BA;Sul;Queda de Moto;;;;1;;;;;;;0;;1;;
04/02/2013;20:03:00;227;com vítima;817,5;BR-116/BA;Norte;Colisão Transversal;1;;;1;;;;;;;1;1;;;
04/02/2013;06:59:00;36;com vítima;833,1;BR-116/BA;Norte;Colisão Traseira;1;;1;;;;;;;;4;1;;;
04/02/2013;10:22:00;105;com vítima;853;BR-116/BA;Sul;Colisão Frontal;2;;;;;;;;;;2;5;1;1;
05/02/2013;11:57:00;125;com vítima;524;BR-324/BA;Leste;Queda de Moto;;;;1;;;;;;;0;;1;;
05/02/2013;20:16:00;227;sem vítima;530,3;BR-324/BA;Leste;Saida de Pista;1;;;;;;;;;;1;;;;
05/02/2013;17:55:00;201;com vítima;489;BR-116/BA;Norte;Saida de Pista;1;;;;;;;;;;0;;1;1;
05/02/2013;08:54:00;71;com vítima;591,2;BR-324/BA;Leste;Tombamento;;;1;;;;;;;;1;1;;;
05/02/2013;17:49:00;199;sem vítima;607,2;BR-324/BA;Leste;Colisão Traseira;2;;;;;;;;;;6;;;;
05/02/2013;17:43:00;197;sem vítima;613,5;BR-324/BA;Leste;Colisão Traseira;2;;;;;;;;;;3;;;;
05/02/2013;14:22:00;150;sem vítima;620;BR-324/BA;Oeste;Engavetamento;2;;;;;1;;;;;5;;;;
05/02/2013;21:18:00;239;com vítima;623,5;BR-324/BA;Oeste;Colisão Traseira;;;;1;;1;;;;;1;2;;;
05/02/2013;13:04:00;134;com vítima;609;BR-116/BA;Norte;Colisão Transversal;1;;;1;;;;;;;3;1;;;
05/02/2013;13:20:00;139;sem vítima;639;BR-116/BA;Norte;Saida de Pista;1;;;;;;;;;;1;;;;
05/02/2013;09:27:00;78;com vítima;684;BR-116/BA;Norte;Tombamento;;;1;;;;;;;;0;1;;;
06/02/2013;07:34:00;42;com vítima;26,3;BR-116/BA - Cont VC;;Tombamento;;;1;;;;;;;;1;1;;;
06/02/2013;00:59:00;6;sem vítima;435;BR-116/BA;Sul;Saida de Pista;;;1;;;;;;;;1;;;;
06/02/2013;13:57:00;148;com vítima;575,2;BR-324/BA;Leste;Saida de Pista;1;;;;;1;;;;;2;1;1;;
06/02/2013;11:17:00;109;com vítima;588,9;BR-324/BA;Oeste;Saida de Pista;1;;;;;1;;;;;2;2;;;
06/02/2013;07:16:00;38;sem vítima;618;BR-324/BA;Leste;Engavetamento;;;;;;1;;;;2;4;;;;
06/02/2013;07:46:00;46;sem vítima;619,2;BR-324/BA;Oeste;Engavetamento;3;;;;;;;;;1;4;;;;
06/02/2013;21:10:00;221;sem vítima;609,3;BR-116/BA;Sul;Colisão Lateral;;;3;;;;;;;;3;;;;
07/02/2013;18:52:00;180;com vítima;6;BR-116/BA - ContSuFS;;Queda de Moto;;;;1;;1;;;;;1;1;;1;
07/02/2013;04:47:00;15;com vítima;440,5;BR-116/BA;Sul;Capotamento;;;;;;1;;;;1;1;;2;;
07/02/2013;19:49:00;193;com vítima;452,1;BR-116/BA;Sul;Atropelamento de Pedestre;;;;;;1;;;;;1;;;;1
07/02/2013;11:01:00;97;com vítima;559;BR-324/BA;Leste;Saida de Pista;1;;;;;;;;;;0;;1;1;
07/02/2013;19:36:00;189;com vítima;596;BR-324/BA;Leste;Queda de Moto;;;;1;;;;;;;1;1;;;
07/02/2013;17:20:00;158;sem vítima;599;BR-324/BA;Leste;Choque Contra Objeto Fixo;2;;;;;;;;;;6;;;;
07/02/2013;09:38:00;77;com vítima;608;BR-324/BA;Leste;Capotamento;1;;;;;;;;;;2;2;;;
07/02/2013;19:04:00;183;sem vítima;613,8;BR-324/BA;Oeste;Saida de Pista;1;;;;;;;;;;1;;;;
07/02/2013;20:30:00;198;com vítima;620,2;BR-324/BA;Oeste;Colisão Lateral;1;;;;;;;;;1;2;1;;;
07/02/2013;17:41:00;162;com vítima;665,2;BR-116/BA;Norte;Saida de Pista;2;;;;;;;;;;4;1;;;
08/02/2013;18:27:00;200;com vítima;523;BR-324/BA;Oeste;Colisão Lateral;1;;;1;;;;;;;1;1;;;
08/02/2013;11:14:00;98;sem vítima;536,8;BR-324/BA;Oeste;Saida de Pista;;;1;;;;;;;;3;;;;
08/02/2013;00:23:00;6;com vítima;586,7;BR-324/BA;Oeste;Colisão Traseira;1;;1;;;;;;;;0;1;2;;
08/02/2013;05:25:00;38;sem vítima;662,1;BR-116/BA;Sul;Saida de Pista;1;;;;;;;;;;4;;;;
08/02/2013;08:47:00;72;sem vítima;704;BR-116/BA;Sul;Colisão Traseira;;;1;;;;;;;1;4;;;;
08/02/2013;15:48:00;161;com vítima;817;BR-116/BA;Sul;Engavetamento;3;;;;;;;;;;6;1;;;
08/02/2013;03:55:00;28;sem vítima;862,5;BR-116/BA;Sul;Colisão Lateral;;;1;;;1;;;;;3;;;;
09/02/2013;08:22:00;73;com vítima;533,5;BR-324/BA;Leste;Capotamento;1;;;;;;;;;;0;1;;;
09/02/2013;12:58:00;133;sem vítima;551;BR-324/BA;Oeste;Colisão Lateral;1;;;;;1;;;;;3;;;;
09/02/2013;13:41:00;151;sem vítima;551;BR-324/BA;Oeste;Colisão Traseira;2;;;;;;;;;;5;;;;
09/02/2013;00:04:00;2;com vítima;556;BR-324/BA;Oeste;Choque - Veiculo parado no acostamento;1;;1;;;;;;;;3;2;1;;
09/02/2013;06:30:00;50;com vítima;592;BR-324/BA;Oeste;Colisão Traseira;1;;;;;1;;;;;2;1;;;
09/02/2013;22:09:00;254;com vítima;622,2;BR-324/BA;Leste;Colisão Traseira;1;;;1;;;;;;;1;1;;;
09/02/2013;16:33:00;191;com vítima;543;BR-116/BA;Sul;Queda de Moto;;;;1;;;;;;;0;2;;;
09/02/2013;03:32:00;28;com vítima;571,5;BR-116/BA;Norte;Atropelamento de Animal;1;;;;;;;;;;3;1;;;
10/02/2013;21:09:00;227;sem vítima;12,5;BR-116/BA - Cont VC;;Atropelamento de Animal;1;;;;;;;;;;1;;;;
10/02/2013;17:35:00;201;com vítima;441,8;BR-116/BA;Sul;Saida de Pista;;;1;;;;;;;;0;;1;;
10/02/2013;07:18:00;42;com vítima;518;BR-324/BA;Oeste;Capotamento;1;;;;;;;;;;1;2;;;
10/02/2013;10:19:00;92;com vítima;445,6;BR-116/BA;Sul;Colisão Traseira;1;;;1;;;;;;;1;1;1;;
10/02/2013;06:43:00;39;com vítima;530;BR-324/BA;Oeste;Choque Contra Objeto Fixo;;;;1;;;;;;;0;;1;;1
10/02/2013;15:56:00;181;sem vítima;542;BR-324/BA;Leste;Colisão Traseira;2;;;;;;;;;;3;;;;
10/02/2013;00:46:00;7;sem vítima;543,5;BR-324/BA;Leste;Saida de Pista;1;;;;;;;;;;2;;;;
10/02/2013;14:52:00;158;com vítima;558;BR-324/BA;Leste;Queda de Moto;;;;1;;;;;;;0;2;;;
10/02/2013;07:22:00;43;com vítima;571;BR-324/BA;Oeste;Saida de Pista;1;;;;;;;;;;1;1;;;