data;horario;n_da_ocorrencia;tipo_de_ocorrencia;km;trecho;sentido;tipo_de_acidente;automovel;bicicleta;caminhao;moto;onibus;outros;tracao_animal;transporte_de_cargas_especiais;trator_maquinas;utilitarios;ilesos;levemente_feridos;moderadamente_feridos;gravemente_feridos;mortos
08/03/2013;07:15:00;55;sem vítima;531,9;BR-324/BA;Oeste;Colisão Traseira;1;;1;;;;;;;;2;;;;
08/03/2013;08:37:00;76;com vítima;539;BR-324/BA;Oeste;Colisão Frontal;2;;;;;1;;;;;1;6;1;;
08/03/2013;23:22:00;268;sem vítima;547;BR-324/BA;Leste;Atropelamento de Animal;1;;1;;;;;;;;2;;;;
08/03/2013;03:10:00;27;sem vítima;551,01;BR-324/BA;Leste;Colisão Traseira;;;1;;;;;;;1;4;;;;
08/03/2013;19:44:00;227;com vítima;463,5;BR-116/BA;Sul;Colisão Traseira;;;;2;;;;;;;0;2;;;
08/03/2013;19:58:00;232;com vítima;469;BR-116/BA;Norte;Engavetamento;;;3;;;;;;;;0;1;;1;1
08/03/2013;05:39:00;40;com vítima;507,5;BR-116/BA;Norte;Saida de Pista;;;1;;;;;;;;0;;1;;
08/03/2013;14:18:00;151;com vítima;624,4;BR-324/BA;Leste;Queda de Moto;;;;1;;;;;;;0;2;;;
08/03/2013;17:33:00;272;com vítima;812,5;BR-116/BA;Norte;Colisão Traseira;;;1;1;;;;;;;2;;;1;
08/03/2013;20:19:00;242;com vítima;854,5;BR-116/BA;Norte;Colisão Lateral;2;;;;;;;;;;2;2;;;
09/03/2013;17:39:00;203;sem vítima;4,5;BR-116/BA - ContSuFS;;Colisão Traseira;1;;1;;;;;;;;2;;;;
09/03/2013;09:58:00;94;com vítima;437,1;BR-116/BA;Norte;Colisão Lateral;1;;;1;;;;;;;1;1;;;
09/03/2013;12:46:00;133;com vítima;521,6;BR-324/BA;Leste;Capotamento;1;;;;;;;;;;0;1;;;
09/03/2013;17:30:00;202;com vítima;622,6;BR-324/BA;Oeste;Atropelamento - Ciclista;;1;;1;;;;;;;1;1;;;
09/03/2013;08:04:00;54;sem vítima;625,1;BR-324/BA;Leste;Engavetamento;2;;;1;;;;;;;3;;;;
09/03/2013;07:29:00;47;sem vítima;674;BR-116/BA;Norte;Colisão Traseira;2;;;;;;;;;;2;;;;
09/03/2013;06:58:00;40;com vítima;736;BR-116/BA;Norte;Tombamento;;;1;;;;;;;;0;1;;;
10/03/2013;21:18:00;236;com vítima;17;BR-116/BA - Cont VC;;Colisão Lateral;1;;;1;;;;;;;2;1;;;
10/03/2013;18:14:00;181;com vítima;521;BR-324/BA;Leste;Atropelamento de Pedestre;;;;;;1;;;;;1;;;;1
10/03/2013;08:12:00;57;com vítima;537;BR-324/BA;Oeste;Colisão Traseira;1;;;;1;;;;;;2;1;;;
10/03/2013;17:12:00;166;com vítima;540;BR-324/BA;Leste;Saida de Pista;;;1;;;;;;;;0;1;;;
10/03/2013;16:05:00;152;com vítima;573;BR-324/BA;Oeste;Saida de Pista;1;;;;;;;;;;0;3;1;;
10/03/2013;14:07:00;127;sem vítima;599;BR-324/BA;Oeste;Colisão Lateral;1;;;;;;;;;1;6;;;;
10/03/2013;19:27:00;206;com vítima;606;BR-324/BA;Oeste;Capotamento;1;;;;;;;;;;0;2;;;
10/03/2013;20:00:00;216;sem vítima;606;BR-324/BA;Leste;Saida de Pista;1;;;;;;;;;;2;;;;
10/03/2013;14:04:00;126;com vítima;616;BR-324/BA;Leste;Atropelamento de Pedestre;;;;;;1;;;;;1;;;;1
10/03/2013;14:35:00;134;com vítima;658,3;BR-116/BA;Sul;Queda de Moto;;;;1;;;;;;;1;1;;;
10/03/2013;11:47:00;108;sem vítima;725,4;BR-116/BA;Norte;Colisão Traseira;;;2;;;1;;;;;3;;;;
10/03/2013;09:47:00;79;sem vítima;728,8;BR-116/BA;Sul;Colisão Traseira;;;2;;;;;;;;2;;;;
10/03/2013;18:51:00;192;com vítima;821,6;BR-116/BA;Sul;Queda de Moto;;;;1;;;;;;;0;2;;;
11/03/2013;08:11:00;92;sem vítima;526,1;BR-324/BA;Leste;Colisão Transversal;1;;;;;1;;;;;2;;;;
11/03/2013;09:34:00;121;com vítima;549,7;BR-324/BA;Leste;Capotamento;1;;1;;;;;;;;1;;3;;
11/03/2013;16:29:00;214;com vítima;560,9;BR-324/BA;Oeste;Capotamento;1;;;;;;;;;;0;1;;;
11/03/2013;06:25:00;52;sem vítima;605,2;BR-324/BA;Oeste;Colisão Traseira;2;;;;;;;;;;2;;;;
11/03/2013;18:10:00;235;com vítima;607;BR-324/BA;Leste;Saida de Pista;1;;;;;;;;;;1;1;1;1;
11/03/2013;08:44:00;105;com vítima;614,3;BR-324/BA;Leste;Engavetamento;2;;;1;;;;;;;2;;1;;
11/03/2013;15:03:00;198;sem vítima;617,8;BR-324/BA;Leste;Engavetamento;3;;1;;;;;;;;4;;;;
11/03/2013;19:23:00;247;sem vítima;618;BR-324/BA;Oeste;Colisão Traseira;1;;;;;2;;;;;3;;;;
11/03/2013;07:58:00;86;com vítima;623;BR-324/BA;Oeste;Choque - Veiculo parado no acostamento;;;;1;1;;;;;;1;1;;;
12/03/2013;18:52:00;197;com vítima;4;BR-116/BA - ContSuFS;;Queda de Moto;;;;1;;;;;;;0;1;;;
12/03/2013;15:36:00;150;sem vítima;523;BR-324/BA;Oeste;Tombamento;;;1;;;;;;;;1;;;;
12/03/2013;07:57:00;41;sem vítima;544;BR-324/BA;Leste;;;;1;;;;;;;;1;;;;
12/03/2013;20:50:00;216;sem vítima;564;BR-324/BA;Oeste;Atropelamento de Animal;;;;;1;;;;;;15;;;;
12/03/2013;08:37:00;56;com vítima;583;BR-324/BA;Leste;Saida de Pista;;;;;;;;;;1;0;1;;;
12/03/2013;14:31:00;137;sem vítima;620,3;BR-324/BA;Oeste;Sequência;2;;1;;;;;;;;4;;;;
12/03/2013;02:23:00;11;sem vítima;639;BR-116/BA;Norte;Tombamento;;;1;;;;;;;;2;;;;
12/03/2013;15:39:00;151;com vítima;708,6;BR-116/BA;Norte;Queda de Moto;;;;1;;;;;;;0;1;;;
12/03/2013;08:28:00;52;sem vítima;789,9;BR-116/BA;Sul;Colisão Traseira;1;;1;;;;;;;;5;;;;
13/03/2013;06:37:00;33;com vítima;4;BR-116/BA - ContSuFS;;Colisão Lateral;;;;2;;;;;;;0;2;;;
13/03/2013;15:23:00;164;sem vítima;25;BR-116/BA - Cont VC;;Colisão Transversal;1;;1;;;;;;;;4;;;;
13/03/2013;17:27:00;186;com vítima;439;BR-116/BA;Norte;Colisão Traseira;;;;1;;1;;;;;1;1;;;
13/03/2013;09:56:00;91;sem vítima;532;BR-324/BA;Oeste;Colisão Lateral;1;;1;;;;;;;;2;;;;
13/03/2013;15:05:00;156;sem vítima;543;BR-324/BA;Oeste;Saida de Pista;1;;;;;;;;;;1;;;;
13/03/2013;16:06:00;168;com vítima;460;BR-116/BA;Norte;Queda de Moto;;;;1;;1;;;;;1;1;;;
13/03/2013;08:36:00;65;sem vítima;562,2;BR-324/BA;Oeste;Choque - Defensa, barreira ou "submarino";1;;;;;;;;;;3;;;;
13/03/2013;10:28:00;100;sem vítima;565,1;BR-324/BA;Oeste;Capotamento;1;;;;;;;;;;1;;;;
13/03/2013;23:23:00;233;com vítima;576,4;BR-324/BA;Leste;Colisão Traseira;2;;;;;;;;;;2;2;1;;
13/03/2013;06:29:00;31;com vítima;490;BR-116/BA;Sul;Colisão Lateral;1;;1;;;;;;;;1;;;1;
13/03/2013;18:43:00;196;com vítima;591,9;BR-324/BA;Oeste;Atropelamento - Outros;;;;;;1;;;;1;0;2;;;1
13/03/2013;05:12:00;23;sem vítima;612,8;BR-324/BA;Leste;Colisão Traseira;1;;;;1;;;;;;4;;;;
13/03/2013;10:33:00;105;sem vítima;622,4;BR-324/BA;Oeste;Engavetamento;2;;;1;;;;;;1;6;;;;
13/03/2013;19:37:00;206;com vítima;622,6;BR-324/BA;Oeste;Colisão Traseira;1;;;1;;;;;;;1;2;;;
13/03/2013;16:25:00;170;sem vítima;665;BR-116/BA;Sul;Saida de Pista;1;;;;;;;;;;3;;;;
13/03/2013;14:48:00;153;com vítima;736;BR-116/BA;Norte;Tombamento;;;1;;;;;;;;0;;1;;
13/03/2013;09:44:00;83;sem vítima;797,5;BR-116/BA;Sul;Colisão Traseira;;;1;;;1;;;;;2;;;;
13/03/2013;22:37:00;232;com vítima;813,9;BR-116/BA;Sul;Colisão Transversal;1;;;1;;;;;;;2;1;;;
14/03/2013;18:19:00;189;com vítima;518;BR-324/BA;Oeste;Colisão Traseira;;;;1;;1;;;;;1;1;;;
14/03/2013;00:19:00;1;com vítima;519,9;BR-324/BA;Oeste;Colisão Frontal;2;;;;;;;;;;0;1;;1;
14/03/2013;04:19:00;18;com vítima;532,08;BR-324/BA;Leste;Atropelamento de Animal;;;;;;;;;;1;13;2;;;
14/03/2013;07:22:00;44;sem vítima;537,2;BR-324/BA;Leste;Colisão Traseira;2;;;;;;;;;;4;;;;
14/03/2013;15:23:00;149;sem vítima;597;BR-324/BA;Leste;Colisão Traseira;1;;;;;1;;;;;2;;;;
14/03/2013;18:25:00;191;com vítima;617,1;BR-324/BA;Leste;Atropelamento de Pedestre;;;;;;;;;;;0;;;;1
14/03/2013;09:03:00;66;com vítima;625,3;BR-324/BA;Leste;Saida de Pista;2;;;;;1;;;;;2;1;;;
14/03/2013;22:30:00;242;com vítima;614;BR-116/BA;Norte;Colisão Traseira;;;2;;;;;;;;1;;1;1;
14/03/2013;10:41:00;94;sem vítima;890;BR-116/BA;Sul;Tombamento;;;1;;;;;;;;1;;;;
14/03/2013;18:02:00;181;sem vítima;896;BR-116/BA;Norte;Saida de Pista;;;1;;;1;;;;;2;;;;
15/03/2013;18:26:00;212;sem vítima;8,2;BR-116/BA - ContSuFS;;Colisão Transversal;;;1;;;;;;;1;3;;;;
15/03/2013;14:27:00;154;sem vítima;432;BR-116/BA;Norte;Colisão Traseira;1;;1;;;;;;;;2;;;;
15/03/2013;10:08:00;95;com vítima;432,5;BR-116/BA;Sul;Engavetamento;1;;2;;;;;;;;3;1;;;
15/03/2013;19:36:00;234;com vítima;520;BR-324/BA;Leste;Queda de Moto;;;;1;;;;;;;0;2;;;
15/03/2013;10:23:00;99;sem vítima;529;BR-324/BA;Oeste;Colisão Traseira;;;1;;;;;;;1;2;;;;
15/03/2013;05:27:00;21;com vítima;537;BR-324/BA;Leste;Capotamento;1;;;;;;;;;;0;2;1;;
15/03/2013;18:11:00;210;sem vítima;557;BR-324/BA;Oeste;Engavetamento;3;;;;;;;;;;5;;;;
15/03/2013;17:29:00;201;sem vítima;612;BR-324/BA;Leste;Saida de Pista;1;;;;;;;;;;1;;;;
15/03/2013;07:56:00;49;com vítima;619;BR-324/BA;Leste;Engavetamento;2;;;;;;;;;1;10;1;;;
15/03/2013;21:34:00;250;com vítima;620;BR-324/BA;Oeste;Queda de Moto;;;;1;;;;;;;0;1;;;
15/03/2013;19:02:00;222;sem vítima;624,9;BR-324/BA;Oeste;Engavetamento;3;;;;;;;;;;8;;;;
15/03/2013;15:51:00;174;com vítima;626;BR-324/BA;Oeste;Queda de Moto;;;;1;;;;;;;0;1;;;
15/03/2013;07:07:00;37;sem vítima;540,5;BR-116/BA;Norte;Saida de Pista;;;1;;;1;;;;;2;;;;
15/03/2013;13:27:00;140;com vítima;566;BR-116/BA;Sul;Colisão Lateral;1;;1;;;;;;;;1;1;;;
15/03/2013;23:17:00;260;sem vítima;568,7;BR-116/BA;Sul;Saida de Pista;1;;;;;1;;;;;3;;;;
15/03/2013;22:18:00;253;com vítima;742,5;BR-116/BA;Sul;Queda de Moto;;;;1;;;;;;;0;;1;;
16/03/2013;09:05:00;52;com vítima;15;BR-116/BA - Cont VC;;Colisão Transversal;;;;2;;;;;;;0;2;;;
16/03/2013;14:25:00;138;com vítima;15;BR-116/BA - Cont VC;;Colisão Lateral;;1;;1;;;;;;;1;1;;;
16/03/2013;09:48:00;65;sem vítima;432;BR-116/BA;Sul;Colisão Traseira;;;2;;;1;;;;;3;;;;
16/03/2013;08:59:00;50;sem vítima;432,5;BR-116/BA;Norte;Capotamento;1;;;;;;;;;;2;;;;
16/03/2013;05:52:00;18;com vítima;572,4;BR-324/BA;Leste;Capotamento;1;;;;;;;;;;0;1;;;
16/03/2013;17:12:00;175;com vítima;598;BR-324/BA;Oeste;Queda de Moto;;;;1;;;;;;;0;;;1;
16/03/2013;07:56:00;41;sem vítima;619,9;BR-324/BA;Leste;Colisão Lateral;1;;;;1;;;;;;73;;;;
16/03/2013;11:37:00;102;sem vítima;622;BR-324/BA;Oeste;Colisão Traseira;2;;;;1;;;;;;3;;;;
16/03/2013;12:13:00;113;sem vítima;623;BR-324/BA;Oeste;Colisão Traseira;1;;;;1;;;;;;4;;;;
16/03/2013;06:23:00;23;sem vítima;555;BR-116/BA;Sul;Saida de Pista;;;1;;;1;;;;;2;;;;
16/03/2013;10:59:00;94;sem vítima;572,1;BR-116/BA;Norte;Tombamento;;;1;;;;;;;;1;;;;
16/03/2013;13:51:00;129;com vítima;816;BR-116/BA;Norte;Colisão Transversal;;;2;1;;;;;;;2;;;1;
17/03/2013;14:56:00;123;com vítima;5,3;BR-116/BA - ContSuFS;;Colisão Frontal;3;;;;;1;;;;;2;4;;;1
17/03/2013;05:29:00;31;sem vítima;556;BR-324/BA;Oeste;Outros;1;;;;;;;;;;3;;;;
17/03/2013;21:48:00;206;com vítima;560,9;BR-324/BA;Oeste;Queda de Moto;;;;1;;;;;;;0;2;;;
17/03/2013;09:20:00;65;sem vítima;483,1;BR-116/BA;Sul;Colisão Traseira;1;;1;;;;;;;;2;;;;
17/03/2013;14:32:00;119;com vítima;506,1;BR-116/BA;Sul;Queda de Moto;;;;1;;;;;;;0;2;;;
17/03/2013;17:58:00;155;sem vítima;523;BR-116/BA;Sul;Capotamento;1;;;;;;;;;;1;;;;
17/03/2013;21:00:00;197;com vítima;620,1;BR-324/BA;Leste;Queda de Moto;;;;1;;1;;;;;1;;1;;
17/03/2013;19:40:00;180;com vítima;625,8;BR-324/BA;Oeste;Engavetamento;;;;;3;;;;;;25;5;1;2;
17/03/2013;12:08:00;94;com vítima;640,2;BR-116/BA;Sul;Colisão Traseira;;;3;;1;;;;;;25;1;;;1
17/03/2013;10:38:00;82;com vítima;643,4;BR-116/BA;Sul;Engavetamento;1;;2;;;;;;;;1;1;1;;
17/03/2013;18:00:00;157;com vítima;760;BR-116/BA;Norte;Colisão Lateral;;;;1;;1;;;;;1;1;;;
17/03/2013;20:57:00;196;com vítima;847;BR-116/BA;Norte;Tombamento;;;1;;;;;;;;0;;;;1
17/03/2013;02:26:00;21;com vítima;871;BR-116/BA;Norte;Queda de Moto;;;;1;;;;;;;1;1;;;
18/03/2013;03:05:00;21;sem vítima;11;BR-116/BA - Cont VC;;Saida de Pista;1;;;;;;;;;;2;;;;
18/03/2013;03:39:00;24;sem vítima;15,8;BR-116/BA - Cont VC;;Saida de Pista;1;;;;;;;;;;1;;;;
18/03/2013;13:52:00;141;sem vítima;525;BR-324/BA;Oeste;Saida de Pista;;;;;;;;;;1;1;;;;
18/03/2013;17:34:00;190;com vítima;525;BR-324/BA;Oeste;Queda de Moto;;;;1;;;;;;;0;1;;;
18/03/2013;04:36:00;29;sem vítima;537,3;BR-324/BA;Leste;Colisão Transversal;1;;1;;;;;;;;2;;;;
18/03/2013;00:51:00;8;sem vítima;572,4;BR-324/BA;Leste;Choque Contra Objeto Fixo;1;;;;;;;;;;1;;;;
18/03/2013;07:39:00;54;sem vítima;594,5;BR-324/BA;Leste;Colisão Traseira;2;;;;;;;;;;2;;;;
18/03/2013;07:00:00;45;com vítima;594,7;BR-324/BA;Leste;Engavetamento;3;;1;;;;;;;1;14;1;;;
18/03/2013;06:59:00;44;sem vítima;607;BR-324/BA;Leste;Colisão Transversal;1;;;;;1;;;;;4;;;;
18/03/2013;04:19:00;27;sem vítima;608,1;BR-324/BA;Leste;Colisão Lateral;;;1;;;;;;;1;2;;;;
18/03/2013;18:32:00;203;com vítima;780,5;BR-116/BA;Sul;Queda de Moto;;;;1;;;;;;;0;2;;;
19/03/2013;14:41:00;130;com vítima;4;BR-116/BA - ContSuFS;;Saida de Pista;1;;1;;;;;;;;2;1;;;
19/03/2013;07:25:00;47;sem vítima;443,3;BR-116/BA;Sul;Tombamento;;;1;;;;;;;;1;;;;
19/03/2013;14:50:00;135;sem vítima;522;BR-324/BA;Oeste;Engavetamento;2;;1;;;;;;;;3;;;;
19/03/2013;14:44:00;134;com vítima;592;BR-324/BA;Oeste;Capotamento;1;;;;;;;;;;0;;2;;
19/03/2013;07:55:00;50;sem vítima;607;BR-324/BA;Leste;Colisão Traseira;2;;;;;;;;;;3;;;;
19/03/2013;05:21:00;27;com vítima;617;BR-324/BA;Leste;Capotamento;1;;;;;1;;;;;1;1;;;
19/03/2013;07:09:00;41;com vítima;618,3;BR-324/BA;Leste;Engavetamento;3;;;;;1;;;;;3;;1;;
19/03/2013;20:24:00;198;com vítima;541,2;BR-116/BA;Norte;Colisão Lateral;;;1;;;1;;;;1;12;;;1;
19/03/2013;09:57:00;79;com vítima;637,1;BR-116/BA;Norte;Colisão Lateral;;;3;;;;;;;;2;;1;;
19/03/2013;15:03:00;141;sem vítima;907,1;BR-116/BA;Norte;Colisão Traseira;1;;1;;;;;;;;2;;;;
20/03/2013;18:02:00;166;sem vítima;24,5;BR-116/BA - Cont VC;;Colisão Traseira;;;2;;;;;;;;4;;;;
20/03/2013;19:50:00;185;com vítima;548,7;BR-324/BA;Leste;Capotamento;1;;;;;;;;;;0;1;;;
20/03/2013;13:41:00;98;com vítima;589,8;BR-324/BA;Leste;Saida de Pista;1;;;;;;;;;;0;;1;;
20/03/2013;15:01:00;115;com vítima;612;BR-324/BA;Leste;Queda de Moto;;;;1;;;;;;;0;1;;;
20/03/2013;15:24:00;125;sem vítima;612;BR-324/BA;Leste;Engavetamento;1;;;;;;;;;2;16;;;;
20/03/2013;22:50:00;213;sem vítima;633,2;BR-116/BA;Norte;Choque - Veiculo parado na pista;;;2;;;;;;;;4;;;;
21/03/2013;13:47:00;126;com vítima;3;BR-116/BA - Cont VC;;Queda de Moto;;;;1;;1;;;;;1;2;;;
21/03/2013;16:46:00;158;com vítima;519,7;BR-324/BA;Oeste;Engavetamento;1;;2;1;;;;;;;3;1;;;
21/03/2013;08:01:00;57;sem vítima;547,4;BR-324/BA;Oeste;Colisão Traseira;2;;;;;;;;;;2;;;;
21/03/2013;19:09:00;185;sem vítima;549,9;BR-324/BA;Oeste;Saida de Pista;1;;;;;;;;;;1;;;;
21/03/2013;05:57:00;24;com vítima;459;BR-116/BA;Norte;Tombamento;;;1;;;;;;;;0;1;;;
21/03/2013;17:25:00;164;sem vítima;612;BR-116/BA;Sul;Saida de Pista;;;1;;;;;;;;1;;;;
21/03/2013;07:06:00;41;com vítima;776;BR-116/BA;Sul;Atropelamento de Pedestre;;;1;;;;;;;;1;;;;1
22/03/2013;19:30:00;234;com vítima;14;BR-116/BA - Cont VC;;Saida de Pista;1;;;;;;;;;;1;2;;;
22/03/2013;23:24:00;270;sem vítima;525;BR-324/BA;Oeste;Capotamento;1;;;;;;;;;;1;;;;
22/03/2013;07:46:00;60;sem vítima;532,4;BR-324/BA;Leste;Colisão Traseira;1;;;;;;;;;1;5;;;;
22/03/2013;00:59:00;9;com vítima;451,8;BR-116/BA;Norte;Atropelamento de Animal;1;;;;;;;;;;1;1;;;
22/03/2013;15:12:00;174;sem vítima;555,2;BR-324/BA;Oeste;Saida de Pista;;;1;;;;;;;;1;;;;
22/03/2013;10:02:00;100;com vítima;559,4;BR-324/BA;Leste;Saida de Pista;1;;;;;1;;;;;1;1;;;
22/03/2013;16:21:00;184;sem vítima;560,5;BR-324/BA;Leste;Colisão Traseira;2;;;;;;;;;;2;;;;
22/03/2013;20:42:00;250;sem vítima;574;BR-324/BA;Oeste;;;;;;;;;;;1;1;;;;
22/03/2013;16:31:00;186;com vítima;582,2;BR-324/BA;Oeste;Colisão Traseira;2;;;;;;;;;;2;2;;;
22/03/2013;21:43:00;257;sem vítima;609;BR-324/BA;Leste;Colisão Traseira;1;;1;;;;;;;;7;;;;
22/03/2013;06:45:00;50;com vítima;616,5;BR-324/BA;Oeste;Colisão Lateral;1;;;1;;;;;;;1;;;1;
22/03/2013;07:50:00;63;sem vítima;620,3;BR-324/BA;Oeste;Engavetamento;1;;;;;1;;;;1;3;;;;
22/03/2013;18:26:00;211;sem vítima;622,3;BR-324/BA;Oeste;Engavetamento;4;;;;;1;;;;;5;;;;
22/03/2013;14:51:00;169;com vítima;704,5;BR-116/BA;Sul;Colisão Lateral;1;;1;;;;;;;;4;1;;;
22/03/2013;08:57:00;82;com vítima;818,2;BR-116/BA;Sul;Colisão Traseira;;;;1;;1;;;;;1;;1;;
22/03/2013;15:05:00;173;sem vítima;845;BR-116/BA;Sul;Colisão Traseira;1;;1;;;;;;;;3;;;;
23/03/2013;18:43:00;200;com vítima;16,6;BR-116/BA - Cont VC;;Colisão Transversal;;;1;;;;;;;1;2;1;;;
23/03/2013;10:12:00;89;sem vítima;519,3;BR-324/BA;Oeste;Colisão Traseira;1;;1;;;;;;;;5;;;;
23/03/2013;23:44:00;259;com vítima;521,5;BR-324/BA;Leste;Queda de Moto;;;;1;;;;;;;0;;1;;
23/03/2013;15:06:00;159;sem vítima;450;BR-116/BA;Sul;Colisão Traseira;1;;1;;;;;;;;2;;;;
23/03/2013;16:41:00;174;com vítima;453;BR-116/BA;Norte;Queda de Moto;;;;1;;;;;;;0;1;;;
23/03/2013;16:36:00;172;com vítima;584;BR-324/BA;Leste;Capotamento;1;;;;;;;;;;0;;1;1;
23/03/2013;13:07:00;131;sem vítima;599;BR-324/BA;Oeste;Colisão Traseira;2;;;;;;;;;;2;;;;
23/03/2013;19:26:00;208;sem vítima;607,5;BR-324/BA;Leste;Tombamento;;;1;;;;;;;;2;;;;
23/03/2013;08:23:00;53;sem vítima;548;BR-116/BA;Sul;Tombamento;;;1;;;;;;;;1;;;;
23/03/2013;14:13:00;142;com vítima;860;BR-116/BA;Norte;Saida de Pista;;;1;;;;;;;;0;1;;;
24/03/2013;15:03:00;116;com vítima;17;BR-116/BA - Cont VC;;Atropelamento - Ciclista;;1;;;;1;;;;;1;1;;;
24/03/2013;05:49:00;26;sem vítima;524;BR-324/BA;Oeste;Sequência;2;;;;;;;;;;6;;;;
24/03/2013;21:46:00;195;com vítima;554,3;BR-324/BA;Leste;Atropelamento de Animal;1;;;;;;;;;;0;1;;;
24/03/2013;14:50:00;114;com vítima;581,8;BR-324/BA;Leste;Queda de Moto;;;;1;;;;;;;0;2;;;
24/03/2013;08:17:00;48;sem vítima;583,2;BR-324/BA;Oeste;Capotamento;1;;;;;;;;;;1;;;;
24/03/2013;10:12:00;67;com vítima;623;BR-324/BA;Leste;Capotamento;1;;;;;;;;;;5;1;;;
24/03/2013;08:50:00;55;sem vítima;837,1;BR-116/BA;Norte;Engavetamento;1;;2;;;;;;;;3;;;;
25/03/2013;16:32:00;176;sem vítima;8;BR-116/BA - Cont VC;;Colisão Transversal;1;;1;;;;;;;;3;;;;
25/03/2013;18:50:00;195;com vítima;17,3;BR-116/BA - Cont VC;;Queda de Moto;;;;1;;;;;;;0;1;;;
25/03/2013;08:16:00;66;sem vítima;522;BR-324/BA;Leste;Engavetamento;3;;;;;;;;;;3;;;;
25/03/2013;19:45:00;205;sem vítima;522,9;BR-324/BA;Leste;Capotamento;1;;;;;;;;;;1;;;;
25/03/2013;08:01:00;65;com vítima;523;BR-324/BA;Leste;Saida de Pista;;;1;;;;;;;;0;;1;;
25/03/2013;13:08:00;131;sem vítima;549,1;BR-324/BA;Oeste;Capotamento;1;;;;;;;;;;3;;;;
25/03/2013;10:57:00;97;sem vítima;562,7;BR-324/BA;Leste;Colisão Traseira;2;;;;;;;;;;2;;;;
25/03/2013;07:25:00;57;sem vítima;574;BR-324/BA;Leste;Engavetamento;3;;;;;;;;;;3;;;;
25/03/2013;06:41:00;47;com vítima;574,2;BR-324/BA;Leste;Colisão Traseira;1;;1;;;;;;;;2;2;;;
25/03/2013;09:35:00;87;com vítima;603;BR-324/BA;Leste;Capotamento;1;;;;;;;;;;0;1;;;
25/03/2013;08:36:00;71;com vítima;625,3;BR-324/BA;Leste;Queda de Moto;;;;1;;;;;;;0;;1;;
25/03/2013;18:57:00;197;sem vítima;864;BR-116/BA;Norte;Saida de Pista;1;;;;;;;;;;3;;;;
25/03/2013;11:47:00;112;com vítima;910;BR-116/BA;Sul;Colisão Lateral;1;;1;;;;;;;;1;1;;;
26/03/2013;14:45:00;109;sem vítima;532,8;BR-324/BA;Oeste;Colisão Traseira;1;;1;;;;;;;;2;;;;
26/03/2013;13:55:00;105;sem vítima;551;BR-324/BA;Oeste;Colisão Lateral;1;;1;;;;;;;;2;;;;
26/03/2013;11:47:00;86;sem vítima;580;BR-324/BA;Oeste;Choque - Defensa, barreira ou "submarino";1;;;;;1;;;;;2;;;;
26/03/2013;11:31:00;82;sem vítima;588;BR-324/BA;Oeste;Capotamento;1;;;;;;;;;;1;;;;
26/03/2013;16:46:00;133;sem vítima;611;BR-324/BA;Oeste;Colisão Traseira;1;;1;;;;;;;;2;;;;
26/03/2013;14:42:00;108;sem vítima;623;BR-324/BA;Oeste;Colisão Lateral;1;;1;;;;;;;;4;;;;
26/03/2013;23:25:00;193;sem vítima;568,4;BR-116/BA;Norte;Sequência;;;3;;;1;;;;;4;;;;
26/03/2013;16:13:00;127;sem vítima;619;BR-116/BA;Norte;Colisão Traseira;2;;;;;1;;;;;6;;;;
27/03/2013;07:32:00;45;sem vítima;524,6;BR-324/BA;Oeste;Colisão Traseira;2;;;;;;;;;;3;;;;
27/03/2013;22:01:00;262;sem vítima;551;BR-324/BA;Oeste;Colisão Traseira;1;;;;1;;;;;;28;;;;
27/03/2013;04:54:00;18;sem vítima;462,5;BR-116/BA;Sul;Atropelamento de Animal;;;1;;;;;;;;1;;;;
27/03/2013;14:09:00;139;com vítima;468;BR-116/BA;Sul;Queda de Moto;;;;1;;;;;;;0;2;;;
27/03/2013;12:25:00;119;sem vítima;592,2;BR-324/BA;Oeste;Capotamento;1;;;;;1;;;;;2;;;;
27/03/2013;17:36:00;202;sem vítima;618;BR-324/BA;Oeste;Engavetamento;4;;;;;;;;;;14;;;;
27/03/2013;13:16:00;125;sem vítima;762;BR-116/BA;Norte;Queda de Moto;;;;1;;;;;;;1;;;;
27/03/2013;09:20:00;65;sem vítima;873;BR-116/BA;Norte;Colisão Traseira;2;;;;;;;;;;2;;;;
28/03/2013;18:19:00;246;com vítima;5,3;BR-116/BA - Cont VC;;Colisão Lateral;;;1;1;;;;;;;2;1;1;;
28/03/2013;16:50:00;218;sem vítima;520;BR-324/BA;Oeste;Atropelamento de Animal;1;;;;;;;;;;2;;;;
28/03/2013;06:42:00;34;com vítima;523;BR-324/BA;Leste;Queda de Moto;;;;1;;1;;;;;1;1;;;
28/03/2013;01:49:00;9;com vítima;446,7;BR-116/BA;Sul;Capotamento;1;;;;;;;;;;0;2;;;
28/03/2013;12:25:00;133;sem vítima;447,3;BR-116/BA;Norte;Colisão Traseira;1;;;;;1;;;;;3;;;;
28/03/2013;15:54:00;194;sem vítima;541;BR-324/BA;Oeste;Colisão Traseira;2;;;;;;;;;;2;;;;
28/03/2013;15:54:00;247;sem vítima;541;BR-324/BA;Oeste;Colisão Traseira;2;;;;;;;;;;2;;;;
28/03/2013;13:40:00;151;com vítima;546;BR-324/BA;Leste;Queda de Moto;;;;1;;;;;;;0;1;;;
28/03/2013;18:26:00;248;sem vítima;551;BR-324/BA;Oeste;Colisão Traseira;2;;;;;;;;;;4;;;;