data;horario;n_da_ocorrencia;tipo_de_ocorrencia;km;trecho;sentido;tipo_de_acidente;automovel;bicicleta;caminhao;moto;onibus;outros;tracao_animal;transporte_de_cargas_especiais;trator_maquinas;utilitarios;ilesos;levemente_feridos;moderadamente_feridos;gravemente_feridos;mortos
28/03/2013;15:36:00;190;com vítima;569;BR-324/BA;Oeste;Engavetamento;3;;;;;1;;;;;3;3;;;
28/03/2013;17:02:00;225;sem vítima;571;BR-324/BA;Oeste;Colisão Traseira;1;;;;;1;;;;;3;;;;
28/03/2013;20:44:00;294;sem vítima;576;BR-324/BA;Oeste;Colisão Traseira;2;;;;;1;;;;;4;;;;
28/03/2013;21:13:00;302;sem vítima;578;BR-324/BA;Oeste;Colisão Traseira;3;;;;;;;;;;9;;;;
28/03/2013;13:38:00;150;com vítima;605;BR-324/BA;Oeste;Queda de Moto;;;;1;;;;;;;0;2;;;
28/03/2013;09:17:00;73;sem vítima;606;BR-324/BA;Oeste;Engavetamento;2;;;;;;;;;1;3;;;;
28/03/2013;06:59:00;39;sem vítima;606,2;BR-324/BA;Oeste;Engavetamento;2;;;;;2;;;;;4;;;;
28/03/2013;15:14:00;184;sem vítima;609;BR-324/BA;Oeste;Engavetamento;3;;;;;;;;;;3;;;;
28/03/2013;12:43:00;137;com vítima;613;BR-324/BA;Oeste;Colisão Traseira;1;;;;1;;;;;;44;1;1;;
28/03/2013;07:18:00;44;com vítima;615;BR-324/BA;Oeste;Queda de Moto;;;;1;;1;;;;;1;1;;;
28/03/2013;17:52:00;239;sem vítima;615;BR-324/BA;Leste;Engavetamento;2;;;;;;;;;1;8;;;;
28/03/2013;19:34:00;273;sem vítima;620,7;BR-324/BA;Oeste;Engavetamento;3;;;;;;;;;;7;;;;
28/03/2013;16:25:00;215;sem vítima;624,5;BR-324/BA;Oeste;Engavetamento;2;;;;;2;;;;;5;;;;
28/03/2013;14:38:00;169;com vítima;817,7;BR-116/BA;Sul;Colisão Transversal;1;;;1;;;;;;;1;1;;;
29/03/2013;18:41:00;209;com vítima;10;BR-116/BA - Cont VC;;Colisão Traseira;;1;;1;;;;;;;1;1;;;
29/03/2013;21:32:00;242;com vítima;524;BR-324/BA;Oeste;Atropelamento de Pedestre;;;;;;1;;;;;1;;;;1
29/03/2013;09:44:00;112;sem vítima;561;BR-324/BA;Leste;Colisão Traseira;2;;;;;;;;;;2;;;;
29/03/2013;07:08:00;75;sem vítima;569;BR-324/BA;Oeste;Saida de Pista;1;;;;;;;;;;1;;;;
29/03/2013;08:56:00;97;sem vítima;574;BR-324/BA;Oeste;Saida de Pista;1;;;;;;;;;;1;;;;
29/03/2013;07:10:00;76;sem vítima;578,9;BR-324/BA;Oeste;Engavetamento;2;;;;;1;;;;;3;;;;
29/03/2013;07:05:00;74;sem vítima;580;BR-324/BA;Oeste;Tombamento;;;1;;;;;;;;1;;;;
29/03/2013;10:40:00;125;sem vítima;585,6;BR-324/BA;Oeste;Engavetamento;3;;;;;;;;;;3;;;;
29/03/2013;22:26:00;251;sem vítima;597,3;BR-324/BA;Oeste;Colisão Lateral;1;;;;1;;;;;;7;;;;
29/03/2013;08:28:00;91;com vítima;598;BR-324/BA;Oeste;Queda de Moto;;;;1;;;;;;;0;;1;;
29/03/2013;18:26:00;204;com vítima;619,5;BR-324/BA;Leste;Atropelamento de Pedestre;;;;1;;;;;;;0;1;1;;
29/03/2013;00:30:00;9;com vítima;653;BR-116/BA;Sul;Queda de Moto;;;;1;;;;;;;0;1;;;
29/03/2013;15:53:00;182;com vítima;668;BR-116/BA;Norte;Colisão Lateral;1;;;;1;;;;;;8;;1;1;1
29/03/2013;18:21:00;203;sem vítima;926;BR-116/BA;Sul;Saida de Pista;;;1;;;;;;;;1;;;;
30/03/2013;20:59:00;206;sem vítima;0;BR-116/BA - ContSuFS;;Colisão Lateral;2;;;;;;;;;;3;;;;
30/03/2013;21:21:00;207;com vítima;8;BR-116/BA - Cont VC;;Queda de Moto;;;;1;;;;;;;0;2;;;
30/03/2013;14:31:00;142;com vítima;526,7;BR-324/BA;Oeste;Capotamento;;;;;;;;;;1;1;2;;;
30/03/2013;19:13:00;189;com vítima;528;BR-324/BA;Oeste;Colisão Traseira;;;;1;;1;;;;;1;1;;;
30/03/2013;15:06:00;151;sem vítima;537;BR-324/BA;Oeste;Colisão Traseira;1;;1;;;;;;;;4;;;;
30/03/2013;05:08:00;34;sem vítima;453,8;BR-116/BA;Norte;Atropelamento de Animal;;;1;;;;;;;;1;;;;
30/03/2013;05:21:00;36;com vítima;459,2;BR-116/BA;Norte;Colisão Traseira;1;;1;;;;;;;;1;1;;;
30/03/2013;04:32:00;32;sem vítima;553,03;BR-324/BA;Leste;Atropelamento de Animal;;;1;;;;;;;;1;;;;
30/03/2013;11:21:00;106;com vítima;554;BR-324/BA;Oeste;Queda de Moto;;;;1;;;;;;;1;1;;;
30/03/2013;13:56:00;137;com vítima;558,2;BR-324/BA;Leste;Saida de Pista;1;;;;;;;;;;3;1;;;
30/03/2013;02:47:00;17;com vítima;599,7;BR-324/BA;Oeste;Atropelamento de Animal;;;;1;;;;;;;0;;2;;
30/03/2013;07:01:00;46;sem vítima;601;BR-324/BA;Leste;Colisão Lateral;1;;;;;1;;;;;2;;;;
30/03/2013;20:36:00;203;sem vítima;611,3;BR-324/BA;Leste;Colisão Traseira;1;;;;;1;;;;;2;;;;
30/03/2013;14:14:00;139;sem vítima;614,4;BR-324/BA;Oeste;Colisão Traseira;2;;;;;;;;;;2;;;;
30/03/2013;09:13:00;81;com vítima;622,7;BR-324/BA;Leste;Capotamento;1;;;;;;;;;;1;3;;;
30/03/2013;12:33:00;121;com vítima;818,1;BR-116/BA;Sul;Colisão Transversal;1;;;1;;;;;;;2;1;;;
31/03/2013;09:53:00;66;sem vítima;536;BR-324/BA;Leste;Saida de Pista;1;;;;;1;;;;;2;;;;
31/03/2013;16:47:00;179;sem vítima;551;BR-324/BA;Oeste;Colisão Traseira;2;;;;;;;;;;2;;;;
31/03/2013;16:01:00;163;sem vítima;552,4;BR-324/BA;Leste;Colisão Traseira;2;;;;;;;;;;2;;;;
31/03/2013;17:12:00;189;sem vítima;555;BR-324/BA;Leste;Engavetamento;3;;;;;;;;;;4;;;;
31/03/2013;19:30:00;217;sem vítima;556;BR-324/BA;Leste;Engavetamento;1;;;;;2;;;;;3;;;;
31/03/2013;15:10:00;149;sem vítima;557;BR-324/BA;Leste;Colisão Traseira;2;;;;;;;;;;8;;;;
31/03/2013;14:54:00;140;com vítima;560;BR-324/BA;Oeste;Colisão Lateral;2;;;;;;;;;;1;3;2;;
31/03/2013;22:32:00;263;sem vítima;573,8;BR-324/BA;Leste;Colisão Traseira;2;;;;;;;;;;6;;;;
31/03/2013;13:51:00;128;sem vítima;576,9;BR-324/BA;Leste;Colisão Traseira;2;;;;;;;;;;7;;;;
31/03/2013;13:30:00;121;sem vítima;577,2;BR-324/BA;Leste;Colisão Traseira;2;;;;;;;;;;2;;;;
31/03/2013;12:12:00;101;sem vítima;582,4;BR-324/BA;Leste;Engavetamento;3;;;;;;;;;;16;;;;
31/03/2013;11:28:00;93;sem vítima;584,9;BR-324/BA;Leste;Saida de Pista;1;;;;;;;;;;2;;;;
31/03/2013;11:21:00;89;com vítima;585,9;BR-324/BA;Leste;Capotamento;1;;;;;;;;;;0;3;2;;
31/03/2013;14:05:00;129;sem vítima;595;BR-324/BA;Leste;Colisão Traseira;2;;;;;;;;;;2;;;;
31/03/2013;20:42:00;246;sem vítima;599,5;BR-324/BA;Leste;Colisão Lateral;1;;1;;;;;;;;2;;;;
31/03/2013;23:32:00;279;sem vítima;614,1;BR-324/BA;Leste;Saida de Pista;1;;;;;;;;;;1;;;;
31/03/2013;12:05:00;99;com vítima;626;BR-324/BA;Oeste;Capotamento;1;;;;;;;;;;0;1;;;
31/03/2013;13:13:00;117;com vítima;578,1;BR-116/BA;Norte;Colisão Traseira;2;;;;;;;;;;4;2;1;;
31/03/2013;13:45:00;127;sem vítima;592,5;BR-116/BA;Sul;Colisão Lateral;;;2;;;;;;;;2;;;;
01/04/2013;10:49:00;99;sem vítima;5;BR-116/BA - ContSuFS;;Colisão Lateral;1;;1;;;;;;;;4;;;;
01/04/2013;22:24:00;246;sem vítima;15,5;BR-116/BA - Cont VC;;Saida de Pista;1;;;;;;;;;;3;;;;
01/04/2013;07:56:00;47;com vítima;428,1;BR-116/BA;Norte;Colisão Traseira;;;;1;;;;;;1;22;1;;;
01/04/2013;16:48:00;187;sem vítima;584,3;BR-324/BA;Leste;Saida de Pista;1;;;;;;;;;;1;;;;
01/04/2013;17:51:00;205;sem vítima;607;BR-324/BA;Leste;Engavetamento;4;;;;;1;;;;;5;;;;
01/04/2013;10:38:00;95;com vítima;613;BR-324/BA;Leste;Engavetamento;3;;;;;;;;;;5;3;;;
01/04/2013;07:01:00;39;sem vítima;621,8;BR-324/BA;Leste;Engavetamento;3;;;;;;;;;;3;;;;
01/04/2013;22:14:00;243;com vítima;708,1;BR-116/BA;Sul;Saida de Pista;;;;;;;;;;1;3;3;;;
01/04/2013;15:45:00;177;com vítima;759,2;BR-116/BA;Sul;Colisão Lateral;;;1;1;;;;;;;1;1;;;
02/04/2013;15:57:00;136;sem vítima;579;BR-324/BA;Oeste;Capotamento;1;;;;;;;;;;1;;;;
02/04/2013;09:27:00;68;sem vítima;617,6;BR-324/BA;Leste;Engavetamento;3;;;;;;;;;;3;;;;
02/04/2013;22:09:00;204;sem vítima;622,3;BR-324/BA;Oeste;Colisão Traseira;2;;;;;;;;;;5;;;;
02/04/2013;05:35:00;16;com vítima;566;BR-116/BA;Norte;Saida de Pista;;;1;;;;;;;;0;1;;;
02/04/2013;07:15:00;34;com vítima;683,8;BR-116/BA;Sul;Saida de Pista;1;;;;;;;;;;0;1;;;
03/04/2013;23:36:00;188;com vítima;11,2;BR-116/BA - Cont VC;;Saida de Pista;;;;;;;;;;1;1;1;;;
03/04/2013;06:55:00;26;sem vítima;15,6;BR-116/BA - Cont VC;;Colisão Traseira;1;;;;1;;;;;;56;;;;
03/04/2013;18:48:00;147;sem vítima;518,2;BR-324/BA;Oeste;Colisão Traseira;;;2;;;;;;;;2;;;;
03/04/2013;14:20:00;93;com vítima;454;BR-116/BA;Norte;Colisão Frontal;;;2;;;;;;;;1;;1;;1
03/04/2013;22:46:00;184;sem vítima;456;BR-116/BA;Norte;Colisão Traseira;;;2;;;;;;;;2;;;;
03/04/2013;22:46:00;194;sem vítima;456,5;BR-116/BA;Sul;Colisão Traseira;;;2;;;;;;;;2;;;;
03/04/2013;04:08:00;15;com vítima;576,3;BR-324/BA;Leste;Saida de Pista;1;;;;;;;;;;0;;2;;
04/04/2013;13:20:00;122;sem vítima;7;BR-116/BA - ContSuFS;;Colisão Lateral;;;1;1;;;;;;;4;;;;
04/04/2013;18:11:00;174;sem vítima;426,9;BR-116/BA;Sul;Colisão Lateral;1;;;;;1;;;;;2;;;;
04/04/2013;11:44:00;107;sem vítima;437;BR-116/BA;Norte;Colisão Traseira;1;;;;;1;;;;;2;;;;
04/04/2013;09:53:00;85;com vítima;523;BR-324/BA;Oeste;Queda de Moto;;;;1;;1;;;;;0;2;;;
04/04/2013;17:49:00;182;sem vítima;526;BR-324/BA;Leste;Engavetamento;2;;;1;;;;;;;3;;;;
04/04/2013;17:26:00;168;com vítima;526,05;BR-324/BA;Leste;Engavetamento;1;;1;;1;;;;;1;37;1;;;
04/04/2013;16:51:00;160;sem vítima;545;BR-324/BA;Oeste;Colisão Traseira;1;;1;;;;;;;;2;;;;
04/04/2013;17:21:00;166;sem vítima;456,5;BR-116/BA;Norte;Colisão Traseira;;;1;;1;;;;;;2;;;;
04/04/2013;22:23:00;205;sem vítima;573,8;BR-324/BA;Leste;Saida de Pista;;;;;;;;;;1;2;;;;
04/04/2013;12:09:00;109;sem vítima;574;BR-324/BA;Leste;Tombamento;;;1;;;;;;;;1;;;;
04/04/2013;23:41:00;212;sem vítima;607;BR-324/BA;Leste;Colisão Traseira;;;;;;1;;;;1;2;;;;
04/04/2013;10:05:00;89;sem vítima;758,9;BR-116/BA;Sul;Colisão Transversal;2;;;;;;;;;;2;;;;
04/04/2013;00:29:00;3;com vítima;911;BR-116/BA;Norte;Colisão Traseira;1;;;;;1;;;;;1;;1;;
04/04/2013;01:19:00;10;com vítima;921,4;BR-116/BA;Norte;Saida de Pista;;;1;;;;;;;;0;;;1;
04/04/2013;07:16:00;42;sem vítima;921,5;BR-116/BA;Norte;Colisão Traseira;;;1;;;;;;;1;2;;;;
05/04/2013;18:40:00;199;sem vítima;525;BR-324/BA;Oeste;Colisão Traseira;2;;;;;;;;;;3;;;;
05/04/2013;11:50:00;106;com vítima;451;BR-116/BA;Sul;Engavetamento;1;;2;;;;;;;;3;4;;;
05/04/2013;02:52:00;10;sem vítima;471,4;BR-116/BA;Norte;Tombamento;;;1;;;;;;;;1;;;;
05/04/2013;06:34:00;28;sem vítima;482;BR-116/BA;Sul;Colisão Traseira;1;;1;;;;;;;;4;;;;
05/04/2013;06:46:00;31;com vítima;620;BR-324/BA;Leste;Queda de Moto;;;;1;;;;;;;0;1;;;
05/04/2013;21:12:00;232;com vítima;620,8;BR-324/BA;Oeste;Choque - Outros;;;;1;;;;;;;0;;1;;
05/04/2013;11:07:00;95;sem vítima;622;BR-324/BA;Oeste;Colisão Lateral;1;;;;1;;;;;;3;;;;
05/04/2013;08:47:00;54;com vítima;626,2;BR-324/BA;Leste;Queda de Moto;;;;1;;;;;;;0;1;;;
06/04/2013;23:50:00;279;sem vítima;1,5;BA-526;Sul;Saida de Pista;1;;;;;;;;;;2;;;;
06/04/2013;20:51:00;249;com vítima;13,5;BR-116/BA - Cont VC;;Saida de Pista;1;;;;;;;;;;1;1;;;
06/04/2013;18:34:00;216;sem vítima;525,9;BR-324/BA;Oeste;Colisão Traseira;1;;;;;1;;;;;3;;;;
06/04/2013;11:09:00;111;sem vítima;543,3;BR-324/BA;Oeste;Colisão Lateral;;;2;;;;;;;;2;;;;
06/04/2013;19:52:00;239;sem vítima;567,5;BR-324/BA;Oeste;Atropelamento de Animal;1;;;;;;;;;;1;;;;
06/04/2013;20:25:00;245;sem vítima;567,5;BR-324/BA;Leste;Atropelamento de Animal;;;;;;;;;;1;1;;;;
06/04/2013;20:13:00;243;sem vítima;570,2;BR-324/BA;Leste;Atropelamento de Animal;1;;;;;;;;;;1;;;;
06/04/2013;20:28:00;246;sem vítima;578,3;BR-324/BA;Oeste;Atropelamento de Animal;;;1;;;;;;;;1;;;;
06/04/2013;01:29:00;16;com vítima;613,05;BR-324/BA;Leste;Colisão Traseira;2;;;;;;;;;;1;;2;1;
06/04/2013;09:46:00;94;com vítima;620,3;BR-324/BA;Leste;Atropelamento de Pedestre;1;;;;;;;;;;1;1;;;
06/04/2013;21:15:00;256;com vítima;635,3;BR-116/BA;Norte;Queda de Moto;;;;1;;;;;;;0;1;;;
06/04/2013;09:03:00;72;sem vítima;698;BR-116/BA;Sul;Engavetamento;;;4;;;1;;;;;5;;;;
06/04/2013;10:16:00;104;com vítima;722;BR-116/BA;Norte;Saida de Pista;1;;;;;1;;;;;0;2;;;
07/04/2013;19:13:00;200;sem vítima;7;BA-526;Norte;Choque Contra Objeto Fixo;1;;;;;;;;;;1;;;;
07/04/2013;19:38:00;205;sem vítima;546,8;BR-324/BA;Oeste;Colisão Traseira;2;;;;;1;;;;;6;;;;
07/04/2013;16:22:00;159;com vítima;474,8;BR-116/BA;Norte;Saida de Pista;1;;;;;;;;;;0;;1;;
07/04/2013;10:18:00;95;sem vítima;608,3;BR-324/BA;Oeste;Saida de Pista;1;;;;;1;;;;;2;;;;
07/04/2013;14:22:00;137;com vítima;619,5;BR-324/BA;Leste;Saida de Pista;1;;;;;;;;;;0;1;;;
07/04/2013;21:56:00;230;sem vítima;619,9;BR-324/BA;Oeste;Outros;;;;;;;;;;1;1;;;;
07/04/2013;02:35:00;44;com vítima;620,3;BR-324/BA;Leste;Saida de Pista;1;;;1;;;;;;;4;1;;;
07/04/2013;19:39:00;206;com vítima;567,5;BR-116/BA;Sul;Colisão Lateral;;;1;1;;;;;;;1;;;;1
07/04/2013;08:10:00;68;com vítima;645;BR-116/BA;Sul;Saida de Pista;1;;;;;;;;;;0;2;1;;
07/04/2013;18:49:00;193;com vítima;673;BR-116/BA;Norte;Queda de Moto;;;;1;;;;;;;0;1;;;
07/04/2013;21:36:00;224;com vítima;674,8;BR-116/BA;Sul;Queda de Moto;;;;1;;;;;;;0;1;;;
07/04/2013;06:23:00;48;com vítima;698;BR-116/BA;Norte;Colisão Lateral;1;;1;;;;;;;;3;2;;;
08/04/2013;08:47:00;50;sem vítima;9;BR-116/BA - Cont VC;;Saida de Pista;1;;;;;;;;;;1;;;;
08/04/2013;15:05:00;146;sem vítima;543;BR-324/BA;Oeste;Colisão Lateral;2;;;;;;;;;;2;;;;
08/04/2013;14:53:00;144;com vítima;565;BR-324/BA;Leste;Engavetamento;3;;;;;;;;;;2;2;;;
08/04/2013;06:06:00;22;com vítima;600;BR-324/BA;Leste;Queda de Moto;;;;1;;;;;;;0;2;;;
08/04/2013;08:04:00;42;com vítima;611,3;BR-324/BA;Oeste;Queda de Moto;;;;1;;;;;;;0;1;;;
08/04/2013;08:38:00;49;com vítima;617;BR-324/BA;Oeste;Queda de Moto;;;;1;;;;;;;0;1;;;
08/04/2013;19:41:00;209;com vítima;621,3;BR-324/BA;Oeste;Queda de Moto;;;;1;;1;;;;;1;1;;;
08/04/2013;21:22:00;225;sem vítima;566,05;BR-116/BA;Sul;Colisão Traseira;;;2;;;;;;;;2;;;;
08/04/2013;12:52:00;119;sem vítima;827,3;BR-116/BA;Norte;Colisão Transversal;1;;1;;;;;;;;2;;;;
08/04/2013;12:39:00;116;com vítima;850;BR-116/BA;Norte;Atropelamento - Funcionário;;;;;;1;;;;;1;1;;;
09/04/2013;06:58:00;49;com vítima;4;BR-116/BA - ContSuFS;;Colisão Frontal;1;;;1;;;;;;;1;1;;;
09/04/2013;16:49:00;167;sem vítima;448;BR-116/BA;Sul;Colisão Lateral;2;;;;;;;;;;4;;;;
09/04/2013;14:24:00;132;com vítima;615;BR-324/BA;Leste;Capotamento;1;;;;;;;;;;0;;1;1;
09/04/2013;04:31:00;29;com vítima;692;BR-116/BA;Sul;Tombamento;;;1;;;;;;;;0;1;;;
09/04/2013;08:06:00;57;com vítima;814,6;BR-116/BA;Norte;Colisão Traseira;1;;1;;;;;;;;1;1;;;
09/04/2013;18:54:00;192;sem vítima;828,5;BR-116/BA;Sul;Colisão Transversal;1;;;1;;;;;;;2;;;;
09/04/2013;16:15:00;159;sem vítima;926,5;BR-116/BA;Sul;Colisão Lateral;;;2;;;;;;;;2;;;;
10/04/2013;08:31:00;68;sem vítima;4;BR-116/BA - ContSuFS;;Colisão Lateral;1;;;;;;;;;1;2;;;;
10/04/2013;13:22:00;136;sem vítima;5,6;BR-116/BA - ContSuFS;;Colisão Lateral;1;;1;;;;;;;;2;;;;
10/04/2013;16:46:00;190;com vítima;17;BR-116/BA - Cont VC;;Colisão Transversal;1;;;1;;;;;;;1;1;;;
10/04/2013;18:04:00;205;com vítima;453,9;BR-116/BA;Norte;Colisão Frontal;;;2;;;;;;;;1;1;;1;
10/04/2013;23:40:00;259;sem vítima;470;BR-116/BA;Sul;Tombamento;;;1;;;;;;;;1;;;;
10/04/2013;16:11:00;184;sem vítima;478;BR-116/BA;Norte;Colisão Traseira;1;;1;;;;;;;;7;;;;
10/04/2013;20:47:00;231;sem vítima;484;BR-116/BA;Sul;Colisão Lateral;;;1;;;1;;;;;2;;;;
10/04/2013;06:25:00;38;sem vítima;620;BR-324/BA;Oeste;Tombamento;;;1;;;;;;;;1;;;;
10/04/2013;06:25:00;61;com vítima;620;BR-324/BA;Oeste;Atropelamento de Pedestre;;;;;;1;;;;;1;;1;;
10/04/2013;07:59:00;60;com vítima;817,9;BR-116/BA;Norte;Colisão Lateral;2;;;;;;;;;;2;2;;;
10/04/2013;22:27:00;248;sem vítima;905,1;BR-116/BA;Norte;Colisão Traseira;1;;;;;1;;;;;3;;;;
11/04/2013;09:01:00;73;sem vítima;8,1;BR-116/BA - Cont VC;;Colisão Lateral;1;;;1;;;;;;;2;;;;
11/04/2013;19:42:00;221;com vítima;519;BR-324/BA;Oeste;Saida de Pista;1;;;;;;;;;;0;1;;;
11/04/2013;17:33:00;191;sem vítima;576;BR-324/BA;Oeste;Colisão Traseira;1;;1;;;;;;;;2;;;;
11/04/2013;19:59:00;225;com vítima;594;BR-324/BA;Oeste;Colisão Traseira;2;;1;;;;;;;;7;1;;;
11/04/2013;03:48:00;14;sem vítima;508,6;BR-116/BA;Norte;Atropelamento de Animal;;;1;;;;1;;;;2;;;;
11/04/2013;09:05:00;75;com vítima;622,4;BR-116/BA;Norte;Colisão Lateral;;;2;;;;;;;;1;1;;;
12/04/2013;15:44:00;177;sem vítima;431;BR-116/BA;Norte;Colisão Traseira;1;;;;1;;;;;;2;;;;
12/04/2013;20:25:00;257;sem vítima;541,9;BR-324/BA;Leste;Colisão Lateral;1;;1;;;;;;;;3;;;;
12/04/2013;19:40:00;248;com vítima;548;BR-324/BA;Leste;Capotamento;1;;;;;;;;;;0;;1;;
12/04/2013;16:39:00;199;sem vítima;606;BR-324/BA;Leste;Colisão Traseira;2;;;;;;;;;;2;;;;
12/04/2013;15:41:00;176;sem vítima;616;BR-324/BA;Leste;Colisão Traseira;1;;;;1;;;;;;2;;;;
12/04/2013;17:59:00;212;sem vítima;617;BR-324/BA;Oeste;Engavetamento;2;;;;;2;;;;;4;;;;
12/04/2013;21:23:00;262;com vítima;617,05;BR-324/BA;Leste;Colisão Traseira;1;;;;;;;;;1;2;1;;;
12/04/2013;09:56:00;85;sem vítima;620;BR-324/BA;Leste;Engavetamento;2;;;;;;;;;1;3;;;;
12/04/2013;19:43:00;249;com vítima;625,6;BR-324/BA;Oeste;Colisão Traseira;1;;;1;;;;;;;1;;;1;
12/04/2013;18:38:00;232;com vítima;811,5;BR-116/BA;Norte;Colisão Traseira;;;;2;;;;;;;0;2;;;
12/04/2013;17:05:00;203;sem vítima;814,03;BR-116/BA;Sul;Saida de Pista;;;1;;;;;;;;1;;;;
13/04/2013;15:52:00;153;com vítima;11,5;BR-116/BA - Cont VC;;Colisão Transversal;1;;;1;;;;;;;1;1;;;
13/04/2013;21:09:00;218;com vítima;521;BR-324/BA;Leste;Colisão Lateral;1;;;1;;;;;;;1;1;;;
13/04/2013;07:54:00;43;sem vítima;565;BR-324/BA;Oeste;Engavetamento;2;;1;;;;;;;;7;;;;
13/04/2013;17:29:00;187;com vítima;466;BR-116/BA;Norte;Queda de Moto;;;;1;;;;;;;1;1;;;
13/04/2013;16:26:00;164;com vítima;587,9;BR-324/BA;Oeste;Saida de Pista;1;;;;;;;;;;2;1;3;;
13/04/2013;17:16:00;184;sem vítima;587,9;BR-324/BA;Leste;Colisão Traseira;1;;;;;1;;;;;2;;;;
13/04/2013;13:41:00;118;com vítima;537;BR-116/BA;Norte;Colisão Lateral;1;;2;;;;;;;;2;;2;;
13/04/2013;12:24:00;103;com vítima;567,2;BR-116/BA;Sul;Sequência;2;;1;;;;;;;;2;4;;;
13/04/2013;04:11:00;17;com vítima;643,1;BR-116/BA;Norte;Saida de Pista;1;;;;;;;;;;0;;1;;
13/04/2013;16:15:00;162;sem vítima;666;BR-116/BA;Norte;Colisão Traseira;;;2;;;;;;;;2;;;;
13/04/2013;09:22:00;65;sem vítima;698;BR-116/BA;Sul;Colisão Traseira;2;;;;;;;;;;2;;;;
13/04/2013;13:04:00;113;com vítima;818;BR-116/BA;Norte;Colisão Lateral;1;;;1;;;;;;;2;1;;;
13/04/2013;15:48:00;152;com vítima;860,4;BR-116/BA;Sul;Queda de Moto;;;;1;;;;;;;1;1;;;
14/04/2013;00:06:00;1;sem vítima;6;BR-116/BA - ContSuFS;;Atropelamento de Animal;1;;;;;;;;;;1;;;;
14/04/2013;19:20:00;226;sem vítima;556,2;BR-324/BA;Oeste;Sequência;3;;;;;1;;;;;12;;;;
14/04/2013;15:56:00;172;com vítima;560;BR-324/BA;Oeste;Queda de Moto;;;;1;;;;;;;0;1;;;
14/04/2013;01:10:00;12;com vítima;592;BR-324/BA;Oeste;Queda de Moto;;;;1;;;;;;;0;;1;;
14/04/2013;18:00:00;199;com vítima;592;BR-116/BA;Sul;Colisão Traseira;1;;1;;;;;;;;1;;1;;
14/04/2013;07:43:00;51;sem vítima;794;BR-116/BA;Norte;Colisão Lateral;2;;1;;;;;;;;7;;;;
15/04/2013;08:44:00;82;sem vítima;537;BR-324/BA;Oeste;Colisão Traseira;2;;;;;;;;;;2;;;;
15/04/2013;18:17:00;253;sem vítima;541,5;BR-324/BA;Oeste;Atropelamento de Animal;1;;1;;;1;;;;;2;;;;
15/04/2013;12:32:00;154;sem vítima;459;BR-116/BA;Sul;Colisão Lateral;2;;;;;;;;;;2;;;;
15/04/2013;15:03:00;193;sem vítima;583;BR-324/BA;Leste;Saida de Pista;1;;;;;;;;;;1;;;;
15/04/2013;21:00:00;280;com vítima;588,6;BR-324/BA;Oeste;Atropelamento de Animal;1;;;;;;;;;;1;1;;;
15/04/2013;16:21:00;221;sem vítima;606;BR-324/BA;Oeste;Engavetamento;5;;1;;;;;;;;10;;;;
15/04/2013;16:45:00;230;sem vítima;608;BR-324/BA;Oeste;Engavetamento;3;;;;;1;;;;;4;;;;
15/04/2013;23:40:00;302;sem vítima;613;BR-324/BA;Leste;Atropelamento de Animal;1;;;;;;;;;;3;;;;
15/04/2013;07:05:00;50;sem vítima;615;BR-324/BA;Leste;Engavetamento;3;;;;;;;;;;3;;;;
15/04/2013;16:47:00;227;com vítima;620,1;BR-324/BA;Oeste;Atropelamento de Pedestre;1;;;;;;;;;;2;;1;;
15/04/2013;08:52:00;87;sem vítima;623;BR-324/BA;Leste;Engavetamento;3;;;;;;;;;;3;;;;
15/04/2013;17:02:00;234;sem vítima;623;BR-324/BA;Oeste;Colisão Traseira;1;;1;;;;;;;;2;;;;
15/04/2013;07:21:00;54;sem vítima;566;BR-116/BA;Norte;Colisão Traseira;;;2;;;;;;;;2;;;;
16/04/2013;10:49:00;96;com vítima;518;BR-324/BA;Leste;Colisão Traseira;2;;;;;;;;;;1;1;;;
16/04/2013;18:17:00;205;com vítima;455,03;BR-116/BA;Norte;Queda de Moto;;;;1;;;;;;;1;1;;;
16/04/2013;12:19:00;124;com vítima;549,1;BR-324/BA;Oeste;Saida de Pista;1;;;;;;;;;;0;2;;;
16/04/2013;04:21:00;22;sem vítima;568;BR-324/BA;Oeste;Saida de Pista;1;;;;;;;;;;1;;;;
16/04/2013;11:42:00;114;sem vítima;568;BR-324/BA;Leste;Saida de Pista;1;;;;;;;;;;1;;;;
16/04/2013;14:13:00;150;sem vítima;572;BR-324/BA;Oeste;Colisão Traseira;2;;;;;;;;;;2;;;;
16/04/2013;17:17:00;189;sem vítima;572;BR-324/BA;Oeste;Colisão Traseira;2;;;;;;;;;;2;;;;
16/04/2013;11:54:00;116;sem vítima;616;BR-324/BA;Leste;Colisão Frontal;2;;;;;;;;;;3;;;;
16/04/2013;20:39:00;224;com vítima;630,2;BR-116/BA;Norte;Colisão Lateral;1;;1;;;;;;;;1;1;;;
16/04/2013;13:21:00;145;sem vítima;757,5;BR-116/BA;Sul;Colisão Transversal;1;;1;;;;;;;;2;;;;
16/04/2013;21:31:00;232;sem vítima;770,3;BR-116/BA;Sul;Colisão Traseira;;;1;;;1;;;;;2;;;;
16/04/2013;18:18:00;206;sem vítima;892,3;BR-116/BA;Sul;Colisão Traseira;2;;;;;;;;;;2;;;;
16/04/2013;18:06:00;202;sem vítima;910,02;BR-116/BA;Norte;Colisão Traseira;;;2;;;;;;;;3;;;;