data;horario;n_da_ocorrencia;tipo_de_ocorrencia;km;trecho;sentido;tipo_de_acidente;automovel;bicicleta;caminhao;moto;onibus;outros;tracao_animal;transporte_de_cargas_especiais;trator_maquinas;utilitarios;ilesos;levemente_feridos;moderadamente_feridos;gravemente_feridos;mortos
13/06/2013;07:51:00;57;sem vítima;642,4;BR-116/BA;Norte;Colisão Transversal;1;;1;;;;;;;;2;;;;
13/06/2013;15:11:00;178;com vítima;757;BR-116/BA;Norte;Colisão Traseira;1;;1;;;;;;;;2;2;1;;
13/06/2013;17:56:00;235;sem vítima;895;BR-116/BA;Norte;Sequência;;;2;;;;;;;;2;;;;
14/06/2013;10:44:00;121;sem vítima;532,4;BR-324/BA;Leste;Saida de Pista;1;;1;;;1;;;;;3;;;;
14/06/2013;17:41:00;247;sem vítima;533;BR-324/BA;Oeste;Engavetamento;3;;;;;;;;;;3;;;;
14/06/2013;16:23:00;224;sem vítima;459,5;BR-116/BA;Sul;Engavetamento;2;;;1;;;;;;;3;;;;
14/06/2013;03:06:00;14;com vítima;490,2;BR-116/BA;Sul;Capotamento;1;;;;;;;;;;0;;1;;
14/06/2013;19:31:00;276;com vítima;515;BR-116/BA;Sul;Queda de Moto;;;;1;;;;;;;0;1;1;;
14/06/2013;11:45:00;136;com vítima;621;BR-324/BA;Oeste;Saida de Pista;2;;;;;;;;;;1;2;;;
14/06/2013;07:59:00;69;com vítima;623;BR-324/BA;Leste;Colisão Traseira;;;;1;;;;;;1;1;1;;;
14/06/2013;18:06:00;253;com vítima;624;BR-324/BA;Leste;Queda de Moto;;;;1;;;;;;;0;2;;;
14/06/2013;21:53:00;306;sem vítima;669;BR-116/BA;Norte;Atropelamento de Animal;;;1;;;;;;;;1;;;;
14/06/2013;07:14:00;53;com vítima;672;BR-116/BA;Norte;Colisão Lateral;;;1;1;;;;;;;1;;1;;
14/06/2013;09:35:00;92;sem vítima;677;BR-116/BA;Sul;Colisão Traseira;;;2;;;;;;;;2;;;;
14/06/2013;02:20:00;10;sem vítima;829,5;BR-116/BA;Norte;Atropelamento de Animal;1;;;;;;;;;;4;;;;
14/06/2013;10:55:00;126;sem vítima;842;BR-116/BA;Sul;Saida de Pista;1;;;;;;;;;;1;;;;
14/06/2013;12:01:00;140;sem vítima;903;BR-116/BA;Sul;Colisão Traseira;;;1;;;1;;;;;2;;;;
14/06/2013;07:37:00;62;sem vítima;922;BR-116/BA;Sul;Engavetamento;;;3;;;;;;;;3;;;;
15/06/2013;22:26:00;226;com vítima;630,1;BR-116/BA;Sul;Atropelamento de Pedestre;;;;;;1;;;;;1;;1;;
16/06/2013;05:53:00;25;com vítima;441,8;BR-116/BA;Norte;Colisão Lateral;;;3;;;;;;;;2;;;;1
16/06/2013;12:05:00;108;sem vítima;523;BR-324/BA;Leste;Saida de Pista;1;;;;;;;;;;1;;;;
16/06/2013;12:56:00;123;sem vítima;531,6;BR-324/BA;Oeste;Colisão Lateral;1;;1;;;;;;;;2;;;;
16/06/2013;18:54:00;212;sem vítima;537,2;BR-324/BA;Leste;Saida de Pista;1;;;;;;;;;;1;;;;
16/06/2013;19:24:00;219;sem vítima;582;BR-324/BA;Leste;Colisão Traseira;1;;;;;1;;;;;2;;;;
16/06/2013;22:18:00;259;com vítima;497;BR-116/BA;Sul;Colisão Traseira;;;1;;;;;;;1;1;3;;;
16/06/2013;09:45:00;77;sem vítima;603;BR-324/BA;Oeste;Colisão Lateral;;;2;;;;;;;;2;;;;
16/06/2013;15:38:00;157;com vítima;608;BR-324/BA;Leste;Capotamento;1;;;;;;;;;;0;;1;1;
16/06/2013;18:04:00;202;sem vítima;618;BR-324/BA;Oeste;Colisão Traseira;2;;;;;;;;;;2;;;;
16/06/2013;00:26:00;2;sem vítima;622,2;BR-324/BA;Oeste;Saida de Pista;1;;;;;;;;;;1;;;;
16/06/2013;15:24:00;153;sem vítima;718;BR-116/BA;Sul;Saida de Pista;1;;;;;;;;;;2;;;;
16/06/2013;07:34:00;40;com vítima;736;BR-116/BA;Norte;Tombamento;;;1;;;;;;;;0;2;;;
16/06/2013;22:03:00;254;com vítima;756;BR-116/BA;Sul;Colisão Lateral;;;;1;;1;;;;;1;1;;;
16/06/2013;02:02:00;12;com vítima;797,7;BR-116/BA;Norte;Capotamento;1;;;;;;;;;;3;;;1;
16/06/2013;14:52:00;148;com vítima;806,5;BR-116/BA;Norte;Tombamento;;;1;;;;;;;;0;;1;;
17/06/2013;07:11:00;56;com vítima;519;BR-324/BA;Leste;Colisão Traseira;;;;1;1;;;;;;1;1;;;
17/06/2013;16:05:00;242;sem vítima;450,3;BR-116/BA;Norte;Saida de Pista;;;1;;;1;;;;;2;;;;
17/06/2013;14:16:00;200;sem vítima;551;BR-324/BA;Oeste;Colisão Lateral;;;2;;;;;;;;2;;;;
17/06/2013;17:39:00;270;sem vítima;558,5;BR-324/BA;Leste;Saida de Pista;;;;;;;;;;1;1;;;;
17/06/2013;16:56:00;255;sem vítima;569,2;BR-324/BA;Leste;Saida de Pista;;;;;;;;;;1;1;;;;
17/06/2013;17:06:00;259;sem vítima;569,5;BR-324/BA;Leste;Saida de Pista;1;;;;;;;;;;1;;;;
17/06/2013;08:10:00;75;sem vítima;594;BR-324/BA;Leste;Saida de Pista;1;;;;;;;;;;2;;;;
17/06/2013;08:43:00;93;com vítima;602;BR-324/BA;Leste;Colisão Lateral;2;;1;;;;;;;;4;1;;;
17/06/2013;14:58:00;216;sem vítima;616;BR-324/BA;Leste;Saida de Pista;1;;;;;;;;;;1;;;;
17/06/2013;09:53:00;122;sem vítima;617;BR-324/BA;Leste;Engavetamento;2;;1;;;;;;;;8;;;;
17/06/2013;05:12:00;38;sem vítima;620,2;BR-324/BA;Oeste;Saida de Pista;1;;;;;;;;;;1;;;;
17/06/2013;12:24:00;165;com vítima;622;BR-324/BA;Leste;Saida de Pista;;;;;;1;;;;1;4;1;;;
17/06/2013;18:17:00;279;sem vítima;625,5;BR-324/BA;Leste;Colisão Traseira;;;;1;;1;;;;;2;;;;
17/06/2013;00:54:00;8;com vítima;626;BR-324/BA;Oeste;Saida de Pista;1;;;;;;;;;;0;1;;;
17/06/2013;04:42:00;31;sem vítima;567,4;BR-116/BA;Norte;Colisão Transversal;;;1;;;;;;;1;2;;;;
17/06/2013;07:52:00;65;sem vítima;678;BR-116/BA;Norte;Colisão Traseira;;;2;;;;;;;;2;;;;
17/06/2013;00:07:00;2;com vítima;685,5;BR-116/BA;Sul;Saida de Pista;;;1;;;;;;;;0;;;;1
17/06/2013;22:42:00;329;com vítima;828,05;BR-116/BA;Sul;Atropelamento de Animal;;;;1;;;;;;;0;2;;;
17/06/2013;14:13:00;196;sem vítima;931;BR-116/BA;Sul;Colisão Traseira;;;2;;;;;;;;2;;;;
18/06/2013;00:58:00;8;sem vítima;22;BR-116/BA - Cont VC;;Atropelamento de Animal;1;;;;;;1;;;;2;;;;
18/06/2013;09:18:00;102;com vítima;29;BR-116/BA - Cont VC;;Tombamento;;;1;;;;;;;;0;1;;;
18/06/2013;14:36:00;212;sem vítima;439;BR-116/BA;Sul;Saida de Pista;;;1;;;;;;;;1;;;;
18/06/2013;16:58:00;259;com vítima;523;BR-324/BA;Oeste;Colisão Traseira;1;;;1;;;;;;;1;1;;;
18/06/2013;17:31:00;270;sem vítima;580,4;BR-324/BA;Leste;Colisão Traseira;2;;;;;;;;;;2;;;;
18/06/2013;11:22:00;152;com vítima;495;BR-116/BA;Norte;Capotamento;1;;;;;1;;;;;1;1;;;
18/06/2013;10:41:00;133;com vítima;619;BR-324/BA;Oeste;Colisão Traseira;1;;;1;;;;;;;1;;1;;
18/06/2013;18:12:00;284;com vítima;619,5;BR-324/BA;Leste;Colisão Traseira;2;;;;;;;;;;2;1;;;
18/06/2013;07:02:00;46;sem vítima;799;BR-116/BA;Norte;Saida de Pista;1;;;;;;;;;;1;;;;
18/06/2013;16:07:00;240;sem vítima;905,7;BR-116/BA;Sul;Colisão Lateral;1;;1;;;;;;;;3;;;;
19/06/2013;10:55:00;154;com vítima;14;BR-116/BA - Cont VC;;Colisão Lateral;;;1;1;;;;;;;1;2;;;
19/06/2013;08:46:00;97;sem vítima;25;BR-116/BA - Cont VC;;Colisão Traseira;2;;;;;;;;;;2;;;;
19/06/2013;02:38:00;18;sem vítima;538;BR-324/BA;Leste;Capotamento;1;;;;;1;;;;;2;;;;
19/06/2013;19:14:00;311;sem vítima;482;BR-116/BA;Sul;Colisão Lateral;1;;;;;1;;;;;2;;;;
19/06/2013;17:20:00;275;com vítima;592,5;BR-324/BA;Oeste;Queda de Moto;;;;1;;;;;;;0;1;1;;
19/06/2013;07:26:00;62;sem vítima;603;BR-324/BA;Oeste;Colisão Traseira;2;;;;;1;;;;;3;;;;
19/06/2013;10:05:00;130;sem vítima;603;BR-324/BA;Leste;Engavetamento;3;;;;;;;;;;3;;;;
19/06/2013;21:01:00;336;com vítima;615,3;BR-324/BA;Oeste;Atropelamento de Pedestre;;;;;;;;;;1;0;2;;;2
19/06/2013;11:30:00;163;com vítima;618,7;BR-324/BA;Leste;Colisão Traseira;1;;;1;;;;;;;2;;1;;
19/06/2013;22:10:00;351;sem vítima;568,9;BR-116/BA;Norte;Colisão Lateral;;;2;;;;;;;;2;;;;
19/06/2013;19:09:00;310;com vítima;618;BR-116/BA;Norte;Colisão Lateral;1;;1;;;;;;;;2;1;1;;
19/06/2013;11:51:00;171;sem vítima;827;BR-116/BA;Norte;Colisão Traseira;2;;;;;;;;;;2;;;;
19/06/2013;15:38:00;233;com vítima;828,4;BR-116/BA;Sul;Queda de Moto;;;;1;;;;;;;0;1;;;
19/06/2013;11:42:00;168;com vítima;836,4;BR-116/BA;Sul;Tombamento;;;1;;;;;;;;0;1;;;
19/06/2013;09:01:00;103;sem vítima;863;BR-116/BA;Sul;Colisão Lateral;1;;1;;;;;;;;4;;;;
20/06/2013;08:44:00;89;com vítima;521;BR-324/BA;Oeste;Queda de Moto;;;;1;;;;;;;0;1;;;
20/06/2013;11:23:00;163;com vítima;521;BR-324/BA;Leste;Engavetamento;2;;1;;;1;;;;;3;2;;;
20/06/2013;11:44:00;174;sem vítima;546;BR-324/BA;Oeste;Engavetamento;2;;;;;;;;;1;3;;;;
20/06/2013;16:30:00;268;sem vítima;555;BR-324/BA;Oeste;Colisão Traseira;2;;;;;;;;;;3;;;;
20/06/2013;01:25:00;1;sem vítima;596,6;BR-324/BA;Leste;Saida de Pista;1;;;;;;;;;;3;;;;
20/06/2013;07:27:00;55;sem vítima;574;BR-116/BA;Sul;Sequência;2;;1;;;;;;;1;11;;;;
20/06/2013;11:02:00;149;sem vítima;654;BR-116/BA;Sul;Saida de Pista;;;;;1;;;;;;1;;;;
20/06/2013;02:38:00;9;com vítima;655;BR-116/BA;Sul;Tombamento;;;1;;;;;;;;0;1;;;
20/06/2013;18:52:00;306;com vítima;827,7;BR-116/BA;Sul;Atropelamento de Pedestre;1;;;;;;;;;;1;1;;;
20/06/2013;09:50:00;109;com vítima;891;BR-116/BA;Sul;Queda de Moto;;;;1;;;;;;;0;;1;;
20/06/2013;15:36:00;256;sem vítima;905,4;BR-116/BA;Sul;Colisão Frontal;2;;;;;;;;;;2;;;;
21/06/2013;09:22:00;86;sem vítima;520;BR-324/BA;Oeste;Colisão Lateral;2;;;;;;;;;;2;;;;
21/06/2013;20:49:00;323;sem vítima;537,8;BR-324/BA;Leste;Colisão Lateral;;;;;1;1;;;;;20;;;;
21/06/2013;16:19:00;214;sem vítima;545;BR-324/BA;Oeste;Colisão Traseira;2;;;;;;;;;;3;;;;
21/06/2013;12:43:00;148;sem vítima;556;BR-324/BA;Oeste;Engavetamento;3;;;;;;;;;;3;;;;
21/06/2013;13:39:00;160;sem vítima;556,5;BR-324/BA;Oeste;Colisão Traseira;2;;;;;;;;;;5;;;;
21/06/2013;18:25:00;260;sem vítima;560,2;BR-324/BA;Oeste;Colisão Traseira;1;;;;;1;;;;;2;;;;
21/06/2013;10:24:00;107;sem vítima;585;BR-324/BA;Leste;Saida de Pista;1;;;;;;;;;;1;;;;
21/06/2013;10:21:00;106;sem vítima;494;BR-116/BA;Norte;Outros;;;1;;;;;;;;1;;;;
21/06/2013;12:59:00;150;sem vítima;605;BR-324/BA;Oeste;Colisão Traseira;3;;;;;;;;;;3;;;;
21/06/2013;20:01:00;303;sem vítima;618,7;BR-324/BA;Leste;Colisão Traseira;1;;1;;;;;;;;3;;;;
21/06/2013;23:01:00;362;sem vítima;622,5;BR-324/BA;Oeste;Queda de Moto;;;;1;;;;;;;1;;;;
21/06/2013;01:16:00;7;com vítima;539;BR-116/BA;Norte;Saida de Pista;1;;;;;;;;;;0;;1;1;
21/06/2013;06:09:00;38;sem vítima;570;BR-116/BA;Sul;Saida de Pista;1;;;;;;;;;;6;;;;
21/06/2013;10:36:00;111;sem vítima;626;BR-116/BA;Norte;Saida de Pista;1;;;;;;;;;;5;;;;
21/06/2013;21:54:00;344;com vítima;634,5;BR-116/BA;Sul;Colisão Frontal;2;;;;;;;;;;3;1;3;;
21/06/2013;08:54:00;79;com vítima;641;BR-116/BA;Norte;Colisão Traseira;;;1;;;;;;;1;1;1;;;
21/06/2013;20:48:00;322;com vítima;669;BR-116/BA;Sul;Queda de Moto;;;;1;;;;;;;0;1;;;
21/06/2013;18:10:00;250;com vítima;670;BR-116/BA;Sul;Queda de Moto;;;;1;;;;;;;0;1;;;
21/06/2013;21:37:00;338;com vítima;743,4;BR-116/BA;Sul;Queda de Moto;;;;1;;;;;;;0;;;;1
21/06/2013;22:11:00;349;com vítima;783,2;BR-116/BA;Norte;Colisão Lateral;1;;;;;1;;;;;5;2;;;
21/06/2013;05:54:00;35;sem vítima;856,3;BR-116/BA;Sul;Saida de Pista;;;;;1;1;;;;;29;;;;
22/06/2013;14:31:00;315;sem vítima;6;BR-116/BA - ContSuFS;;Colisão Lateral;1;;;;1;;;;;;2;;;;
22/06/2013;14:16:00;308;sem vítima;426,5;BR-116/BA;Sul;Colisão Lateral;;;;;;;;;;2;2;;;;
22/06/2013;04:15:00;54;com vítima;431;BR-116/BA;Sul;Colisão Frontal;2;;;;;;;;;;5;1;;;
22/06/2013;10:10:00;208;sem vítima;535;BR-324/BA;Leste;Colisão Lateral;1;;1;;;;;;;;2;;;;
22/06/2013;11:22:00;237;sem vítima;538;BR-324/BA;Oeste;Colisão Lateral;1;;1;;;;;;;;2;;;;
22/06/2013;04:35:00;60;sem vítima;541;BR-324/BA;Oeste;Colisão Traseira;1;;;1;;;;;;;2;;;;
22/06/2013;06:55:00;116;sem vítima;552;BR-324/BA;Oeste;Colisão Traseira;1;;;1;;;;;;;2;;;;
22/06/2013;09:32:00;194;sem vítima;460;BR-116/BA;Sul;Colisão Traseira;;;2;;;;;;;;3;;;;
22/06/2013;06:19:00;85;sem vítima;555;BR-324/BA;Oeste;Engavetamento;2;;;;;1;;;;;3;;;;
22/06/2013;06:39:00;90;sem vítima;557;BR-324/BA;Oeste;Colisão Traseira;2;;;;;;;;;;11;;;;
22/06/2013;09:02:00;179;sem vítima;558;BR-324/BA;Leste;Engavetamento;3;;;;;;;;;;3;;;;
22/06/2013;15:30:00;335;sem vítima;559;BR-324/BA;Oeste;Capotamento;1;;;;;;;;;;1;;;;
22/06/2013;08:34:00;160;sem vítima;560,5;BR-324/BA;Oeste;Engavetamento;3;;;;;;;;;;3;;;;
22/06/2013;13:44:00;303;sem vítima;561;BR-324/BA;Oeste;Saida de Pista;1;;;;;;;;;;1;;;;
22/06/2013;07:00:00;107;sem vítima;574;BR-324/BA;Oeste;Engavetamento;3;;;;;;;;;;3;;;;
22/06/2013;11:38:00;244;sem vítima;577;BR-324/BA;Leste;Saida de Pista;;;1;;;;;;;;1;;;;
22/06/2013;16:31:00;367;com vítima;595;BR-324/BA;Oeste;Queda de Moto;;;;1;;;;;;;1;1;;;
22/06/2013;10:54:00;225;sem vítima;599;BR-324/BA;Leste;Colisão Traseira;1;;1;;;;;;;;2;;;;
22/06/2013;10:50:00;223;sem vítima;593;BR-116/BA;Sul;Saida de Pista;;;;;;;;;;1;4;;;;
22/06/2013;05:24:00;70;sem vítima;657;BR-116/BA;Norte;Colisão Lateral;1;;;;1;;;;;;2;;;;
22/06/2013;23:02:00;464;com vítima;783;BR-116/BA;Sul;Queda de Moto;;;;1;;;;;;;0;;1;;
22/06/2013;14:10:00;306;com vítima;828,6;BR-116/BA;Sul;Queda de Moto;;;1;1;;;;;;;0;1;;;
22/06/2013;22:50:00;462;sem vítima;852,3;BR-116/BA;Norte;Saida de Pista;1;;;;;;;;;;5;;;;
23/06/2013;19:19:00;245;com vítima;5;BR-116/BA - ContSuFS;;Engavetamento;1;;;1;;1;;;;1;4;;1;;
23/06/2013;04:53:00;44;com vítima;6;BR-116/BA - ContSuFS;;Colisão Frontal;2;;;;;;;;;;3;2;;;
23/06/2013;15:20:00;191;com vítima;438;BR-116/BA;Sul;Queda de Moto;;;;1;;1;;;;;1;1;1;;
23/06/2013;19:05:00;240;com vítima;542;BR-324/BA;Leste;Queda de Moto;;;;1;;;;;;;1;1;;;
23/06/2013;05:35:00;54;com vítima;554;BR-324/BA;Oeste;Queda de Moto;;;;1;;1;;;;;1;1;;;
23/06/2013;09:23:00;95;sem vítima;462,2;BR-116/BA;Sul;Atropelamento - Outros;;;1;;;1;;;;;2;;;;
23/06/2013;14:39:00;172;sem vítima;586;BR-324/BA;Leste;Saida de Pista;1;;;;;;;;;;5;;;;
23/06/2013;05:14:00;46;com vítima;587,5;BR-324/BA;Leste;Capotamento;1;;;;;;;;;;1;3;;;
23/06/2013;19:31:00;248;com vítima;597,5;BR-324/BA;Oeste;Queda de Moto;;;;1;;;;;;;0;1;;;
23/06/2013;05:18:00;47;com vítima;537;BR-116/BA;Sul;Queda de Moto;;;;1;;;;;;;0;1;;;
23/06/2013;03:29:00;37;sem vítima;757;BR-116/BA;Norte;Colisão Traseira;;;1;;;1;;;;;2;;;;
23/06/2013;18:07:00;230;com vítima;767,5;BR-116/BA;Sul;Colisão Traseira;1;;1;;;;;;;;1;1;;;
23/06/2013;03:23:00;36;com vítima;817,4;BR-116/BA;Norte;Atropelamento de Animal;1;;;;;;;;;;0;4;;;
23/06/2013;15:06:00;182;sem vítima;829,5;BR-116/BA;Sul;Saida de Pista;1;;;;;;;;;;2;;;;
23/06/2013;08:33:00;88;com vítima;904;BR-116/BA;Norte;Tombamento;;;1;;;;;;;;0;;1;;
24/06/2013;20:47:00;350;com vítima;5;BR-116/BA - ContSuFS;;Queda de Moto;;;;1;;;;;;;0;;1;;
24/06/2013;02:07:00;13;sem vítima;553,5;BR-324/BA;Oeste;Saida de Pista;1;;;;;;;;;;1;;;;
24/06/2013;21:00:00;357;com vítima;460;BR-116/BA;Sul;Colisão Traseira;1;;;;1;;;;;;1;2;;;
24/06/2013;19:51:00;329;sem vítima;560;BR-324/BA;Oeste;Colisão Lateral;1;;;;;1;;;;;2;;;;
24/06/2013;16:28:00;250;sem vítima;569;BR-324/BA;Leste;Colisão Traseira;2;;;;;;;;;;2;;;;
24/06/2013;16:19:00;249;sem vítima;572;BR-324/BA;Leste;Saida de Pista;1;;;;;;;;;;1;;;;
24/06/2013;15:38:00;234;sem vítima;578;BR-324/BA;Leste;Engavetamento;1;;;;;2;;;;;3;;;;
24/06/2013;18:31:00;296;sem vítima;586;BR-324/BA;Oeste;Saida de Pista;1;;;;;;;;;;1;;;;
24/06/2013;06:31:00;41;sem vítima;592;BR-324/BA;Leste;Saida de Pista;1;;;;;;;;;;1;;;;
24/06/2013;19:57:00;332;sem vítima;592,5;BR-324/BA;Leste;Colisão Traseira;2;;;;;;;;;;7;;;;
24/06/2013;06:51:00;47;sem vítima;594,4;BR-324/BA;Oeste;Colisão Traseira;1;;;;;1;;;;;5;;;;
24/06/2013;16:53:00;261;com vítima;605;BR-324/BA;Leste;Colisão Traseira;2;;;;;;;;;;1;1;;;
24/06/2013;15:52:00;240;sem vítima;567;BR-116/BA;Sul;Colisão Transversal;1;;1;;;;;;;;6;;;;
24/06/2013;02:48:00;15;sem vítima;644,2;BR-116/BA;Norte;Tombamento;;;1;;;;;;;;2;;;;
24/06/2013;18:56:00;309;sem vítima;669,5;BR-116/BA;Sul;Atropelamento de Animal;;;;;;;;;;1;3;;;;
24/06/2013;20:27:00;343;com vítima;765;BR-116/BA;Sul;Colisão Frontal;1;;1;;;;;;;;2;;;;2
24/06/2013;14:22:00;207;sem vítima;777;BR-116/BA;Norte;Saida de Pista;;;1;;;;;;;;1;;;;
25/06/2013;18:15:00;328;com vítima;17;BR-116/BA - Cont VC;;Colisão Transversal;2;;;;;;;;;;2;2;;;
25/06/2013;20:40:00;375;sem vítima;445;BR-116/BA;Norte;Colisão Traseira;;;2;;;;;;;;2;;;;
25/06/2013;06:22:00;73;sem vítima;541;BR-324/BA;Oeste;Colisão Traseira;1;;;1;;;;;;;2;;;;
25/06/2013;07:08:00;94;com vítima;546;BR-324/BA;Leste;Colisão Traseira;2;;;;;;;;;;8;1;;;
25/06/2013;19:17:00;345;sem vítima;459;BR-116/BA;Sul;Colisão Traseira;2;;;;;;;;;;3;;;;
25/06/2013;11:07:00;197;sem vítima;552;BR-324/BA;Oeste;Colisão Traseira;2;;1;;;;;;;;3;;;;
25/06/2013;15:58:00;286;sem vítima;557,5;BR-324/BA;Leste;Engavetamento;3;;;;;;;;;;3;;;;
25/06/2013;06:32:00;77;sem vítima;558;BR-324/BA;Leste;Colisão Traseira;1;;;;;1;;;;;2;;;;
25/06/2013;07:20:00;105;sem vítima;564;BR-324/BA;Leste;Saida de Pista;1;;;;;;;;;;2;;;;
25/06/2013;15:50:00;283;sem vítima;564;BR-324/BA;Leste;Colisão Traseira;1;;;;1;;;;;;2;;;;
25/06/2013;03:37:00;45;sem vítima;565;BR-324/BA;Oeste;Atropelamento de Animal;;;;;;;;;;1;1;;;;
25/06/2013;08:43:00;131;sem vítima;569;BR-324/BA;Leste;Colisão Traseira;2;;;;;;;;;;6;;;;
25/06/2013;06:02:00;70;sem vítima;572,2;BR-324/BA;Leste;Engavetamento;5;;;;;;;;;;5;;;;
25/06/2013;17:31:00;312;com vítima;572,5;BR-324/BA;Leste;Queda de Moto;;;;1;;;;;;;0;1;;;
25/06/2013;19:02:00;340;sem vítima;585,3;BR-324/BA;Leste;Colisão Lateral;1;;1;;;;;;;;6;;;;
25/06/2013;19:40:00;355;sem vítima;598,2;BR-324/BA;Oeste;Saida de Pista;;;1;;;;;;;;1;;;;
25/06/2013;13:00:00;231;sem vítima;599;BR-324/BA;Leste;Colisão Lateral;1;;1;;;;;;;;2;;;;
25/06/2013;13:31:00;239;sem vítima;599;BR-324/BA;Leste;Colisão Traseira;1;;1;;;;;;;;2;;;;
25/06/2013;21:45:00;391;sem vítima;599,5;BR-324/BA;Leste;Colisão Lateral;2;;;;;;;;;;9;;;;
25/06/2013;09:20:00;146;com vítima;602;BR-324/BA;Leste;Engavetamento;3;;;;;;;;;;10;1;;;
25/06/2013;02:37:00;35;sem vítima;602;BR-116/BA;Sul;Saida de Pista;1;;;;;;;;;;1;;;;
25/06/2013;16:18:00;295;com vítima;615;BR-116/BA;Norte;Colisão Frontal;2;;1;;;1;;;;;3;;2;;
25/06/2013;14:52:00;264;com vítima;647;BR-116/BA;Norte;Queda de Moto;;;;1;;;;;;;0;1;;;
25/06/2013;08:39:00;130;com vítima;693;BR-116/BA;Sul;Saida de Pista;1;;1;;;1;;;;;2;1;;;
25/06/2013;18:25:00;332;com vítima;839;BR-116/BA;Norte;Queda de Moto;;;;1;;;;;;;1;1;;;
25/06/2013;11:59:00;215;sem vítima;869;BR-116/BA;Norte;Saida de Pista;1;;1;;;;;;;;2;;;;
26/06/2013;20:44:00;261;sem vítima;0;BR-116/BA - ContSuFS;;Queda de Moto;;;;1;;;;;;;1;;;;
26/06/2013;06:33:00;39;com vítima;426,8;BR-116/BA;Sul;Colisão Frontal;1;;1;;;;;;;;1;1;;4;
26/06/2013;11:27:00;123;sem vítima;427,7;BR-116/BA;Norte;Colisão Traseira;;;2;;;;;;;;2;;;;
26/06/2013;15:44:00;194;sem vítima;522,8;BR-324/BA;Oeste;Colisão Traseira;1;;1;;;;;;;;2;;;;
26/06/2013;15:59:00;200;sem vítima;461;BR-116/BA;Norte;Colisão Traseira;1;;1;;;;;;;;4;;;;
26/06/2013;03:59:00;15;sem vítima;599;BR-324/BA;Leste;Colisão Traseira;;;2;;;;;;;;3;;;;
26/06/2013;08:05:00;62;sem vítima;619;BR-324/BA;Oeste;Colisão Lateral;1;;1;;;;;;;;2;;;;
26/06/2013;08:16:00;67;sem vítima;619;BR-324/BA;Oeste;Colisão Lateral;1;;1;;;;;;;;2;;;;
26/06/2013;21:24:00;268;com vítima;623,3;BR-324/BA;Oeste;Colisão Traseira;1;;;;;1;;;;;1;1;;;
26/06/2013;14:45:00;175;sem vítima;570;BR-116/BA;Sul;Saida de Pista;;;1;;;;;;;;1;;;;
27/06/2013;12:01:00;114;com vítima;1;BR-116/BA - ContSuFS;;Engavetamento;1;;2;;;;;;;;2;2;;;
27/06/2013;11:45:00;118;sem vítima;442;BR-116/BA;Norte;Saida de Pista;1;;;;;;;;;;1;;;;
27/06/2013;23:23:00;275;sem vítima;458,1;BR-116/BA;Norte;Tombamento;;;1;;;;;;;;1;;;;
27/06/2013;14:53:00;147;sem vítima;573;BR-324/BA;Oeste;Saida de Pista;;;1;;;;;;;;1;;;;
27/06/2013;10:00:00;85;com vítima;574;BR-324/BA;Leste;Colisão Transversal;1;;1;;;;;;;;2;1;;;
27/06/2013;12:13:00;117;sem vítima;574;BR-324/BA;Leste;Colisão Traseira;2;;;;;;;;;;2;;;;
27/06/2013;10:27:00;88;sem vítima;597;BR-324/BA;Oeste;Capotamento;1;;;;;;;;;;1;;;;
27/06/2013;17:18:00;190;com vítima;605,2;BR-324/BA;Leste;Colisão Lateral;2;;;;;;;;;;1;1;1;;
27/06/2013;13:22:00;134;com vítima;617;BR-324/BA;Leste;Capotamento;1;;;;;1;;;;;1;1;;;
27/06/2013;16:10:00;171;sem vítima;618;BR-324/BA;Oeste;Colisão Lateral;1;;1;;;;;;;;2;;;;
27/06/2013;08:39:00;54;sem vítima;567;BR-116/BA;Sul;Saida de Pista;1;;;;;;;;;;3;;;;
27/06/2013;10:00:00;84;com vítima;591,5;BR-116/BA;Sul;Engavetamento;1;;3;;;;;;;;3;2;1;;
27/06/2013;07:30:00;34;sem vítima;709,5;BR-116/BA;Sul;Colisão Traseira;;;1;;;;;;;1;3;;;;
28/06/2013;15:49:00;172;sem vítima;522;BR-324/BA;Oeste;Colisão Lateral;1;;1;;;;;;;;2;;;;
28/06/2013;06:04:00;33;com vítima;523;BR-324/BA;Leste;Saida de Pista;;;;;;;;;;1;0;;1;;1
28/06/2013;20:16:00;248;com vítima;465;BR-116/BA;Sul;Colisão Lateral;;;1;;1;1;;;;1;2;1;;;2
28/06/2013;14:46:00;155;sem vítima;618;BR-324/BA;Oeste;Colisão Lateral;1;;1;;;;;;;;2;;;;
28/06/2013;19:59:00;241;sem vítima;857,7;BR-116/BA;Norte;Colisão Frontal;2;;;;;;;;;;2;;;;
28/06/2013;11:42:00;115;sem vítima;931;BR-116/BA;Sul;Colisão Traseira;1;;;;;;;;;1;2;;;;
29/06/2013;09:34:00;74;com vítima;6;BR-116/BA - ContSuFS;;Queda de Moto;;;;1;;;;;;;0;1;;;
29/06/2013;19:09:00;240;sem vítima;524;BR-324/BA;Oeste;Queda de Moto;;;;2;;;;;;;2;;;;
29/06/2013;20:00:00;253;com vítima;530,3;BR-324/BA;Oeste;Queda de Moto;;;;1;;;;;;;0;1;;;
29/06/2013;18:12:00;229;sem vítima;449,5;BR-116/BA;Sul;Colisão Traseira;1;;;;;1;;;;;3;;;;
29/06/2013;12:37:00;124;sem vítima;535;BR-324/BA;Leste;Saida de Pista;1;;;;;;;;;;5;;;;