data;horario;n_da_ocorrencia;tipo_de_ocorrencia;km;trecho;sentido;tipo_de_acidente;automovel;bicicleta;caminhao;moto;onibus;outros;tracao_animal;transporte_de_cargas_especiais;trator_maquinas;utilitarios;ilesos;levemente_feridos;moderadamente_feridos;gravemente_feridos;mortos
29/06/2013;08:53:00;62;sem vítima;573;BR-324/BA;Oeste;Colisão Traseira;;;2;;;;;;;;2;;;;
29/06/2013;09:14:00;68;sem vítima;574;BR-324/BA;Oeste;Colisão Traseira;2;;;;;;;;;;6;;;;
29/06/2013;15:26:00;179;com vítima;575;BR-324/BA;Oeste;Capotamento;1;;;;;;;;;;3;2;;;
29/06/2013;08:55:00;63;sem vítima;580;BR-324/BA;Leste;Saida de Pista;1;;;;;;;;;;2;;;;
29/06/2013;08:01:00;49;sem vítima;482;BR-116/BA;Sul;Colisão Traseira;1;;1;;;;;;;;2;;;;
29/06/2013;14:11:00;153;com vítima;603;BR-324/BA;Oeste;Capotamento;1;;;;;;;;;;3;;1;;
29/06/2013;12:41:00;125;sem vítima;618;BR-324/BA;Leste;Colisão Lateral;1;;1;;;;;;;;3;;;;
29/06/2013;18:32:00;237;sem vítima;619;BR-324/BA;Oeste;Colisão Traseira;1;;;;;1;;;;;2;;;;
29/06/2013;18:57:00;239;sem vítima;620,2;BR-324/BA;Oeste;Colisão Traseira;2;;;;;;;;;;5;;;;
29/06/2013;23:38:00;289;com vítima;656,5;BR-116/BA;Norte;Saida de Pista;1;;;;;;;;;;0;3;;;
29/06/2013;15:07:00;174;sem vítima;929,6;BR-116/BA;Norte;Colisão Traseira;;;2;;;;;;;;2;;;;
30/06/2013;23:35:00;251;sem vítima;16;BR-116/BA - Cont VC;;Atropelamento de Animal;1;;;;;;;;;;1;;;;
30/06/2013;05:52:00;37;sem vítima;579;BR-324/BA;Leste;Colisão Traseira;1;;;;;1;;;;;2;;;;
30/06/2013;14:36:00;149;sem vítima;603;BR-324/BA;Leste;Colisão Lateral;;;2;;;1;;;;;3;;;;
30/06/2013;03:29:00;26;sem vítima;610;BR-324/BA;Leste;Saida de Pista;1;;;;;;;;;;1;;;;
30/06/2013;03:31:00;29;sem vítima;618;BR-324/BA;Oeste;Colisão Frontal;2;;;;;;;;;;4;;;;
30/06/2013;08:50:00;77;com vítima;568;BR-116/BA;Norte;Tombamento;;;1;;;;;;;;0;1;1;;
30/06/2013;00:51:00;4;com vítima;639,4;BR-116/BA;Sul;Saida de Pista;;;;;;;;;;1;0;1;;;
30/06/2013;07:35:00;187;com vítima;643;BR-116/BA;Norte;Colisão Lateral;1;;5;;;;;;;;5;;;;1
30/06/2013;18:43:00;195;sem vítima;666;BR-116/BA;Norte;Colisão Traseira;;;2;;;;;;;;2;;;;
30/06/2013;10:36:00;98;com vítima;777;BR-116/BA;Norte;Colisão Transversal;2;;;;;;;;;;5;1;;;
30/06/2013;11:16:00;112;com vítima;808,7;BR-116/BA;Norte;Saida de Pista;1;;;;;;;;;;3;1;;;
30/06/2013;07:01:00;49;com vítima;809,2;BR-116/BA;Norte;Colisão Frontal;2;;;1;;;;;;;1;3;4;;3
30/06/2013;17:11:00;176;com vítima;817;BR-116/BA;Norte;Colisão Traseira;1;;;1;;;;;;;1;1;;;
30/06/2013;06:06:00;39;com vítima;841,5;BR-116/BA;Norte;Tombamento;;;1;;;;;;;;0;1;;;
30/06/2013;11:00:00;107;sem vítima;841,5;BR-116/BA;Sul;Saida de Pista;;;;;;;;;;1;1;;;;
01/07/2013;08:04:00;41;com vítima;545;BR-324/BA;Leste;Colisão Transversal;;;;1;;;;;;1;1;;1;;
01/07/2013;06:56:00;30;com vítima;472;BR-116/BA;Norte;Colisão Traseira;;;;1;;1;;;;;1;1;;;
01/07/2013;12:14:00;126;sem vítima;580;BR-324/BA;Oeste;Saida de Pista;1;;;;;;;;;;3;;;;
01/07/2013;11:46:00;118;sem vítima;584;BR-324/BA;Oeste;Colisão Traseira;2;;;;;;;;;;3;;;;
01/07/2013;08:58:00;61;sem vítima;516;BR-116/BA;Norte;Colisão Traseira;1;;1;;;;;;;;3;;;;
01/07/2013;10:52:00;105;sem vítima;612;BR-324/BA;Oeste;Colisão Traseira;2;;;;;;;;;;2;;;;
01/07/2013;06:47:00;29;sem vítima;618;BR-324/BA;Oeste;Colisão Lateral;1;;;;1;;;;;;2;;;;
01/07/2013;07:12:00;35;com vítima;623;BR-324/BA;Leste;Queda de Moto;;;;1;;;;;;;0;1;;;
01/07/2013;04:42:00;10;sem vítima;570;BR-116/BA;Norte;Tombamento;;;1;;;;;;;;1;;;;
01/07/2013;08:39:00;52;sem vítima;581;BR-116/BA;Sul;Saida de Pista;1;;;;;;;;;;3;;;;
01/07/2013;06:30:00;23;com vítima;929;BR-116/BA;Sul;Saida de Pista;1;;;;;;;;;;0;2;;;
02/07/2013;12:06:00;99;com vítima;17;BR-116/BA - Cont VC;;Colisão Transversal;2;;;;;;;;;;1;1;;;
02/07/2013;10:17:00;62;com vítima;18;BR-116/BA - Cont VC;;Atropelamento - Ciclista;1;1;;;;;;;;;1;1;;;
02/07/2013;09:07:00;49;sem vítima;560;BR-324/BA;Oeste;Saida de Pista;1;;;;;;;;;;1;;;;
02/07/2013;23:41:00;211;com vítima;618;BR-324/BA;Leste;Capotamento;1;;;;;;;;;;0;1;;;
02/07/2013;08:20:00;40;com vítima;820,3;BR-116/BA;Norte;Saida de Pista;1;;;;;;;;;;0;1;;;
03/07/2013;12:27:00;125;sem vítima;428,5;BR-116/BA;Norte;Colisão Traseira;2;;;;;;;;;;2;;;;
03/07/2013;13:55:00;148;sem vítima;442;BR-116/BA;Sul;Capotamento;1;;;;;;;;;;2;;;;
03/07/2013;15:14:00;175;sem vítima;535,5;BR-324/BA;Oeste;Saida de Pista;;;1;;;;;;;;1;;;;
03/07/2013;06:45:00;34;sem vítima;574;BR-324/BA;Leste;Saida de Pista;1;;;;;;;;;;5;;;;
03/07/2013;14:17:00;159;com vítima;600;BR-324/BA;Oeste;Saida de Pista;1;;;;;;;;;;1;1;;;
03/07/2013;18:06:00;205;sem vítima;615,6;BR-324/BA;Oeste;Colisão Transversal;1;;1;;;;;;;;2;;;;
03/07/2013;11:31:00;111;sem vítima;618;BR-324/BA;Oeste;Colisão Lateral;1;;1;;;;;;;;2;;;;
03/07/2013;16:29:00;195;sem vítima;618;BR-324/BA;Oeste;Colisão Lateral;1;;1;;;;;;;;2;;;;
03/07/2013;18:56:00;213;sem vítima;621,5;BR-324/BA;Oeste;Saida de Pista;1;;;;;;;;;;3;;;;
03/07/2013;04:11:00;10;com vítima;691;BR-116/BA;Norte;Saida de Pista;1;;;;;;;;;;1;4;;;
03/07/2013;07:00:00;38;com vítima;779;BR-116/BA;Norte;Atropelamento de Pedestre;;;1;;;;;;;;1;;;;1
03/07/2013;12:15:00;141;sem vítima;817;BR-116/BA;Norte;Colisão Transversal;2;;;;;;;;;;2;;;;
03/07/2013;08:33:00;59;com vítima;828;BR-116/BA;Norte;Colisão Traseira;1;;;;;1;;;;;3;1;;;
03/07/2013;13:06:00;130;sem vítima;900;BR-116/BA;Norte;Colisão Traseira;2;;;;;;;;;;5;;;;
04/07/2013;07:24:00;42;sem vítima;15;BR-116/BA - Cont VC;;Queda de Moto;;;;1;;;;;;;1;;;;
04/07/2013;08:19:00;53;com vítima;525;BR-324/BA;Leste;Atropelamento de Pedestre;;;;1;;;;;;;0;1;1;;
04/07/2013;15:25:00;145;com vítima;546,7;BR-324/BA;Leste;Engavetamento;3;;1;;;;;;;;5;1;;;
04/07/2013;04:51:00;18;com vítima;588,5;BR-324/BA;Leste;Colisão Traseira;;;1;;1;;;;;;10;1;;;
04/07/2013;09:06:00;68;sem vítima;611,8;BR-324/BA;Leste;Colisão Traseira;;;;;1;1;;;;;3;;;;
04/07/2013;14:15:00;126;sem vítima;615;BR-324/BA;Oeste;Colisão Lateral;;;1;;1;;;;;;2;;;;
04/07/2013;08:04:00;50;sem vítima;622,9;BR-324/BA;Leste;Colisão Traseira;2;;;;;;;;;;2;;;;
04/07/2013;18:17:00;183;com vítima;633;BR-116/BA;Sul;Atropelamento de Pedestre;;;;;;1;;;;;1;1;;;
04/07/2013;19:36:00;197;sem vítima;673;BR-116/BA;Sul;Colisão Traseira;1;;1;;;;;;;;2;;;;
04/07/2013;05:54:00;23;com vítima;908,2;BR-116/BA;Sul;Colisão Traseira;;;2;;;;;;;1;3;4;1;;4
04/07/2013;12:40:00;111;com vítima;913,5;BR-116/BA;Norte;Engavetamento;1;;2;;;;;;;;3;2;;;
05/07/2013;08:59:00;71;sem vítima;427,2;BR-116/BA;Norte;Colisão Lateral;1;;1;;;;;;;;2;;;;
05/07/2013;16:19:00;192;com vítima;523;BR-324/BA;Oeste;Saida de Pista;1;;;;;;;;;;0;1;;;
05/07/2013;15:58:00;187;com vítima;454;BR-116/BA;Sul;Engavetamento;;;3;;;;;;;;2;;1;;
05/07/2013;04:50:00;20;com vítima;558;BR-324/BA;Oeste;Tombamento;;;1;;;;;;;;0;;1;;
05/07/2013;06:27:00;27;com vítima;462;BR-116/BA;Norte;Colisão Frontal;;;1;1;;;;;;;1;1;;;
05/07/2013;04:03:00;18;sem vítima;570;BR-324/BA;Leste;Saida de Pista;;;1;;;;;;;;1;;;;
05/07/2013;13:54:00;157;com vítima;572,8;BR-324/BA;Oeste;Colisão Transversal;1;;;;;1;;;;;1;1;;;
05/07/2013;23:46:00;265;com vítima;512;BR-116/BA;Norte;Colisão Lateral;;;2;;;1;;;;;2;;1;;
05/07/2013;16:34:00;198;com vítima;606,5;BR-324/BA;Oeste;Queda de Moto;;;;1;;;;;;;0;1;;;
05/07/2013;15:00:00;176;sem vítima;618;BR-324/BA;Oeste;Colisão Traseira;1;;1;;;;;;;;2;;;;
05/07/2013;11:41:00;123;sem vítima;619,2;BR-324/BA;Oeste;Engavetamento;3;;;;;;;;;;3;;;;
05/07/2013;08:49:00;68;sem vítima;620,7;BR-324/BA;Oeste;Colisão Traseira;2;;;;;1;;;;;3;;;;
05/07/2013;07:02:00;33;sem vítima;620,8;BR-324/BA;Leste;Colisão Lateral;1;;1;;;;;;;;2;;;;
05/07/2013;18:15:00;214;com vítima;621,2;BR-324/BA;Oeste;Colisão Traseira;;;;1;;1;;;;;1;1;;;
05/07/2013;12:12:00;131;sem vítima;542,6;BR-116/BA;Sul;Saida de Pista;;;1;;;;;;;;1;;;;
05/07/2013;15:47:00;185;sem vítima;642,5;BR-116/BA;Norte;Colisão Lateral;;;2;;;;;;;;2;;;;
05/07/2013;00:41:00;7;sem vítima;810;BR-116/BA;Norte;Engavetamento;2;;1;;;;;;;;7;;;;
05/07/2013;17:57:00;213;sem vítima;827,9;BR-116/BA;Sul;Colisão Traseira;3;;;;;;;;;;5;;;;
05/07/2013;14:00:00;162;sem vítima;829,5;BR-116/BA;Sul;Colisão Traseira;1;;;;;1;;;;;4;;;;
05/07/2013;16:25:00;195;com vítima;833,8;BR-116/BA;Sul;Colisão Lateral;;;1;1;;;;;;;1;1;;;
05/07/2013;09:50:00;86;com vítima;835,2;BR-116/BA;Norte;Colisão Traseira;;;2;;;;;;;;3;;1;;
05/07/2013;18:35:00;220;com vítima;859;BR-116/BA;Sul;Colisão Traseira;2;;;;;;;;;;2;3;;;
06/07/2013;15:24:00;156;sem vítima;3;BR-116/BA - ContSuFS;;Colisão Traseira;;;2;;;;;;;;2;;;;
06/07/2013;04:22:00;25;sem vítima;16;BR-116/BA - Cont VC;;Saida de Pista;1;;;;;;;;;;1;;;;
06/07/2013;18:07:00;187;sem vítima;17,2;BR-116/BA - Cont VC;;Queda de Moto;;;;1;;;;;;;1;;;;
06/07/2013;00:43:00;9;sem vítima;537,02;BR-324/BA;Leste;Tombamento;;;;;;;;;;1;2;;;;
06/07/2013;13:03:00;131;sem vítima;547;BR-324/BA;Oeste;Capotamento;;;;;;;;;;1;1;;;;
06/07/2013;09:36:00;82;sem vítima;482;BR-116/BA;Norte;Colisão Lateral;;;2;;1;;;;;;3;;;;
06/07/2013;10:04:00;92;sem vítima;582,5;BR-324/BA;Leste;Saida de Pista;1;;;;;;;;;;1;;;;
06/07/2013;10:20:00;96;com vítima;605;BR-324/BA;Oeste;Queda de Moto;;;;1;;;;;;;1;1;;;
06/07/2013;11:39:00;110;sem vítima;615,7;BR-324/BA;Leste;Colisão Traseira;;;1;;;1;;;;;2;;;;
06/07/2013;07:07:00;48;sem vítima;570;BR-116/BA;Sul;Colisão Lateral;;;3;;;;;;;;3;;;;
06/07/2013;06:42:00;43;com vítima;631,6;BR-116/BA;Sul;Colisão Transversal;1;;1;;;;;;;;1;1;;;
06/07/2013;09:52:00;88;sem vítima;643;BR-116/BA;Sul;Saida de Pista;;;1;;;;;;;;1;;;;
06/07/2013;15:06:00;153;sem vítima;777;BR-116/BA;Sul;Colisão Transversal;1;;;;;1;;;;;2;;;;
06/07/2013;19:17:00;200;sem vítima;778,8;BR-116/BA;Sul;Colisão Lateral;1;;1;;;;;;;;2;;;;
06/07/2013;21:40:00;226;com vítima;815;BR-116/BA;Sul;Queda de Moto;;;;1;;;;;;;0;2;;;
06/07/2013;17:30:00;181;sem vítima;828;BR-116/BA;Norte;Colisão Transversal;2;;;;;;;;;;2;;;;
07/07/2013;16:33:00;136;com vítima;29,3;BR-116/BA - Cont VC;;Saida de Pista;;;;;;;;;;1;0;1;;;
07/07/2013;16:24:00;135;com vítima;29,6;BR-116/BA - Cont VC;;Tombamento;;;1;;;;;;;;0;1;;;
07/07/2013;20:47:00;166;sem vítima;543,5;BR-324/BA;Oeste;Atropelamento de Animal;;;;;1;;;;;;1;;;;
07/07/2013;07:49:00;50;com vítima;564;BR-324/BA;Leste;Queda de Moto;;;;1;;;;;;;0;2;;;
07/07/2013;09:37:00;74;com vítima;602;BR-324/BA;Oeste;Queda de Moto;;;;1;;;;;;;1;1;;;
07/07/2013;14:20:00;113;com vítima;513;BR-116/BA;Sul;Colisão Frontal;1;;1;;;;;;;;4;;;1;
07/07/2013;19:10:00;156;sem vítima;694,6;BR-116/BA;Sul;Colisão Traseira;1;;1;;;;;;;;2;;;;
07/07/2013;03:50:00;18;com vítima;763;BR-116/BA;Sul;Colisão Traseira;1;;;;;1;;;;;2;3;1;;
07/07/2013;15:51:00;127;com vítima;871,2;BR-116/BA;Norte;Queda de Moto;;;;1;;;;;;;0;2;;;
07/07/2013;00:03:00;1;sem vítima;888,5;BR-116/BA;Sul;Colisão Traseira;;;1;;;1;;;;;2;;;;
07/07/2013;11:49:00;92;sem vítima;906,002;BR-116/BA;Sul;Colisão Traseira;;;2;;;;;;;;2;;;;
08/07/2013;18:12:00;244;com vítima;7,9;BR-116/BA - ContSuFS;;Colisão Lateral;1;;;1;;;;;;;1;;;1;
08/07/2013;19:20:00;265;com vítima;11,7;BR-116/BA - Cont VC;;Colisão Frontal;;;;1;;;;;;1;1;1;;;
08/07/2013;19:25:00;289;com vítima;11,7;BR-116/BA - Cont VC;;Sequência;;;1;2;;;;;;;2;;2;;
08/07/2013;11:17:00;140;sem vítima;518,6;BR-324/BA;Leste;Engavetamento;2;;;;;;;;;2;30;;;;
08/07/2013;16:52:00;231;sem vítima;549;BR-324/BA;Oeste;Saida de Pista;1;;;;;;;;;;1;;;;
08/07/2013;06:34:00;52;sem vítima;553;BR-324/BA;Leste;Saida de Pista;;;1;;;;;;;;1;;;;
08/07/2013;06:17:00;47;sem vítima;558;BR-324/BA;Leste;Sequência;;;1;;;;;;;1;2;;;;
08/07/2013;07:50:00;73;sem vítima;560;BR-324/BA;Oeste;Colisão Traseira;1;;;;;;;;;1;2;;;;
08/07/2013;06:16:00;45;sem vítima;574;BR-324/BA;Leste;Colisão Lateral;1;;;;;1;;;;;2;;;;
08/07/2013;14:30:00;191;sem vítima;592;BR-324/BA;Oeste;Saida de Pista;1;;;;;1;;;;;2;;;;
08/07/2013;02:45:00;20;com vítima;702,2;BR-116/BA;Sul;Capotamento;;;;;;;;;;1;1;3;;;
08/07/2013;22:55:00;294;com vítima;777;BR-116/BA;Sul;Atropelamento de Pedestre;;;1;;;;;;;;1;;;;1
08/07/2013;10:36:00;124;sem vítima;814;BR-116/BA;Norte;Colisão Traseira;;;2;;;;;;;;2;;;;
08/07/2013;13:11:00;168;com vítima;829;BR-116/BA;Norte;Queda de Moto;;;;1;;;;;;;0;1;;;
09/07/2013;17:27:00;197;sem vítima;4;BR-116/BA - ContSuFS;;Colisão Lateral;;;2;;;;;;;;2;;;;
09/07/2013;11:08:00;102;com vítima;7;BR-116/BA - ContSuFS;;Colisão Transversal;;;1;1;;;;;;;1;;1;;
09/07/2013;16:08:00;180;sem vítima;559;BR-324/BA;Leste;Colisão Traseira;;;1;;;;;;;1;2;;;;
09/07/2013;10:30:00;92;sem vítima;561;BR-324/BA;Oeste;Tombamento;;;1;;;;;;;;1;;;;
09/07/2013;06:56:00;30;com vítima;564;BR-324/BA;Oeste;Tombamento;;;1;;;;;;;;0;;1;;
09/07/2013;09:48:00;80;sem vítima;574;BR-324/BA;Oeste;Colisão Traseira;2;;;;;;;;;;2;;;;
09/07/2013;18:08:00;205;sem vítima;592,7;BR-324/BA;Oeste;Colisão Traseira;1;;;;;1;;;;;2;;;;
09/07/2013;06:08:00;20;sem vítima;606;BR-324/BA;Oeste;Capotamento;1;;;;;;;;;;1;;;;
09/07/2013;18:26:00;209;sem vítima;618;BR-324/BA;Oeste;;1;;1;;;;;;;;2;;;;
09/07/2013;20:16:00;234;com vítima;728,3;BR-116/BA;Norte;Saida de Pista;;;1;;;;;;;;0;1;;;
10/07/2013;21:38:00;240;sem vítima;549;BR-324/BA;Leste;Atropelamento de Animal;;;;;;;;;;1;1;;;;
10/07/2013;06:44:00;43;sem vítima;559;BR-324/BA;Leste;Tombamento;;;1;;;;;;;;1;;;;
10/07/2013;08:25:00;67;com vítima;559;BR-324/BA;Leste;Sequência;1;;1;;1;;;;;;2;1;1;;
10/07/2013;17:32:00;196;com vítima;484;BR-116/BA;Sul;Colisão Transversal;1;;;;;;;;;1;7;1;;;
10/07/2013;07:47:00;57;com vítima;618;BR-324/BA;Leste;Queda de Moto;;;;1;;;;;;;0;1;;;
10/07/2013;11:41:00;120;com vítima;619;BR-324/BA;Oeste;Colisão Traseira;;;2;;;;;;;;1;;;1;
10/07/2013;04:47:00;28;com vítima;622,3;BR-324/BA;Oeste;Queda de Moto;;;;1;;;;;;;0;;1;;
10/07/2013;07:09:00;48;sem vítima;580;BR-116/BA;Norte;Saida de Pista;;;1;;;;;;;;1;;;;
10/07/2013;09:09:00;81;com vítima;793;BR-116/BA;Norte;Tombamento;;;1;;;;;;;;0;1;;;
11/07/2013;08:21:00;50;com vítima;17,2;BR-116/BA - Cont VC;;Colisão Transversal;;;1;;;;;;;1;1;1;1;;
11/07/2013;05:31:00;28;sem vítima;537;BR-324/BA;Oeste;Saida de Pista;1;;;;;;;;;;2;;;;
11/07/2013;16:28:00;135;sem vítima;557,3;BR-324/BA;Leste;Tombamento;;;1;;;;;;;;2;;;;
11/07/2013;14:41:00;108;sem vítima;573;BR-324/BA;Oeste;Saida de Pista;1;;;;;;;;;;1;;;;
11/07/2013;18:22:00;161;sem vítima;591,2;BR-324/BA;Leste;Atropelamento de Animal;;;;;;;;;;1;1;;;;
11/07/2013;13:15:00;98;sem vítima;592;BR-324/BA;Leste;Tombamento;;;1;;;;;;;;1;;;;
11/07/2013;13:37:00;99;com vítima;827,5;BR-116/BA;Norte;Atropelamento - Usuário;;;;;;1;;;;;1;;1;;
11/07/2013;22:10:00;201;sem vítima;846;BR-116/BA;Norte;Saida de Pista;1;;;;;1;;;;;2;;;;
11/07/2013;09:56:00;69;com vítima;910,1;BR-116/BA;Sul;Colisão Traseira;2;;;;;;;;;;4;2;;;
12/07/2013;08:22:00;52;com vítima;27,5;BR-116/BA - Cont VC;;Colisão Lateral;1;;1;;;;;;;;1;;1;;
12/07/2013;13:15:00;126;com vítima;442;BR-116/BA;Sul;Saida de Pista;;;1;;;;;;;;0;;1;;
12/07/2013;19:31:00;220;sem vítima;523;BR-324/BA;Oeste;Saida de Pista;;;1;;;;;;;;1;;;;
12/07/2013;22:19:00;244;com vítima;529;BR-324/BA;Oeste;Queda de Moto;;;;1;;;;;;;0;1;;;
12/07/2013;13:19:00;127;sem vítima;509,05;BR-116/BA;Norte;Saida de Pista;;;1;;;;;;;;1;;;;
12/07/2013;17:39:00;194;sem vítima;612,3;BR-324/BA;Leste;Engavetamento;3;;;;;;;;;;8;;;;
12/07/2013;09:52:00;75;sem vítima;615,4;BR-324/BA;Leste;Colisão Lateral;1;;1;;;;;;;;2;;;;
12/07/2013;07:55:00;46;com vítima;615,8;BR-324/BA;Oeste;Colisão Traseira;1;;1;;;;;;;1;2;;1;;
12/07/2013;06:44:00;29;sem vítima;618;BR-324/BA;Oeste;Colisão Lateral;1;;1;;;;;;;;2;;;;
12/07/2013;23:10:00;252;sem vítima;625;BR-324/BA;Leste;Atropelamento de Animal;2;;;;;;;;;;2;;;;
12/07/2013;20:21:00;229;sem vítima;680;BR-116/BA;Sul;Saida de Pista;;;1;;;;;;;;1;;;;
12/07/2013;15:54:00;162;sem vítima;684;BR-116/BA;Sul;Saida de Pista;1;;;;;;;;;;1;;;;
13/07/2013;08:15:00;55;com vítima;5;BR-116/BA - ContSuFS;;Queda de Moto;;;;1;;;;;;;0;1;;;
13/07/2013;15:09:00;148;sem vítima;432;BR-116/BA;Sul;Engavetamento;2;;1;;;;;;;;3;;;;
13/07/2013;23:48:00;255;sem vítima;526,4;BR-324/BA;Leste;Colisão Traseira;;;2;;;;;;;;2;;;;
13/07/2013;02:24:00;14;sem vítima;530;BR-324/BA;Leste;Capotamento;1;;;;;;;;;;1;;;;
13/07/2013;09:21:00;73;sem vítima;531;BR-324/BA;Leste;Saida de Pista;;;1;;;;;;;;1;;;;
13/07/2013;05:17:00;29;sem vítima;459;BR-116/BA;Sul;Tombamento;;;1;;;;;;;;1;;;;
13/07/2013;17:17:00;184;sem vítima;569,2;BR-324/BA;Leste;Saida de Pista;1;;;;;;;;;;1;;;;
13/07/2013;13:03:00;118;com vítima;572,8;BR-324/BA;Oeste;Saida de Pista;;;1;;;;;;;;0;2;;;
13/07/2013;16:36:00;174;sem vítima;576,2;BR-324/BA;Leste;Saida de Pista;;;1;;;;;;;;1;;;;
13/07/2013;07:31:00;44;sem vítima;592;BR-324/BA;Oeste;Saida de Pista;1;;;;;;;;;;1;;;;
13/07/2013;04:42:00;24;sem vítima;604;BR-324/BA;Oeste;Colisão Traseira;1;;;;;1;;;;;5;;;;
13/07/2013;10:45:00;92;sem vítima;620;BR-324/BA;Leste;Choque - Defensa, barreira ou "submarino";1;;;;;;;;;;1;;;;
13/07/2013;23:18:00;252;sem vítima;625,5;BR-324/BA;Oeste;Sequência;3;;;;;;;;;1;10;;;;
13/07/2013;03:58:00;18;com vítima;696;BR-116/BA;Norte;Capotamento;1;;;;;;;;;;1;4;;;
13/07/2013;15:12:00;149;sem vítima;728;BR-116/BA;Norte;Colisão Lateral;1;;1;;;;;;;;4;;;;
13/07/2013;17:00:00;179;com vítima;736,3;BR-116/BA;Norte;Saida de Pista;;;1;;;;;;;;0;;1;;
14/07/2013;09:17:00;73;com vítima;450,6;BR-116/BA;Norte;Colisão Frontal;;;2;;;;;;;;0;2;;;
14/07/2013;17:56:00;187;com vítima;537;BR-324/BA;Oeste;Queda de Moto;;;;1;;;;;;;1;1;;;
14/07/2013;19:39:00;216;com vítima;466;BR-116/BA;Sul;Colisão Traseira;1;;1;;;;;;;;1;;;1;
14/07/2013;15:39:00;159;com vítima;583;BR-324/BA;Oeste;Capotamento;1;;;;;;;;;;0;;1;;
14/07/2013;02:02:00;7;sem vítima;510;BR-116/BA;Sul;Saida de Pista;;;1;;;;;;;;1;;;;
14/07/2013;12:47:00;121;com vítima;617,5;BR-324/BA;Leste;Colisão Lateral;;;;1;;1;;;;;2;1;;;
14/07/2013;04:40:00;19;com vítima;619,6;BR-324/BA;Oeste;Queda de Moto;;;;1;;;;;;;0;1;;;
14/07/2013;14:32:00;140;com vítima;567;BR-116/BA;Sul;Saida de Pista;1;;;;;;;;;;0;2;;;
14/07/2013;18:15:00;191;com vítima;671;BR-116/BA;Sul;Colisão Lateral;;;;1;;1;1;;;;1;1;1;;
14/07/2013;11:43:00;115;com vítima;673;BR-116/BA;Norte;Colisão Transversal;1;;;1;;;;;;;1;1;;;
14/07/2013;21:48:00;234;sem vítima;716,2;BR-116/BA;Sul;Saida de Pista;;;1;;;;;;;;3;;;;
14/07/2013;19:10:00;210;com vítima;788;BR-116/BA;Norte;Colisão Lateral;1;;1;;;;;;;;3;1;;;
14/07/2013;16:16:00;168;sem vítima;840,5;BR-116/BA;Sul;Saida de Pista;1;;;;;;;;;;1;;;;
14/07/2013;10:13:00;107;sem vítima;910;BR-116/BA;Norte;Colisão Traseira;2;;;;;;;;;;2;;;;
14/07/2013;10:13:00;94;sem vítima;910,2;BR-116/BA;Norte;Colisão Traseira;;;2;;;;;;;;2;;;;
15/07/2013;18:24:00;253;sem vítima;519,5;BR-324/BA;Oeste;Colisão Traseira;2;;;;;;;;;;3;;;;
15/07/2013;12:31:00;172;com vítima;526;BR-324/BA;Leste;Saida de Pista;1;;;;;1;;;;;1;;1;;
15/07/2013;05:30:00;33;sem vítima;530;BR-324/BA;Leste;Capotamento;;;;;;;;;;1;3;;;;
15/07/2013;14:05:00;199;sem vítima;534;BR-324/BA;Oeste;Queda de Moto;;;;1;;;;;;;2;;;;
15/07/2013;15:17:00;215;com vítima;569,5;BR-324/BA;Leste;Saida de Pista;1;;;;;;;;;;0;1;1;;
15/07/2013;21:16:00;284;com vítima;491,5;BR-116/BA;Norte;Saida de Pista;;;;;;;;;;1;2;1;;;
15/07/2013;13:31:00;188;sem vítima;600;BR-324/BA;Oeste;Colisão Traseira;1;;;;;1;;;;;4;;;;
15/07/2013;05:39:00;34;sem vítima;619;BR-324/BA;Leste;Colisão Traseira;1;;1;;;;;;;;2;;;;
15/07/2013;06:41:00;52;sem vítima;591,8;BR-116/BA;Norte;Saida de Pista;1;;;;;1;;;;;2;;;;
15/07/2013;06:20:00;46;com vítima;686;BR-116/BA;Norte;Saida de Pista;1;;;;;;;;;;0;1;1;1;
15/07/2013;11:02:00;142;sem vítima;907;BR-116/BA;Norte;Choque - Veiculo parado na pista;1;;1;;;;;;;;5;;;;
16/07/2013;20:13:00;275;com vítima;17;BR-116/BA - Cont VC;;Colisão Transversal;;;;1;;1;;;;;1;1;;;
16/07/2013;16:12:00;213;com vítima;523;BR-324/BA;Leste;Queda de Moto;;;;1;;;;;;;0;;1;;
16/07/2013;13:14:00;164;com vítima;525,8;BR-324/BA;Leste;Colisão Traseira;;;;;;1;;;;1;1;;;1;
16/07/2013;02:18:00;10;com vítima;547;BR-324/BA;Leste;Capotamento;1;;;;;;;;;;0;;;1;
16/07/2013;12:24:00;158;sem vítima;582;BR-324/BA;Leste;Colisão Traseira;2;;;;;;;;;;2;;;;
16/07/2013;11:59:00;150;com vítima;582,4;BR-324/BA;Leste;Saida de Pista;1;;;;;;;;;;0;;2;;1
16/07/2013;07:07:00;41;sem vítima;592;BR-324/BA;Leste;Saida de Pista;1;;;;;;;;;;1;;;;
16/07/2013;17:52:00;246;sem vítima;622,4;BR-324/BA;Leste;Engavetamento;2;;;;;1;;;;;3;;;;
16/07/2013;17:49:00;244;sem vítima;622,6;BR-324/BA;Oeste;Queda de Moto;;;;1;;1;;;;;2;;;;
16/07/2013;18:43:00;262;com vítima;671;BR-116/BA;Norte;Saida de Pista;1;;;;;;;;;;2;1;;1;
17/07/2013;23:08:00;270;com vítima;537,3;BR-324/BA;Oeste;Saida de Pista;1;;;;;;;;;;1;1;1;;