data;horario;n_da_ocorrencia;tipo_de_ocorrencia;km;trecho;sentido;tipo_de_acidente;automovel;bicicleta;caminhao;moto;onibus;outros;tracao_animal;transporte_de_cargas_especiais;trator_maquinas;utilitarios;ilesos;levemente_feridos;moderadamente_feridos;gravemente_feridos;mortos
08/08/2013;17:19:00;174;sem vítima;619;BR-324/BA;Oeste;Colisão Lateral;1;;;1;;;;;;;2;;;;
08/08/2013;16:31:00;167;com vítima;838,5;BR-116/BA;Sul;Colisão Lateral;;;;;;;;;;2;10;1;;;
09/08/2013;00:46:00;4;com vítima;8,2;BR-116/BA - Cont VC;;Saida de Pista;;;;;;;;;;1;0;2;;;
09/08/2013;15:38:00;183;sem vítima;518,5;BR-324/BA;Oeste;Colisão Traseira;2;;;;;;;;;;2;;;;
09/08/2013;14:01:00;146;sem vítima;518,6;BR-324/BA;Oeste;Colisão Transversal;1;;1;;;;;;;;2;;;;
09/08/2013;15:27:00;179;sem vítima;523;BR-324/BA;Oeste;Saida de Pista;1;;;;;;;;;;1;;;;
09/08/2013;13:42:00;140;sem vítima;543;BR-324/BA;Oeste;Saida de Pista;1;;;;;;;;;;1;;;;
09/08/2013;15:20:00;175;sem vítima;564;BR-324/BA;Oeste;Engavetamento;2;;1;;;;;;;;3;;;;
09/08/2013;16:49:00;202;com vítima;567,5;BR-324/BA;Oeste;Engavetamento;2;;1;;;;;;;;6;1;;;
09/08/2013;18:39:00;231;sem vítima;569;BR-324/BA;Oeste;Colisão Traseira;2;;;;;;;;;;2;;;;
09/08/2013;17:21:00;212;sem vítima;570;BR-324/BA;Oeste;Colisão Traseira;;;;1;;1;;;;;2;;;;
09/08/2013;12:55:00;137;sem vítima;585;BR-324/BA;Leste;Saida de Pista;1;;;;;1;;;;;2;;;;
09/08/2013;20:12:00;255;sem vítima;611;BR-324/BA;Leste;Colisão Traseira;1;;1;;;;;;;;2;;;;
09/08/2013;15:47:00;186;sem vítima;618;BR-324/BA;Oeste;Colisão Lateral;1;;1;;;;;;;;2;;;;
09/08/2013;04:43:00;23;sem vítima;622,2;BR-324/BA;Leste;Colisão Traseira;2;;;;;;;;;;3;;;;
09/08/2013;12:45:00;135;com vítima;545;BR-116/BA;Sul;Queda de Moto;;;;1;;;;;;;0;1;;;
09/08/2013;09:25:00;91;com vítima;662;BR-116/BA;Sul;Saida de Pista;1;;;;;;;;;;0;2;;;
09/08/2013;14:37:00;159;sem vítima;698;BR-116/BA;Sul;Colisão Traseira;;;2;;;;;;;;2;;;;
09/08/2013;17:07:00;209;sem vítima;836,5;BR-116/BA;Norte;Colisão Traseira;;;2;;;;;;;;2;;;;
10/08/2013;20:09:00;227;com vítima;16,9;BR-116/BA - Cont VC;;Colisão Transversal;1;;;1;;;;;;;3;;;1;
10/08/2013;14:46:00;144;sem vítima;434;BR-116/BA;Sul;Queda de Moto;;;;1;;;;;;;1;;;;
10/08/2013;11:52:00;114;sem vítima;445;BR-116/BA;Norte;Colisão Lateral;2;;1;;;;;;;;4;;;;
10/08/2013;10:30:00;102;sem vítima;543;BR-324/BA;Oeste;Colisão Traseira;1;;1;;;;;;;;2;;;;
10/08/2013;11:00:00;112;com vítima;543;BR-324/BA;Oeste;Colisão Traseira;;;2;;;;;;;;1;1;;;
10/08/2013;11:08:00;107;sem vítima;564,2;BR-324/BA;Oeste;Capotamento;1;;;;;;;;;;1;;;;
10/08/2013;06:16:00;35;sem vítima;469;BR-116/BA;Sul;Objeto lançado contra veículo;;;2;;;;;;;;3;;;;
10/08/2013;16:14:00;165;sem vítima;599;BR-324/BA;Oeste;Colisão Traseira;2;;;;;;;;;;2;;;;
10/08/2013;09:13:00;83;sem vítima;604;BR-324/BA;Oeste;Colisão Lateral;1;;1;;;;;;;;5;;;;
10/08/2013;13:22:00;134;sem vítima;610;BR-324/BA;Leste;Colisão Traseira;2;;;;;;;;;;2;;;;
10/08/2013;11:50:00;113;com vítima;611,6;BR-324/BA;Leste;Sequência;1;;1;;;;;;;;1;1;1;;
10/08/2013;13:01:00;130;sem vítima;613,2;BR-324/BA;Oeste;Engavetamento;4;;;;;;;;;;4;;;;
10/08/2013;12:03:00;118;sem vítima;618;BR-324/BA;Oeste;Colisão Transversal;1;;1;;;;;;;;2;;;;
10/08/2013;14:43:00;142;sem vítima;618;BR-324/BA;Oeste;Colisão Lateral;1;;1;;;;;;;;4;;;;
10/08/2013;09:26:00;86;sem vítima;619;BR-324/BA;Oeste;Colisão Lateral;1;;1;;;;;;;;2;;;;
10/08/2013;21:42:00;239;com vítima;619;BR-324/BA;Oeste;Colisão Traseira;2;;;;;;;;;;3;1;;;
10/08/2013;03:22:00;18;sem vítima;759,3;BR-116/BA;Norte;Atropelamento de Animal;;;;;;;;;;1;16;;;;
10/08/2013;11:04:00;105;com vítima;820;BR-116/BA;Sul;Colisão Transversal;1;;;1;;;;;;;1;1;;;
11/08/2013;17:22:00;160;com vítima;444,05;BR-116/BA;Norte;Capotamento;1;;;;;;;;;;2;3;;;
11/08/2013;17:50:00;176;com vítima;560;BR-324/BA;Oeste;Colisão Transversal;1;;;1;;;;;;;4;;2;;
11/08/2013;18:47:00;195;sem vítima;592;BR-324/BA;Leste;Colisão Traseira;1;;;;;1;;;;;2;;;;
11/08/2013;17:11:00;156;sem vítima;790;BR-116/BA;Sul;Colisão Lateral;;;;;1;1;;;;;46;;;;
11/08/2013;17:48:00;172;com vítima;807,9;BR-116/BA;Norte;Colisão Transversal;1;;;1;;;;;;;1;;1;;
12/08/2013;18:10:00;195;com vítima;15,4;BR-116/BA - Cont VC;;Colisão Frontal;;1;;1;;;;;;;0;1;1;;
12/08/2013;22:55:00;239;sem vítima;528,3;BR-324/BA;Leste;Sequência;;;1;;;;;;;;1;;;;
12/08/2013;17:39:00;188;sem vítima;543,3;BR-324/BA;Oeste;Colisão Lateral;1;;;;;;;;;1;2;;;;
12/08/2013;22:26:00;231;sem vítima;611,1;BR-324/BA;Oeste;Saida de Pista;1;;;;;;;;;;2;;;;
12/08/2013;04:56:00;19;com vítima;621;BR-324/BA;Oeste;Queda de Moto;;;;1;;;;;;;0;1;;;
12/08/2013;16:24:00;170;sem vítima;536;BR-116/BA;Norte;Tombamento;;;1;;;;;;;;4;;;;
12/08/2013;16:25:00;171;sem vítima;540;BR-116/BA;Sul;Colisão Traseira;;;;;;1;;;;1;11;;;;
12/08/2013;00:55:00;6;sem vítima;603;BR-116/BA;Norte;Tombamento;;;1;;;;;;;;1;;;;
12/08/2013;16:23:00;169;sem vítima;859,2;BR-116/BA;Norte;Colisão Lateral;;;1;;1;;;;;;29;;;;
12/08/2013;17:35:00;185;sem vítima;902;BR-116/BA;Sul;Colisão Lateral;2;;;;;;;;;;4;;;;
13/08/2013;12:16:00;106;com vítima;5,5;BR-116/BA - ContSuFS;;Colisão Frontal;1;;;1;;;;;;;4;;1;;
13/08/2013;19:56:00;199;com vítima;6;BR-116/BA - ContSuFS;;Colisão Traseira;1;;;;;1;;;;;2;1;;;
13/08/2013;20:32:00;209;sem vítima;21;BR-116/BA - Cont VC;;Atropelamento de Animal;;;;;;1;;;;;1;;;;
13/08/2013;04:11:00;13;sem vítima;542,9;BR-324/BA;Oeste;Saida de Pista;;;1;;;;;;;;2;;;;
13/08/2013;22:09:00;226;sem vítima;551;BR-324/BA;Leste;Colisão Traseira;1;;;;;;;;;1;4;;;;
13/08/2013;11:33:00;92;sem vítima;558;BR-324/BA;Oeste;Saida de Pista;1;;;;;;;;;;1;;;;
13/08/2013;17:50:00;183;com vítima;481;BR-116/BA;Sul;Engavetamento;2;;1;;;;;;;1;12;1;1;;
13/08/2013;21:13:00;220;com vítima;582;BR-324/BA;Leste;Capotamento;1;;;;;;;;;;0;1;;;
13/08/2013;08:57:00;60;sem vítima;618,5;BR-324/BA;Leste;Engavetamento;3;;;;;;;;;;3;;;;
13/08/2013;16:41:00;163;sem vítima;624,4;BR-324/BA;Leste;Sequência;1;;;;;1;;;;;2;;;;
13/08/2013;08:45:00;56;sem vítima;624,6;BR-324/BA;Leste;Colisão Traseira;2;;;;;1;;;;;3;;;;
13/08/2013;15:52:00;154;com vítima;641;BR-116/BA;Sul;Saida de Pista;;;1;;;;;;;;0;1;;;
13/08/2013;13:17:00;119;sem vítima;709;BR-116/BA;Norte;Capotamento;1;;;;;;;;;;1;;;;
13/08/2013;12:53:00;115;sem vítima;713;BR-116/BA;Sul;Saida de Pista;1;;;;;;;;;;1;;;;
13/08/2013;07:56:00;41;sem vítima;757,6;BR-116/BA;Norte;Colisão Transversal;2;;;;;;;;;;2;;;;
13/08/2013;04:58:00;16;com vítima;786;BR-116/BA;Norte;Saida de Pista;;;1;;;;;;;;0;;;;1
14/08/2013;06:05:00;19;sem vítima;6,5;BR-116/BA - ContSuFS;;Saida de Pista;;;1;;;;;;;;1;;;;
14/08/2013;15:16:00;140;com vítima;427,6;BR-116/BA;Norte;Colisão Transversal;1;;;;;;;;;1;0;2;;;
14/08/2013;10:16:00;79;sem vítima;518;BR-324/BA;Oeste;Colisão Transversal;;;2;;;;;;;;2;;;;
14/08/2013;15:56:00;154;com vítima;600,5;BR-324/BA;Oeste;Queda de Moto;;;;1;;;;;;;1;1;;;
14/08/2013;14:31:00;129;sem vítima;608;BR-324/BA;Leste;Saida de Pista;1;;;;;;;;;;1;;;;
14/08/2013;11:39:00;104;sem vítima;614,4;BR-324/BA;Oeste;Engavetamento;2;;;;;1;;;;;3;;;;
14/08/2013;11:37:00;103;sem vítima;615,7;BR-324/BA;Leste;Saida de Pista;1;;;;;;;;;;1;;;;
14/08/2013;11:14:00;97;sem vítima;618;BR-324/BA;Oeste;;1;;1;;;;;;;;2;;;;
14/08/2013;18:29:00;188;sem vítima;624,2;BR-324/BA;Oeste;Colisão Traseira;2;;;;;;;;;;2;;;;
14/08/2013;18:45:00;193;com vítima;624,3;BR-324/BA;Oeste;Queda de Moto;;;;1;;1;;;;;1;1;;;
14/08/2013;19:20:00;198;sem vítima;624,4;BR-324/BA;Oeste;Colisão Lateral;1;;1;;;;;;;;2;;;;
14/08/2013;08:21:00;50;sem vítima;625;BR-324/BA;Oeste;Colisão Traseira;2;;;;;;;;;;2;;;;
14/08/2013;11:23:00;100;sem vítima;845,9;BR-116/BA;Norte;Colisão Traseira;;;2;;;;;;;;2;;;;
14/08/2013;14:19:00;125;sem vítima;900;BR-116/BA;Sul;Colisão Lateral;;;1;;;1;;;;;2;;;;
15/08/2013;08:12:00;54;com vítima;3;BR-116/BA - ContSuFS;;Atropelamento de Pedestre;;;;1;;;;;;;1;;1;;
15/08/2013;09:56:00;86;com vítima;15;BR-116/BA - Cont VC;;Saida de Pista;;;1;;;;;;;;1;2;;;
15/08/2013;18:33:00;220;com vítima;18;BR-116/BA - Cont VC;;Queda de Moto;;;;1;;;;;;;0;1;;;
15/08/2013;11:38:00;117;sem vítima;523,5;BR-324/BA;Oeste;Engavetamento;4;;;;;;;;;;4;;;;
15/08/2013;06:02:00;18;sem vítima;526;BR-324/BA;Oeste;Saida de Pista;1;;;;;;;;;;1;;;;
15/08/2013;14:08:00;155;sem vítima;577;BR-324/BA;Oeste;Saida de Pista;1;;;;;;;;;;4;;;;
15/08/2013;16:12:00;189;sem vítima;579;BR-324/BA;Leste;Sequência;2;;;;;1;;;;;3;;;;
15/08/2013;21:36:00;267;com vítima;567,2;BR-116/BA;Norte;Colisão Frontal;;;1;1;;;;;;;0;1;;;1
15/08/2013;15:56:00;183;sem vítima;615;BR-116/BA;Norte;Saida de Pista;;;;;;;;;;1;1;;;;
15/08/2013;09:09:00;66;com vítima;644,2;BR-116/BA;Sul;Saida de Pista;;;1;;;;;;;;0;1;;;
15/08/2013;20:15:00;245;com vítima;820;BR-116/BA;Norte;Colisão Transversal;1;;1;;;;;;;;2;1;;;
15/08/2013;04:50:00;12;sem vítima;895;BR-116/BA;Norte;Saida de Pista;1;;;;;;;;;;1;;;;
15/08/2013;07:33:00;40;sem vítima;900;BR-116/BA;Norte;Colisão Traseira;;;2;;;;;;;;2;;;;
16/08/2013;19:29:00;228;sem vítima;1;BR-116/BA - ContSuFS;;Colisão Lateral;1;;1;;;;;;;;3;;;;
16/08/2013;20:12:00;238;sem vítima;17,7;BR-116/BA - Cont VC;;Saida de Pista;1;;;;;;;;;;2;;;;
16/08/2013;07:08:00;37;sem vítima;466;BR-116/BA;Norte;Colisão Traseira;2;;;;;;;;;;2;;;;
16/08/2013;14:31:00;145;sem vítima;575,2;BR-324/BA;Leste;Capotamento;1;;;;;;;;;;1;;;;
16/08/2013;11:14:00;106;com vítima;613,8;BR-324/BA;Oeste;Colisão Traseira;;;;1;;;;;;;0;1;;;
16/08/2013;09:58:00;88;com vítima;616;BR-324/BA;Oeste;Engavetamento;4;;;;;;;;;;5;1;;;
16/08/2013;07:24:00;45;sem vítima;644;BR-116/BA;Sul;Colisão Traseira;2;;;;;;;;;;6;;;;
16/08/2013;16:52:00;190;sem vítima;707,5;BR-116/BA;Sul;Sequência;;;3;;;;;;;;3;;;;
16/08/2013;01:29:00;11;sem vítima;713,8;BR-116/BA;Norte;Atropelamento de Animal;;;1;;;;;;;;1;;;;
17/08/2013;00:53:00;12;sem vítima;3;BR-116/BA - ContSuFS;;Colisão Lateral;1;;1;;;;;;;;2;;;;
17/08/2013;23:56:00;308;com vítima;17;BR-116/BA - Cont VC;;Queda de Moto;;;;1;;;;;;;0;;1;;
17/08/2013;15:41:00;193;sem vítima;520;BR-324/BA;Oeste;Colisão Traseira;;;2;;;;;;;;2;;;;
17/08/2013;15:12:00;184;sem vítima;522;BR-324/BA;Oeste;Colisão Transversal;1;;;;;1;;;;;2;;;;
17/08/2013;18:01:00;235;sem vítima;530;BR-324/BA;Oeste;Engavetamento;4;;;;;1;;;;;10;;;;
17/08/2013;13:07:00;165;sem vítima;548;BR-324/BA;Leste;Capotamento;1;;;;;;;;;;3;;;;
17/08/2013;12:06:00;151;sem vítima;559;BR-324/BA;Leste;Saida de Pista;;;;;;;;;;1;1;;;;
17/08/2013;15:19:00;186;sem vítima;577;BR-324/BA;Leste;Saida de Pista;1;;;;;;;;;;1;;;;
17/08/2013;16:07:00;209;com vítima;478;BR-116/BA;Sul;Saida de Pista;;;1;;;2;;;;;2;;1;;
17/08/2013;12:01:00;150;sem vítima;603;BR-324/BA;Leste;Queda de Moto;;;;1;;;;;;;1;;;;
17/08/2013;13:51:00;170;com vítima;614,9;BR-324/BA;Oeste;Atropelamento de Pedestre;;;;;;;;;;1;1;;1;;
17/08/2013;04:09:00;28;com vítima;618;BR-324/BA;Oeste;Queda de Moto;;;;1;;1;;;;;1;1;;;
17/08/2013;16:05:00;206;com vítima;619;BR-324/BA;Leste;Saida de Pista;1;;;;;;;;;;0;;1;;
17/08/2013;18:16:00;239;com vítima;674;BR-116/BA;Norte;Queda de Moto;;;;1;;;;;;;0;1;;;
17/08/2013;21:42:00;289;com vítima;778;BR-116/BA;Sul;Atropelamento - Ciclista;;1;;;;1;;;;;1;;;;1
17/08/2013;11:09:00;134;sem vítima;815;BR-116/BA;Sul;Colisão Lateral;1;;;;;1;;;;;2;;;;
18/08/2013;15:27:00;176;com vítima;426,3;BR-116/BA;Norte;Colisão Lateral;;;;2;;;;;;;2;1;;;
18/08/2013;17:49:00;207;com vítima;547;BR-324/BA;Oeste;Queda de Moto;;;;1;;;;;;;0;1;;;
18/08/2013;18:08:00;211;com vítima;559;BR-324/BA;Leste;Engavetamento;5;;;;;;;;;;13;4;;;
18/08/2013;19:26:00;225;com vítima;589;BR-324/BA;Leste;Atropelamento de Animal;1;;;;;1;;;;;0;2;;;1
18/08/2013;06:25:00;44;sem vítima;593;BR-324/BA;Oeste;Saida de Pista;1;;;;;;;;;;1;;;;
18/08/2013;20:44:00;235;sem vítima;595;BR-324/BA;Leste;Queda de Moto;;;;1;;1;;;;;3;;;;
18/08/2013;22:44:00;241;com vítima;605,1;BR-324/BA;Leste;Saida de Pista;1;;;;;;;;;;1;1;;;
18/08/2013;17:10:00;199;sem vítima;606,9;BR-324/BA;Leste;Queda de Moto;;;;1;;;;;;;2;;;;
18/08/2013;10:38:00;117;sem vítima;614;BR-324/BA;Oeste;Saida de Pista;1;;;;;;;;;;1;;;;
18/08/2013;16:41:00;189;sem vítima;639;BR-116/BA;Norte;Colisão Traseira;1;;2;;;;;;;;3;;;;
18/08/2013;09:54:00;104;sem vítima;678;BR-116/BA;Norte;Colisão Traseira;;;2;;;;;;;;2;;;;
18/08/2013;12:25:00;136;com vítima;833;BR-116/BA;Norte;Colisão Traseira;;;1;1;;;;;;;1;;1;;
18/08/2013;05:51:00;41;com vítima;900;BR-116/BA;Sul;Colisão Traseira;1;;1;;;;;;;;2;2;;;
19/08/2013;09:22:00;64;com vítima;543;BR-324/BA;Leste;Colisão Lateral;1;;;1;;;;;;;1;1;;;
19/08/2013;08:54:00;56;sem vítima;560;BR-324/BA;Oeste;Colisão Transversal;2;;;;;;;;;;8;;;;
19/08/2013;06:56:00;31;sem vítima;587,6;BR-324/BA;Leste;Capotamento;1;;;;;;;;;;2;;;;
19/08/2013;17:17:00;173;sem vítima;618;BR-324/BA;Oeste;Colisão Lateral;1;;1;;;;;;;;3;;;;
19/08/2013;21:24:00;203;sem vítima;618;BR-324/BA;Oeste;Colisão Traseira;2;;;;;;;;;;5;;;;
19/08/2013;21:16:00;202;sem vítima;623;BR-324/BA;Oeste;Saida de Pista;1;;;;;;;;;;1;;;;
19/08/2013;00:20:00;6;sem vítima;669,7;BR-116/BA;Sul;Atropelamento de Animal;1;;;;;;;;;;5;;;;
19/08/2013;15:38:00;154;sem vítima;765;BR-116/BA;Norte;Saida de Pista;1;;;;;1;;;;;2;;;;
19/08/2013;23:50:00;220;com vítima;801,5;BR-116/BA;Sul;Saida de Pista;1;;;;;;;;;;0;2;;1;1
19/08/2013;13:31:00;118;com vítima;818;BR-116/BA;Sul;Colisão Transversal;;;1;1;;;;;;;1;1;;;
19/08/2013;15:36:00;153;sem vítima;829;BR-116/BA;Sul;Colisão Transversal;1;;;;1;;;;;;3;;;;
20/08/2013;23:02:00;247;com vítima;5;BR-116/BA - ContSuFS;;Colisão Traseira;1;;1;;;;;;;;5;1;;;
20/08/2013;08:56:00;66;com vítima;5,5;BR-116/BA - Cont VC;;Colisão Transversal;1;;1;;;;;;;;1;1;;;
20/08/2013;02:35:00;10;sem vítima;6;BR-116/BA - ContSuFS;;Colisão Transversal;;;2;;;;;;;;2;;;;
20/08/2013;14:43:00;149;com vítima;461;BR-116/BA;Norte;Engavetamento;;;1;1;1;;;;;;2;1;;;
20/08/2013;17:29:00;191;sem vítima;559,5;BR-324/BA;Leste;Saida de Pista;1;;;;;;;;;;3;;;;
20/08/2013;10:38:00;95;sem vítima;467,8;BR-116/BA;Norte;Colisão Traseira;1;;1;;;;;;;;2;;;;
20/08/2013;13:20:00;132;sem vítima;577;BR-324/BA;Oeste;Saida de Pista;1;;;;;;;;;;1;;;;
20/08/2013;13:59:00;141;sem vítima;577,8;BR-324/BA;Leste;Saida de Pista;1;;;;;;;;;;4;;;;
20/08/2013;06:36:00;32;sem vítima;582,2;BR-324/BA;Leste;Saida de Pista;1;;;;;;;;;;1;;;;
20/08/2013;04:17:00;21;com vítima;488;BR-116/BA;Sul;Saida de Pista;1;;;;;;;;;;2;2;;;
20/08/2013;07:41:00;47;sem vítima;615;BR-324/BA;Oeste;Colisão Traseira;1;;1;;;;;;;;6;;;;
20/08/2013;18:39:00;206;sem vítima;618,5;BR-324/BA;Oeste;Colisão Lateral;1;;1;;;;;;;;4;;;;
20/08/2013;08:55:00;65;sem vítima;619;BR-324/BA;Leste;Colisão Traseira;2;;;;;;;;;;4;;;;
20/08/2013;09:38:00;80;sem vítima;620;BR-324/BA;Leste;Colisão Traseira;2;;1;;;;;;;;9;;;;
20/08/2013;23:14:00;248;sem vítima;622,9;BR-324/BA;Leste;Saida de Pista;1;;;;;;;;;;1;;;;
20/08/2013;05:34:00;24;sem vítima;626;BR-324/BA;Leste;Colisão Traseira;2;;;;;;;;;;4;;;;
20/08/2013;21:14:00;232;sem vítima;626,2;BR-324/BA;Leste;Saida de Pista;1;;;;;;;;;;1;;;;
20/08/2013;03:28:00;16;sem vítima;651;BR-116/BA;Norte;Atropelamento de Animal;;;;;;;;;;1;15;;;;
20/08/2013;09:26:00;77;com vítima;712;BR-116/BA;Sul;Queda de Moto;;;;1;;;;;;;0;1;;;
20/08/2013;03:40:00;17;com vítima;783;BR-116/BA;Norte;Saida de Pista;;;1;;;;;;;;1;1;;;
20/08/2013;22:38:00;242;com vítima;922;BR-116/BA;Norte;Colisão Traseira;1;;1;;;;;;;;1;;1;;
21/08/2013;11:55:00;117;com vítima;545;BR-324/BA;Leste;Colisão Transversal;2;;;;;1;;;;;2;4;;;
21/08/2013;10:49:00;99;sem vítima;622;BR-324/BA;Leste;Engavetamento;3;;;;;;;;;;3;;;;
21/08/2013;21:15:00;233;com vítima;674;BR-116/BA;Sul;Colisão Traseira;;;;1;;1;;;;;1;1;;;
21/08/2013;11:52:00;116;com vítima;817,8;BR-116/BA;Sul;Colisão Lateral;1;;;1;;;;;;;3;1;;;
21/08/2013;11:00:00;101;com vítima;891;BR-116/BA;Norte;Colisão Frontal;;;2;;;;;;;;1;;1;;
22/08/2013;13:14:00;121;com vítima;437;BR-116/BA;Sul;Colisão Traseira;;;1;;;;;;;1;2;10;;;
22/08/2013;17:07:00;172;sem vítima;518;BR-324/BA;Oeste;Colisão Lateral;1;;1;;;;;;;;5;;;;
22/08/2013;16:22:00;161;com vítima;523,4;BR-324/BA;Leste;Queda de Moto;;;;1;;;;;;;0;2;;;
22/08/2013;16:25:00;162;com vítima;530,2;BR-324/BA;Leste;Queda de Moto;;;;1;;1;;;;;1;;;1;
22/08/2013;17:41:00;178;sem vítima;537,6;BR-324/BA;Oeste;Capotamento;1;;;;;;;;;;1;;;;
22/08/2013;08:39:00;57;sem vítima;482;BR-116/BA;Sul;Saida de Pista;;;;;;;;;;1;1;;;;
22/08/2013;06:08:00;24;sem vítima;500;BR-116/BA;Norte;Colisão Lateral;;;3;;;;;;;;5;;;;
22/08/2013;12:20:00;111;sem vítima;612;BR-324/BA;Oeste;Saida de Pista;1;;;;;;;;;;1;;;;
22/08/2013;08:08:00;49;sem vítima;617;BR-324/BA;Leste;Colisão Traseira;2;;;;;;;;;;2;;;;
22/08/2013;18:18:00;188;sem vítima;618,3;BR-324/BA;Oeste;Colisão Lateral;1;;;;;1;;;;;2;;;;
22/08/2013;14:54:00;143;com vítima;625,5;BR-324/BA;Oeste;Colisão Lateral;2;;;;;;;;;;1;;;1;
22/08/2013;08:42:00;58;sem vítima;640,5;BR-116/BA;Norte;Colisão Traseira;1;;;;;1;;;;;5;;;;
22/08/2013;06:44:00;31;sem vítima;718,6;BR-116/BA;Sul;Tombamento;;;1;;;;;;;;1;;;;
22/08/2013;07:23:00;38;com vítima;916;BR-116/BA;Norte;Capotamento;1;;;;;;;;;;0;1;;;
23/08/2013;11:02:00;103;com vítima;2;BR-116/BA - ContSuFS;;Colisão Frontal;1;;;1;;;;;;;2;1;;;
23/08/2013;18:39:00;215;sem vítima;519,1;BR-324/BA;Leste;Colisão Traseira;2;;;;;;;;;;2;;;;
23/08/2013;20:45:00;249;sem vítima;455;BR-116/BA;Sul;Engavetamento;;;3;;;;;;;;4;;;;
23/08/2013;17:26:00;196;sem vítima;547;BR-324/BA;Leste;Saida de Pista;;;1;;;;;;;;1;;;;
23/08/2013;18:52:00;220;sem vítima;551;BR-324/BA;Oeste;Colisão Traseira;2;;;;;;;;;;2;;;;
23/08/2013;11:09:00;105;sem vítima;556,3;BR-324/BA;Oeste;Saida de Pista;1;;;;;1;;;;;3;;;;
23/08/2013;17:25:00;195;com vítima;462;BR-116/BA;Norte;Colisão Transversal;1;;2;;;;;;;;2;1;;;
23/08/2013;15:03:00;151;sem vítima;564;BR-324/BA;Leste;Saida de Pista;1;;;;;;;;;;1;;;;
23/08/2013;07:56:00;48;sem vítima;585;BR-324/BA;Oeste;Colisão Traseira;1;;;;1;;;;;;2;;;;
23/08/2013;05:42:00;23;com vítima;614;BR-324/BA;Oeste;Atropelamento de Pedestre;;;;;;1;;;;;1;;;1;
23/08/2013;06:08:00;27;sem vítima;615;BR-324/BA;Oeste;Engavetamento;2;;;;;;;;;1;3;;;;
23/08/2013;09:40:00;80;sem vítima;618;BR-324/BA;Oeste;Colisão Lateral;1;;1;;;;;;;;2;;;;
23/08/2013;10:46:00;98;sem vítima;618;BR-324/BA;Oeste;Colisão Lateral;;;1;;1;;;;;;2;;;;
23/08/2013;00:24:00;3;sem vítima;831;BR-116/BA;Norte;Atropelamento de Animal;;;;;1;;;;;;43;;;;
23/08/2013;15:19:00;161;sem vítima;879,2;BR-116/BA;Norte;Atropelamento de Animal;;;2;;;;;;;;2;;;;
24/08/2013;20:05:00;239;com vítima;3;BR-116/BA - ContSuFS;;Queda de Moto;;;;1;;;;;;;0;1;;;
24/08/2013;09:04:00;84;sem vítima;5,8;BR-116/BA - ContSuFS;;Engavetamento;1;;2;;;;;;;;3;;;;
24/08/2013;15:14:00;178;com vítima;7;BR-116/BA - ContSuFS;;Colisão Traseira;;;1;1;;1;;;;;2;1;;;
24/08/2013;19:25:00;233;sem vítima;7,5;BR-116/BA - ContSuFS;;Colisão Lateral;1;;;;;1;;;;;2;;;;
24/08/2013;21:30:00;251;sem vítima;426,6;BR-116/BA;Sul;Colisão Transversal;1;;1;;;;;;;;5;;;;
24/08/2013;15:00:00;175;sem vítima;521;BR-324/BA;Oeste;Colisão Traseira;1;;1;;;;;;;;3;;;;
24/08/2013;11:36:00;140;sem vítima;534;BR-324/BA;Oeste;Capotamento;2;;;;;;;;;;2;;;;
24/08/2013;16:41:00;196;sem vítima;553;BR-324/BA;Oeste;Saida de Pista;1;;;;;;;;;;2;;;;
24/08/2013;08:14:00;68;sem vítima;599;BR-324/BA;Leste;Choque - Defensa, barreira ou "submarino";1;;;;;;;;;;2;;;;
24/08/2013;18:54:00;227;com vítima;599;BR-324/BA;Leste;Colisão Traseira;1;;1;;;;;;;;5;2;;;
24/08/2013;11:04:00;128;sem vítima;620;BR-324/BA;Oeste;Colisão Traseira;2;;;;;;;;;;2;;;;
24/08/2013;17:20:00;205;sem vítima;623;BR-324/BA;Oeste;Saida de Pista;1;;;;;;;;;;2;;;;
24/08/2013;10:51:00;126;sem vítima;617;BR-116/BA;Sul;Engavetamento;;;2;;;1;;;;;3;;;;
24/08/2013;12:39:00;154;com vítima;643,3;BR-116/BA;Norte;Engavetamento;1;;3;;;;;;;;4;2;;;
24/08/2013;20:16:00;242;com vítima;826,2;BR-116/BA;Sul;Queda de Moto;;;;1;;;;;;;0;;1;;
24/08/2013;16:24:00;191;sem vítima;900;BR-116/BA;Sul;Engavetamento;1;;2;;;;;;;;4;;;;
25/08/2013;07:18:00;43;sem vítima;526;BR-324/BA;Oeste;Saida de Pista;;;;;;;;;;1;1;;;;
25/08/2013;18:12:00;180;com vítima;547;BR-324/BA;Oeste;Colisão Lateral;1;;;;;1;;;;;0;1;1;;
25/08/2013;07:51:00;49;com vítima;550;BR-324/BA;Oeste;Saida de Pista;1;;;;;;;;;;1;1;;;
25/08/2013;03:41:00;16;sem vítima;553,5;BR-324/BA;Oeste;Saida de Pista;1;;;;;;;;;;1;;;;
25/08/2013;19:41:00;201;com vítima;461;BR-116/BA;Norte;Colisão Frontal;1;;;1;;;;;;;1;1;;;
25/08/2013;09:22:00;70;sem vítima;559,3;BR-324/BA;Oeste;Saida de Pista;1;;;;;;;;;;5;;;;
25/08/2013;22:54:00;233;com vítima;581,5;BR-324/BA;Leste;Queda de Moto;;;;1;;;;;;;0;;1;;