data;horario;n_da_ocorrencia;tipo_de_ocorrencia;km;trecho;sentido;tipo_de_acidente;automovel;bicicleta;caminhao;moto;onibus;outros;tracao_animal;transporte_de_cargas_especiais;trator_maquinas;utilitarios;ilesos;levemente_feridos;moderadamente_feridos;gravemente_feridos;mortos
25/10/2013;17:05:00;220;sem vítima;917;BR-116/BA;Norte;Colisão Lateral;1;;1;;;;;;;;2;;;;
26/10/2013;16:09:00;202;com vítima;7;BR-116/BA - ContSuFS;;Colisão Traseira;2;;;;;;;;;;6;2;;;
26/10/2013;07:07:00;45;sem vítima;9;BA-526;Sul;Colisão Traseira;1;;1;;;;;;;;2;;;;
26/10/2013;23:09:00;297;sem vítima;16;BR-116/BA - Cont VC;;Colisão Traseira;1;;;;;1;;;;;2;;;;
26/10/2013;05:28:00;25;com vítima;555,5;BR-324/BA;Oeste;Capotamento;1;;;;;;;;;;1;1;1;;
26/10/2013;08:46:00;69;sem vítima;565;BR-324/BA;Leste;Saida de Pista;1;;;;;;;;;;4;;;;
26/10/2013;23:25:00;305;com vítima;463,8;BR-116/BA;Sul;Queda de Moto;;;;1;;;;;;;1;;;1;
26/10/2013;05:51:00;30;com vítima;567;BR-324/BA;Leste;Queda de Moto;;;;1;;;;;;;0;1;1;;
26/10/2013;04:12:00;18;sem vítima;481;BR-116/BA;Sul;Saida de Pista;1;;;;;;;;;;1;;;;
26/10/2013;21:40:00;284;com vítima;490;BR-116/BA;Sul;Saida de Pista;1;;;;;;;;;;0;4;;;
26/10/2013;15:58:00;198;sem vítima;599;BR-324/BA;Leste;Colisão Lateral;2;;;;;;;;;;2;;;;
26/10/2013;22:12:00;288;com vítima;610;BR-324/BA;Leste;Queda de Moto;;;;1;;;;;;;1;1;;;
26/10/2013;07:35:00;50;sem vítima;615;BR-324/BA;Leste;Engavetamento;3;;;;;;;;;;3;;;;
26/10/2013;09:04:00;73;sem vítima;568;BR-116/BA;Sul;Colisão Lateral;1;;1;;;;;;;;6;;;;
26/10/2013;18:33:00;239;com vítima;653;BR-116/BA;Sul;Colisão Lateral;1;;2;;;;;;;;1;2;;;1
26/10/2013;18:47:00;245;sem vítima;666;BR-116/BA;Sul;Colisão Lateral;1;;;;;1;;;;;3;;;;
26/10/2013;06:48:00;42;sem vítima;716;BR-116/BA;Norte;Choque Contra Objeto Fixo;;;1;;;;;;;;1;;;;
26/10/2013;06:30:00;37;sem vítima;756;BR-116/BA;Sul;Colisão Traseira;;;2;;;;;;;;2;;;;
26/10/2013;13:05:00;139;sem vítima;814;BR-116/BA;Norte;Colisão Traseira;;;;;1;1;;;;;2;;;;
27/10/2013;10:59:00;86;com vítima;426,2;BR-116/BA;Norte;Colisão Traseira;1;;;1;;;;;;;1;;;1;
27/10/2013;05:14:00;32;sem vítima;526;BR-324/BA;Oeste;Capotamento;1;;;;;;;;;;1;;;;
27/10/2013;16:01:00;150;com vítima;563;BR-324/BA;Oeste;Capotamento;1;;;;;;;;;;1;2;1;;
27/10/2013;19:43:00;188;sem vítima;615;BR-324/BA;Oeste;Capotamento;1;;;;;1;;;;;2;;;;
27/10/2013;02:50:00;19;com vítima;621,7;BR-324/BA;Oeste;Queda de Moto;;;;1;;;;;;;0;1;;;
27/10/2013;12:40:00;100;com vítima;655,1;BR-116/BA;Norte;Saida de Pista;1;;;;;;;;;;0;2;;;
27/10/2013;16:20:00;156;com vítima;714,1;BR-116/BA;Norte;Engavetamento;;;2;;1;;;;;;2;2;1;;
27/10/2013;16:51:00;160;com vítima;816,7;BR-116/BA;Norte;Colisão Traseira;;;2;;;;;;;;1;1;;;
28/10/2013;10:21:00;116;sem vítima;440;BR-116/BA;Sul;Outros;;;1;;;;;;;;1;;;;
28/10/2013;13:01:00;158;sem vítima;531,5;BR-324/BA;Oeste;Colisão Traseira;1;;;;;1;;;;;2;;;;
28/10/2013;06:25:00;40;sem vítima;599;BR-324/BA;Leste;Colisão Traseira;1;;;;1;;;;;;2;;;;
28/10/2013;09:13:00;95;sem vítima;613,6;BR-324/BA;Oeste;Colisão Lateral;2;;;;;1;;;;;3;;;;
28/10/2013;06:26:00;41;com vítima;619,9;BR-324/BA;Oeste;Choque - Veiculo parado na pista;;;;1;1;;;;;;1;1;;;
28/10/2013;19:37:00;252;sem vítima;622,8;BR-324/BA;Oeste;Engavetamento;2;;;;2;;;;;;85;;;;
28/10/2013;17:29:00;221;com vítima;623;BR-324/BA;Leste;Colisão Lateral;;;;1;;1;;;;;1;1;;;
28/10/2013;18:24:00;232;com vítima;623,5;BR-324/BA;Leste;Colisão Traseira;;;;1;;1;;;;;1;1;;;
28/10/2013;07:08:00;56;sem vítima;701;BR-116/BA;Norte;Capotamento;1;;;;;;;;;;1;;;;
28/10/2013;11:47:00;145;com vítima;792;BR-116/BA;Sul;Saida de Pista;;;;;;;;;;1;0;1;;;
29/10/2013;16:55:00;208;com vítima;3;BR-116/BA - ContSuFS;;Atropelamento de Pedestre;;;;1;;;;;;;1;;1;;
29/10/2013;23:15:00;271;com vítima;3;BR-116/BA - ContSuFS;;Atropelamento de Animal;;;;1;;;;;;;0;1;;;
29/10/2013;16:55:00;276;sem vítima;3;BR-116/BA - Cont VC;;Sequência;;;;1;;;;;;1;2;;;;
29/10/2013;15:46:00;189;sem vítima;543;BR-324/BA;Oeste;Colisão Traseira;1;;1;;;;;;;;2;;;;
29/10/2013;11:47:00;135;sem vítima;558;BR-324/BA;Oeste;Saida de Pista;1;;;;;;;;;;1;;;;
29/10/2013;03:24:00;14;sem vítima;479;BR-116/BA;Sul;Atropelamento de Animal;;;1;;;;;;;;1;;;;
29/10/2013;14:29:00;172;com vítima;597;BR-324/BA;Oeste;Colisão Lateral;;;;1;1;;;;;;4;1;;;
29/10/2013;18:40:00;232;sem vítima;560;BR-116/BA;Norte;Colisão Lateral;2;;1;;;;;;;;3;;;;
29/10/2013;04:25:00;17;com vítima;659,5;BR-116/BA;Norte;Tombamento;;;1;;;;;;;;0;1;;;
30/10/2013;07:39:00;55;com vítima;551;BR-324/BA;Oeste;Colisão Transversal;;;2;;;;;;;;1;1;;;
30/10/2013;09:23:00;79;sem vítima;608;BR-324/BA;Leste;Colisão Lateral;1;;1;;;;;;;;2;;;;
30/10/2013;08:15:00;64;sem vítima;623,8;BR-324/BA;Leste;Engavetamento;5;;;;;;;;;;5;;;;
30/10/2013;17:24:00;207;com vítima;620,7;BR-116/BA;Sul;Saida de Pista;1;;;;;;;;;;0;5;;;
30/10/2013;22:27:00;256;sem vítima;659,9;BR-116/BA;Norte;Saida de Pista;1;;;;;;;;;;1;;;;
30/10/2013;05:10:00;25;com vítima;706,5;BR-116/BA;Norte;Saida de Pista;;;1;;;;;;;;2;;1;;
31/10/2013;14:30:00;176;com vítima;9;BA-526;Sul;Colisão Traseira;1;;;;;;;;;;0;1;;;
31/10/2013;16:16:00;204;com vítima;525,2;BR-324/BA;Leste;Atropelamento de Pedestre;;;;;;1;;;;;1;1;;;
31/10/2013;12:22:00;142;com vítima;461;BR-116/BA;Norte;Colisão Transversal;;;1;1;;;;;;;1;1;;;
31/10/2013;15:53:00;198;sem vítima;572;BR-324/BA;Oeste;Engavetamento;1;;2;;;;;;;;6;;;;
31/10/2013;15:49:00;196;sem vítima;579;BR-324/BA;Oeste;Colisão Lateral;;;2;;;;;;;;5;;;;
31/10/2013;00:01:00;1;com vítima;585;BR-324/BA;Leste;Queda de Moto;;;;1;;;;;;;1;;;1;
31/10/2013;01:12:00;7;sem vítima;637;BR-116/BA;Sul;Colisão Lateral;;;1;;;;;;;2;3;;;;
31/10/2013;11:19:00;134;sem vítima;675;BR-116/BA;Norte;Engavetamento;;;2;;;1;;;;;3;;;;
31/10/2013;14:27:00;174;sem vítima;692,5;BR-116/BA;Sul;Saida de Pista;;;1;;;;;;;;1;;;;
31/10/2013;07:51:00;40;sem vítima;792;BR-116/BA;Sul;Saida de Pista;;;1;;;1;;;;;2;;;;
01/11/2013;07:44:00;62;com vítima;15;BR-116/BA - Cont VC;;Colisão Transversal;1;;1;;;;;;;;1;1;1;;
01/11/2013;16:46:00;230;com vítima;519,2;BR-324/BA;Oeste;Queda de Moto;;;;1;;;;;;;0;1;;;
01/11/2013;06:35:00;50;sem vítima;526,5;BR-324/BA;Leste;Colisão Traseira;1;;;;;1;;;;;2;;;;
01/11/2013;20:43:00;292;sem vítima;550;BR-324/BA;Oeste;Saida de Pista;1;;;;;;;;;;1;;;;
01/11/2013;16:33:00;225;sem vítima;585;BR-324/BA;Leste;Saida de Pista;1;;;;;;;;;;1;;;;
01/11/2013;20:45:00;295;sem vítima;618;BR-324/BA;Leste;Engavetamento;2;;;;;1;;;;1;4;;;;
01/11/2013;16:42:00;228;com vítima;620;BR-324/BA;Oeste;Atropelamento - Ciclista;1;1;;;;1;;;;;3;;1;;
01/11/2013;21:10:00;296;com vítima;620,7;BR-324/BA;Oeste;Colisão Traseira;1;;;1;;;;;;;1;1;;;
01/11/2013;16:18:00;216;sem vítima;716;BR-116/BA;Norte;Colisão Traseira;;;2;;;;;;;;2;;;;
02/11/2013;22:14:00;232;sem vítima;16;BR-116/BA - Cont VC;;Atropelamento de Animal;;;1;;;;;;;;1;;;;
02/11/2013;17:15:00;175;com vítima;531;BR-324/BA;Oeste;Queda de Moto;;;;1;;1;;;;;1;2;;;
02/11/2013;19:06:00;197;sem vítima;543,1;BR-324/BA;Oeste;Saida de Pista;1;;;;;;;;;;3;;;;
02/11/2013;02:05:00;9;com vítima;544;BR-324/BA;Oeste;Choque Contra Objeto Fixo;;;;;;;;;;1;0;;1;;
02/11/2013;22:44:00;238;sem vítima;562,1;BR-324/BA;Leste;Capotamento;;;;;;;;;;1;1;;;;
02/11/2013;10:09:00;84;sem vítima;623;BR-324/BA;Leste;Colisão Traseira;1;;1;;;;;;;;2;;;;
02/11/2013;00:37:00;5;com vítima;626,2;BR-324/BA;Leste;Atropelamento de Pedestre;1;;;;;;;;;;1;;;;1
02/11/2013;14:41:00;138;sem vítima;638;BR-116/BA;Norte;Saida de Pista;1;;;;;;;;;;1;;;;
02/11/2013;15:55:00;160;sem vítima;642;BR-116/BA;Norte;Colisão Lateral;;;2;;;;;;;;2;;;;
02/11/2013;05:29:00;21;sem vítima;647;BR-116/BA;Sul;Atropelamento de Animal;;;1;;;;;;;;1;;;;
02/11/2013;19:52:00;205;sem vítima;659;BR-116/BA;Norte;Saida de Pista;;;1;;;;;;;;1;;;;
03/11/2013;00:25:00;2;com vítima;17,3;BR-116/BA - Cont VC;;Colisão Traseira;2;;;;;;;;;;0;3;;;
03/11/2013;07:03:00;31;sem vítima;439;BR-116/BA;Sul;Saida de Pista;1;;;;;;;;;;1;;;;
03/11/2013;06:10:00;27;sem vítima;525,5;BR-324/BA;Oeste;Saida de Pista;1;;;;;;;;;;2;;;;
03/11/2013;22:55:00;214;com vítima;533;BR-324/BA;Leste;Capotamento;1;;;;;;;;;;0;3;;1;
03/11/2013;22:07:00;206;sem vítima;551;BR-324/BA;Oeste;Colisão Lateral;2;;;;;;;;;;2;;;;
03/11/2013;23:48:00;224;com vítima;464;BR-116/BA;Sul;Queda de Moto;;;;1;;;;;;;0;1;;;
03/11/2013;21:38:00;204;sem vítima;569;BR-324/BA;Leste;Saida de Pista;1;;;;;;;;;;3;;;;
03/11/2013;13:40:00;111;sem vítima;592,5;BR-324/BA;Leste;Colisão Traseira;2;;;;;;;;;;3;;;;
03/11/2013;13:21:00;106;com vítima;593;BR-324/BA;Leste;Saida de Pista;1;;;;;;;;;;0;1;;;
03/11/2013;13:39:00;110;com vítima;599;BR-324/BA;Oeste;Colisão Transversal;2;;;;;;;;;;7;2;;;
03/11/2013;05:19:00;23;com vítima;603,4;BR-324/BA;Oeste;Colisão Traseira;2;;;;;;;;;;3;1;;;
03/11/2013;07:54:00;43;sem vítima;611;BR-324/BA;Oeste;Saida de Pista;1;;;;;1;;;;;2;;;;
03/11/2013;06:16:00;29;sem vítima;623,7;BR-324/BA;Oeste;Saida de Pista;1;;;;;;;;;;4;;;;
03/11/2013;22:23:00;209;com vítima;637;BR-116/BA;Sul;Colisão Lateral;;;;1;;1;;;;;1;;1;;
03/11/2013;01:48:00;9;com vítima;767,3;BR-116/BA;Sul;Capotamento;1;;;;;1;;;;;1;1;;;
03/11/2013;14:15:00;118;sem vítima;797,2;BR-116/BA;Norte;Saida de Pista;1;;;;;1;;;;;2;;;;
03/11/2013;13:46:00;113;com vítima;806,6;BR-116/BA;Norte;Queda de Moto;;;;1;;;;;;;0;2;;;
03/11/2013;17:12:00;153;sem vítima;931;BR-116/BA;Sul;Colisão Traseira;;;2;;;;;;;;2;;;;
04/11/2013;10:39:00;125;com vítima;526;BR-324/BA;Leste;Colisão Traseira;;;1;;1;;;;;;45;2;;;
04/11/2013;13:35:00;161;com vítima;557;BR-324/BA;Oeste;Saida de Pista;;;1;;;;;;;;1;2;;;
04/11/2013;13:16:00;157;com vítima;574;BR-324/BA;Leste;Capotamento;1;;;;;;;;;;0;1;;;
04/11/2013;07:36:00;56;sem vítima;615;BR-324/BA;Leste;Engavetamento;3;;;;;;;;;;3;;;;
04/11/2013;19:57:00;231;com vítima;623;BR-324/BA;Oeste;Queda de Moto;;;;2;;;;;;;0;2;;;
04/11/2013;15:48:00;183;sem vítima;624;BR-324/BA;Oeste;Choque - Defensa, barreira ou "submarino";1;;;;;;;;;;1;;;;
04/11/2013;21:43:00;248;com vítima;628,05;BR-116/BA;Sul;Colisão Traseira;;;1;;;1;;;;;1;1;;;
04/11/2013;14:15:00;169;sem vítima;760;BR-116/BA;Norte;Saida de Pista;1;;;;;;;;;;3;;;;
05/11/2013;13:37:00;125;com vítima;439,3;BR-116/BA;Sul;Colisão Traseira;1;;1;;;;;;;;1;2;;;1
05/11/2013;11:00:00;92;sem vítima;568;BR-324/BA;Oeste;Colisão Lateral;1;;2;;;;;;;;3;;;;
05/11/2013;22:31:00;243;sem vítima;590;BR-324/BA;Leste;Saida de Pista;1;;;;;;;;;;1;;;;
05/11/2013;01:02:00;5;sem vítima;609,8;BR-324/BA;Leste;Saida de Pista;1;;;;;;;;;;4;;;;
05/11/2013;13:56:00;132;sem vítima;618;BR-324/BA;Oeste;Colisão Lateral;1;;1;;;;;;;;2;;;;
05/11/2013;20:47:00;230;com vítima;625;BR-324/BA;Oeste;Colisão Traseira;1;;;;;;;;;;0;1;;;
06/11/2013;06:49:00;38;com vítima;518;BR-324/BA;Leste;Colisão Traseira;;;;2;;;;;;;1;1;;;
06/11/2013;18:50:00;242;sem vítima;518;BR-324/BA;Oeste;Colisão Traseira;1;;1;;;;;;;;3;;;;
06/11/2013;19:15:00;252;sem vítima;520;BR-324/BA;Oeste;Colisão Traseira;;;2;;;;;;;;2;;;;
06/11/2013;15:19:00;184;sem vítima;521;BR-324/BA;Leste;Choque - Defensa, barreira ou "submarino";;;1;;;;;;;;1;;;;
06/11/2013;11:45:00;141;sem vítima;560;BR-324/BA;Oeste;Colisão Lateral;1;;1;;;;;;;;3;;;;
06/11/2013;15:45:00;193;sem vítima;462;BR-116/BA;Sul;Colisão Transversal;1;;;1;;;;;;;2;;;;
06/11/2013;19:35:00;257;sem vítima;571;BR-324/BA;Leste;Capotamento;1;;;;;;;;;;3;;;;
06/11/2013;00:18:00;3;sem vítima;621;BR-324/BA;Oeste;Saida de Pista;1;;;;;;;;;;1;;;;
06/11/2013;07:29:00;49;sem vítima;624;BR-324/BA;Oeste;Colisão Traseira;1;;;;;;;;;1;4;;;;
06/11/2013;07:40:00;59;sem vítima;624;BR-324/BA;Leste;Colisão Traseira;2;;;;;;;;;;2;;;;
07/11/2013;17:43:00;208;com vítima;2;BR-116/BA - ContSuFS;;Colisão Transversal;1;;;1;;;;;;;1;1;;;
07/11/2013;12:48:00;137;sem vítima;434;BR-116/BA;Sul;Colisão Traseira;;;2;;;;;;;;2;;;;
07/11/2013;18:38:00;223;sem vítima;518,5;BR-324/BA;Oeste;Colisão Lateral;;;1;;1;;;;;;2;;;;
07/11/2013;18:52:00;225;sem vítima;519;BR-324/BA;Oeste;Colisão Traseira;2;;;;;;;;;;2;;;;
07/11/2013;16:59:00;195;sem vítima;573;BR-324/BA;Oeste;Colisão Traseira;1;;1;;;;;;;;2;;;;
07/11/2013;12:25:00;129;sem vítima;577,5;BR-324/BA;Leste;Saida de Pista;1;;;;;;;;;;1;;;;
07/11/2013;13:12:00;140;sem vítima;604;BR-324/BA;Oeste;Engavetamento;3;;;;;;;;;;3;;;;
07/11/2013;11:15:00;106;sem vítima;636,8;BR-116/BA;Norte;Saida de Pista;;;1;;;1;;;;;2;;;;
07/11/2013;04:49:00;19;com vítima;641,4;BR-116/BA;Sul;Colisão Frontal;;;1;;;1;;;;1;0;2;7;3;4
07/11/2013;10:28:00;95;sem vítima;694;BR-116/BA;Norte;Colisão Traseira;;;2;;;;;;;;2;;;;
07/11/2013;10:53:00;102;com vítima;790,9;BR-116/BA;Norte;Saida de Pista;;;;;;;;;;1;0;2;;;
08/11/2013;07:43:00;50;sem vítima;0,3;BR-116/BA - ContSuFS;;Colisão Traseira;;;1;;1;;;;;;18;;;;
08/11/2013;22:13:00;289;com vítima;0,5;BR-116/BA - ContSuFS;;Colisão Lateral;1;;;1;;1;;;;;5;;;1;
08/11/2013;15:11:00;194;com vítima;426,4;BR-116/BA;Norte;Sequência;;;1;1;;;;;;;1;1;;;
08/11/2013;08:44:00;77;com vítima;457;BR-116/BA;Norte;Colisão Traseira;1;;;;;1;;;;;5;1;;;
08/11/2013;11:20:00;139;sem vítima;463;BR-116/BA;Sul;Colisão Lateral;1;;;;;1;;;;;2;;;;
08/11/2013;19:49:00;258;sem vítima;601;BR-324/BA;Leste;Colisão Traseira;2;;;;;;;;;;8;;;;
08/11/2013;11:57:00;148;sem vítima;610,3;BR-324/BA;Oeste;Engavetamento;1;;;;;;;;;2;6;;;;
08/11/2013;14:15:00;182;sem vítima;614,8;BR-324/BA;Oeste;Colisão Traseira;1;;;;;;;;;1;2;;;;
08/11/2013;13:18:00;168;sem vítima;531;BR-116/BA;Sul;Tombamento;;;1;;;;;;;;1;;;;
08/11/2013;16:59:00;225;com vítima;624,2;BR-324/BA;Oeste;Queda de Moto;;;;1;;;;;;;0;1;;;
08/11/2013;18:27:00;243;sem vítima;625,05;BR-324/BA;Oeste;Colisão Lateral;2;;;;;1;;;;;6;;;;
08/11/2013;12:05:00;147;sem vítima;567;BR-116/BA;Sul;Saida de Pista;;;;;;;;;;1;2;;;;
08/11/2013;15:38:00;200;sem vítima;644;BR-116/BA;Sul;Colisão Lateral;;;1;;;;;;;1;10;;;;
08/11/2013;08:22:00;65;sem vítima;722;BR-116/BA;Norte;Colisão Traseira;;;2;;;;;;;;2;;;;
08/11/2013;06:25:00;36;com vítima;804;BR-116/BA;Sul;Colisão Lateral;;;1;1;;;;;;;1;1;;;
09/11/2013;16:16:00;196;sem vítima;541;BR-324/BA;Leste;Colisão Traseira;2;;;;;;;;;;2;;;;
09/11/2013;07:12:00;54;sem vítima;551;BR-324/BA;Oeste;Engavetamento;3;;;;;;;;;;5;;;;
09/11/2013;19:02:00;229;com vítima;463;BR-116/BA;Norte;Capotamento;1;;;;;;;;;;0;2;;;
09/11/2013;21:15:00;255;com vítima;493;BR-116/BA;Sul;Engavetamento;;;2;;;;;;;1;2;;1;;
09/11/2013;20:35:00;252;com vítima;494;BR-116/BA;Sul;Tombamento;;;1;;;;;;;;0;1;;;
09/11/2013;19:10:00;231;sem vítima;615,7;BR-324/BA;Leste;Choque - Veiculo parado na pista;2;;;;;2;;;;1;17;;;;
09/11/2013;02:15:00;16;com vítima;556;BR-116/BA;Sul;Tombamento;;;1;;;;;;;;0;1;;;
09/11/2013;01:36:00;14;com vítima;583;BR-116/BA;Norte;Tombamento;;;1;;;;;;;;0;;1;;
09/11/2013;23:54:00;275;sem vítima;609;BR-116/BA;Norte;Colisão Traseira;;;2;;;;;;;;2;;;;
09/11/2013;14:45:00;178;sem vítima;757;BR-116/BA;Norte;Colisão Traseira;;;2;;;;;;;;2;;;;
09/11/2013;12:22:00;146;sem vítima;813;BR-116/BA;Norte;Colisão Traseira;1;;1;;;;;;;;2;;;;
09/11/2013;23:46:00;271;sem vítima;926;BR-116/BA;Sul;Colisão Lateral;;;1;;;;;;;1;2;;;;
10/11/2013;22:59:00;246;com vítima;3;BR-116/BA - ContSuFS;;Colisão Frontal;;;;1;;1;;;;;1;;;;1
10/11/2013;18:30:00;189;com vítima;437;BR-116/BA;Sul;Colisão Traseira;2;;;;;;;;;;4;1;;;
10/11/2013;18:49:00;195;com vítima;527,7;BR-324/BA;Leste;Queda de Moto;;;;1;;;;;;;0;1;;;
10/11/2013;22:50:00;241;sem vítima;556,2;BR-324/BA;Oeste;Saida de Pista;;;;;;;;;;1;1;;;;
10/11/2013;23:17:00;253;com vítima;462,5;BR-116/BA;Sul;Saida de Pista;;;;1;;;;;;;0;;1;;
10/11/2013;07:46:00;55;sem vítima;616;BR-324/BA;Oeste;Saida de Pista;1;;;;;;;;;;1;;;;
10/11/2013;19:30:00;206;sem vítima;620,2;BR-324/BA;Oeste;Colisão Lateral;2;;;;;;;;;;6;;;;
10/11/2013;11:23:00;95;com vítima;557;BR-116/BA;Norte;Colisão Lateral;1;;1;;;;;;;;2;3;;;1
10/11/2013;23:23:00;254;com vítima;627,1;BR-116/BA;Norte;Saida de Pista;;;1;;;;;;;;0;1;;;
10/11/2013;10:09:00;83;com vítima;735;BR-116/BA;Norte;Atropelamento - Usuário;;;1;;;;;;;;1;;;1;
10/11/2013;16:58:00;168;sem vítima;873,5;BR-116/BA;Norte;Saida de Pista;1;;;;;;;;;;1;;;;
11/11/2013;11:10:00;141;com vítima;6;BR-116/BA - ContSuFS;;Capotamento;;;;;;;;;;1;1;1;;;
11/11/2013;08:34:00;73;sem vítima;449,2;BR-116/BA;Norte;Colisão Traseira;1;;;;;;;;;1;4;;;;
11/11/2013;04:40:00;22;sem vítima;556,2;BR-324/BA;Leste;Capotamento;1;;;;;;;;;;3;;;;
11/11/2013;08:30:00;72;sem vítima;565,5;BR-324/BA;Leste;Saida de Pista;1;;;;;;;;;;1;;;;
11/11/2013;15:36:00;195;sem vítima;616;BR-324/BA;Oeste;Colisão Traseira;2;;;;;;;;;;2;;;;
11/11/2013;08:05:00;67;sem vítima;622;BR-324/BA;Leste;Engavetamento;4;;;;;;;;;;4;;;;
11/11/2013;08:00:00;65;com vítima;626;BR-324/BA;Leste;Colisão Traseira;1;;;1;;;;;;;4;;1;;
11/11/2013;15:04:00;184;sem vítima;543,5;BR-116/BA;Norte;Colisão Frontal;;;2;;;;;;;;2;;;;
11/11/2013;10:46:00;116;com vítima;643,6;BR-116/BA;Norte;Engavetamento;2;;;;;1;;;;;2;1;;;
12/11/2013;08:44:00;69;sem vítima;523;BR-324/BA;Leste;Queda de Moto;;;;1;;;;;;;1;;;;
12/11/2013;09:14:00;81;sem vítima;523;BR-324/BA;Leste;Colisão Lateral;1;;;;;1;;;;;3;;;;
12/11/2013;05:08:00;21;com vítima;609;BR-324/BA;Leste;Capotamento;1;;;;;;;;;;2;2;1;;
12/11/2013;04:31:00;17;sem vítima;615,1;BR-324/BA;Oeste;Atropelamento de Animal;;;;;1;;;;;;31;;;;
12/11/2013;21:29:00;250;com vítima;731,2;BR-116/BA;Norte;Tombamento;;;1;;;;;;;;0;;1;;
12/11/2013;13:47:00;146;sem vítima;757;BR-116/BA;Norte;Colisão Traseira;2;;;;;;;;;;2;;;;
12/11/2013;23:22:00;264;sem vítima;812,6;BR-116/BA;Sul;Tombamento;;;1;;;;;;;;1;;;;
13/11/2013;18:11:00;222;com vítima;12;BR-116/BA - Cont VC;;Colisão Lateral;;;;2;;;;;;;1;1;;;
13/11/2013;10:02:00;98;com vítima;447,1;BR-116/BA;Sul;Colisão Frontal;;;;1;;1;;;;;1;1;;;
13/11/2013;11:11:00;115;sem vítima;567;BR-324/BA;Leste;Saida de Pista;1;;;;;1;;;;;2;;;;
13/11/2013;08:46:00;69;com vítima;568;BR-116/BA;Sul;Colisão Traseira;1;;1;;;;;;;;2;1;;;
13/11/2013;20:10:00;251;sem vítima;590;BR-116/BA;Norte;Colisão Lateral;;;2;;;;;;;;2;;;;
13/11/2013;06:34:00;27;sem vítima;640,3;BR-116/BA;Norte;Colisão Lateral;;;2;;;;;;;;2;;;;
13/11/2013;22:25:00;276;sem vítima;742;BR-116/BA;Norte;Atropelamento de Animal;1;;;;;;;;;;1;;;;
13/11/2013;17:47:00;212;com vítima;782;BR-116/BA;Norte;Saida de Pista;;;1;;;;;;;;0;1;;;
13/11/2013;18:44:00;229;com vítima;817,5;BR-116/BA;Norte;Atropelamento de Pedestre;;;1;;;;;;;1;19;;;;1
14/11/2013;17:01:00;198;com vítima;13;BR-116/BA - Cont VC;;Queda de Moto;;;;1;;;;;;;0;2;;;
14/11/2013;18:12:00;219;sem vítima;518;BR-324/BA;Leste;Engavetamento;3;;;;;;;;;;5;;;;
14/11/2013;17:39:00;209;sem vítima;518,5;BR-324/BA;Oeste;Colisão Traseira;2;;;;;;;;;;5;;;;
14/11/2013;13:56:00;162;sem vítima;526;BR-324/BA;Oeste;Engavetamento;;;4;;;;;;;;4;;;;
14/11/2013;22:29:00;275;sem vítima;540,2;BR-324/BA;Oeste;Colisão Traseira;;;1;;;1;;;;;4;;;;
14/11/2013;17:41:00;210;sem vítima;544,4;BR-324/BA;Oeste;Colisão Traseira;1;;1;;;;;;;;5;;;;
14/11/2013;20:35:00;251;com vítima;545;BR-324/BA;Leste;Atropelamento de Pedestre;;;;1;;;;;;;2;1;;1;
14/11/2013;15:01:00;171;sem vítima;551;BR-324/BA;Oeste;Engavetamento;3;;;;;;;;;;6;;;;
14/11/2013;11:51:00;129;sem vítima;554;BR-324/BA;Oeste;Colisão Traseira;2;;;;;;;;;;2;;;;
14/11/2013;12:38:00;147;sem vítima;585;BR-324/BA;Oeste;Colisão Lateral;;;1;;;1;;;;;2;;;;
14/11/2013;23:52:00;298;sem vítima;488,02;BR-116/BA;Sul;Tombamento;;;1;;;;;;;;1;;;;
14/11/2013;16:07:00;183;com vítima;879,05;BR-116/BA;Norte;Colisão Lateral;1;;2;;;;;;;;2;1;1;;1
15/11/2013;14:20:00;200;com vítima;8;BR-116/BA - ContSuFS;;Queda de Moto;;;;1;;;;;;;0;1;;;
15/11/2013;16:39:00;235;com vítima;518;BR-324/BA;Oeste;Queda de Moto;;;;1;;;;;;;1;1;;;
15/11/2013;08:12:00;99;com vítima;540;BR-324/BA;Oeste;Queda de Moto;;;;1;;;;;;;0;2;;;
15/11/2013;02:50:00;20;com vítima;461,2;BR-116/BA;Sul;Saida de Pista;1;;;;;;;;;;1;;;1;
15/11/2013;12:08:00;177;sem vítima;461,2;BR-116/BA;Sul;Colisão Traseira;;;2;;;;;;;;2;;;;
15/11/2013;08:05:00;95;sem vítima;589;BR-324/BA;Oeste;Colisão Traseira;;;1;;1;;;;;;33;;;;
15/11/2013;06:26:00;52;sem vítima;607;BR-324/BA;Oeste;Colisão Traseira;2;;;;;;;;;;2;;;;
15/11/2013;09:07:00;115;sem vítima;610;BR-324/BA;Oeste;Engavetamento;3;;;;;;;;;;3;;;;
15/11/2013;11:53:00;176;com vítima;611;BR-324/BA;Oeste;Colisão Traseira;1;;1;;;;;;;;3;;1;;
15/11/2013;05:42:00;39;sem vítima;611,3;BR-324/BA;Oeste;Colisão Traseira;2;;;;;;;;;;2;;;;
15/11/2013;17:02:00;241;com vítima;614;BR-324/BA;Oeste;Capotamento;1;;;;;;;;;;3;1;;;
15/11/2013;20:46:00;281;com vítima;618;BR-324/BA;Leste;Colisão Traseira;1;;;;1;;;;;;14;1;;;
15/11/2013;20:42:00;279;sem vítima;786;BR-116/BA;Sul;Atropelamento de Animal;;;1;;;;;;;;1;;;;