data;horario;n_da_ocorrencia;tipo_de_ocorrencia;km;trecho;sentido;tipo_de_acidente;automovel;bicicleta;caminhao;moto;onibus;outros;tracao_animal;transporte_de_cargas_especiais;trator_maquinas;utilitarios;ilesos;levemente_feridos;moderadamente_feridos;gravemente_feridos;mortos
15/11/2013;23:14:00;293;sem vítima;802;BR-116/BA;Norte;Saida de Pista;1;;;;;;;;;;1;;;;
15/11/2013;20:03:00;272;com vítima;807,5;BR-116/BA;Sul;Colisão Lateral;;;;;;;;;;2;1;1;;;
16/11/2013;05:41:00;23;com vítima;559,8;BR-324/BA;Leste;Colisão Traseira;1;;1;;;;;;;;1;1;;;
16/11/2013;18:27:00;198;com vítima;479;BR-116/BA;Sul;Colisão Traseira;;;2;;;1;;;;;2;1;;;
16/11/2013;00:42:00;9;com vítima;617,4;BR-324/BA;Oeste;Colisão Traseira;1;;1;;;;;;;;1;;;1;3
16/11/2013;21:26:00;235;sem vítima;662,2;BR-116/BA;Sul;Atropelamento de Animal;;;1;;;;;;;;1;;;;
16/11/2013;21:40:00;237;sem vítima;663,5;BR-116/BA;Norte;Atropelamento de Animal;1;;;;;;;;;;4;;;;
16/11/2013;10:23:00;87;sem vítima;696;BR-116/BA;Sul;Colisão Traseira;;;2;;;1;;;;;7;;;;
16/11/2013;09:46:00;75;sem vítima;702;BR-116/BA;Norte;Tombamento;;;1;;;;;;;;3;;;;
16/11/2013;05:11:00;21;sem vítima;722;BR-116/BA;Norte;Colisão Lateral;1;;1;;;;;;;;2;;;;
16/11/2013;00:31:00;7;com vítima;814,5;BR-116/BA;Sul;Queda de Moto;;;;1;;;;;;;0;1;;;
16/11/2013;20:22:00;223;com vítima;827;BR-116/BA;Norte;Colisão Frontal;1;;;1;;;;;;;4;1;;;
17/11/2013;18:27:00;256;com vítima;2;BR-116/BA - ContSuFS;;Saida de Pista;1;;;;;;;;;;0;1;;;
17/11/2013;16:46:00;226;sem vítima;562,5;BR-324/BA;Leste;Colisão Traseira;2;;;;;;;;;;2;;;;
17/11/2013;16:27:00;220;sem vítima;564,5;BR-324/BA;Leste;Engavetamento;3;;;1;;1;;;;;5;;;;
17/11/2013;18:48:00;264;sem vítima;564,5;BR-324/BA;Leste;Engavetamento;4;;;;;;;;;;10;;;;
17/11/2013;14:47:00;178;sem vítima;566;BR-324/BA;Oeste;Colisão Traseira;1;;;;1;;;;;;2;;;;
17/11/2013;18:07:00;253;com vítima;568;BR-324/BA;Leste;Saida de Pista;1;;;;;1;;;;;2;;1;;
17/11/2013;11:23:00;126;sem vítima;570;BR-324/BA;Leste;Saida de Pista;1;;;;;;;;;;1;;;;
17/11/2013;18:35:00;260;sem vítima;573;BR-324/BA;Leste;Colisão Traseira;2;;;;;;;;;;2;;;;
17/11/2013;15:48:00;203;sem vítima;574;BR-324/BA;Leste;Colisão Traseira;;;;;;;;;;2;2;;;;
17/11/2013;15:25:00;192;sem vítima;576;BR-324/BA;Leste;Engavetamento;3;;;;;;;;;;7;;;;
17/11/2013;15:43:00;199;sem vítima;576;BR-324/BA;Leste;Engavetamento;5;;;;;;;;;;5;;;;
17/11/2013;15:07:00;183;sem vítima;578,1;BR-324/BA;Leste;Colisão Traseira;2;;;;;;;;;;2;;;;
17/11/2013;14:45:00;177;sem vítima;579;BR-324/BA;Leste;Saida de Pista;1;;;;;;;;;;1;;;;
17/11/2013;01:14:00;2;sem vítima;581,2;BR-324/BA;Leste;Saida de Pista;1;;;;;;;;;;1;;;;
17/11/2013;04:36:00;17;com vítima;598,8;BR-324/BA;Oeste;Atropelamento de Animal;1;;;;;;;;;;1;2;;;
17/11/2013;16:00:00;209;com vítima;580,7;BR-116/BA;Norte;Saida de Pista;1;;;;;;;;;;3;1;;;
17/11/2013;15:21:00;189;com vítima;674;BR-116/BA;Norte;Colisão Transversal;1;;1;;;;;;;;1;2;2;;
17/11/2013;11:03:00;117;sem vítima;835;BR-116/BA;Norte;Colisão Lateral;2;;;;;;;;;;6;;;;
18/11/2013;07:53:00;78;com vítima;427;BR-116/BA;Norte;Colisão Traseira;1;;;1;;;;;;;3;1;;;
18/11/2013;00:39:00;6;com vítima;530;BR-324/BA;Leste;Capotamento;1;;;;;;;;;;0;;;1;
18/11/2013;06:39:00;53;sem vítima;540;BR-324/BA;Leste;Colisão Traseira;;;1;;1;;;;;;2;;;;
18/11/2013;05:25:00;41;com vítima;541;BR-324/BA;Leste;Engavetamento;;;1;2;;;;;;;2;1;;;
18/11/2013;16:17:00;211;sem vítima;547,2;BR-324/BA;Leste;Colisão Lateral;1;;;;;;;;;;3;;;;
18/11/2013;15:58:00;203;sem vítima;562;BR-324/BA;Leste;Saida de Pista;1;;;;;;;;;;1;;;;
18/11/2013;06:58:00;60;sem vítima;575;BR-324/BA;Oeste;Colisão Transversal;1;;;;1;;;;;;5;;;;
18/11/2013;07:38:00;73;sem vítima;589,5;BR-324/BA;Leste;Colisão Traseira;1;;;;1;;;;;;2;;;;
18/11/2013;11:11:00;130;com vítima;512;BR-116/BA;Sul;Colisão Frontal;1;;;;;;;;;1;2;;;1;3
18/11/2013;23:18:00;297;com vítima;609,5;BR-324/BA;Leste;Capotamento;1;;;;;;;;;;0;;1;;
18/11/2013;06:21:00;49;sem vítima;621;BR-324/BA;Leste;Saida de Pista;1;;;;;;;;;;2;;;;
18/11/2013;07:43:00;74;com vítima;594,1;BR-116/BA;Sul;Tombamento;;;1;;;;;;;;0;2;;;
18/11/2013;15:33:00;198;com vítima;638;BR-116/BA;Norte;Colisão Frontal;1;;1;;;;;;;;4;1;;;
18/11/2013;14:49:00;188;com vítima;675;BR-116/BA;Norte;Colisão Lateral;;;;2;;;;;;;1;2;;;
18/11/2013;19:07:00;259;com vítima;778;BR-116/BA;Sul;Atropelamento - Ciclista;;1;;1;;;;;;;0;2;1;;
18/11/2013;03:44:00;32;sem vítima;905;BR-116/BA;Norte;Atropelamento de Animal;;;1;;;;;;;;1;;;;
19/11/2013;16:59:00;204;sem vítima;1;BR-116/BA - ContSuFS;;Colisão Traseira;;;;1;;;;;;1;3;;;;
19/11/2013;20:56:00;250;com vítima;14,3;BR-116/BA - Cont VC;;Atropelamento - Ciclista;;1;;;;1;;;;;1;;;;1
19/11/2013;09:48:00;95;sem vítima;533;BR-324/BA;Oeste;Colisão Traseira;1;;;;;1;;;;;2;;;;
19/11/2013;12:39:00;137;sem vítima;551;BR-324/BA;Oeste;Colisão Traseira;2;;1;;;;;;;;3;;;;
19/11/2013;09:42:00;90;sem vítima;561;BR-324/BA;Leste;Colisão Traseira;;;2;;;;;;;;2;;;;
19/11/2013;15:41:00;182;sem vítima;466,3;BR-116/BA;Norte;Colisão Traseira;;;2;;;;;;;;2;;;;
19/11/2013;22:32:00;264;com vítima;606;BR-116/BA;Norte;Colisão Lateral;;;2;;;;;;;;1;;1;;
20/11/2013;02:39:00;15;sem vítima;530;BR-324/BA;Leste;Tombamento;;;1;;;;;;;;1;;;;
20/11/2013;03:39:00;20;sem vítima;457;BR-116/BA;Norte;Atropelamento de Animal;;;1;;;;;;;;1;;;;
20/11/2013;18:19:00;220;sem vítima;560;BR-324/BA;Oeste;Capotamento;1;;;;;;;;;;2;;;;
20/11/2013;18:56:00;226;sem vítima;685,5;BR-116/BA;Sul;Tombamento;;;1;;;;;;;;1;;;;
21/11/2013;12:46:00;150;com vítima;6;BR-116/BA - Cont VC;;Capotamento;1;;;;;;;;;;0;1;;;
21/11/2013;16:42:00;216;com vítima;13;BR-116/BA - Cont VC;;Queda de Moto;;;;1;;;;;;;0;1;1;;
21/11/2013;00:57:00;4;com vítima;578;BR-324/BA;Leste;Saida de Pista;;;1;;;;;;;;0;1;;;
21/11/2013;07:23:00;43;sem vítima;578;BR-324/BA;Leste;Colisão Traseira;2;;;;;;;;;;2;;;;
21/11/2013;16:38:00;214;sem vítima;615;BR-324/BA;Leste;Colisão Lateral;1;;1;;;;;;;;3;;;;
21/11/2013;18:17:00;239;sem vítima;615;BR-324/BA;Leste;Colisão Traseira;1;;;;;1;;;;;2;;;;
21/11/2013;15:56:00;198;sem vítima;615,8;BR-324/BA;Leste;Colisão Traseira;2;;;;;;;;;;2;;;;
21/11/2013;08:14:00;68;sem vítima;559;BR-116/BA;Norte;Colisão Traseira;;;2;;;;;;;;2;;;;
21/11/2013;14:54:00;182;sem vítima;732,5;BR-116/BA;Sul;Colisão Lateral;;;1;;;1;;;;;2;;;;
22/11/2013;21:00:00;279;sem vítima;443,1;BR-116/BA;Norte;Atropelamento de Animal;1;;;;;;;;;;2;;;;
22/11/2013;16:53:00;214;com vítima;524,5;BR-324/BA;Leste;Colisão Lateral;1;;1;;;;;;;;2;1;;;
22/11/2013;18:21:00;240;sem vítima;525,5;BR-324/BA;Oeste;Colisão Traseira;1;;;;;;;;;1;4;;;;
22/11/2013;15:59:00;200;sem vítima;526;BR-324/BA;Oeste;Colisão Transversal;2;;;;;;;;;;2;;;;
22/11/2013;23:20:00;297;sem vítima;448,2;BR-116/BA;Sul;Saida de Pista;1;;;;;;;;;;2;;;;
22/11/2013;05:50:00;22;sem vítima;454;BR-116/BA;Sul;Saida de Pista;;;1;;;;;;;;1;;;;
22/11/2013;10:12:00;99;sem vítima;547;BR-324/BA;Oeste;Colisão Lateral;1;;1;;;;;;;;2;;;;
22/11/2013;01:20:00;5;com vítima;464;BR-116/BA;Norte;Colisão Frontal;;;2;;;;;;;;1;;;;2
22/11/2013;11:27:00;127;sem vítima;571;BR-324/BA;Oeste;Capotamento;1;;;;;;;;;;1;;;;
22/11/2013;16:23:00;206;com vítima;469,1;BR-116/BA;Sul;Atropelamento de Pedestre;;;1;;;;;;;;1;;;1;
22/11/2013;10:24:00;103;sem vítima;574,1;BR-324/BA;Oeste;Colisão Traseira;1;;1;;;;;;;;4;;;;
22/11/2013;18:00:00;233;com vítima;604;BR-324/BA;Oeste;Atropelamento de Pedestre;;;;;;1;;;;;1;;1;;
22/11/2013;17:09:00;220;sem vítima;614;BR-324/BA;Leste;Colisão Traseira;2;;;;;;;;;;2;;;;
22/11/2013;19:11:00;255;com vítima;524,3;BR-116/BA;Sul;Colisão Lateral;1;;1;;;;;;;;1;;;1;1
22/11/2013;21:56:00;288;com vítima;619;BR-324/BA;Oeste;Atropelamento de Pedestre;;;;;;1;;;;;1;;;;1
22/11/2013;09:33:00;89;sem vítima;625;BR-324/BA;Oeste;Colisão Lateral;2;;;;;;;;;;3;;;;
22/11/2013;05:36:00;19;sem vítima;566;BR-116/BA;Norte;Colisão Traseira;;;2;;;;;;;;2;;;;
22/11/2013;06:12:00;27;sem vítima;657;BR-116/BA;Sul;Colisão Lateral;;;2;;;;;;;;2;;;;
22/11/2013;13:05:00;144;sem vítima;815,5;BR-116/BA;Sul;Colisão Traseira;1;;;;;;;;;1;2;;;;
22/11/2013;13:28:00;149;com vítima;898;BR-116/BA;Sul;Tombamento;;;;;1;;;;;;0;2;;;
23/11/2013;05:12:00;28;sem vítima;435,2;BR-116/BA;Sul;Colisão Lateral;1;;;;;;;;;1;2;;;;
23/11/2013;10:48:00;118;sem vítima;575;BR-324/BA;Leste;Capotamento;1;;;;;;;;;;1;;;;
23/11/2013;22:18:00;305;com vítima;612,7;BR-324/BA;Leste;Colisão Traseira;3;;;;;;;;;;1;1;1;;
23/11/2013;13:37:00;176;sem vítima;622,3;BR-324/BA;Leste;Engavetamento;2;;1;;;;;;;;5;;;;
23/11/2013;15:08:00;207;sem vítima;534,9;BR-116/BA;Norte;Saida de Pista;;;1;;;;;;;;1;;;;
23/11/2013;14:50:00;200;sem vítima;579,8;BR-116/BA;Sul;Saida de Pista;;;1;;;;;;;;1;;;;
23/11/2013;17:25:00;255;sem vítima;653;BR-116/BA;Norte;Colisão Traseira;;;2;;;;;;;;2;;;;
23/11/2013;09:13:00;90;sem vítima;777,9;BR-116/BA;Sul;Colisão Transversal;1;;1;;;;;;;;2;;;;
23/11/2013;02:33:00;12;sem vítima;790,6;BR-116/BA;Norte;Saida de Pista;1;;;;;;;;;;4;;;;
23/11/2013;21:13:00;293;com vítima;847;BR-116/BA;Sul;Colisão Transversal;;;;1;;;;;;1;1;2;;;
23/11/2013;22:40:00;308;com vítima;886;BR-116/BA;Sul;Colisão Lateral;;;2;;;;;;;;0;2;1;;
23/11/2013;15:34:00;221;sem vítima;926;BR-116/BA;Sul;Saida de Pista;;;1;;;;;;;;1;;;;
24/11/2013;10:16:00;103;com vítima;528,7;BR-324/BA;Oeste;Queda de Moto;;;;1;;;;;;;1;1;;;
24/11/2013;18:54:00;216;com vítima;545,5;BR-324/BA;Leste;Atropelamento - Ciclista;1;;;;;;;;;;4;;;1;
24/11/2013;06:12:00;43;sem vítima;549;BR-324/BA;Leste;Capotamento;1;;;;;;;;;;1;;;;
24/11/2013;11:32:00;117;com vítima;463;BR-116/BA;Norte;Colisão Frontal;;;1;1;;;;;;;1;;;;1
24/11/2013;15:20:00;168;com vítima;577,3;BR-324/BA;Oeste;Saida de Pista;1;;;;;;;;;;1;1;;;
24/11/2013;03:10:00;25;com vítima;612;BR-324/BA;Oeste;Colisão Traseira;;;;1;;1;;;;;1;1;;1;
24/11/2013;21:11:00;241;com vítima;616,5;BR-324/BA;Leste;Queda de Moto;;;;1;;;;;;;0;;1;;
24/11/2013;18:55:00;217;sem vítima;623,1;BR-324/BA;Oeste;Capotamento;1;;;;;;;;;;3;;;;
24/11/2013;02:24:00;18;sem vítima;593,7;BR-116/BA;Sul;Saida de Pista;;;1;;;;;;;;1;;;;
24/11/2013;06:14:00;45;com vítima;784,5;BR-116/BA;Sul;Tombamento;;;1;;;;;;;;0;;1;;
25/11/2013;09:04:00;92;com vítima;429;BR-116/BA;Norte;Engavetamento;2;;2;;;;;;;;3;1;;;
25/11/2013;03:44:00;24;com vítima;441,8;BR-116/BA;Sul;Tombamento;;;1;;;;;;;;1;;1;;
25/11/2013;10:44:00;133;sem vítima;575;BR-324/BA;Oeste;Saida de Pista;1;;;;;1;;;;;3;;;;
25/11/2013;14:10:00;184;com vítima;596;BR-324/BA;Leste;Queda de Moto;;;;1;;;;;;;0;1;;;
25/11/2013;13:41:00;178;com vítima;625;BR-324/BA;Oeste;Queda de Moto;;;;1;;;;;;;0;;1;;
25/11/2013;08:43:00;87;com vítima;604;BR-116/BA;Norte;Tombamento;;;1;;;;;;;;0;2;;;
25/11/2013;00:45:00;7;com vítima;811;BR-116/BA;Sul;Saida de Pista;1;;;;;;;;;;0;1;;1;
25/11/2013;19:13:00;236;com vítima;857;BR-116/BA;Norte;Queda de Moto;;;;1;;;;;;;0;1;;;
26/11/2013;14:09:00;156;com vítima;452;BR-116/BA;Sul;Colisão Traseira;1;;;1;;;;;;;1;1;;;
26/11/2013;22:00:00;257;sem vítima;454,2;BR-116/BA;Sul;Colisão Traseira;1;;1;;;;;;;;2;;;;
26/11/2013;12:44:00;138;sem vítima;461;BR-116/BA;Norte;Colisão Lateral;1;;;;1;;;;;;19;;;;
26/11/2013;15:33:00;178;com vítima;625;BR-324/BA;Oeste;Queda de Moto;;;;1;;;;;;;0;2;;;
27/11/2013;19:49:00;240;sem vítima;8;BR-116/BA - Cont VC;;Colisão Traseira;1;;1;;;;;;;;2;;;;
27/11/2013;08:53:00;66;sem vítima;442;BR-116/BA;Norte;Colisão Traseira;;;2;;;;;;;;2;;;;
27/11/2013;16:07:00;186;sem vítima;543;BR-324/BA;Oeste;Saida de Pista;;;;;;;;;;1;1;;;;
27/11/2013;12:35:00;127;com vítima;458;BR-116/BA;Norte;Engavetamento;2;;3;;;;;;;;2;2;4;;
27/11/2013;12:47:00;130;sem vítima;492;BR-116/BA;Sul;Colisão Traseira;1;;1;;;;;;;;3;;;;
27/11/2013;16:33:00;190;sem vítima;593;BR-324/BA;Oeste;Colisão Traseira;2;;;;;;;;;;2;;;;
27/11/2013;17:02:00;198;sem vítima;596;BR-324/BA;Oeste;Saida de Pista;1;;;;;;;;;;1;;;;
27/11/2013;04:13:00;17;com vítima;615,02;BR-324/BA;Oeste;Saida de Pista;;;;;;;;;;1;0;;;1;
27/11/2013;15:29:00;177;sem vítima;618;BR-324/BA;Leste;Colisão Lateral;2;;1;;;;;;;;4;;;;
27/11/2013;10:23:00;86;sem vítima;620;BR-324/BA;Oeste;Colisão Lateral;1;;;;;1;;;;;2;;;;
27/11/2013;08:58:00;69;com vítima;622,8;BR-324/BA;Leste;Engavetamento;3;;;;;;;;;;5;1;;;
27/11/2013;10:56:00;99;sem vítima;639,5;BR-116/BA;Norte;Saida de Pista;;;1;;;;;;;;1;;;;
27/11/2013;08:49:00;65;sem vítima;719,6;BR-116/BA;Norte;Saida de Pista;1;;;;;;;;;;1;;;;
27/11/2013;21:33:00;253;com vítima;859;BR-116/BA;Sul;Queda de Moto;;;;1;;;;;;;0;;1;;
27/11/2013;13:59:00;153;sem vítima;870;BR-116/BA;Norte;Saida de Pista;;;1;;;;;;;;1;;;;
27/11/2013;05:22:00;23;com vítima;914;BR-116/BA;Sul;Saida de Pista;;;1;;;;;;;;2;1;;;
28/11/2013;12:15:00;123;sem vítima;2;BR-116/BA - ContSuFS;;Colisão Frontal;;;1;;;1;;;;;2;;;;
28/11/2013;12:06:00;119;sem vítima;567;BR-324/BA;Oeste;Saida de Pista;1;;;;;;;;;;1;;;;
28/11/2013;23:03:00;265;sem vítima;575,4;BR-324/BA;Leste;Atropelamento de Animal;1;;;;;;;;;;1;;;;
28/11/2013;15:16:00;159;com vítima;482;BR-116/BA;Sul;Colisão Traseira;;;1;;;;;;;1;1;2;;;
28/11/2013;10:17:00;91;com vítima;483;BR-116/BA;Norte;Engavetamento;1;;2;;;1;;;;;5;2;;;
28/11/2013;07:34:00;35;sem vítima;614;BR-324/BA;Oeste;Colisão Traseira;2;;;;;;;;;;4;;;;
28/11/2013;07:45:00;36;sem vítima;619;BR-324/BA;Oeste;Colisão Traseira;1;;;;;;;;;1;3;;;;
28/11/2013;14:21:00;145;sem vítima;624;BR-324/BA;Oeste;Colisão Traseira;1;;;;;1;;;;;2;;;;
28/11/2013;19:23:00;226;com vítima;639,8;BR-116/BA;Sul;Tombamento;;;1;;;;;;;;0;1;;;
28/11/2013;15:42:00;172;sem vítima;757,6;BR-116/BA;Sul;Colisão Traseira;;;2;;;;;;;;2;;;;
28/11/2013;23:00:00;263;com vítima;775,5;BR-116/BA;Sul;Colisão Lateral;2;;;;;;;;;;3;2;;;
28/11/2013;23:34:00;271;com vítima;779,2;BR-116/BA;Norte;Colisão Lateral;1;;2;;;;;;;;2;1;;;
28/11/2013;10:00:00;155;sem vítima;818;BR-116/BA;Sul;Colisão Traseira;1;;1;;;;;;;;4;;;;
28/11/2013;15:47:00;173;sem vítima;854,6;BR-116/BA;Sul;Colisão Transversal;2;;;;;;;;;;7;;;;
29/11/2013;11:31:00;138;com vítima;442;BR-116/BA;Sul;Colisão Frontal;;;3;;;;;;;;0;;1;3;2
29/11/2013;15:59:00;197;sem vítima;545;BR-324/BA;Leste;Saida de Pista;1;;;;;;;;;;1;;;;
29/11/2013;18:40:00;238;sem vítima;618;BR-324/BA;Oeste;Engavetamento;3;;;;;;;;;;3;;;;
29/11/2013;00:11:00;2;sem vítima;625;BR-324/BA;Oeste;Saida de Pista;;;1;;;;;;;;1;;;;
29/11/2013;16:25:00;201;sem vítima;626;BR-324/BA;Oeste;Queda de Moto;;;;1;;1;;;;;2;;;;
29/11/2013;13:27:00;165;com vítima;576;BR-116/BA;Sul;Capotamento;1;;;;;;;;;;0;;1;;
29/11/2013;06:42:00;33;sem vítima;805;BR-116/BA;Sul;Colisão Transversal;1;;;1;;;;;;;2;;;;
29/11/2013;20:39:00;270;com vítima;870,8;BR-116/BA;Sul;Saida de Pista;1;;;;;;;;;;0;1;;;
29/11/2013;21:04:00;279;sem vítima;903;BR-116/BA;Sul;Saida de Pista;1;;;;;;;;;;1;;;;
30/11/2013;22:27:00;270;com vítima;28,2;BR-116/BA - Cont VC;;Capotamento;1;;;;;;;;;;1;4;;;
30/11/2013;06:51:00;44;com vítima;518;BR-324/BA;Oeste;Colisão Traseira;2;;;;;;;;;;1;;;1;
30/11/2013;08:09:00;68;com vítima;518;BR-324/BA;Oeste;Queda de Moto;;;;1;;1;;;;;1;;;2;
30/11/2013;18:54:00;236;com vítima;460,4;BR-116/BA;Norte;Atropelamento - Ciclista;;1;;1;;;;;;;0;;2;;
30/11/2013;13:20:00;144;sem vítima;589;BR-324/BA;Leste;Colisão Lateral;2;;;;;;;;;;2;;;;
30/11/2013;00:12:00;4;sem vítima;612;BR-324/BA;Leste;Tombamento;;;1;;;;;;;;1;;;;
30/11/2013;10:48:00;107;sem vítima;618;BR-324/BA;Leste;Engavetamento;2;;;;1;;;;;;54;;;;
30/11/2013;23:41:00;280;com vítima;626;BR-324/BA;Oeste;Colisão Traseira;2;;;1;;;;;;;1;;1;;1
30/11/2013;19:36:00;245;com vítima;647,2;BR-116/BA;Sul;Colisão Traseira;1;;1;;;;;;;;3;1;;;
30/11/2013;19:19:00;243;com vítima;804,2;BR-116/BA;Norte;Colisão Lateral;1;;1;;;;;;;;4;2;;;
30/11/2013;18:25:00;231;com vítima;885,9;BR-116/BA;Sul;Atropelamento de Pedestre;;;;;;1;;;;;0;1;;1;
30/11/2013;12:16:00;135;sem vítima;927;BR-116/BA;Sul;Saida de Pista;;;1;;;;;;;;1;;;;
01/12/2013;16:08:00;131;com vítima;8;BR-116/BA - ContSuFS;;Queda de Moto;;;;1;;;;;;;0;1;1;;
01/12/2013;16:13:00;133;com vítima;524;BR-324/BA;Oeste;Queda de Moto;;;;1;;;;;;;0;;;1;
01/12/2013;17:33:00;147;sem vítima;468;BR-116/BA;Norte;Colisão Traseira;;;1;;1;;;;;;12;;;;
01/12/2013;03:35:00;15;com vítima;477,2;BR-116/BA;Sul;Colisão Traseira;;;;;;1;;;;1;4;1;;;
01/12/2013;01:53:00;8;com vítima;625;BR-324/BA;Leste;Colisão Traseira;1;;1;;;;;;;;1;;;;1
01/12/2013;21:41:00;195;com vítima;575;BR-116/BA;Norte;Atropelamento de Pedestre;;;;;;1;;;;;1;;1;;
01/12/2013;21:14:00;190;sem vítima;776;BR-116/BA;Sul;Colisão Transversal;2;;;;;;;;;;5;;;;
01/12/2013;18:16:00;161;sem vítima;820,8;BR-116/BA;Sul;Colisão Lateral;1;;;;;1;;;;;3;;;;
02/12/2013;12:08:00;153;com vítima;562;BR-324/BA;Oeste;Saida de Pista;1;;;;;;;;;;0;2;;;
02/12/2013;23:17:00;275;sem vítima;575,9;BR-324/BA;Leste;Colisão Traseira;;;2;;;;;;;;2;;;;
02/12/2013;18:17:00;225;com vítima;509;BR-116/BA;Norte;Colisão Frontal;;;;;;;;;;2;0;1;1;1;2
02/12/2013;16:12:00;200;sem vítima;609,4;BR-324/BA;Oeste;Colisão Traseira;;;;;;;;;;2;2;;;;
02/12/2013;08:03:00;68;sem vítima;611;BR-324/BA;Leste;Engavetamento;3;;1;;;;;;;;8;;;;
02/12/2013;10:23:00;118;sem vítima;620;BR-324/BA;Leste;Engavetamento;2;;1;;;;;;;;4;;;;
02/12/2013;12:24:00;158;com vítima;622;BR-324/BA;Oeste;Queda de Moto;;;;1;;;;;;;1;1;;;
02/12/2013;00:08:00;1;com vítima;562,9;BR-116/BA;Sul;Tombamento;;;1;;;;;;;;0;;1;;
02/12/2013;08:00:00;65;sem vítima;818,6;BR-116/BA;Sul;Engavetamento;4;;;;;1;;;;1;7;;;;
02/12/2013;14:01:00;176;com vítima;851,3;BR-116/BA;Norte;Colisão Traseira;;;1;1;;;;;;;1;1;1;;1
03/12/2013;19:53:00;240;sem vítima;524;BR-324/BA;Leste;Colisão Lateral;1;;1;;;;;;;;2;;;;
03/12/2013;17:29:00;201;sem vítima;447;BR-116/BA;Norte;Colisão Traseira;1;;1;;;;;;;;4;;;;
03/12/2013;12:05:00;138;com vítima;525;BR-324/BA;Oeste;Colisão Traseira;1;;;1;;;;;;;1;;1;;
03/12/2013;02:32:00;12;sem vítima;514;BR-116/BA;Norte;Saida de Pista;1;;;;;1;;;;;2;;;;
03/12/2013;18:49:00;221;sem vítima;613;BR-324/BA;Leste;Engavetamento;1;;1;;2;;;;;;27;;;;
03/12/2013;14:18:00;159;sem vítima;617,2;BR-324/BA;Oeste;Colisão Lateral;1;;1;;;;;;;;4;;;;
03/12/2013;03:05:00;13;sem vítima;562,6;BR-116/BA;Norte;Colisão Lateral;;;1;;;1;;;;;2;;;;
03/12/2013;08:50:00;80;com vítima;661;BR-116/BA;Norte;Queda de Moto;;;;1;;;;;;;0;2;;;
03/12/2013;13:25:00;149;sem vítima;777;BR-116/BA;Norte;Colisão Traseira;;;1;;;1;;;;;2;;;;
04/12/2013;13:20:00;146;com vítima;432;BR-116/BA;Sul;Tombamento;;;1;;;;;;;;0;;1;;
04/12/2013;14:48:00;170;sem vítima;493;BR-116/BA;Sul;Engavetamento;;;4;;;;;;;;4;;;;
04/12/2013;11:01:00;107;com vítima;494,6;BR-116/BA;Sul;Engavetamento;;;3;;;;;;;;2;2;;;
04/12/2013;16:46:00;196;com vítima;602,1;BR-324/BA;Oeste;Queda de Moto;;;;1;;;;;;;1;1;;;
04/12/2013;15:34:00;281;com vítima;523;BR-116/BA;Sul;Tombamento;;;1;;;;;;;;0;;;;1
04/12/2013;20:27:00;245;com vítima;623,1;BR-324/BA;Leste;Queda de Moto;;;;1;;;;;;;0;1;;;
04/12/2013;10:11:00;92;sem vítima;588;BR-116/BA;Sul;Colisão Traseira;;;2;;;;;;;;2;;;;
04/12/2013;11:15:00;116;sem vítima;741;BR-116/BA;Sul;Colisão Lateral;;;1;;;;;;;1;5;;;;
05/12/2013;18:24:00;241;sem vítima;427;BR-116/BA;Sul;Colisão Frontal;1;;1;;;;;;;;3;;;;
05/12/2013;19:59:00;263;sem vítima;446;BR-116/BA;Sul;Colisão Traseira;1;;1;;;;;;;;2;;;;
05/12/2013;16:42:00;214;sem vítima;522;BR-324/BA;Leste;Colisão Lateral;1;;1;;;;;;;;2;;;;
05/12/2013;16:14:00;206;com vítima;561;BR-324/BA;Leste;Engavetamento;3;;2;;;;;;;;5;1;;;
05/12/2013;19:15:00;250;sem vítima;642;BR-116/BA;Norte;Saida de Pista;;;1;;;;;;;;1;;;;
05/12/2013;07:12:00;45;com vítima;674;BR-116/BA;Sul;Atropelamento - Ciclista;1;1;;;;;;;;;1;1;;;
06/12/2013;07:53:00;53;sem vítima;5;BR-116/BA - ContSuFS;;Colisão Lateral;1;;;;;;;;;1;3;;;;
06/12/2013;23:32:00;309;sem vítima;20,02;BR-116/BA - Cont VC;;Atropelamento de Animal;;;1;;;;;;;;1;;;;
06/12/2013;11:47:00;131;sem vítima;524,3;BR-324/BA;Leste;Saida de Pista;;;1;;;;;;;;2;;;;
06/12/2013;04:41:00;21;sem vítima;449;BR-116/BA;Sul;Saida de Pista;1;;;;;;;;;;2;;;;
06/12/2013;03:27:00;17;sem vítima;550;BR-324/BA;Oeste;Saida de Pista;1;;;;;;;;;;1;;;;
06/12/2013;15:51:00;197;com vítima;551;BR-324/BA;Leste;Colisão Traseira;1;;1;;;;;;;;1;1;;;
06/12/2013;22:28:00;300;sem vítima;597;BR-324/BA;Leste;Colisão Traseira;1;;1;;;;;;;;3;;;;
06/12/2013;23:23:00;307;sem vítima;600,9;BR-324/BA;Leste;Colisão Lateral;;;1;;;;;;;1;2;;;;
06/12/2013;08:02:00;60;com vítima;615;BR-324/BA;Leste;Colisão Traseira;;;1;1;;;;;;;3;2;;;
06/12/2013;11:35:00;126;sem vítima;618;BR-324/BA;Leste;Colisão Lateral;1;;1;;;;;;;;6;;;;
06/12/2013;16:30:00;213;sem vítima;573,03;BR-116/BA;Sul;Saida de Pista;;;1;;;;;;;;1;;;;