data;horario;n_da_ocorrencia;tipo_de_ocorrencia;km;trecho;sentido;tipo_de_acidente;automovel;bicicleta;caminhao;moto;onibus;outros;tracao_animal;transporte_de_cargas_especiais;trator_maquinas;utilitarios;ilesos;levemente_feridos;moderadamente_feridos;gravemente_feridos;mortos
01/02/2014;19:38:00;192;com vítima;615;BR-324/BA;Leste;Saida de Pista;1;;;;;;;;;;3;2;;;
01/02/2014;06:31:00;26;sem vítima;622;BR-116/BA;Norte;Saida de Pista;1;;;;;;;;;;3;;;;
01/02/2014;14:37:00;132;sem vítima;657,9;BR-116/BA;Norte;Saida de Pista;1;;;;;;;;;;4;;;;
01/02/2014;16:53:00;167;sem vítima;704;BR-116/BA;Sul;Colisão Traseira;;;2;;;;;;;;2;;;;
01/02/2014;15:37:00;150;com vítima;777,4;BR-116/BA;Norte;Atropelamento - Ciclista;1;1;;;;;;;;;1;;;1;
01/02/2014;17:52:00;180;com vítima;804;BR-116/BA;Sul;Colisão Transversal;;;2;;;;;;;;2;;2;;
01/02/2014;20:48:00;201;sem vítima;816,5;BR-116/BA;Norte;Colisão Lateral;1;;1;;;;;;;;2;;;;
01/02/2014;21:09:00;205;sem vítima;822;BR-116/BA;Sul;Colisão Frontal;2;;;;;;;;;;2;;;;
01/02/2014;06:53:00;32;com vítima;844,9;BR-116/BA;Norte;Colisão Frontal;2;;;1;;;;;;;2;3;4;1;1
01/02/2014;07:51:00;46;sem vítima;862;BR-116/BA;Sul;Tombamento;;;1;;;;;;;;1;;;;
02/02/2014;19:02:00;215;com vítima;12,7;BR-116/BA - Cont VC;;Atropelamento de Pedestre;;;;;;1;;;;;1;;1;;
02/02/2014;02:21:00;16;sem vítima;437,3;BR-116/BA;Sul;Colisão Lateral;1;;;;;;;;;1;4;;;;
02/02/2014;16:16:00;166;sem vítima;533,2;BR-324/BA;Leste;Colisão Lateral;2;;;;;;;;;;6;;;;
02/02/2014;21:21:00;248;com vítima;489,5;BR-116/BA;Sul;Queda de Moto;;;;1;;;;;;;0;2;;;
02/02/2014;06:58:00;46;sem vítima;490,3;BR-116/BA;Sul;Saida de Pista;;;1;;;;;;;;1;;;;
02/02/2014;06:17:00;37;com vítima;595;BR-324/BA;Oeste;Atropelamento de Pedestre;;;;;;1;;;;;1;;;;1
02/02/2014;19:32:00;225;sem vítima;623;BR-324/BA;Leste;Colisão Traseira;2;;;;;;;;;;3;;;;
02/02/2014;22:19:00;252;com vítima;555,05;BR-116/BA;Norte;Tombamento;;;1;;;;;;;;0;1;;;
02/02/2014;05:10:00;29;com vítima;643;BR-116/BA;Sul;Saida de Pista;;;1;;;;;;;;0;;1;;
02/02/2014;18:47:00;211;sem vítima;651,2;BR-116/BA;Sul;Colisão Traseira;;;2;;;;;;;;2;;;;
02/02/2014;18:23:00;207;com vítima;804,5;BR-116/BA;Sul;Saida de Pista;;;;;;;;;;1;1;1;1;;
02/02/2014;12:12:00;118;com vítima;829,3;BR-116/BA;Sul;Capotamento;1;;;;;;;;;;0;1;;;
02/02/2014;02:31:00;19;com vítima;840,5;BR-116/BA;Sul;Colisão Frontal;1;;1;;;;;;;;1;;;;1
03/02/2014;07:05:00;47;com vítima;437;BR-116/BA;Norte;Colisão Lateral;;;;1;;1;;;;;1;1;;;
03/02/2014;12:01:00;125;com vítima;437;BR-116/BA;Norte;Colisão Lateral;1;;;;;;;;;1;1;2;;;
03/02/2014;16:37:00;185;sem vítima;533;BR-324/BA;Leste;Saida de Pista;1;;;;;;;;;;1;;;;
03/02/2014;11:40:00;117;com vítima;537;BR-324/BA;Oeste;Colisão Lateral;1;;;1;;;;;;;1;;1;;
03/02/2014;16:25:00;183;sem vítima;573;BR-324/BA;Oeste;Colisão Traseira;2;;;;;;;;;;2;;;;
03/02/2014;14:12:00;157;sem vítima;576;BR-324/BA;Oeste;Colisão Traseira;1;;;;;1;;;;;2;;;;
03/02/2014;14:06:00;152;sem vítima;577;BR-324/BA;Oeste;Colisão Traseira;1;;;;;1;;;;;2;;;;
03/02/2014;17:35:00;199;sem vítima;579;BR-324/BA;Oeste;Engavetamento;2;;1;;;;;;;;3;;;;
03/02/2014;03:55:00;16;sem vítima;589;BR-324/BA;Leste;Colisão Traseira;;;1;;;1;;;;;2;;;;
03/02/2014;21:50:00;245;sem vítima;592,9;BR-324/BA;Oeste;Colisão Traseira;1;;1;;;;;;;;2;;;;
03/02/2014;02:57:00;12;sem vítima;604;BR-324/BA;Leste;Saida de Pista;1;;;;;;;;;;1;;;;
03/02/2014;21:45:00;244;sem vítima;608;BR-324/BA;Oeste;Colisão Lateral;2;;;;;;;;;;2;;;;
03/02/2014;19:52:00;225;com vítima;610;BR-324/BA;Leste;Colisão Traseira;;;;1;;;;;;;0;;1;;
03/02/2014;06:52:00;43;sem vítima;614,8;BR-324/BA;Leste;Colisão Traseira;2;;;;;;;;;;2;;;;
03/02/2014;10:33:00;98;com vítima;620;BR-324/BA;Oeste;Engavetamento;2;;;;;1;;;;;2;;1;;
03/02/2014;03:23:00;15;sem vítima;642,8;BR-116/BA;Norte;Saida de Pista;;;1;;;;;;;;1;;;;
03/02/2014;08:41:00;66;sem vítima;643,2;BR-116/BA;Sul;Colisão Traseira;;;2;;;;;;;;2;;;;
03/02/2014;17:06:00;193;com vítima;672;BR-116/BA;Norte;Colisão Lateral;1;;1;;;;;;;;1;1;;;
03/02/2014;18:39:00;211;sem vítima;783;BR-116/BA;Norte;Sequência;1;;;;;;;;;;5;;;;
04/02/2014;19:05:00;240;sem vítima;429,6;BR-116/BA;Sul;Colisão Traseira;;;2;;;;;;;;2;;;;
04/02/2014;05:56:00;32;sem vítima;487;BR-116/BA;Sul;Colisão Lateral;;;2;;;;;;;;5;;;;
04/02/2014;15:58:00;197;sem vítima;614;BR-324/BA;Oeste;Colisão Traseira;2;;;;;;;;;;2;;;;
05/02/2014;05:37:00;28;com vítima;441,5;BR-116/BA;Sul;Tombamento;;;1;;;;;;;;0;;1;;
05/02/2014;14:17:00;130;com vítima;520;BR-324/BA;Leste;Colisão Traseira;;;;1;;1;;;;;1;1;;;
05/02/2014;05:35:00;27;sem vítima;559;BR-324/BA;Leste;Saida de Pista;;;1;;;;;;;;1;;;;
05/02/2014;15:57:00;167;sem vítima;590;BR-324/BA;Oeste;Saida de Pista;1;;;;;;;;;;1;;;;
05/02/2014;22:43:00;266;com vítima;596;BR-324/BA;Leste;Saida de Pista;;;1;;;;;;;;0;;1;;
05/02/2014;15:27:00;152;com vítima;672;BR-116/BA;Sul;Colisão Transversal;;;1;1;;;;;;;1;1;;;
05/02/2014;07:25:00;41;com vítima;817;BR-116/BA;Norte;Colisão Lateral;1;;;1;;;;;;;1;1;;;
06/02/2014;07:34:00;55;sem vítima;566,1;BR-324/BA;Leste;Colisão Lateral;2;;;;;;;;;;2;;;;
06/02/2014;11:34:00;144;sem vítima;574;BR-324/BA;Oeste;Colisão Traseira;1;;1;;;;;;;;2;;;;
06/02/2014;21:22:00;281;sem vítima;623,2;BR-324/BA;Oeste;Colisão Lateral;;;;;1;;;;;1;3;;;;
06/02/2014;17:41:00;238;com vítima;708;BR-116/BA;Norte;Colisão Lateral;1;;1;;;;;;;;2;1;1;;
06/02/2014;15:04:00;193;com vítima;903,2;BR-116/BA;Norte;Tombamento;;;1;;;;;;;;0;;2;;
07/02/2014;18:35:00;189;com vítima;428;BR-116/BA;Norte;Colisão Lateral;1;;1;;;;;;;;2;2;;;
07/02/2014;18:00:00;179;sem vítima;520;BR-324/BA;Oeste;Engavetamento;1;;;1;;1;;;;1;10;;;;
07/02/2014;18:15:00;185;sem vítima;521;BR-324/BA;Oeste;Colisão Traseira;1;;1;;;;;;;;2;;;;
07/02/2014;12:55:00;108;sem vítima;553;BR-324/BA;Leste;Saida de Pista;;;;;1;;;;;;1;;;;
07/02/2014;15:22:00;139;sem vítima;553;BR-324/BA;Leste;Colisão Traseira;1;;;;;;;;;;1;;;;
07/02/2014;12:34:00;105;sem vítima;554;BR-324/BA;Oeste;Saida de Pista;2;;1;;;;;;;;5;;;;
07/02/2014;13:38:00;116;sem vítima;554;BR-324/BA;Oeste;Colisão Traseira;1;;;;;1;;;;;4;;;;
07/02/2014;16:03:00;150;sem vítima;495,5;BR-116/BA;Norte;Colisão Lateral;2;;;;;;;;;;3;;;;
07/02/2014;18:50:00;198;sem vítima;599;BR-324/BA;Leste;Colisão Traseira;2;;;;;;;;;;3;;;;
07/02/2014;17:35:00;174;sem vítima;610,5;BR-324/BA;Oeste;Colisão Traseira;1;;;;;1;;;;;2;;;;
07/02/2014;17:09:00;166;sem vítima;613;BR-324/BA;Leste;Colisão Traseira;2;;;;;;;;;;2;;;;
07/02/2014;14:33:00;128;sem vítima;614;BR-324/BA;Oeste;Engavetamento;2;;1;;;;;;;;5;;;;
07/02/2014;11:10:00;93;sem vítima;616;BR-324/BA;Leste;Colisão Lateral;2;;;;;;;;;;2;;;;
07/02/2014;16:43:00;159;sem vítima;618;BR-324/BA;Oeste;Colisão Traseira;2;;;;;;;;;;2;;;;
07/02/2014;07:38:00;52;sem vítima;622,8;BR-324/BA;Oeste;Engavetamento;3;;;;;;;;;;3;;;;
07/02/2014;16:47:00;161;com vítima;539,3;BR-116/BA;Sul;Tombamento;;;1;;;;;;;;0;1;;;
07/02/2014;08:03:00;57;sem vítima;631,3;BR-116/BA;Sul;Colisão Traseira;;;2;;;;;;;;2;;;;
07/02/2014;20:43:00;221;sem vítima;635;BR-116/BA;Norte;Colisão Traseira;2;;;;;;;;;;2;;;;
07/02/2014;08:46:00;65;com vítima;642,2;BR-116/BA;Sul;Colisão Lateral;;;2;;1;;;;;;2;1;;;
07/02/2014;06:00:00;23;sem vítima;674;BR-116/BA;Sul;Colisão Transversal;1;;;;;;;;;1;2;;;;
07/02/2014;13:17:00;111;com vítima;835;BR-116/BA;Norte;Colisão Traseira;;;2;;;;;;;;1;1;;;
07/02/2014;10:52:00;91;sem vítima;907,5;BR-116/BA;Sul;Colisão Lateral;;;4;;;;;;;;4;;;;
08/02/2014;12:03:00;142;sem vítima;5,3;BR-116/BA - ContSuFS;;Colisão Transversal;2;;;;;;;;;;6;;;;
08/02/2014;14:40:00;180;sem vítima;562;BR-324/BA;Leste;Colisão Traseira;2;;;;;1;;;;;14;;;;
08/02/2014;12:56:00;152;sem vítima;590;BR-324/BA;Leste;Saida de Pista;1;;;;;1;;;;;2;;;;
08/02/2014;14:10:00;173;sem vítima;595,1;BR-324/BA;Leste;Saida de Pista;1;;;;;;;;;;5;;;;
08/02/2014;22:39:00;271;com vítima;599;BR-324/BA;Leste;Colisão Traseira;2;;;;;;;;;;7;1;;;
08/02/2014;10:42:00;122;sem vítima;607,3;BR-324/BA;Oeste;Colisão Traseira;2;;;;;;;;;;6;;;;
08/02/2014;19:33:00;247;com vítima;613,4;BR-324/BA;Oeste;Queda de Moto;;;;1;;;;;;;0;;;1;
08/02/2014;23:06:00;273;com vítima;618;BR-324/BA;Leste;Colisão Frontal;2;;;;;;;;;;1;;1;1;1
08/02/2014;16:19:00;205;sem vítima;622,2;BR-324/BA;Leste;Colisão Lateral;1;;1;;;;;;;;4;;;;
08/02/2014;08:55:00;92;sem vítima;540,5;BR-116/BA;Norte;Colisão Lateral;;;2;;;;;;;;4;;;;
09/02/2014;21:18:00;220;com vítima;15,3;BR-116/BA - Cont VC;;Atropelamento - Ciclista;1;1;;;;;;;;;5;;1;;
09/02/2014;18:34:00;180;sem vítima;430,3;BR-116/BA;Norte;Colisão Traseira;2;;;;;;;;;;2;;;;
09/02/2014;22:24:00;236;com vítima;611;BR-324/BA;Oeste;Queda de Moto;;;;1;;;;;;;0;;1;;
09/02/2014;22:48:00;239;com vítima;614;BR-324/BA;Oeste;Queda de Moto;;;;1;;;;;;;0;1;;;
09/02/2014;07:10:00;28;com vítima;617,6;BR-324/BA;Leste;Queda de Moto;;;;1;;;;;;;0;;1;;
09/02/2014;22:52:00;243;sem vítima;622;BR-324/BA;Leste;Saida de Pista;1;;;;;;;;;;1;;;;
09/02/2014;21:01:00;219;sem vítima;625;BR-324/BA;Leste;Capotamento;1;;;;;;;;;;1;;;;
09/02/2014;02:16:00;5;sem vítima;593,3;BR-116/BA;Norte;Saida de Pista;1;;;;;;;;;;2;;;;
09/02/2014;20:16:00;210;com vítima;715;BR-116/BA;Norte;Queda de Moto;;;;1;;;;;;;0;;1;;
09/02/2014;22:16:00;234;sem vítima;812,2;BR-116/BA;Norte;Atropelamento de Animal;1;;1;;;1;;;;;4;;;;
09/02/2014;16:19:00;143;sem vítima;819,2;BR-116/BA;Norte;Saida de Pista;1;;;;;;;;;;3;;;;
10/02/2014;19:04:00;266;com vítima;1;BR-116/BA - ContSuFS;;Atropelamento - Ciclista;;1;;;;1;;;;;1;1;;;
10/02/2014;17:54:00;256;com vítima;454,3;BR-116/BA;Sul;Colisão Frontal;1;;2;;;;;;;;2;;;;1
10/02/2014;04:13:00;13;sem vítima;545;BR-324/BA;Oeste;Saida de Pista;1;;;;;;;;;;1;;;;
10/02/2014;16:01:00;218;sem vítima;555,5;BR-324/BA;Oeste;Saida de Pista;1;;;;;;;;;;1;;;;
10/02/2014;15:38:00;210;sem vítima;555,9;BR-324/BA;Leste;Saida de Pista;1;;;;;;;;;;1;;;;
10/02/2014;11:15:00;138;sem vítima;570;BR-324/BA;Leste;Colisão Traseira;2;;;;;;;;;;9;;;;
10/02/2014;13:16:00;171;sem vítima;572;BR-324/BA;Oeste;Colisão Lateral;1;;1;;;;;;;;4;;;;
10/02/2014;15:22:00;207;sem vítima;573;BR-324/BA;Oeste;Colisão Traseira;1;;;;;;;;;1;3;;;;
10/02/2014;17:55:00;257;sem vítima;573;BR-324/BA;Oeste;Colisão Lateral;1;;1;;;;;;;;2;;;;
10/02/2014;06:22:00;42;sem vítima;617;BR-324/BA;Oeste;Engavetamento;4;;;;;;;;;;8;;;;
10/02/2014;08:36:00;83;sem vítima;621,5;BR-324/BA;Leste;Engavetamento;1;;1;;;;;;;1;5;;;;
10/02/2014;08:09:00;76;com vítima;626;BR-324/BA;Leste;Colisão Traseira;1;;;1;;;;;;;2;1;;;
10/02/2014;07:00:00;54;com vítima;593;BR-116/BA;Norte;Tombamento;;;1;;;;;;;;0;;1;;
10/02/2014;15:02:00;203;sem vítima;666;BR-116/BA;Norte;Colisão Traseira;;;2;;;;;;;;2;;;;
10/02/2014;11:20:00;140;sem vítima;813,2;BR-116/BA;Norte;Colisão Lateral;1;;1;;;;;;;;2;;;;
10/02/2014;14:45:00;200;com vítima;895,9;BR-116/BA;Sul;Saida de Pista;;;;;;;;;;1;6;;2;;
11/02/2014;17:10:00;172;com vítima;2;BR-116/BA - ContSuFS;;Atropelamento de Pedestre;1;;;;;;;;;;1;;;1;
11/02/2014;21:52:00;240;sem vítima;543;BR-324/BA;Oeste;Saida de Pista;1;;;;;;;;;;2;;;;
11/02/2014;09:58:00;94;sem vítima;458;BR-116/BA;Norte;Colisão Lateral;;;2;;;;;;;;2;;;;
11/02/2014;08:10:00;52;sem vítima;555;BR-324/BA;Leste;Colisão Traseira;2;;;;;1;;;;;4;;;;
11/02/2014;08:16:00;55;sem vítima;562;BR-324/BA;Oeste;Saida de Pista;1;;;;;1;;;;;2;;;;
11/02/2014;14:50:00;144;com vítima;618;BR-324/BA;Oeste;Engavetamento;2;;;;;;;;;1;6;1;;;
11/02/2014;13:12:00;121;sem vítima;621;BR-324/BA;Oeste;Saida de Pista;1;;;;;;;;;;1;;;;
11/02/2014;04:37:00;19;sem vítima;596,8;BR-116/BA;Norte;Saida de Pista;1;;;;;;;;;;2;;;;
11/02/2014;19:02:00;200;com vítima;642;BR-116/BA;Sul;Engavetamento;;;5;;;;;;;;4;;;;1
11/02/2014;17:40:00;178;sem vítima;776;BR-116/BA;Sul;Colisão Traseira;1;;1;;;;;;;;4;;;;
11/02/2014;15:09:00;150;sem vítima;854;BR-116/BA;Sul;Colisão Traseira;;;2;;;;;;;;2;;;;
12/02/2014;22:01:00;304;com vítima;12;BR-116/BA - Cont VC;;Colisão Transversal;2;;;;;;;;;;3;1;;;
12/02/2014;17:50:00;270;sem vítima;554,2;BR-324/BA;Leste;Saida de Pista;;;;;;;;;;1;1;;;;
12/02/2014;12:39:00;173;sem vítima;559;BR-324/BA;Leste;Saida de Pista;;;1;;;;;;;;1;;;;
12/02/2014;14:45:00;216;sem vítima;575,5;BR-324/BA;Oeste;Saida de Pista;;;1;;;;;;;;1;;;;
12/02/2014;14:34:00;209;sem vítima;578;BR-324/BA;Leste;Saida de Pista;1;;;;;;;;;;1;;;;
12/02/2014;09:44:00;119;sem vítima;605,3;BR-324/BA;Leste;Colisão Lateral;1;;1;;;;;;;;4;;;;
12/02/2014;18:51:00;282;sem vítima;616,7;BR-324/BA;Leste;Colisão Lateral;1;;1;;;;;;;;2;;;;
12/02/2014;08:01:00;77;sem vítima;617,1;BR-324/BA;Oeste;Engavetamento;3;;;;;;;;;;3;;;;
12/02/2014;03:32:00;31;com vítima;539;BR-116/BA;Norte;Colisão Transversal;1;;1;;;;;;;;2;1;2;;1
12/02/2014;11:53:00;164;com vítima;819;BR-116/BA;Norte;Colisão Traseira;;;1;1;;;;;;;2;1;;;
12/02/2014;01:37:00;12;com vítima;871;BR-116/BA;Norte;Colisão Lateral;;;1;;;;;;;1;3;1;;;
12/02/2014;15:20:00;227;sem vítima;878,1;BR-116/BA;Norte;Saida de Pista;1;;;;;;;;;;4;;;;
13/02/2014;15:59:00;160;sem vítima;531;BR-324/BA;Oeste;Colisão Lateral;1;;1;;1;;;;;;31;;;;
13/02/2014;17:22:00;186;sem vítima;542;BR-324/BA;Leste;Colisão Traseira;1;;;;;1;;;;;6;;;;
13/02/2014;21:57:00;246;com vítima;560,8;BR-324/BA;Oeste;Capotamento;1;;;;;;;;;;0;1;;;
13/02/2014;08:51:00;56;com vítima;584;BR-324/BA;Oeste;Colisão Traseira;2;;;;;;;;;;1;1;1;;
13/02/2014;13:01:00;130;com vítima;597;BR-324/BA;Oeste;Saida de Pista;1;;;;;;;;;;0;1;;;
13/02/2014;09:24:00;63;sem vítima;616;BR-324/BA;Leste;Engavetamento;3;;;;;;;;;;3;;;;
13/02/2014;08:09:00;45;com vítima;623;BR-324/BA;Leste;Colisão Traseira;1;;;1;;;;;;;6;1;;;
13/02/2014;15:46:00;155;sem vítima;555,3;BR-116/BA;Sul;Colisão Lateral;;;2;;;;;;;;2;;;;
13/02/2014;23:50:00;257;com vítima;572;BR-116/BA;Norte;Atropelamento de Pedestre;;;;;;1;;;;;1;;;1;
13/02/2014;10:27:00;91;sem vítima;641;BR-116/BA;Norte;Colisão Traseira;;;;;;;;;;2;2;;;;
14/02/2014;08:02:00;86;sem vítima;8;BA-526;Norte;Capotamento;;;1;;;;;;;;1;;;;
14/02/2014;08:13:00;91;sem vítima;531;BR-324/BA;Leste;Colisão Traseira;2;;;;;;;;;;2;;;;
14/02/2014;15:48:00;233;sem vítima;566;BR-324/BA;Oeste;Colisão Traseira;1;;1;;;;;;;;5;;;;
14/02/2014;15:02:00;217;sem vítima;569;BR-324/BA;Oeste;Colisão Traseira;;;2;;;;;;;;3;;;;
14/02/2014;17:43:00;275;sem vítima;577,02;BR-324/BA;Oeste;Colisão Traseira;2;;;;;;;;;;7;;;;
14/02/2014;18:45:00;292;sem vítima;614,2;BR-324/BA;Leste;Colisão Traseira;2;;;;;;;;;;4;;;;
14/02/2014;11:00:00;148;sem vítima;716;BR-116/BA;Sul;Saida de Pista;1;;;;;1;;;;;2;;;;
15/02/2014;20:12:00;242;com vítima;16;BR-116/BA - Cont VC;;Colisão Lateral;1;;1;;;;;;;;1;2;;;
15/02/2014;13:10:00;131;sem vítima;530;BR-324/BA;Oeste;Saida de Pista;1;;;;;;;;;;2;;;;
15/02/2014;17:29:00;202;sem vítima;535;BR-324/BA;Oeste;Colisão Lateral;2;;;;;;;;;;2;;;;
15/02/2014;16:39:00;189;com vítima;542;BR-324/BA;Oeste;Queda de Moto;;;;1;;;;;;;1;;1;;
15/02/2014;10:41:00;95;sem vítima;547;BR-324/BA;Leste;Colisão Traseira;2;;;;;;;;;;2;;;;
15/02/2014;10:01:00;88;sem vítima;567;BR-324/BA;Oeste;Engavetamento;2;;1;;;;;;;;3;;;;
15/02/2014;17:15:00;197;sem vítima;567;BR-324/BA;Oeste;Saida de Pista;1;;1;;;;;;;;2;;;;
15/02/2014;07:55:00;58;sem vítima;568,6;BR-324/BA;Oeste;Colisão Traseira;2;;;;;;;;;;2;;;;
15/02/2014;09:30:00;78;sem vítima;568,6;BR-324/BA;Oeste;Engavetamento;3;;;;;;;;;;3;;;;
15/02/2014;07:59:00;62;sem vítima;568,9;BR-324/BA;Oeste;Colisão Traseira;2;;;;;;;;;;2;;;;
15/02/2014;07:39:00;53;sem vítima;574;BR-324/BA;Oeste;Engavetamento;2;;;;;1;;;;;10;;;;
15/02/2014;03:48:00;19;sem vítima;577;BR-324/BA;Leste;Saida de Pista;1;;;;;;;;;;1;;;;
15/02/2014;14:18:00;145;com vítima;589,6;BR-116/BA;Sul;Colisão Frontal;1;;1;;;;;;;;0;1;;;3
15/02/2014;21:27:00;255;com vítima;884;BR-116/BA;Sul;Colisão Traseira;;;1;;1;;;;;;1;1;;;
16/02/2014;00:07:00;1;sem vítima;521,5;BR-324/BA;Leste;Colisão Traseira;1;;;;;1;;;;;2;;;;
16/02/2014;14:40:00;151;sem vítima;547;BR-324/BA;Leste;Colisão Traseira;1;;;;1;;;;;;46;;;;
16/02/2014;14:49:00;154;sem vítima;547;BR-324/BA;Oeste;Saida de Pista;1;;;;;;;;;;2;;;;
16/02/2014;15:21:00;163;sem vítima;547;BR-324/BA;Leste;Colisão Traseira;2;;;;;;;;;;6;;;;
16/02/2014;07:42:00;52;sem vítima;559,9;BR-324/BA;Oeste;Colisão Lateral;2;;;;;;;;;;8;;;;
16/02/2014;01:42:00;10;com vítima;488;BR-116/BA;Sul;Colisão Lateral;;;2;;;;;;;;1;;1;;
16/02/2014;22:50:00;264;sem vítima;590,5;BR-324/BA;Leste;Saida de Pista;;;1;;;;;;;;1;;;;
16/02/2014;19:17:00;223;com vítima;595;BR-324/BA;Leste;Colisão Traseira;1;;;;;;;;;;0;1;;;
16/02/2014;09:36:00;81;sem vítima;604,9;BR-324/BA;Oeste;Colisão Traseira;2;;;;;;;;;;8;;;;
16/02/2014;20:43:00;240;com vítima;517;BR-116/BA;Sul;Colisão Frontal;;;1;1;;;;;;;1;;;;1
16/02/2014;15:41:00;171;com vítima;614;BR-324/BA;Leste;Colisão Traseira;;;;2;;;;;;;2;;1;;
16/02/2014;16:46:00;184;com vítima;648,3;BR-116/BA;Norte;Colisão Traseira;;;1;1;;;;;;;1;;;;1
16/02/2014;10:44:00;98;sem vítima;660,5;BR-116/BA;Sul;Colisão Traseira;;;2;;;;;;;;2;;;;
16/02/2014;16:38:00;180;com vítima;758,2;BR-116/BA;Norte;Capotamento;1;;;;;;;;;;2;;1;;
17/02/2014;10:18:00;123;sem vítima;5;BR-116/BA - ContSuFS;;Colisão Transversal;1;;;1;;;;;;;2;;;;
17/02/2014;10:40:00;127;com vítima;427;BR-116/BA;Norte;Atropelamento - Ciclista;;1;1;;;;;;;;1;1;;;
17/02/2014;07:00:00;42;sem vítima;428;BR-116/BA;Norte;Colisão Traseira;;;2;;;;;;;;2;;;;
17/02/2014;10:38:00;125;com vítima;443;BR-116/BA;Norte;Queda de Moto;;;;1;;;;;;;1;1;;;
17/02/2014;20:00:00;291;sem vítima;543;BR-324/BA;Oeste;Saida de Pista;1;;;;;;;;;;1;;;;
17/02/2014;12:04:00;156;sem vítima;569;BR-324/BA;Oeste;Colisão Traseira;;;1;;;;;;;1;2;;;;
17/02/2014;06:33:00;26;sem vítima;574;BR-324/BA;Leste;Saida de Pista;;;1;1;;;;;;;2;;;;
17/02/2014;20:00:00;292;com vítima;623;BR-324/BA;Leste;Saida de Pista;1;;;;;;;;;;0;1;;;
17/02/2014;17:43:00;250;com vítima;758;BR-116/BA;Norte;Queda de Moto;;;;1;;1;;;;;1;;1;;
18/02/2014;09:28:00;82;sem vítima;1,5;BR-116/BA - ContSuFS;;Colisão Lateral;1;;1;;;;;;;;4;;;;
18/02/2014;19:58:00;289;com vítima;28;BR-116/BA - Cont VC;;Atropelamento de Animal;1;;;2;;;;;;;4;1;1;;
18/02/2014;04:33:00;16;com vítima;616;BR-324/BA;Leste;Colisão Traseira;;;1;;1;;;;;;18;2;2;;1
18/02/2014;06:05:00;25;sem vítima;616,4;BR-324/BA;Leste;Colisão Frontal;2;;;;;;;;;;2;;;;
18/02/2014;23:46:00;325;com vítima;532;BR-116/BA;Norte;Sequência;1;;1;;;;;;;;1;;1;;
18/02/2014;13:37:00;185;sem vítima;625;BR-324/BA;Leste;Colisão Traseira;2;;;;;;;;;;5;;;;
18/02/2014;23:26:00;318;com vítima;743;BR-116/BA;Sul;Atropelamento de Pedestre;;;1;;;;;;;;1;;;;1
19/02/2014;07:34:00;33;com vítima;552;BR-324/BA;Oeste;Queda de Moto;;;;1;;;;;;;0;1;;;
19/02/2014;13:35:00;111;sem vítima;560;BR-324/BA;Oeste;Colisão Lateral;1;;;;;1;;;;;2;;;;
19/02/2014;09:15:00;59;sem vítima;585;BR-324/BA;Oeste;Colisão Traseira;1;;1;;;;;;;;2;;;;
19/02/2014;19:59:00;200;sem vítima;592;BR-324/BA;Leste;Colisão Traseira;;;2;;;1;;;;;3;;;;
19/02/2014;09:31:00;64;com vítima;529;BR-116/BA;Sul;Capotamento;1;;;;;;;;;;1;1;;;
19/02/2014;21:54:00;228;sem vítima;626;BR-324/BA;Oeste;Colisão Lateral;1;;;;1;;;;;;2;;;;
19/02/2014;21:40:00;224;sem vítima;564,5;BR-116/BA;Norte;Colisão Traseira;;;2;;;;;;;;4;;;;
19/02/2014;03:07:00;16;sem vítima;775;BR-116/BA;Norte;Atropelamento de Animal;1;;;;;;;;;;4;;;;
20/02/2014;18:09:00;239;sem vítima;432;BR-116/BA;Norte;Saida de Pista;1;;;;;;;;;;3;;;;
20/02/2014;15:26:00;200;sem vítima;533;BR-324/BA;Oeste;Saida de Pista;;;1;;;;;;;;1;;;;
20/02/2014;16:58:00;227;sem vítima;560,2;BR-324/BA;Oeste;Colisão Lateral;1;;1;;;;;;;;4;;;;
20/02/2014;21:54:00;268;com vítima;463;BR-116/BA;Sul;Queda de Moto;;;;1;;;;;;;0;1;;;
20/02/2014;06:21:00;30;sem vítima;581,2;BR-324/BA;Oeste;Saida de Pista;;;1;;;;;;;;1;;;;
20/02/2014;00:28:00;4;sem vítima;588,6;BR-324/BA;Leste;Colisão Traseira;;;2;;;;;;;;2;;;;
20/02/2014;22:27:00;272;com vítima;590,6;BR-324/BA;Oeste;Capotamento;1;;;;;;;;;;0;;4;;
20/02/2014;08:11:00;61;sem vítima;621,7;BR-324/BA;Leste;Engavetamento;3;;;;;;;;;;3;;;;
20/02/2014;11:50:00;154;com vítima;623;BR-324/BA;Leste;Queda de Moto;;;;1;;;;;;;0;1;;;
21/02/2014;16:58:00;204;com vítima;1;BA-526;Sul;Colisão Lateral;1;;;1;;;;;;;1;1;1;;
21/02/2014;11:17:00;112;com vítima;10;BR-116/BA - Cont VC;;Colisão Lateral;1;;1;;;;;;;;1;3;;;
21/02/2014;19:33:00;255;sem vítima;519;BR-324/BA;Oeste;Colisão Lateral;1;;1;;;1;;;;;3;;;;
21/02/2014;18:48:00;238;sem vítima;523;BR-324/BA;Oeste;Engavetamento;2;;;;;1;;;;;3;;;;
21/02/2014;05:16:00;20;com vítima;525;BR-324/BA;Leste;Queda de Moto;;;;1;;1;;;;;1;1;;;
21/02/2014;13:02:00;142;sem vítima;552,5;BR-324/BA;Leste;Saida de Pista;1;;;;;;;;;;1;;;;
21/02/2014;09:08:00;73;com vítima;491,5;BR-116/BA;Sul;Colisão Traseira;1;;;1;;;;;;;1;;1;;