data;horario;n_da_ocorrencia;tipo_de_ocorrencia;km;trecho;sentido;tipo_de_acidente;automovel;bicicleta;caminhao;moto;onibus;outros;tracao_animal;transporte_de_cargas_especiais;trator_maquinas;utilitarios;ilesos;levemente_feridos;moderadamente_feridos;gravemente_feridos;mortos
21/02/2014;15:28:00;178;sem vítima;613,8;BR-324/BA;Leste;Colisão Traseira;2;;;;;;;;;;2;;;;
21/02/2014;15:01:00;170;sem vítima;615;BR-324/BA;Oeste;Engavetamento;4;;;;;1;;;;;5;;;;
21/02/2014;15:40:00;181;sem vítima;615;BR-324/BA;Oeste;Engavetamento;4;;;;;;;;;;4;;;;
21/02/2014;00:00:00;1;com vítima;619,03;BR-324/BA;Leste;Capotamento;1;;;;;;;;;;0;1;1;;
21/02/2014;11:59:00;127;sem vítima;620;BR-324/BA;Oeste;Colisão Traseira;;;1;;1;;;;;;2;;;;
21/02/2014;15:00:00;169;sem vítima;659;BR-116/BA;Norte;Saida de Pista;;;1;;;;;;;;1;;;;
21/02/2014;22:29:00;285;com vítima;778,6;BR-116/BA;Sul;Queda de Moto;;;;1;;;;;;;0;1;;;
21/02/2014;16:10:00;195;sem vítima;798;BR-116/BA;Norte;Colisão Lateral;1;;1;;;;;;;;2;;;;
22/02/2014;22:06:00;254;com vítima;12,2;BR-116/BA - Cont VC;;Colisão Frontal;1;;;1;;;;;;;1;1;1;;
22/02/2014;07:38:00;48;sem vítima;25;BR-116/BA - Cont VC;;Colisão Traseira;2;;;;;;;;;;3;;;;
22/02/2014;11:40:00;126;sem vítima;530;BR-324/BA;Oeste;Colisão Lateral;1;;1;;;;;;;;5;;;;
22/02/2014;18:12:00;211;com vítima;463,2;BR-116/BA;Norte;Colisão Lateral;;;2;;;;;;;;2;;1;;
22/02/2014;19:09:00;225;com vítima;577;BR-324/BA;Leste;Sequência;3;;;;;;;;;;6;1;;;
22/02/2014;07:26:00;42;sem vítima;581;BR-324/BA;Oeste;Saida de Pista;1;;;;;;;;;;4;;;;
22/02/2014;13:45:00;153;com vítima;619;BR-324/BA;Oeste;Atropelamento de Pedestre;;;;1;;;;;;;1;;;;1
22/02/2014;15:37:00;174;com vítima;621;BR-324/BA;Oeste;Colisão Frontal;2;;;;;;;;;;1;4;;;
22/02/2014;07:52:00;54;sem vítima;615;BR-116/BA;Norte;Tombamento;;;1;;;;;;;;3;;;;
22/02/2014;21:50:00;252;sem vítima;644,1;BR-116/BA;Norte;Colisão Lateral;1;;1;;;;;;;;5;;;;
22/02/2014;09:49:00;87;com vítima;664;BR-116/BA;Norte;Capotamento;1;;;;;;;;;;0;3;;;
22/02/2014;17:37:00;203;sem vítima;745,4;BR-116/BA;Sul;Sequência;;;2;;;;;;;;2;;;;
22/02/2014;15:14:00;171;sem vítima;764,5;BR-116/BA;Sul;Queda de Moto;;;;1;;;;;;;1;;;;
22/02/2014;01:10:00;7;com vítima;771,6;BR-116/BA;Norte;Colisão Frontal;1;;;;;;;;;1;2;2;2;;3
23/02/2014;03:09:00;17;com vítima;522;BR-324/BA;Leste;Queda de Moto;;;;1;;;;;;;0;1;;;
23/02/2014;07:11:00;48;sem vítima;564;BR-324/BA;Leste;Capotamento;1;;;;;;;;;;1;;;;
23/02/2014;10:49:00;88;sem vítima;573;BR-324/BA;Oeste;Saida de Pista;;;1;;;;;;;;1;;;;
23/02/2014;08:30:00;62;com vítima;577;BR-324/BA;Leste;Colisão Lateral;;;;2;;1;;;;;2;;1;;
23/02/2014;09:15:00;71;sem vítima;581,5;BR-324/BA;Leste;Saida de Pista;1;;;;;;;;;;1;;;;
23/02/2014;09:24:00;73;com vítima;495;BR-116/BA;Sul;Colisão Traseira;1;;1;;;;;;;1;2;3;;;
23/02/2014;05:03:00;26;com vítima;620;BR-324/BA;Leste;Capotamento;1;;;;;;;;;;0;;1;;
23/02/2014;15:28:00;134;com vítima;622;BR-324/BA;Oeste;Choque Contra Objeto Fixo;1;;;;;;;;;;0;;;1;
23/02/2014;11:23:00;97;com vítima;625;BR-324/BA;Leste;Choque - Defensa, barreira ou "submarino";1;;;;;;;;;;0;;1;;
23/02/2014;07:13:00;49;sem vítima;614;BR-116/BA;Sul;Colisão Traseira;;;2;;;;;;;;2;;;;
23/02/2014;22:35:00;233;com vítima;755,4;BR-116/BA;Sul;Atropelamento - Outros;;;1;;;1;;;;;0;;1;1;
23/02/2014;17:07:00;163;sem vítima;767;BR-116/BA;Norte;Colisão Traseira;1;;;;;1;;;;;2;;;;
23/02/2014;05:41:00;28;sem vítima;914;BR-116/BA;Sul;Colisão Traseira;1;;;;;1;;;;;2;;;;
24/02/2014;13:23:00;169;com vítima;439,1;BR-116/BA;Sul;Capotamento;1;;;;;;;;;;0;1;;;
24/02/2014;15:42:00;195;sem vítima;523,2;BR-324/BA;Oeste;Colisão Lateral;1;;1;;;;;;;;4;;;;
24/02/2014;12:06:00;151;sem vítima;530;BR-324/BA;Leste;Saida de Pista;1;;;;;;;;;;3;;;;
24/02/2014;11:44:00;144;com vítima;549,2;BR-324/BA;Leste;Saida de Pista;;;;;;;;;;1;1;1;1;;
24/02/2014;11:35:00;141;com vítima;461;BR-116/BA;Norte;Colisão Traseira;;;;;;2;;;;1;2;1;;;
24/02/2014;16:44:00;208;com vítima;570,3;BR-324/BA;Leste;Saida de Pista;1;;;;;;;;;;0;;1;1;
24/02/2014;06:01:00;45;sem vítima;573;BR-324/BA;Oeste;Saida de Pista;;;1;;;;;;;;2;;;;
24/02/2014;12:45:00;165;sem vítima;621;BR-324/BA;Leste;Colisão Lateral;1;;;;1;;;;;;13;;;;
24/02/2014;22:10:00;277;sem vítima;680,4;BR-116/BA;Sul;Colisão Traseira;;;2;;;;;;;;2;;;;
24/02/2014;06:35:00;47;sem vítima;745;BR-116/BA;Norte;Tombamento;;;1;;;;;;;;1;;;;
24/02/2014;05:23:00;36;com vítima;803;BR-116/BA;Norte;Atropelamento de Animal;;;;1;;;;;;;0;1;;;
24/02/2014;16:07:00;198;sem vítima;837;BR-116/BA;Norte;Colisão Traseira;;;2;;;;;;;;3;;;;
25/02/2014;07:06:00;51;sem vítima;441,4;BR-116/BA;Norte;Colisão Traseira;;;2;;;;;;;;2;;;;
25/02/2014;06:50:00;49;sem vítima;563;BR-324/BA;Leste;Colisão Traseira;1;;1;;;;;;;;5;;;;
25/02/2014;03:02:00;19;sem vítima;564,4;BR-324/BA;Leste;Capotamento;1;;;;;;;;;;3;;;;
25/02/2014;19:30:00;261;com vítima;599;BR-324/BA;Leste;Atropelamento de Pedestre;;;;;;1;;;;;1;1;;;
25/02/2014;23:04:00;298;sem vítima;604,1;BR-324/BA;Oeste;Choque - Objeto sobre a pista;1;;;;;;;;;;1;;;;
25/02/2014;21:08:00;282;com vítima;778;BR-116/BA;Norte;Queda de Moto;;;;1;;;;;;;0;1;;;
26/02/2014;11:39:00;124;com vítima;17;BR-116/BA - Cont VC;;Queda de Moto;;;;1;;;;;;;0;1;;;
26/02/2014;18:37:00;214;sem vítima;519,9;BR-324/BA;Oeste;Engavetamento;3;;;;;;;;;;6;;;;
26/02/2014;08:29:00;63;com vítima;520,5;BR-324/BA;Oeste;Colisão Transversal;1;;;;;;;;;1;1;;1;;
26/02/2014;22:57:00;254;sem vítima;555,3;BR-324/BA;Leste;Atropelamento de Animal;;;;;;;;;;1;1;;;;
26/02/2014;15:50:00;185;sem vítima;564;BR-324/BA;Oeste;Colisão Traseira;;;1;;;;;;;1;2;;;;
26/02/2014;17:04:00;196;sem vítima;573,2;BR-324/BA;Oeste;Colisão Traseira;2;;;;;;;;;;6;;;;
26/02/2014;17:29:00;203;com vítima;587,2;BR-324/BA;Leste;Saida de Pista;1;;;;;;;;;;0;1;;;
26/02/2014;06:11:00;25;sem vítima;603,7;BR-324/BA;Oeste;Colisão Lateral;1;;1;;;;;;;;7;;;;
26/02/2014;19:09:00;223;sem vítima;623,2;BR-324/BA;Oeste;Colisão Traseira;2;;;;;;;;;;3;;;;
27/02/2014;17:34:00;205;sem vítima;518;BR-324/BA;Oeste;Engavetamento;3;;;;;;;;;1;10;;;;
27/02/2014;09:28:00;75;sem vítima;519;BR-324/BA;Oeste;Colisão Traseira;2;;;;;;;;;;2;;;;
27/02/2014;05:18:00;22;sem vítima;550,05;BR-324/BA;Oeste;Saida de Pista;1;;;;;;;;;;1;;;;
27/02/2014;06:07:00;29;sem vítima;460;BR-116/BA;Sul;Engavetamento;;;3;;;;;;;;3;;;;
27/02/2014;19:35:00;233;sem vítima;594;BR-324/BA;Leste;Engavetamento;4;;;;;;;;;;6;;;;
27/02/2014;12:14:00;121;sem vítima;622;BR-324/BA;Oeste;Engavetamento;1;;;;;2;;;;;3;;;;
27/02/2014;12:37:00;125;sem vítima;622;BR-324/BA;Oeste;Colisão Traseira;2;;;;;;;;;;2;;;;
27/02/2014;17:54:00;213;sem vítima;829;BR-116/BA;Norte;Engavetamento;3;;;;;;;;;;6;;;;
28/02/2014;18:36:00;234;com vítima;8,2;BA-526;Sul;Sequência;;;2;;;;;;;;1;1;1;;
28/02/2014;08:04:00;57;sem vítima;29,6;BR-116/BA - Cont VC;;Tombamento;;;1;;;;;;;;1;;;;
28/02/2014;21:47:00;263;com vítima;428;BR-116/BA;Sul;Queda de Moto;;;;1;;;;;;;0;;1;;
28/02/2014;04:26:00;17;sem vítima;459,3;BR-116/BA;Norte;Colisão Traseira;1;;1;;;;;;;;2;;;;
28/02/2014;17:54:00;225;com vítima;615,5;BR-324/BA;Oeste;Atropelamento - Ciclista;1;1;;;;;;;;;2;;1;;
28/02/2014;07:50:00;55;sem vítima;632;BR-116/BA;Norte;Colisão Frontal;1;;;;1;;;;;;2;;;;
01/03/2014;13:44:00;137;sem vítima;519;BR-324/BA;Oeste;Saida de Pista;1;;;;;;;;;;1;;;;
01/03/2014;14:05:00;142;com vítima;519;BR-324/BA;Oeste;Colisão Traseira;;;;1;;1;;;;;1;;2;;
01/03/2014;12:42:00;121;sem vítima;530;BR-324/BA;Oeste;Colisão Lateral;1;;1;;;;;;;;2;;;;
01/03/2014;07:52:00;49;com vítima;452;BR-116/BA;Norte;Colisão Frontal;;;2;;;;;;;1;2;2;;;
01/03/2014;19:09:00;229;sem vítima;545;BR-324/BA;Leste;Saida de Pista;;;;;;;;;;1;1;;;;
01/03/2014;12:41:00;120;sem vítima;548;BR-324/BA;Leste;Saida de Pista;1;;;;;;;;;;1;;;;
01/03/2014;05:33:00;24;com vítima;550;BR-324/BA;Oeste;Capotamento;1;;;;;;;;;;3;3;;;
01/03/2014;15:52:00;159;sem vítima;566;BR-324/BA;Leste;Saida de Pista;1;;;;;;;;;;1;;;;
01/03/2014;23:39:00;273;com vítima;585;BR-324/BA;Leste;Capotamento;1;;;;;;;;;;0;1;;;
01/03/2014;02:34:00;12;sem vítima;488;BR-116/BA;Norte;Saida de Pista;1;;;;;;;;;;5;;;;
01/03/2014;20:18:00;242;sem vítima;608;BR-324/BA;Leste;Colisão Transversal;1;;;;;1;;;;;2;;;;
01/03/2014;23:14:00;266;com vítima;620;BR-324/BA;Oeste;Colisão Traseira;1;;;;1;;;;;;1;1;;;
01/03/2014;03:46:00;19;sem vítima;602,5;BR-116/BA;Norte;Saida de Pista;1;;;;;;;;;;1;;;;
01/03/2014;01:00:00;4;com vítima;636;BR-116/BA;Sul;Colisão Frontal;1;;;1;;;;;;;3;1;;;1
01/03/2014;11:06:00;101;sem vítima;818;BR-116/BA;Norte;Colisão Lateral;;;;1;;;;;;1;2;;;;
01/03/2014;16:11:00;173;sem vítima;840;BR-116/BA;Norte;Saida de Pista;1;;;;;;;;;;1;;;;
02/03/2014;09:00:00;71;sem vítima;8;BA-526;Sul;Capotamento;1;;;;;;;;;;1;;;;
02/03/2014;18:51:00;200;com vítima;524;BR-324/BA;Oeste;Queda de Moto;;;;1;;;;;;;0;1;;;
02/03/2014;11:12:00;95;com vítima;559;BR-324/BA;Leste;Colisão Traseira;1;;1;;;;;;;;1;1;;;
02/03/2014;15:53:00;152;sem vítima;590;BR-324/BA;Leste;Saida de Pista;1;;;;;;;;;;1;;;;
02/03/2014;06:25:00;49;sem vítima;615;BR-324/BA;Oeste;Colisão Lateral;2;;;;;;;;;;2;;;;
02/03/2014;07:42:00;59;com vítima;621,7;BR-324/BA;Leste;Colisão Transversal;2;;;;;;;;;1;1;;;1;1
02/03/2014;19:59:00;214;sem vítima;820,9;BR-116/BA;Norte;Colisão Traseira;2;;;;;;;;;;5;;;;
03/03/2014;21:03:00;191;sem vítima;499;BR-116/BA;Sul;Saida de Pista;1;;;;;;;;;;2;;;;
03/03/2014;05:56:00;38;sem vítima;607;BR-324/BA;Leste;Saida de Pista;1;;;;;;;;;;1;;;;
03/03/2014;02:19:00;18;sem vítima;618;BR-324/BA;Oeste;Saida de Pista;1;;;;;;;;;;3;;;;
03/03/2014;06:16:00;40;com vítima;621;BR-324/BA;Leste;Saida de Pista;1;;1;;;;;;;;1;1;;;
03/03/2014;13:56:00;134;sem vítima;623;BR-324/BA;Leste;Colisão Lateral;1;;;;;1;;;;;2;;;;
03/03/2014;17:38:00;166;com vítima;797;BR-116/BA;Norte;Queda de Moto;;;;1;;;;;;;0;1;;;
04/03/2014;16:36:00;151;com vítima;17,2;BR-116/BA - Cont VC;;Colisão Transversal;1;;;1;;;;;;;1;1;;;
04/03/2014;06:35:00;26;com vítima;432,2;BR-116/BA;Norte;Queda de Moto;;;;1;;;;;;;0;1;;;
04/03/2014;15:53:00;132;sem vítima;448,5;BR-116/BA;Sul;Colisão Transversal;1;;;;;1;;;;;2;;;;
04/03/2014;09:47:00;70;sem vítima;542,9;BR-324/BA;Oeste;Saida de Pista;1;;;;;;;;;;1;;;;
04/03/2014;12:24:00;97;sem vítima;548;BR-324/BA;Leste;Colisão Lateral;1;;;;;1;;;;;6;;;;
04/03/2014;08:10:00;47;sem vítima;482;BR-116/BA;Norte;Colisão Traseira;;;2;;;;;;;;2;;;;
04/03/2014;15:08:00;125;com vítima;585;BR-324/BA;Leste;Capotamento;1;;;;;;;;;;0;1;;;
04/03/2014;07:44:00;42;com vítima;604;BR-324/BA;Oeste;Capotamento;1;;;;;;;;;;0;1;;;
04/03/2014;10:35:00;81;com vítima;591,5;BR-116/BA;Norte;Colisão Traseira;;;1;;;1;;;;;1;1;2;;
04/03/2014;15:05:00;124;com vítima;612,2;BR-116/BA;Norte;Saida de Pista;1;;;;;;;;;;1;5;;;
04/03/2014;23:21:00;230;com vítima;755,1;BR-116/BA;Sul;Atropelamento de Pedestre;;;;;1;;;;;;36;;;;1
04/03/2014;16:56:00;164;sem vítima;819,2;BR-116/BA;Norte;Saida de Pista;1;;;;;;;;;;1;;;;
04/03/2014;23:40:00;233;sem vítima;849,3;BR-116/BA;Norte;Atropelamento de Animal;;;1;;;;;;;;1;;;;
05/03/2014;14:50:00;231;sem vítima;521,4;BR-324/BA;Oeste;Colisão Traseira;1;;1;;;;;;;;2;;;;
05/03/2014;20:45:00;313;sem vítima;548;BR-324/BA;Leste;Saida de Pista;1;;;;;;;;;;1;;;;
05/03/2014;02:39:00;21;com vítima;556;BR-324/BA;Leste;Saida de Pista;1;;;;;;;;;;0;1;1;;
05/03/2014;08:07:00;84;sem vítima;466;BR-116/BA;Sul;Colisão Traseira;1;;;;;1;;;;;5;;;;
05/03/2014;05:00:00;29;sem vítima;570;BR-324/BA;Oeste;Saida de Pista;1;;;;;;;;;;3;;;;
05/03/2014;09:52:00;110;sem vítima;612;BR-324/BA;Leste;Capotamento;1;;;;;;;;;;4;;;;
05/03/2014;01:24:00;12;sem vítima;619;BR-324/BA;Oeste;Choque - Veiculo parado no acostamento;1;;;;;;;;;1;2;;;;
05/03/2014;22:07:00;321;sem vítima;832,2;BR-116/BA;Norte;Atropelamento de Animal;;;1;;;;;;;;1;;;;
06/03/2014;23:33:00;297;com vítima;14;BR-116/BA - Cont VC;;Saida de Pista;1;;;;;;;;;;1;;;1;
06/03/2014;00:37:00;6;sem vítima;618;BR-324/BA;Leste;Saida de Pista;;;1;;;;;;;;1;;;;
06/03/2014;22:29:00;288;sem vítima;626,1;BR-324/BA;Leste;Colisão Traseira;2;;;;;;;;;;3;;;;
06/03/2014;16:40:00;231;com vítima;796;BR-116/BA;Norte;Choque Contra Objeto Fixo;1;;;;;;;;;;2;1;;;
07/03/2014;22:40:00;279;com vítima;3;BR-116/BA - ContSuFS;;Queda de Moto;;;;1;;;;;;;0;1;;;
07/03/2014;22:45:00;280;sem vítima;8;BA-526;Sul;Colisão Frontal;2;;;;;;;;;;2;;;;
07/03/2014;19:43:00;240;sem vítima;550;BR-324/BA;Oeste;Saida de Pista;;;;;;;;;;1;4;;;;
07/03/2014;04:49:00;12;sem vítima;567,6;BR-324/BA;Leste;Saida de Pista;;;1;;;;;;;;1;;;;
07/03/2014;12:15:00;117;sem vítima;573;BR-324/BA;Oeste;Colisão Traseira;1;;1;;;;;;;;2;;;;
07/03/2014;16:33:00;189;sem vítima;574,2;BR-324/BA;Oeste;Engavetamento;2;;;;;1;;;;;3;;;;
07/03/2014;10:27:00;91;com vítima;583;BR-324/BA;Oeste;Saida de Pista;;;;;;;;;;1;2;1;;;
07/03/2014;08:37:00;56;sem vítima;585;BR-324/BA;Oeste;Saida de Pista;1;;;;;;;;;;1;;;;
07/03/2014;15:23:00;164;sem vítima;616;BR-324/BA;Oeste;Colisão Traseira;1;;1;;;;;;;;2;;;;
07/03/2014;18:40:00;219;sem vítima;617;BR-324/BA;Leste;Engavetamento;2;;;;;1;;;;;3;;;;
07/03/2014;09:52:00;79;sem vítima;674;BR-116/BA;Norte;Colisão Traseira;1;;;;;1;;;;;2;;;;
07/03/2014;14:36:00;148;sem vítima;695;BR-116/BA;Sul;Colisão Traseira;;;2;;;;;;;;2;;;;
07/03/2014;07:35:00;38;sem vítima;757;BR-116/BA;Norte;Colisão Traseira;1;;;;;;;;;1;2;;;;
08/03/2014;19:11:00;242;com vítima;568,1;BR-324/BA;Oeste;Queda de Moto;;;;1;;;;;;;0;1;;;
08/03/2014;22:57:00;271;sem vítima;478;BR-116/BA;Sul;Saida de Pista;1;;;;;;;;;;1;;;;
08/03/2014;20:34:00;257;sem vítima;620;BR-324/BA;Leste;Saida de Pista;1;;;;;;;;;;1;;;;
08/03/2014;12:11:00;133;sem vítima;627,2;BR-116/BA;Norte;Colisão Frontal;1;;;;;1;;;;;2;;;;
08/03/2014;02:33:00;11;com vítima;797,9;BR-116/BA;Sul;Capotamento;1;;;;;;;;;;0;1;;;
08/03/2014;10:19:00;96;com vítima;857;BR-116/BA;Sul;Colisão Traseira;;;1;;1;;;;;;38;10;;;
09/03/2014;19:56:00;164;com vítima;3;BR-116/BA - ContSuFS;;Queda de Moto;;;;1;;;;;;;0;1;;;
09/03/2014;14:28:00;96;com vítima;6;BR-116/BA - ContSuFS;;Colisão Transversal;;;;2;;;;;;;0;2;;;
09/03/2014;17:23:00;131;sem vítima;29;BR-116/BA - Cont VC;;Colisão Lateral;1;;1;;;;;;;;4;;;;
09/03/2014;16:59:00;126;com vítima;426,6;BR-116/BA;Sul;Capotamento;;;;;;;;;;1;0;1;;;
09/03/2014;13:32:00;83;sem vítima;446;BR-116/BA;Norte;Saida de Pista;;;;;;;;;;1;1;;;;
09/03/2014;19:54:00;162;sem vítima;523;BR-324/BA;Leste;Colisão Lateral;1;;1;;;;;;;;2;;;;
09/03/2014;05:11:00;15;sem vítima;537,2;BR-324/BA;Leste;Saida de Pista;1;;;;;;;;;;1;;;;
09/03/2014;04:39:00;14;com vítima;461;BR-116/BA;Norte;Colisão Lateral;;;1;;;1;;;;;2;;;;1
09/03/2014;06:19:00;20;sem vítima;561;BR-324/BA;Leste;Saida de Pista;1;;;;;;;;;;1;;;;
09/03/2014;06:10:00;19;com vítima;588;BR-116/BA;Norte;Saida de Pista;1;;;;;;;;;;0;3;;;
09/03/2014;06:41:00;22;com vítima;674;BR-116/BA;Sul;Tombamento;;;1;;;;;;;;0;1;;;
10/03/2014;15:33:00;206;com vítima;6,5;BR-116/BA - ContSuFS;;Colisão Traseira;1;;1;;;;;;;;0;1;1;;
10/03/2014;16:03:00;216;com vítima;426,5;BR-116/BA;Norte;Engavetamento;2;;2;;;;;;;;4;;1;;
10/03/2014;16:53:00;233;sem vítima;426,5;BR-116/BA;Sul;Colisão Traseira;;;1;;;;;;;1;2;;;;
10/03/2014;07:39:00;59;sem vítima;428;BR-116/BA;Norte;Colisão Traseira;2;;;;;;;;;;2;;;;
10/03/2014;07:10:00;51;sem vítima;524;BR-324/BA;Leste;Colisão Lateral;1;;1;;;;;;;;3;;;;
10/03/2014;14:07:00;183;sem vítima;544;BR-324/BA;Oeste;Colisão Lateral;;;1;;;;;;;1;5;;;;
10/03/2014;16:45:00;229;sem vítima;548;BR-324/BA;Oeste;Colisão Lateral;1;;1;;;;;;;;2;;;;
10/03/2014;05:37:00;27;sem vítima;552;BR-324/BA;Oeste;Saida de Pista;1;;;;;;;;;;2;;;;
10/03/2014;16:29:00;223;com vítima;557;BR-324/BA;Oeste;Saida de Pista;1;;;;;;;;;;1;;1;;
10/03/2014;11:28:00;145;sem vítima;616;BR-324/BA;Oeste;Colisão Traseira;1;;1;;;;;;;;2;;;;
10/03/2014;19:45:00;269;sem vítima;618;BR-324/BA;Leste;Colisão Traseira;2;;;;;;;;;;3;;;;
10/03/2014;07:39:00;60;sem vítima;619;BR-324/BA;Leste;Colisão Traseira;2;;;;;1;;;;;3;;;;
10/03/2014;08:17:00;69;sem vítima;836,5;BR-116/BA;Norte;Colisão Traseira;2;;;;;;;;;;2;;;;
11/03/2014;12:32:00;141;sem vítima;1;BR-116/BA - ContSuFS;;Colisão Traseira;1;;;;;1;;;;;2;;;;
11/03/2014;16:10:00;183;sem vítima;548;BR-324/BA;Leste;Saida de Pista;1;;;;;1;;;;;2;;;;
11/03/2014;19:58:00;238;sem vítima;559,5;BR-324/BA;Leste;Tombamento;;;1;;;;;;;;1;;;;
11/03/2014;03:47:00;16;com vítima;588,2;BR-324/BA;Leste;Saida de Pista;1;;;;;;;;;;0;3;;;
11/03/2014;09:51:00;95;sem vítima;610;BR-324/BA;Leste;Colisão Traseira;1;;;;;;;;;1;2;;;;
11/03/2014;10:09:00;105;com vítima;613;BR-324/BA;Leste;Atropelamento de Pedestre;;;;1;1;;;;;;2;2;;;
11/03/2014;13:56:00;163;com vítima;614;BR-324/BA;Leste;Colisão Lateral;1;;;1;;;;;;;1;1;;;
11/03/2014;10:05:00;103;sem vítima;615;BR-324/BA;Leste;Colisão Traseira;1;;1;;;;;;;;2;;;;
11/03/2014;12:15:00;138;sem vítima;615,7;BR-324/BA;Leste;Colisão Traseira;1;;;;1;;;;;;22;;;;
11/03/2014;08:41:00;79;sem vítima;625,8;BR-324/BA;Leste;Engavetamento;1;;1;;1;;;;;;27;;;;
11/03/2014;09:35:00;88;com vítima;548;BR-116/BA;Norte;Saida de Pista;1;;;;;;;;;;1;3;;;
11/03/2014;13:22:00;157;sem vítima;625,2;BR-116/BA;Norte;Engavetamento;1;;;;;1;;;;1;3;;;;
11/03/2014;19:44:00;232;sem vítima;628;BR-116/BA;Sul;Colisão Traseira;1;;1;;;;;;;;2;;;;
11/03/2014;11:27:00;125;com vítima;783;BR-116/BA;Sul;Outros;;1;;;;;;;;;0;1;;;
11/03/2014;08:22:00;74;sem vítima;805,6;BR-116/BA;Sul;Saida de Pista;;;1;;;;;;;;1;;;;
12/03/2014;08:57:00;72;sem vítima;427;BR-116/BA;Norte;Colisão Traseira;;;2;;;;;;;;3;;;;
12/03/2014;19:00:00;206;com vítima;459,9;BR-116/BA;Norte;Colisão Lateral;;;;1;;1;;;;;1;1;;1;
12/03/2014;23:04:00;242;sem vítima;478,2;BR-116/BA;Norte;Engavetamento;1;;;;;2;;;;;5;;;;
12/03/2014;06:54:00;37;sem vítima;614;BR-324/BA;Oeste;Colisão Traseira;2;;;;;;;;;;2;;;;
12/03/2014;08:15:00;58;com vítima;617;BR-324/BA;Oeste;Colisão Traseira;;;;1;;1;;;;;1;1;;;
12/03/2014;23:02:00;240;sem vítima;534,2;BR-116/BA;Norte;Colisão Lateral;;;2;;;;;;;;4;;;;
12/03/2014;11:02:00;113;sem vítima;643,4;BR-116/BA;Sul;Tombamento;;;1;;;;;;;;1;;;;
12/03/2014;08:56:00;71;sem vítima;789,5;BR-116/BA;Norte;Tombamento;;;1;;;;;;;;2;;;;
12/03/2014;14:00:00;153;sem vítima;819;BR-116/BA;Norte;Colisão Lateral;1;;1;;;;;;;;4;;;;
13/03/2014;09:27:00;67;com vítima;427;BR-116/BA;Norte;Colisão Transversal;;;;;;;;;;2;1;2;;;
13/03/2014;09:17:00;63;sem vítima;543;BR-324/BA;Oeste;Colisão Traseira;2;;;;;;;;;;2;;;;
13/03/2014;18:56:00;212;sem vítima;561;BR-324/BA;Oeste;Colisão Traseira;1;;1;;;;;;;;2;;;;
13/03/2014;16:42:00;167;com vítima;462;BR-116/BA;Norte;Queda de Moto;;;;1;;;;;;;0;2;;;
13/03/2014;16:31:00;163;sem vítima;509;BR-116/BA;Norte;Colisão Traseira;1;;;;;1;;;;;2;;;;
13/03/2014;04:54:00;19;com vítima;603,2;BR-324/BA;Oeste;Saida de Pista;;;;;;;;;;1;1;1;;;
13/03/2014;00:45:00;3;sem vítima;509,2;BR-116/BA;Norte;Saida de Pista;;;;;;;;;;1;1;;;;
13/03/2014;10:07:00;78;sem vítima;605;BR-324/BA;Oeste;Colisão Traseira;1;;1;;;;;;;;2;;;;
13/03/2014;07:25:00;41;com vítima;613;BR-324/BA;Leste;Colisão Traseira;;;;1;;1;;;;;1;1;;;
13/03/2014;12:17:00;107;sem vítima;613;BR-324/BA;Leste;Colisão Lateral;2;;;;;;;;;;2;;;;
13/03/2014;07:20:00;40;com vítima;584;BR-116/BA;Norte;Colisão Lateral;;;2;;;;;;;;1;;1;;
13/03/2014;18:39:00;205;sem vítima;633,6;BR-116/BA;Norte;Colisão Transversal;;;2;;;;;;;;2;;;;
13/03/2014;15:59:00;154;sem vítima;692;BR-116/BA;Norte;Colisão Traseira;;;1;;;1;;;;;2;;;;
13/03/2014;14:10:00;129;com vítima;815;BR-116/BA;Norte;Colisão Lateral;1;;;1;;;;;;;2;;1;;
14/03/2014;21:47:00;270;com vítima;5;BR-116/BA - ContSuFS;;Colisão Lateral;1;;;1;;;;;;;3;1;;;
14/03/2014;20:54:00;262;sem vítima;543,3;BR-324/BA;Oeste;Saida de Pista;;;1;;;;;;;;1;;;;
14/03/2014;12:48:00;141;sem vítima;546;BR-324/BA;Leste;Saida de Pista;1;;;;;;;;;;3;;;;
14/03/2014;13:49:00;160;sem vítima;563;BR-324/BA;Oeste;;;;2;;;;;;;;3;;;;
14/03/2014;14:23:00;174;sem vítima;563,1;BR-324/BA;Oeste;Colisão Lateral;1;;1;;;;;;;;3;;;;
14/03/2014;14:51:00;180;com vítima;571;BR-324/BA;Oeste;Colisão Traseira;1;;;;;;;;;;0;1;;;
14/03/2014;15:58:00;202;sem vítima;573,5;BR-324/BA;Leste;Saida de Pista;1;;;;;;;;;;1;;;;
14/03/2014;08:38:00;78;sem vítima;615;BR-324/BA;Leste;Colisão Traseira;1;;1;;;;;;;;3;;;;
14/03/2014;19:06:00;247;sem vítima;617;BR-324/BA;Leste;Engavetamento;2;;;;;1;;;;;3;;;;
14/03/2014;20:36:00;260;sem vítima;618;BR-324/BA;Oeste;Colisão Traseira;2;;;;;;;;;;2;;;;
14/03/2014;20:39:00;261;sem vítima;621;BR-324/BA;Leste;Engavetamento;3;;;;;;;;;;3;;;;
14/03/2014;23:57:00;282;sem vítima;622,2;BR-324/BA;Leste;Saida de Pista;1;;;;;;;;;;1;;;;