data;horario;n_da_ocorrencia;tipo_de_ocorrencia;km;trecho;sentido;tipo_de_acidente;automovel;bicicleta;caminhao;moto;onibus;outros;tracao_animal;transporte_de_cargas_especiais;trator_maquinas;utilitarios;ilesos;levemente_feridos;moderadamente_feridos;gravemente_feridos;mortos
13/05/2014;12:38:00;119;sem vítima;771;BR-116/BA;Sul;Colisão Lateral;;;1;;;1;;;;;2;;;;
13/05/2014;06:29:00;27;com vítima;876,3;BR-116/BA;Sul;Colisão Transversal;1;;1;;;;;;;;2;;2;1;1
14/05/2014;09:26:00;82;sem vítima;1,1;BR-116/BA - ContSuFS;;Colisão Lateral;;;1;;;;;;;1;5;;;;
14/05/2014;19:41:00;238;sem vítima;9,8;BR-116/BA - Cont VC;;Colisão Lateral;2;;;;;;;;;;4;;;;
14/05/2014;16:29:00;188;com vítima;20,1;BR-116/BA - Cont VC;;Colisão Lateral;1;;1;;;;;;;;1;1;;;
14/05/2014;06:04:00;27;sem vítima;519;BR-324/BA;Leste;Colisão Traseira;2;;;;;;;;;;3;;;;
14/05/2014;01:40:00;9;sem vítima;520,3;BR-324/BA;Leste;Tombamento;;;1;;;;;;;;2;;;;
14/05/2014;16:38:00;192;sem vítima;566,5;BR-324/BA;Leste;Saida de Pista;1;;;;;;;;;;1;;;;
14/05/2014;11:29:00;119;com vítima;588,9;BR-324/BA;Leste;Atropelamento de Pedestre;1;;;;;;;;;;1;;1;;
14/05/2014;16:46:00;196;sem vítima;599;BR-324/BA;Leste;Colisão Traseira;1;;1;;;;;;;;2;;;;
14/05/2014;18:19:00;213;com vítima;599;BR-324/BA;Leste;Engavetamento;;;;2;;1;;;;;1;2;;;
14/05/2014;18:52:00;220;com vítima;617,8;BR-324/BA;Leste;Queda de Moto;;;;1;;;;;;;0;1;;;
14/05/2014;17:57:00;208;com vítima;620;BR-324/BA;Oeste;Queda de Moto;;;;1;;;;;;;0;2;;;
14/05/2014;07:45:00;54;sem vítima;641,3;BR-116/BA;Sul;Saida de Pista;;;;;1;;;;;;1;;;;
15/05/2014;18:25:00;213;sem vítima;7,05;BA-526;Sul;Saida de Pista;1;;;;;;;;;;1;;;;
15/05/2014;22:20:00;261;sem vítima;564;BR-324/BA;Oeste;Tombamento;;;1;;;;;;;;1;;;;
15/05/2014;18:36:00;217;sem vítima;465,8;BR-116/BA;Sul;Engavetamento;1;;4;;;;;;;;6;;;;
15/05/2014;05:28:00;21;com vítima;468;BR-116/BA;Norte;Saida de Pista;;;1;;;;;;;;0;1;;;
15/05/2014;13:25:00;134;com vítima;587;BR-324/BA;Leste;Capotamento;;;;;;;;;;1;1;1;1;;
15/05/2014;12:31:00;125;com vítima;610;BR-324/BA;Oeste;Queda de Moto;;;;1;;1;;;;;1;;1;;
15/05/2014;18:05:00;208;sem vítima;610;BR-324/BA;Leste;Colisão Traseira;1;;;;;1;;;;;2;;;;
15/05/2014;15:07:00;161;sem vítima;612;BR-324/BA;Oeste;Tombamento;;;;;1;;;;;;29;;;;
15/05/2014;20:52:00;249;sem vítima;616,9;BR-324/BA;Oeste;Saida de Pista;1;;;;;;;;;;2;;;;
15/05/2014;18:00:00;207;com vítima;821,5;BR-116/BA;Norte;Colisão Lateral;1;;;1;;;;;;;4;1;;;
16/05/2014;05:19:00;25;sem vítima;559;BR-324/BA;Leste;Saida de Pista;;;;;;;;;;1;1;;;;
16/05/2014;08:19:00;59;sem vítima;559;BR-324/BA;Leste;Tombamento;;;1;;;;;;;;10;;;;
16/05/2014;19:33:00;233;sem vítima;560;BR-324/BA;Leste;Colisão Traseira;2;;;;;;;;;;3;;;;
16/05/2014;19:33:00;293;sem vítima;560;BR-324/BA;Leste;Engavetamento;2;;;;;;;;;1;3;;;;
16/05/2014;18:56:00;223;sem vítima;562;BR-324/BA;Leste;Colisão Traseira;2;;;;;;;;;;3;;;;
16/05/2014;07:06:00;42;sem vítima;577;BR-324/BA;Leste;Colisão Traseira;2;;;;;;;;;;2;;;;
16/05/2014;03:11:00;15;sem vítima;581;BR-324/BA;Leste;Colisão Traseira;;;2;;;;;;;;2;;;;
16/05/2014;16:53:00;191;com vítima;604;BR-324/BA;Oeste;Colisão Lateral;1;;1;;;;;;;;1;3;;;
16/05/2014;18:03:00;205;sem vítima;607;BR-324/BA;Oeste;Saida de Pista;1;;;;;;;;;;1;;;;
16/05/2014;03:22:00;16;sem vítima;615,2;BR-324/BA;Oeste;Saida de Pista;1;;;;;;;;;;1;;;;
16/05/2014;03:36:00;18;sem vítima;615,2;BR-324/BA;Oeste;Colisão Transversal;;;1;;;;;;;1;5;;;;
16/05/2014;05:21:00;26;sem vítima;622;BR-324/BA;Oeste;Saida de Pista;1;;;;;;;;;;1;;;;
16/05/2014;16:23:00;183;sem vítima;657,2;BR-116/BA;Sul;Colisão Traseira;;;2;;;;;;;;2;;;;
16/05/2014;09:32:00;76;com vítima;735,1;BR-116/BA;Norte;Colisão Lateral;1;;1;;;;;;;;1;;;;1
16/05/2014;18:05:00;208;sem vítima;763;BR-116/BA;Sul;Choque - Defensa, barreira ou "submarino";;;1;;;1;;;;;2;;;;
16/05/2014;17:49:00;202;sem vítima;789;BR-116/BA;Sul;Colisão Transversal;1;;1;;;;;;;;2;;;;
16/05/2014;12:58:00;135;sem vítima;818,1;BR-116/BA;Norte;Colisão Traseira;;;1;;1;;;;;;16;;;;
16/05/2014;17:55:00;203;com vítima;848,9;BR-116/BA;Sul;Engavetamento;1;;2;;;;;;;1;19;4;;;
17/05/2014;22:10:00;264;sem vítima;2,5;BR-116/BA - ContSuFS;;Colisão Traseira;1;;;;1;;;;;;16;;;;
17/05/2014;13:14:00;172;sem vítima;14;BR-116/BA - Cont VC;;Capotamento;1;;;;;;;;;;1;;;;
17/05/2014;22:13:00;266;com vítima;530,2;BR-324/BA;Leste;Colisão Lateral;;;;2;;;;;;;1;1;1;;
17/05/2014;13:59:00;182;com vítima;548,95;BR-324/BA;Leste;Saida de Pista;1;;;;;;;;;;2;1;;;
17/05/2014;14:25:00;227;sem vítima;549,1;BR-324/BA;Leste;Colisão Traseira;2;;;;;;;;;;3;;;;
17/05/2014;00:23:00;6;sem vítima;560;BR-324/BA;Oeste;Saida de Pista;;;1;;;;;;;;1;;;;
17/05/2014;11:23:00;144;sem vítima;561;BR-324/BA;Oeste;Colisão Traseira;;;1;;;;;;;1;2;;;;
17/05/2014;13:50:00;177;sem vítima;573,1;BR-324/BA;Oeste;Tombamento;;;1;;;;;;;;1;;;;
17/05/2014;16:54:00;220;com vítima;486;BR-116/BA;Sul;Capotamento;1;;;;;;;;;;0;4;;;
17/05/2014;08:09:00;82;sem vítima;606,8;BR-324/BA;Leste;Saida de Pista;1;;;;;;;;;;2;;;;
17/05/2014;11:13:00;141;com vítima;612,05;BR-324/BA;Leste;Colisão Traseira;1;;;;;1;;;;1;3;;1;;
17/05/2014;23:17:00;279;sem vítima;619,2;BR-324/BA;Leste;Colisão Traseira;2;;;;;;;;;;6;;;;
17/05/2014;08:11:00;84;com vítima;589,2;BR-116/BA;Norte;Queda de Moto;;;;1;;;;;;;0;2;;;
17/05/2014;13:57:00;180;com vítima;617,6;BR-116/BA;Sul;Saida de Pista;;;1;;;;;;;;1;1;;;
17/05/2014;19:38:00;250;com vítima;633;BR-116/BA;Norte;Atropelamento de Pedestre;;;;;;1;;;;;1;;1;;
17/05/2014;10:46:00;137;sem vítima;648;BR-116/BA;Norte;Colisão Traseira;;;1;;1;1;;;;;3;;;;
17/05/2014;18:51:00;240;sem vítima;682;BR-116/BA;Norte;Colisão Traseira;;;;;2;;;;;;51;;;;
17/05/2014;06:10:00;33;sem vítima;756;BR-116/BA;Sul;Colisão Traseira;;;1;;;1;;;;;2;;;;
17/05/2014;18:50:00;239;com vítima;781;BR-116/BA;Norte;Colisão Lateral;1;;1;;;;;;;;1;;;1;
17/05/2014;11:34:00;150;sem vítima;818,1;BR-116/BA;Norte;Colisão Traseira;1;;;;;;;;;;1;;;;
18/05/2014;20:10:00;211;com vítima;11;BR-116/BA - Cont VC;;Atropelamento de Animal;;;;1;;;;;;;0;2;;;
18/05/2014;18:07:00;176;com vítima;459;BR-116/BA;Norte;Queda de Moto;;;;1;;;;;;;0;;1;;
18/05/2014;17:36:00;170;com vítima;573;BR-324/BA;Leste;Capotamento;1;;;;;;;;;;1;2;;;
18/05/2014;09:52:00;88;sem vítima;573,9;BR-324/BA;Leste;Saida de Pista;;;;;;;;;;1;1;;;;
18/05/2014;23:46:00;233;sem vítima;587;BR-324/BA;Leste;Saida de Pista;1;;;;;;;;;;1;;;;
18/05/2014;18:56:00;190;com vítima;616;BR-324/BA;Leste;Atropelamento - Ciclista;1;1;;;;;;;;;1;;1;;
18/05/2014;19:52:00;205;sem vítima;563;BR-116/BA;Sul;Colisão Transversal;;;2;;;;;;;;2;;;;
18/05/2014;20:14:00;213;sem vítima;649;BR-116/BA;Norte;Choque Contra Objeto Fixo;;;1;;;;;;;;1;;;;
18/05/2014;05:31:00;27;sem vítima;811;BR-116/BA;Sul;Colisão Traseira;2;;;;;;;;;;6;;;;
18/05/2014;11:22:00;102;sem vítima;830,7;BR-116/BA;Norte;Colisão Traseira;1;;1;;;;;;;;2;;;;
19/05/2014;15:51:00;201;com vítima;15;BR-116/BA - Cont VC;;Colisão Traseira;;;1;1;;;;;;;1;1;;;
19/05/2014;11:18:00;134;sem vítima;17,5;BR-116/BA - Cont VC;;Colisão Transversal;1;;;1;;;;;;;2;;;;
19/05/2014;22:23:00;271;sem vítima;426,5;BR-116/BA;Sul;Colisão Traseira;;;1;;;1;;;;;3;;;;
19/05/2014;13:09:00;149;sem vítima;527;BR-324/BA;Leste;Saida de Pista;;;1;;;;;;;;1;;;;
19/05/2014;06:22:00;23;sem vítima;448;BR-116/BA;Sul;Colisão Frontal;;;1;1;;;;;;;2;;;;
19/05/2014;06:56:00;34;com vítima;463,6;BR-116/BA;Sul;Colisão Frontal;;;1;;;;;;;1;1;;;1;
19/05/2014;21:37:00;263;com vítima;609;BR-324/BA;Leste;Capotamento;1;;;;;;;;;;2;1;;;
19/05/2014;08:20:00;67;sem vítima;618;BR-324/BA;Oeste;Colisão Traseira;1;;;;;1;;;;;2;;;;
19/05/2014;07:35:00;50;sem vítima;619;BR-324/BA;Leste;Engavetamento;3;;;;;;;;;;12;;;;
19/05/2014;14:28:00;171;com vítima;621;BR-324/BA;Leste;Colisão Traseira;1;;;;;1;;;;;2;1;;;
20/05/2014;11:38:00;136;sem vítima;1;BR-116/BA - ContSuFS;;Colisão Lateral;;;1;;;;;;;1;2;;;;
20/05/2014;19:34:00;243;sem vítima;23,5;BR-116/BA - Cont VC;;Choque - Suporte de Sinalização;1;;;;;;;;;;3;;;;
20/05/2014;14:52:00;174;sem vítima;428,5;BR-116/BA;Sul;Tombamento;;;1;;;;;;;;1;;;;
20/05/2014;01:07:00;10;sem vítima;444,1;BR-116/BA;Sul;Atropelamento de Animal;;;1;;;;;;;;1;;;;
20/05/2014;14:01:00;162;sem vítima;565,6;BR-324/BA;Oeste;Colisão Traseira;;;1;;1;;;;;;2;;;;
20/05/2014;11:11:00;129;sem vítima;590;BR-324/BA;Leste;Saida de Pista;1;;;;;;;;;;1;;;;
20/05/2014;11:53:00;140;sem vítima;613;BR-324/BA;Oeste;Engavetamento;1;;1;;;1;;;;;3;;;;
20/05/2014;10:58:00;125;sem vítima;614;BR-324/BA;Oeste;Saida de Pista;1;;;;;;;;;;1;;;;
20/05/2014;08:28:00;75;sem vítima;619,5;BR-324/BA;Leste;Colisão Transversal;;;;2;;;;;;;2;;;;
20/05/2014;08:39:00;84;sem vítima;657,2;BR-116/BA;Sul;Colisão Traseira;;;2;;;;;;;;2;;;;
20/05/2014;00:22:00;2;sem vítima;697,3;BR-116/BA;Sul;Tombamento;;;1;;;;;;;;1;;;;
21/05/2014;18:43:00;223;com vítima;428,5;BR-116/BA;Sul;Atropelamento de Pedestre;;;;;;1;;;;;1;;1;;
21/05/2014;11:55:00;136;sem vítima;519;BR-324/BA;Leste;Engavetamento;2;;2;;;;;;;1;7;;;;
21/05/2014;16:38:00;189;sem vítima;520;BR-324/BA;Oeste;Colisão Lateral;1;;1;;;;;;;;3;;;;
21/05/2014;14:19:00;162;sem vítima;523,5;BR-324/BA;Leste;Saida de Pista;1;;;;;1;;;;;2;;;;
21/05/2014;14:49:00;170;sem vítima;561;BR-324/BA;Oeste;Choque - Veiculo parado no acostamento;1;;;;;;;;1;;2;;;;
21/05/2014;15:24:00;176;sem vítima;572;BR-324/BA;Oeste;Colisão Lateral;1;;;;;;;;;1;7;;;;
21/05/2014;04:54:00;19;sem vítima;607;BR-324/BA;Leste;Colisão Traseira;1;;1;;;;;;;;2;;;;
21/05/2014;20:01:00;240;sem vítima;623,5;BR-324/BA;Oeste;Engavetamento;2;;;;1;;;;;1;46;;;;
21/05/2014;20:48:00;247;sem vítima;639,3;BR-116/BA;Sul;Saida de Pista;;;1;;;;;;;;1;;;;
21/05/2014;07:01:00;40;sem vítima;814;BR-116/BA;Sul;Colisão Traseira;1;;;;1;;;;;;41;;;;
21/05/2014;11:44:00;128;com vítima;817,9;BR-116/BA;Sul;Colisão Lateral;1;;;1;;;;;;;2;1;;;
22/05/2014;16:28:00;187;sem vítima;1;BR-116/BA - Cont VC;;Capotamento;1;;;;;;;;;;1;;;;
22/05/2014;22:21:00;246;sem vítima;5;BA-526;Sul;Colisão Lateral;2;;;;;;;;;;2;;;;
22/05/2014;10:18:00;91;sem vítima;519,7;BR-324/BA;Oeste;Engavetamento;2;;1;;;;;;;;4;;;;
22/05/2014;20:08:00;227;com vítima;537;BR-324/BA;Oeste;Saida de Pista;1;;;;;;;;;;5;3;;;
22/05/2014;15:13:00;169;sem vítima;573,05;BR-324/BA;Oeste;Colisão Traseira;2;;;;;;;;;;3;;;;
22/05/2014;18:18:00;210;com vítima;617;BR-324/BA;Oeste;Colisão Lateral;1;;1;;;;;;;;1;1;;;
22/05/2014;19:02:00;253;sem vítima;617;BR-324/BA;Oeste;Colisão Lateral;1;;1;;;;;;;;2;;;;
22/05/2014;07:39:00;45;sem vítima;777;BR-116/BA;Sul;Colisão Transversal;1;;1;;;;;;;;5;;;;
23/05/2014;14:41:00;183;sem vítima;14,2;BR-116/BA - Cont VC;;Colisão Transversal;1;;1;;;;;;;;4;;;;
23/05/2014;10:45:00;121;sem vítima;458,5;BR-116/BA;Sul;Colisão Traseira;1;;1;;;;;;;;3;;;;
23/05/2014;20:02:00;261;sem vítima;552;BR-324/BA;Oeste;Colisão Traseira;;;;;1;;;;;1;16;;;;
23/05/2014;11:15:00;131;sem vítima;571;BR-324/BA;Leste;Engavetamento;3;;;;;;;;;;9;;;;
23/05/2014;12:03:00;143;sem vítima;617;BR-324/BA;Oeste;Engavetamento;1;;;;;;;;;2;4;;;;
23/05/2014;18:15:00;238;sem vítima;773,5;BR-116/BA;Norte;Colisão Traseira;;;2;;;;;;;;2;;;;
24/05/2014;13:17:00;120;com vítima;2;BR-116/BA - ContSuFS;;Colisão Transversal;;;;2;;;;;;;0;2;;;
24/05/2014;22:05:00;244;com vítima;5,3;BA-526;Sul;Saida de Pista;1;;;;;;;;;;0;1;;;
24/05/2014;15:56:00;156;com vítima;15,5;BR-116/BA - Cont VC;;Engavetamento;1;;2;;;;;;;;2;;;1;
24/05/2014;09:30:00;81;sem vítima;543;BR-324/BA;Oeste;Colisão Lateral;1;;1;;;;;;;;2;;;;
24/05/2014;15:24:00;150;sem vítima;454,1;BR-116/BA;Sul;Colisão Traseira;;;2;;;;;;;;2;;;;
24/05/2014;05:44:00;26;sem vítima;481,3;BR-116/BA;Sul;Colisão Traseira;;;1;;;1;;;;;2;;;;
24/05/2014;01:47:00;11;sem vítima;498,2;BR-116/BA;Norte;Saida de Pista;;;1;;;;;;;;1;;;;
24/05/2014;02:21:00;13;sem vítima;619,7;BR-324/BA;Oeste;Colisão Traseira;2;;;;;;;;;;8;;;;
24/05/2014;16:51:00;171;com vítima;652;BR-116/BA;Sul;Capotamento;1;;;;;;;;;;0;;1;;
24/05/2014;17:56:00;191;com vítima;828,6;BR-116/BA;Sul;Queda de Moto;;;;1;;;;;;;0;1;;;
25/05/2014;22:56:00;244;com vítima;538,7;BR-324/BA;Leste;Queda de Moto;;;;1;;;;;;;0;;1;;
25/05/2014;16:13:00;165;sem vítima;607,9;BR-324/BA;Leste;Tombamento;;;1;;;;;;;;1;;;;
25/05/2014;22:26:00;235;sem vítima;638,8;BR-116/BA;Sul;Saida de Pista;1;;;;;;;;;;3;;;;
25/05/2014;23:20:00;255;com vítima;866,9;BR-116/BA;Norte;Colisão Frontal;;;1;1;;;;;;;2;;;;1
26/05/2014;13:47:00;162;com vítima;15;BR-116/BA - Cont VC;;Colisão Lateral;1;;;1;;1;;;;;2;1;;;
26/05/2014;16:10:00;199;com vítima;526,8;BR-324/BA;Oeste;Colisão Traseira;1;;1;;;1;;;;;3;1;;;
26/05/2014;21:04:00;266;com vítima;559;BR-324/BA;Leste;Atropelamento de Pedestre;;;;;;;;;;1;1;;;;1
26/05/2014;06:17:00;42;com vítima;463;BR-116/BA;Norte;Colisão Traseira;;;;1;;;;;;;0;;1;;
26/05/2014;02:02:00;9;com vítima;463,2;BR-116/BA;Sul;Queda de Moto;;;;1;;;;;;;0;;1;;
26/05/2014;08:11:00;81;sem vítima;482,3;BR-116/BA;Norte;Colisão Lateral;;;2;;;;;;;;2;;;;
26/05/2014;00:48:00;5;sem vítima;607;BR-324/BA;Oeste;Saida de Pista;1;;;;;;;;;;1;;;;
26/05/2014;15:37:00;192;com vítima;613,8;BR-324/BA;Leste;Queda de Moto;;;;1;;;;;;;1;;1;;
26/05/2014;07:14:00;63;com vítima;615,2;BR-324/BA;Oeste;Colisão Traseira;;;1;;;;;;;1;8;1;;;
26/05/2014;19:21:00;241;com vítima;618;BR-324/BA;Leste;Atropelamento de Pedestre;;;;;;1;;;;;1;;;;1
26/05/2014;20:18:00;259;sem vítima;618;BR-324/BA;Leste;Saida de Pista;1;;;;;;;;;;1;;;;
26/05/2014;15:20:00;189;com vítima;640;BR-116/BA;Norte;Colisão Transversal;1;;2;;;;;;;;0;4;1;;
26/05/2014;08:01:00;75;com vítima;761,2;BR-116/BA;Sul;Colisão Traseira;;;1;;;1;;;;;1;1;;;
27/05/2014;15:21:00;183;com vítima;441,2;BR-116/BA;Norte;Colisão Transversal;1;;;;;;;;1;;1;1;1;;
27/05/2014;19:16:00;245;sem vítima;518;BR-324/BA;Oeste;Colisão Traseira;1;;;;;;;;;1;5;;;;
27/05/2014;12:05:00;144;sem vítima;537;BR-324/BA;Oeste;Colisão Lateral;;;1;;;;;;;1;2;;;;
27/05/2014;06:35:00;39;com vítima;452,3;BR-116/BA;Norte;Colisão Traseira;1;;;;;;;;;1;3;1;;;
27/05/2014;19:57:00;252;sem vítima;543,2;BR-324/BA;Oeste;Saida de Pista;1;;;;;;;;;;1;;;;
27/05/2014;20:31:00;258;sem vítima;560,8;BR-324/BA;Leste;Saida de Pista;1;;;;;;;;;;1;;;;
27/05/2014;09:03:00;65;sem vítima;584;BR-324/BA;Leste;Saida de Pista;1;;;;;1;;;;;2;;;;
27/05/2014;06:34:00;37;com vítima;586,8;BR-324/BA;Leste;Atropelamento de Animal;;;;1;;;;;;;0;;1;;
27/05/2014;08:11:00;54;sem vítima;599;BR-324/BA;Leste;Colisão Transversal;1;;1;;;;;;;;2;;;;
27/05/2014;16:57:00;207;sem vítima;623;BR-324/BA;Oeste;Engavetamento;4;;;;;;;;;;7;;;;
27/05/2014;06:38:00;40;com vítima;677,8;BR-116/BA;Norte;Atropelamento de Pedestre;1;;;;;;;;;;3;;1;;
27/05/2014;09:12:00;66;sem vítima;787;BR-116/BA;Sul;Colisão Traseira;;;2;;;;;;;;2;;;;
28/05/2014;13:26:00;176;sem vítima;13,8;BR-116/BA - Cont VC;;Colisão Lateral;;;1;;;;;;;1;2;;;;
28/05/2014;09:00:00;93;com vítima;14,1;BR-116/BA - Cont VC;;Colisão Traseira;;;;1;;1;;;;;1;1;;;
28/05/2014;13:19:00;175;sem vítima;428,2;BR-116/BA;Norte;Colisão Traseira;2;;;;;1;;;;;6;;;;
28/05/2014;06:38:00;35;sem vítima;450,2;BR-116/BA;Norte;Colisão Traseira;;;1;;1;;;;;;31;;;;
28/05/2014;14:35:00;194;sem vítima;540;BR-324/BA;Oeste;Colisão Traseira;1;;1;;;;;;;;2;;;;
28/05/2014;17:30:00;232;sem vítima;543;BR-324/BA;Oeste;Colisão Lateral;1;;1;;;;;;;;5;;;;
28/05/2014;15:46:00;215;com vítima;545;BR-324/BA;Oeste;Colisão Traseira;;;;1;;1;;;;;1;1;;;
28/05/2014;11:36:00;146;sem vítima;551;BR-324/BA;Leste;Colisão Lateral;;;2;;;;;;;;2;;;;
28/05/2014;17:28:00;231;sem vítima;551;BR-324/BA;Leste;Colisão Lateral;1;;1;;;;;;;;2;;;;
28/05/2014;12:30:00;164;sem vítima;572;BR-324/BA;Oeste;Colisão Traseira;;;2;;;;;;;;2;;;;
28/05/2014;19:24:00;246;sem vítima;483;BR-116/BA;Sul;Tombamento;;;1;;;;;;;;1;;;;
28/05/2014;11:11:00;140;sem vítima;586;BR-324/BA;Leste;Capotamento;1;;;;;;;;;;1;;;;
28/05/2014;07:15:00;45;sem vítima;623,9;BR-324/BA;Oeste;Engavetamento;3;;;;;;;;;;3;;;;
28/05/2014;13:35:00;177;com vítima;563,1;BR-116/BA;Norte;Colisão Frontal;1;;2;;;1;;;;;1;1;;;3
28/05/2014;19:27:00;247;com vítima;580,4;BR-116/BA;Norte;Atropelamento de Pedestre;;;;;;1;;;;;1;;;;1
28/05/2014;10:56:00;138;com vítima;633,1;BR-116/BA;Norte;Colisão Transversal;1;;1;;;;;;;;3;1;;;
28/05/2014;13:13:00;173;sem vítima;815,6;BR-116/BA;Norte;Engavetamento;1;;1;;;1;;;;;3;;;;
29/05/2014;16:17:00;196;com vítima;3,01;BR-116/BA - ContSuFS;;Colisão Traseira;;;;1;;1;;;;;2;1;;;
29/05/2014;18:06:00;223;com vítima;459,05;BR-116/BA;Norte;Colisão Transversal;;;;1;;;;;;1;1;;;1;
29/05/2014;19:10:00;232;sem vítima;560,9;BR-324/BA;Oeste;Colisão Lateral;1;;1;;;;;;;;2;;;;
29/05/2014;22:02:00;256;sem vítima;608,1;BR-324/BA;Leste;Saida de Pista;;;;;;;;;;1;1;;;;
29/05/2014;09:10:00;86;sem vítima;616,7;BR-324/BA;Oeste;Colisão Traseira;2;;;;;;;;;;2;;;;
29/05/2014;07:29:00;43;sem vítima;621,9;BR-324/BA;Leste;Colisão Lateral;1;;;1;;;;;;;4;;;;
29/05/2014;17:50:00;220;sem vítima;581,5;BR-116/BA;Norte;Saida de Pista;1;;;;;;;;;;1;;;;
29/05/2014;18:06:00;222;com vítima;789,2;BR-116/BA;Sul;Queda de Moto;;;;1;;;;;;;0;;1;;
29/05/2014;14:12:00;172;sem vítima;821,1;BR-116/BA;Norte;Colisão Frontal;2;;;;;;;;;;3;;;;
29/05/2014;03:25:00;13;sem vítima;829;BR-116/BA;Sul;Colisão Traseira;;;2;;;;;;;;2;;;;
30/05/2014;06:53:00;40;sem vítima;440,3;BR-116/BA;Sul;Saida de Pista;;;1;;;;;;;;1;;;;
30/05/2014;15:02:00;206;sem vítima;527;BR-324/BA;Oeste;Colisão Lateral;1;;1;;;;;;;;2;;;;
30/05/2014;07:13:00;48;sem vítima;542,05;BR-324/BA;Oeste;Engavetamento;;;3;;;;;;;;3;;;;
30/05/2014;08:29:00;81;sem vítima;558,2;BR-324/BA;Oeste;Saida de Pista;1;;;;;;;;;;1;;;;
30/05/2014;14:28:00;199;com vítima;561,7;BR-324/BA;Oeste;Saida de Pista;1;;;;;;;;;;1;;1;;
30/05/2014;09:41:00;106;sem vítima;571,2;BR-324/BA;Leste;Engavetamento;2;;;;;;;;;1;10;;;;
30/05/2014;16:43:00;231;com vítima;578,9;BR-324/BA;Oeste;Engavetamento;4;;;;;;;;;;3;;;1;
30/05/2014;19:11:00;273;sem vítima;618;BR-324/BA;Leste;Engavetamento;3;;;;;;;;;;3;;;;
30/05/2014;18:35:00;265;sem vítima;677;BR-116/BA;Sul;Engavetamento;3;;;;;;;;;;3;;;;
30/05/2014;01:19:00;8;sem vítima;755,8;BR-116/BA;Norte;Atropelamento de Animal;;;1;;;;;;;;1;;;;
31/05/2014;15:06:00;155;sem vítima;2;BA-528;Sul;Colisão Traseira;1;;;;;;;;1;;2;;;;
31/05/2014;09:10:00;58;com vítima;442,6;BR-116/BA;Sul;Tombamento;;;1;;;;;;;;0;1;;;
31/05/2014;17:15:00;192;sem vítima;547,8;BR-324/BA;Leste;Colisão Traseira;2;;;;;;;;;;2;;;;
31/05/2014;11:02:00;94;sem vítima;560,2;BR-324/BA;Leste;Colisão Lateral;1;;1;;;;;;;;2;;;;
31/05/2014;10:40:00;87;sem vítima;560,5;BR-324/BA;Leste;Saida de Pista;1;;;;;;;;;;2;;;;
31/05/2014;09:39:00;73;sem vítima;577,3;BR-324/BA;Oeste;Colisão Traseira;;;1;;1;;;;;;3;;;;
31/05/2014;16:40:00;181;sem vítima;577,5;BR-324/BA;Oeste;Saida de Pista;1;;;;;;;;;;1;;;;
31/05/2014;14:32:00;150;sem vítima;592,2;BR-324/BA;Oeste;Saida de Pista;1;;;;;;;;;;1;;;;
31/05/2014;15:30:00;159;sem vítima;597,01;BR-324/BA;Oeste;Engavetamento;2;;;;1;;;;;;5;;;;
31/05/2014;07:03:00;27;sem vítima;612;BR-324/BA;Leste;Saida de Pista;1;;;;;1;;;;;2;;;;
31/05/2014;09:47:00;75;com vítima;612;BR-324/BA;Leste;Choque - Outros;;;;;1;;;;;1;45;;;1;
31/05/2014;07:08:00;31;com vítima;520;BR-116/BA;Sul;Saida de Pista;;;;;;;;;;1;2;1;;;
31/05/2014;04:50:00;17;sem vítima;615;BR-324/BA;Oeste;Saida de Pista;1;;;;;;;;;;1;;;;
31/05/2014;04:51:00;18;sem vítima;615;BR-324/BA;Oeste;Saida de Pista;1;;;;;;;;;;2;;;;
31/05/2014;19:25:00;226;com vítima;626,2;BR-324/BA;Oeste;Colisão Traseira;;;;1;;1;;;;;1;1;;;
31/05/2014;20:51:00;237;sem vítima;739,6;BR-116/BA;Sul;Colisão Traseira;1;;;;;1;;;;;2;;;;
01/06/2014;14:49:00;138;sem vítima;8;BA-526;Norte;Colisão Transversal;2;;;;;;;;;;3;;;;
01/06/2014;00:16:00;4;com vítima;17,2;BR-116/BA - Cont VC;;Colisão Frontal;2;;;;;;;;;;1;2;;;
01/06/2014;13:51:00;123;sem vítima;534;BR-324/BA;Leste;Saida de Pista;1;;;;;;;;;;1;;;;
01/06/2014;14:17:00;130;sem vítima;545;BR-324/BA;Oeste;Colisão Transversal;2;;;;;;;;;;2;;;;
01/06/2014;14:34:00;134;sem vítima;482,1;BR-116/BA;Norte;Colisão Traseira;;;2;;;;;;;;2;;;;
01/06/2014;22:56:00;245;sem vítima;585;BR-324/BA;Oeste;Saida de Pista;1;;;;;;;;;;1;;;;
01/06/2014;23:18:00;248;sem vítima;606;BR-324/BA;Leste;Choque - Defensa, barreira ou "submarino";1;;;;;;;;;;4;;;;
01/06/2014;01:00:00;8;sem vítima;620;BR-324/BA;Leste;Colisão Traseira;1;;;;;1;;;;;2;;;;
01/06/2014;04:53:00;23;com vítima;602,8;BR-116/BA;Norte;Capotamento;1;;;;;;;;;;1;;2;;
02/06/2014;02:06:00;8;com vítima;428;BR-116/BA;Sul;Queda de Moto;;;;1;;;;;;;0;;2;;
02/06/2014;13:06:00;139;sem vítima;542;BR-324/BA;Oeste;Colisão Lateral;1;;1;;;;;;;;3;;;;