data;horario;n_da_ocorrencia;tipo_de_ocorrencia;km;trecho;sentido;tipo_de_acidente;automovel;bicicleta;caminhao;moto;onibus;outros;tracao_animal;transporte_de_cargas_especiais;trator_maquinas;utilitarios;ilesos;levemente_feridos;moderadamente_feridos;gravemente_feridos;mortos
23/07/2014;15:32:00;190;sem vítima;620;BR-324/BA;Leste;Colisão Frontal;;;1;;;1;;;;;2;;;;
23/07/2014;10:38:00;113;sem vítima;623,7;BR-324/BA;Oeste;Engavetamento;3;;;;;;;;;;9;;;;
23/07/2014;16:06:00;209;com vítima;623,7;BR-324/BA;Leste;Colisão Lateral;1;;;1;;;;;;;1;1;;;
23/07/2014;20:24:00;266;sem vítima;739;BR-116/BA;Sul;Colisão Traseira;2;;;;;;;;;;2;;;;
24/07/2014;14:16:00;178;sem vítima;12;BR-116/BA - Cont VC;;Colisão Lateral;2;;;;;;;;;;2;;;;
24/07/2014;15:23:00;198;com vítima;530,3;BR-324/BA;Oeste;Queda de Moto;;;;1;;;;;;;0;;;1;
24/07/2014;01:30:00;13;sem vítima;553;BR-324/BA;Oeste;Saida de Pista;1;;;;;;;;;;1;;;;
24/07/2014;15:46:00;207;sem vítima;554,3;BR-324/BA;Oeste;Colisão Traseira;2;;;;;;;;;;5;;;;
24/07/2014;20:32:00;279;sem vítima;556,6;BR-324/BA;Leste;Saida de Pista;1;;;;;;;;;;1;;;;
24/07/2014;16:14:00;212;sem vítima;574,6;BR-324/BA;Leste;Sequência;1;;2;;;;;;;;4;;;;
24/07/2014;07:13:00;50;sem vítima;591;BR-324/BA;Leste;Saida de Pista;1;;;;;;;;;;5;;;;
24/07/2014;14:40:00;186;sem vítima;582,2;BR-116/BA;Norte;Saida de Pista;1;;;;;;;;;;3;;;;
24/07/2014;16:35:00;224;sem vítima;635,5;BR-116/BA;Norte;Colisão Traseira;;;2;;;;;;;;2;;;;
24/07/2014;06:42:00;43;sem vítima;638,8;BR-116/BA;Sul;Saida de Pista;1;;;;;;;;;;2;;;;
24/07/2014;06:12:00;35;sem vítima;773;BR-116/BA;Sul;Colisão Traseira;;;2;;;;;;;;2;;;;
25/07/2014;05:14:00;31;sem vítima;0;BR-116/BA - ContSuFS;;Colisão Lateral;;;1;;;;;;;1;3;;;;
25/07/2014;18:32:00;243;com vítima;5;BR-116/BA - ContSuFS;;Queda de Moto;;;;1;;1;;;;;1;1;;;
25/07/2014;15:53:00;177;sem vítima;7,1;BR-116/BA - ContSuFS;;Colisão Lateral;;;1;;;1;;;;;2;;;;
25/07/2014;13:31:00;142;com vítima;434;BR-116/BA;Norte;Choque - Defensa, barreira ou "submarino";;;1;;;;;;;;1;2;;;
25/07/2014;10:19:00;97;sem vítima;551;BR-324/BA;Oeste;Colisão Traseira;1;;;;;;;;;1;3;;;;
25/07/2014;19:16:00;256;sem vítima;560,5;BR-324/BA;Oeste;Engavetamento;3;;;;;;;;;;3;;;;
25/07/2014;15:56:00;178;sem vítima;572;BR-324/BA;Oeste;Colisão Lateral;1;;1;;;;;;;;2;;;;
25/07/2014;15:56:00;179;sem vítima;574,3;BR-324/BA;Oeste;Saida de Pista;;;1;;;;;;;;1;;;;
25/07/2014;05:02:00;29;sem vítima;479;BR-116/BA;Sul;Tombamento;;;1;;;;;;;;1;;;;
25/07/2014;14:54:00;160;sem vítima;580;BR-324/BA;Leste;Saida de Pista;;;1;;;;;;;;1;;;;
25/07/2014;14:10:00;149;com vítima;580,8;BR-324/BA;Leste;Colisão Traseira;1;;;1;;;;;;;1;1;;;
25/07/2014;18:38:00;246;com vítima;613;BR-324/BA;Oeste;Atropelamento de Pedestre;;;;;;1;;;;;1;;;1;
25/07/2014;21:15:00;286;sem vítima;613;BR-324/BA;Leste;Choque Contra Objeto Fixo;1;;1;;;;;;;;3;;;;
25/07/2014;09:19:00;78;sem vítima;621;BR-324/BA;Leste;Colisão Traseira;2;;;;;;;;;;2;;;;
25/07/2014;17:11:00;210;sem vítima;651,9;BR-116/BA;Sul;Engavetamento;2;;1;;;;;;;;4;;;;
26/07/2014;15:45:00;155;com vítima;12;BR-116/BA - Cont VC;;Capotamento;1;;;;;;;;;;0;2;;;
26/07/2014;19:56:00;218;com vítima;14,5;BR-116/BA - Cont VC;;Colisão Lateral;1;;;1;;;;;;;1;2;;;
26/07/2014;14:08:00;130;sem vítima;606;BR-324/BA;Leste;Colisão Traseira;;;1;;1;;;;;;41;;;;
26/07/2014;11:47:00;109;com vítima;621,5;BR-324/BA;Oeste;Colisão Traseira;;;;;;1;;;;1;1;;1;;
26/07/2014;17:43:00;195;com vítima;622,2;BR-324/BA;Oeste;Queda de Moto;;;;1;;;;;;;0;1;;;
26/07/2014;22:11:00;235;sem vítima;622,8;BR-324/BA;Leste;Capotamento;1;;;;;;;;;;1;;;;
26/07/2014;21:49:00;232;sem vítima;596,9;BR-116/BA;Norte;Saida de Pista;;;1;;;;;;;;1;;;;
26/07/2014;16:11:00;181;com vítima;643,15;BR-116/BA;Sul;Sequência;;;3;;;;;;;;3;1;;;
26/07/2014;09:33:00;81;com vítima;841,3;BR-116/BA;Norte;Engavetamento;;;3;;;;;;;;2;1;;;
26/07/2014;18:29:00;205;sem vítima;915,2;BR-116/BA;Sul;Saida de Pista;;;1;;;;;;;;1;;;;
26/07/2014;05:48:00;18;com vítima;918;BR-116/BA;Norte;Capotamento;1;;;;;;;;;;0;2;;;
27/07/2014;07:49:00;56;com vítima;2;BR-116/BA - ContSuFS;;Queda de Moto;;;;1;;1;;;;;2;1;;;
27/07/2014;22:14:00;244;sem vítima;3;BR-116/BA - ContSuFS;;Colisão Traseira;1;;1;;;;;;;;2;;;;
27/07/2014;20:38:00;233;com vítima;15,2;BR-116/BA - Cont VC;;Colisão Traseira;1;;;;;1;;;;;1;2;;;
27/07/2014;05:08:00;20;sem vítima;443;BR-116/BA;Norte;Colisão Traseira;;;1;;;1;;;;;2;;;;
27/07/2014;08:27:00;65;com vítima;553;BR-324/BA;Oeste;Engavetamento;3;;;;;;;;;;8;1;;;
27/07/2014;21:05:00;237;com vítima;463;BR-116/BA;Sul;Colisão Frontal;;;;1;;1;;;;;1;;;;2
27/07/2014;16:38:00;175;sem vítima;592;BR-324/BA;Oeste;Saida de Pista;1;;;;;;;;;;1;;;;
27/07/2014;17:30:00;238;sem vítima;592;BR-324/BA;Oeste;Saida de Pista;;;;;;;;;;1;1;;;;
27/07/2014;23:30:00;254;sem vítima;558;BR-116/BA;Sul;Colisão Traseira;1;;;;;1;;;;;2;;;;
27/07/2014;13:38:00;133;sem vítima;827,2;BR-116/BA;Norte;Colisão Traseira;1;;;;;;;;;1;5;;;;
27/07/2014;18:54:00;217;com vítima;827,7;BR-116/BA;Sul;Colisão Traseira;2;;;;;;;;;;2;1;;;
27/07/2014;17:25:00;190;sem vítima;828;BR-116/BA;Norte;Saida de Pista;1;;;;;;;;;;1;;;;
27/07/2014;21:23:00;240;com vítima;857,3;BR-116/BA;Sul;Colisão Lateral;;;1;1;;;;;;;1;;;;2
27/07/2014;06:40:00;34;sem vítima;867,3;BR-116/BA;Sul;Saida de Pista;;;;;;;;;;1;1;;;;
27/07/2014;06:38:00;32;sem vítima;873,1;BR-116/BA;Sul;Colisão Traseira;;;2;;;;;;;;2;;;;
28/07/2014;16:28:00;244;sem vítima;16,2;BR-116/BA - Cont VC;;Colisão Transversal;1;;;;;1;;;;;3;;;;
28/07/2014;00:02:00;1;sem vítima;438;BR-116/BA;Norte;Colisão Lateral;1;;1;;;;;;;;2;;;;
28/07/2014;16:21:00;240;sem vítima;553,15;BR-324/BA;Oeste;Colisão Lateral;1;;1;;;;;;;;2;;;;
28/07/2014;16:27:00;243;sem vítima;553,5;BR-324/BA;Oeste;Colisão Traseira;;;1;;;;;;;1;2;;;;
28/07/2014;13:28:00;200;sem vítima;559,2;BR-324/BA;Leste;Saida de Pista;1;;;;;;;;;;1;;;;
28/07/2014;14:50:00;217;com vítima;559,3;BR-324/BA;Leste;Capotamento;1;;;;;;;;;;0;1;;;
28/07/2014;07:26:00;64;sem vítima;463,3;BR-116/BA;Norte;Colisão Lateral;;;3;;;;;;;;3;;;;
28/07/2014;08:53:00;103;sem vítima;570,5;BR-324/BA;Oeste;Colisão Traseira;1;;;;;;;;;1;2;;;;
28/07/2014;06:26:00;43;sem vítima;598;BR-324/BA;Leste;Colisão Traseira;;;2;;;;;;;;2;;;;
28/07/2014;13:48:00;201;sem vítima;612;BR-324/BA;Leste;Saida de Pista;;;1;;;;;;;;3;;;;
28/07/2014;05:45:00;36;sem vítima;544;BR-116/BA;Norte;Tombamento;;;1;;;;;;;;2;;;;
28/07/2014;06:20:00;41;com vítima;736;BR-116/BA;Norte;Colisão Lateral;;;1;;;;;;;1;5;4;2;;
28/07/2014;21:54:00;306;sem vítima;761,08;BR-116/BA;Norte;Colisão Lateral;;;;;;1;;;;1;2;;;;
29/07/2014;21:16:00;236;com vítima;439,9;BR-116/BA;Sul;Capotamento;1;;;;;;;;;;0;2;;;
29/07/2014;23:02:00;253;com vítima;519,3;BR-324/BA;Oeste;Queda de Moto;;;;1;;;;;;;0;;1;;
29/07/2014;17:52:00;201;com vítima;523;BR-324/BA;Leste;Colisão Traseira;;;1;1;;;;;;;1;;1;;
29/07/2014;20:03:00;225;com vítima;611;BR-324/BA;Oeste;Atropelamento de Pedestre;1;;;;;;;;;;1;;;1;
29/07/2014;18:06:00;203;sem vítima;612,1;BR-324/BA;Leste;Colisão Traseira;2;;;;;;;;;;2;;;;
29/07/2014;07:31:00;43;com vítima;597;BR-116/BA;Norte;Colisão Traseira;;;1;;;;;;;1;10;3;;;
29/07/2014;08:20:00;68;com vítima;668,2;BR-116/BA;Norte;Colisão Transversal;1;;;;1;;;;;;1;1;;1;
29/07/2014;13:39:00;150;com vítima;704,2;BR-116/BA;Norte;Colisão Lateral;;;1;;;;;;;1;1;1;;;
29/07/2014;17:27:00;198;com vítima;797;BR-116/BA;Sul;Colisão Frontal;1;;1;;;;;;;;1;;1;1;1
30/07/2014;22:00:00;286;com vítima;4,6;BR-116/BA - Cont VC;;Colisão Lateral;1;;1;1;;;;;;;2;2;;;
30/07/2014;18:04:00;240;sem vítima;5,3;BR-116/BA - ContSuFS;;Colisão Frontal;;;2;;;;;;;;2;;;;
30/07/2014;18:06:00;241;sem vítima;15,4;BR-116/BA - Cont VC;;Colisão Traseira;;;2;;;;;;;;3;;;;
30/07/2014;04:58:00;23;com vítima;447;BR-116/BA;Norte;Tombamento;;;1;;;;;;;;0;1;;;
30/07/2014;09:27:00;91;com vítima;534;BR-324/BA;Oeste;Colisão Lateral;;;1;;;1;;;;1;4;2;;;
30/07/2014;06:14:00;35;sem vítima;551;BR-324/BA;Leste;Colisão Traseira;2;;;;;;;;;;9;;;;
30/07/2014;17:13:00;225;com vítima;465,1;BR-116/BA;Sul;Colisão Transversal;1;;;;;;;;;1;2;3;;;
30/07/2014;17:47:00;234;sem vítima;590,2;BR-324/BA;Oeste;Saida de Pista;;;1;;;;;;;;1;;;;
30/07/2014;16:23:00;210;sem vítima;620,2;BR-324/BA;Oeste;Colisão Traseira;2;;;;;;;;;;2;;;;
30/07/2014;11:56:00;136;sem vítima;621;BR-324/BA;Oeste;Objeto lançado contra veículo;;;;;1;;;;;;3;;;;
30/07/2014;07:56:00;61;com vítima;556,9;BR-116/BA;Norte;Engavetamento;2;;;;;;;;;1;7;1;1;;
30/07/2014;13:55:00;177;com vítima;784,5;BR-116/BA;Sul;Colisão Frontal;2;;;;;;;;;1;4;1;;1;
30/07/2014;22:35:00;290;com vítima;804,9;BR-116/BA;Sul;Atropelamento de Pedestre;;;;;;1;;;;;1;;1;;
31/07/2014;05:58:00;34;sem vítima;558,3;BR-324/BA;Oeste;Tombamento;;;1;;;;;;;;1;;;;
31/07/2014;11:28:00;127;sem vítima;592;BR-324/BA;Oeste;Saida de Pista;;;;;;;;;;1;1;;;;
31/07/2014;17:23:00;199;sem vítima;599;BR-324/BA;Leste;Colisão Traseira;1;;1;;;;;;;;2;;;;
31/07/2014;08:19:00;74;sem vítima;611,6;BR-324/BA;Leste;Colisão Traseira;2;;;;;;;;;;2;;;;
31/07/2014;21:30:00;255;sem vítima;615;BR-324/BA;Oeste;Saida de Pista;1;;;;;;;;;;1;;;;
31/07/2014;17:18:00;198;sem vítima;548,5;BR-116/BA;Norte;Saida de Pista;1;;;;;;;;;;1;;;;
31/07/2014;06:29:00;38;com vítima;703,8;BR-116/BA;Norte;Colisão Lateral;1;;1;;;;;;;;2;;1;;
31/07/2014;03:50:00;21;com vítima;912,1;BR-116/BA;Norte;Colisão Transversal;;;;1;;1;;;;;1;;1;;
01/08/2014;19:49:00;286;com vítima;443;BR-116/BA;Sul;Atropelamento - Outros;1;;;1;;;;;;;0;;2;1;
01/08/2014;09:54:00;127;com vítima;448,2;BR-116/BA;Sul;Colisão Lateral;;;2;;;;;;;;2;1;;;
01/08/2014;07:40:00;79;com vítima;558;BR-324/BA;Oeste;Queda de Moto;;;;1;;;;;;;0;1;;;
01/08/2014;23:41:00;338;sem vítima;563,2;BR-324/BA;Leste;Colisão Lateral;1;;;;;1;;;;;2;;;;
01/08/2014;09:08:00;115;com vítima;584;BR-324/BA;Leste;Saida de Pista;1;;;;;;;;;;1;1;1;;
01/08/2014;11:16:00;146;com vítima;584;BR-324/BA;Leste;Saida de Pista;1;;;;;;;;;;0;1;;;
01/08/2014;06:13:00;38;sem vítima;586;BR-324/BA;Leste;Saida de Pista;1;;;;;;;;;;1;;;;
01/08/2014;12:51:00;172;sem vítima;587;BR-324/BA;Leste;Saida de Pista;1;;;;;;;;;;1;;;;
01/08/2014;20:21:00;294;sem vítima;491;BR-116/BA;Norte;Colisão Traseira;;;;;;1;;;;1;2;;;;
01/08/2014;03:57:00;29;sem vítima;590;BR-324/BA;Oeste;Saida de Pista;1;;;;;;;;;;1;;;;
01/08/2014;14:48:00;197;sem vítima;625;BR-324/BA;Oeste;Queda de Moto;;;;1;;;;;;;1;;;;
01/08/2014;16:01:00;218;sem vítima;604;BR-116/BA;Norte;Colisão Lateral;1;;1;;;1;;;;;4;;;;
01/08/2014;09:46:00;125;sem vítima;708,1;BR-116/BA;Sul;Colisão Traseira;1;;1;;;;;;;;2;;;;
01/08/2014;22:31:00;322;sem vítima;714;BR-116/BA;Sul;Saida de Pista;;;1;;;;;;;;1;;;;
01/08/2014;04:17:00;30;com vítima;810,7;BR-116/BA;Sul;Colisão Traseira;2;;;;;;;;;;1;1;;;
01/08/2014;03:03:00;23;sem vítima;816;BR-116/BA;Sul;Saida de Pista;1;;;;;;;;;;1;;;;
01/08/2014;14:59:00;199;com vítima;822,2;BR-116/BA;Sul;Tombamento;;;1;;;;;;;;1;1;;;
01/08/2014;00:09:00;2;sem vítima;913,002;BR-116/BA;Sul;Saida de Pista;1;;;;;;;;;;1;;;;
02/08/2014;08:20:00;65;sem vítima;3,1;BR-116/BA - ContSuFS;;Colisão Traseira;2;;;;;;;;;;2;;;;
02/08/2014;22:02:00;255;com vítima;525;BR-324/BA;Leste;Atropelamento - Ciclista;;;;;;1;;;;;1;;;;1
02/08/2014;05:54:00;29;com vítima;558;BR-324/BA;Leste;Saida de Pista;1;;;;;;;;;;0;1;;;
02/08/2014;08:01:00;57;com vítima;558;BR-324/BA;Oeste;Saida de Pista;1;;;;;1;;;;;2;1;;;
02/08/2014;18:58:00;206;sem vítima;566;BR-324/BA;Oeste;Saida de Pista;;;1;;;;;;;;1;;;;
02/08/2014;08:29:00;68;sem vítima;585,4;BR-324/BA;Leste;Colisão Traseira;1;;1;;;;;;;;2;;;;
02/08/2014;15:59:00;165;com vítima;601,8;BR-324/BA;Oeste;Saida de Pista;1;;;;;;;;;;4;1;1;;
02/08/2014;11:21:00;110;sem vítima;617,8;BR-324/BA;Oeste;Colisão Lateral;2;;;;;;;;;;2;;;;
02/08/2014;20:36:00;236;com vítima;624,5;BR-324/BA;Leste;Choque Contra Objeto Fixo;1;;;;;;;;;;1;1;;;
02/08/2014;23:01:00;266;com vítima;811;BR-116/BA;Norte;Colisão Lateral;;;;1;;1;;;;;1;2;;;
02/08/2014;14:39:00;152;sem vítima;843;BR-116/BA;Norte;Colisão Lateral;1;;3;;;;;;;;6;;;;
02/08/2014;09:29:00;82;sem vítima;891,4;BR-116/BA;Sul;Colisão Traseira;;;2;;;;;;;;2;;;;
03/08/2014;08:43:00;55;com vítima;525,2;BR-324/BA;Leste;Colisão Frontal;;;;2;;;;;;;0;2;;1;
03/08/2014;21:36:00;223;sem vítima;530,2;BR-324/BA;Oeste;Saida de Pista;;;;;;;;;;1;3;;;;
03/08/2014;20:16:00;217;com vítima;584,8;BR-324/BA;Oeste;Atropelamento de Pedestre;;;;;;1;;;;;5;;;;1
03/08/2014;07:05:00;36;sem vítima;587,1;BR-324/BA;Leste;Saida de Pista;1;;;;;;;;;;1;;;;
03/08/2014;21:27:00;221;com vítima;617,2;BR-324/BA;Leste;Queda de Moto;;;;1;;;;;;;0;1;;;
03/08/2014;20:51:00;220;sem vítima;812,5;BR-116/BA;Norte;Atropelamento de Animal;;;1;;;;;;;;1;;;;
03/08/2014;15:37:00;155;sem vítima;830,5;BR-116/BA;Norte;Colisão Traseira;1;;;;;;;;;1;3;;;;
03/08/2014;19:27:00;205;com vítima;859;BR-116/BA;Sul;Colisão Transversal;;;;2;;;;;;;0;1;1;;
03/08/2014;11:02:00;93;com vítima;907;BR-116/BA;Sul;Queda de Moto;;;;1;;1;;;;;1;;;;1
04/08/2014;03:00:00;19;com vítima;13,2;BR-116/BA - Cont VC;;Queda de Moto;;;;1;;;;;;;0;1;;;
04/08/2014;17:28:00;242;sem vítima;16,5;BR-116/BA - Cont VC;;Colisão Transversal;2;;;;;;;;;;2;;;;
04/08/2014;10:53:00;137;sem vítima;534;BR-324/BA;Leste;Colisão Traseira;;;1;;;1;;;;;3;;;;
04/08/2014;08:34:00;93;sem vítima;535;BR-324/BA;Leste;Colisão Traseira;2;;;;;;;;;;2;;;;
04/08/2014;06:38:00;46;sem vítima;540;BR-324/BA;Leste;Saida de Pista;1;;;;;;;;;;1;;;;
04/08/2014;06:28:00;39;sem vítima;551;BR-324/BA;Leste;Colisão Traseira;1;;1;;;;;;;;2;;;;
04/08/2014;17:46:00;248;sem vítima;570;BR-324/BA;Oeste;Saida de Pista;1;;;;;;;;;;1;;;;
04/08/2014;19:22:00;274;com vítima;625;BR-324/BA;Oeste;Colisão Lateral;1;;;1;;;;;;;1;1;;;
05/08/2014;03:36:00;15;sem vítima;429,3;BR-116/BA;Sul;Saida de Pista;;;1;;;;;;;;1;;;;
05/08/2014;17:52:00;212;com vítima;518,3;BR-324/BA;Oeste;Colisão Traseira;1;;1;;;;;;;;1;;1;;
05/08/2014;17:00:00;197;com vítima;542,2;BR-324/BA;Oeste;Colisão Transversal;;;;1;;1;;;;;1;1;;;
05/08/2014;08:03:00;69;sem vítima;566;BR-324/BA;Leste;Tombamento;;;1;;;;;;;;1;;;;
05/08/2014;15:39:00;177;sem vítima;580,7;BR-324/BA;Leste;Saida de Pista;1;;;;;;;;;;2;;;;
05/08/2014;07:01:00;43;com vítima;586,8;BR-324/BA;Leste;Saida de Pista;1;;;;;;;;;;0;1;;;
05/08/2014;19:12:00;222;com vítima;594,9;BR-324/BA;Oeste;Sequência;1;;1;1;;;;;;;4;1;;;
05/08/2014;07:04:00;46;com vítima;612;BR-324/BA;Oeste;Colisão Traseira;1;;;1;;;;;;;1;1;;;
05/08/2014;05:13:00;22;sem vítima;612,2;BR-324/BA;Leste;Engavetamento;;;2;;;1;;;;;5;;;;
05/08/2014;00:46:00;6;sem vítima;613;BR-324/BA;Oeste;Saida de Pista;1;;;;;;;;;;1;;;;
05/08/2014;07:08:00;49;sem vítima;613,3;BR-324/BA;Oeste;Engavetamento;2;;;;;;;;;1;7;;;;
05/08/2014;10:42:00;110;com vítima;622;BR-324/BA;Leste;Queda de Moto;;;;1;;;;;;;1;1;;;
05/08/2014;17:51:00;211;sem vítima;623,8;BR-324/BA;Oeste;Engavetamento;2;;;;;3;;;;;5;;;;
05/08/2014;16:21:00;186;sem vítima;853;BR-116/BA;Sul;Colisão Traseira;;;2;;;;;;;;2;;;;
05/08/2014;16:48:00;194;sem vítima;903;BR-116/BA;Norte;Capotamento;1;;;;;;;;;;4;;;;
05/08/2014;22:45:00;255;com vítima;910,05;BR-116/BA;Norte;Colisão Traseira;;;2;;;;;;;;2;1;;;
06/08/2014;17:50:00;204;sem vítima;0;BR-116/BA - ContSuFS;;Colisão Lateral;1;;1;;;;;;;;5;;;;
06/08/2014;18:02:00;206;com vítima;1,5;BR-116/BA - Cont VC;;Saida de Pista;1;;;;;;;;;;0;3;;;
06/08/2014;21:16:00;250;com vítima;426,2;BR-116/BA;Sul;Queda de Moto;;;;1;;1;;;;;1;;1;;
06/08/2014;18:28:00;215;com vítima;453;BR-116/BA;Sul;Tombamento;;;1;;;;;;;;0;1;;;
06/08/2014;06:05:00;30;com vítima;456;BR-116/BA;Sul;Tombamento;;;1;;;;;;;;0;1;;;
06/08/2014;19:50:00;230;sem vítima;571;BR-324/BA;Oeste;Saida de Pista;;;1;;;;;;;;1;;;;
06/08/2014;18:42:00;217;sem vítima;613;BR-324/BA;Leste;Colisão Lateral;1;;1;;;;;;;;2;;;;
06/08/2014;08:22:00;54;com vítima;619,6;BR-324/BA;Leste;Engavetamento;3;;;1;;;;;;;3;3;;;
06/08/2014;09:20:00;79;com vítima;554;BR-116/BA;Norte;Tombamento;;;1;;;;;;;;0;1;;;
06/08/2014;17:01:00;191;com vítima;677;BR-116/BA;Norte;Colisão Traseira;;;2;;;;;;;;0;2;;;
06/08/2014;23:48:00;266;sem vítima;849,6;BR-116/BA;Norte;Saida de Pista;;;1;;;;;;;;1;;;;
07/08/2014;09:40:00;86;sem vítima;523,2;BR-324/BA;Oeste;Colisão Lateral;1;;1;;;;;;;;2;;;;
07/08/2014;19:32:00;218;com vítima;537;BR-324/BA;Oeste;Atropelamento de Pedestre;;;;;;1;;;;;1;;;;1
07/08/2014;14:12:00;149;sem vítima;547;BR-324/BA;Leste;Tombamento;;;1;;;;;;;;1;;;;
07/08/2014;14:20:00;150;sem vítima;547,1;BR-324/BA;Leste;Engavetamento;3;;;;;;;;;;4;;;;
07/08/2014;07:19:00;35;sem vítima;551;BR-324/BA;Leste;Colisão Traseira;1;;1;;;;;;;;2;;;;
07/08/2014;16:41:00;182;sem vítima;553;BR-324/BA;Oeste;Saida de Pista;;;;;;;;;;1;2;;;;
07/08/2014;17:44:00;194;com vítima;462,2;BR-116/BA;Sul;Atropelamento de Pedestre;;;;;;1;;;;;1;1;;;
07/08/2014;15:38:00;166;com vítima;616,6;BR-324/BA;Oeste;Colisão Traseira;1;;1;;;;;;;;1;1;1;;
07/08/2014;11:05:00;116;sem vítima;619,3;BR-324/BA;Leste;Engavetamento;1;;2;;;;;;;;7;;;;
08/08/2014;19:01:00;244;com vítima;445;BR-116/BA;Norte;Saida de Pista;;;;;;;;;;1;0;2;;;
08/08/2014;08:17:00;73;sem vítima;531;BR-324/BA;Oeste;Choque - Defensa, barreira ou "submarino";1;;;;;;;;;;1;;;;
08/08/2014;20:22:00;264;com vítima;534,3;BR-324/BA;Oeste;Queda de Moto;;;;1;;;;;;;0;2;;;
08/08/2014;07:50:00;67;sem vítima;551;BR-324/BA;Leste;Colisão Traseira;;;2;;;;;;;;2;;;;
08/08/2014;13:00:00;156;sem vítima;559;BR-324/BA;Oeste;Saida de Pista;1;;;;;;;;;;1;;;;
08/08/2014;03:51:00;19;sem vítima;572;BR-324/BA;Oeste;Saida de Pista;1;;;;;;;;;;1;;;;
08/08/2014;17:30:00;228;com vítima;573;BR-324/BA;Oeste;Engavetamento;4;;;;;;;;;;10;1;;;
08/08/2014;23:32:00;291;sem vítima;608;BR-324/BA;Leste;Saida de Pista;1;;;;;;;;;;1;;;;
08/08/2014;08:25:00;75;sem vítima;612,2;BR-324/BA;Oeste;Colisão Traseira;2;;;;;;;;;;2;;;;
08/08/2014;10:41:00;113;sem vítima;574;BR-116/BA;Norte;Colisão Traseira;1;;;;;1;;;;;2;;;;
09/08/2014;02:33:00;24;com vítima;11,1;BR-116/BA - Cont VC;;Saida de Pista;;;;;;;;;;1;0;2;;;
09/08/2014;21:04:00;270;com vítima;426,5;BR-116/BA;Sul;Atropelamento de Pedestre;;;;;;1;;;;;1;;1;;
09/08/2014;18:37:00;246;sem vítima;526;BR-324/BA;Oeste;Colisão Lateral;1;;;;;;;;;;1;;;;
09/08/2014;14:31:00;190;com vítima;532;BR-324/BA;Leste;Sequência;2;;;;;1;;;;;7;1;;;
09/08/2014;09:33:00;114;sem vítima;536,5;BR-324/BA;Leste;Colisão Traseira;1;;1;;;;;;;;5;;;;
09/08/2014;08:37:00;89;sem vítima;541;BR-324/BA;Leste;Capotamento;1;;;;;;;;;;1;;;;
09/08/2014;08:38:00;90;sem vítima;599;BR-324/BA;Oeste;Colisão Traseira;;;;;;;;;;2;14;;;;
09/08/2014;13:31:00;171;com vítima;540,1;BR-116/BA;Norte;Saida de Pista;1;;;;;1;;;;;3;1;;;
09/08/2014;04:09:00;31;com vítima;813,8;BR-116/BA;Sul;Atropelamento de Animal;;;;1;;;;;;;0;1;;;
09/08/2014;21:12:00;274;com vítima;816,2;BR-116/BA;Sul;Colisão Frontal;1;;;1;;;;;;;0;1;;1;1
09/08/2014;20:44:00;266;com vítima;893,5;BR-116/BA;Sul;Saida de Pista;1;;;;;;;;;;1;1;;;
10/08/2014;19:27:00;216;sem vítima;2;BR-116/BA - Cont VC;;Atropelamento de Animal;1;;;;;;;;;;1;;;;
10/08/2014;06:50:00;40;com vítima;8,3;BR-116/BA - Cont VC;;Colisão Traseira;;;;1;;1;;;;;1;1;;1;
10/08/2014;17:00:00;177;sem vítima;537;BR-324/BA;Leste;Colisão Traseira;2;;;;;;;;;;4;;;;
10/08/2014;19:01:00;212;sem vítima;594;BR-324/BA;Leste;Engavetamento;2;;;;;1;;;;;7;;;;
10/08/2014;20:05:00;226;sem vítima;607;BR-324/BA;Oeste;Saida de Pista;1;;;;;;;;;;1;;;;
10/08/2014;15:28:00;150;com vítima;643,8;BR-116/BA;Norte;Colisão Lateral;2;;3;;;;;;;;5;;1;1;1
11/08/2014;20:00:00;264;com vítima;11,2;BR-116/BA - Cont VC;;Saida de Pista;1;;;;;;;;;;0;1;;;
11/08/2014;11:39:00;147;com vítima;426,2;BR-116/BA;Sul;Colisão Frontal;;;;;1;;;;;1;26;;;1;
11/08/2014;16:16:00;208;sem vítima;530,1;BR-324/BA;Oeste;Colisão Traseira;;;2;;;;;;;;3;;;;
11/08/2014;18:34:00;241;sem vítima;540,3;BR-324/BA;Leste;Sequência;2;;;;;;;;;1;4;;;;
11/08/2014;07:06:00;57;sem vítima;599,05;BR-324/BA;Leste;Colisão Lateral;1;;1;;;;;;;;3;;;;
11/08/2014;14:15:00;181;sem vítima;624,8;BR-324/BA;Oeste;Colisão Lateral;1;;1;;;;;;;;3;;;;
11/08/2014;09:05:00;98;sem vítima;677,8;BR-116/BA;Norte;Colisão Traseira;;;2;;;;;;;;2;;;;
11/08/2014;10:43:00;133;sem vítima;694,6;BR-116/BA;Norte;Colisão Traseira;;;2;;;;;;;;2;;;;
11/08/2014;07:03:00;56;com vítima;762,5;BR-116/BA;Norte;Colisão Traseira;;;1;;1;;;;;;8;2;1;;
11/08/2014;09:54:00;115;com vítima;834;BR-116/BA;Norte;Colisão Traseira;1;;1;;;;;;;;4;2;;;
12/08/2014;17:47:00;239;sem vítima;9;BA-526;Sul;Colisão Traseira;2;;;;;;;;;;2;;;;
12/08/2014;16:01:00;211;sem vítima;560;BR-324/BA;Oeste;Colisão Traseira;;;3;;;;;;;;3;;;;