data;horario;n_da_ocorrencia;tipo_de_ocorrencia;km;trecho;sentido;tipo_de_acidente;automovel;bicicleta;caminhao;moto;onibus;outros;tracao_animal;transporte_de_cargas_especiais;trator_maquinas;utilitarios;ilesos;levemente_feridos;moderadamente_feridos;gravemente_feridos;mortos
17/09/2014;11:25:00;137;sem vítima;612;BR-324/BA;Leste;Colisão Lateral;1;;1;;;;;;;;5;;;;
17/09/2014;10:34:00;120;sem vítima;612,8;BR-324/BA;Leste;Choque - Veiculo parado na pista;;;2;;;;;;;;4;;;;
17/09/2014;19:49:00;252;sem vítima;614,1;BR-324/BA;Leste;Colisão Traseira;1;;1;;;;;;;;2;;;;
17/09/2014;07:22:00;55;com vítima;614,8;BR-324/BA;Oeste;Atropelamento - Ciclista;1;1;;;;;;;;;1;;1;;
17/09/2014;04:01:00;21;com vítima;615,5;BR-324/BA;Leste;Colisão Lateral;1;;1;;;;;;;;1;;;1;
17/09/2014;17:12:00;208;com vítima;591;BR-116/BA;Norte;Colisão Frontal;;;2;;;;;;;;1;;;1;
17/09/2014;03:25:00;20;sem vítima;910,5;BR-116/BA;Sul;Colisão Traseira;;;2;;;;;;;;3;;;;
18/09/2014;06:21:00;38;com vítima;4,1;BR-116/BA - ContSuFS;;Colisão Traseira;1;;;1;;;;;;;1;1;;;
18/09/2014;06:57:00;45;sem vítima;426,6;BR-116/BA;Norte;Colisão Transversal;2;;;;;;;;;;2;;;;
18/09/2014;18:34:00;221;sem vítima;446,3;BR-116/BA;Sul;Colisão Traseira;;;2;;;;;;;;2;;;;
18/09/2014;13:48:00;156;com vítima;542,3;BR-324/BA;Leste;Colisão Lateral;1;;1;;;;;;;;2;2;;;
18/09/2014;08:00:00;58;sem vítima;623;BR-324/BA;Leste;Colisão Traseira;2;;;;;;;;;;4;;;;
18/09/2014;08:37:00;69;com vítima;624,3;BR-324/BA;Leste;Queda de Moto;;;;1;;;;;;;1;1;;;
18/09/2014;07:27:00;49;sem vítima;625,7;BR-324/BA;Leste;Engavetamento;2;;1;;;;;;;1;5;;;;
18/09/2014;15:48:00;183;sem vítima;627,2;BR-116/BA;Norte;Choque - Talude;;;;;;;;;;1;2;;;;
18/09/2014;19:56:00;236;com vítima;652,4;BR-116/BA;Sul;Colisão Lateral;1;;;1;;;;;;;1;;2;;
18/09/2014;10:37:00;108;sem vítima;693,1;BR-116/BA;Norte;Colisão Traseira;;;2;;;;;;;;2;;;;
18/09/2014;23:35:00;268;sem vítima;776,1;BR-116/BA;Sul;Colisão Lateral;;;;;;1;;;;1;3;;;;
18/09/2014;13:50:00;157;com vítima;885,6;BR-116/BA;Norte;Saida de Pista;;;1;;;;;;;;0;1;;;
19/09/2014;18:58:00;263;com vítima;523;BR-324/BA;Oeste;Queda de Moto;;;;1;;;;;;;0;1;;;
19/09/2014;16:58:00;206;com vítima;448,1;BR-116/BA;Norte;Queda de Moto;;;;1;;;;;;;1;;1;;
19/09/2014;13:20:00;158;com vítima;461;BR-116/BA;Sul;Queda de Moto;;;;1;;;;;;;0;1;;;
19/09/2014;07:33:00;55;sem vítima;560;BR-324/BA;Leste;Saida de Pista;1;;;;;1;;;;;4;;;;
19/09/2014;19:22:00;276;sem vítima;561;BR-324/BA;Oeste;Colisão Traseira;;;1;;1;;;;;;2;;;;
19/09/2014;19:57:00;285;com vítima;462,8;BR-116/BA;Norte;Colisão Lateral;1;;;1;;;;;;;1;1;;1;
19/09/2014;07:08:00;46;sem vítima;599;BR-324/BA;Oeste;Choque - Veiculo parado na pista;1;;1;;;;;;;;2;;;;
19/09/2014;12:35:00;151;sem vítima;614,2;BR-324/BA;Leste;Colisão Lateral;1;;1;;;;;;;;2;;;;
19/09/2014;15:13:00;182;sem vítima;555;BR-116/BA;Sul;Colisão Traseira;;;2;;;;;;;;2;;;;
19/09/2014;09:06:00;88;sem vítima;707,4;BR-116/BA;Sul;Colisão Lateral;1;;1;;;;;;;;5;;;;
19/09/2014;10:12:00;112;sem vítima;838;BR-116/BA;Norte;Colisão Lateral;;;2;;;;;;;;3;;;;
20/09/2014;00:09:00;3;sem vítima;11,5;BR-116/BA - Cont VC;;Colisão Lateral;1;;;1;;;;;;;3;;;;
20/09/2014;18:51:00;238;com vítima;442,2;BR-116/BA;Norte;Capotamento;1;;;;;;;;;;0;1;;;
20/09/2014;13:59:00;163;com vítima;545,1;BR-324/BA;Oeste;Saida de Pista;1;;1;;;;;;;;1;;1;;
20/09/2014;06:52:00;44;com vítima;468,2;BR-116/BA;Norte;Saida de Pista;1;;;;;;;;;;0;1;;;
20/09/2014;08:10:00;70;sem vítima;572,8;BR-324/BA;Oeste;Saida de Pista;1;;;;;;;;;;1;;;;
20/09/2014;09:39:00;98;sem vítima;586,9;BR-324/BA;Leste;Saida de Pista;1;;;;;;;;;;1;;;;
20/09/2014;02:07:00;16;com vítima;616;BR-324/BA;Oeste;Atropelamento de Pedestre;1;;;;;;;;;;1;;;;1
20/09/2014;14:37:00;172;sem vítima;616,2;BR-324/BA;Oeste;Colisão Traseira;1;;;;;1;;;;;2;;;;
20/09/2014;21:48:00;264;com vítima;608,3;BR-116/BA;Norte;Colisão Frontal;1;;2;;;;;;;;1;1;;;1
20/09/2014;09:05:00;87;sem vítima;795,5;BR-116/BA;Norte;Colisão Lateral;;;2;;;;;;;;3;;;;
20/09/2014;13:00:00;148;com vítima;925;BR-116/BA;Sul;Colisão Lateral;;;2;;;;;;;;1;1;;;
21/09/2014;19:44:00;257;sem vítima;2;BR-116/BA - ContSuFS;;Saida de Pista;1;;;;;1;;;;;3;;;;
21/09/2014;10:51:00;114;com vítima;7,05;BR-116/BA - ContSuFS;;Colisão Frontal;1;;;1;;1;;;;;2;;1;1;
21/09/2014;16:14:00;193;com vítima;17;BR-116/BA - Cont VC;;Colisão Lateral;;;;1;;1;;;;;1;1;;;
21/09/2014;15:02:00;175;com vítima;430,5;BR-116/BA;Sul;Colisão Frontal;;;2;;;;;;;;2;;;;1
21/09/2014;23:08:00;285;com vítima;444;BR-116/BA;Sul;Colisão Traseira;;;;1;;;;;;1;0;1;;1;
21/09/2014;11:55:00;129;com vítima;579;BR-324/BA;Oeste;Queda de Moto;;;;1;;;;;;;0;2;;;
21/09/2014;05:18:00;24;sem vítima;613;BR-324/BA;Oeste;Saida de Pista;1;;;;;;;;;;1;;;;
21/09/2014;15:41:00;184;sem vítima;616,2;BR-324/BA;Oeste;Engavetamento;2;;;;;;;;;1;7;;;;
21/09/2014;10:59:00;115;com vítima;622,8;BR-324/BA;Oeste;Colisão Lateral;;;;1;;1;;;;;1;1;;;
21/09/2014;18:04:00;219;sem vítima;623,2;BR-324/BA;Oeste;Choque - Defensa, barreira ou "submarino";1;;;1;;;;;;;2;;;;
21/09/2014;20:07:00;262;sem vítima;626;BR-324/BA;Oeste;Saida de Pista;1;;;;;;;;;;1;;;;
21/09/2014;03:11:00;16;com vítima;539,5;BR-116/BA;Sul;Capotamento;1;;;;;;;;;;2;;1;;
21/09/2014;18:16:00;228;com vítima;602;BR-116/BA;Sul;Saida de Pista;1;;;;;;;;;;3;2;;;
21/09/2014;22:14:00;274;com vítima;655;BR-116/BA;Sul;Queda de Moto;;;;1;;;;;;;0;;1;;
21/09/2014;18:22:00;231;com vítima;807,3;BR-116/BA;Norte;Colisão Frontal;1;;1;;;1;;;;;2;;;;1
21/09/2014;12:37:00;145;com vítima;828,5;BR-116/BA;Sul;Queda de Moto;;;;1;;;;;;;1;1;;;
21/09/2014;17:50:00;215;sem vítima;880;BR-116/BA;Norte;Saida de Pista;1;;;;;;;;;;1;;;;
22/09/2014;19:28:00;296;sem vítima;6,8;BR-116/BA - Cont VC;;Colisão Lateral;1;;;;;;;;;1;2;;;;
22/09/2014;05:47:00;41;sem vítima;534;BR-324/BA;Leste;Saida de Pista;;;1;;;1;;;;;2;;;;
22/09/2014;12:25:00;186;com vítima;548;BR-324/BA;Leste;Saida de Pista;1;;;;;;;;;;0;;1;;
22/09/2014;06:45:00;59;com vítima;803,55;BR-116/BA;Sul;Colisão Traseira;;;1;;1;;;;;;11;1;;;
22/09/2014;18:06:00;286;com vítima;882,7;BR-116/BA;Sul;Saida de Pista;;;1;;;1;;;;;1;1;;;
23/09/2014;11:04:00;115;com vítima;6,1;BR-116/BA - ContSuFS;;Colisão Transversal;;;1;1;;;;;;;1;1;;;
23/09/2014;07:52:00;59;sem vítima;8;BA-526;Norte;Colisão Traseira;1;;;;;1;;;;;2;;;;
23/09/2014;06:47:00;41;sem vítima;441,9;BR-116/BA;Sul;Saida de Pista;1;;;;;;;;;;1;;;;
23/09/2014;13:17:00;152;sem vítima;442;BR-116/BA;Norte;Saida de Pista;1;;;;;;;;;;1;;;;
23/09/2014;22:37:00;258;com vítima;563,4;BR-324/BA;Leste;Capotamento;;;;;;;;;;1;4;2;;;
23/09/2014;04:50:00;16;sem vítima;572,3;BR-324/BA;Oeste;Saida de Pista;;;;;;;;;;1;1;;;;
23/09/2014;05:07:00;20;com vítima;586,95;BR-324/BA;Leste;Capotamento;1;;;;;;;;;;0;2;2;;
23/09/2014;21:55:00;248;sem vítima;604;BR-324/BA;Oeste;Saida de Pista;1;;;;;;;;;;1;;;;
23/09/2014;12:09:00;140;sem vítima;615,8;BR-324/BA;Leste;Colisão Lateral;;;1;;;;;;;1;2;;;;
23/09/2014;05:57:00;29;sem vítima;620;BR-324/BA;Oeste;Colisão Traseira;1;;;;1;;;;;;3;;;;
23/09/2014;06:23:00;33;com vítima;622,3;BR-324/BA;Leste;Saida de Pista;1;;;;;1;;;;;1;1;;;
23/09/2014;04:59:00;18;sem vítima;624,1;BR-324/BA;Oeste;Saida de Pista;1;;;;;;;;;;1;;;;
23/09/2014;06:31:00;35;sem vítima;625;BR-324/BA;Oeste;Saida de Pista;1;;;;;;;;;;1;;;;
23/09/2014;07:39:00;52;com vítima;777,3;BR-116/BA;Sul;Atropelamento - Ciclista;;1;;;;;;;;1;1;1;;;
23/09/2014;13:56:00;162;com vítima;808;BR-116/BA;Norte;Colisão Transversal;1;;;1;;;;;;;6;;;;2
24/09/2014;07:17:00;62;com vítima;0;BR-116/BA - ContSuFS;;Colisão Traseira;;;;1;;;;;;1;3;1;;;
24/09/2014;00:48:00;7;sem vítima;564;BR-324/BA;Oeste;Saida de Pista;;;1;;;;;;;;1;;;;
24/09/2014;15:59:00;196;sem vítima;594,5;BR-324/BA;Leste;Saida de Pista;1;;;;;1;;;;;3;;;;
24/09/2014;21:49:00;275;com vítima;620,1;BR-324/BA;Oeste;Atropelamento de Pedestre;;;;1;;;;;;;0;1;2;;
24/09/2014;06:14:00;43;com vítima;569,1;BR-116/BA;Norte;Atropelamento de Pedestre;;;;;;1;;;;;1;;;;1
24/09/2014;09:32:00;97;sem vítima;780;BR-116/BA;Norte;Saida de Pista;1;;;;;;;;;;2;;;;
25/09/2014;17:52:00;215;com vítima;573;BR-324/BA;Oeste;Capotamento;1;;;;;;;;;;0;4;;;
25/09/2014;10:23:00;109;sem vítima;599;BR-324/BA;Oeste;Colisão Traseira;;;2;;;;;;;;2;;;;
25/09/2014;06:42:00;39;sem vítima;622,7;BR-324/BA;Leste;Colisão Lateral;;;;1;;1;;;;;2;;;;
25/09/2014;08:54:00;83;com vítima;624,4;BR-324/BA;Leste;Colisão Lateral;;;;2;;;;;;;1;1;;;
25/09/2014;04:40:00;19;com vítima;553,3;BR-116/BA;Norte;Colisão Traseira;1;;1;;;;;;;;1;3;;;
25/09/2014;08:31:00;70;sem vítima;589;BR-116/BA;Norte;Capotamento;1;;;;;;;;;;1;;;;
25/09/2014;08:44:00;77;com vítima;736;BR-116/BA;Norte;Tombamento;;;1;;;;;;;;0;1;;;
25/09/2014;16:23:00;192;sem vítima;798,5;BR-116/BA;Norte;Saida de Pista;1;;;;;1;;;;;2;;;;
25/09/2014;11:18:00;128;sem vítima;828,1;BR-116/BA;Norte;Tombamento;;;2;;;;;;;;2;;;;
25/09/2014;06:39:00;38;sem vítima;882,3;BR-116/BA;Norte;Choque - Outros;;;;;1;1;;;;;14;;;;
26/09/2014;15:58:00;210;sem vítima;526;BR-324/BA;Leste;Colisão Lateral;;;;;;;;;;2;4;;;;
26/09/2014;09:15:00;104;sem vítima;560;BR-324/BA;Oeste;Saida de Pista;1;;;;;;;;;;1;;;;
26/09/2014;18:42:00;255;sem vítima;562,2;BR-324/BA;Oeste;Saida de Pista;1;;;;;;;;;;1;;;;
26/09/2014;14:37:00;180;sem vítima;568;BR-324/BA;Oeste;Saida de Pista;1;;;;;;;;;;1;;;;
26/09/2014;13:58:00;168;com vítima;572;BR-324/BA;Oeste;Saida de Pista;;;1;;;;;;;;1;1;;;
26/09/2014;14:25:00;203;sem vítima;572;BR-324/BA;Leste;Colisão Traseira;;;;;;1;;;;1;3;;;;
26/09/2014;17:03:00;230;sem vítima;577,1;BR-324/BA;Oeste;Colisão Traseira;1;;1;;;;;;;;5;;;;
26/09/2014;13:04:00;162;com vítima;591;BR-324/BA;Oeste;Saida de Pista;1;;;;;;;;;;0;1;1;;
26/09/2014;12:24:00;154;sem vítima;613;BR-324/BA;Leste;Colisão Lateral;1;;1;;;;;;;;6;;;;
26/09/2014;11:23:00;144;sem vítima;613,2;BR-324/BA;Leste;Colisão Traseira;;;1;;;;;;;1;4;;;;
26/09/2014;07:15:00;60;sem vítima;617,35;BR-324/BA;Oeste;Colisão Lateral;1;;1;;;;;;;;2;;;;
26/09/2014;18:46:00;259;sem vítima;558,6;BR-116/BA;Sul;Colisão Traseira;;;2;;;;;;;;2;;;;
26/09/2014;09:07:00;102;sem vítima;639;BR-116/BA;Norte;Engavetamento;1;;2;;;;;;;;5;;;;
26/09/2014;17:30:00;231;com vítima;647,2;BR-116/BA;Sul;Engavetamento;;;2;;;1;;;;;9;1;;;
26/09/2014;13:58:00;169;sem vítima;655;BR-116/BA;Sul;Saida de Pista;1;;;;;;;;;;5;;;;
26/09/2014;18:17:00;250;com vítima;829,1;BR-116/BA;Norte;Atropelamento de Pedestre;1;;;;;;;;;;3;;;;1
26/09/2014;06:11:00;45;com vítima;907,15;BR-116/BA;Sul;Queda de Moto;;;;1;;;;;;;0;1;;;
27/09/2014;11:54:00;118;sem vítima;0;BR-116/BA - ContSuFS;;Colisão Lateral;1;;1;;;;;;;;2;;;;
27/09/2014;08:39:00;65;sem vítima;435;BR-116/BA;Norte;Atropelamento de Animal;;;1;;;;;;;;1;;;;
27/09/2014;23:03:00;259;com vítima;538,5;BR-324/BA;Oeste;Colisão Lateral;1;;;1;;;;;;;4;1;;;
27/09/2014;11:00:00;98;sem vítima;560;BR-324/BA;Oeste;Colisão Lateral;;;2;;;;;;;;2;;;;
27/09/2014;11:53:00;117;sem vítima;560,8;BR-324/BA;Leste;Saida de Pista;1;;;;;;;;;;1;;;;
27/09/2014;02:21:00;14;sem vítima;588,1;BR-324/BA;Leste;Tombamento;;;1;;;;;;;;1;;;;
27/09/2014;14:33:00;142;com vítima;610;BR-324/BA;Leste;Saida de Pista;;;1;;;;;;;;1;1;;;
27/09/2014;19:08:00;207;com vítima;610;BR-324/BA;Oeste;Colisão Lateral;2;;;;;;;;;;2;1;;;
27/09/2014;11:08:00;102;sem vítima;613;BR-324/BA;Oeste;Colisão Traseira;1;;;;;;;;;1;2;;;;
27/09/2014;10:02:00;86;sem vítima;613,4;BR-324/BA;Oeste;Colisão Lateral;2;;;;;;;;;;2;;;;
27/09/2014;11:21:00;105;sem vítima;614,6;BR-324/BA;Leste;Colisão Traseira;2;;;;;;;;;;2;;;;
27/09/2014;11:42:00;112;com vítima;664,5;BR-116/BA;Norte;Colisão Traseira;;;2;;;;;;;;0;;2;;
27/09/2014;12:04:00;120;sem vítima;777;BR-116/BA;Norte;Colisão Transversal;2;;;;;;;;;;2;;;;
27/09/2014;21:55:00;246;com vítima;797;BR-116/BA;Sul;Colisão Traseira;1;;;;;1;;;;;1;2;;;
27/09/2014;20:57:00;236;com vítima;827,2;BR-116/BA;Sul;Colisão Transversal;1;1;;;;;;;;;0;2;;;
27/09/2014;09:16:00;75;sem vítima;910;BR-116/BA;Norte;Colisão Traseira;;;2;;;;;;;;2;;;;
28/09/2014;18:33:00;212;sem vítima;3,4;BA-526;Norte;Saida de Pista;1;;;;;;;;;;2;;;;
28/09/2014;04:17:00;35;com vítima;428;BR-116/BA;Norte;Saida de Pista;;;1;;;;;;;;0;1;;;
28/09/2014;23:57:00;271;com vítima;526,3;BR-324/BA;Leste;Queda de Moto;;;;1;;1;;;;;1;;1;;
28/09/2014;21:23:00;247;sem vítima;621,2;BR-324/BA;Leste;Saida de Pista;1;;;;;1;;;;;2;;;;
28/09/2014;16:13:00;176;com vítima;660,3;BR-116/BA;Norte;Atropelamento de Pedestre;;;;;;1;;;;;1;;;1;
28/09/2014;18:03:00;204;com vítima;670,3;BR-116/BA;Norte;Saida de Pista;;;1;;;;;;;;0;;;1;
29/09/2014;18:24:00;267;sem vítima;2;BR-116/BA - ContSuFS;;Colisão Traseira;1;;1;;;;;;;;8;;;;
29/09/2014;17:20:00;256;sem vítima;5;BR-116/BA - ContSuFS;;Queda de Moto;1;;;1;;;;;;;3;;;;
29/09/2014;12:30:00;172;sem vítima;537,2;BR-324/BA;Oeste;Saida de Pista;1;;;;;;;;;;1;;;;
29/09/2014;09:16:00;106;sem vítima;541;BR-324/BA;Oeste;Choque - Veiculo parado no acostamento;;;1;;;;;;;1;2;;;;
29/09/2014;05:08:00;49;sem vítima;454,3;BR-116/BA;Norte;Saida de Pista;;;;;;1;;;;1;3;;;;
29/09/2014;09:45:00;116;sem vítima;461;BR-116/BA;Norte;Colisão Traseira;;;2;;;1;;;;;3;;;;
29/09/2014;02:24:00;23;com vítima;575,8;BR-324/BA;Oeste;Atropelamento de Animal;;;;1;;;;;;;0;1;;;
29/09/2014;02:25:00;40;sem vítima;575,8;BR-324/BA;Oeste;Choque - Objeto sobre a pista;;;1;;;;;;;;1;;;;
29/09/2014;06:51:00;69;sem vítima;613,5;BR-324/BA;Leste;Colisão Traseira;1;;;;;1;;;;;2;;;;
29/09/2014;07:45:00;78;sem vítima;615;BR-324/BA;Leste;Colisão Lateral;;;;;;1;;;;1;2;;;;
29/09/2014;15:17:00;222;sem vítima;616,9;BR-324/BA;Leste;Colisão Traseira;1;;1;;;;;;;;2;;;;
29/09/2014;01:53:00;18;com vítima;622,1;BR-324/BA;Oeste;Queda de Moto;;;;1;;1;;;;;1;;2;;
29/09/2014;06:15:00;58;sem vítima;547;BR-116/BA;Norte;Engavetamento;2;;1;;;;;;;;3;;;;
29/09/2014;09:54:00;120;sem vítima;582;BR-116/BA;Norte;Colisão Traseira;;;2;;;;;;;;2;;;;
29/09/2014;19:29:00;280;sem vítima;603,3;BR-116/BA;Norte;Colisão Traseira;;;2;;;;;;;;2;;;;
29/09/2014;13:51:00;197;com vítima;633,6;BR-116/BA;Sul;Colisão Lateral;;;1;1;;;;;;;1;2;;;
29/09/2014;12:38:00;174;sem vítima;828,5;BR-116/BA;Sul;Colisão Lateral;;;;1;1;;;;;;3;;;;
30/09/2014;17:09:00;222;sem vítima;523,3;BR-324/BA;Oeste;Colisão Lateral;1;;;1;;;;;;;3;;;;
30/09/2014;02:03:00;12;com vítima;573;BR-324/BA;Oeste;Saida de Pista;1;;;;;;;;;;1;3;;;
30/09/2014;16:54:00;218;sem vítima;580;BR-324/BA;Oeste;Colisão Lateral;;;1;;;;;;;1;3;;;;
30/09/2014;15:56:00;198;sem vítima;607;BR-324/BA;Leste;Colisão Lateral;;;1;;;1;;;;;2;;;;
30/09/2014;17:15:00;225;sem vítima;521,3;BR-116/BA;Norte;Engavetamento;;;1;1;1;;;;;;10;;;;
30/09/2014;12:38:00;153;sem vítima;647,7;BR-116/BA;Sul;Colisão Traseira;;;2;;;;;;;;2;;;;
30/09/2014;17:44:00;235;sem vítima;742,5;BR-116/BA;Norte;Tombamento;;;1;;;1;;;;;2;;;;
01/10/2014;07:09:00;37;com vítima;17,3;BR-116/BA - Cont VC;;Colisão Traseira;;;1;;;;;;;1;1;;1;;
01/10/2014;13:27:00;135;com vítima;574;BR-324/BA;Leste;Saida de Pista;1;;;;;;;;;;0;2;;;
01/10/2014;07:56:00;52;sem vítima;619,1;BR-324/BA;Leste;Colisão Traseira;2;;;;;;;;;;3;;;;
01/10/2014;15:40:00;167;com vítima;619,4;BR-324/BA;Oeste;Colisão Lateral;;;;1;;;;;;1;2;1;;;
01/10/2014;09:02:00;70;sem vítima;642,8;BR-116/BA;Sul;Colisão Lateral;2;;3;;1;;;;;;44;;;;
01/10/2014;14:51:00;155;com vítima;654,3;BR-116/BA;Norte;Tombamento;;;1;;;;;;;;0;;;;1
01/10/2014;13:50:00;143;com vítima;840,3;BR-116/BA;Norte;Colisão Frontal;2;;;;;;;;;;2;1;;;
02/10/2014;16:10:00;170;sem vítima;523,1;BR-324/BA;Leste;Tombamento;;;1;;;;;;;;1;;;;
02/10/2014;13:12:00;139;sem vítima;537;BR-324/BA;Leste;Choque Contra Objeto Fixo;1;;;;;1;;;;;3;;;;
02/10/2014;12:40:00;130;sem vítima;566;BR-324/BA;Leste;Saida de Pista;;;1;;;;;;;;1;;;;
02/10/2014;05:52:00;24;com vítima;580,1;BR-324/BA;Leste;Saida de Pista;;;1;;;;;;;;0;;1;;
02/10/2014;07:30:00;44;sem vítima;553,8;BR-116/BA;Norte;Colisão Traseira;1;;1;;;;;;;;2;;;;
02/10/2014;17:09:00;179;com vítima;756,7;BR-116/BA;Norte;Atropelamento - Ciclista;;1;;1;;;;;;;0;2;;;
02/10/2014;18:48:00;199;com vítima;857,5;BR-116/BA;Sul;Colisão Transversal;2;;;;;;;;;;2;2;;;
02/10/2014;12:55:00;133;sem vítima;873,3;BR-116/BA;Norte;Colisão Traseira;;;1;;1;;;;;;26;;;;
02/10/2014;14:39:00;152;sem vítima;909,4;BR-116/BA;Norte;Colisão Lateral;1;;1;;;;;;;;2;;;;
03/10/2014;13:18:00;147;com vítima;0;BR-116/BA - ContSuFS;;Queda de Moto;;;;1;;;;;;;0;1;1;;
03/10/2014;19:47:00;241;com vítima;4;BR-116/BA - ContSuFS;;Queda de Moto;;;;1;;;;;;;0;1;;;
03/10/2014;21:43:00;260;com vítima;4;BR-116/BA - ContSuFS;;Queda de Moto;;;;1;;;;;;;0;1;;;
03/10/2014;14:30:00;161;sem vítima;442;BR-116/BA;Norte;Saida de Pista;1;;;;;;;;;;1;;;;
03/10/2014;04:53:00;16;sem vítima;537;BR-324/BA;Oeste;Saida de Pista;1;;;;;1;;;;;3;;;;
03/10/2014;18:31:00;223;sem vítima;543;BR-324/BA;Leste;Colisão Lateral;1;;;;;;;;;1;2;;;;
03/10/2014;08:53:00;66;sem vítima;547,9;BR-324/BA;Oeste;Colisão Traseira;;;2;;;;;;;;2;;;;
03/10/2014;16:15:00;183;sem vítima;557;BR-324/BA;Oeste;Engavetamento;3;;1;;;;;;;;10;;;;
03/10/2014;09:50:00;79;sem vítima;559;BR-324/BA;Leste;Saida de Pista;1;;;;;;;;;;5;;;;
03/10/2014;16:20:00;188;sem vítima;559;BR-324/BA;Oeste;Colisão Traseira;1;;;;;1;;;;;2;;;;
03/10/2014;12:00:00;125;com vítima;561;BR-324/BA;Oeste;Choque - Veiculo parado no acostamento;;;1;1;;;;;;;2;;;;1
03/10/2014;13:05:00;142;com vítima;561,8;BR-324/BA;Oeste;Saida de Pista;;;1;;;;;;;;0;1;;;
03/10/2014;15:08:00;166;sem vítima;562;BR-324/BA;Oeste;Colisão Traseira;1;;;;;1;;;;1;9;;;;
03/10/2014;15:46:00;177;sem vítima;562;BR-324/BA;Oeste;Engavetamento;1;;;;1;;;;;1;3;;;;
03/10/2014;07:58:00;53;sem vítima;563;BR-324/BA;Oeste;Saida de Pista;1;;;;;;;;;;2;;;;
03/10/2014;17:15:00;210;sem vítima;565;BR-324/BA;Oeste;Colisão Traseira;;;2;;;;;;;;2;;;;
03/10/2014;20:39:00;253;sem vítima;571;BR-324/BA;Oeste;Saida de Pista;;;1;1;;;;;;;2;;;;
03/10/2014;20:19:00;247;sem vítima;589;BR-324/BA;Oeste;Saida de Pista;1;;;;;;;;;;1;;;;
03/10/2014;10:55:00;106;com vítima;644;BR-116/BA;Sul;Engavetamento;1;;6;;;;;;;;6;;1;;
03/10/2014;07:58:00;52;com vítima;650,3;BR-116/BA;Sul;Queda de Moto;;;;1;;;;;;;0;;1;;
03/10/2014;08:22:00;61;sem vítima;651,7;BR-116/BA;Norte;Colisão Traseira;;;1;;1;;;;;;17;;;;
03/10/2014;17:22:00;213;com vítima;673,5;BR-116/BA;Norte;Colisão Lateral;;;;2;;;;;;;1;;2;;
03/10/2014;07:07:00;37;com vítima;791;BR-116/BA;Sul;Colisão Frontal;1;;1;;;;;;;;1;;1;;2
03/10/2014;19:32:00;239;com vítima;833,1;BR-116/BA;Sul;Colisão Traseira;1;;;1;;;;;;;1;2;;;
04/10/2014;18:09:00;205;com vítima;5,1;BR-116/BA - ContSuFS;;Queda de Moto;;;;1;;;;;;;0;;1;;
04/10/2014;20:16:00;240;sem vítima;10,1;BR-116/BA - Cont VC;;Colisão Traseira;2;;;;;;;;;;2;;;;
04/10/2014;22:59:00;275;sem vítima;23,3;BR-116/BA - Cont VC;;Colisão Traseira;1;;;;;1;;;;;2;;;;
04/10/2014;20:21:00;242;com vítima;426,2;BR-116/BA;Norte;Colisão Frontal;1;;;1;;;;;;;1;1;;;
04/10/2014;00:32:00;5;sem vítima;439,8;BR-116/BA;Sul;Capotamento;1;;;;;;;;;;3;;;;
04/10/2014;11:18:00;105;sem vítima;439,8;BR-116/BA;Sul;Saida de Pista;1;;;;;;;;;;4;;;;
04/10/2014;05:37:00;31;com vítima;530,8;BR-324/BA;Leste;Choque Contra Objeto Fixo;1;;;;;;;;;;0;2;;;
04/10/2014;14:19:00;147;sem vítima;543;BR-324/BA;Oeste;Saida de Pista;1;;;;;;;;;;1;;;;
04/10/2014;16:09:00;175;com vítima;543,2;BR-324/BA;Leste;Colisão Lateral;1;;;1;;;;;;;6;1;;;
04/10/2014;08:09:00;57;com vítima;461,1;BR-116/BA;Norte;Saida de Pista;;;;;;;;;;1;1;1;;;
04/10/2014;11:26:00;109;com vítima;563,1;BR-324/BA;Oeste;Saida de Pista;;;1;;;;;;;;3;;;;1
04/10/2014;10:10:00;90;sem vítima;566;BR-324/BA;Oeste;Colisão Lateral;1;;2;;;;;;;;6;;;;
04/10/2014;08:16:00;63;sem vítima;569;BR-324/BA;Oeste;Colisão Traseira;2;;;;;;;;;;7;;;;
04/10/2014;07:45:00;51;sem vítima;574,2;BR-324/BA;Oeste;Colisão Traseira;1;;1;;;;;;;;3;;;;
04/10/2014;16:36:00;182;sem vítima;577,1;BR-324/BA;Oeste;Colisão Traseira;2;;;;;;;;;;2;;;;
04/10/2014;01:34:00;11;sem vítima;590,8;BR-324/BA;Oeste;Saida de Pista;1;;;;;;;;;;1;;;;
04/10/2014;12:06:00;120;sem vítima;612;BR-324/BA;Oeste;Colisão Traseira;2;;;;;;;;;;4;;;;
04/10/2014;19:30:00;229;sem vítima;545,8;BR-116/BA;Norte;Colisão Traseira;2;;;;;;;;;;6;;;;
04/10/2014;22:51:00;273;sem vítima;556,1;BR-116/BA;Norte;Engavetamento;;;3;;;;;;;;3;;;;
04/10/2014;01:08:00;8;com vítima;596,5;BR-116/BA;Sul;Tombamento;;;1;;;;;;;;0;1;;;
04/10/2014;02:11:00;13;com vítima;627,3;BR-116/BA;Sul;Colisão Traseira;;;1;;;1;;;;;1;1;;;
04/10/2014;13:25:00;136;com vítima;795,2;BR-116/BA;Sul;Colisão Lateral;;;1;;;;;;;;0;1;;;
04/10/2014;06:07:00;34;com vítima;795,5;BR-116/BA;Sul;Tombamento;;;1;;;;;;;;1;1;;;