data;horario;n_da_ocorrencia;tipo_de_ocorrencia;km;trecho;sentido;tipo_de_acidente;automovel;bicicleta;caminhao;moto;onibus;outros;tracao_animal;transporte_de_cargas_especiais;trator_maquinas;utilitarios;ilesos;levemente_feridos;moderadamente_feridos;gravemente_feridos;mortos
04/12/2014;09:13:00;94;sem vítima;2,1;BR-116/BA - ContSuFS;Sul;Colisão Traseira;1;;1;;;;;;;;2;;;;
04/12/2014;13:04:00;166;sem vítima;430,9;BR-116/BA;Sul;Saida de Pista;;;1;;;1;;;;;2;;;;
04/12/2014;08:10:00;73;sem vítima;551;BR-324/BA;Leste;Colisão Lateral;1;;1;;;;;;;;2;;;;
04/12/2014;17:05:00;230;sem vítima;587,2;BR-324/BA;Oeste;Capotamento;1;;;;;;;;;;1;;;;
04/12/2014;15:52:00;211;com vítima;621,4;BR-324/BA;Oeste;Queda de Moto;;;;1;;;;;;;0;1;;;
05/12/2014;06:18:00;37;sem vítima;6,5;BR-116/BA - ContSuFS;Sul;Colisão Frontal;1;;;;1;;;;;;2;;;;
05/12/2014;14:44:00;207;com vítima;8,2;BR-116/BA - Cont VC;Norte;Queda de Moto;;;;1;;1;;;;;1;1;;;
05/12/2014;13:57:00;191;com vítima;533,2;BR-324/BA;Oeste;Atropelamento de Pedestre;1;;;;;;;;;;0;1;2;;
05/12/2014;08:22:00;80;sem vítima;534,2;BR-324/BA;Oeste;Colisão Traseira;;;1;;;;;;;1;2;;;;
05/12/2014;06:43:00;43;sem vítima;542,2;BR-324/BA;Oeste;Colisão Traseira;;;1;;;;;;;1;2;;;;
05/12/2014;11:41:00;136;com vítima;545,15;BR-324/BA;Oeste;Colisão Lateral;2;;;;;;;;;;2;;1;;
05/12/2014;14:44:00;208;sem vítima;547,5;BR-324/BA;Leste;Colisão Lateral;2;;;;;;;;;;6;;;;
05/12/2014;09:30:00;97;sem vítima;551,1;BR-324/BA;Leste;Colisão Lateral;1;;1;;;;;;;;5;;;;
05/12/2014;12:16:00;148;sem vítima;605,3;BR-324/BA;Oeste;Colisão Lateral;1;;1;;;;;;;;3;;;;
05/12/2014;13:27:00;174;sem vítima;625;BR-324/BA;Oeste;Colisão Traseira;1;;;1;;;;;;;4;;;;
05/12/2014;05:45:00;24;sem vítima;821,5;BR-116/BA;Sul;Colisão Traseira;2;;;;;;;;;;2;;;;
06/12/2014;21:48:00;259;sem vítima;0;BR-116/BA - ContSuFS;Sul;Colisão Lateral;1;;;;;;;;;1;2;;;;
06/12/2014;08:10:00;61;com vítima;0,1;BR-116/BA - ContSuFS;Sul;Colisão Lateral;1;;1;1;;;;;;;2;;;1;
06/12/2014;14:44:00;166;com vítima;3,6;BR-116/BA - ContSuFS;Norte;Colisão Lateral;;;;1;;1;;;;;1;1;;;
06/12/2014;09:20:00;73;sem vítima;431,9;BR-116/BA;Sul;Colisão Traseira;;;2;;;;;;;;2;;;;
06/12/2014;15:57:00;186;sem vítima;538;BR-324/BA;Oeste;Colisão Lateral;;;1;;;;;;;;1;;;;
06/12/2014;10:36:00;96;sem vítima;557;BR-324/BA;Leste;Colisão Traseira;;;2;;;;;;;;2;;;;
06/12/2014;15:10:00;171;com vítima;466,5;BR-116/BA;Sul;Queda de Moto;;;;1;;;;;;;0;2;;;
06/12/2014;00:48:00;1;sem vítima;570;BR-324/BA;Oeste;Saida de Pista;;;1;;;;;;;;1;;;;
06/12/2014;20:55:00;249;com vítima;588;BR-324/BA;Oeste;Capotamento;1;;;;;;;;;;1;;1;;
06/12/2014;23:02:00;269;sem vítima;610;BR-324/BA;Leste;Colisão Traseira;1;;;;;1;;;;;2;;;;
06/12/2014;15:27:00;180;sem vítima;612;BR-324/BA;Oeste;Colisão Lateral;1;;1;;;;;;;;2;;;;
06/12/2014;21:14:00;254;sem vítima;616;BR-324/BA;Oeste;Saida de Pista;1;;;;;;;;;;1;;;;
06/12/2014;05:54:00;27;com vítima;620;BR-324/BA;Leste;Queda de Moto;;;;1;;;;;;;1;1;;;
06/12/2014;15:13:00;173;com vítima;623;BR-324/BA;Leste;Colisão Lateral;1;;;;;1;;;;1;2;1;;;
06/12/2014;21:32:00;257;com vítima;710,8;BR-116/BA;Sul;Colisão Frontal;1;;;1;;;;;;;1;2;;;
06/12/2014;18:33:00;231;sem vítima;827,3;BR-116/BA;Sul;Colisão Traseira;;;2;;;;;;;;3;;;;
07/12/2014;19:02:00;207;com vítima;0,7;BR-116/BA - ContSuFS;Sul;Colisão Frontal;1;;;1;;;;;;;1;;;1;
07/12/2014;19:03:00;208;com vítima;18,3;BR-116/BA - Cont VC;Norte;Colisão Traseira;2;;;1;;;;;;;5;2;;;
07/12/2014;21:38:00;239;sem vítima;546,8;BR-324/BA;Leste;Saida de Pista;1;;;;;;;;;;1;;;;
07/12/2014;05:28:00;25;com vítima;559,95;BR-324/BA;Oeste;Saida de Pista;1;;;;;;;;;;1;;;;1
07/12/2014;10:13:00;92;sem vítima;565,2;BR-324/BA;Oeste;Saida de Pista;;;;;;;;;;1;1;;;;
07/12/2014;10:05:00;91;sem vítima;466,3;BR-116/BA;Norte;Colisão Traseira;2;;;;;;;;;;2;;;;
07/12/2014;03:36:00;16;sem vítima;584;BR-324/BA;Leste;Saida de Pista;;;1;;;;;;;;1;;;;
07/12/2014;01:15:00;7;sem vítima;585;BR-324/BA;Leste;Saida de Pista;1;;;;;;;;;;1;;;;
07/12/2014;16:09:00;165;com vítima;623,8;BR-324/BA;Leste;Colisão Traseira;2;;;;;;;;;;2;4;;;
07/12/2014;09:46:00;88;sem vítima;576,3;BR-116/BA;Norte;Colisão Traseira;1;;;;;;;;;1;7;;;;
07/12/2014;18:46:00;202;sem vítima;595;BR-116/BA;Norte;Saida de Pista;;;1;;;;;;;;1;;;;
07/12/2014;15:49:00;161;com vítima;619,5;BR-116/BA;Norte;Engavetamento;;;3;;;;;;;;2;2;;;
07/12/2014;04:28:00;22;com vítima;757,4;BR-116/BA;Norte;Atropelamento de Pedestre;;;;1;;;;;;;1;1;;;
07/12/2014;14:50:00;149;com vítima;829,5;BR-116/BA;Sul;Colisão Frontal;;;2;;;;;;;1;1;;1;1;
07/12/2014;17:59:00;188;com vítima;853;BR-116/BA;Sul;Colisão Transversal;;;;1;;1;;;;;1;1;;;
07/12/2014;22:31:00;244;sem vítima;911,3;BR-116/BA;Norte;Saida de Pista;1;;;;;;;;;;3;;;;
08/12/2014;12:03:00;140;sem vítima;535;BR-324/BA;Oeste;Colisão Traseira;1;;;;;1;;;;;2;;;;
08/12/2014;11:31:00;130;com vítima;560;BR-324/BA;Leste;Atropelamento de Pedestre;1;;;;;;;;;;5;;;;1
08/12/2014;11:02:00;120;sem vítima;571;BR-324/BA;Oeste;Saida de Pista;;;1;;;;;;;;1;;;;
08/12/2014;08:01:00;58;sem vítima;577;BR-324/BA;Oeste;Engavetamento;2;;;;;;;;;1;4;;;;
08/12/2014;11:11:00;122;sem vítima;587;BR-324/BA;Oeste;Saida de Pista;1;;;;;;;;;;2;;;;
08/12/2014;01:53:00;15;com vítima;496,06;BR-116/BA;Norte;Colisão Traseira;;;;1;;1;;;;;1;;;1;
08/12/2014;09:41:00;87;sem vítima;601;BR-324/BA;Oeste;Engavetamento;3;;;;;;;;;;6;;;;
08/12/2014;21:11:00;258;sem vítima;615;BR-324/BA;Leste;Colisão Lateral;2;;;;;;;;;;6;;;;
08/12/2014;06:35:00;39;com vítima;529;BR-116/BA;Sul;Colisão Lateral;;;1;;1;;;;;;43;;1;;
08/12/2014;14:05:00;169;sem vítima;873,3;BR-116/BA;Norte;Colisão Traseira;;;2;;;;;;;;2;;;;
08/12/2014;14:33:00;177;sem vítima;926;BR-116/BA;Norte;Saida de Pista;1;;;;;;;;;;3;;;;
08/12/2014;07:01:00;44;com vítima;926,5;BR-116/BA;Norte;Choque - Veiculo parado no acostamento;;;1;;;;;;;1;2;;1;;
09/12/2014;20:21:00;257;com vítima;2,1;BR-116/BA - ContSuFS;Sul;Colisão Transversal;;;1;1;;;;;;;1;1;;;
09/12/2014;15:37:00;171;sem vítima;450,8;BR-116/BA;Norte;Engavetamento;1;;2;;;;;;;;4;;;;
09/12/2014;02:41:00;10;sem vítima;547;BR-324/BA;Oeste;Tombamento;;;1;;;;;;;;1;;;;
09/12/2014;03:33:00;14;com vítima;571;BR-324/BA;Leste;Saida de Pista;;;;;;;;;;1;1;;1;;
09/12/2014;03:00:00;11;sem vítima;586;BR-324/BA;Leste;Saida de Pista;1;;;;;;;;;;3;;;;
09/12/2014;14:30:00;152;sem vítima;617,4;BR-324/BA;Oeste;Choque Contra Objeto Fixo;1;;;;;;;;;;2;;;;
09/12/2014;16:13:00;182;com vítima;625;BR-324/BA;Leste;Colisão Lateral;1;;;1;;;;;;;1;;1;;
09/12/2014;20:04:00;253;com vítima;673;BR-116/BA;Sul;Colisão Lateral;;;;1;1;;;;;;1;;;1;
09/12/2014;10:48:00;103;sem vítima;736,2;BR-116/BA;Norte;Tombamento;;;1;;;;;;;;1;;;;
09/12/2014;19:02:00;236;sem vítima;779;BR-116/BA;Norte;Colisão Traseira;2;;;;;;;;;;2;;;;
09/12/2014;18:44:00;228;com vítima;821;BR-116/BA;Norte;Colisão Traseira;;;1;1;;;;;;;2;;;1;
09/12/2014;21:35:00;268;com vítima;911;BR-116/BA;Norte;Colisão Frontal;1;;;1;;;;;;;1;;;2;
10/12/2014;07:07:00;43;com vítima;521,9;BR-324/BA;Oeste;Colisão Traseira;;;1;1;;;;;;;1;1;;;
10/12/2014;18:12:00;235;sem vítima;532;BR-324/BA;Oeste;Engavetamento;3;;;;;1;;;;;4;;;;
10/12/2014;13:23:00;160;sem vítima;533;BR-324/BA;Oeste;Engavetamento;1;;2;;;;;;;;3;;;;
10/12/2014;14:07:00;174;sem vítima;542;BR-324/BA;Oeste;Outros;;;;;;;;;;1;1;;;;
10/12/2014;15:27:00;197;com vítima;571,5;BR-324/BA;Leste;Colisão Lateral;2;;;;;;;;;;2;1;;;
10/12/2014;14:11:00;176;sem vítima;576;BR-324/BA;Leste;Colisão Lateral;2;;;;;;;;;;3;;;;
10/12/2014;14:44:00;181;com vítima;517,2;BR-116/BA;Sul;Saida de Pista;;;;;;;;;;1;1;2;;;
10/12/2014;07:22:00;51;sem vítima;705,3;BR-116/BA;Sul;Colisão Frontal;1;;1;;;1;;;;;3;;;;
10/12/2014;19:13:00;247;com vítima;778,9;BR-116/BA;Sul;Colisão Transversal;1;;;1;;;;;;;3;1;;;
10/12/2014;16:59:00;217;sem vítima;793;BR-116/BA;Norte;Colisão Traseira;1;;;;;1;;;;;5;;;;
11/12/2014;13:35:00;142;sem vítima;442,1;BR-116/BA;Sul;Saida de Pista;1;;;;;;;;;;1;;;;
11/12/2014;13:12:00;133;sem vítima;531,4;BR-324/BA;Oeste;Colisão Lateral;1;;1;;;;;;;;3;;;;
11/12/2014;14:41:00;157;com vítima;532,2;BR-324/BA;Leste;Queda de Moto;;;;1;;;;;;;0;1;1;;
11/12/2014;11:29:00;111;sem vítima;547,6;BR-324/BA;Leste;Saida de Pista;;;;;;1;;;;1;2;;;;
11/12/2014;08:23:00;54;sem vítima;619,2;BR-324/BA;Leste;Engavetamento;2;;;;;;;;;1;6;;;;
11/12/2014;12:56:00;126;com vítima;553,3;BR-116/BA;Norte;Tombamento;;;1;;;;;;;;0;1;;;
11/12/2014;11:16:00;110;sem vítima;644;BR-116/BA;Norte;Saida de Pista;;;;;;;;;;1;1;;;;
11/12/2014;22:48:00;239;com vítima;820,3;BR-116/BA;Sul;Atropelamento de Animal;;;;1;;;;;;;0;1;;;
11/12/2014;07:31:00;48;com vítima;921,3;BR-116/BA;Norte;Tombamento;;;1;;;;;;;;0;;;;1
12/12/2014;18:41:00;225;sem vítima;4;BA-526;Sul;Atropelamento de Animal;1;;;;;;;;;;1;;;;
12/12/2014;16:52:00;200;com vítima;519;BR-324/BA;Oeste;Queda de Moto;;;;1;;;;;;;0;2;;;
12/12/2014;07:05:00;44;com vítima;565,9;BR-324/BA;Oeste;Saida de Pista;1;;;1;;;;;;;1;1;;;
12/12/2014;04:56:00;22;sem vítima;576,05;BR-324/BA;Oeste;Saida de Pista;1;;;;;;;;;;1;;;;
12/12/2014;00:52:00;7;sem vítima;482;BR-116/BA;Norte;Colisão Traseira;1;;1;;;;;;;;4;;;;
12/12/2014;16:40:00;194;sem vítima;599;BR-324/BA;Oeste;Colisão Traseira;;;2;;;;;;;;2;;;;
12/12/2014;19:24:00;232;sem vítima;615;BR-324/BA;Leste;Colisão Traseira;2;;;;;;;;;;2;;;;
12/12/2014;14:16:00;156;com vítima;620,1;BR-324/BA;Leste;Colisão Lateral;;;;1;;;;;;;1;1;;;
12/12/2014;06:52:00;41;com vítima;757;BR-116/BA;Sul;Atropelamento de Pedestre;;;;;;1;;;;;1;1;;;
12/12/2014;04:43:00;21;com vítima;900;BR-116/BA;Norte;Saida de Pista;;;;;;;;;;1;0;2;;;
13/12/2014;04:26:00;28;sem vítima;530,2;BR-324/BA;Leste;Saida de Pista;1;;;;;;;;;;1;;;;
13/12/2014;09:33:00;85;sem vítima;550,2;BR-324/BA;Leste;Colisão Traseira;2;;;;;;;;;;5;;;;
13/12/2014;13:36:00;155;sem vítima;562,15;BR-324/BA;Leste;Saida de Pista;1;;;;;;;;;;1;;;;
13/12/2014;11:04:00;115;sem vítima;580,05;BR-324/BA;Leste;Saida de Pista;1;;;;;;;;;;3;;;;
13/12/2014;05:21:00;32;sem vítima;585,2;BR-324/BA;Leste;Colisão Traseira;1;;1;;;;;;;;2;;;;
13/12/2014;10:14:00;97;sem vítima;586,2;BR-324/BA;Oeste;Colisão Lateral;1;;1;;;;;;;;4;;;;
13/12/2014;14:24:00;170;sem vítima;591,1;BR-324/BA;Oeste;Colisão Lateral;1;;1;;;;;;;;5;;;;
13/12/2014;15:36:00;185;com vítima;605,2;BR-324/BA;Oeste;Queda de Moto;;;;1;;;;;;;1;;1;;
13/12/2014;11:09:00;118;com vítima;606,2;BR-324/BA;Oeste;Engavetamento;8;;3;;;;;;;2;21;1;1;;
13/12/2014;12:56:00;138;sem vítima;606,3;BR-324/BA;Leste;Colisão Traseira;1;;1;;;;;;;;2;;;;
13/12/2014;17:50:00;211;sem vítima;542,2;BR-116/BA;Sul;Colisão Lateral;1;;1;;;;;;;;5;;;;
13/12/2014;17:49:00;210;sem vítima;633;BR-116/BA;Sul;Colisão Transversal;2;;;;;;;;;;2;;;;
13/12/2014;21:48:00;272;com vítima;642,1;BR-116/BA;Norte;Colisão Lateral;;;1;;;;;;;1;2;1;;;
13/12/2014;05:24:00;33;com vítima;729,3;BR-116/BA;Sul;Colisão Lateral;;;1;;;;;;;1;1;3;1;1;
14/12/2014;19:34:00;201;sem vítima;525;BR-324/BA;Oeste;Colisão Traseira;;;1;;;1;;;;;2;;;;
14/12/2014;12:32:00;112;sem vítima;547,9;BR-324/BA;Oeste;Saida de Pista;1;;;;;;;;;;1;;;;
14/12/2014;23:50:00;237;com vítima;460,8;BR-116/BA;Sul;Queda de Moto;;;;1;;;;;;;0;;;;1
14/12/2014;22:11:00;222;com vítima;579;BR-324/BA;Leste;Capotamento;1;;;;;;;;;;3;3;;;
14/12/2014;16:10:00;167;sem vítima;616;BR-324/BA;Oeste;Saida de Pista;1;;;;;;;;;;1;;;;
14/12/2014;16:10:00;168;sem vítima;570;BR-116/BA;Norte;Tombamento;;;1;;;;;;;;1;;;;
14/12/2014;23:05:00;230;com vítima;781,5;BR-116/BA;Sul;Colisão Traseira;2;;;1;;;;;;;6;;2;;1
14/12/2014;00:33:00;2;com vítima;811;BR-116/BA;Sul;Capotamento;1;;;;;;;;;;0;1;;;
14/12/2014;13:00:00;116;sem vítima;818,8;BR-116/BA;Norte;Tombamento;;;1;;;;;;;;1;;;;
15/12/2014;08:44:00;79;sem vítima;24,5;BR-116/BA - Cont VC;Sul;Colisão Lateral;1;;;;;1;;;;;2;;;;
15/12/2014;20:35:00;262;sem vítima;426,2;BR-116/BA;Norte;Colisão Traseira;1;;1;;;;;;;;6;;;;
15/12/2014;13:56:00;159;sem vítima;550;BR-324/BA;Oeste;Saida de Pista;1;;;;;;;;;;1;;;;
15/12/2014;15:24:00;184;sem vítima;559,5;BR-324/BA;Oeste;Saida de Pista;;;;1;;;;;;;1;;;;
15/12/2014;14:27:00;169;sem vítima;562,4;BR-324/BA;Oeste;Saida de Pista;;;1;;;;;;;;1;;;;
15/12/2014;13:24:00;155;sem vítima;567,2;BR-324/BA;Leste;Saida de Pista;1;;;;;;;;;;1;;;;
15/12/2014;11:07:00;121;sem vítima;568,2;BR-324/BA;Leste;Saida de Pista;1;;;;;;;;;;1;;;;
15/12/2014;07:53:00;67;com vítima;573,2;BR-324/BA;Leste;Colisão Traseira;;;;1;;1;;;;;1;1;;;
15/12/2014;15:52:00;195;sem vítima;574,9;BR-324/BA;Oeste;Saida de Pista;1;;;;;;;;;;1;;;;
15/12/2014;12:31:00;147;sem vítima;612,2;BR-324/BA;Oeste;Colisão Lateral;2;;;;1;;;;;;18;;;;
15/12/2014;09:55:00;98;sem vítima;612,5;BR-324/BA;Leste;Engavetamento;3;;;;;;;;;;6;;;;
15/12/2014;13:06:00;152;sem vítima;614,12;BR-324/BA;Leste;Colisão Lateral;;;1;;1;;;;;;26;;;;
15/12/2014;20:05:00;250;sem vítima;619,5;BR-324/BA;Oeste;Saida de Pista;1;;;;;;;;;;1;;;;
15/12/2014;09:57:00;100;sem vítima;626,1;BR-324/BA;Leste;Colisão Lateral;1;;1;;;;;;;;2;;;;
15/12/2014;14:52:00;179;sem vítima;652,5;BR-116/BA;Sul;Queda de Moto;;;;1;;;;;;;1;;;;
15/12/2014;06:58:00;54;sem vítima;742,5;BR-116/BA;Sul;Capotamento;1;;;;;;;;;;3;;;;
15/12/2014;03:28:00;22;com vítima;878,8;BR-116/BA;Norte;Colisão Traseira;;;2;;;;;;;;1;;;;1
15/12/2014;10:12:00;104;com vítima;922,6;BR-116/BA;Norte;Saida de Pista;;;1;;;;;;;;0;1;;;
16/12/2014;08:43:00;63;sem vítima;28;BR-116/BA - Cont VC;Sul;Colisão Lateral;;;2;;;;;;;;2;;;;
16/12/2014;22:02:00;231;com vítima;530;BR-324/BA;Leste;Capotamento;;;;;;;;;;1;0;2;;;
16/12/2014;07:08:00;41;com vítima;566;BR-324/BA;Oeste;Queda de Moto;;;;1;;;;;;;0;;1;;
16/12/2014;06:47:00;37;sem vítima;483,2;BR-116/BA;Sul;Colisão Traseira;1;;;;;1;;;;;2;;;;
16/12/2014;19:51:00;210;com vítima;610,5;BR-324/BA;Oeste;Atropelamento de Pedestre;;;;;;1;;;;;1;;;;1
16/12/2014;14:19:00;136;sem vítima;612,9;BR-324/BA;Oeste;Colisão Lateral;;;;1;;;;;;1;2;;;;
16/12/2014;22:42:00;237;sem vítima;758;BR-116/BA;Norte;Colisão Traseira;;;2;;;;;;;;2;;;;
16/12/2014;07:47:00;48;sem vítima;801;BR-116/BA;Sul;Saida de Pista;1;;;;;1;;;;;6;;;;
17/12/2014;20:38:00;261;sem vítima;9;BR-116/BA - Cont VC;Norte;Colisão Traseira;2;;;;;;;;;;2;;;;
17/12/2014;21:13:00;271;com vítima;17;BR-116/BA - Cont VC;Sul;Atropelamento - Ciclista;1;1;;;;;;;;;1;1;;;
17/12/2014;19:04:00;246;sem vítima;441,9;BR-116/BA;Sul;Saida de Pista;1;;;;;;;;;;2;;;;
17/12/2014;23:21:00;291;sem vítima;527,5;BR-324/BA;Leste;Saida de Pista;;;2;;;;;;;;3;;;;
17/12/2014;03:19:00;15;sem vítima;543;BR-324/BA;Oeste;Saida de Pista;1;;;;;;;;;;1;;;;
17/12/2014;07:21:00;61;com vítima;562,3;BR-324/BA;Oeste;Saida de Pista;;;1;;;;;;;;0;1;2;;
17/12/2014;07:26:00;63;sem vítima;562,3;BR-324/BA;Oeste;Colisão Traseira;;;2;;;;;;;;2;;;;
17/12/2014;08:25:00;86;com vítima;600,9;BR-324/BA;Leste;Saida de Pista;1;;;;;;;;;;0;1;2;;
17/12/2014;01:37:00;8;sem vítima;616;BR-324/BA;Leste;Saida de Pista;1;;;;;;;;;;1;;;;
17/12/2014;09:10:00;98;sem vítima;623,1;BR-324/BA;Leste;Engavetamento;3;;;;;;;;;;3;;;;
17/12/2014;13:03:00;163;sem vítima;625,5;BR-324/BA;Oeste;Colisão Traseira;2;;;;;;;;;;2;;;;
17/12/2014;02:21:00;10;com vítima;539,25;BR-116/BA;Norte;Colisão Traseira;;;1;;1;;;;;;1;2;;;
17/12/2014;16:16:00;201;sem vítima;598,8;BR-116/BA;Norte;Colisão Traseira;;;2;;;;;;;;2;;;;
17/12/2014;00:18:00;3;sem vítima;604,3;BR-116/BA;Norte;Choque - Veiculo parado na pista;1;;1;;;;;;;;2;;;;
17/12/2014;13:57:00;169;sem vítima;641;BR-116/BA;Sul;Colisão Lateral;1;;;;;1;;;;;4;;;;
17/12/2014;19:19:00;247;sem vítima;802,1;BR-116/BA;Norte;Saida de Pista;1;;;;;;;;;;1;;;;
17/12/2014;18:33:00;238;sem vítima;835,05;BR-116/BA;Norte;Engavetamento;3;;;;;;;;;;10;;;;
17/12/2014;10:43:00;128;sem vítima;860,3;BR-116/BA;Norte;Colisão Lateral;;;2;;;;;;;;2;;;;
17/12/2014;11:08:00;138;com vítima;891,9;BR-116/BA;Sul;Sequência;;;4;;;;;;;;4;;1;;
18/12/2014;10:07:00;75;sem vítima;24,3;BR-116/BA - Cont VC;Sul;Saida de Pista;1;;;;;;;;;;1;;;;
18/12/2014;08:00:00;45;sem vítima;426,8;BR-116/BA;Norte;Colisão Lateral;2;;;;;;;;;;2;;;;
18/12/2014;15:08:00;137;com vítima;428;BR-116/BA;Sul;Queda de Moto;;;;1;;;;;;;0;1;;;
18/12/2014;01:26:00;6;sem vítima;443,4;BR-116/BA;Sul;Colisão Traseira;;;1;;;;;;;1;2;;;;
18/12/2014;16:13:00;153;sem vítima;528;BR-324/BA;Leste;Colisão Lateral;1;;;;;;;;;;1;;;;
18/12/2014;17:12:00;167;sem vítima;483;BR-116/BA;Sul;Colisão Traseira;2;;;;;;;;;;6;;;;
18/12/2014;06:18:00;28;sem vítima;496;BR-116/BA;Norte;Colisão Traseira;;;2;;;;;;;;2;;;;
18/12/2014;16:47:00;162;sem vítima;607,7;BR-324/BA;Leste;Saida de Pista;1;;;;;;;;;;1;;;;
18/12/2014;09:54:00;71;com vítima;656,7;BR-116/BA;Norte;Colisão Lateral;1;;3;;;;;;;;2;6;;;
18/12/2014;03:14:00;17;sem vítima;702;BR-116/BA;Norte;Saida de Pista;;;1;;;;;;;;1;;;;
18/12/2014;05:51:00;25;sem vítima;756;BR-116/BA;Sul;Colisão Traseira;1;;1;;;;;;;;2;;;;
18/12/2014;10:11:00;76;sem vítima;828;BR-116/BA;Norte;Engavetamento;3;;;;;;;;;;10;;;;
18/12/2014;09:08:00;65;sem vítima;831;BR-116/BA;Norte;Engavetamento;2;;;;;1;;;;;3;;;;
18/12/2014;07:44:00;39;sem vítima;843,5;BR-116/BA;Sul;Colisão Traseira;2;;;;;;;;;;4;;;;
19/12/2014;23:22:00;272;sem vítima;8;BR-116/BA - Cont VC;Sul;Saida de Pista;2;;;;;;;;;;4;;;;
19/12/2014;17:06:00;210;sem vítima;531,1;BR-324/BA;Oeste;Colisão Lateral;1;;1;;;;;;;;3;;;;
19/12/2014;13:42:00;167;sem vítima;550,3;BR-324/BA;Leste;Colisão Traseira;1;;1;;;1;;;;;3;;;;
19/12/2014;07:36:00;43;sem vítima;557,2;BR-324/BA;Leste;Engavetamento;3;;;;;;;;;;11;;;;
19/12/2014;11:53:00;140;sem vítima;562,1;BR-324/BA;Oeste;Colisão Traseira;2;;;;;;;;;;5;;;;
19/12/2014;12:30:00;146;sem vítima;568,6;BR-324/BA;Leste;Saida de Pista;1;;;;;1;;;;;2;;;;
19/12/2014;20:12:00;237;sem vítima;578;BR-324/BA;Leste;Saida de Pista;1;;;;;;;;;;2;;;;
19/12/2014;09:11:00;89;com vítima;495,3;BR-116/BA;Norte;Colisão Lateral;1;;1;;;;;;;;2;;2;;
19/12/2014;10:11:00;110;sem vítima;603,2;BR-324/BA;Leste;Saida de Pista;1;;;;;;;;;;2;;;;
19/12/2014;04:12:00;16;sem vítima;604,2;BR-324/BA;Oeste;Atropelamento de Pedestre;1;;;;;;;;;;2;;;;
19/12/2014;16:48:00;206;sem vítima;614,5;BR-324/BA;Leste;Colisão Traseira;;;1;;;1;;;;;2;;;;
19/12/2014;07:02:00;36;sem vítima;524,1;BR-116/BA;Norte;Saida de Pista;1;;;;;;;;;;4;;;;
19/12/2014;14:06:00;172;com vítima;617,4;BR-324/BA;Oeste;Colisão Traseira;;;2;;;;;;;;1;;1;;
19/12/2014;12:16:00;142;sem vítima;620,15;BR-324/BA;Oeste;Colisão Traseira;2;;;;;;;;;;7;;;;
19/12/2014;13:02:00;154;sem vítima;537,5;BR-116/BA;Norte;Saida de Pista;1;;;;;;;;;;3;;;;
19/12/2014;18:59:00;227;com vítima;643,3;BR-116/BA;Norte;Colisão Lateral;;;1;;1;;;;;;34;1;;;
19/12/2014;07:19:00;40;sem vítima;828,2;BR-116/BA;Sul;Colisão Lateral;2;;;;;;;;;;2;;;;
19/12/2014;08:10:00;72;sem vítima;829,6;BR-116/BA;Norte;Colisão Traseira;2;;;;;;;;;;3;;;;
19/12/2014;05:31:00;22;com vítima;923,8;BR-116/BA;Sul;Colisão Frontal;;;2;;;;;;;;1;1;;;
20/12/2014;19:27:00;265;sem vítima;520;BR-324/BA;Oeste;Atropelamento de Animal;1;;;;;;;;;;2;;;;
20/12/2014;17:13:00;226;sem vítima;525;BR-324/BA;Oeste;Colisão Traseira;1;;;;;1;;;;;2;;;;
20/12/2014;00:12:00;3;com vítima;530,5;BR-324/BA;Leste;Saida de Pista;1;;;;;;;;;;0;;1;;
20/12/2014;08:11:00;58;sem vítima;534;BR-324/BA;Oeste;Saida de Pista;1;;;;;;;;;;1;;;;
20/12/2014;18:12:00;243;sem vítima;543,1;BR-324/BA;Oeste;Engavetamento;;;2;;1;;;;;;3;;;;
20/12/2014;18:17:00;244;com vítima;545;BR-324/BA;Oeste;Atropelamento de Pedestre;;;;;;1;;;;;1;;;;1
20/12/2014;15:17:00;193;sem vítima;460;BR-116/BA;Sul;Engavetamento;4;;;;;;;;;;4;;;;
20/12/2014;10:28:00;105;sem vítima;474,9;BR-116/BA;Norte;Engavetamento;3;;;;;;;;;;10;;;;
20/12/2014;05:36:00;25;com vítima;578;BR-324/BA;Leste;Saida de Pista;2;;;;;;;;;;1;2;1;;
20/12/2014;18:25:00;247;sem vítima;578,7;BR-324/BA;Oeste;Queda de Moto;;;;1;;;;;;;1;;;;
20/12/2014;19:31:00;266;sem vítima;594;BR-324/BA;Oeste;Colisão Lateral;1;;;;;1;;;;;2;;;;
20/12/2014;14:47:00;181;sem vítima;594,1;BR-324/BA;Oeste;Engavetamento;1;;;;;;;;;3;4;;;;
20/12/2014;14:05:00;173;com vítima;603,8;BR-324/BA;Oeste;Saida de Pista;;;1;;;;;;;;0;;1;;
20/12/2014;07:09:00;45;sem vítima;509,1;BR-116/BA;Norte;Saida de Pista;1;;;;;;;;;;2;;;;
20/12/2014;10:38:00;111;sem vítima;547;BR-116/BA;Norte;Colisão Lateral;1;;;;1;;;;;;45;;;;
20/12/2014;04:14:00;20;sem vítima;552,7;BR-116/BA;Sul;Colisão Lateral;1;;;;1;;;;;;6;;;;
20/12/2014;04:06:00;19;sem vítima;566;BR-116/BA;Norte;Colisão Traseira;;;2;;;;;;;;2;;;;
20/12/2014;14:49:00;183;sem vítima;713;BR-116/BA;Norte;Colisão Lateral;1;;1;;;;;;;;2;;;;
20/12/2014;16:54:00;215;com vítima;810,8;BR-116/BA;Sul;Colisão Lateral;1;;1;;;;;;;;1;2;1;;
20/12/2014;06:05:00;29;sem vítima;923;BR-116/BA;Norte;Colisão Traseira;2;;;;;;;;;;6;;;;