data;horario;n_da_ocorrencia;tipo_de_ocorrencia;km;trecho;sentido;tipo_de_acidente;automovel;bicicleta;caminhao;moto;onibus;outros;tracao_animal;transporte_de_cargas_especiais;trator_maquinas;utilitarios;ilesos;levemente_feridos;moderadamente_feridos;gravemente_feridos;mortos
20/12/2014;06:25:00;32;com vítima;923,5;BR-116/BA;Norte;Colisão Traseira;;;2;;;;;;;;2;;2;;
20/12/2014;08:41:00;65;sem vítima;928;BR-116/BA;Sul;Colisão Traseira;;;2;;;;;;;;2;;;;
21/12/2014;05:46:00;25;sem vítima;570;BR-324/BA;Leste;Capotamento;1;;;;;;;;;;2;;;;
21/12/2014;20:33:00;249;sem vítima;573;BR-324/BA;Leste;Colisão Traseira;2;;;;;;;;;;2;;;;
21/12/2014;04:26:00;16;com vítima;482,9;BR-116/BA;Sul;Queda de Moto;;;;1;;;;;;;0;2;;;
21/12/2014;17:07:00;189;sem vítima;593;BR-324/BA;Leste;Saida de Pista;1;;;;;;;;;;1;;;;
21/12/2014;19:40:00;237;sem vítima;497;BR-116/BA;Norte;Colisão Traseira;1;;;;;;;;;1;3;;;;
21/12/2014;04:50:00;19;sem vítima;588,1;BR-116/BA;Norte;Saida de Pista;;;1;;;;;;;;2;;;;
21/12/2014;11:34:00;117;sem vítima;607,2;BR-116/BA;Sul;Engavetamento;2;;;;;;;;;1;7;;;;
21/12/2014;22:52:00;276;sem vítima;663,3;BR-116/BA;Norte;Saida de Pista;1;;;;;;;;;;3;;;;
21/12/2014;07:50:00;55;sem vítima;728,2;BR-116/BA;Norte;Saida de Pista;;;1;;;1;;;;;2;;;;
21/12/2014;22:50:00;275;sem vítima;813;BR-116/BA;Sul;Saida de Pista;1;;;;;;;;;;5;;;;
22/12/2014;08:20:00;74;sem vítima;518;BR-324/BA;Oeste;Colisão Traseira;1;;1;;;;;;;;2;;;;
22/12/2014;19:55:00;270;com vítima;486,5;BR-116/BA;Norte;Colisão Traseira;1;;1;;;;;;;;1;;1;;
22/12/2014;17:13:00;234;sem vítima;591;BR-324/BA;Leste;Colisão Traseira;2;;;;;;;;;;2;;;;
22/12/2014;17:17:00;236;com vítima;604;BR-324/BA;Leste;Colisão Lateral;1;;;1;;;;;;;1;;;1;
22/12/2014;23:02:00;299;sem vítima;610;BR-324/BA;Leste;Colisão Lateral;1;;;;;1;;;;;2;;;;
22/12/2014;19:06:00;259;sem vítima;624,3;BR-324/BA;Oeste;Colisão Traseira;2;;;;;;;;;;2;;;;
22/12/2014;06:17:00;49;sem vítima;534;BR-116/BA;Sul;Saida de Pista;1;;;;;;;;;;6;;;;
22/12/2014;13:34:00;169;com vítima;573;BR-116/BA;Norte;Atropelamento de Pedestre;1;;;;;;;;;;1;;;1;
22/12/2014;03:16:00;23;sem vítima;747,1;BR-116/BA;Norte;Colisão Traseira;1;;;;;1;;;;;5;;;;
22/12/2014;13:55:00;175;sem vítima;835;BR-116/BA;Norte;Colisão Lateral;1;;;;1;;;;;;5;;;;
22/12/2014;06:08:00;47;sem vítima;882;BR-116/BA;Sul;Capotamento;1;;;;;;;;;;3;;;;
22/12/2014;19:47:00;266;sem vítima;910;BR-116/BA;Norte;Colisão Traseira;2;;;;;;;;;;2;;;;
23/12/2014;22:53:00;311;com vítima;16,5;BR-116/BA - Cont VC;Norte;Colisão Transversal;2;;;;;;;;;;4;3;;;
23/12/2014;16:42:00;213;sem vítima;550,9;BR-324/BA;Leste;Colisão Traseira;1;;1;;;;;;;;4;;;;
23/12/2014;20:45:00;285;com vítima;560,05;BR-324/BA;Oeste;Colisão Lateral;1;;;1;;;;;;;5;;1;;
23/12/2014;22:40:00;307;sem vítima;586,1;BR-324/BA;Leste;Saida de Pista;1;;;;;;;;;;2;;;;
23/12/2014;01:59:00;8;sem vítima;591;BR-324/BA;Leste;Saida de Pista;;;1;;;;;;;;1;;;;
23/12/2014;08:51:00;78;sem vítima;599;BR-324/BA;Oeste;Colisão Traseira;2;;;;;;;;;;2;;;;
23/12/2014;17:04:00;219;sem vítima;607;BR-324/BA;Oeste;Engavetamento;3;;;;;1;;;;;4;;;;
23/12/2014;10:53:00;119;sem vítima;617;BR-324/BA;Leste;Colisão Lateral;1;;1;;;;;;;;2;;;;
23/12/2014;06:54:00;50;sem vítima;527,2;BR-116/BA;Norte;Colisão Traseira;1;;1;;;;;;;;6;;;;
23/12/2014;09:02:00;85;com vítima;620,25;BR-324/BA;Leste;Colisão Traseira;;;;1;1;;;;;;1;1;;1;
23/12/2014;15:01:00;184;com vítima;621,7;BR-324/BA;Leste;Engavetamento;1;;;;2;;;;;;10;2;1;;
23/12/2014;09:17:00;95;sem vítima;566,2;BR-116/BA;Sul;Colisão Traseira;1;;1;;;;;;;;5;;;;
23/12/2014;10:32:00;111;com vítima;581,2;BR-116/BA;Sul;Saida de Pista;;;;;;;;;;1;1;;1;;
23/12/2014;13:46:00;169;com vítima;702,1;BR-116/BA;Sul;Colisão Frontal;1;;1;;;;;;;;1;;2;1;2
23/12/2014;19:10:00;250;com vítima;754,6;BR-116/BA;Sul;Engavetamento;1;;2;;;1;;;;1;5;5;;;1
23/12/2014;02:10:00;9;com vítima;773;BR-116/BA;Sul;Saida de Pista;;;;;;;;;;1;0;3;2;;
23/12/2014;07:27:00;56;com vítima;786,9;BR-116/BA;Sul;Colisão Traseira;;;2;;;;;;;;3;1;;;
23/12/2014;17:37:00;226;com vítima;827,1;BR-116/BA;Norte;Colisão Transversal;2;;;;;;;;;;4;2;;;
24/12/2014;05:37:00;34;com vítima;8;BR-116/BA - Cont VC;Norte;Atropelamento - Ciclista;1;1;;;;;;;;;1;1;;;
24/12/2014;05:46:00;36;sem vítima;559;BR-324/BA;Oeste;Colisão Traseira;2;;;;;;;;;;6;;;;
24/12/2014;13:47:00;155;sem vítima;609,1;BR-324/BA;Oeste;Colisão Traseira;2;;;;;;;;;;2;;;;
24/12/2014;09:04:00;85;sem vítima;621;BR-324/BA;Leste;Queda de Moto;;;;1;;;;;;;2;;;;
24/12/2014;05:49:00;37;sem vítima;594;BR-116/BA;Norte;Colisão Traseira;1;;1;;;;;;;;2;;;;
24/12/2014;21:31:00;260;sem vítima;656;BR-116/BA;Norte;Saida de Pista;;;1;;;;;;;;1;;;;
24/12/2014;05:26:00;29;sem vítima;753;BR-116/BA;Norte;Saida de Pista;1;;;;;1;;;;;2;;;;
25/12/2014;11:13:00;68;com vítima;4;BA-528;Sul;Queda de Moto;;;;1;;;;;;;1;1;;;
25/12/2014;18:05:00;120;sem vítima;10;BR-116/BA - Cont VC;Sul;Saida de Pista;1;;;;;;;;;;5;;;;
25/12/2014;15:41:00;102;com vítima;472,15;BR-116/BA;Sul;Queda de Moto;;;;1;;;;;;;1;;;1;
25/12/2014;06:38:00;25;sem vítima;481,15;BR-116/BA;Norte;Capotamento;1;;;;;;;;;;1;;;;
25/12/2014;21:52:00;155;sem vítima;605;BR-324/BA;Leste;Colisão Traseira;1;;;1;;;;;;;5;;;;
25/12/2014;19:39:00;138;com vítima;623,1;BR-324/BA;Oeste;Colisão Traseira;1;;;;;1;;;;;1;1;;;
25/12/2014;15:22:00;100;sem vítima;640,1;BR-116/BA;Norte;Colisão Lateral;;;2;;;;;;;;2;;;;
25/12/2014;11:37:00;70;sem vítima;727,2;BR-116/BA;Norte;Saida de Pista;;;1;;;;;;;;1;;;;
25/12/2014;04:10:00;18;sem vítima;789;BR-116/BA;Norte;Tombamento;;;1;;;;;;;;1;;;;
26/12/2014;06:39:00;36;com vítima;17;BR-116/BA - Cont VC;Sul;Queda de Moto;;;;1;;;;;;;1;1;;;
26/12/2014;10:09:00;94;com vítima;438;BR-116/BA;Sul;Colisão Traseira;2;;;;;1;;;;;3;1;;;
26/12/2014;07:24:00;47;sem vítima;519;BR-324/BA;Oeste;Colisão Traseira;;;1;;;;;;;1;2;;;;
26/12/2014;09:58:00;91;com vítima;521;BR-324/BA;Oeste;Atropelamento de Pedestre;;;1;;;;;;;;1;;;;1
26/12/2014;06:41:00;39;sem vítima;533;BR-324/BA;Oeste;Capotamento;1;;;;;;;;;;1;;;;
26/12/2014;01:08:00;3;sem vítima;542,8;BR-324/BA;Oeste;Choque Contra Objeto Fixo;1;;;;;;;;;;3;;;;
26/12/2014;15:03:00;154;sem vítima;550;BR-324/BA;Oeste;Saida de Pista;1;;;;;;;;;;3;;;;
26/12/2014;04:42:00;20;sem vítima;551;BR-324/BA;Oeste;Saida de Pista;;;;;;;;;;1;2;;;;
26/12/2014;12:17:00;125;com vítima;559;BR-324/BA;Leste;Saida de Pista;1;;;;;;;;;;0;;;;1
26/12/2014;06:18:00;32;sem vítima;461,1;BR-116/BA;Sul;Saida de Pista;;;1;;;;;;;;1;;;;
26/12/2014;11:10:00;108;com vítima;565;BR-324/BA;Oeste;Saida de Pista;1;;;;;;;;;;2;;2;;
26/12/2014;16:21:00;169;com vítima;463,3;BR-116/BA;Norte;Colisão Lateral;1;;;1;;1;;;;;2;1;;;
26/12/2014;13:42:00;138;sem vítima;607;BR-324/BA;Leste;Engavetamento;2;;;;;;;;;1;12;;;;
26/12/2014;15:40:00;159;sem vítima;622;BR-324/BA;Oeste;Colisão Traseira;2;;;;;;;;;;2;;;;
26/12/2014;19:07:00;205;sem vítima;567;BR-116/BA;Norte;Colisão Lateral;1;;1;;;;;;;;3;;;;
26/12/2014;14:15:00;147;sem vítima;695;BR-116/BA;Sul;Colisão Lateral;;;1;;;1;;;;;2;;;;
26/12/2014;07:48:00;53;com vítima;740,5;BR-116/BA;Norte;Colisão Lateral;2;;;;;;;;;;3;2;;;
26/12/2014;23:55:00;240;sem vítima;763,5;BR-116/BA;Sul;Saida de Pista;1;;;;;;;;;;4;;;;
26/12/2014;11:09:00;106;sem vítima;766,2;BR-116/BA;Sul;Colisão Traseira;;;1;;1;;;;;;41;;;;
26/12/2014;12:58:00;134;sem vítima;826,9;BR-116/BA;Norte;Engavetamento;4;;;;;;;;;;4;;;;
27/12/2014;07:57:00;39;sem vítima;1,4;BR-116/BA - Cont VC;Norte;Atropelamento de Pedestre;1;;;;;1;;;;;7;;;;
27/12/2014;11:08:00;71;com vítima;559,4;BR-324/BA;Leste;Queda de Moto;;;;1;;;;;;;1;1;;;
27/12/2014;11:29:00;75;sem vítima;507,5;BR-116/BA;Norte;Colisão Lateral;2;;;;;;;;;;8;;;;
27/12/2014;07:30:00;32;sem vítima;524,3;BR-116/BA;Norte;Saida de Pista;1;;;;;;;;;;1;;;;
27/12/2014;09:33:00;52;sem vítima;712,2;BR-116/BA;Norte;Saida de Pista;1;;;;;;;;;;4;;;;
27/12/2014;03:03:00;10;sem vítima;742;BR-116/BA;Sul;Capotamento;1;;;;;;;;;;5;;;;
27/12/2014;05:39:00;16;sem vítima;900,6;BR-116/BA;Sul;Colisão Traseira;1;;;;;1;;;;;5;;;;
28/12/2014;19:40:00;179;com vítima;7;BR-116/BA - ContSuFS;Sul;Queda de Moto;;;;1;;;;;;;1;1;;;
28/12/2014;17:09:00;157;sem vítima;9;BR-116/BA - Cont VC;Norte;Colisão Traseira;2;;;;;;;;;;2;;;;
28/12/2014;04:57:00;32;sem vítima;524,1;BR-324/BA;Oeste;Saida de Pista;;;;;;;;;;1;1;;;;
28/12/2014;20:42:00;189;sem vítima;537;BR-324/BA;Oeste;Saida de Pista;1;;;;;;;;;;1;;;;
28/12/2014;07:48:00;50;sem vítima;482,2;BR-116/BA;Norte;Colisão Traseira;1;;1;;;;;;;;5;;;;
28/12/2014;05:23:00;34;com vítima;483,2;BR-116/BA;Norte;Saida de Pista;1;;;;;;;;;;0;2;;;
28/12/2014;20:27:00;187;sem vítima;485;BR-116/BA;Sul;Saida de Pista;1;;;;;;;;;;1;;;;
28/12/2014;22:56:00;205;sem vítima;593;BR-324/BA;Leste;Colisão Traseira;1;;;;;1;;;;;2;;;;
28/12/2014;14:21:00;111;sem vítima;599;BR-324/BA;Leste;Colisão Traseira;1;;1;;;;;;;;2;;;;
28/12/2014;17:40:00;164;sem vítima;606;BR-324/BA;Leste;Colisão Traseira;2;;;;;;;;;;2;;;;
28/12/2014;16:13:00;139;com vítima;613,3;BR-324/BA;Leste;Saida de Pista;1;;;;;;;;;;2;;;1;
28/12/2014;13:02:00;95;com vítima;621;BR-324/BA;Leste;Colisão Traseira;;1;1;;;;;;;;1;;;1;
28/12/2014;11:01:00;74;sem vítima;558,1;BR-116/BA;Sul;Colisão Traseira;1;;1;;;;;;;;7;;;;
28/12/2014;06:55:00;45;com vítima;558,2;BR-116/BA;Sul;Colisão Frontal;1;;;1;;;;;;;3;;;;1
28/12/2014;16:17:00;142;sem vítima;712,2;BR-116/BA;Sul;Colisão Lateral;1;;1;;;;;;;;2;;;;
28/12/2014;13:35:00;99;com vítima;821,3;BR-116/BA;Norte;Colisão Transversal;;;;1;;;;;;1;5;;;1;
29/12/2014;11:38:00;113;com vítima;541,7;BR-324/BA;Oeste;Tombamento;;;1;;;;;;;;0;2;1;;
29/12/2014;21:18:00;233;com vítima;542;BR-324/BA;Leste;Queda de Moto;;;;1;;;;;;;0;;;;1
29/12/2014;09:17:00;81;sem vítima;559,2;BR-324/BA;Oeste;Colisão Lateral;2;;;;;;;;;;4;;;;
29/12/2014;20:30:00;226;com vítima;581;BR-324/BA;Leste;Saida de Pista;;;;1;;;;;;;0;1;;;
29/12/2014;09:34:00;85;sem vítima;483,6;BR-116/BA;Norte;Colisão Lateral;2;;;;;;;;;;5;;;;
29/12/2014;11:25:00;110;sem vítima;495,23;BR-116/BA;Norte;Choque Contra Objeto Fixo;1;;;;;;;;;;2;;;;
29/12/2014;08:03:00;58;sem vítima;613,3;BR-324/BA;Leste;Engavetamento;2;;;;;;;;;1;6;;;;
29/12/2014;10:17:00;99;com vítima;655;BR-116/BA;Sul;Colisão Lateral;4;;1;;;;;;;;5;1;1;1;1
29/12/2014;14:55:00;154;sem vítima;662,3;BR-116/BA;Sul;Saida de Pista;1;;;;;;;;;;1;;;;
29/12/2014;06:09:00;30;sem vítima;770,15;BR-116/BA;Norte;Colisão Lateral;1;;1;;;;;;;;7;;;;
29/12/2014;19:47:00;218;com vítima;813,3;BR-116/BA;Sul;Colisão Traseira;;;;1;;1;;;;;1;1;;;
29/12/2014;04:54:00;23;sem vítima;910;BR-116/BA;Norte;Colisão Traseira;2;;;;;;;;;;5;;;;
30/12/2014;14:59:00;135;com vítima;5;BR-116/BA - ContSuFS;Sul;Atropelamento de Pedestre;;;;;;1;;;;;1;1;;;
30/12/2014;14:50:00;133;sem vítima;427,35;BR-116/BA;Sul;Colisão Traseira;1;;1;;;;;;;;5;;;;
30/12/2014;14:10:00;125;com vítima;427,5;BR-116/BA;Sul;Colisão Traseira;1;;;1;;;;;;;2;1;;;
30/12/2014;07:17:00;34;sem vítima;570;BR-324/BA;Oeste;Saida de Pista;1;;;;;;;;;;1;;;;
30/12/2014;10:04:00;85;sem vítima;611,9;BR-324/BA;Oeste;Queda de Moto;;;;1;;;;;;;1;;;;
30/12/2014;17:37:00;174;sem vítima;633,2;BR-116/BA;Norte;Colisão Transversal;2;;;;;;;;;;4;;;;
30/12/2014;09:24:00;73;com vítima;704,2;BR-116/BA;Norte;Saida de Pista;1;;;;;;;;;;0;;3;;
30/12/2014;18:57:00;193;com vítima;818,8;BR-116/BA;Sul;Colisão Lateral;;;;1;;1;;;;;1;1;;;
31/12/2014;15:38:00;143;sem vítima;3;BA-528;Sul;Colisão Frontal;2;;;;;;;;;;2;;;;
31/12/2014;06:09:00;20;sem vítima;534;BR-324/BA;Oeste;Saida de Pista;1;;;;;;;;;;1;;;;
31/12/2014;20:22:00;211;sem vítima;542,05;BR-324/BA;Leste;Colisão Traseira;2;;;;;1;;;;;3;;;;
31/12/2014;17:41:00;175;sem vítima;542,5;BR-324/BA;Oeste;Saida de Pista;1;;;;;;;;;;1;;;;
31/12/2014;00:59:00;5;sem vítima;565;BR-324/BA;Oeste;Saida de Pista;1;;;;;;;;;;1;;;;
31/12/2014;12:26:00;107;sem vítima;571,2;BR-324/BA;Oeste;Saida de Pista;1;;;;;;;;;;4;;;;
31/12/2014;13:56:00;119;com vítima;586,25;BR-324/BA;Leste;Queda de Moto;;;;1;;;;;;;0;2;;;
31/12/2014;23:52:00;239;sem vítima;603,4;BR-324/BA;Oeste;Colisão Traseira;2;;;;;;;;;;3;;;;
31/12/2014;17:37:00;171;sem vítima;626,05;BR-324/BA;Oeste;Colisão Traseira;2;;;;;;;;;;4;;;;
01/01/2015;18:38:00;134;com vítima;555;BR-324/BA;Oeste;Queda de Moto;;;;1;;;;;;;0;2;;;
01/01/2015;06:21:00;19;sem vítima;581;BR-324/BA;Leste;Saida de Pista;1;;;;;;;;;;1;;;;
02/01/2015;15:30:00;123;sem vítima;536;BR-324/BA;Oeste;Colisão Traseira;;;2;;;;;;;;2;;;;
02/01/2015;06:58:00;30;com vítima;554,3;BR-324/BA;Oeste;Queda de Moto;;;;1;;;;;;;1;1;;;
02/01/2015;07:38:00;41;sem vítima;468,2;BR-116/BA;Sul;Atropelamento de Animal;1;;;;;;;;;;4;;;;
02/01/2015;07:14:00;36;com vítima;577,5;BR-324/BA;Leste;Queda de Moto;;;;1;;;;;;;0;2;;;
02/01/2015;10:13:00;70;com vítima;584,05;BR-324/BA;Leste;Capotamento;1;;;;;;;;;;4;2;;;
02/01/2015;03:42:00;10;sem vítima;613,9;BR-324/BA;Leste;Saida de Pista;1;;;;;;;;;;1;;;;
02/01/2015;06:41:00;27;sem vítima;620,2;BR-324/BA;Oeste;Colisão Traseira;;;;1;;1;;;;;2;;;;
02/01/2015;03:43:00;11;sem vítima;807,9;BR-116/BA;Sul;Capotamento;1;;;;;;;;;;1;;;;
02/01/2015;13:38:00;101;sem vítima;881,5;BR-116/BA;Sul;Colisão Traseira;2;;;;;;;;;;9;;;;
03/01/2015;20:21:00;206;com vítima;7;BR-116/BA - ContSuFS;Sul;Atropelamento - Ciclista;;1;;;;1;;;;;1;1;;;
03/01/2015;20:36:00;211;com vítima;618,1;BR-324/BA;Leste;Atropelamento de Pedestre;;;;;1;;;;;;15;;;;1
03/01/2015;07:30:00;50;sem vítima;620;BR-324/BA;Oeste;Queda de Moto;;;;1;;;;;;;1;;;;
03/01/2015;08:20:00;61;sem vítima;620;BR-324/BA;Oeste;Queda de Moto;;;;1;;;;;;;2;;;;
03/01/2015;02:06:00;15;sem vítima;625;BR-324/BA;Leste;Choque Contra Objeto Fixo;1;;;;;;;;;;1;;;;
03/01/2015;19:47:00;202;sem vítima;586,5;BR-116/BA;Norte;Colisão Lateral;1;;1;;;;;;;;3;;;;
03/01/2015;06:46:00;42;sem vítima;605,02;BR-116/BA;Sul;Colisão Traseira;2;;;;;;;;;;5;;;;
03/01/2015;16:07:00;148;sem vítima;628,1;BR-116/BA;Sul;Colisão Traseira;1;;;;;1;;;;;2;;;;
03/01/2015;03:00:00;18;sem vítima;760,2;BR-116/BA;Sul;Engavetamento;3;;;;;;;;;;10;;;;
03/01/2015;12:07:00;96;com vítima;912;BR-116/BA;Sul;Colisão Lateral;;;;1;;;;;;1;4;;1;;
03/01/2015;08:17:00;60;sem vítima;917,8;BR-116/BA;Norte;Engavetamento;3;;;;;;;;;;13;;;;
04/01/2015;15:44:00;171;sem vítima;544,9;BR-324/BA;Oeste;Saida de Pista;1;;;;;1;;;;;2;;;;
04/01/2015;16:04:00;181;sem vítima;551,4;BR-324/BA;Leste;Saida de Pista;1;;;;;;;;;;2;;;;
04/01/2015;15:49:00;173;sem vítima;578,2;BR-324/BA;Leste;Saida de Pista;1;;;;;;;;;;4;;;;
04/01/2015;14:46:00;147;sem vítima;579,2;BR-324/BA;Oeste;Saida de Pista;1;;;;;1;;;;;4;;;;
04/01/2015;14:46:00;146;sem vítima;593,2;BR-324/BA;Oeste;Queda de Moto;;;;1;;;;;;;1;;;;
04/01/2015;08:23:00;53;sem vítima;605,2;BR-324/BA;Leste;Saida de Pista;1;;;;;;;;;;5;;;;
04/01/2015;10:49:00;85;sem vítima;609,6;BR-324/BA;Oeste;Colisão Traseira;2;;;;;;;;;;4;;;;
04/01/2015;18:33:00;220;sem vítima;628;BR-116/BA;Sul;Colisão Lateral;2;;;;;;;;;;6;;;;
04/01/2015;19:59:00;245;com vítima;675,1;BR-116/BA;Sul;Colisão Transversal;;;;1;;1;;;;;1;;;;1
04/01/2015;18:10:00;214;sem vítima;705,3;BR-116/BA;Sul;Saida de Pista;1;;;;;;;;;;3;;;;
05/01/2015;07:54:00;64;sem vítima;556;BR-324/BA;Oeste;Saida de Pista;1;;;;;;;;;;1;;;;
05/01/2015;14:21:00;149;sem vítima;465,1;BR-116/BA;Sul;Queda de Moto;;;;1;;1;;;;;2;;;;
05/01/2015;15:47:00;163;sem vítima;576,9;BR-324/BA;Leste;Saida de Pista;1;;;;;;;;;;2;;;;
05/01/2015;08:17:00;72;sem vítima;586,6;BR-324/BA;Leste;Saida de Pista;1;;;;;;;;;;4;;;;
05/01/2015;05:01:00;23;com vítima;493;BR-116/BA;Sul;Saida de Pista;1;;;;;;;;;;1;1;;;
05/01/2015;18:41:00;201;sem vítima;508;BR-116/BA;Sul;Saida de Pista;;;;;;;;;;1;1;;;;
05/01/2015;05:29:00;26;sem vítima;562,5;BR-116/BA;Norte;Saida de Pista;1;;1;;;;;;;;6;;;;
05/01/2015;09:00:00;81;sem vítima;829;BR-116/BA;Norte;Engavetamento;3;;;;;;;;;;9;;;;
06/01/2015;19:18:00;246;sem vítima;543;BR-324/BA;Oeste;Colisão Lateral;;;1;;;;;;;1;2;;;;
06/01/2015;14:51:00;189;sem vítima;588,1;BR-324/BA;Oeste;Saida de Pista;1;;;;;;;;;;1;;;;
06/01/2015;08:56:00;71;sem vítima;608,2;BR-324/BA;Oeste;Colisão Lateral;;;;1;;1;;;;1;3;;;;
06/01/2015;09:30:00;83;sem vítima;609,9;BR-324/BA;Oeste;Engavetamento;2;;;;1;;;;;;5;;;;
06/01/2015;07:17:00;41;com vítima;581,4;BR-116/BA;Sul;Saida de Pista;;;;;;;;;;1;0;3;;;
06/01/2015;16:22:00;212;sem vítima;593,2;BR-116/BA;Sul;Colisão Lateral;1;;;;;;;;;1;3;;;;
06/01/2015;12:36:00;152;sem vítima;604,1;BR-116/BA;Sul;Colisão Traseira;;;2;;;;;;;;2;;;;
06/01/2015;08:04:00;54;sem vítima;617;BR-116/BA;Sul;Engavetamento;2;;;;;;;;;1;9;;;;
06/01/2015;10:32:00;104;com vítima;776,9;BR-116/BA;Sul;Atropelamento - Ciclista;1;1;;;;;;;;;5;1;;;
06/01/2015;15:09:00;193;sem vítima;819;BR-116/BA;Norte;Tombamento;;;1;;;;;;;;2;;;;
07/01/2015;11:43:00;121;sem vítima;447,5;BR-116/BA;Norte;Colisão Lateral;1;;1;;;;;;;;4;;;;
07/01/2015;10:43:00;91;com vítima;530;BR-324/BA;Leste;Choque Contra Objeto Fixo;;;1;;;;;;;;0;;;1;
07/01/2015;16:06:00;187;com vítima;568;BR-324/BA;Oeste;Engavetamento;4;;;;;;;;;;4;1;1;;
07/01/2015;17:23:00;221;sem vítima;569;BR-324/BA;Oeste;Colisão Traseira;1;;;;;;;;;1;2;;;;
07/01/2015;15:31:00;177;com vítima;467,5;BR-116/BA;Sul;Capotamento;1;;;;;;;;;;0;1;;1;
07/01/2015;08:32:00;66;sem vítima;606;BR-324/BA;Leste;Engavetamento;1;;1;;1;;;;;1;4;;;;
07/01/2015;00:15:00;2;com vítima;612;BR-324/BA;Oeste;Choque - Objeto sobre a pista;;;;1;;;;;;;0;1;1;;
07/01/2015;02:17:00;12;sem vítima;612;BR-324/BA;Oeste;Choque - Objeto sobre a pista;1;;;;;;;;;;3;;;;
07/01/2015;16:14:00;189;sem vítima;616;BR-324/BA;Oeste;Colisão Traseira;2;;;;;;;;;;3;;;;
07/01/2015;06:57:00;38;sem vítima;625,1;BR-324/BA;Leste;Colisão Traseira;1;;;;1;;;;;;2;;;;
07/01/2015;06:45:00;36;sem vítima;772;BR-116/BA;Norte;Saida de Pista;;;1;;;;;;;;1;;;;
07/01/2015;02:46:00;19;com vítima;788,9;BR-116/BA;Norte;Colisão Transversal;1;;1;;;;;;;;1;1;;;2
08/01/2015;23:59:00;287;com vítima;4,5;BR-116/BA - ContSuFS;Norte;Queda de Moto;;;;1;;;;;;;0;;;1;
08/01/2015;22:28:00;278;sem vítima;16,8;BR-116/BA - Cont VC;Sul;Colisão Lateral;1;;1;;;;;;;;2;;;;
08/01/2015;14:22:00;176;sem vítima;442,2;BR-116/BA;Sul;Capotamento;1;;;;;;;;;;3;;;;
08/01/2015;16:05:00;201;sem vítima;519,4;BR-324/BA;Oeste;Colisão Lateral;;;2;;;;;;;;3;;;;
08/01/2015;13:54:00;173;sem vítima;549,1;BR-324/BA;Leste;Saida de Pista;1;;1;;;;;;;;2;;;;
08/01/2015;18:25:00;228;com vítima;557,1;BR-324/BA;Leste;Capotamento;1;;;;;;;;;;0;;;1;
08/01/2015;14:02:00;174;com vítima;575;BR-324/BA;Oeste;Capotamento;1;;;;;;;;;;3;1;;;
08/01/2015;22:09:00;276;sem vítima;603,3;BR-324/BA;Leste;Saida de Pista;1;;;;;1;;;;;3;;;;
08/01/2015;17:53:00;220;sem vítima;615,2;BR-324/BA;Leste;Engavetamento;3;;;;;;;;;;4;;;;
08/01/2015;15:26:00;190;sem vítima;619,1;BR-324/BA;Oeste;Saida de Pista;;;1;;;;;;;;1;;;;
08/01/2015;11:51:00;149;sem vítima;714,3;BR-116/BA;Sul;Saida de Pista;1;;;;;1;;;;;5;;;;
08/01/2015;09:38:00;92;sem vítima;796,5;BR-116/BA;Norte;Colisão Traseira;1;;;;;1;;;;;3;;;;
08/01/2015;08:06:00;54;com vítima;901,8;BR-116/BA;Norte;Saida de Pista;1;;;;;;;;;;0;1;;;
09/01/2015;17:03:00;191;sem vítima;558,2;BR-324/BA;Oeste;Saida de Pista;1;;;;;;;;;;1;;;;
09/01/2015;10:10:00;83;sem vítima;563;BR-324/BA;Leste;Saida de Pista;;;1;;;;;;;;1;;;;
09/01/2015;07:19:00;33;sem vítima;609,7;BR-324/BA;Oeste;Colisão Traseira;;;1;;1;;;;;;24;;;;
09/01/2015;08:12:00;47;sem vítima;619,8;BR-324/BA;Leste;Engavetamento;3;;;;;;;;;;6;;;;
09/01/2015;06:11:00;21;sem vítima;714,2;BR-116/BA;Sul;Colisão Lateral;;;2;;;;;;;;4;;;;
09/01/2015;16:29:00;182;sem vítima;797,9;BR-116/BA;Norte;Saida de Pista;1;;;;;1;;;;;3;;;;
10/01/2015;14:36:00;166;com vítima;7,1;BA-526;Norte;Colisão Traseira;2;;;;;;;;;;2;;1;;1
10/01/2015;07:58:00;45;sem vítima;550,9;BR-324/BA;Oeste;Saida de Pista;1;;;;;;;;;;1;;;;
10/01/2015;12:33:00;131;com vítima;460,3;BR-116/BA;Norte;Colisão Lateral;;;;1;;1;;;;;1;;1;;
10/01/2015;11:02:00;109;sem vítima;560,1;BR-324/BA;Oeste;Colisão Transversal;1;;1;;;;;;;;6;;;;
10/01/2015;18:51:00;221;sem vítima;560,1;BR-324/BA;Oeste;Colisão Transversal;2;;;;;;;;;;10;;;;
10/01/2015;18:25:00;217;com vítima;502,2;BR-116/BA;Sul;Colisão Lateral;2;;1;;;;;;;;7;;;1;4
10/01/2015;07:05:00;34;sem vítima;508,4;BR-116/BA;Norte;Colisão Traseira;;;1;;;1;;;;;2;;;;
10/01/2015;08:15:00;51;com vítima;849,9;BR-116/BA;Norte;Saida de Pista;2;;;;;;;;;;3;3;;;
10/01/2015;14:51:00;170;sem vítima;864,2;BR-116/BA;Sul;Engavetamento;;;3;;;;;;;;3;;;;
11/01/2015;17:00:00;154;com vítima;427;BR-116/BA;Norte;Queda de Moto;;;;1;;;;;;;0;1;;;
11/01/2015;17:03:00;152;com vítima;518,3;BR-324/BA;Leste;Queda de Moto;;;;1;;;;;;;0;1;;;