data;horario;n_da_ocorrencia;tipo_de_ocorrencia;km;trecho;sentido;tipo_de_acidente;automovel;bicicleta;caminhao;moto;onibus;outros;tracao_animal;transporte_de_cargas_especiais;trator_maquinas;utilitarios;ilesos;levemente_feridos;moderadamente_feridos;gravemente_feridos;mortos
23/02/2015;06:38:00;31;sem vítima;624,9;BR-324/BA;Leste;Saida de Pista;1;;;;;;;;;;1;;;;
23/02/2015;20:34:00;269;sem vítima;619;BR-116/BA;Sul;Colisão Traseira;;;1;;;1;;;;;2;;;;
24/02/2015;13:35:00;158;com vítima;536,8;BR-324/BA;Leste;Queda de Moto;;;;1;;1;;;;;1;;1;;
24/02/2015;07:27:00;27;sem vítima;454;BR-116/BA;Sul;Choque - Veiculo parado na pista;1;;;;;;;;;1;16;;;;
24/02/2015;00:40:00;3;sem vítima;574,8;BR-324/BA;Leste;Colisão Traseira;2;;;;;1;;;;;4;;;;
24/02/2015;13:33:00;157;sem vítima;482,1;BR-116/BA;Norte;Colisão Traseira;1;;1;;;;;;;;5;;;;
24/02/2015;06:59:00;19;com vítima;585,7;BR-324/BA;Leste;Saida de Pista;;;;;1;;;;;;7;5;1;;
24/02/2015;10:01:00;90;com vítima;590;BR-324/BA;Oeste;Saida de Pista;1;;;;;;;;;;0;1;1;;
24/02/2015;10:10:00;92;sem vítima;611;BR-324/BA;Oeste;Colisão Traseira;1;;;;;1;;;;;3;;;;
24/02/2015;11:12:00;117;sem vítima;620,1;BR-324/BA;Oeste;Colisão Traseira;2;;;;;;;;;;3;;;;
24/02/2015;18:55:00;234;com vítima;586,2;BR-116/BA;Sul;Queda de Moto;;;;1;;;;;;;1;1;;;
24/02/2015;06:25:00;13;com vítima;602,1;BR-116/BA;Sul;Saida de Pista;1;;;;;;;;;;0;1;;;
25/02/2015;13:19:00;142;com vítima;441,95;BR-116/BA;Sul;Tombamento;;;1;;;;;;;;0;;1;;
25/02/2015;05:58:00;21;com vítima;442,1;BR-116/BA;Sul;Saida de Pista;1;;;;;;;;;;0;1;;;
25/02/2015;06:26:00;27;com vítima;525,1;BR-324/BA;Oeste;Queda de Moto;;;;1;;;;;;;0;1;;;
26/02/2015;13:35:00;153;com vítima;5;BA-526;Sul;Saida de Pista;1;;;;;;;;;;0;1;;;
26/02/2015;12:33:00;138;sem vítima;16,6;BR-116/BA - Cont VC;Norte;Colisão Transversal;1;;;;1;;;;;;7;;;;
26/02/2015;12:43:00;140;sem vítima;448,1;BR-116/BA;Sul;Engavetamento;;;3;;;;;;;;3;;;;
26/02/2015;19:06:00;220;com vítima;555,1;BR-324/BA;Leste;Saida de Pista;1;;;;;;;;;;0;1;;;
26/02/2015;03:36:00;11;sem vítima;478;BR-116/BA;Norte;Choque - Outros;;;1;;;;;;;;1;;;;
26/02/2015;05:30:00;13;sem vítima;482,3;BR-116/BA;Norte;Saida de Pista;;;1;;;;;;;;1;;;;
26/02/2015;17:58:00;206;sem vítima;592,2;BR-324/BA;Leste;Colisão Traseira;2;;;;;;;;;;4;;;;
26/02/2015;13:01:00;145;com vítima;596,4;BR-324/BA;Leste;Saida de Pista;1;;;;;;;;;;0;1;;;
26/02/2015;18:28:00;211;com vítima;615,6;BR-324/BA;Leste;Atropelamento de Pedestre;;;;1;;;;;;;0;2;1;;
26/02/2015;13:25:00;149;com vítima;619,05;BR-324/BA;Oeste;Colisão Traseira;1;;;;;;;;;1;5;1;;;
26/02/2015;16:24:00;183;com vítima;812;BR-116/BA;Norte;Queda de Moto;;;;1;;;;;;;0;1;;;
27/02/2015;01:20:00;6;sem vítima;464;BR-116/BA;Sul;Atropelamento de Animal;1;;;;;;;;;;1;;;;
27/02/2015;23:45:00;298;sem vítima;479,15;BR-116/BA;Sul;Colisão Lateral;1;;1;;;;;;;;4;;;;
27/02/2015;07:34:00;41;sem vítima;623,9;BR-324/BA;Leste;Colisão Traseira;2;;;;;;;;;;3;;;;
27/02/2015;19:42:00;249;sem vítima;567,05;BR-116/BA;Sul;Colisão Lateral;1;;1;;;;;;;;2;;;;
27/02/2015;11:07:00;122;sem vítima;734,5;BR-116/BA;Norte;Colisão Lateral;;;2;;;;;;;;2;;;;
27/02/2015;22:52:00;288;sem vítima;771,2;BR-116/BA;Norte;Saida de Pista;;;1;;;;;;;;1;;;;
27/02/2015;12:36:00;151;com vítima;799,7;BR-116/BA;Sul;Atropelamento de Pedestre;;;1;;;;;;;;1;;;;1
27/02/2015;05:38:00;21;com vítima;807,1;BR-116/BA;Sul;Colisão Frontal;2;;;;;;;;;;2;1;;;
27/02/2015;08:26:00;57;com vítima;830,7;BR-116/BA;Norte;Queda de Moto;;;;1;;;;;;;0;1;;;
27/02/2015;19:07:00;245;sem vítima;866,7;BR-116/BA;Sul;Colisão Lateral;1;;1;;;1;;;;;3;;;;
28/02/2015;22:31:00;280;com vítima;7;BR-116/BA - ContSuFS;Sul;Colisão Lateral;2;;;;;;;;;;0;;1;;1
28/02/2015;12:51:00;145;sem vítima;448,7;BR-116/BA;Sul;Colisão Traseira;;;2;;;;;;;;2;;;;
28/02/2015;14:25:00;170;sem vítima;532,2;BR-324/BA;Oeste;Engavetamento;;;1;;;2;;;;;3;;;;
28/02/2015;23:10:00;286;sem vítima;549;BR-324/BA;Leste;Saida de Pista;1;;;;;;;;;;1;;;;
28/02/2015;13:59:00;163;sem vítima;553,5;BR-324/BA;Leste;Engavetamento;3;;;;;;;;;;5;;;;
28/02/2015;12:06:00;133;sem vítima;567,2;BR-324/BA;Oeste;Colisão Lateral;2;;;;;;;;;;6;;;;
28/02/2015;13:06:00;152;com vítima;567,2;BR-324/BA;Oeste;Colisão Traseira;2;;;;;;;;;;3;3;;;
28/02/2015;23:54:00;295;sem vítima;473,2;BR-116/BA;Sul;Saida de Pista;1;;;;;;;;;;1;;;;
28/02/2015;16:13:00;198;sem vítima;586,3;BR-324/BA;Leste;Saida de Pista;1;;;;;;;;;;1;;;;
28/02/2015;13:54:00;162;com vítima;588,1;BR-324/BA;Oeste;Saida de Pista;1;;;;;;;;;;1;;1;1;
28/02/2015;22:28:00;279;sem vítima;604;BR-324/BA;Leste;Capotamento;1;;;;;;;;;;4;;;;
28/02/2015;22:39:00;282;sem vítima;604;BR-324/BA;Leste;Saida de Pista;;;;;;;;;;1;1;;;;
28/02/2015;08:51:00;80;sem vítima;519;BR-116/BA;Sul;Colisão Traseira;;;2;;;;;;;;2;;;;
28/02/2015;17:55:00;232;com vítima;618;BR-324/BA;Leste;Atropelamento de Pedestre;;;;;1;;;;;;1;;;1;
28/02/2015;16:52:00;212;sem vítima;542,7;BR-116/BA;Sul;Engavetamento;1;;3;;;;;;;;10;;;;
28/02/2015;18:01:00;233;com vítima;648,4;BR-116/BA;Sul;Colisão Frontal;1;;1;;;;;;;;1;;1;1;
28/02/2015;20:37:00;263;com vítima;737,3;BR-116/BA;Norte;Saida de Pista;1;;;;;;;;;;0;1;;;
28/02/2015;16:25:00;203;sem vítima;777,1;BR-116/BA;Sul;Colisão Transversal;1;;;1;;;;;;;5;;;;
28/02/2015;10:02:00;98;com vítima;782,05;BR-116/BA;Sul;Colisão Lateral;1;;1;;;;;;;;2;1;;;
28/02/2015;02:12:00;10;sem vítima;831,5;BR-116/BA;Sul;Atropelamento de Animal;;;1;;;;;;;;1;;;;
01/03/2015;17:26:00;187;com vítima;444,7;BR-116/BA;Norte;Queda de Moto;;;;1;;;;;;;0;;2;;
01/03/2015;21:24:00;246;com vítima;537,02;BR-324/BA;Leste;Colisão Transversal;3;;;;;;;;;;3;1;;;
01/03/2015;14:10:00;149;sem vítima;563,2;BR-324/BA;Oeste;Saida de Pista;;;1;;;;;;;;1;;;;
01/03/2015;13:43:00;141;sem vítima;570,3;BR-324/BA;Oeste;Colisão Traseira;2;;;;;;;;;;4;;;;
01/03/2015;15:01:00;159;com vítima;573,6;BR-324/BA;Oeste;Saida de Pista;;;1;;;;;;;;0;1;;;
01/03/2015;18:45:00;206;sem vítima;587,5;BR-324/BA;Leste;Capotamento;1;;;;;;;;;;3;;;;
01/03/2015;19:14:00;211;com vítima;587,5;BR-324/BA;Leste;Saida de Pista;1;;;;;;;;;;0;2;1;;
01/03/2015;10:48:00;92;sem vítima;590,05;BR-324/BA;Leste;Saida de Pista;1;;;;;;;;;;1;;;;
01/03/2015;16:23:00;172;sem vítima;607,7;BR-324/BA;Oeste;Saida de Pista;1;;;;;1;;;;;3;;;;
01/03/2015;21:18:00;245;sem vítima;609,1;BR-324/BA;Leste;Colisão Traseira;2;;;;;;;;;;5;;;;
01/03/2015;14:20:00;151;sem vítima;592,6;BR-116/BA;Norte;Tombamento;;;1;;;;;;;;1;;;;
01/03/2015;07:32:00;49;sem vítima;736;BR-116/BA;Norte;Tombamento;;;1;;;;;;;;1;;;;
01/03/2015;03:13:00;15;sem vítima;844,4;BR-116/BA;Sul;Colisão Lateral;;;2;;;;;;;;2;;;;
01/03/2015;19:44:00;216;com vítima;846;BR-116/BA;Norte;Colisão Lateral;;;1;1;;;;;;;1;;1;;
01/03/2015;05:13:00;19;com vítima;851,6;BR-116/BA;Sul;Saida de Pista;1;;;;;;;;;;2;1;;;
02/03/2015;19:20:00;229;sem vítima;540,2;BR-324/BA;Leste;Atropelamento de Animal;1;;;;;;;;;;1;;;;
02/03/2015;19:32:00;232;sem vítima;540,2;BR-324/BA;Oeste;Atropelamento de Animal;;;1;;;;;;;;1;;;;
02/03/2015;21:17:00;248;sem vítima;557,6;BR-324/BA;Oeste;Colisão Traseira;1;;1;;;;;;;;2;;;;
02/03/2015;09:05:00;78;sem vítima;562,6;BR-324/BA;Leste;Saida de Pista;1;;;;;;;;;;1;;;;
02/03/2015;05:38:00;22;com vítima;563,1;BR-324/BA;Leste;Queda de Moto;;;;1;;;;;;;0;1;1;;
02/03/2015;09:58:00;100;sem vítima;577,95;BR-324/BA;Oeste;Saida de Pista;1;;;;;;;;;;1;;;;
02/03/2015;09:38:00;92;sem vítima;609;BR-324/BA;Leste;Colisão Traseira;2;;;;;1;;;;;4;;;;
02/03/2015;08:58:00;75;sem vítima;609,95;BR-324/BA;Oeste;Engavetamento;1;;;;2;;;;;;17;;;;
02/03/2015;18:36:00;221;com vítima;779;BR-116/BA;Sul;Atropelamento de Pedestre;;;;1;;;;;;;0;1;1;;
03/03/2015;15:12:00;172;sem vítima;520;BR-324/BA;Leste;Colisão Traseira;1;;1;;;1;;;;;3;;;;
03/03/2015;16:10:00;180;sem vítima;533,2;BR-324/BA;Leste;Choque - Defensa, barreira ou "submarino";;;1;;;;;;;;1;;;;
03/03/2015;12:13:00;125;sem vítima;550,3;BR-324/BA;Oeste;Colisão Lateral;1;;1;;;;;;;;5;;;;
03/03/2015;05:36:00;17;com vítima;575;BR-324/BA;Leste;Saida de Pista;;;;;;;;;;1;11;1;;;
03/03/2015;09:23:00;72;com vítima;513;BR-116/BA;Sul;Colisão Lateral;1;;1;;;;;;;;4;;1;;
03/03/2015;03:11:00;14;sem vítima;613;BR-324/BA;Leste;Colisão Transversal;1;;1;;;;;;;;2;;;;
03/03/2015;10:01:00;81;com vítima;616,2;BR-324/BA;Oeste;Engavetamento;3;;;;;;;;;;8;1;;;
03/03/2015;15:58:00;178;sem vítima;617;BR-324/BA;Leste;Colisão Lateral;;;;;1;1;;;;;2;;;;
03/03/2015;09:05:00;63;sem vítima;620,2;BR-324/BA;Leste;Colisão Traseira;1;;;;;;;;;1;3;;;;
03/03/2015;00:43:00;6;com vítima;620,3;BR-324/BA;Leste;Capotamento;1;;;;;;;;;;1;1;2;;
03/03/2015;13:51:00;147;sem vítima;549,8;BR-116/BA;Norte;Colisão Transversal;;;2;;;;;;;;2;;;;
04/03/2015;17:00:00;205;sem vítima;4,9;BR-116/BA - ContSuFS;Sul;Choque - Defensa, barreira ou "submarino";;;1;;;;;;;;1;;;;
04/03/2015;18:25:00;218;sem vítima;525;BR-324/BA;Oeste;Colisão Traseira;1;;1;;;;;;;;2;;;;
04/03/2015;04:09:00;16;sem vítima;575,5;BR-324/BA;Oeste;Colisão Traseira;1;;1;;;;;;;;4;;;;
04/03/2015;15:00:00;173;sem vítima;500;BR-116/BA;Norte;Saida de Pista;1;;;;;1;;;;;5;;;;
04/03/2015;11:23:00;130;com vítima;515,1;BR-116/BA;Sul;Queda de Moto;;;;1;;;;;;;0;;1;;
04/03/2015;11:42:00;138;sem vítima;744,99;BR-116/BA;Norte;Saida de Pista;;;1;;;;;;;;1;;;;
05/03/2015;08:11:00;58;sem vítima;553;BR-324/BA;Leste;Colisão Traseira;1;;;;;;;;;1;5;;;;
05/03/2015;23:58:00;250;sem vítima;619,15;BR-324/BA;Oeste;Saida de Pista;1;;;;;;;;;;1;;;;
05/03/2015;09:37:00;79;sem vítima;648,5;BR-116/BA;Norte;Saida de Pista;;;;;;;;;;1;1;;;;
05/03/2015;15:40:00;165;com vítima;710,4;BR-116/BA;Norte;Saida de Pista;;;1;;;;;;;;0;;1;;
05/03/2015;10:42:00;105;sem vítima;814,2;BR-116/BA;Sul;Colisão Traseira;;;;;;;;;;2;2;;;;
06/03/2015;01:51:00;7;sem vítima;542,2;BR-324/BA;Oeste;Saida de Pista;1;;;;;;;;;;1;;;;
06/03/2015;16:21:00;199;com vítima;565,2;BR-324/BA;Oeste;Saida de Pista;1;;;;;;;;;;0;;1;;
06/03/2015;12:29:00;140;sem vítima;566,9;BR-324/BA;Oeste;Saida de Pista;1;;;;;;;;;;1;;;;
06/03/2015;17:28:00;210;sem vítima;567,6;BR-324/BA;Oeste;Engavetamento;3;;;;;;;;;;3;;;;
06/03/2015;07:27:00;38;sem vítima;568,3;BR-324/BA;Oeste;Saida de Pista;;;;1;;;;;;;2;;;;
06/03/2015;21:49:00;263;sem vítima;590,2;BR-324/BA;Leste;Colisão Traseira;1;;1;;;;;;;;2;;;;
06/03/2015;14:16:00;163;sem vítima;495,1;BR-116/BA;Norte;Colisão Traseira;1;;1;;;;;;;;3;;;;
06/03/2015;16:03:00;194;sem vítima;508;BR-116/BA;Norte;Saida de Pista;;;;;;;;;;1;1;;;;
06/03/2015;15:54:00;188;sem vítima;509,05;BR-116/BA;Norte;Saida de Pista;;;1;;;;;;;;1;;;;
06/03/2015;14:26:00;167;sem vítima;610,02;BR-324/BA;Oeste;Colisão Traseira;;;;1;;2;;;;;3;;;;
06/03/2015;18:15:00;221;sem vítima;617,2;BR-324/BA;Leste;Colisão Traseira;2;;;;;;;;;;3;;;;
06/03/2015;16:55:00;207;com vítima;531,8;BR-116/BA;Norte;Tombamento;;;1;;;;;;;;0;;;;1
06/03/2015;14:44:00;170;sem vítima;745,1;BR-116/BA;Sul;Choque Contra Objeto Fixo;1;;;;;1;;;;;5;;;;
06/03/2015;12:42:00;144;sem vítima;747,3;BR-116/BA;Norte;Colisão Lateral;1;;;;;1;;;;;2;;;;
06/03/2015;19:19:00;234;com vítima;819;BR-116/BA;Sul;Queda de Moto;;;;1;;;;;;;0;1;;;
07/03/2015;16:21:00;165;sem vítima;11;BR-116/BA - Cont VC;Sul;Atropelamento - Ciclista;;1;;1;;;;;;;2;;;;
07/03/2015;15:32:00;154;sem vítima;11,3;BR-116/BA - Cont VC;Sul;Colisão Traseira;;;;1;1;;;;;;26;;;;
07/03/2015;06:56:00;40;sem vítima;518;BR-324/BA;Oeste;Tombamento;;;1;;;;;;;;1;;;;
07/03/2015;16:48:00;174;sem vítima;523;BR-324/BA;Oeste;Colisão Lateral;1;;;;;;;;;;3;;;;
07/03/2015;13:22:00;135;com vítima;547;BR-324/BA;Oeste;Colisão Traseira;;;1;1;;;;;;;1;;1;1;
07/03/2015;10:11:00;95;sem vítima;478;BR-116/BA;Sul;Colisão Lateral;1;;1;;;1;;;;;6;;;;
07/03/2015;07:08:00;45;sem vítima;623;BR-324/BA;Leste;Queda de Moto;;;;1;;;;;;;1;;;;
07/03/2015;16:29:00;171;sem vítima;651,5;BR-116/BA;Sul;Capotamento;1;;;;;;;;;;1;;;;
07/03/2015;17:33:00;183;sem vítima;722;BR-116/BA;Sul;Colisão Traseira;;;2;;;;;;;;2;;;;
07/03/2015;12:34:00;127;sem vítima;755,2;BR-116/BA;Norte;Colisão Lateral;1;;1;;;;;;;;5;;;;
07/03/2015;11:29:00;112;sem vítima;815,4;BR-116/BA;Norte;Colisão Traseira;1;;;;1;;;;;;22;;;;
07/03/2015;19:59:00;222;com vítima;860,6;BR-116/BA;Sul;Queda de Moto;;;;1;;;;;;;0;1;;;
07/03/2015;06:16:00;29;com vítima;862,2;BR-116/BA;Norte;Colisão Frontal;1;;1;;;;;;;;1;;;;1
07/03/2015;12:32:00;126;sem vítima;909,2;BR-116/BA;Sul;Colisão Traseira;;;2;;;;;;;;3;;;;
08/03/2015;19:26:00;180;sem vítima;5;BA-526;Sul;Saida de Pista;1;;;;;;;;;;1;;;;
08/03/2015;20:07:00;186;sem vítima;10;BR-116/BA - Cont VC;Sul;Saida de Pista;1;;;;;;;;;;1;;;;
08/03/2015;19:24:00;179;com vítima;523;BR-324/BA;Leste;Queda de Moto;;;;1;;;;;;;0;;1;;
08/03/2015;15:52:00;128;sem vítima;550;BR-324/BA;Leste;Colisão Transversal;1;;;1;;;;;;;2;;;;
08/03/2015;20:40:00;190;sem vítima;583;BR-324/BA;Leste;Saida de Pista;1;;;;;;;;;;1;;;;
08/03/2015;00:31:00;3;sem vítima;773,8;BR-116/BA;Norte;Colisão Traseira;1;;;;;1;;;;;5;;;;
08/03/2015;11:59:00;86;sem vítima;777,5;BR-116/BA;Sul;Colisão Transversal;1;;;1;;;;;;;2;;;;
08/03/2015;18:18:00;168;sem vítima;801,2;BR-116/BA;Sul;Colisão Frontal;;;2;;;;;;;;2;;;;
08/03/2015;17:17:00;153;com vítima;819,7;BR-116/BA;Sul;Queda de Moto;;;;1;;;;;;;0;1;;;
09/03/2015;19:47:00;247;sem vítima;447;BR-116/BA;Sul;Colisão Lateral;2;;;;;;;;;;5;;;;
09/03/2015;09:30:00;85;com vítima;534,2;BR-324/BA;Leste;Queda de Moto;;;;1;;;;;;;0;;2;;
09/03/2015;14:28:00;159;sem vítima;552,1;BR-324/BA;Oeste;Saida de Pista;1;;;;;;;;;;2;;;;
09/03/2015;10:17:00;99;sem vítima;561,8;BR-324/BA;Leste;Saida de Pista;;;;;;;;;;1;2;;;;
09/03/2015;10:20:00;101;sem vítima;603,2;BR-324/BA;Leste;Colisão Lateral;1;;;;;;;;;1;4;;;;
09/03/2015;19:12:00;241;com vítima;531;BR-116/BA;Sul;Colisão Lateral;1;;1;;;;;;;;1;;1;;
09/03/2015;19:43:00;246;sem vítima;797,4;BR-116/BA;Sul;Saida de Pista;;;;;;;;;;1;1;;;;
09/03/2015;07:57:00;50;sem vítima;888,5;BR-116/BA;Norte;Saida de Pista;1;;;;;1;;;;;2;;;;
10/03/2015;08:25:00;65;sem vítima;520,1;BR-324/BA;Leste;Colisão Traseira;;;2;;;;;;;;2;;;;
10/03/2015;01:25:00;13;sem vítima;565,1;BR-324/BA;Oeste;Atropelamento de Animal;1;;;;;;;;;;5;;;;
10/03/2015;07:59:00;55;sem vítima;613;BR-324/BA;Oeste;Engavetamento;3;;;;;;;;;;5;;;;
10/03/2015;06:30:00;35;sem vítima;613,2;BR-324/BA;Oeste;Engavetamento;3;;;;;;;;;;4;;;;
10/03/2015;14:52:00;189;sem vítima;614;BR-324/BA;Leste;Colisão Traseira;;;1;;;;;;;1;2;;;;
10/03/2015;18:57:00;248;sem vítima;618,2;BR-324/BA;Leste;Engavetamento;1;;;;;2;;;;;3;;;;
10/03/2015;05:16:00;26;sem vítima;642,1;BR-116/BA;Norte;Saida de Pista;;;1;;;1;;;;;2;;;;
11/03/2015;08:34:00;58;sem vítima;7,5;BR-116/BA - Cont VC;Sul;Colisão Traseira;;;2;;;;;;;;3;;;;
11/03/2015;16:38:00;188;sem vítima;519;BR-324/BA;Oeste;Colisão Traseira;;;2;;;;;;;;2;;;;
11/03/2015;07:53:00;48;com vítima;546,2;BR-324/BA;Leste;Queda de Moto;;;;1;;;;;;;0;1;;;
11/03/2015;09:27:00;74;sem vítima;551,2;BR-324/BA;Leste;Colisão Lateral;1;;1;;;;;;;;3;;;;
11/03/2015;09:47:00;79;sem vítima;551,3;BR-324/BA;Leste;Colisão Lateral;1;;1;;;;;;;;2;;;;
11/03/2015;10:19:00;93;sem vítima;559;BR-324/BA;Leste;Engavetamento;1;;;;;;;;;3;4;;;;
11/03/2015;14:53:00;161;sem vítima;477,9;BR-116/BA;Sul;Saida de Pista;1;;;;;;;;;;3;;;;
11/03/2015;06:47:00;35;sem vítima;617,2;BR-324/BA;Oeste;Engavetamento;2;;;;;1;;;;;3;;;;
12/03/2015;14:09:00;186;com vítima;426,6;BR-116/BA;Sul;Colisão Transversal;1;;1;;;;;;;;1;2;;;
12/03/2015;17:47:00;249;sem vítima;526,2;BR-324/BA;Oeste;Colisão Lateral;1;;1;;;;;;;;2;;;;
12/03/2015;17:25:00;243;sem vítima;526,5;BR-324/BA;Oeste;Colisão Traseira;2;;;;;;;;;;2;;;;
12/03/2015;08:54:00;86;sem vítima;558,2;BR-324/BA;Leste;Colisão Traseira;2;;;;;;;;;;4;;;;
12/03/2015;09:26:00;97;sem vítima;560,3;BR-324/BA;Leste;Colisão Traseira;2;;;;;;;;;;3;;;;
12/03/2015;02:21:00;9;sem vítima;562;BR-324/BA;Oeste;Saida de Pista;1;;;;;;;;;;1;;;;
12/03/2015;10:17:00;116;sem vítima;568,2;BR-324/BA;Leste;Engavetamento;1;;2;;;;;;;;3;;;;
12/03/2015;14:31:00;198;sem vítima;592,3;BR-324/BA;Leste;Saida de Pista;1;;;;;1;;;;;2;;;;
12/03/2015;13:46:00;178;sem vítima;495;BR-116/BA;Norte;Saida de Pista;;;;;;;;;;1;1;;;;
12/03/2015;08:57:00;88;sem vítima;603,6;BR-324/BA;Leste;Saida de Pista;1;;;;;1;;;;;2;;;;
12/03/2015;15:02:00;204;sem vítima;572,3;BR-116/BA;Sul;Colisão Lateral;;;1;;;;;;;1;3;;;;
12/03/2015;06:06:00;32;sem vítima;756,2;BR-116/BA;Sul;Colisão Traseira;1;;1;;;;;;;;2;;;;
13/03/2015;07:09:00;50;com vítima;526,8;BR-324/BA;Oeste;Saida de Pista;;;;;;;;;;1;0;;1;1;
13/03/2015;17:43:00;237;com vítima;546,9;BR-324/BA;Oeste;Colisão Traseira;1;;1;;;;;;;;1;1;;;
13/03/2015;07:45:00;58;sem vítima;570,6;BR-324/BA;Leste;Colisão Lateral;2;;1;;;1;;;;;4;;;;
13/03/2015;12:58:00;156;sem vítima;583;BR-324/BA;Oeste;Engavetamento;2;;;;;;;;;1;3;;;;
13/03/2015;20:15:00;271;sem vítima;488;BR-116/BA;Norte;Saida de Pista;1;;;;;1;;;;;2;;;;
13/03/2015;17:06:00;227;sem vítima;607,15;BR-324/BA;Oeste;Colisão Traseira;2;;;;;;;;;;5;;;;
13/03/2015;21:19:00;289;sem vítima;640,5;BR-116/BA;Norte;Saida de Pista;;;1;;;;;;;;1;;;;
14/03/2015;05:11:00;26;com vítima;565;BR-324/BA;Oeste;Saida de Pista;1;;;;;;;;;;0;1;;;
14/03/2015;01:01:00;9;com vítima;607,1;BR-324/BA;Oeste;Queda de Moto;;;;1;;;;;;;0;;1;;
14/03/2015;23:55:00;264;com vítima;670;BR-116/BA;Sul;Colisão Lateral;;;;2;;;;;;;2;1;;;
14/03/2015;16:51:00;206;sem vítima;770,6;BR-116/BA;Norte;Colisão Traseira;;;1;;;;;;;1;2;;;;
15/03/2015;15:14:00;132;com vítima;6,1;BR-116/BA - Cont VC;Sul;Colisão Transversal;;;;1;;1;;;;;1;1;;;
15/03/2015;14:09:00;116;sem vítima;7,1;BR-116/BA - Cont VC;Sul;Colisão Traseira;2;;;;;;;;;;2;;;;
15/03/2015;12:02:00;102;sem vítima;608,7;BR-324/BA;Leste;Queda de Moto;;;;1;;;;;;1;3;;;;
15/03/2015;19:23:00;195;sem vítima;621;BR-324/BA;Leste;Choque - Defensa, barreira ou "submarino";1;;;;;;;;;;1;;;;
15/03/2015;12:04:00;104;sem vítima;581;BR-116/BA;Norte;Tombamento;;;1;;;;;;;;1;;;;
15/03/2015;20:27:00;203;com vítima;717,8;BR-116/BA;Sul;Queda de Moto;;;;1;;;;;;;0;1;;;
15/03/2015;18:37:00;184;com vítima;814,9;BR-116/BA;Sul;Queda de Moto;;;;1;;;;;;;0;1;;;
15/03/2015;15:23:00;135;sem vítima;837,4;BR-116/BA;Norte;Colisão Traseira;;;2;;;;;;;;2;;;;
16/03/2015;17:15:00;210;com vítima;522;BR-324/BA;Oeste;Queda de Moto;;;;1;;;;;;;0;1;;;
16/03/2015;09:57:00;105;sem vítima;525,3;BR-324/BA;Oeste;Capotamento;1;;1;;;1;;;;;3;;;;
16/03/2015;09:58:00;170;com vítima;525,3;BR-324/BA;Leste;Saida de Pista;2;;;;;;;;;;1;1;1;;
16/03/2015;14:30:00;171;sem vítima;528,7;BR-324/BA;Oeste;Colisão Traseira;1;;1;;;;;;;;2;;;;
16/03/2015;15:51:00;186;sem vítima;530,85;BR-324/BA;Oeste;Saida de Pista;1;;;;;;;;;;1;;;;
16/03/2015;06:14:00;29;com vítima;449,8;BR-116/BA;Norte;Saida de Pista;1;;;;;;;;;;3;1;;;
16/03/2015;22:59:00;270;sem vítima;562;BR-324/BA;Oeste;Queda de Moto;;;;1;;;;;;;1;;;;
16/03/2015;22:58:00;269;sem vítima;570;BR-324/BA;Oeste;Saida de Pista;1;;;;;;;;;;1;;;;
16/03/2015;12:36:00;147;sem vítima;596,1;BR-324/BA;Oeste;Saida de Pista;1;;;;;;;;;;1;;;;
16/03/2015;14:14:00;168;com vítima;617,3;BR-324/BA;Leste;Colisão Traseira;;;;;;1;;;;1;1;1;;;
16/03/2015;10:01:00;110;sem vítima;618,2;BR-324/BA;Leste;Engavetamento;1;;1;;;1;;;;;4;;;;
16/03/2015;08:05:00;64;sem vítima;620,3;BR-324/BA;Oeste;Colisão Traseira;1;;;1;;;;;;;2;;;;
16/03/2015;15:30:00;184;sem vítima;614,2;BR-116/BA;Norte;Colisão Traseira;;;2;;;;;;;;2;;;;
16/03/2015;08:14:00;68;sem vítima;643,4;BR-116/BA;Norte;Colisão Lateral;;;1;;1;;;;;;16;;;;
16/03/2015;04:09:00;12;sem vítima;828,1;BR-116/BA;Sul;Atropelamento de Animal;;;1;;;;;;;;1;;;;
17/03/2015;02:29:00;7;com vítima;530;BR-324/BA;Leste;Saida de Pista;1;;;;;;;;;;1;;1;;
17/03/2015;06:09:00;21;sem vítima;584;BR-116/BA;Sul;Colisão Lateral;;;2;;;;;;;;2;;;;
17/03/2015;07:29:00;34;sem vítima;644;BR-116/BA;Sul;Colisão Lateral;;;4;;;;;;;;4;;;;
18/03/2015;05:17:00;25;sem vítima;440,5;BR-116/BA;Sul;Saida de Pista;1;;;;;;;;;;2;;;;
18/03/2015;17:37:00;216;com vítima;523,1;BR-324/BA;Oeste;Colisão Traseira;;;;1;;1;;;;;1;1;;;
18/03/2015;02:45:00;15;com vítima;449,5;BR-116/BA;Sul;Saida de Pista;1;;;;;;;;;;0;1;3;1;
18/03/2015;03:52:00;21;sem vítima;456,3;BR-116/BA;Sul;Saida de Pista;1;;;;;;;;;;2;;;;
18/03/2015;05:29:00;26;sem vítima;551,8;BR-324/BA;Leste;Colisão Lateral;;;1;;1;;;;;1;5;;;;
18/03/2015;11:52:00;129;sem vítima;605;BR-324/BA;Oeste;Choque - Veiculo parado no acostamento;1;;1;;;;;;;;2;;;;
18/03/2015;06:01:00;30;sem vítima;574,4;BR-116/BA;Norte;Colisão Traseira;1;;1;;;;;;;;6;;;;
18/03/2015;16:49:00;200;com vítima;665;BR-116/BA;Norte;Queda de Moto;;;;1;;;;;;;0;2;;;