data;horario;n_da_ocorrencia;tipo_de_ocorrencia;km;trecho;sentido;tipo_de_acidente;automovel;bicicleta;caminhao;moto;onibus;outros;tracao_animal;transporte_de_cargas_especiais;trator_maquinas;utilitarios;ilesos;levemente_feridos;moderadamente_feridos;gravemente_feridos;mortos
07/04/2015;23:03:00;314;com vítima;611;BR-116/BA;Sul;Saida de Pista;1;;;;;;;;;;0;1;;;
08/04/2015;05:32:00;24;sem vítima;439,2;BR-116/BA;Sul;Outros;;;1;;;;;;;;1;;;;
08/04/2015;07:16:00;43;sem vítima;606,9;BR-324/BA;Oeste;Saida de Pista;1;;;;;;;;;;1;;;;
08/04/2015;07:45:00;53;com vítima;5,1;BA-526;Sul;Colisão Lateral;1;;1;;;;;;;;1;2;;;
08/04/2015;21:04:00;248;sem vítima;909;BR-116/BA;Sul;Colisão Traseira;1;;1;;;;;;;;2;;;;
08/04/2015;23:55:00;280;sem vítima;561,5;BR-324/BA;Leste;Saida de Pista;;;;;;;;;;1;2;;;;
09/04/2015;08:37:00;89;sem vítima;543,1;BR-324/BA;Oeste;Colisão Lateral;1;;1;;;;;;;;2;;;;
09/04/2015;09:37:00;124;sem vítima;609,5;BR-324/BA;Leste;Colisão Traseira;1;;;;;1;;;;;2;;;;
09/04/2015;10:00:00;138;sem vítima;546,2;BR-324/BA;Leste;Colisão Traseira;1;;1;;;;;;;;2;;;;
09/04/2015;10:36:00;150;sem vítima;587,6;BR-324/BA;Oeste;Saida de Pista;1;;;;;1;;;;;2;;;;
09/04/2015;11:22:00;161;com vítima;538,1;BR-324/BA;Oeste;Atropelamento de Pedestre;;;;;;1;;;;;1;1;;;
09/04/2015;12:37:00;191;sem vítima;606,2;BR-324/BA;Oeste;Saida de Pista;1;;;;;1;;;;;2;;;;
09/04/2015;13:05:00;201;sem vítima;543,2;BR-324/BA;Oeste;Saida de Pista;1;;;;;;;;;;1;;;;
09/04/2015;17:58:00;273;sem vítima;619;BR-324/BA;Leste;Colisão Traseira;2;;;;;;;;;;2;;;;
09/04/2015;18:38:00;276;sem vítima;559;BR-324/BA;Leste;Saida de Pista;1;;;;;1;;;;;4;;;;
09/04/2015;19:23:00;286;com vítima;545;BR-324/BA;Leste;Atropelamento de Pedestre;;;;;;1;;;;;1;;1;;
09/04/2015;20:03:00;292;sem vítima;427,5;BR-116/BA;Norte;Saida de Pista;1;;;;;;;;;;5;;;;
09/04/2015;20:15:00;293;com vítima;599;BR-324/BA;Oeste;Capotamento;1;;;;;;;;;;0;;1;;
09/04/2015;20:29:00;296;com vítima;789,5;BR-116/BA;Sul;Colisão Frontal;1;;1;;;;;;;;2;;1;1;1
09/04/2015;22:44:00;318;sem vítima;547;BR-324/BA;Oeste;Saida de Pista;;;1;;;;;;;;1;;;;
09/04/2015;23:56:00;329;com vítima;921,5;BR-116/BA;Norte;Saida de Pista;;;1;;;;;;;;0;1;;;
10/04/2015;00:13:00;3;com vítima;860,3;BR-116/BA;Norte;Saida de Pista;1;;;;;;;;;;0;;1;;
10/04/2015;04:14:00;16;com vítima;500,1;BR-116/BA;Norte;Capotamento;1;;;;;;;;;;3;2;;;
10/04/2015;06:30:00;31;com vítima;593;BR-324/BA;Oeste;Tombamento;;;1;;;;;;;;0;1;;;
10/04/2015;07:23:00;48;sem vítima;601,1;BR-324/BA;Oeste;Colisão Traseira;;;;;;1;;;;1;2;;;;
10/04/2015;10:08:00;104;sem vítima;572,2;BR-324/BA;Leste;Saida de Pista;1;;;;;;;;;;1;;;;
10/04/2015;10:32:00;115;sem vítima;533,6;BR-324/BA;Oeste;Saida de Pista;1;;;;;;;;;;1;;;;
10/04/2015;10:47:00;124;sem vítima;559,6;BR-324/BA;Leste;Saida de Pista;1;;;;;;;;;;1;;;;
10/04/2015;10:49:00;125;com vítima;577,3;BR-324/BA;Leste;Colisão Traseira;1;;;;;1;;;;;2;1;;;
10/04/2015;11:57:00;152;sem vítima;433,4;BR-116/BA;Sul;Saida de Pista;;;;;;;;;;1;2;;;;
10/04/2015;15:07:00;190;sem vítima;828;BR-116/BA;Sul;Saida de Pista;1;;;;;;;;;;1;;;;
10/04/2015;16:08:00;200;sem vítima;5,2;BA-526;Sul;Saida de Pista;1;;;;;;;;;;1;;;;
10/04/2015;16:12:00;201;sem vítima;623;BR-324/BA;Leste;Colisão Traseira;1;;;;;;;;;1;5;;;;
10/04/2015;16:18:00;203;sem vítima;563,5;BR-324/BA;Oeste;Saida de Pista;;;1;;;;;;;;1;;;;
10/04/2015;17:28:00;224;sem vítima;519,5;BR-324/BA;Leste;Engavetamento;3;;;;;;;;;;6;;;;
10/04/2015;17:35:00;228;sem vítima;534,2;BR-324/BA;Oeste;Colisão Traseira;1;;;;;1;;;;;4;;;;
10/04/2015;18:02:00;238;sem vítima;527;BR-324/BA;Leste;Colisão Lateral;1;;1;;;;;;;;2;;;;
10/04/2015;19:01:00;255;sem vítima;580;BR-324/BA;Oeste;Saida de Pista;1;;;;;;;;;;1;;;;
10/04/2015;21:28:00;289;sem vítima;900;BR-116/BA;Sul;Colisão Lateral;1;;1;;;;;;;;5;;;;
10/04/2015;21:53:00;290;sem vítima;574;BR-324/BA;Leste;Saida de Pista;;;1;;;;;;;;1;;;;
10/04/2015;23:05:00;297;sem vítima;457,2;BR-116/BA;Norte;Outros;;;1;;;;;;;;1;;;;
10/04/2015;23:45:00;302;sem vítima;438,1;BR-116/BA;Norte;Tombamento;;;1;;;;;;;;2;;;;
11/04/2015;00:40:00;4;sem vítima;439,5;BR-116/BA;Sul;Saida de Pista;;;1;;;;;;;;1;;;;
11/04/2015;03:04:00;13;sem vítima;616,9;BR-324/BA;Oeste;Saida de Pista;1;;;;;;;;;;1;;;;
11/04/2015;04:46:00;18;sem vítima;506,05;BR-116/BA;Sul;Saida de Pista;;;1;;;1;;;;;2;;;;
11/04/2015;08:00:00;58;sem vítima;616,3;BR-324/BA;Oeste;Colisão Traseira;2;;;;;;;;;;2;;;;
11/04/2015;14:48:00;176;sem vítima;786;BR-116/BA;Sul;Colisão Lateral;1;;1;;;;;;;;2;;;;
11/04/2015;17:24:00;209;sem vítima;829;BR-116/BA;Sul;Colisão Traseira;;;2;;;;;;;;2;;;;
11/04/2015;18:08:00;217;sem vítima;13;BR-116/BA - Cont VC;Norte;Queda de Moto;;;;1;;;;;;;1;;;;
11/04/2015;19:20:00;235;com vítima;783,2;BR-116/BA;Norte;Saida de Pista;1;;;;;;;;;;0;;;1;
11/04/2015;22:05:00;259;com vítima;539,2;BR-324/BA;Leste;Colisão Traseira;1;;1;;;;;;;;1;1;1;;
11/04/2015;22:29:00;261;com vítima;822,5;BR-116/BA;Norte;Queda de Moto;;;;1;;;;;;;0;;1;;
11/04/2015;23:22:00;268;sem vítima;452,2;BR-116/BA;Sul;Capotamento;1;;;;;;;;;;1;;;;
12/04/2015;05:04:00;35;com vítima;0,8;BR-116/BA - Cont VC;Norte;Outros;1;;1;;;;;;;;1;;;;1
12/04/2015;08:57:00;81;sem vítima;596,4;BR-116/BA;Sul;Saida de Pista;;;1;;;;;;;;1;;;;
12/04/2015;11:06:00;113;com vítima;10,2;BR-116/BA - Cont VC;Sul;Saida de Pista;1;;2;;;;;;;;2;2;;1;
12/04/2015;14:41:00;148;com vítima;495;BR-116/BA;Norte;Queda de Moto;;;;1;;1;;;;;1;;1;;
12/04/2015;15:21:00;153;com vítima;588,1;BR-116/BA;Sul;Colisão Lateral;;;2;;1;;;;;;5;7;2;;1
12/04/2015;16:22:00;163;sem vítima;677,9;BR-116/BA;Sul;Queda de Moto;;;;1;;;;;;;1;;;;
12/04/2015;16:50:00;166;sem vítima;578,8;BR-324/BA;Leste;Colisão Traseira;1;;;;;1;;;;;2;;;;
12/04/2015;20:23:00;201;com vítima;611;BR-324/BA;Oeste;Saida de Pista;1;;;;;;;;;;3;;1;;
12/04/2015;20:35:00;204;sem vítima;478;BR-116/BA;Sul;Queda de Moto;;;;1;;;;;;;2;;;;
12/04/2015;21:03:00;208;com vítima;583;BR-324/BA;Oeste;Saida de Pista;;;;;;;;;;1;0;2;;1;
13/04/2015;04:27:00;12;sem vítima;534,05;BR-324/BA;Leste;Saida de Pista;;;1;;;;;;;;1;;;;
13/04/2015;09:57:00;90;sem vítima;564,1;BR-324/BA;Oeste;Saida de Pista;;;1;;;;;;;;4;;;;
13/04/2015;11:03:00;117;sem vítima;559,7;BR-324/BA;Oeste;Colisão Traseira;1;;1;;;;;;;;2;;;;
13/04/2015;11:39:00;131;sem vítima;559,2;BR-324/BA;Oeste;Colisão Traseira;2;;;;;;;;;;2;;;;
13/04/2015;13:12:00;151;com vítima;9,3;BA-526;Sul;Colisão Traseira;;;;1;;;;;;1;1;;1;;
13/04/2015;15:02:00;179;com vítima;610,1;BR-324/BA;Oeste;Colisão Traseira;1;;;1;;;;;;;2;;1;;
13/04/2015;16:47:00;204;sem vítima;525;BR-324/BA;Oeste;Colisão Lateral;2;;;;;;;;;;3;;;;
13/04/2015;17:33:00;213;sem vítima;622;BR-324/BA;Oeste;Engavetamento;3;;;;;;;;;;3;;;;
14/04/2015;06:15:00;33;com vítima;817,8;BR-116/BA;Sul;Colisão Transversal;1;;;1;;;;;;;1;1;;;
14/04/2015;08:38:00;79;com vítima;858,3;BR-116/BA;Sul;Colisão Transversal;;;;1;;;;;;1;3;1;;;
14/04/2015;13:41:00;159;sem vítima;555,2;BR-116/BA;Norte;Saida de Pista;;;1;;;;;;;;1;;;;
14/04/2015;14:08:00;166;sem vítima;574;BR-324/BA;Oeste;Colisão Traseira;;;1;;;1;;;;;2;;;;
14/04/2015;14:25:00;168;com vítima;608,1;BR-324/BA;Oeste;Engavetamento;1;;1;;;;;;;1;17;1;;;
14/04/2015;15:52:00;191;sem vítima;459,3;BR-116/BA;Sul;Colisão Traseira;;;1;;1;;;;;;12;;;;
14/04/2015;18:08:00;216;sem vítima;568;BR-324/BA;Leste;Atropelamento de Animal;1;;;;;1;;;;;2;;;;
15/04/2015;05:55:00;23;sem vítima;605,3;BR-324/BA;Leste;Saida de Pista;1;;;;;;;;;;1;;;;
15/04/2015;14:28:00;192;sem vítima;567;BR-324/BA;Leste;Saida de Pista;1;;;;;;;;;;1;;;;
15/04/2015;14:47:00;201;sem vítima;561,8;BR-324/BA;Oeste;Colisão Traseira;1;;1;;;;;;;;3;;;;
15/04/2015;16:11:00;220;com vítima;599;BR-324/BA;Oeste;Choque Contra Objeto Fixo;1;;;;;;;;;;0;3;;;
15/04/2015;17:16:00;239;com vítima;518,1;BR-324/BA;Oeste;Atropelamento - Ciclista;;;;;;1;;;;;1;;1;;
15/04/2015;17:21:00;242;sem vítima;909;BR-116/BA;Norte;Colisão Traseira;;;2;;;;;;;;2;;;;
15/04/2015;18:00:00;256;com vítima;814;BR-116/BA;Norte;Colisão Traseira;1;;;1;;;;;;;1;1;;;
16/04/2015;02:03:00;15;sem vítima;428,5;BR-116/BA;Norte;Saida de Pista;1;;;;;;;;;;2;;;;
16/04/2015;05:26:00;25;com vítima;621;BR-324/BA;Leste;Colisão Traseira;1;;;;1;;;;;;3;1;;;
16/04/2015;06:25:00;34;sem vítima;778,2;BR-116/BA;Norte;Colisão Traseira;1;;;;;1;;;;;2;;;;
16/04/2015;06:41:00;37;sem vítima;565,3;BR-324/BA;Oeste;Saida de Pista;1;;;;;;;;;;1;;;;
16/04/2015;07:24:00;45;sem vítima;615,1;BR-324/BA;Leste;Colisão Traseira;1;;;;;1;;;;;4;;;;
16/04/2015;07:32:00;47;sem vítima;594;BR-324/BA;Leste;Saida de Pista;;;1;;;;;;;;1;;;;
16/04/2015;10:39:00;109;com vítima;653;BR-116/BA;Sul;Tombamento;;;1;;;;;;;;0;;;;1
16/04/2015;14:40:00;163;com vítima;513,9;BR-116/BA;Sul;Saida de Pista;1;;;;;;;;;;1;2;;;
16/04/2015;15:07:00;167;sem vítima;560,3;BR-324/BA;Oeste;Colisão Lateral;;;1;;;;;;;1;4;;;;
16/04/2015;15:32:00;171;sem vítima;590,7;BR-324/BA;Leste;Colisão Lateral;;;1;;;;;;;1;2;;;;
16/04/2015;16:22:00;177;sem vítima;537,4;BR-324/BA;Oeste;Saida de Pista;;;1;;;;;;;;1;;;;
16/04/2015;22:34:00;237;com vítima;611;BR-324/BA;Leste;Queda de Moto;;;;1;;;;;;;1;1;;;
17/04/2015;02:44:00;16;sem vítima;592,8;BR-324/BA;Leste;Saida de Pista;;;1;;;;;;;;1;;;;
17/04/2015;07:58:00;69;sem vítima;622,8;BR-324/BA;Leste;Colisão Traseira;2;;;;;;;;;;2;;;;
17/04/2015;08:11:00;71;sem vítima;549;BR-116/BA;Sul;Colisão Traseira;;;2;;;;;;;;3;;;;
17/04/2015;08:45:00;82;sem vítima;559,5;BR-324/BA;Oeste;Colisão Traseira;;;2;;;;;;;;2;;;;
17/04/2015;14:24:00;186;sem vítima;433,3;BR-116/BA;Sul;Colisão Traseira;;;1;;;;;;;1;4;;;;
17/04/2015;15:15:00;199;sem vítima;919,1;BR-116/BA;Norte;Colisão Lateral;1;;;;;1;;;;;2;;;;
17/04/2015;16:32:00;225;sem vítima;614,5;BR-324/BA;Leste;Saida de Pista;1;;;;;;;;;;1;;;;
17/04/2015;17:16:00;234;sem vítima;577,5;BR-324/BA;Oeste;Colisão Lateral;1;;;;;1;;;;;2;;;;
17/04/2015;14:25:00;241;sem vítima;527,8;BR-324/BA;Oeste;Saida de Pista;1;;;;;;;;;;1;;;;
17/04/2015;20:06:00;275;com vítima;612,6;BR-324/BA;Leste;Colisão Traseira;2;;;;;;;;;;1;;1;1;
17/04/2015;20:22:00;280;com vítima;516,8;BR-116/BA;Norte;Colisão Traseira;1;;1;;;;;;;;1;1;;;
17/04/2015;21:08:00;288;sem vítima;559;BR-324/BA;Leste;Colisão Traseira;1;;;;;1;;;;;2;;;;
18/04/2015;12:49:00;135;sem vítima;605,2;BR-324/BA;Oeste;Engavetamento;2;;;;;1;;;;;8;;;;
18/04/2015;13:12:00;139;com vítima;1,2;BR-116/BA - ContSuFS;Sul;Colisão Transversal;;;1;1;;;;;;;2;1;;;
18/04/2015;14:38:00;157;com vítima;460,6;BR-116/BA;Sul;Colisão Traseira;;;2;;;;;;;;1;1;;;
18/04/2015;21:11:00;220;com vítima;472;BR-116/BA;Norte;Atropelamento de Pedestre;;;;;;1;;;;;1;1;;;
19/04/2015;00:08:00;1;sem vítima;8,9;BR-116/BA - Cont VC;Sul;Saida de Pista;1;;;;;;;;;;1;;;;
19/04/2015;00:33:00;7;sem vítima;8,4;BR-116/BA - Cont VC;Sul;Saida de Pista;1;;;;;;;;;;3;;;;
19/04/2015;06:19:00;26;com vítima;748,4;BR-116/BA;Norte;Tombamento;;;1;;;;;;;;2;2;;;
19/04/2015;11:18:00;89;com vítima;619;BR-324/BA;Leste;Queda de Moto;;;;1;;;;;;;1;;1;;
19/04/2015;17:28:00;164;sem vítima;461;BR-116/BA;Norte;Colisão Lateral;2;;;;;;;;;;4;;;;
19/04/2015;18:10:00;171;sem vítima;0,5;BR-116/BA - Cont VC;Norte;Colisão Traseira;1;;;;;1;;;;;2;;;;
19/04/2015;18:19:00;173;sem vítima;836;BR-116/BA;Norte;Colisão Traseira;;;2;;;;;;;;2;;;;
19/04/2015;22:52:00;218;sem vítima;816;BR-116/BA;Norte;Colisão Transversal;2;;;;;;;;;;6;;;;
20/04/2015;03:31:00;18;sem vítima;432;BR-116/BA;Norte;Tombamento;;;1;;;;;;;;1;;;;
20/04/2015;05:01:00;24;sem vítima;467,2;BR-116/BA;Norte;Colisão Traseira;;;2;;;;;;;;2;;;;
20/04/2015;07:25:00;54;com vítima;622,9;BR-324/BA;Leste;Colisão Traseira;;;;1;1;;;;;;2;1;;;
20/04/2015;08:43:00;78;sem vítima;619,3;BR-324/BA;Leste;Engavetamento;3;;;;;;;;;;3;;;;
20/04/2015;09:13:00;92;com vítima;783,8;BR-116/BA;Norte;Saida de Pista;1;;;;;;;;;;0;1;;;
20/04/2015;16:01:00;179;sem vítima;874,8;BR-116/BA;Norte;Engavetamento;;;3;;;;;;;;3;;;;
21/04/2015;05:37:00;17;com vítima;557,2;BR-324/BA;Leste;Saida de Pista;1;;;;;;;;;;0;1;2;;
21/04/2015;10:15:00;73;com vítima;538,05;BR-324/BA;Leste;Atropelamento de Pedestre;1;;;;;1;;;;;2;;;;1
21/04/2015;14:22:00;124;sem vítima;640,3;BR-116/BA;Norte;Colisão Lateral;1;;1;;;;;;;;2;;;;
21/04/2015;17:57:00;170;sem vítima;607,9;BR-324/BA;Leste;Queda de Moto;;;;1;;;;;;;1;;;;
22/04/2015;05:29:00;30;com vítima;519,1;BR-324/BA;Leste;Colisão Lateral;1;;;1;;;;;;;1;;;;1
22/04/2015;06:53:00;40;sem vítima;519,1;BR-324/BA;Oeste;Colisão Traseira;2;;;;;;;;;;2;;;;
22/04/2015;07:05:00;45;com vítima;838,2;BR-116/BA;Sul;Colisão Transversal;;;;1;;;;;;1;1;1;;;
22/04/2015;09:55:00;103;com vítima;623,1;BR-324/BA;Leste;Queda de Moto;;;;1;;;;;;;1;1;;;
22/04/2015;14:09:00;181;sem vítima;526,2;BR-324/BA;Oeste;Colisão Traseira;;;2;;;;;;;;2;;;;
22/04/2015;14:21:00;185;sem vítima;675,6;BR-116/BA;Norte;Engavetamento;1;;1;;1;;;;;;35;;;;
22/04/2015;17:52:00;235;sem vítima;620;BR-324/BA;Leste;Colisão Traseira;1;;;1;;;;;;;2;;;;
22/04/2015;19:18:00;259;sem vítima;615;BR-324/BA;Leste;Engavetamento;2;;;;;;;;;1;12;;;;
23/04/2015;03:57:00;22;sem vítima;544,5;BR-116/BA;Sul;Atropelamento de Animal;2;;;;;;;;;;2;;;;
23/04/2015;05:29:00;29;sem vítima;525,5;BR-324/BA;Oeste;Saida de Pista;1;;;;;;;;;;1;;;;
23/04/2015;07:59:00;64;sem vítima;591,6;BR-116/BA;Sul;Colisão Traseira;1;;1;;;;;;;;2;;;;
23/04/2015;09:54:00;113;com vítima;618,8;BR-324/BA;Oeste;Queda de Moto;;;;1;;;;;;;0;1;;;
23/04/2015;13:43:00;181;sem vítima;561,5;BR-324/BA;Leste;Colisão Traseira;2;;;;;;;;;;4;;;;
23/04/2015;16:40:00;234;sem vítima;615,1;BR-324/BA;Leste;Colisão Lateral;1;;;;;1;;;;;2;;;;
23/04/2015;17:00:00;239;sem vítima;580,95;BR-324/BA;Oeste;Saida de Pista;1;;;;;;;;;;1;;;;
23/04/2015;17:48:00;258;sem vítima;551;BR-324/BA;Leste;Engavetamento;2;;1;;;;;;;;3;;;;
23/04/2015;17:56:00;259;com vítima;5;BR-116/BA - ContSuFS;Sul;Queda de Moto;;;;1;;1;;;;;1;1;;;
23/04/2015;20:59:00;303;com vítima;16;BR-116/BA - Cont VC;Norte;Colisão Traseira;1;;;1;;;;;;;3;;1;;
23/04/2015;22:08:00;316;com vítima;623;BR-324/BA;Oeste;Atropelamento de Pedestre;;;;;;1;;;;;1;;1;;
23/04/2015;22:22:00;322;sem vítima;832,8;BR-116/BA;Sul;Atropelamento de Animal;;;;;;;;;;1;3;;;;
23/04/2015;22:29:00;326;sem vítima;623;BR-324/BA;Oeste;Saida de Pista;1;;;;;;;;;;1;;;;
24/04/2015;01:39:00;10;sem vítima;518;BR-324/BA;Oeste;Colisão Transversal;1;;;;;;;;;1;2;;;;
24/04/2015;04:28:00;17;sem vítima;548,5;BR-116/BA;Sul;Saida de Pista;;;1;;;;;;;;2;;;;
24/04/2015;15:53:00;181;sem vítima;587,3;BR-324/BA;Leste;Saida de Pista;1;;;;;;;;;;1;;;;
24/04/2015;16:36:00;189;sem vítima;599;BR-324/BA;Leste;Queda de Moto;;;;1;;;;;;;1;;;;
24/04/2015;17:33:00;211;com vítima;518;BR-324/BA;Leste;Atropelamento de Pedestre;;;;;;1;;;;;1;1;;;
24/04/2015;17:48:00;216;com vítima;827,3;BR-116/BA;Norte;Colisão Transversal;1;;;1;;;;;;;3;1;;;
24/04/2015;18:17:00;223;sem vítima;607;BR-324/BA;Leste;Colisão Lateral;1;;1;;;;;;;;3;;;;
24/04/2015;22:06:00;271;com vítima;520;BR-116/BA;Sul;Colisão Frontal;;;1;1;;;;;;;1;;;;1
25/04/2015;06:51:00;40;com vítima;518,6;BR-324/BA;Oeste;Colisão Traseira;1;;;1;;;;;;;1;1;;;
25/04/2015;08:03:00;56;sem vítima;569,7;BR-324/BA;Leste;Saida de Pista;1;;;;;;;;;;1;;;;
25/04/2015;08:09:00;58;sem vítima;518,1;BR-324/BA;Oeste;Colisão Lateral;1;;1;;;;;;;;2;;;;
25/04/2015;08:43:00;68;sem vítima;560,1;BR-324/BA;Oeste;Colisão Traseira;;;;;1;1;;;;;9;;;;
25/04/2015;10:07:00;84;com vítima;622,05;BR-324/BA;Leste;Queda de Moto;;;;1;;1;;;;;1;;;1;
25/04/2015;12:25:00;122;com vítima;473;BR-116/BA;Sul;Colisão Transversal;1;;;;;;;;;1;2;1;;;
25/04/2015;15:38:00;161;sem vítima;586,6;BR-116/BA;Norte;Colisão Lateral;;;1;;;;;;;1;4;;;;
25/04/2015;15:42:00;163;sem vítima;841;BR-116/BA;Sul;Saida de Pista;1;;;;;;;;;;1;;;;
25/04/2015;16:37:00;183;com vítima;655,3;BR-116/BA;Norte;Engavetamento;1;;4;;;;;;;;4;;3;;
25/04/2015;17:49:00;206;com vítima;559;BR-324/BA;Oeste;Capotamento;1;;;;;;;;;;0;1;;;
25/04/2015;19:59:00;230;sem vítima;7,5;BR-116/BA - Cont VC;Sul;Saida de Pista;1;;;;;;;;;;2;;;;
25/04/2015;20:35:00;237;sem vítima;543;BR-324/BA;Oeste;Colisão Lateral;2;;;;;;;;;;2;;;;
25/04/2015;21:42:00;246;com vítima;17;BR-116/BA - Cont VC;Norte;Queda de Moto;;;;1;;;;;;;0;2;;;
25/04/2015;22:39:00;256;com vítima;653,1;BR-116/BA;Sul;Atropelamento de Pedestre;;;2;;;;;;;;0;;;1;1
26/04/2015;05:55:00;29;sem vítima;886,1;BR-116/BA;Sul;Saida de Pista;;;1;;;;;;;;1;;;;
26/04/2015;06:57:00;43;sem vítima;20,9;BR-116/BA - Cont VC;Sul;Choque Contra Objeto Fixo;;;1;;;;;;;;2;;;;
26/04/2015;08:21:00;67;com vítima;624,2;BR-324/BA;Leste;Choque Contra Objeto Fixo;1;;;;;;;;;;0;1;;;
26/04/2015;10:08:00;91;com vítima;910,5;BR-116/BA;Sul;Colisão Lateral;;;3;;;;;;;;2;1;;;
26/04/2015;11:08:00;102;sem vítima;620,2;BR-324/BA;Oeste;Colisão Traseira;2;;;;;;;;;;5;;;;
26/04/2015;12:50:00;132;com vítima;589,3;BR-116/BA;Sul;Colisão Lateral;1;;1;;;;;;;;5;1;;;
26/04/2015;13:30:00;142;com vítima;621,2;BR-324/BA;Leste;Queda de Moto;;;;1;;;;;;;1;1;;;
26/04/2015;13:54:00;150;sem vítima;562,3;BR-324/BA;Leste;Saida de Pista;;;;;;;;;;1;1;;;;
26/04/2015;14:24:00;158;com vítima;565,2;BR-324/BA;Leste;Colisão Traseira;2;;;;;;;;;;6;1;;;
26/04/2015;14:45:00;164;com vítima;590,5;BR-324/BA;Leste;Queda de Moto;;;;1;;;;;;;0;2;;;
26/04/2015;20:25:00;230;com vítima;438;BR-116/BA;Norte;Queda de Moto;;;;1;;;;;;;0;1;;;
27/04/2015;05:38:00;34;sem vítima;562,5;BR-324/BA;Oeste;Capotamento;1;;;;;;;;;;1;;;;
27/04/2015;06:47:00;47;sem vítima;575,45;BR-324/BA;Oeste;Queda de Moto;;;;1;;;;;;;1;;;;
27/04/2015;07:20:00;54;sem vítima;623,8;BR-324/BA;Oeste;Colisão Lateral;2;;;;;;;;;;5;;;;
27/04/2015;13:37:00;166;sem vítima;573,4;BR-324/BA;Oeste;Saida de Pista;1;;;;;;;;;;4;;;;
27/04/2015;13:50:00;170;sem vítima;484,4;BR-116/BA;Sul;Saida de Pista;1;;;;;1;;;;;4;;;;
27/04/2015;14:09:00;171;sem vítima;566;BR-324/BA;Oeste;Colisão Lateral;;;2;;;;;;;;2;;;;
27/04/2015;18:08:00;230;com vítima;703;BR-116/BA;Sul;Tombamento;;;1;;;;;;;;0;;2;;
27/04/2015;18:23:00;233;com vítima;528;BR-116/BA;Norte;Colisão Frontal;;;1;1;;;;;;;1;;;;1
28/04/2015;03:57:00;23;com vítima;812,8;BR-116/BA;Sul;Atropelamento de Pedestre;;;;;;1;;;;;1;;;;1
28/04/2015;05:02:00;30;com vítima;595,2;BR-324/BA;Leste;Colisão Traseira;;;1;;;;;;;1;13;1;;;
28/04/2015;08:26:00;81;sem vítima;527,3;BR-116/BA;Norte;Saida de Pista;1;;;;;;;;;;1;;;;
28/04/2015;09:24:00;96;sem vítima;559,2;BR-324/BA;Leste;Colisão Lateral;1;;1;;;;;;;;2;;;;
28/04/2015;11:24:00;129;com vítima;539,7;BR-116/BA;Norte;Colisão Frontal;2;;;;;;;;;;1;2;;1;
28/04/2015;15:35:00;191;com vítima;619,1;BR-324/BA;Oeste;Queda de Moto;;;;1;;;;;;;0;2;;;
28/04/2015;16:02:00;196;sem vítima;619;BR-324/BA;Oeste;Colisão Traseira;;;;;;1;;;;1;2;;;;
28/04/2015;16:57:00;213;sem vítima;640;BR-116/BA;Norte;Tombamento;;;1;;;;;;;;1;;;;
28/04/2015;17:51:00;226;sem vítima;527;BR-324/BA;Oeste;Engavetamento;3;;;;;;;;;;3;;;;
28/04/2015;18:20:00;232;com vítima;501;BR-116/BA;Sul;Queda de Moto;;;;1;;;;;;;0;;2;;
29/04/2015;07:11:00;35;sem vítima;569;BR-116/BA;Sul;Tombamento;;;1;;;;;;;;1;;;;
29/04/2015;11:53:00;141;sem vítima;620,05;BR-324/BA;Leste;Colisão Traseira;;;;;2;;;;;;3;;;;
29/04/2015;13:35:00;162;sem vítima;541,8;BR-324/BA;Leste;Colisão Lateral;;;1;;;;;;;1;3;;;;
29/04/2015;13:39:00;163;com vítima;620,05;BR-324/BA;Oeste;Engavetamento;1;;;2;;;;;;;2;2;;;
29/04/2015;14:30:00;177;com vítima;16,8;BR-116/BA - Cont VC;Norte;Colisão Transversal;1;;;1;;;;;;;1;;1;;
29/04/2015;15:00:00;187;com vítima;625,9;BR-324/BA;Leste;Colisão Lateral;;;;1;;1;;;;;0;2;;;
29/04/2015;16:13:00;205;sem vítima;530,05;BR-324/BA;Leste;Saida de Pista;1;;;;;;;;;;1;;;;
29/04/2015;16:52:00;215;sem vítima;813;BR-116/BA;Sul;Colisão Transversal;2;;;;;;;;;;2;;;;
29/04/2015;17:26:00;225;com vítima;643,3;BR-116/BA;Sul;Tombamento;;;1;;;;;;;;0;2;;;
29/04/2015;18:13:00;233;sem vítima;624;BR-324/BA;Oeste;Engavetamento;1;;;;;3;;;;;4;;;;
29/04/2015;20:14:00;260;sem vítima;625;BR-324/BA;Oeste;Colisão Traseira;;;;1;;;;;;;1;;;;
29/04/2015;20:51:00;267;sem vítima;540;BR-324/BA;Leste;Saida de Pista;1;;;;;;;;;;1;;;;
30/04/2015;02:17:00;20;sem vítima;530,1;BR-116/BA;Norte;Atropelamento de Animal;;;;;1;;;;;;32;;;;
30/04/2015;11:12:00;136;sem vítima;591,5;BR-324/BA;Leste;Saida de Pista;1;;;;;;;;;;1;;;;
30/04/2015;15:48:00;190;sem vítima;617,8;BR-324/BA;Oeste;Colisão Lateral;1;;1;;;;;;;;5;;;;
30/04/2015;18:37:00;238;sem vítima;619;BR-324/BA;Oeste;Colisão Traseira;;;2;;;;;;;;2;;;;
30/04/2015;19:03:00;246;sem vítima;537;BR-324/BA;Oeste;Colisão Traseira;1;;;;;1;;;;;4;;;;
30/04/2015;20:13:00;257;sem vítima;11;BR-116/BA - Cont VC;Sul;Colisão Lateral;1;;1;;;;;;;;2;;;;