data;horario;n_da_ocorrencia;tipo_de_ocorrencia;km;trecho;sentido;tipo_de_acidente;automovel;bicicleta;caminhao;moto;onibus;outros;tracao_animal;transporte_de_cargas_especiais;trator_maquinas;utilitarios;ilesos;levemente_feridos;moderadamente_feridos;gravemente_feridos;mortos
20/05/2015;06:07:00;31;com vítima;620;BR-324/BA;Leste;Outros;;1;;;;;;;;;0;;;1;
20/05/2015;07:12:00;45;sem vítima;669,1;BR-116/BA;Sul;Colisão Lateral;;;1;1;;;;;;;2;;;;
20/05/2015;10:44:00;116;sem vítima;792,3;BR-116/BA;Sul;Colisão Traseira;;;2;;;;;;;;3;;;;
20/05/2015;17:21:00;231;com vítima;618;BR-324/BA;Oeste;Queda de Moto;;;;1;;;;;;;0;1;;;
20/05/2015;17:34:00;236;sem vítima;533,2;BR-324/BA;Oeste;Engavetamento;2;;1;;;;;;;;3;;;;
20/05/2015;19:21:00;264;sem vítima;622;BR-324/BA;Oeste;Engavetamento;1;;;1;;;;;;;3;;;;
20/05/2015;23:15:00;301;sem vítima;455,3;BR-116/BA;Norte;Tombamento;;;1;;;;;;;;1;;;;
21/05/2015;05:13:00;14;com vítima;455,5;BR-116/BA;Norte;Tombamento;;;1;;;;;;;;0;;;;1
21/05/2015;06:06:00;17;com vítima;12;BR-116/BA - Cont VC;Norte;Queda de Moto;;;;1;;;;;;;0;1;;;
21/05/2015;10:06:00;90;sem vítima;591;BR-324/BA;Oeste;Saida de Pista;1;;;;;;;;;;1;;;;
21/05/2015;10:32:00;107;sem vítima;581;BR-324/BA;Oeste;Saida de Pista;;;1;;;;;;;;1;;;;
21/05/2015;11:53:00;126;sem vítima;581,5;BR-324/BA;Oeste;Colisão Traseira;1;;;1;;;;;;;2;;;;
21/05/2015;11:58:00;127;sem vítima;651,5;BR-116/BA;Norte;Colisão Traseira;1;;;;;1;;;;;2;;;;
21/05/2015;14:07:00;154;sem vítima;597;BR-324/BA;Leste;Engavetamento;3;;;;;;;;;;3;;;;
21/05/2015;16:09:00;183;com vítima;494,5;BR-116/BA;Sul;Colisão Traseira;1;;;;1;;;;;;41;2;;;
21/05/2015;17:56:00;215;sem vítima;432;BR-116/BA;Sul;Capotamento;;;;;;;;;;1;1;;;;
21/05/2015;18:04:00;220;com vítima;815;BR-116/BA;Sul;Queda de Moto;;;;1;;;;;;;0;1;;;
21/05/2015;19:07:00;232;com vítima;544;BR-116/BA;Norte;Colisão Lateral;1;;1;;;;;;;;1;1;;;
21/05/2015;23:38:00;268;sem vítima;14,6;BR-116/BA - Cont VC;Norte;Colisão Lateral;2;;;;;;;;;;2;;;;
22/05/2015;06:54:00;43;com vítima;11,2;BR-116/BA - Cont VC;Sul;Queda de Moto;;;;1;;;;;;;0;2;;;
22/05/2015;07:05:00;47;com vítima;10,9;BR-116/BA - Cont VC;Sul;Queda de Moto;;;;1;;;;;;;0;;1;;
22/05/2015;09:59:00;96;com vítima;579,6;BR-324/BA;Leste;Saida de Pista;1;;;;;;;;;;0;;1;;
22/05/2015;13:52:00;179;com vítima;617,1;BR-324/BA;Oeste;Tombamento;;;1;;;;;;;;0;2;;;
22/05/2015;14:19:00;190;sem vítima;556,15;BR-324/BA;Oeste;Saida de Pista;1;;;;;;;;;;1;;;;
22/05/2015;15:03:00;200;sem vítima;593,7;BR-116/BA;Sul;Saida de Pista;;;;;;1;;;;1;2;;;;
22/05/2015;15:16:00;204;com vítima;0,9;BR-116/BA - Cont VC;Sul;Atropelamento de Pedestre;;;;1;;;;;;;1;;1;;
22/05/2015;16:05:00;209;sem vítima;599;BR-324/BA;Leste;Colisão Traseira;2;;;1;;;;;;;3;;;;
22/05/2015;16:49:00;221;sem vítima;589,3;BR-116/BA;Norte;Saida de Pista;;;1;;;;;;;;1;;;;
22/05/2015;16:54:00;225;sem vítima;543,2;BR-116/BA;Sul;Colisão Lateral;1;;1;;;;;;;;4;;;;
22/05/2015;18:11:00;243;sem vítima;564,1;BR-324/BA;Leste;Colisão Lateral;1;;;;;1;;;;;6;;;;
22/05/2015;21:03:00;278;com vítima;4;BA-526;Sul;Atropelamento de Animal;1;;;;;;;;;;0;1;;;
22/05/2015;21:59:00;287;com vítima;427,8;BR-116/BA;Sul;Colisão Traseira;1;;;;1;1;;;;;33;1;;;
22/05/2015;22:10:00;288;com vítima;537,2;BR-324/BA;Leste;Choque Contra Objeto Fixo;1;;;;;;;;;;1;1;;;
22/05/2015;22:58:00;293;sem vítima;530;BR-324/BA;Oeste;Saida de Pista;;;1;;;;;;;;1;;;;
23/05/2015;05:45:00;40;sem vítima;564,2;BR-324/BA;Leste;Saida de Pista;1;;;;;;;;;;2;;;;
23/05/2015;07:10:00;55;sem vítima;518;BR-116/BA;Sul;Colisão Lateral;;;3;;;;;;;;4;;;;
23/05/2015;07:41:00;65;sem vítima;831;BR-116/BA;Norte;Engavetamento;1;;2;;;;;;;;6;;;;
23/05/2015;18:02:00;235;com vítima;613,8;BR-324/BA;Oeste;Queda de Moto;;;;1;;;;;;;0;;;2;
23/05/2015;18:12:00;237;sem vítima;614;BR-324/BA;Oeste;Colisão Lateral;1;;;;;1;;;;;2;;;;
23/05/2015;19:49:00;257;com vítima;675;BR-116/BA;Sul;Atropelamento de Animal;;;;1;;;;;;;0;2;;;
23/05/2015;23:38:00;290;com vítima;618;BR-324/BA;Oeste;Capotamento;;;;;;;;;;1;0;1;;1;
24/05/2015;00:19:00;2;sem vítima;903,5;BR-116/BA;Norte;Saida de Pista;1;;;;;;;;;;1;;;;
24/05/2015;05:24:00;20;sem vítima;480,2;BR-116/BA;Sul;Tombamento;;;1;;;;;;;;1;;;;
24/05/2015;05:49:00;23;com vítima;808,9;BR-116/BA;Sul;Colisão Frontal;2;;;;;;;;;;1;;1;1;2
24/05/2015;06:57:00;30;sem vítima;578,3;BR-324/BA;Oeste;Saida de Pista;2;;;;;;;;;;10;;;;
24/05/2015;14:28:00;122;com vítima;592,9;BR-324/BA;Leste;Capotamento;1;;;;;;;;;;1;1;;;
24/05/2015;15:15:00;130;com vítima;819,3;BR-116/BA;Norte;Colisão Transversal;1;;;1;;;;;;;1;1;;;
24/05/2015;17:01:00;153;com vítima;2,3;BR-116/BA - ContSuFS;Norte;Atropelamento de Pedestre;;;;;;;;;;1;1;1;;;
24/05/2015;21:46:00;208;sem vítima;592;BR-324/BA;Oeste;Colisão Traseira;1;;;;;1;;;;;2;;;;
25/05/2015;02:40:00;13;sem vítima;525;BR-116/BA;Norte;Saida de Pista;1;;;;;;;;;;1;;;;
25/05/2015;05:28:00;21;sem vítima;428,9;BR-116/BA;Norte;Tombamento;;;1;;;;;;;;1;;;;
25/05/2015;06:04:00;28;sem vítima;544,1;BR-324/BA;Leste;Colisão Traseira;;;2;;;;;;;;2;;;;
25/05/2015;10:10:00;137;sem vítima;488,5;BR-116/BA;Sul;Colisão Traseira;1;;;;;1;;;;;2;;;;
25/05/2015;14:42:00;219;sem vítima;709,2;BR-116/BA;Norte;Colisão Traseira;;;2;;;;;;;;2;;;;
25/05/2015;14:46:00;220;sem vítima;624,7;BR-116/BA;Sul;Engavetamento;1;;2;;;1;;;;;6;;;;
25/05/2015;15:00:00;223;com vítima;528;BR-324/BA;Leste;Colisão Traseira;;;;;;1;;;;1;5;1;;;
25/05/2015;17:49:00;271;com vítima;617,1;BR-324/BA;Oeste;Queda de Moto;;;;1;;;;;;;0;;1;;
25/05/2015;18:16:00;278;com vítima;617,9;BR-324/BA;Leste;Engavetamento;3;;;;;;;;;;3;;1;;
25/05/2015;19:19:00;285;sem vítima;618,8;BR-324/BA;Oeste;Colisão Traseira;2;;;;;;;;;;2;;;;
26/05/2015;03:07:00;14;sem vítima;615,2;BR-324/BA;Oeste;Capotamento;1;;;;;;;;;;1;;;;
26/05/2015;05:45:00;26;sem vítima;606,3;BR-324/BA;Leste;Choque Contra Objeto Fixo;1;;;;;;;;;;1;;;;
26/05/2015;11:43:00;152;sem vítima;596;BR-116/BA;Norte;Colisão Lateral;;;2;;;;;;;;2;;;;
26/05/2015;13:38:00;179;sem vítima;433;BR-116/BA;Sul;Saida de Pista;;;;;;;;;;1;1;;;;
26/05/2015;14:11:00;188;sem vítima;439;BR-116/BA;Sul;Saida de Pista;1;;;;;;;;;;1;;;;
26/05/2015;17:12:00;246;sem vítima;886,5;BR-116/BA;Sul;Saida de Pista;1;;;;;;;;;;2;;;;
26/05/2015;21:01:00;304;sem vítima;575;BR-324/BA;Leste;Colisão Lateral;;;2;;;;;;;;3;;;;
27/05/2015;06:47:00;23;sem vítima;560,1;BR-324/BA;Oeste;Colisão Traseira;2;;;;;1;;;;;3;;;;
27/05/2015;07:05:00;28;sem vítima;523,2;BR-324/BA;Leste;Colisão Lateral;1;;1;;;;;;;;2;;;;
27/05/2015;07:45:00;35;sem vítima;523,5;BR-324/BA;Leste;Colisão Traseira;2;;;;;;;;;;3;;;;
27/05/2015;10:14:00;96;sem vítima;593,2;BR-324/BA;Oeste;Colisão Traseira;2;;;;;;;;;;3;;;;
27/05/2015;13:49:00;163;sem vítima;626,1;BR-324/BA;Leste;Queda de Moto;;;;1;;;;;;;1;;;;
27/05/2015;13:56:00;169;sem vítima;533,2;BR-324/BA;Leste;Outros;1;;;;;;;;;1;2;;;;
27/05/2015;15:13:00;186;sem vítima;615,7;BR-324/BA;Oeste;Colisão Traseira;1;;1;;;;;;;;2;;;;
27/05/2015;15:15:00;187;sem vítima;572,2;BR-324/BA;Oeste;Colisão Lateral;1;;1;;;;;;;;2;;;;
27/05/2015;16:40:00;212;sem vítima;617;BR-324/BA;Oeste;Colisão Traseira;1;;;1;;1;;;;;4;;;;
27/05/2015;16:48:00;214;sem vítima;574;BR-324/BA;Oeste;Saida de Pista;1;;;;;;;;;;5;;;;
27/05/2015;17:24:00;227;sem vítima;617;BR-324/BA;Oeste;Colisão Traseira;1;;1;;;;;;;;2;;;;
27/05/2015;18:10:00;235;sem vítima;587,3;BR-116/BA;Norte;Colisão Lateral;1;;;;;1;;;;;2;;;;
28/05/2015;03:36:00;19;sem vítima;536;BR-324/BA;Leste;Colisão Lateral;2;;;;;;;;;;2;;;;
28/05/2015;08:49:00;89;sem vítima;617,5;BR-324/BA;Leste;Engavetamento;3;;;;;;;;;;6;;;;
28/05/2015;11:30:00;145;com vítima;578;BR-116/BA;Sul;Capotamento;1;;;;;;;;;;0;3;2;;
28/05/2015;15:36:00;218;sem vítima;602,5;BR-324/BA;Leste;Colisão Lateral;;;1;;;1;;;;;2;;;;
28/05/2015;19:40:00;298;sem vítima;428;BR-116/BA;Norte;Saida de Pista;1;;;;;;;;;;2;;;;
29/05/2015;02:57:00;12;sem vítima;571;BR-324/BA;Oeste;Saida de Pista;1;;;;;;;;;;1;;;;
29/05/2015;04:55:00;23;com vítima;748,9;BR-116/BA;Sul;Saida de Pista;;;1;;;;;;;;0;1;;;
29/05/2015;06:56:00;50;sem vítima;880,2;BR-116/BA;Sul;Saida de Pista;1;;;;;;;;;;1;;;;
29/05/2015;13:57:00;194;sem vítima;581;BR-324/BA;Oeste;Colisão Traseira;1;;;1;;;;;;;2;;;;
29/05/2015;15:16:00;229;sem vítima;461,4;BR-116/BA;Sul;Colisão Lateral;;;;1;;;;;;1;4;;;;
29/05/2015;15:36:00;240;com vítima;542,1;BR-324/BA;Oeste;Colisão Traseira;;;1;;;;;;;1;3;1;;;
29/05/2015;15:47:00;244;sem vítima;741;BR-116/BA;Sul;Saida de Pista;;;;;;;;;;1;1;;;;
29/05/2015;15:56:00;248;sem vítima;659,2;BR-116/BA;Sul;Colisão Traseira;;;2;;;;;;;;2;;;;
29/05/2015;19:15:00;297;sem vítima;642;BR-116/BA;Norte;Tombamento;;;1;;;;;;;;1;;;;
29/05/2015;19:32:00;299;sem vítima;687;BR-116/BA;Norte;Colisão Traseira;1;;;;;;;;;;2;;;;
29/05/2015;19:54:00;306;sem vítima;7,05;BA-526;Norte;Colisão Traseira;1;;;;;;;;;1;2;;;;
29/05/2015;19:54:00;307;sem vítima;621,2;BR-324/BA;Oeste;Saida de Pista;1;;;;;;;;;;1;;;;
29/05/2015;20:39:00;309;sem vítima;533,7;BR-324/BA;Leste;Colisão Traseira;1;;;;;1;;;;;3;;;;
29/05/2015;23:40:00;341;sem vítima;7;BR-116/BA - Cont VC;Norte;Capotamento;1;;;;;;;;;;2;;;;
30/05/2015;00:31:00;2;com vítima;625,8;BR-324/BA;Oeste;Queda de Moto;;;;1;;;;;;;1;1;;;
30/05/2015;03:46:00;21;com vítima;741;BR-116/BA;Norte;Capotamento;1;;;;;;;;;;1;;1;;
30/05/2015;08:26:00;62;sem vítima;743,1;BR-116/BA;Norte;Atropelamento de Animal;;;1;;;;;;;;1;;;;
30/05/2015;10:48:00;204;sem vítima;607,1;BR-324/BA;Oeste;Engavetamento;4;;;;;;;;;;8;;;;
30/05/2015;10:48:00;206;sem vítima;594;BR-116/BA;Sul;Colisão Lateral;2;;;;;;;;;;4;;;;
30/05/2015;14:34:00;273;com vítima;885;BR-116/BA;Norte;Saida de Pista;1;;;;;;;;;;2;3;;;
30/05/2015;14:47:00;286;sem vítima;553,15;BR-324/BA;Leste;Capotamento;1;;;;;;;;;;1;;;;
30/05/2015;15:16:00;306;sem vítima;648;BR-116/BA;Sul;Colisão Lateral;1;;;;;;;;;;2;;;;
30/05/2015;16:51:00;330;sem vítima;582,2;BR-324/BA;Leste;Saida de Pista;1;;;;;;;;;;3;;;;
30/05/2015;18:36:00;362;sem vítima;626;BR-116/BA;Norte;Colisão Traseira;;;2;;;;;;;;2;;;;
30/05/2015;18:42:00;364;com vítima;1,1;BR-116/BA - ContSuFS;Sul;Queda de Moto;;;;1;;;;;;;1;1;;;
30/05/2015;20:44:00;396;sem vítima;560,85;BR-324/BA;Leste;Colisão Traseira;2;;;;;;;;;;5;;;;
30/05/2015;21:32:00;404;com vítima;621;BR-324/BA;Oeste;Colisão Traseira;;;1;1;;;;;;;1;1;1;;
31/05/2015;00:21:00;3;com vítima;790;BR-116/BA;Sul;Queda de Moto;;;;1;;;;;;;0;1;;;
31/05/2015;02:55:00;16;com vítima;589,4;BR-116/BA;Sul;Colisão Frontal;1;;1;;;;;;;;1;;1;;
31/05/2015;05:56:00;29;sem vítima;569,3;BR-324/BA;Leste;Saida de Pista;1;;;;;;;;;;3;;;;
31/05/2015;10:48:00;107;sem vítima;581,6;BR-324/BA;Leste;Saida de Pista;1;;;;;;;;;;1;;;;
31/05/2015;13:29:00;149;sem vítima;625,5;BR-324/BA;Oeste;Colisão Traseira;1;;1;;;;;;;;2;;;;
31/05/2015;13:46:00;152;sem vítima;574,3;BR-324/BA;Leste;Saida de Pista;1;;;;;;;;;;1;;;;
31/05/2015;18:10:00;219;com vítima;537;BR-324/BA;Oeste;Colisão Lateral;2;;;;;;;;;;1;2;;;
31/05/2015;22:00:00;256;sem vítima;446,8;BR-116/BA;Norte;Saida de Pista;1;;;;;;;;;;1;;;;
01/06/2015;07:34:00;70;sem vítima;3,6;BA-526;Sul;Saida de Pista;1;;;;;;;;;;1;;;;
01/06/2015;15:09:00;202;sem vítima;538,3;BR-324/BA;Leste;Saida de Pista;1;;;;;;;;;;2;;;;
01/06/2015;09:18:00;105;sem vítima;541,9;BR-324/BA;Leste;Colisão Traseira;;;2;;;;;;;;2;;;;
01/06/2015;07:57:00;74;sem vítima;545,5;BR-324/BA;Leste;Colisão Traseira;2;;;;;;;;;;2;;;;
01/06/2015;07:11:00;67;sem vítima;551;BR-324/BA;Oeste;Engavetamento;2;;;;;;;;;2;10;;;;
01/06/2015;02:30:00;38;com vítima;462,2;BR-116/BA;Sul;Queda de Moto;;;;1;;;;;;;0;;;1;
01/06/2015;10:05:00;116;sem vítima;566;BR-324/BA;Oeste;Saida de Pista;;;1;;;;;;;;1;;;;
01/06/2015;15:30:00;209;sem vítima;585,3;BR-324/BA;Leste;Saida de Pista;1;;;;;;;;;;1;;;;
01/06/2015;07:04:00;64;com vítima;586,9;BR-324/BA;Leste;Colisão Traseira;;;;2;;;;;;;1;1;;;
01/06/2015;06:58:00;62;sem vítima;605,4;BR-324/BA;Leste;Engavetamento;3;;;;;;;;;;4;;;;
01/06/2015;06:37:00;58;sem vítima;608,3;BR-324/BA;Leste;Engavetamento;3;;;;;1;;;;;7;;;;
01/06/2015;11:32:00;167;sem vítima;617;BR-324/BA;Leste;Colisão Lateral;1;;1;;;;;;;;3;;;;
01/06/2015;13:07:00;187;sem vítima;617,9;BR-324/BA;Leste;Tombamento;;;1;;;;;;;;1;;;;
01/06/2015;21:54:00;279;sem vítima;621;BR-324/BA;Oeste;Colisão Traseira;1;;;;;1;;;;;2;;;;
01/06/2015;13:10:00;188;com vítima;623,2;BR-324/BA;Oeste;Queda de Moto;;;;1;;;;;;;0;1;;;
01/06/2015;11:12:00;161;sem vítima;568,3;BR-116/BA;Sul;Saida de Pista;1;;;;;;;;;;2;;;;
01/06/2015;03:31:00;32;sem vítima;594,5;BR-116/BA;Norte;Tombamento;;;1;;;;;;;;1;;;;
01/06/2015;00:46:00;3;com vítima;683,9;BR-116/BA;Norte;Saida de Pista;;;1;;;;;;;;0;1;;;
01/06/2015;00:11:00;1;sem vítima;813,1;BR-116/BA;Norte;Saida de Pista;1;;;;;;;;;;4;;;;
02/06/2015;17:52:00;282;sem vítima;2;BR-116/BA - Cont VC;Norte;Queda de Moto;;;;1;;;;;;;2;;;;
02/06/2015;20:46:00;318;com vítima;3,5;BA-526;Sul;Atropelamento de Animal;;;;1;;;;;;;0;1;;;
02/06/2015;20:09:00;311;sem vítima;8,1;BA-526;Sul;Colisão Traseira;;;;;;;;;;2;2;;;;
02/06/2015;11:42:00;174;sem vítima;562;BR-324/BA;Oeste;Saida de Pista;1;;;;;;;;;;1;;;;
02/06/2015;12:31:00;190;sem vítima;574;BR-324/BA;Leste;Saida de Pista;1;;;;;;;;;;3;;;;
02/06/2015;06:50:00;33;sem vítima;577;BR-324/BA;Oeste;Saida de Pista;1;;;;;;;;;;1;;;;
02/06/2015;06:25:00;28;com vítima;578;BR-324/BA;Leste;Colisão Traseira;1;;1;;;;;;;;4;2;;;
02/06/2015;06:08:00;22;sem vítima;579;BR-324/BA;Leste;Colisão Transversal;1;;1;;;;;;;;3;;;;
02/06/2015;19:36:00;306;sem vítima;592,5;BR-324/BA;Leste;Capotamento;1;;;;;;;;;;1;;;;
02/06/2015;10:01:00;144;sem vítima;595;BR-324/BA;Leste;Colisão Traseira;;;2;;;;;;;;2;;;;
02/06/2015;09:18:00;103;sem vítima;619;BR-324/BA;Leste;Engavetamento;3;;;;;;;;;;6;;;;
02/06/2015;08:10:00;63;sem vítima;620;BR-324/BA;Oeste;Colisão Lateral;;;;;2;;;;;;5;;;;
02/06/2015;18:28:00;293;sem vítima;622,2;BR-324/BA;Oeste;Engavetamento;3;;;;;;;;;;3;;;;
02/06/2015;09:01:00;93;sem vítima;626;BR-324/BA;Leste;Colisão Traseira;1;;;1;;;;;;;2;;;;
02/06/2015;17:47:00;280;com vítima;548;BR-116/BA;Norte;Atropelamento de Pedestre;;;;;;1;;;;;1;1;;;
02/06/2015;14:16:00;219;sem vítima;549,2;BR-116/BA;Sul;Engavetamento;;;2;;;1;;;;;4;;;;
02/06/2015;07:32:00;44;com vítima;817,1;BR-116/BA;Norte;Colisão Lateral;;;;1;;1;;;;;1;1;;;
03/06/2015;17:19:00;287;com vítima;522,3;BR-324/BA;Leste;Colisão Traseira;1;;1;;;;;;;;1;;1;;
03/06/2015;16:30:00;278;sem vítima;585;BR-324/BA;Leste;Saida de Pista;;;;;;;;;;2;4;;;;
03/06/2015;00:10:00;1;sem vítima;587,1;BR-324/BA;Oeste;Saida de Pista;1;;;;;;;;;;1;;;;
03/06/2015;10:06:00;146;sem vítima;488,5;BR-116/BA;Sul;Outros;;;;;;1;;;;1;2;;;;
03/06/2015;07:05:00;77;sem vítima;593,15;BR-324/BA;Oeste;Saida de Pista;1;;;;;;;;;;2;;;;
03/06/2015;18:58:00;305;sem vítima;501;BR-116/BA;Norte;Colisão Traseira;2;;;;;;;;;;2;;;;
03/06/2015;08:31:00;117;sem vítima;613,1;BR-324/BA;Leste;Colisão Lateral;1;;1;;;;;;;;3;;;;
03/06/2015;18:54:00;303;com vítima;614;BR-324/BA;Leste;Outros;;;1;;;;;;;;0;1;;;
03/06/2015;23:53:00;344;sem vítima;615;BR-324/BA;Oeste;Capotamento;1;;;;;;;;;;3;;;;
03/06/2015;11:33:00;175;sem vítima;615,2;BR-324/BA;Oeste;Saida de Pista;1;;;;;;;;;;3;;;;
03/06/2015;08:18:00;112;sem vítima;615,6;BR-324/BA;Leste;Colisão Lateral;1;;;1;;;;;;;3;;;;
03/06/2015;23:02:00;341;sem vítima;620;BR-324/BA;Oeste;Capotamento;1;;;;;;;;;;1;;;;
03/06/2015;14:48:00;242;sem vítima;621,2;BR-324/BA;Oeste;Saida de Pista;1;;;;;;;;;;1;;;;
03/06/2015;15:27:00;263;sem vítima;736;BR-116/BA;Norte;Saida de Pista;;;1;;;;;;;;1;;;;
04/06/2015;21:22:00;225;com vítima;434,4;BR-116/BA;Norte;Capotamento;;;;;;;;;;1;0;1;;;
04/06/2015;11:47:00;115;sem vítima;441;BR-116/BA;Norte;Saida de Pista;;;;;;;;;;1;3;;;;
04/06/2015;18:10:00;198;sem vítima;442;BR-116/BA;Sul;Saida de Pista;;;1;;;;;;;;1;;;;
04/06/2015;12:23:00;121;sem vítima;530;BR-324/BA;Oeste;Colisão Traseira;1;;;;;;;;;1;2;;;;
04/06/2015;05:12:00;18;sem vítima;566,5;BR-324/BA;Oeste;Saida de Pista;1;;;;;;;;;;1;;;;
04/06/2015;10:22:00;90;sem vítima;599,2;BR-324/BA;Oeste;Colisão Traseira;2;;;;;;;;;;5;;;;
04/06/2015;13:53:00;138;com vítima;623,2;BR-324/BA;Leste;Colisão Lateral;1;;;1;;;;;;;2;;1;;
04/06/2015;18:44:00;207;com vítima;644,4;BR-116/BA;Sul;Sequência;1;;2;;1;;;;;1;43;2;;;
04/06/2015;18:08:00;197;com vítima;669,4;BR-116/BA;Sul;Atropelamento de Pedestre;;;;;;1;;;;;1;1;;;
04/06/2015;09:19:00;70;sem vítima;735,9;BR-116/BA;Norte;Colisão Traseira;2;;;;;;;;;;2;;;;
04/06/2015;21:46:00;230;com vítima;817,8;BR-116/BA;Sul;Colisão Transversal;2;;;;;;;;;;4;3;1;;
05/06/2015;07:47:00;45;sem vítima;7,1;BR-116/BA - Cont VC;Norte;Colisão Lateral;;;3;;;;;;;;5;;;;
05/06/2015;16:26:00;175;com vítima;13,4;BR-116/BA - Cont VC;Norte;Colisão Traseira;;;;1;;;;;;1;2;1;;;
05/06/2015;08:58:00;65;com vítima;562,95;BR-324/BA;Oeste;Queda de Moto;;;;1;;;;;;;0;2;;;
05/06/2015;10:22:00;92;com vítima;521,1;BR-116/BA;Norte;Colisão Traseira;;;1;;;1;;;;;1;2;;;
05/06/2015;14:32:00;153;com vítima;740,2;BR-116/BA;Sul;Saida de Pista;;;;;;;;;;1;1;1;;;
05/06/2015;19:24:00;213;sem vítima;780;BR-116/BA;Norte;Saida de Pista;1;;;;;;;;;;2;;;;
05/06/2015;09:59:00;86;com vítima;821,7;BR-116/BA;Norte;Colisão Traseira;1;;;1;;;;;;;3;1;;;
05/06/2015;19:31:00;214;sem vítima;838;BR-116/BA;Sul;Engavetamento;2;;3;;;;;;;;7;;;;
06/06/2015;21:39:00;263;com vítima;3,1;BR-116/BA - Cont VC;Sul;Colisão Traseira;1;;;;;;;;;1;1;1;;;
06/06/2015;06:42:00;36;com vítima;564,3;BR-324/BA;Oeste;Saida de Pista;1;;;;;;;;;;3;2;;;
06/06/2015;22:12:00;269;com vítima;581,6;BR-324/BA;Leste;Capotamento;1;;;;;;;;;;0;1;1;2;
06/06/2015;12:31:00;150;sem vítima;585,3;BR-324/BA;Leste;Saida de Pista;1;;;;;;;;;;3;;;;
06/06/2015;14:04:00;170;sem vítima;617,4;BR-324/BA;Leste;Colisão Traseira;1;;;;1;;;;;;36;;;;
06/06/2015;17:37:00;214;sem vítima;621;BR-324/BA;Oeste;Queda de Moto;;;;1;;;;;;;1;;;;
06/06/2015;14:20:00;172;com vítima;600;BR-116/BA;Norte;Sequência;;;1;1;;;;;;;1;1;;;
06/06/2015;07:01:00;44;sem vítima;639,5;BR-116/BA;Norte;Colisão Lateral;1;;1;;;;;;;;11;;;;
06/06/2015;01:25:00;9;sem vítima;681,8;BR-116/BA;Norte;Tombamento;;;1;;;;;;;;1;;;;
06/06/2015;11:48:00;138;sem vítima;696,8;BR-116/BA;Norte;Capotamento;1;;;;;;;;;;1;;;;
06/06/2015;20:11:00;241;sem vítima;790;BR-116/BA;Sul;Colisão Lateral;;;1;;;1;;;;;3;;;;
06/06/2015;07:29:00;58;sem vítima;804,1;BR-116/BA;Norte;Colisão Traseira;;;1;;1;;;;;;29;;;;
07/06/2015;23:34:00;255;sem vítima;527;BR-324/BA;Oeste;Colisão Lateral;1;;;;;1;;;;;3;;;;
07/06/2015;14:31:00;148;sem vítima;537,05;BR-324/BA;Leste;Colisão Lateral;1;;1;;;;;;;;2;;;;
07/06/2015;14:15:00;144;com vítima;537,3;BR-324/BA;Oeste;Saida de Pista;1;;;;;;;;;;1;;1;;
07/06/2015;03:02:00;13;sem vítima;579;BR-324/BA;Oeste;Capotamento;1;;;;;;;;;;2;;;;
07/06/2015;18:14:00;201;sem vítima;602;BR-324/BA;Leste;Colisão Traseira;2;;;;;;;;;;4;;;;
07/06/2015;18:39:00;209;sem vítima;603;BR-324/BA;Leste;Engavetamento;4;;;;;;;;;;8;;;;
07/06/2015;10:01:00;89;com vítima;615,1;BR-324/BA;Oeste;Saida de Pista;;;;;;;;;;1;2;;;1;
07/06/2015;05:40:00;29;sem vítima;618,9;BR-324/BA;Leste;Colisão Traseira;1;;;;;1;;;;;2;;;;
07/06/2015;12:04:00;117;sem vítima;619,1;BR-324/BA;Oeste;Queda de Moto;;;;1;;;;;;;2;;;;
07/06/2015;17:39:00;195;sem vítima;620;BR-324/BA;Oeste;Saida de Pista;;;;;;;;;;1;1;;;;
07/06/2015;17:20:00;191;sem vítima;575;BR-116/BA;Norte;Colisão Traseira;2;;;;;;;;;;2;;;;
08/06/2015;06:00:00;37;com vítima;426,6;BR-116/BA;Norte;Colisão Traseira;;;;1;;1;;;;;1;2;;;
08/06/2015;09:01:00;98;sem vítima;537,3;BR-324/BA;Leste;Colisão Traseira;1;;;;;1;;;;;5;;;;
08/06/2015;16:25:00;228;com vítima;545,2;BR-324/BA;Oeste;Colisão Transversal;1;;;1;;;;;;;1;1;;;
08/06/2015;09:11:00;102;com vítima;462,3;BR-116/BA;Sul;Queda de Moto;;;;1;;;;;;;1;1;;;
08/06/2015;05:23:00;31;sem vítima;566,05;BR-324/BA;Leste;Saida de Pista;;;1;;;;;;;;1;;;;
08/06/2015;04:59:00;28;sem vítima;587,2;BR-324/BA;Leste;Saida de Pista;1;;;;;;;;;;3;;;;
08/06/2015;16:20:00;224;sem vítima;614;BR-324/BA;Leste;Engavetamento;3;;;;;;;;;;3;;;;
08/06/2015;20:06:00;277;sem vítima;618;BR-324/BA;Oeste;Colisão Traseira;;;2;;;;;;;;3;;;;
08/06/2015;19:16:00;265;com vítima;574,4;BR-116/BA;Sul;Colisão Transversal;1;;;1;;;;;;;1;1;1;;
08/06/2015;19:59:00;275;sem vítima;716;BR-116/BA;Norte;Colisão Traseira;;;4;;;;;;;;4;;;;
08/06/2015;18:09:00;251;com vítima;777,8;BR-116/BA;Sul;Atropelamento de Pedestre;1;;;;;;;;;;3;1;;;
08/06/2015;09:38:00;114;com vítima;817;BR-116/BA;Norte;Colisão Transversal;;;1;1;;;;;;;1;1;;;
09/06/2015;11:37:00;133;sem vítima;449,1;BR-116/BA;Sul;Colisão Traseira;;;2;;;;;;;;2;;;;