data;horario;n_da_ocorrencia;tipo_de_ocorrencia;km;trecho;sentido;tipo_de_acidente;automovel;bicicleta;caminhao;moto;onibus;outros;tracao_animal;transporte_de_cargas_especiais;trator_maquinas;utilitarios;ilesos;levemente_feridos;moderadamente_feridos;gravemente_feridos;mortos
09/06/2015;03:41:00;12;sem vítima;618;BR-324/BA;Leste;Saida de Pista;1;;;;;;;;;;2;;;;
09/06/2015;07:12:00;41;sem vítima;609,1;BR-116/BA;Sul;Colisão Lateral;1;;2;;;;;;;;3;;;;
09/06/2015;09:56:00;95;sem vítima;641,9;BR-116/BA;Norte;Colisão Traseira;1;;;;;;;;;1;5;;;;
09/06/2015;00:50:00;17;com vítima;787,8;BR-116/BA;Norte;Saida de Pista;;;1;;;;;;;;0;2;;;
09/06/2015;16:45:00;217;com vítima;817,1;BR-116/BA;Norte;Colisão Transversal;;;;1;;;;;;1;1;;1;;
09/06/2015;18:36:00;240;sem vítima;821;BR-116/BA;Sul;Colisão Lateral;2;;;;;;;;;;6;;;;
10/06/2015;21:37:00;285;com vítima;430;BR-116/BA;Norte;Queda de Moto;;;;1;;;;;;;0;1;;;
10/06/2015;18:54:00;252;sem vítima;530,1;BR-324/BA;Leste;Colisão Lateral;;;1;;;1;;;;;2;;;;
10/06/2015;12:31:00;150;sem vítima;563;BR-324/BA;Oeste;Saida de Pista;1;;1;;;;;;;;1;;;;
10/06/2015;11:35:00;135;sem vítima;613;BR-324/BA;Leste;Colisão Traseira;;;;;;;;;;2;4;;;;
10/06/2015;08:32:00;72;sem vítima;616,1;BR-324/BA;Leste;Engavetamento;3;;;;;;;;;;4;;;;
10/06/2015;07:07:00;33;sem vítima;618,1;BR-324/BA;Leste;Engavetamento;4;;;;;;;;;;8;;;;
10/06/2015;05:47:00;16;com vítima;525,3;BR-116/BA;Sul;Saida de Pista;;;;;;;;;;1;0;3;;;
10/06/2015;14:51:00;198;sem vítima;620;BR-324/BA;Leste;Engavetamento;1;;1;;1;;;;;;3;;;;
10/06/2015;10:17:00;101;com vítima;673,5;BR-116/BA;Norte;Engavetamento;1;;;2;;;;;;;2;1;;;
10/06/2015;16:29:00;218;sem vítima;802,3;BR-116/BA;Norte;Colisão Traseira;1;;;;;;;;;1;7;;;;
10/06/2015;01:06:00;6;sem vítima;921,2;BR-116/BA;Norte;Saida de Pista;;;1;;;;;;;;1;;;;
11/06/2015;22:29:00;317;com vítima;0;BR-116/BA - ContSuFS;Norte;Colisão Lateral;1;;;1;;;;;;;1;;1;;
11/06/2015;14:14:00;196;com vítima;445;BR-116/BA;Norte;Colisão Transversal;1;;;1;;;;;;;1;1;;;
11/06/2015;08:08:00;62;sem vítima;608;BR-324/BA;Oeste;Saida de Pista;;;1;;;;;;;;1;;;;
11/06/2015;17:28:00;264;com vítima;623;BR-324/BA;Oeste;Colisão Traseira;;;;1;;1;;;;;1;1;;;
12/06/2015;13:41:00;187;sem vítima;446,4;BR-116/BA;Sul;Colisão Lateral;1;;1;;;;;;;;3;;;;
12/06/2015;15:44:00;223;sem vítima;543,2;BR-324/BA;Oeste;Engavetamento;3;;;;;1;;;;;10;;;;
12/06/2015;13:55:00;191;sem vítima;599,2;BR-324/BA;Oeste;Colisão Traseira;2;;;;;;;;;;7;;;;
12/06/2015;06:51:00;32;sem vítima;599,3;BR-324/BA;Oeste;Colisão Traseira;2;;;;;;;;;;3;;;;
12/06/2015;14:51:00;205;sem vítima;603,2;BR-324/BA;Oeste;Colisão Traseira;1;;;;1;;;;;;23;;;;
12/06/2015;18:37:00;281;sem vítima;617,9;BR-324/BA;Leste;Colisão Traseira;2;;;;;;;;;;2;;;;
12/06/2015;19:16:00;286;sem vítima;618;BR-324/BA;Oeste;Colisão Traseira;2;;;;;;;;;;2;;;;
12/06/2015;23:22:00;329;com vítima;620;BR-324/BA;Oeste;Queda de Moto;;;;1;;;;;;;0;2;;;
12/06/2015;11:51:00;146;com vítima;568;BR-116/BA;Norte;Colisão Transversal;1;;1;;;;;;;;2;2;;;
12/06/2015;06:15:00;27;com vítima;606,5;BR-116/BA;Sul;Colisão Lateral;1;;1;;;;;;;;1;;3;;
12/06/2015;08:38:00;56;com vítima;775;BR-116/BA;Sul;Colisão Transversal;1;;;;1;;;;;;46;1;;;
12/06/2015;15:17:00;212;sem vítima;802;BR-116/BA;Norte;Colisão Traseira;1;;1;;;;;;;;3;;;;
12/06/2015;21:28:00;313;com vítima;829,1;BR-116/BA;Norte;Atropelamento de Pedestre;;;;1;;;;;;;0;2;;;
12/06/2015;16:37:00;247;com vítima;857;BR-116/BA;Norte;Saida de Pista;;;;;;;;;;1;0;;1;;
12/06/2015;13:19:00;180;com vítima;908;BR-116/BA;Norte;Colisão Transversal;1;;;1;;;;;;;1;2;;;
13/06/2015;20:41:00;262;sem vítima;535;BR-324/BA;Leste;Saida de Pista;1;;;;;;;;;;1;;;;
13/06/2015;12:39:00;152;com vítima;553,1;BR-324/BA;Oeste;Capotamento;1;;;;;;;;;;2;;1;;
13/06/2015;11:51:00;142;sem vítima;558,3;BR-324/BA;Oeste;Colisão Lateral;2;;;;;;;;;;5;;;;
13/06/2015;15:16:00;187;sem vítima;619;BR-324/BA;Leste;Capotamento;1;;;;;;;;;;1;;;;
13/06/2015;07:17:00;39;sem vítima;621,9;BR-324/BA;Leste;Colisão Traseira;;;;;1;1;;;;;3;;;;
13/06/2015;02:25:00;11;com vítima;586,12;BR-116/BA;Norte;Colisão Transversal;;;1;1;1;;;;;;8;;;;1
13/06/2015;16:07:00;205;sem vítima;589,2;BR-116/BA;Sul;Saida de Pista;1;;;;;;;;;;2;;;;
13/06/2015;14:52:00;181;sem vítima;601;BR-116/BA;Norte;Tombamento;;;1;;;;;;;;1;;;;
14/06/2015;02:20:00;24;sem vítima;7;BR-116/BA - ContSuFS;Norte;Capotamento;1;;;;;;;;;;1;;;;
14/06/2015;04:11:00;32;sem vítima;27,3;BR-116/BA - Cont VC;Sul;Saida de Pista;1;;;;;;;;;;1;;;;
14/06/2015;09:33:00;92;com vítima;434,5;BR-116/BA;Norte;Saida de Pista;1;;;;;;;;;;1;1;;;
14/06/2015;08:24:00;75;sem vítima;526;BR-324/BA;Oeste;Atropelamento de Animal;3;;;;;;;;;;12;;;;
14/06/2015;18:49:00;233;com vítima;542,5;BR-324/BA;Oeste;Colisão Frontal;1;;;1;;;;;;;1;1;;;
14/06/2015;08:57:00;84;sem vítima;479,1;BR-116/BA;Sul;Queda de Moto;;;;1;;;;;;;1;;;;
14/06/2015;11:08:00;123;sem vítima;583,95;BR-324/BA;Oeste;Saida de Pista;1;;;;;1;;;;;3;;;;
14/06/2015;18:04:00;222;com vítima;586;BR-324/BA;Leste;Queda de Moto;;;;1;;;;;;;0;1;1;;
14/06/2015;04:27:00;33;sem vítima;615;BR-324/BA;Oeste;Capotamento;1;;;;;;;;;;1;;;;
14/06/2015;19:39:00;244;sem vítima;617,8;BR-324/BA;Leste;Saida de Pista;;;;;;;;;;1;7;;;;
14/06/2015;14:33:00;172;sem vítima;625;BR-324/BA;Leste;Choque Contra Objeto Fixo;1;;;;;;;;;;2;;;;
14/06/2015;21:28:00;260;com vítima;545;BR-116/BA;Sul;Colisão Lateral;1;;1;;;;;;;;3;;1;;
14/06/2015;21:54:00;265;sem vítima;592;BR-116/BA;Norte;Colisão Traseira;;;2;;;;;;;;2;;;;
14/06/2015;03:07:00;28;com vítima;789;BR-116/BA;Sul;Saida de Pista;1;;;;;;;;;;0;1;;;
15/06/2015;21:36:00;288;sem vítima;7,8;BR-116/BA - Cont VC;Sul;Colisão Traseira;1;;;;;1;;;;;2;;;;
15/06/2015;19:38:00;271;com vítima;518;BR-324/BA;Oeste;Queda de Moto;;;;1;;;;;;;0;1;;;
15/06/2015;17:33:00;235;sem vítima;523;BR-324/BA;Oeste;Choque Contra Objeto Fixo;1;;;;;;;;;;1;;;;
15/06/2015;13:56:00;183;sem vítima;569,3;BR-324/BA;Oeste;Colisão Lateral;1;;1;;;;;;;;3;;;;
15/06/2015;11:17:00;138;sem vítima;467,4;BR-116/BA;Norte;Saida de Pista;1;;;;;1;;;;;2;;;;
15/06/2015;13:43:00;180;sem vítima;592,2;BR-324/BA;Oeste;Colisão Lateral;;;1;;1;;;;;;39;;;;
15/06/2015;14:25:00;192;sem vítima;599,1;BR-324/BA;Oeste;Colisão Transversal;2;;;;;;;;;;5;;;;
15/06/2015;07:03:00;46;sem vítima;617;BR-324/BA;Oeste;Colisão Traseira;1;;;;;;;;;1;2;;;;
15/06/2015;09:17:00;84;sem vítima;624,6;BR-324/BA;Leste;Colisão Lateral;1;;;;;;;;;1;5;;;;
15/06/2015;07:50:00;60;sem vítima;632;BR-116/BA;Norte;Colisão Traseira;1;;1;;;1;;;;;3;;;;
16/06/2015;17:19:00;234;com vítima;451;BR-116/BA;Sul;Colisão Traseira;;;;1;;1;;;;;1;1;1;;
16/06/2015;02:56:00;22;sem vítima;542;BR-324/BA;Leste;Saida de Pista;1;;;;;;;;;;1;;;;
16/06/2015;17:57:00;243;com vítima;578;BR-324/BA;Oeste;Capotamento;1;;;;;;;;;;0;1;;;
16/06/2015;00:15:00;1;sem vítima;589,5;BR-324/BA;Leste;Colisão Traseira;1;;1;;;;;;;;2;;;;
16/06/2015;15:55:00;212;sem vítima;592,6;BR-324/BA;Leste;Saida de Pista;1;;;;;1;;;;;2;;;;
16/06/2015;11:47:00;156;com vítima;595,1;BR-324/BA;Leste;Colisão Traseira;1;;;1;;;;;;;3;;;1;
16/06/2015;06:07:00;36;com vítima;595,3;BR-324/BA;Leste;Colisão Lateral;;;3;;;;;;;;2;2;;;1
16/06/2015;10:42:00;135;sem vítima;611,3;BR-324/BA;Oeste;Colisão Traseira;1;;;;;1;;;;;2;;;;
16/06/2015;15:25:00;206;com vítima;616,9;BR-324/BA;Oeste;Engavetamento;1;;2;;;;;;;;2;;1;;
16/06/2015;06:05:00;35;sem vítima;540;BR-116/BA;Sul;Colisão Traseira;1;;1;;;;;;;;2;;;;
16/06/2015;09:10:00;91;sem vítima;827;BR-116/BA;Norte;Colisão Traseira;1;;;;;;;;;1;4;;;;
17/06/2015;13:44:00;157;com vítima;15;BR-116/BA - Cont VC;Sul;Colisão Traseira;;;;1;;1;;;;;1;2;;;
17/06/2015;10:24:00;99;sem vítima;602;BR-324/BA;Oeste;Colisão Lateral;1;;1;;;;;;;;5;;;;
17/06/2015;15:24:00;185;sem vítima;611,8;BR-324/BA;Leste;Colisão Lateral;1;;;;;1;;;;1;4;;;;
17/06/2015;14:38:00;170;com vítima;620;BR-324/BA;Oeste;Atropelamento de Pedestre;;;;;;1;;;;;1;1;;;
17/06/2015;10:34:00;103;com vítima;589,2;BR-116/BA;Sul;Colisão Frontal;;;2;;;;;;;2;9;;1;;
17/06/2015;18:03:00;217;com vítima;638;BR-116/BA;Sul;Colisão Traseira;;;;1;;1;;;;;1;;1;;
17/06/2015;03:55:00;18;sem vítima;736,05;BR-116/BA;Norte;Saida de Pista;1;;;;;;;;;;2;;;;
17/06/2015;05:42:00;31;sem vítima;795,1;BR-116/BA;Norte;Saida de Pista;1;;;;;;;;;;4;;;;
17/06/2015;07:07:00;41;sem vítima;812,1;BR-116/BA;Sul;Queda de Moto;;;;1;;;;;;;1;;;;
17/06/2015;14:05:00;162;sem vítima;819,09;BR-116/BA;Norte;Tombamento;;;1;;;;;;;;1;;;;
18/06/2015;08:14:00;59;sem vítima;609;BR-324/BA;Oeste;Colisão Traseira;2;;;;;;;;;;2;;;;
18/06/2015;17:06:00;242;sem vítima;611;BR-324/BA;Leste;Colisão Traseira;1;;;;;1;;;;;2;;;;
18/06/2015;08:51:00;79;sem vítima;622;BR-324/BA;Oeste;Colisão Lateral;1;;;;1;;;;;;2;;;;
18/06/2015;11:33:00;140;sem vítima;569,2;BR-116/BA;Sul;Saida de Pista;;;1;;;1;;;;;2;;;;
18/06/2015;14:52:00;206;sem vítima;618,2;BR-116/BA;Norte;Saida de Pista;;;1;;;1;;;;;2;;;;
18/06/2015;15:40:00;215;sem vítima;634,2;BR-116/BA;Sul;Colisão Lateral;1;;1;;;;;;;;2;;;;
18/06/2015;22:39:00;305;sem vítima;645;BR-116/BA;Sul;Tombamento;;;1;;;;;;;;1;;;;
18/06/2015;17:25:00;246;sem vítima;788;BR-116/BA;Sul;Colisão Lateral;2;;;;;;;;;;2;;;;
18/06/2015;08:16:00;60;com vítima;829,3;BR-116/BA;Norte;Colisão Traseira;1;;;1;;;;;;;2;2;;;
18/06/2015;18:01:00;254;sem vítima;838;BR-116/BA;Norte;Saida de Pista;1;;;;;;;;;;1;;;;
19/06/2015;17:26:00;259;sem vítima;522;BR-324/BA;Oeste;Colisão Lateral;1;;1;;;;;;;;2;;;;
19/06/2015;14:54:00;191;sem vítima;525,5;BR-324/BA;Leste;Colisão Lateral;;;;;;;;;;2;14;;;;
19/06/2015;19:38:00;304;sem vítima;548,8;BR-324/BA;Oeste;Colisão Traseira;1;;;;;1;;;;;2;;;;
19/06/2015;15:06:00;194;com vítima;556;BR-324/BA;Oeste;Colisão Lateral;3;;;;;;;;;;3;;4;;
19/06/2015;14:49:00;187;sem vítima;571;BR-324/BA;Oeste;Colisão Lateral;2;;;;;;;;;;2;;;;
19/06/2015;17:04:00;245;sem vítima;575;BR-324/BA;Oeste;Colisão Traseira;2;;;;;;;;;;2;;;;
19/06/2015;17:08:00;247;sem vítima;580;BR-324/BA;Oeste;Colisão Traseira;1;;;;;1;;;;;2;;;;
19/06/2015;19:31:00;303;sem vítima;584;BR-324/BA;Oeste;Engavetamento;1;;;;;2;;;;;3;;;;
19/06/2015;09:06:00;85;com vítima;502,2;BR-116/BA;Norte;Colisão Lateral;2;;;;;;;;;;4;4;;;
19/06/2015;17:01:00;239;sem vítima;617;BR-324/BA;Oeste;Colisão Traseira;1;;1;;;1;;;;;8;;;;
19/06/2015;16:40:00;227;sem vítima;618,05;BR-324/BA;Oeste;Colisão Traseira;1;;;1;;;;;;;4;;;;
19/06/2015;01:58:00;8;sem vítima;620;BR-324/BA;Leste;Colisão Traseira;2;;;;;;;;;;2;;;;
19/06/2015;18:10:00;276;sem vítima;623;BR-324/BA;Leste;Engavetamento;2;;;;;1;;;;;4;;;;
19/06/2015;05:58:00;28;sem vítima;913,2;BR-116/BA;Norte;Colisão Lateral;1;;;;;1;;;;;4;;;;
20/06/2015;11:46:00;195;com vítima;7,2;BR-116/BA - Cont VC;Norte;Colisão Transversal;1;;;1;;;;;;;1;2;;;
20/06/2015;19:46:00;341;sem vítima;17,3;BR-116/BA - Cont VC;Sul;Colisão Traseira;2;;;;;;;;;;4;;;;
20/06/2015;05:50:00;60;sem vítima;439;BR-116/BA;Sul;Saida de Pista;1;;;;;;;;;;2;;;;
20/06/2015;08:14:00;109;sem vítima;442;BR-116/BA;Sul;Saida de Pista;1;;;;;;;;;;1;;;;
20/06/2015;05:32:00;55;sem vítima;457,2;BR-116/BA;Norte;Saida de Pista;;;1;;;;;;;;1;;;;
20/06/2015;08:07:00;106;sem vítima;548,5;BR-324/BA;Oeste;Engavetamento;3;;;;;;;;;;14;;;;
20/06/2015;18:05:00;316;sem vítima;559;BR-324/BA;Leste;Colisão Traseira;1;;;;1;;;;;;2;;;;
20/06/2015;08:51:00;122;sem vítima;569,1;BR-324/BA;Oeste;Engavetamento;4;;;;;;;;;;9;;;;
20/06/2015;13:01:00;214;com vítima;574,3;BR-324/BA;Oeste;Saida de Pista;1;;;;;1;;;;;1;2;;;
20/06/2015;06:18:00;66;sem vítima;578,3;BR-324/BA;Oeste;Engavetamento;3;;;;;;;;;;10;;;;
20/06/2015;09:18:00;130;sem vítima;598,7;BR-324/BA;Oeste;Colisão Traseira;1;;;;;;;;;1;2;;;;
20/06/2015;11:41:00;189;sem vítima;599,3;BR-324/BA;Oeste;Colisão Traseira;1;;1;;;;;;;;2;;;;
20/06/2015;00:14:00;3;sem vítima;607;BR-324/BA;Oeste;Colisão Traseira;;;;1;;;;;;1;2;;;;
20/06/2015;12:18:00;204;com vítima;548,8;BR-116/BA;Norte;Colisão Traseira;1;;2;;;;;;;;3;1;;;
20/06/2015;23:52:00;394;sem vítima;808,3;BR-116/BA;Sul;Atropelamento de Animal;2;;1;;;1;;;;;4;;;;
20/06/2015;08:10:00;107;sem vítima;860;BR-116/BA;Norte;Colisão Lateral;1;;1;;;;;;;;3;;;;
20/06/2015;10:13:00;150;com vítima;872;BR-116/BA;Sul;Colisão Frontal;1;;1;;;;;;;;1;;;;2
21/06/2015;21:34:00;332;sem vítima;520;BR-324/BA;Oeste;Colisão Transversal;1;;1;;;;;;;;2;;;;
21/06/2015;01:59:00;23;sem vítima;543;BR-324/BA;Oeste;Saida de Pista;1;;;;;;;;;;4;;;;
21/06/2015;07:05:00;87;sem vítima;546,3;BR-324/BA;Oeste;Colisão Traseira;2;;;;;;;;;;6;;;;
21/06/2015;10:59:00;164;sem vítima;569;BR-324/BA;Oeste;Engavetamento;3;;;;;1;;;;;7;;;;
21/06/2015;11:47:00;190;sem vítima;569,3;BR-324/BA;Oeste;Colisão Traseira;2;;;;;;;;;;2;;;;
21/06/2015;11:35:00;184;sem vítima;571,8;BR-324/BA;Oeste;Engavetamento;3;;;;;;;;;;11;;;;
21/06/2015;07:24:00;92;sem vítima;574,2;BR-324/BA;Oeste;Engavetamento;3;;;;;;;;;;7;;;;
21/06/2015;10:15:00;150;sem vítima;579,6;BR-324/BA;Oeste;Colisão Traseira;3;;;;1;;;;;;46;;;;
21/06/2015;22:00:00;338;sem vítima;591;BR-324/BA;Oeste;Saida de Pista;1;;;;;;;;;;1;;;;
21/06/2015;04:33:00;43;sem vítima;599;BR-324/BA;Oeste;Colisão Lateral;2;;;;;;;;;;2;;;;
21/06/2015;04:41:00;47;sem vítima;599;BR-324/BA;Oeste;Queda de Moto;;;;1;;;;;;;1;;;;
21/06/2015;17:58:00;295;com vítima;507;BR-116/BA;Norte;Colisão Lateral;2;;;;;;;;;;5;;2;;
21/06/2015;14:43:00;233;sem vítima;608,6;BR-324/BA;Leste;Colisão Transversal;1;;;;1;;;;;;3;;;;
21/06/2015;08:22:00;109;sem vítima;566,9;BR-116/BA;Norte;Colisão Lateral;1;;;;;1;;;;;6;;;;
21/06/2015;09:48:00;136;sem vítima;581,5;BR-116/BA;Norte;Tombamento;;;1;;;1;;;;;2;;;;
21/06/2015;00:31:00;9;sem vítima;631;BR-116/BA;Sul;Atropelamento de Animal;;;1;;;;;;;;1;;;;
21/06/2015;10:10:00;143;sem vítima;709,7;BR-116/BA;Sul;Colisão Lateral;;;1;;;;;;;1;2;;;;
21/06/2015;12:31:00;203;sem vítima;847,2;BR-116/BA;Norte;Colisão Lateral;;;1;;;;;;;1;3;;;;
22/06/2015;06:39:00;52;sem vítima;9,1;BR-116/BA - Cont VC;Norte;Saida de Pista;1;;1;;;;;;;;2;;;;
22/06/2015;20:24:00;322;sem vítima;15;BR-116/BA - Cont VC;Norte;Colisão Traseira;2;;;;;;;;;;5;;;;
22/06/2015;16:34:00;249;com vítima;442,1;BR-116/BA;Norte;Saida de Pista;1;;;;;1;;;;;3;3;;;
22/06/2015;07:05:00;65;sem vítima;442,5;BR-116/BA;Sul;Capotamento;1;;;;;;;;;;5;;;;
22/06/2015;13:17:00;197;com vítima;534;BR-324/BA;Oeste;Queda de Moto;;;;1;;;;;;;0;1;;;
22/06/2015;13:53:00;204;sem vítima;543;BR-324/BA;Oeste;Saida de Pista;1;;;;;1;;;;;2;;;;
22/06/2015;06:34:00;48;com vítima;560;BR-324/BA;Oeste;Colisão Lateral;1;;;1;;1;;;;;2;1;;;
22/06/2015;13:56:00;206;sem vítima;561;BR-324/BA;Leste;Saida de Pista;1;;;;;;;;;;1;;;;
22/06/2015;04:35:00;24;sem vítima;464,2;BR-116/BA;Norte;Tombamento;;;1;;;;;;;;1;;;;
22/06/2015;14:13:00;211;com vítima;595;BR-324/BA;Oeste;Colisão Lateral;1;;;1;;;;;;;1;;1;;
22/06/2015;16:45:00;259;com vítima;621;BR-324/BA;Oeste;Colisão Traseira;1;;;1;;;;;;;1;1;;;
22/06/2015;10:49:00;138;com vítima;571,2;BR-116/BA;Sul;Colisão Traseira;;;1;;;;;;;1;3;1;;;
22/06/2015;13:47:00;203;sem vítima;652,2;BR-116/BA;Norte;Colisão Lateral;2;;;;;;;;;;5;;;;
22/06/2015;13:44:00;201;sem vítima;804,1;BR-116/BA;Sul;Colisão Traseira;2;;;;;;;;;;7;;;;
22/06/2015;08:20:00;87;sem vítima;856,3;BR-116/BA;Sul;Saida de Pista;;;;;;;;;;1;5;;;;
22/06/2015;05:54:00;32;sem vítima;924,1;BR-116/BA;Norte;Saida de Pista;;;1;;;1;;;;;2;;;;
23/06/2015;11:53:00;142;com vítima;4,15;BR-116/BA - ContSuFS;Norte;Queda de Moto;;;;1;;;;;;;0;;1;;
23/06/2015;17:17:00;225;com vítima;430;BR-116/BA;Sul;Colisão Traseira;;;;1;;1;;;;;1;1;;;
23/06/2015;10:11:00;110;sem vítima;439;BR-116/BA;Sul;Colisão Lateral;1;;;;;1;;;;;4;;;;
23/06/2015;14:23:00;184;sem vítima;546;BR-324/BA;Oeste;Colisão Traseira;1;;;;;1;;;;;2;;;;
23/06/2015;05:03:00;34;com vítima;548,5;BR-324/BA;Oeste;Saida de Pista;1;;;;;;;;;;0;1;;;
23/06/2015;04:44:00;31;com vítima;557,2;BR-324/BA;Oeste;Capotamento;1;;;;;;;;;;2;3;;;
23/06/2015;17:37:00;240;sem vítima;559;BR-324/BA;Oeste;Colisão Traseira;2;;;;;;;;;;2;;;;
23/06/2015;10:21:00;116;sem vítima;568,5;BR-324/BA;Leste;Saida de Pista;1;;;;;;;;;;1;;;;
23/06/2015;15:28:00;196;sem vítima;568,5;BR-324/BA;Oeste;Engavetamento;4;;;;;1;;;;;16;;;;
23/06/2015;10:56:00;130;sem vítima;571,5;BR-324/BA;Oeste;Colisão Lateral;1;;1;;;;;;;;2;;;;
23/06/2015;20:21:00;282;sem vítima;578;BR-324/BA;Oeste;Queda de Moto;1;;;1;;;;;;;3;;;;
23/06/2015;14:54:00;189;sem vítima;581,08;BR-324/BA;Oeste;Colisão Traseira;2;;;;;;;;;;6;;;;
23/06/2015;04:20:00;23;sem vítima;590;BR-324/BA;Leste;Tombamento;;;1;;;;;;;;1;;;;
23/06/2015;14:18:00;183;sem vítima;608,2;BR-324/BA;Leste;Saida de Pista;1;;;;;;;;;;1;;;;
23/06/2015;21:09:00;288;com vítima;619;BR-324/BA;Oeste;Capotamento;1;;;;;;;;;;0;2;;;
23/06/2015;04:25:00;25;com vítima;543;BR-116/BA;Sul;Colisão Lateral;1;;1;;;;;;;;2;1;;;
23/06/2015;10:52:00;128;com vítima;596,7;BR-116/BA;Sul;Queda de Moto;;;;1;;;;;;;0;2;;;
23/06/2015;11:55:00;143;com vítima;631;BR-116/BA;Norte;Queda de Moto;;;;1;;;;;;;0;1;;;
23/06/2015;00:43:00;8;sem vítima;640;BR-116/BA;Norte;Saida de Pista;;;1;;;;;;;;1;;;;
23/06/2015;05:26:00;37;com vítima;696,6;BR-116/BA;Sul;Saida de Pista;;;1;;;;;;;;0;;;1;
23/06/2015;05:26:00;139;com vítima;696,6;BR-116/BA;Sul;Saida de Pista;;;1;;;;;;;;0;1;;;
23/06/2015;22:59:00;303;com vítima;808,5;BR-116/BA;Sul;Colisão Frontal;1;;;1;;;;;;;2;;2;;
23/06/2015;04:17:00;21;com vítima;813,6;BR-116/BA;Sul;Saida de Pista;1;;;;;;;;;;0;1;;;
24/06/2015;18:13:00;234;sem vítima;518;BR-324/BA;Leste;Atropelamento de Animal;1;;;;;;;;;;1;;;;
24/06/2015;09:19:00;100;com vítima;545,3;BR-324/BA;Leste;Colisão Lateral;2;;;;;;;;;;3;1;1;;
24/06/2015;16:47:00;215;com vítima;548,8;BR-324/BA;Leste;Capotamento;1;;;;;1;;;;;1;3;1;;
24/06/2015;16:28:00;206;sem vítima;559,6;BR-324/BA;Oeste;Colisão Traseira;1;;1;;;;;;;;6;;;;
24/06/2015;05:06:00;43;sem vítima;560,2;BR-324/BA;Oeste;Saida de Pista;1;;;;;;;;;;1;;;;
24/06/2015;01:05:00;12;com vítima;462;BR-116/BA;Sul;Queda de Moto;;;;1;;;;;;;0;;;1;
24/06/2015;17:08:00;220;com vítima;469;BR-116/BA;Sul;Saida de Pista;;;;;;;;;;1;0;1;;;
24/06/2015;05:52:00;50;sem vítima;577;BR-324/BA;Leste;Saida de Pista;1;;;;;1;;;;;5;;;;
24/06/2015;15:03:00;179;sem vítima;592,3;BR-324/BA;Leste;Saida de Pista;1;;;;;1;;;;;2;;;;
24/06/2015;02:52:00;27;sem vítima;555;BR-116/BA;Norte;Saida de Pista;;;1;;;;;;;;1;;;;
24/06/2015;03:48:00;33;sem vítima;761;BR-116/BA;Norte;Saida de Pista;1;;;;;;;;;;2;;;;
24/06/2015;08:46:00;94;sem vítima;812;BR-116/BA;Sul;Queda de Moto;;;;1;;;;;;;2;;;;
24/06/2015;18:43:00;239;com vítima;904;BR-116/BA;Sul;Queda de Moto;;;;1;;;;;;;0;;1;;
25/06/2015;15:41:00;227;sem vítima;16,3;BR-116/BA - Cont VC;Norte;Colisão Transversal;1;;;1;;;;;;;2;;;;
25/06/2015;15:36:00;224;sem vítima;524;BR-324/BA;Leste;Colisão Lateral;1;;;;;;;;;1;3;;;;
25/06/2015;06:34:00;55;sem vítima;531;BR-324/BA;Leste;Engavetamento;4;;;;;;;;;;13;;;;
25/06/2015;06:06:00;44;sem vítima;534,8;BR-324/BA;Leste;Colisão Traseira;2;;;;;;;;;;2;;;;
25/06/2015;11:14:00;142;sem vítima;549;BR-324/BA;Leste;Engavetamento;4;;;;;;;;;;10;;;;
25/06/2015;09:46:00;113;sem vítima;551;BR-324/BA;Leste;Colisão Traseira;;;2;;;;;;;;3;;;;
25/06/2015;09:56:00;116;sem vítima;552;BR-324/BA;Leste;Colisão Traseira;2;;;;;;;;;;2;;;;
25/06/2015;09:22:00;106;sem vítima;552,1;BR-324/BA;Leste;Colisão Traseira;1;;1;;;;;;;;2;;;;
25/06/2015;07:10:00;61;sem vítima;562,4;BR-324/BA;Leste;Engavetamento;5;;;;;;;;;;19;;;;
25/06/2015;07:26:00;64;sem vítima;568,7;BR-324/BA;Leste;Colisão Traseira;1;;;;;;;;;1;2;;;;
25/06/2015;06:29:00;51;sem vítima;569;BR-324/BA;Leste;Engavetamento;3;;;;;;;;;;11;;;;
25/06/2015;17:45:00;265;sem vítima;574;BR-324/BA;Leste;Engavetamento;4;;;;;;;;;;6;;;;
25/06/2015;18:41:00;281;sem vítima;577;BR-324/BA;Leste;Engavetamento;4;;;;;;;;;;7;;;;
25/06/2015;18:27:00;276;sem vítima;577,2;BR-324/BA;Leste;Saida de Pista;1;;;;;;;;;;1;;;;
25/06/2015;14:49:00;215;sem vítima;578;BR-324/BA;Oeste;Capotamento;1;;;;;1;;;;;2;;;;
25/06/2015;13:14:00;177;sem vítima;478;BR-116/BA;Sul;Saida de Pista;1;;;;;;;;;;2;;;;
25/06/2015;13:48:00;189;sem vítima;579,6;BR-324/BA;Oeste;Saida de Pista;1;;;;;1;;;;;2;;;;
25/06/2015;09:32:00;110;sem vítima;599;BR-324/BA;Leste;Colisão Lateral;1;;1;;;;;;;;2;;;;
25/06/2015;09:32:00;109;sem vítima;617;BR-324/BA;Oeste;Colisão Lateral;1;;1;;;;;;;;2;;;;
25/06/2015;05:40:00;40;sem vítima;655,1;BR-116/BA;Sul;Saida de Pista;1;;;;;;;;;;4;;;;
25/06/2015;12:49:00;169;sem vítima;744,5;BR-116/BA;Sul;Saida de Pista;1;;;;;;;;;;1;;;;
25/06/2015;06:01:00;43;sem vítima;773,3;BR-116/BA;Sul;Colisão Lateral;1;;1;;;;;;;;4;;;;
25/06/2015;06:31:00;53;sem vítima;777,05;BR-116/BA;Norte;Colisão Traseira;2;;;;;;;;;;5;;;;