data;horario;n_da_ocorrencia;tipo_de_ocorrencia;km;trecho;sentido;tipo_de_acidente;automovel;bicicleta;caminhao;moto;onibus;outros;tracao_animal;transporte_de_cargas_especiais;trator_maquinas;utilitarios;ilesos;levemente_feridos;moderadamente_feridos;gravemente_feridos;mortos
15/07/2015;06:21:00;35;com vítima;812;BR-116/BA;Norte;Colisão Lateral;;;;1;1;;;;;;20;1;;;
15/07/2015;18:45:00;242;sem vítima;864;BR-116/BA;Norte;Saida de Pista;;;;;;;;;;1;1;;;;
15/07/2015;18:42:00;241;com vítima;918;BR-116/BA;Sul;Queda de Moto;;;;1;;;;;;;0;1;;;
16/07/2015;14:16:00;184;sem vítima;572;BR-324/BA;Leste;Saida de Pista;1;;;;;1;;;;;2;;;;
16/07/2015;14:40:00;192;sem vítima;575;BR-324/BA;Leste;Saida de Pista;1;;;;;1;;;;;2;;;;
16/07/2015;11:12:00;138;sem vítima;620;BR-324/BA;Leste;Colisão Traseira;2;;;;;1;;;;;3;;;;
16/07/2015;08:05:00;61;sem vítima;622;BR-324/BA;Oeste;Colisão Traseira;1;;1;;;;;;;1;3;;;;
16/07/2015;08:27:00;74;sem vítima;622;BR-324/BA;Leste;Colisão Traseira;;;;;2;;;;;;88;;;;
16/07/2015;14:39:00;191;sem vítima;590;BR-116/BA;Norte;Engavetamento;;;;;1;1;;;;1;3;;;;
16/07/2015;19:52:00;272;sem vítima;632,4;BR-116/BA;Sul;Colisão Lateral;1;;;;;;;;;1;4;;;;
16/07/2015;12:47:00;162;sem vítima;690;BR-116/BA;Sul;Colisão Traseira;1;;2;;;;;;;;4;;;;
17/07/2015;19:39:00;268;sem vítima;9,8;BR-116/BA - Cont VC;Sul;Colisão Transversal;2;;;;;;;;;;2;;;;
17/07/2015;02:02:00;11;sem vítima;441,7;BR-116/BA;Sul;Queda de Moto;;;;1;;;;;;;2;;;;
17/07/2015;17:31:00;229;sem vítima;518;BR-324/BA;Leste;Colisão Lateral;1;;1;;;;;;;;2;;;;
17/07/2015;07:35:00;48;com vítima;522,1;BR-324/BA;Leste;Queda de Moto;;;;1;;;;;;;0;1;;;
17/07/2015;16:22:00;208;sem vítima;560;BR-324/BA;Oeste;Engavetamento;3;;1;;;;;;;;9;;;;
17/07/2015;13:27:00;167;com vítima;561,9;BR-324/BA;Oeste;Colisão Lateral;1;;1;;;;;;;1;2;1;1;;
17/07/2015;09:48:00;91;sem vítima;573,1;BR-324/BA;Oeste;Saida de Pista;;;;;;;;;;1;1;;;;
17/07/2015;05:13:00;28;sem vítima;592,2;BR-324/BA;Oeste;Saida de Pista;1;;;;;;;;;;1;;;;
17/07/2015;13:20:00;164;sem vítima;596;BR-324/BA;Leste;Colisão Traseira;1;;1;;;1;;;;;3;;;;
17/07/2015;18:22:00;242;sem vítima;618;BR-324/BA;Leste;Engavetamento;4;;;;;;;;;;4;;;;
17/07/2015;19:11:00;258;sem vítima;620;BR-324/BA;Oeste;Colisão Traseira;2;;;;;;;;;;2;;;;
17/07/2015;06:39:00;35;sem vítima;727,6;BR-116/BA;Sul;Saida de Pista;;;;;;;;;;1;1;;;;
17/07/2015;06:39:00;75;sem vítima;727,6;BR-116/BA;Sul;Saida de Pista;1;;;;;;;;;;1;;;;
18/07/2015;07:58:00;68;sem vítima;440;BR-116/BA;Norte;Saida de Pista;1;;;;;;;;;;1;;;;
18/07/2015;20:24:00;260;sem vítima;529,5;BR-324/BA;Oeste;Saida de Pista;1;;;;;1;;;;;2;;;;
18/07/2015;07:36:00;57;sem vítima;509;BR-116/BA;Sul;Colisão Lateral;1;;1;;;;;;;;3;;;;
18/07/2015;14:44:00;190;sem vítima;605;BR-324/BA;Oeste;Colisão Traseira;2;;;;;;;;;;4;;;;
18/07/2015;13:56:00;182;sem vítima;623,7;BR-324/BA;Leste;Sequência;2;;1;;;;;;;;4;;;;
18/07/2015;09:21:00;94;com vítima;603,6;BR-116/BA;Sul;Outros;1;;2;;;;;;;;2;;1;;1
18/07/2015;05:32:00;32;sem vítima;644;BR-116/BA;Norte;Saida de Pista;;;1;;;;;;;;1;;;;
18/07/2015;17:37:00;236;com vítima;789;BR-116/BA;Sul;Saida de Pista;1;;;;;;;;;;0;3;;;
18/07/2015;07:47:00;61;sem vítima;865;BR-116/BA;Sul;Colisão Lateral;1;;;;;1;;;;;2;;;;
19/07/2015;15:45:00;148;com vítima;451,4;BR-116/BA;Sul;Atropelamento de Pedestre;;;;;;1;;;;;1;;1;;
19/07/2015;10:25:00;82;com vítima;544;BR-324/BA;Leste;Atropelamento de Pedestre;;;;;;;;;;1;1;2;;;
19/07/2015;18:06:00;191;sem vítima;573,3;BR-324/BA;Oeste;Colisão Lateral;2;;;;;;;;;;7;;;;
19/07/2015;18:24:00;201;sem vítima;588,1;BR-324/BA;Leste;Engavetamento;5;;;;;;;;;;7;;;;
19/07/2015;22:31:00;239;sem vítima;867;BR-116/BA;Norte;Tombamento;;;1;;;;;;;;2;;;;
19/07/2015;22:53:00;241;com vítima;902;BR-116/BA;Norte;Queda de Moto;;;;1;;;;;;;0;2;;;
20/07/2015;04:47:00;19;sem vítima;557;BR-324/BA;Oeste;Saida de Pista;;;1;;;;;;;;1;;;;
20/07/2015;07:49:00;62;sem vítima;561;BR-324/BA;Oeste;Colisão Lateral;1;;1;;;;;;;;4;;;;
20/07/2015;07:05:00;48;sem vítima;477;BR-116/BA;Norte;Colisão Lateral;2;;;;;;;;;;3;;;;
20/07/2015;23:24:00;313;sem vítima;621,1;BR-116/BA;Sul;Engavetamento;;;2;;1;;;;;;28;;;;
20/07/2015;13:15:00;175;sem vítima;644,2;BR-116/BA;Norte;Saida de Pista;;;1;;;;;;;;1;;;;
20/07/2015;04:51:00;20;sem vítima;767;BR-116/BA;Sul;Saida de Pista;1;;1;;;;;;;;2;;;;
20/07/2015;04:26:00;18;com vítima;904;BR-116/BA;Sul;Colisão Lateral;1;;;;1;;;;;;2;2;;;
21/07/2015;13:22:00;148;sem vítima;532;BR-324/BA;Leste;Choque Contra Objeto Fixo;;;;;;1;;;;;1;;;;
21/07/2015;19:13:00;231;sem vítima;458,2;BR-116/BA;Sul;Saida de Pista;;;;;;;;;;1;1;;;;
21/07/2015;18:59:00;229;sem vítima;559;BR-324/BA;Oeste;Colisão Lateral;2;;;;;;;;;;2;;;;
21/07/2015;05:17:00;20;sem vítima;586;BR-324/BA;Oeste;Colisão Lateral;2;;;;;;;;;;2;;;;
21/07/2015;23:52:00;276;sem vítima;597;BR-324/BA;Leste;Colisão Traseira;;;2;;;;;;;;3;;;;
21/07/2015;13:32:00;150;sem vítima;622,2;BR-324/BA;Leste;Queda de Moto;;;;1;;;;;;;2;;;;
21/07/2015;22:17:00;261;com vítima;539;BR-116/BA;Sul;Queda de Moto;;;;1;;;;;;;0;1;;;
21/07/2015;08:29:00;50;com vítima;629,2;BR-116/BA;Norte;Queda de Moto;;;;1;;;;;;;0;1;;;
21/07/2015;12:37:00;140;com vítima;640,3;BR-116/BA;Norte;Saida de Pista;;;1;;;;;;;;0;1;;;
21/07/2015;06:20:00;25;sem vítima;755,5;BR-116/BA;Sul;Colisão Traseira;2;;;;;;;;;;3;;;;
22/07/2015;18:00:00;282;sem vítima;530;BR-324/BA;Leste;Saida de Pista;1;;;;;;;;;;1;;;;
22/07/2015;19:15:00;299;sem vítima;559,9;BR-324/BA;Leste;Colisão Lateral;1;;;;;;;;;1;4;;;;
22/07/2015;07:09:00;43;sem vítima;567;BR-324/BA;Oeste;Engavetamento;3;;;;;1;;;;;6;;;;
22/07/2015;18:20:00;287;com vítima;594;BR-324/BA;Leste;Queda de Moto;;;;1;;;;;;;1;;;1;
22/07/2015;18:35:00;289;com vítima;614;BR-324/BA;Oeste;Atropelamento - Ciclista;;1;;;;1;;;;;1;;1;;
22/07/2015;08:33:00;83;sem vítima;622;BR-324/BA;Leste;Colisão Traseira;2;;;;;;;;;;5;;;;
22/07/2015;08:45:00;88;sem vítima;622;BR-324/BA;Leste;Colisão Traseira;2;;;;;;;;;;2;;;;
23/07/2015;11:12:00;127;sem vítima;25,1;BR-116/BA - Cont VC;Norte;Colisão Lateral;1;;1;;;;;;;;2;;;;
23/07/2015;14:15:00;181;sem vítima;556,6;BR-324/BA;Oeste;Queda de Moto;;;;1;;;;;;;1;;;;
23/07/2015;14:04:00;174;sem vítima;562;BR-324/BA;Oeste;Capotamento;;;1;;;;;;;;1;;;;
23/07/2015;12:11:00;145;sem vítima;564;BR-324/BA;Oeste;Saida de Pista;;;1;;;;;;;;1;;;;
23/07/2015;16:27:00;211;sem vítima;587;BR-324/BA;Oeste;Saida de Pista;;;;;;;;;;1;1;;;;
23/07/2015;10:37:00;116;com vítima;669,1;BR-116/BA;Norte;Saida de Pista;;;1;;;;;;;;0;1;;;
23/07/2015;14:12:00;179;sem vítima;900,2;BR-116/BA;Sul;Saida de Pista;1;;;;;;;;;;5;;;;
24/07/2015;08:52:00;67;com vítima;521;BR-324/BA;Leste;Saida de Pista;1;;;;;;;;;;1;;1;;
24/07/2015;15:55:00;222;sem vítima;526,7;BR-324/BA;Oeste;Colisão Lateral;1;;1;;;;;;;;5;;;;
24/07/2015;15:26:00;208;sem vítima;561;BR-324/BA;Oeste;Saida de Pista;1;;;;;;;;;;1;;;;
24/07/2015;15:30:00;211;sem vítima;477;BR-116/BA;Norte;Saida de Pista;;;1;;;;;;;;1;;;;
24/07/2015;17:42:00;246;sem vítima;608,2;BR-324/BA;Leste;Colisão Traseira;2;;;;;;;;;;8;;;;
24/07/2015;18:44:00;262;sem vítima;612,1;BR-324/BA;Oeste;Engavetamento;2;;;;;1;;;;;3;;;;
24/07/2015;16:23:00;227;com vítima;615;BR-324/BA;Oeste;Colisão Lateral;1;;1;;;;;;;;1;;2;;
24/07/2015;17:15:00;242;com vítima;615;BR-324/BA;Leste;Outros;;;;;;1;;;;1;3;1;;;
24/07/2015;13:50:00;165;com vítima;549;BR-116/BA;Norte;Colisão Transversal;1;;1;;;;;;;;1;1;;;
24/07/2015;14:22:00;176;com vítima;834;BR-116/BA;Sul;Queda de Moto;;;;1;;1;;;;;1;;1;;
25/07/2015;15:21:00;199;com vítima;2;BR-116/BA - ContSuFS;Sul;Colisão Transversal;1;;;1;;;;;;;1;1;;;
25/07/2015;14:36:00;183;sem vítima;7;BR-116/BA - ContSuFS;Sul;Colisão Traseira;;;1;;;1;;;;;2;;;;
25/07/2015;11:00:00;126;com vítima;11,3;BR-116/BA - Cont VC;Sul;Colisão Traseira;;;1;1;;;;;;;1;1;;;
25/07/2015;11:11:00;131;com vítima;542;BR-324/BA;Oeste;Queda de Moto;;;;1;;;;;;;0;1;;;
25/07/2015;13:04:00;159;sem vítima;562;BR-324/BA;Leste;Colisão Lateral;2;;;;;;;;;;2;;;;
25/07/2015;00:16:00;7;sem vítima;581;BR-324/BA;Leste;Saida de Pista;;;1;;;;;;;;1;;;;
25/07/2015;14:32:00;181;sem vítima;611;BR-324/BA;Leste;Colisão Traseira;2;;;;;;;;;;6;;;;
25/07/2015;01:44:00;15;sem vítima;620,3;BR-324/BA;Oeste;Capotamento;1;;;;;;;;;;1;;;;
25/07/2015;15:31:00;204;com vítima;640,4;BR-116/BA;Sul;Colisão Lateral;;;2;;;;;;;;1;2;;;
25/07/2015;15:28:00;203;sem vítima;641,8;BR-116/BA;Norte;Colisão Lateral;1;;2;;;;;;;;5;;;;
25/07/2015;13:33:00;165;sem vítima;911;BR-116/BA;Sul;Engavetamento;1;;;1;1;;;;;;3;;;;
26/07/2015;18:29:00;220;sem vítima;17;BR-116/BA - Cont VC;Norte;Colisão Lateral;2;;;;;;;;;;3;;;;
26/07/2015;18:42:00;225;sem vítima;429,8;BR-116/BA;Norte;Colisão Traseira;1;;;;;1;;;;;2;;;;
26/07/2015;03:07:00;22;sem vítima;551;BR-324/BA;Oeste;Colisão Lateral;;;2;;;;;;;;2;;;;
26/07/2015;03:11:00;25;com vítima;563;BR-324/BA;Oeste;Queda de Moto;;;;1;;;;;;;0;;1;;
26/07/2015;03:02:00;21;sem vítima;566;BR-324/BA;Oeste;Saida de Pista;1;;;;;;;;;;1;;;;
26/07/2015;01:57:00;13;sem vítima;507,3;BR-116/BA;Norte;Saida de Pista;1;;;;;;;;;;1;;;;
26/07/2015;16:41:00;193;com vítima;604,9;BR-324/BA;Oeste;Queda de Moto;;;;1;;;;;;;0;2;;;
26/07/2015;04:39:00;31;com vítima;543;BR-116/BA;Sul;Saida de Pista;1;;;;;;;;;;0;;;;1
26/07/2015;00:39:00;6;sem vítima;587,2;BR-116/BA;Norte;Saida de Pista;;;1;;;;;;;;2;;;;
26/07/2015;14:08:00;161;sem vítima;635,6;BR-116/BA;Sul;Colisão Traseira;;;2;;;;;;;;2;;;;
26/07/2015;11:00:00;119;sem vítima;654,8;BR-116/BA;Sul;Saida de Pista;1;;;;;;;;;;2;;;;
26/07/2015;18:19:00;218;com vítima;713;BR-116/BA;Sul;Queda de Moto;;;;1;;;;;;;0;1;;;
26/07/2015;16:19:00;185;sem vítima;778;BR-116/BA;Sul;Colisão Lateral;1;;1;;;;;;;;4;;;;
26/07/2015;02:43:00;15;sem vítima;808,5;BR-116/BA;Norte;Saida de Pista;;;;;;;;;;1;1;;;;
26/07/2015;16:40:00;192;sem vítima;819;BR-116/BA;Sul;Tombamento;;;1;;;;;;;;1;;;;
26/07/2015;12:23:00;142;com vítima;827;BR-116/BA;Sul;Colisão Transversal;2;;;;;;;;;;2;1;;;
26/07/2015;12:49:00;144;sem vítima;827;BR-116/BA;Norte;Colisão Transversal;1;;;1;;;;;;;2;;;;
27/07/2015;06:36:00;32;sem vítima;560;BR-324/BA;Leste;Colisão Traseira;2;;;;;;;;;;5;;;;
27/07/2015;23:55:00;271;com vítima;463;BR-116/BA;Norte;Atropelamento de Pedestre;;;1;;;;;;;;1;;;;1
27/07/2015;08:43:00;66;sem vítima;619;BR-324/BA;Oeste;Colisão Lateral;1;;1;;;;;;;;4;;;;
27/07/2015;10:31:00;106;sem vítima;813,95;BR-116/BA;Sul;Engavetamento;;;2;;;1;;;;;3;;;;
28/07/2015;07:31:00;48;com vítima;7;BR-116/BA - ContSuFS;Sul;Queda de Moto;;;;1;;1;;;;;1;1;;;
28/07/2015;13:19:00;162;com vítima;8;BA-526;Norte;Colisão Transversal;2;;;;;;;;;;2;1;;;
28/07/2015;13:46:00;170;com vítima;8,5;BA-526;Norte;Colisão Lateral;1;;;1;;;;;;;1;1;;;
28/07/2015;06:32:00;32;com vítima;16,8;BR-116/BA - Cont VC;Sul;Colisão Transversal;;;;2;;;;;;;1;1;;;
28/07/2015;05:12:00;23;com vítima;537;BR-324/BA;Oeste;Colisão Frontal;2;;;;;;;;;;1;4;;;
28/07/2015;18:25:00;241;com vítima;537;BR-324/BA;Oeste;Queda de Moto;;;;1;;;;;;;0;;1;;
28/07/2015;21:25:00;279;sem vítima;569,1;BR-324/BA;Leste;Saida de Pista;1;;;;;;;;;;1;;;;
28/07/2015;07:30:00;47;sem vítima;594,3;BR-116/BA;Norte;Saida de Pista;;;1;;;2;;;;;3;;;;
28/07/2015;07:23:00;46;sem vítima;672;BR-116/BA;Sul;Colisão Transversal;2;;;;;;;;;;2;;;;
28/07/2015;16:32:00;211;sem vítima;739;BR-116/BA;Norte;Colisão Lateral;;;2;;;;;;;;3;;;;
29/07/2015;08:08:00;53;sem vítima;8,8;BR-116/BA - Cont VC;Norte;Colisão Transversal;;;2;;;;;;;;2;;;;
29/07/2015;21:23:00;232;sem vítima;556;BR-324/BA;Leste;Saida de Pista;1;;;;;;;;;;1;;;;
29/07/2015;19:29:00;210;sem vítima;680,2;BR-116/BA;Norte;Saida de Pista;1;;;;;;;;;;2;;;;
29/07/2015;10:38:00;102;sem vítima;720,08;BR-116/BA;Norte;Saida de Pista;1;;;;;;;;;;1;;;;
29/07/2015;09:21:00;81;sem vítima;910,02;BR-116/BA;Norte;Colisão Traseira;2;;;;;;;;;;4;;;;
30/07/2015;16:46:00;232;sem vítima;523;BR-324/BA;Oeste;Queda de Moto;;;;1;;;;;;;1;;;;
30/07/2015;08:58:00;86;sem vítima;545;BR-324/BA;Oeste;Sequência;1;;1;;;;;;;1;7;;;;
30/07/2015;18:01:00;258;sem vítima;617,4;BR-324/BA;Oeste;Engavetamento;3;;;;;;;;;;3;;;;
31/07/2015;00:28:00;4;sem vítima;15,3;BR-116/BA - Cont VC;Norte;Saida de Pista;1;;;;;;;;;;1;;;;
31/07/2015;19:03:00;263;sem vítima;551;BR-324/BA;Oeste;Colisão Lateral;1;;1;;;;;;;;3;;;;
31/07/2015;21:27:00;299;sem vítima;583;BR-324/BA;Leste;Saida de Pista;1;;;;;;;;;;1;;;;
31/07/2015;10:18:00;121;sem vítima;622,4;BR-324/BA;Leste;Colisão Lateral;1;;;;;;;;;1;6;;;;
31/07/2015;10:05:00;116;sem vítima;552,3;BR-116/BA;Sul;Saida de Pista;1;;;;;;;;;;2;;;;
31/07/2015;14:05:00;180;com vítima;618;BR-116/BA;Sul;Colisão Traseira;;;2;;;;;;;;1;1;;;
31/07/2015;05:30:00;35;com vítima;755,6;BR-116/BA;Norte;Colisão Lateral;1;;2;;;;;;;;2;;;;2
01/08/2015;16:18:00;191;com vítima;523,8;BR-324/BA;Leste;Atropelamento de Pedestre;1;;;;;;;;;;1;;;1;
01/08/2015;08:20:00;59;com vítima;566,5;BR-324/BA;Oeste;Engavetamento;2;;1;1;;;;;;;5;2;1;;
01/08/2015;10:13:00;86;sem vítima;567,3;BR-324/BA;Leste;Colisão Traseira;2;;;;;;;;;;7;;;;
01/08/2015;21:14:00;277;sem vítima;572;BR-324/BA;Leste;Colisão Traseira;1;;;;;;;;;;1;;;;
01/08/2015;05:53:00;25;sem vítima;482,3;BR-116/BA;Norte;Colisão Traseira;1;;1;;;;;;;;2;;;;
01/08/2015;17:21:00;219;com vítima;603;BR-324/BA;Leste;Saida de Pista;2;;;;;;;;;;4;;2;1;
01/08/2015;22:12:00;286;com vítima;841,7;BR-116/BA;Norte;Saida de Pista;;;;;;;;;;1;0;;1;;
02/08/2015;01:18:00;18;com vítima;10,5;BR-116/BA - Cont VC;Sul;Capotamento;1;;;;;;;;;;1;1;;;
02/08/2015;19:11:00;198;com vítima;524;BR-324/BA;Oeste;Choque - Defensa, barreira ou "submarino";;;;1;;;;;;;0;1;;;1
02/08/2015;08:49:00;69;sem vítima;541,1;BR-324/BA;Oeste;Choque Contra Objeto Fixo;1;;;;;1;;;;;4;;;;
02/08/2015;13:31:00;126;sem vítima;458;BR-116/BA;Sul;Saida de Pista;1;;;;;;;;;;1;;;;
02/08/2015;07:22:00;46;sem vítima;465,15;BR-116/BA;Sul;Colisão Traseira;;;2;;;;;;;;2;;;;
02/08/2015;05:50:00;38;com vítima;568,3;BR-324/BA;Oeste;Saida de Pista;1;;;;;;;;;;1;;1;;
02/08/2015;18:04:00;188;com vítima;491;BR-116/BA;Norte;Colisão Traseira;1;;1;;;;;;;;1;;;;1
02/08/2015;00:35:00;10;sem vítima;595;BR-324/BA;Leste;Saida de Pista;1;;;;;;;;;;1;;;;
02/08/2015;04:04:00;30;sem vítima;650;BR-116/BA;Norte;Choque - Talude;1;;;;;;;;;;1;;;;
02/08/2015;19:39:00;206;com vítima;804,2;BR-116/BA;Norte;Choque - Suporte de Sinalização;;;;1;;;;;;;0;1;;;
03/08/2015;06:42:00;48;sem vítima;5,8;BR-116/BA - Cont VC;Sul;Colisão Traseira;1;;1;;;;;;;;2;;;;
03/08/2015;16:28:00;246;sem vítima;520,3;BR-324/BA;Leste;Colisão Lateral;1;;1;;;;;;;;2;;;;
03/08/2015;08:36:00;75;sem vítima;523;BR-324/BA;Leste;Queda de Moto;;;;1;;1;;;;;2;;;;
03/08/2015;15:57:00;241;com vítima;558,3;BR-324/BA;Oeste;Atropelamento de Pedestre;;;;;;1;;;;;1;1;;;
03/08/2015;14:16:00;202;com vítima;461;BR-116/BA;Sul;Choque - Outros;1;;;1;;;;;;;2;1;;;
03/08/2015;22:43:00;332;com vítima;562,5;BR-324/BA;Leste;Colisão Frontal;1;;;1;;;;;;;2;;;1;
03/08/2015;15:13:00;223;sem vítima;574,6;BR-324/BA;Leste;Saida de Pista;1;;;;;;;;;;1;;;;
03/08/2015;05:04:00;32;com vítima;480;BR-116/BA;Sul;Colisão Traseira;;;2;;;;;;;;3;1;;;
03/08/2015;01:42:00;10;sem vítima;586;BR-324/BA;Leste;Saida de Pista;;;1;;;;;;;;1;;;;
03/08/2015;18:01:00;276;sem vítima;615,2;BR-324/BA;Oeste;Engavetamento;3;;;;;;;;;;4;;;;
03/08/2015;10:59:00;135;sem vítima;620;BR-324/BA;Oeste;Capotamento;1;;;;;;;;;;1;;;;
04/08/2015;18:38:00;224;sem vítima;551;BR-324/BA;Oeste;Colisão Lateral;1;;1;;;;;;;;7;;;;
04/08/2015;18:21:00;220;sem vítima;594,5;BR-324/BA;Leste;Colisão Traseira;2;;;;;;;;;;2;;;;
04/08/2015;05:30:00;30;sem vítima;603;BR-324/BA;Leste;Saida de Pista;;;1;;;;;;;;1;;;;
04/08/2015;22:11:00;273;com vítima;613;BR-324/BA;Leste;Choque - Veiculo parado na pista;;;1;1;;;;;;;1;;1;;
04/08/2015;09:20:00;81;sem vítima;617;BR-324/BA;Leste;Queda de Moto;;;;1;;;;;;;1;;;;
04/08/2015;16:03:00;189;sem vítima;641,8;BR-116/BA;Sul;Colisão Lateral;1;;1;;;;;;;;2;;;;
04/08/2015;19:06:00;237;sem vítima;646;BR-116/BA;Norte;Colisão Traseira;;;2;;;;;;;;2;;;;
05/08/2015;14:17:00;199;com vítima;4,1;BR-116/BA - Cont VC;Norte;Colisão Transversal;;;1;1;;;;;;;1;;;;1
05/08/2015;23:54:00;353;com vítima;525,2;BR-324/BA;Oeste;Saida de Pista;;;1;;;;;;;;0;;;;1
05/08/2015;18:33:00;282;sem vítima;530;BR-324/BA;Oeste;Engavetamento;3;;;;;;;;;;7;;;;
05/08/2015;05:38:00;24;sem vítima;551,5;BR-324/BA;Leste;Saida de Pista;1;;;;;;;;;;1;;;;
05/08/2015;18:52:00;290;sem vítima;463,9;BR-116/BA;Norte;Saida de Pista;1;;;;;;;;;;1;;;;
05/08/2015;08:15:00;63;sem vítima;568;BR-324/BA;Oeste;Saida de Pista;1;;;;;;;;;;1;;;;
05/08/2015;18:42:00;286;sem vítima;494,05;BR-116/BA;Norte;Saida de Pista;1;;;;;;;;;;1;;;;
05/08/2015;11:15:00;149;sem vítima;621;BR-324/BA;Oeste;Colisão Traseira;1;;;;;;;;1;;2;;;;
05/08/2015;12:09:00;161;com vítima;659;BR-116/BA;Sul;Saida de Pista;;;;;1;;;;;;0;;1;;
06/08/2015;07:14:00;39;sem vítima;6,5;BR-116/BA - Cont VC;Norte;Colisão Transversal;1;;;1;;;;;;;3;;;;
06/08/2015;03:52:00;19;sem vítima;561,6;BR-324/BA;Oeste;Saida de Pista;;;1;;;;;;;;1;;;;
06/08/2015;17:45:00;183;com vítima;568;BR-324/BA;Leste;Queda de Moto;;;;1;;;;;;;1;1;;;
06/08/2015;10:26:00;101;sem vítima;495,5;BR-116/BA;Sul;Colisão Traseira;2;;;;;;;;;;4;;;;
06/08/2015;10:29:00;103;sem vítima;609,2;BR-324/BA;Leste;Colisão Traseira;1;;1;;;;;;;;2;;;;
06/08/2015;14:07:00;148;sem vítima;611;BR-324/BA;Oeste;Colisão Traseira;2;;2;;;;;;;;8;;;;
06/08/2015;13:20:00;136;com vítima;752,8;BR-116/BA;Sul;Colisão Frontal;1;;2;;;;;;;;1;;1;;1
06/08/2015;19:12:00;202;sem vítima;757,2;BR-116/BA;Norte;Colisão Lateral;;;1;;;;;;;1;4;;;;
07/08/2015;16:38:00;228;com vítima;16;BR-116/BA - Cont VC;Sul;Queda de Moto;;;;1;;;;;;;0;1;;;
07/08/2015;20:41:00;294;com vítima;526,5;BR-324/BA;Oeste;Saida de Pista;1;;;;;;;;;;0;;;;1
07/08/2015;16:25:00;221;sem vítima;555;BR-324/BA;Oeste;Colisão Traseira;;;;;;1;;;;1;2;;;;
07/08/2015;09:03:00;89;com vítima;517;BR-116/BA;Sul;Colisão Frontal;1;;1;;;;;;;;1;;;;4
07/08/2015;07:59:00;65;sem vítima;610;BR-324/BA;Oeste;Colisão Traseira;2;;;;;;;;;;2;;;;
07/08/2015;19:03:00;274;sem vítima;625,2;BR-324/BA;Leste;Engavetamento;4;;;;;;;;;;5;;;;
07/08/2015;07:19:00;47;com vítima;731;BR-116/BA;Norte;Colisão Traseira;;;2;;;;;;;;1;1;;;
07/08/2015;07:46:00;58;sem vítima;753;BR-116/BA;Norte;Colisão Traseira;1;;;1;;;;;;;2;;;;
07/08/2015;19:23:00;280;com vítima;791,8;BR-116/BA;Norte;Atropelamento de Pedestre;;;;;;1;;;;;1;;;1;
07/08/2015;07:31:00;54;com vítima;922;BR-116/BA;Norte;Colisão Traseira;;;2;;;;;;;;1;;;;1
08/08/2015;00:21:00;2;sem vítima;7,05;BR-116/BA - ContSuFS;Norte;Colisão Lateral;1;;;;;1;;;;;2;;;;
08/08/2015;22:00:00;236;sem vítima;13,5;BR-116/BA - Cont VC;Norte;Capotamento;1;;;;;;;;;;1;;;;
08/08/2015;05:27:00;26;com vítima;529;BR-324/BA;Oeste;Saida de Pista;1;;;;;;;;;;1;3;;;
08/08/2015;23:42:00;252;com vítima;537;BR-324/BA;Oeste;Saida de Pista;1;;;;;;;;;;0;1;1;;
08/08/2015;08:37:00;56;sem vítima;557,5;BR-324/BA;Oeste;Engavetamento;2;;;;;;;;;1;7;;;;
08/08/2015;00:44:00;5;sem vítima;560,1;BR-324/BA;Oeste;Colisão Traseira;1;;1;;;;;;;;2;;;;
08/08/2015;09:12:00;66;sem vítima;585,1;BR-324/BA;Leste;Saida de Pista;1;;;;;;;;;;2;;;;
08/08/2015;12:49:00;118;sem vítima;508;BR-116/BA;Sul;Saida de Pista;;;1;;;;;;;;1;;;;
08/08/2015;15:49:00;152;sem vítima;610,8;BR-324/BA;Leste;Queda de Moto;;;;1;;;;;;;2;;;;
08/08/2015;20:56:00;227;sem vítima;616;BR-324/BA;Leste;Saida de Pista;1;;;;;;;;;;1;;;;
08/08/2015;20:49:00;223;com vítima;622;BR-324/BA;Oeste;Sequência;4;;;;;;;;;;5;;1;;
08/08/2015;10:43:00;95;sem vítima;579,1;BR-116/BA;Norte;Tombamento;;;1;;;;;;;;1;;;;
08/08/2015;20:59:00;228;com vítima;674,3;BR-116/BA;Norte;Colisão Transversal;;;;1;;1;;;;;1;;2;;
08/08/2015;19:57:00;210;sem vítima;912;BR-116/BA;Norte;Colisão Lateral;;;1;;;1;;;;;2;;;;
09/08/2015;20:18:00;187;com vítima;1,4;BR-116/BA - ContSuFS;Sul;Saida de Pista;1;;;;;;;;;;0;1;;;
09/08/2015;11:44:00;104;sem vítima;7;BR-116/BA - Cont VC;Norte;Colisão Traseira;;;2;;;;;;;;2;;;;
09/08/2015;07:18:00;32;sem vítima;9;BR-116/BA - Cont VC;Norte;Colisão Lateral;1;;;;;1;;;;;2;;;;
09/08/2015;22:37:00;209;com vítima;12,7;BR-116/BA - Cont VC;Sul;Colisão Frontal;3;;;;;;;;;;2;6;1;;
09/08/2015;01:45:00;7;com vítima;521;BR-324/BA;Oeste;Atropelamento de Pedestre;;;;;;1;;;;;1;;;1;
09/08/2015;23:25:00;216;sem vítima;537;BR-324/BA;Leste;Saida de Pista;1;;;;;;;;;;1;;;;
09/08/2015;08:50:00;59;sem vítima;587,2;BR-324/BA;Leste;Colisão Lateral;2;;;;;;;;;;3;;;;
09/08/2015;16:28:00;137;sem vítima;606,05;BR-324/BA;Oeste;Colisão Traseira;2;;;;;;;;;;2;;;;
09/08/2015;19:15:00;178;sem vítima;612;BR-324/BA;Leste;Colisão Traseira;2;;;;;;;;;;6;;;;