data;horario;n_da_ocorrencia;tipo_de_ocorrencia;km;trecho;sentido;tipo_de_acidente;automovel;bicicleta;caminhao;moto;onibus;outros;tracao_animal;transporte_de_cargas_especiais;trator_maquinas;utilitarios;ilesos;levemente_feridos;moderadamente_feridos;gravemente_feridos;mortos
09/08/2015;06:16:00;26;sem vítima;614;BR-324/BA;Leste;Colisão Traseira;;;;;1;;;;;1;21;;;;
09/08/2015;18:50:00;176;sem vítima;614;BR-324/BA;Leste;Colisão Traseira;2;;;;;;;;;;7;;;;
09/08/2015;18:24:00;167;sem vítima;614,1;BR-324/BA;Leste;Engavetamento;3;;;;;;;;;;10;;;;
09/08/2015;18:16:00;165;sem vítima;615;BR-324/BA;Leste;Colisão Traseira;2;;;;;;;;;;6;;;;
09/08/2015;08:56:00;61;sem vítima;570;BR-116/BA;Sul;Saida de Pista;;;1;;;1;;;;;2;;;;
09/08/2015;08:14:00;50;sem vítima;644;BR-116/BA;Sul;Saida de Pista;;;1;;;;;;;;1;;;;
09/08/2015;23:33:00;219;com vítima;712,1;BR-116/BA;Norte;Choque - Veiculo parado no acostamento;1;;;1;;;;;;;1;1;;;
09/08/2015;20:50:00;195;com vítima;836,1;BR-116/BA;Norte;Colisão Lateral;1;;1;;;;;;;;1;2;1;;
09/08/2015;03:34:00;12;com vítima;859,5;BR-116/BA;Norte;Queda de Moto;;;;1;;;;;;;0;;1;;
09/08/2015;23:30:00;217;com vítima;919,3;BR-116/BA;Sul;Tombamento;;;1;;;;;;;;0;;;1;
10/08/2015;08:14:00;58;sem vítima;443;BR-116/BA;Sul;Colisão Traseira;;;2;;;;;;;;2;;;;
10/08/2015;04:33:00;23;sem vítima;529,5;BR-324/BA;Oeste;Saida de Pista;1;;;;;;;;;;1;;;;
10/08/2015;17:06:00;159;sem vítima;547;BR-324/BA;Oeste;Colisão Traseira;1;;;;;;;;;1;3;;;;
10/08/2015;05:58:00;31;sem vítima;551,1;BR-324/BA;Leste;Colisão Traseira;1;;;;;;;;;1;2;;;;
10/08/2015;17:45:00;166;sem vítima;568;BR-324/BA;Leste;Colisão Traseira;2;;;;;;;;;;5;;;;
10/08/2015;18:41:00;178;sem vítima;568;BR-324/BA;Leste;Colisão Traseira;1;;;;;1;;;;;3;;;;
10/08/2015;16:59:00;157;sem vítima;568,9;BR-324/BA;Leste;Engavetamento;2;;1;;;;;;;1;7;;;;
10/08/2015;18:17:00;172;com vítima;568,9;BR-324/BA;Leste;Engavetamento;6;;;;;;;;;;6;;2;;
10/08/2015;07:18:00;47;sem vítima;595,3;BR-324/BA;Leste;Colisão Traseira;1;;;;;1;;;;;5;;;;
10/08/2015;12:56:00;122;com vítima;599;BR-324/BA;Oeste;Colisão Traseira;;;2;;;;;;;;2;;1;;1
10/08/2015;16:02:00;146;sem vítima;735;BR-116/BA;Norte;Tombamento;;;1;;;;;;;;1;;;;
10/08/2015;18:35:00;176;sem vítima;742;BR-116/BA;Norte;Colisão Traseira;;;2;;;;;;;;2;;;;
10/08/2015;19:00:00;179;sem vítima;772;BR-116/BA;Sul;Saida de Pista;1;;;;;;;;;;1;;;;
10/08/2015;03:43:00;17;sem vítima;811,8;BR-116/BA;Sul;Atropelamento de Animal;1;;;;;;;;;;5;;;;
10/08/2015;12:58:00;124;sem vítima;818;BR-116/BA;Sul;Saida de Pista;1;;;;;;;;;;1;;;;
11/08/2015;17:51:00;252;com vítima;8,2;BA-526;Norte;Queda de Moto;;;;1;;;;;;;0;1;;;
11/08/2015;19:10:00;283;com vítima;12,3;BR-116/BA - Cont VC;Sul;Queda de Moto;;;;1;;;;;;;0;1;;;
11/08/2015;18:33:00;266;sem vítima;543,2;BR-324/BA;Oeste;Saida de Pista;1;;;;;;;;;;2;;;;
11/08/2015;15:42:00;209;sem vítima;604;BR-324/BA;Oeste;Colisão Lateral;1;;1;;;;;;;;6;;;;
11/08/2015;12:20:00;151;com vítima;620;BR-324/BA;Leste;Atropelamento de Pedestre;;;;;1;;;;;;1;;;1;
11/08/2015;05:29:00;20;sem vítima;727,3;BR-116/BA;Norte;Colisão Lateral;1;;;;;;;;;;1;;;;
12/08/2015;15:57:00;149;sem vítima;2;BA-526;Sul;Queda de Moto;;;;1;;;;;;;1;;;;
12/08/2015;18:24:00;188;com vítima;17;BR-116/BA - Cont VC;Norte;Colisão Transversal;1;;1;;;;;;;;2;1;;;
12/08/2015;01:06:00;8;sem vítima;519,05;BR-324/BA;Oeste;Atropelamento de Animal;;;1;;;;;;;;2;;;;
12/08/2015;06:15:00;29;sem vítima;559;BR-324/BA;Oeste;Saida de Pista;1;;;;;;;;;;1;;;;
12/08/2015;19:11:00;202;sem vítima;574;BR-324/BA;Oeste;Colisão Traseira;;;2;;;;;;;;2;;;;
12/08/2015;02:40:00;18;sem vítima;596,1;BR-324/BA;Leste;Colisão Traseira;;;2;;;;;;;;2;;;;
12/08/2015;09:40:00;79;com vítima;549,9;BR-116/BA;Sul;Colisão Traseira;1;;;;;;;;;1;2;1;;;
12/08/2015;07:28:00;39;sem vítima;656,4;BR-116/BA;Norte;Saida de Pista;;;1;;;;;;;;1;;;;
13/08/2015;18:40:00;272;sem vítima;3,1;BR-116/BA - ContSuFS;Sul;Colisão Lateral;;;1;;;;;;;1;10;;;;
13/08/2015;18:30:00;268;sem vítima;17,3;BR-116/BA - Cont VC;Sul;Colisão Transversal;2;;;;;;;;;;2;;;;
13/08/2015;09:48:00;103;sem vítima;522;BR-324/BA;Leste;Colisão Lateral;1;;1;;;;;;;;2;;;;
13/08/2015;21:31:00;312;com vítima;562,3;BR-324/BA;Oeste;Tombamento;;;1;;;;;;;;0;;;1;
13/08/2015;17:41:00;253;sem vítima;585;BR-324/BA;Oeste;Colisão Traseira;1;;;;;;;;;1;4;;;;
13/08/2015;09:51:00;104;sem vítima;607;BR-324/BA;Leste;Engavetamento;2;;1;;;;;;;;3;;;;
13/08/2015;00:38:00;8;sem vítima;518;BR-116/BA;Sul;Saida de Pista;;;1;;;;;;;;1;;;;
13/08/2015;09:47:00;101;com vítima;596,6;BR-116/BA;Norte;Saida de Pista;;;1;;;;;;;;0;1;;;
13/08/2015;13:57:00;188;sem vítima;656;BR-116/BA;Sul;Saida de Pista;1;;;;;;;;;;2;;;;
13/08/2015;08:04:00;60;sem vítima;729;BR-116/BA;Sul;Engavetamento;;;3;;;;;;;;3;;;;
13/08/2015;18:24:00;265;sem vítima;743,1;BR-116/BA;Sul;Colisão Traseira;;;2;;;1;;;;;3;;;;
13/08/2015;13:30:00;180;com vítima;748,5;BR-116/BA;Norte;Saida de Pista;;;1;;;;;;;;0;1;;;
13/08/2015;19:48:00;287;sem vítima;756,6;BR-116/BA;Sul;Colisão Traseira;1;;1;;;;;;;;3;;;;
13/08/2015;04:59:00;21;com vítima;778;BR-116/BA;Norte;Atropelamento de Pedestre;1;;;;;;;;;;1;1;;;
13/08/2015;07:45:00;52;sem vítima;866,7;BR-116/BA;Norte;Colisão Traseira;;;;;;;;;;2;4;;;;
14/08/2015;18:49:00;189;com vítima;17,1;BR-116/BA - Cont VC;Norte;Colisão Frontal;1;;;1;;;;;;;2;2;;;
14/08/2015;07:24:00;42;com vítima;528;BR-324/BA;Leste;Engavetamento;2;;2;1;;;;;;;5;2;;;
14/08/2015;17:00:00;155;sem vítima;551;BR-324/BA;Oeste;Colisão Lateral;1;;1;;;;;;;;3;;;;
14/08/2015;14:28:00;129;sem vítima;562;BR-324/BA;Oeste;Tombamento;;;1;;;;;;;;1;;;;
14/08/2015;14:30:00;130;sem vítima;562;BR-324/BA;Oeste;Colisão Traseira;1;;1;;;;;;;;2;;;;
14/08/2015;18:49:00;190;com vítima;566;BR-324/BA;Oeste;Colisão Traseira;1;;;1;;;;;;;1;;1;;
14/08/2015;13:45:00;213;sem vítima;572;BR-324/BA;Oeste;Saida de Pista;1;;;;;;;;;;1;;;;
14/08/2015;13:44:00;123;com vítima;572,7;BR-324/BA;Oeste;Atropelamento de Pedestre;;;;;;1;;;;;1;1;;;
14/08/2015;15:10:00;138;sem vítima;573;BR-324/BA;Oeste;Colisão Traseira;2;;;;;;;;;;6;;;;
14/08/2015;16:35:00;150;sem vítima;587;BR-324/BA;Leste;Colisão Traseira;;;2;;;;;;;;2;;;;
14/08/2015;20:33:00;214;sem vítima;603;BR-324/BA;Leste;Saida de Pista;1;;;;;;;;;;1;;;;
14/08/2015;19:13:00;197;com vítima;620;BR-324/BA;Leste;Atropelamento de Pedestre;;;;;;1;;;;;1;;1;;
14/08/2015;19:29:00;202;sem vítima;621;BR-324/BA;Oeste;Engavetamento;4;;;;;;;;;;4;;;;
14/08/2015;06:19:00;30;com vítima;622;BR-324/BA;Leste;Engavetamento;1;;1;;1;;;;;;7;1;;;
14/08/2015;11:08:00;88;sem vítima;623;BR-324/BA;Leste;Engavetamento;1;;;;1;1;;;;;67;;;;
14/08/2015;09:54:00;72;com vítima;623,5;BR-324/BA;Leste;Queda de Moto;;;;1;;1;;;;;1;1;;;
14/08/2015;14:04:00;126;com vítima;742,6;BR-116/BA;Norte;Queda de Moto;;;;1;;;;;;;0;;1;;
14/08/2015;10:33:00;82;com vítima;815,3;BR-116/BA;Sul;Queda de Moto;;;;1;;;;;;;0;1;;;
15/08/2015;08:07:00;45;sem vítima;429;BR-116/BA;Sul;Colisão Lateral;;;;;;1;;;;1;5;;;;
15/08/2015;19:48:00;207;sem vítima;459,2;BR-116/BA;Sul;Colisão Lateral;;;2;;;;;;;;3;;;;
15/08/2015;09:49:00;84;sem vítima;556,2;BR-324/BA;Oeste;Engavetamento;3;;1;;;;;;;;4;;;;
15/08/2015;16:36:00;176;sem vítima;559,5;BR-324/BA;Leste;Saida de Pista;1;;;;;;;;;;2;;;;
15/08/2015;22:45:00;236;com vítima;461,8;BR-116/BA;Sul;Colisão Frontal;;;1;1;;;;;;;1;;;1;
15/08/2015;11:18:00;107;sem vítima;580,2;BR-324/BA;Oeste;Saida de Pista;1;;;;;;;;;;1;;;;
15/08/2015;18:28:00;197;com vítima;583;BR-324/BA;Leste;Colisão Transversal;1;;;;;;1;;;;4;;;;1
15/08/2015;16:46:00;180;com vítima;595,1;BR-324/BA;Oeste;Queda de Moto;;;;1;;;;;;;0;;;;2
15/08/2015;05:57:00;26;com vítima;498,8;BR-116/BA;Norte;Colisão Frontal;1;;1;;;;;;;;1;2;2;;1
15/08/2015;10:24:00;99;sem vítima;599,05;BR-324/BA;Oeste;Colisão Traseira;;;1;;;;;;;1;16;;;;
15/08/2015;15:09:00;155;sem vítima;607;BR-324/BA;Leste;Tombamento;;;1;;;;;;;;1;;;;
15/08/2015;09:21:00;70;sem vítima;612,8;BR-324/BA;Leste;Colisão Traseira;2;;;;;;;;;;2;;;;
15/08/2015;19:50:00;208;com vítima;831,1;BR-116/BA;Norte;Colisão Traseira;;;;1;;1;;;;;1;;;1;
15/08/2015;00:19:00;3;com vítima;921;BR-116/BA;Norte;Saida de Pista;1;;2;;;;;;;;2;;2;1;
16/08/2015;10:18:00;81;sem vítima;533,2;BR-324/BA;Leste;Colisão Traseira;2;;1;;;;;;;;4;;;;
16/08/2015;08:12:00;59;sem vítima;451,5;BR-116/BA;Norte;Saida de Pista;1;;;;;;;;;;1;;;;
16/08/2015;14:19:00;121;sem vítima;543,2;BR-324/BA;Oeste;Colisão Traseira;1;;;;;;;;;1;8;;;;
16/08/2015;08:18:00;60;sem vítima;553,05;BR-324/BA;Oeste;Colisão Lateral;2;;;;;;;;;;3;;;;
16/08/2015;14:27:00;122;sem vítima;561,2;BR-324/BA;Oeste;Saida de Pista;;;1;;;;;;;;2;;;;
16/08/2015;21:20:00;201;sem vítima;601;BR-324/BA;Leste;Saida de Pista;1;;;;;;;;;;3;;;;
16/08/2015;18:28:00;155;sem vítima;610;BR-324/BA;Oeste;Queda de Moto;;;;1;;;;;;;2;;;;
16/08/2015;13:42:00;115;com vítima;672;BR-116/BA;Norte;Queda de Moto;;;;1;;;;;;;0;1;;;
17/08/2015;18:58:00;287;com vítima;4,1;BR-116/BA - ContSuFS;Sul;Atropelamento de Pedestre;1;;;;;1;;;;;2;;;;1
17/08/2015;10:17:00;132;com vítima;6;BR-116/BA - ContSuFS;Norte;Colisão Traseira;;;;1;;1;;;;;1;1;;;
17/08/2015;18:13:00;273;sem vítima;558,1;BR-324/BA;Oeste;Saida de Pista;;;1;;;;;;;;1;;;;
17/08/2015;05:21:00;39;sem vítima;594;BR-324/BA;Leste;Colisão Traseira;1;;1;;;;;;;1;10;;;;
17/08/2015;18:25:00;276;com vítima;615,3;BR-324/BA;Leste;Colisão Traseira;1;;;1;;;;;;;1;1;;;
17/08/2015;06:47:00;55;sem vítima;524;BR-116/BA;Norte;Colisão Lateral;1;;1;;;;;;;;2;;;;
17/08/2015;18:08:00;270;sem vítima;827,2;BR-116/BA;Norte;Colisão Traseira;1;;;;;;;;;1;7;;;;
17/08/2015;22:13:00;324;sem vítima;858,1;BR-116/BA;Norte;Saida de Pista;;;1;;;1;;;;;2;;;;
18/08/2015;12:20:00;125;sem vítima;0;BR-116/BA - ContSuFS;Sul;Colisão Lateral;1;;1;;;;;;;;2;;;;
18/08/2015;14:59:00;154;sem vítima;427;BR-116/BA;Sul;Saida de Pista;1;;;;;;;;;;1;;;;
18/08/2015;10:42:00;104;sem vítima;518,3;BR-324/BA;Oeste;Engavetamento;;;3;;;;;;;;3;;;;
18/08/2015;08:37:00;64;sem vítima;519,2;BR-324/BA;Oeste;Queda de Moto;;;;;;1;;;;;1;;;;
18/08/2015;00:17:00;4;sem vítima;560,1;BR-324/BA;Oeste;Saida de Pista;1;;;;;;;;;;1;;;;
18/08/2015;09:15:00;80;sem vítima;564,8;BR-324/BA;Oeste;Capotamento;1;;;;;;;;;;1;;;;
18/08/2015;15:14:00;158;com vítima;575,5;BR-324/BA;Oeste;Saida de Pista;1;;;;;;;;;;1;2;;;1
18/08/2015;07:56:00;53;com vítima;619,9;BR-324/BA;Leste;Queda de Moto;;;;1;;1;;;;;1;1;;;
18/08/2015;08:38:00;65;sem vítima;696,4;BR-116/BA;Sul;Saida de Pista;1;;;;;;;;;;1;;;;
19/08/2015;17:19:00;232;sem vítima;521,2;BR-324/BA;Leste;Atropelamento de Animal;;;;1;;;;;;;1;;;;
19/08/2015;07:29:00;38;sem vítima;495,5;BR-116/BA;Norte;Colisão Lateral;1;;1;;;;;;;;2;;;;
19/08/2015;09:44:00;86;sem vítima;614;BR-324/BA;Leste;Engavetamento;4;;;;;;;;;;6;;;;
19/08/2015;12:42:00;137;com vítima;805;BR-116/BA;Sul;Colisão Traseira;1;;;;;1;;;;;3;1;;;
19/08/2015;05:33:00;12;com vítima;838;BR-116/BA;Norte;Queda de Moto;;;;1;;;;;;;0;;1;;
20/08/2015;16:46:00;179;sem vítima;584;BR-324/BA;Oeste;Colisão Traseira;1;;1;;;;;;;;3;;;;
20/08/2015;18:21:00;196;com vítima;604;BR-324/BA;Oeste;Saida de Pista;1;;;;;;;;;;0;1;;;
20/08/2015;18:34:00;201;com vítima;546,8;BR-116/BA;Sul;Queda de Moto;;;;1;;;;;;;0;1;;;
20/08/2015;01:30:00;10;sem vítima;642,3;BR-116/BA;Norte;Saida de Pista;;;1;;;;;;;;1;;;;
20/08/2015;03:12:00;19;com vítima;734,2;BR-116/BA;Sul;Colisão Frontal;;;;1;;1;;;;;1;;;;1
20/08/2015;14:14:00;148;sem vítima;877,2;BR-116/BA;Norte;Colisão Traseira;;;2;;;;;;;;2;;;;
21/08/2015;15:48:00;241;sem vítima;8;BA-526;Sul;Colisão Lateral;2;;;;;;;;;;4;;;;
21/08/2015;13:37:00;202;sem vítima;574,4;BR-324/BA;Leste;Saida de Pista;1;;;;;1;;;;;2;;;;
21/08/2015;13:33:00;201;sem vítima;585;BR-324/BA;Oeste;Colisão Traseira;2;;;;;;;;;;2;;;;
21/08/2015;15:05:00;224;sem vítima;589;BR-324/BA;Oeste;Engavetamento;3;;;;;;;;;;3;;;;
21/08/2015;19:04:00;295;sem vítima;508,8;BR-116/BA;Norte;Colisão Lateral;1;;;;;1;;;;;6;;;;
21/08/2015;16:28:00;255;sem vítima;513,9;BR-116/BA;Norte;Saida de Pista;1;;;;;;;;;;1;;;;
21/08/2015;12:21:00;185;com vítima;518;BR-116/BA;Sul;Colisão Transversal;2;;;;;;;;;;0;2;;;
21/08/2015;07:05:00;53;sem vítima;616;BR-324/BA;Oeste;Colisão Traseira;1;;;;;;;;;1;3;;;;
21/08/2015;07:37:00;66;com vítima;620;BR-324/BA;Leste;Atropelamento de Pedestre;;;;1;;;;;;;1;1;1;;
22/08/2015;08:59:00;78;sem vítima;529;BR-324/BA;Oeste;Saida de Pista;1;;;;;;;;;;1;;;;
22/08/2015;18:26:00;193;com vítima;542;BR-324/BA;Leste;Atropelamento de Pedestre;;;;;;1;;;;;1;2;;;
22/08/2015;10:18:00;95;sem vítima;545,6;BR-324/BA;Oeste;Saida de Pista;1;;;;;1;;;;;5;;;;
22/08/2015;21:36:00;236;sem vítima;566;BR-324/BA;Oeste;Queda de Moto;;;;1;;;;;;;1;;;;
22/08/2015;12:27:00;123;sem vítima;576,1;BR-324/BA;Leste;Colisão Lateral;1;;1;;;;;;;;2;;;;
22/08/2015;08:19:00;68;sem vítima;587;BR-324/BA;Leste;Saida de Pista;1;;;;;;;;;;1;;;;
22/08/2015;06:06:00;37;sem vítima;614;BR-324/BA;Oeste;Colisão Lateral;2;;;;;;;;;;2;;;;
22/08/2015;02:52:00;21;sem vítima;619,4;BR-324/BA;Leste;Capotamento;1;;;;;;;;;;1;;;;
22/08/2015;20:32:00;211;sem vítima;621,5;BR-324/BA;Oeste;Queda de Moto;;;;1;;;;;;;1;;;;
22/08/2015;21:56:00;241;com vítima;604,4;BR-116/BA;Norte;Saida de Pista;;;1;;;;;;;;0;;;;1
22/08/2015;12:11:00;120;sem vítima;728,9;BR-116/BA;Norte;Engavetamento;;;3;;;1;;;;;4;;;;
22/08/2015;19:45:00;208;sem vítima;755;BR-116/BA;Sul;Atropelamento de Animal;1;;;;;;;;;;2;;;;
23/08/2015;10:31:00;107;sem vítima;4,9;BR-116/BA - ContSuFS;Sul;Choque Contra Objeto Fixo;1;;;;;;;;;;2;;;;
23/08/2015;16:03:00;189;com vítima;543;BR-324/BA;Leste;Atropelamento de Pedestre;;;;;;1;;;;;1;1;;;
23/08/2015;05:57:00;39;sem vítima;543,15;BR-324/BA;Leste;Saida de Pista;1;;;;;;;;;;2;;;;
23/08/2015;21:26:00;253;com vítima;456,95;BR-116/BA;Sul;Colisão Traseira;1;;1;;;;;;;;1;;2;;
23/08/2015;14:54:00;174;sem vítima;557;BR-324/BA;Oeste;Colisão Lateral;1;;;;;1;;;;;4;;;;
23/08/2015;12:05:00;132;sem vítima;571,1;BR-324/BA;Leste;Saida de Pista;1;;;;;;;;;;4;;;;
23/08/2015;20:51:00;246;sem vítima;583;BR-324/BA;Leste;Saida de Pista;1;;;;;;;;;;3;;;;
23/08/2015;09:50:00;100;com vítima;593,1;BR-324/BA;Oeste;Colisão Traseira;1;;;;1;;;;;;14;1;;;
23/08/2015;15:58:00;187;sem vítima;608;BR-324/BA;Leste;Colisão Lateral;1;;;;1;;;;;;7;;;;
23/08/2015;04:00:00;30;com vítima;611;BR-324/BA;Oeste;Saida de Pista;1;;;;;;;;;;0;3;2;;
23/08/2015;13:55:00;155;sem vítima;589,2;BR-116/BA;Sul;Colisão Traseira;;;3;;;;;;;;3;;;;
23/08/2015;18:45:00;226;sem vítima;643,4;BR-116/BA;Norte;Saida de Pista;;;1;;;;;;;;1;;;;
23/08/2015;18:35:00;223;sem vítima;706,1;BR-116/BA;Norte;Colisão Transversal;2;;;;;;;;;;2;;;;
23/08/2015;09:27:00;90;sem vítima;728,3;BR-116/BA;Norte;Engavetamento;;;3;;;1;;;;;4;;;;
23/08/2015;21:31:00;255;com vítima;788,9;BR-116/BA;Sul;Colisão Traseira;;;1;;;1;;;;1;3;;1;;
23/08/2015;10:14:00;103;sem vítima;844,1;BR-116/BA;Sul;Colisão Traseira;;;2;;;1;;;;;3;;;;
24/08/2015;07:14:00;38;sem vítima;523;BR-324/BA;Leste;Queda de Moto;;;;1;;;;;;;1;;;;
24/08/2015;11:10:00;102;sem vítima;584,3;BR-324/BA;Oeste;Colisão Lateral;1;;1;;;;;;;;5;;;;
24/08/2015;17:55:00;200;sem vítima;602;BR-324/BA;Leste;Capotamento;;;;;;;;;;1;3;;;;
24/08/2015;09:55:00;84;sem vítima;612,5;BR-324/BA;Leste;Colisão Traseira;1;;;;;1;;;;;2;;;;
24/08/2015;15:37:00;172;sem vítima;621,2;BR-324/BA;Leste;Queda de Moto;;;;1;;;;;;;1;;;;
24/08/2015;08:05:00;51;com vítima;622,2;BR-324/BA;Leste;Colisão Lateral;1;;;1;;;;;;;1;1;;;
24/08/2015;15:08:00;164;sem vítima;654,5;BR-116/BA;Norte;Queda de Moto;;;;1;;;;;;;2;;;;
24/08/2015;07:46:00;46;sem vítima;704,1;BR-116/BA;Sul;Colisão Traseira;;;2;;;1;;;;;3;;;;
24/08/2015;07:11:00;37;sem vítima;714,3;BR-116/BA;Norte;Colisão Traseira;;;1;;;1;;;;;2;;;;
25/08/2015;08:37:00;77;com vítima;522,8;BR-324/BA;Oeste;Colisão Traseira;1;;;1;;;;;;;1;1;;;
25/08/2015;18:12:00;241;sem vítima;543;BR-324/BA;Oeste;Engavetamento;;;2;;1;1;;;;;4;;;;
25/08/2015;21:12:00;281;com vítima;463,2;BR-116/BA;Sul;Queda de Moto;;;;1;;;;;;;0;1;1;;
25/08/2015;08:36:00;75;com vítima;619;BR-324/BA;Oeste;Colisão Traseira;2;;;1;;;;;;;1;2;;;
25/08/2015;07:54:00;62;sem vítima;620;BR-324/BA;Leste;Colisão Traseira;1;;;;;1;;;;;2;;;;
25/08/2015;08:17:00;69;sem vítima;620;BR-324/BA;Leste;Engavetamento;3;;;;;;;;;;3;;;;
25/08/2015;16:17:00;213;com vítima;801,3;BR-116/BA;Sul;Queda de Moto;;;;1;;;;;;;0;2;;;
26/08/2015;17:56:00;161;com vítima;519,4;BR-324/BA;Oeste;Colisão Traseira;;;;1;;;;;;1;1;;1;;
26/08/2015;15:03:00;136;sem vítima;543;BR-324/BA;Oeste;Colisão Traseira;1;;;;;1;;;;;2;;;;
26/08/2015;01:53:00;8;sem vítima;548;BR-324/BA;Leste;Tombamento;;;1;;;;;;;;2;;;;
26/08/2015;18:26:00;168;com vítima;607;BR-324/BA;Oeste;Colisão Traseira;;;;1;;1;;;;;1;1;;;
27/08/2015;13:54:00;145;com vítima;16;BR-116/BA - Cont VC;Sul;Colisão Frontal;1;;;1;;;;;;;1;1;;;
27/08/2015;11:28:00;119;sem vítima;530;BR-324/BA;Leste;Colisão Lateral;1;;;;;1;;;;;2;;;;
27/08/2015;07:22:00;40;com vítima;449;BR-116/BA;Sul;Saida de Pista;;;1;;;;;;;;0;3;;;
27/08/2015;18:13:00;200;sem vítima;615,2;BR-324/BA;Leste;Engavetamento;2;;1;;;;;;;;8;;;;
27/08/2015;13:21:00;138;sem vítima;616,8;BR-324/BA;Leste;Colisão Traseira;1;;;;1;;;;;;32;;;;
27/08/2015;21:21:00;239;sem vítima;618,8;BR-324/BA;Leste;Colisão Lateral;1;;;;1;1;;;;;16;;;;
27/08/2015;23:20:00;259;sem vítima;620,01;BR-324/BA;Leste;Colisão Traseira;1;;1;;;;;;;;2;;;;
27/08/2015;10:51:00;103;sem vítima;662;BR-116/BA;Norte;Saida de Pista;;;1;;;;;;;;1;;;;
27/08/2015;15:17:00;164;com vítima;806,5;BR-116/BA;Sul;Colisão Frontal;1;;1;;;;;;;;1;;1;;
28/08/2015;06:16:00;32;sem vítima;589;BR-324/BA;Oeste;Saida de Pista;1;;1;;;;;;;;2;;;;
28/08/2015;07:20:00;43;com vítima;612,8;BR-324/BA;Leste;Queda de Moto;;;;1;;;;;;;0;2;;;
28/08/2015;14:31:00;131;sem vítima;694,5;BR-116/BA;Sul;Engavetamento;;;2;;;;;;;1;7;;;;
29/08/2015;18:33:00;199;com vítima;11,2;BR-116/BA - Cont VC;Sul;Atropelamento - Ciclista;;1;;;;1;;;;;1;1;;;
29/08/2015;08:45:00;66;sem vítima;528,3;BR-324/BA;Oeste;Colisão Traseira;2;;;;;;;;;;2;;;;
29/08/2015;06:38:00;38;sem vítima;534;BR-324/BA;Oeste;Tombamento;;;1;;;;;;;;1;;;;
29/08/2015;18:08:00;191;sem vítima;548,8;BR-324/BA;Leste;Engavetamento;2;;1;;;;;;;1;6;;;;
29/08/2015;17:53:00;184;sem vítima;549,1;BR-324/BA;Leste;Engavetamento;3;;;;;;;;;;6;;;;
29/08/2015;17:49:00;183;sem vítima;549,2;BR-324/BA;Leste;Engavetamento;2;;1;1;;2;;;;;12;;;;
29/08/2015;09:17:00;75;sem vítima;555;BR-324/BA;Oeste;Colisão Traseira;2;;;;;;;;;;3;;;;
29/08/2015;08:53:00;69;sem vítima;483;BR-116/BA;Sul;Colisão Lateral;1;;1;;;;;;;;3;;;;
29/08/2015;07:50:00;55;sem vítima;587;BR-324/BA;Oeste;Saida de Pista;1;;;;;;;;;;4;;;;
29/08/2015;12:49:00;123;sem vítima;594;BR-324/BA;Leste;Saida de Pista;1;;;;;;;;;;3;;;;
29/08/2015;20:23:00;226;sem vítima;623,6;BR-324/BA;Oeste;Colisão Traseira;2;;;;;;;;;;6;;;;
29/08/2015;04:40:00;26;sem vítima;776;BR-116/BA;Sul;Atropelamento de Animal;1;;;;;;;;;;1;;;;
29/08/2015;10:55:00;97;sem vítima;919,2;BR-116/BA;Norte;Colisão Traseira;;;;;;1;;;;1;2;;;;
30/08/2015;15:52:00;146;sem vítima;2;BA-528;Sul;Colisão Traseira;1;;;;;;;;;1;4;;;;
30/08/2015;16:38:00;163;com vítima;571,5;BR-324/BA;Leste;Capotamento;1;;;;;;;;;;0;1;2;;
30/08/2015;07:22:00;50;sem vítima;496,5;BR-116/BA;Norte;Colisão Traseira;1;;;;;1;;;;;2;;;;
30/08/2015;06:28:00;42;sem vítima;524,2;BR-116/BA;Norte;Saida de Pista;1;;;;;;;;;;1;;;;
30/08/2015;19:37:00;198;com vítima;546;BR-116/BA;Sul;Colisão Traseira;1;;;;;1;;;;;3;1;;;
30/08/2015;18:49:00;190;com vítima;570,3;BR-116/BA;Norte;Queda de Moto;;;;1;;;;;;;0;;2;;
30/08/2015;18:32:00;183;sem vítima;618;BR-116/BA;Sul;Colisão Lateral;2;;;;;;;;;;7;;;;
30/08/2015;13:00:00;122;com vítima;818,8;BR-116/BA;Norte;Colisão Lateral;;;;1;1;;;;;;1;;1;;1
30/08/2015;22:57:00;229;com vítima;819;BR-116/BA;Sul;Atropelamento - Ciclista;1;1;;;;;;;;;4;1;;;
31/08/2015;16:57:00;217;com vítima;518,5;BR-324/BA;Oeste;Atropelamento de Pedestre;1;;;;;;;;;;1;;;1;
31/08/2015;16:42:00;216;com vítima;586,1;BR-324/BA;Leste;Saida de Pista;1;;;;;;;;;;0;;1;;
31/08/2015;20:57:00;253;sem vítima;587,2;BR-324/BA;Oeste;Saida de Pista;1;;;;;;;;;;1;;;;
31/08/2015;19:56:00;246;sem vítima;602,2;BR-324/BA;Oeste;Saida de Pista;;;1;;;;;;;;3;;;;
31/08/2015;09:25:00;80;sem vítima;607,99;BR-324/BA;Leste;Engavetamento;3;;;;;;;;;;7;;;;
31/08/2015;15:56:00;205;com vítima;608,05;BR-324/BA;Leste;Atropelamento de Pedestre;;;1;;;;;;;;1;;;;1
31/08/2015;11:43:00;139;com vítima;613;BR-324/BA;Leste;Colisão Lateral;;;1;;1;;;;;;1;1;;;
31/08/2015;06:32:00;25;sem vítima;622,8;BR-324/BA;Leste;Engavetamento;3;;;;;;;;;;4;;;;