data;horario;n_da_ocorrencia;tipo_de_ocorrencia;km;trecho;sentido;tipo_de_acidente;automovel;bicicleta;caminhao;moto;onibus;outros;tracao_animal;transporte_de_cargas_especiais;trator_maquinas;utilitarios;ilesos;levemente_feridos;moderadamente_feridos;gravemente_feridos;mortos
31/08/2015;13:51:00;170;com vítima;542;BR-116/BA;Sul;Colisão Traseira;;;1;;;1;;;;;3;2;;;
31/08/2015;02:49:00;11;com vítima;919,3;BR-116/BA;Sul;Saida de Pista;;;1;;;;;;;;0;1;;;
01/09/2015;15:19:00;164;sem vítima;575;BR-324/BA;Leste;Colisão Traseira;2;;;;;;;;;;2;;;;
01/09/2015;17:53:00;188;sem vítima;587;BR-324/BA;Oeste;Capotamento;1;;;;;;;;;;2;;;;
01/09/2015;22:10:00;253;sem vítima;620;BR-324/BA;Oeste;Colisão Traseira;2;;;;;;;;;;2;;;;
01/09/2015;15:50:00;170;com vítima;624;BR-324/BA;Oeste;Colisão Lateral;1;;1;;;;;;;;1;1;2;;
01/09/2015;20:10:00;223;sem vítima;602;BR-116/BA;Norte;Colisão Traseira;;;2;;;;;;;;2;;;;
01/09/2015;01:31:00;14;com vítima;691,3;BR-116/BA;Sul;Capotamento;1;;;;;;;;;;0;1;4;;
01/09/2015;05:53:00;37;com vítima;804,3;BR-116/BA;Norte;Queda de Moto;;;;1;;;;;;;0;1;;;
02/09/2015;00:50:00;4;sem vítima;547,1;BR-324/BA;Leste;Capotamento;1;;;;;;;;;;1;;;;
02/09/2015;14:14:00;165;sem vítima;607;BR-324/BA;Leste;Queda de Moto;;;;1;;;;;;;1;;;;
02/09/2015;07:45:00;47;sem vítima;615,2;BR-324/BA;Leste;Engavetamento;4;;;;;;;;;;5;;;;
02/09/2015;07:28:00;41;sem vítima;616,5;BR-324/BA;Oeste;Colisão Traseira;2;;;;;;;;;;2;;;;
02/09/2015;16:14:00;193;sem vítima;671,12;BR-116/BA;Sul;Outros;;;2;;;;;;;;2;;;;
02/09/2015;06:12:00;26;sem vítima;676;BR-116/BA;Sul;Choque Contra Objeto Fixo;;;1;;;;;;;;3;;;;
02/09/2015;08:01:00;52;sem vítima;767;BR-116/BA;Sul;Colisão Traseira;;;1;;1;;;;;;27;;;;
03/09/2015;13:58:00;153;com vítima;22;BR-116/BA - Cont VC;Sul;Capotamento;1;;;;;;;;;;0;2;;;
03/09/2015;04:03:00;20;com vítima;455,4;BR-116/BA;Norte;Saida de Pista;;;;;;;;;;1;3;;1;;
03/09/2015;04:12:00;21;com vítima;552,1;BR-324/BA;Leste;Colisão Traseira;;;2;;;;;;;;1;;1;;
03/09/2015;06:00:00;29;com vítima;583,5;BR-324/BA;Oeste;Saida de Pista;;;;;;;;;;1;0;1;;;
03/09/2015;13:57:00;152;sem vítima;554,2;BR-116/BA;Sul;Colisão Traseira;1;;1;;;;;;;;2;;;;
03/09/2015;05:33:00;27;com vítima;930;BR-116/BA;Sul;Saida de Pista;1;;;;;;;;;;0;;1;;
04/09/2015;18:20:00;275;sem vítima;537;BR-324/BA;Oeste;Engavetamento;2;;;;;;;;;1;5;;;;
04/09/2015;15:32:00;227;sem vítima;575;BR-324/BA;Leste;Saida de Pista;1;;;;;;;;;;1;;;;
04/09/2015;04:53:00;21;sem vítima;478;BR-116/BA;Sul;Colisão Traseira;;;1;;1;1;;;;;19;;;;
04/09/2015;01:36:00;6;com vítima;579;BR-324/BA;Leste;Saida de Pista;;;;;;;;;;1;0;1;;;
04/09/2015;16:35:00;244;com vítima;592;BR-324/BA;Leste;Saida de Pista;1;;;;;1;;;;;2;2;;;
04/09/2015;08:16:00;68;sem vítima;818,1;BR-116/BA;Sul;Colisão Traseira;2;;;;;;;;;;4;;;;
05/09/2015;18:34:00;207;com vítima;7;BR-116/BA - Cont VC;Sul;Queda de Moto;;;;1;;;;;;;0;1;;;
05/09/2015;08:10:00;56;sem vítima;537;BR-324/BA;Oeste;Colisão Transversal;2;;;;;;;;;;6;;;;
05/09/2015;00:46:00;3;sem vítima;543;BR-324/BA;Oeste;Saida de Pista;;;;;;;;;;1;2;;;;
05/09/2015;01:42:00;10;sem vítima;543,1;BR-324/BA;Oeste;Saida de Pista;1;;;;;;;;;;1;;;;
05/09/2015;14:03:00;147;sem vítima;485,3;BR-116/BA;Sul;Colisão Lateral;;;2;;;;;;;;2;;;;
05/09/2015;19:25:00;222;com vítima;607;BR-324/BA;Oeste;Colisão Traseira;1;;;;;1;;;;;2;3;;;
05/09/2015;20:44:00;245;sem vítima;576;BR-116/BA;Norte;Saida de Pista;;;;;;1;;;;1;2;;;;
05/09/2015;15:17:00;161;com vítima;582,9;BR-116/BA;Sul;Colisão Lateral;1;;2;;;;;;;;2;1;;;
05/09/2015;12:46:00;126;com vítima;910,2;BR-116/BA;Sul;Queda de Moto;;;;1;;;;;;;0;;1;;
06/09/2015;20:40:00;234;sem vítima;527;BR-324/BA;Leste;Colisão Traseira;1;;;;;1;;;;;6;;;;
06/09/2015;15:24:00;171;com vítima;566,9;BR-324/BA;Leste;Saida de Pista;1;;;;;;;;;;4;2;1;;
06/09/2015;11:57:00;127;sem vítima;578,2;BR-324/BA;Leste;Saida de Pista;1;;;;;;;;;;2;;;;
06/09/2015;03:16:00;24;com vítima;584;BR-324/BA;Oeste;Saida de Pista;;;1;;;;;;;;0;1;;;
06/09/2015;18:43:00;209;sem vítima;585;BR-324/BA;Oeste;Saida de Pista;1;;;;;;;;;;1;;;;
06/09/2015;12:52:00;140;sem vítima;609,7;BR-324/BA;Oeste;Saida de Pista;1;;;;;;;;;;5;;;;
06/09/2015;16:42:00;192;com vítima;616,85;BR-324/BA;Oeste;Atropelamento de Pedestre;;;;;;;;;;1;1;;;1;
06/09/2015;05:49:00;34;com vítima;619,1;BR-324/BA;Oeste;Queda de Moto;;;;1;;;;;;;0;1;;;
06/09/2015;22:38:00;256;sem vítima;806,1;BR-116/BA;Sul;Colisão Traseira;1;;1;;;;;;;;2;;;;
07/09/2015;12:34:00;112;sem vítima;0,05;BR-116/BA - ContSuFS;Sul;Choque Contra Objeto Fixo;1;;;;;;;;;;2;;;;
07/09/2015;17:29:00;200;sem vítima;535,9;BR-324/BA;Leste;Engavetamento;2;;;;;1;;;;;8;;;;
07/09/2015;16:59:00;189;sem vítima;537;BR-324/BA;Oeste;Colisão Lateral;1;;1;;;;;;;;2;;;;
07/09/2015;07:27:00;49;sem vítima;538,15;BR-324/BA;Leste;Colisão Traseira;1;;;;;1;;;;;4;;;;
07/09/2015;16:29:00;177;com vítima;458,2;BR-116/BA;Sul;Saida de Pista;1;;;;;1;;;;;1;1;;;
07/09/2015;16:54:00;186;sem vítima;549,1;BR-324/BA;Leste;Saida de Pista;1;;;;;1;;;;;2;;;;
07/09/2015;21:07:00;249;sem vítima;459;BR-116/BA;Norte;Colisão Traseira;2;;;;;;;;;;5;;;;
07/09/2015;21:02:00;248;sem vítima;580;BR-324/BA;Leste;Engavetamento;3;;;;;;;;;;7;;;;
07/09/2015;06:42:00;40;sem vítima;482,1;BR-116/BA;Norte;Colisão Traseira;;;2;;;;;;;;4;;;;
07/09/2015;15:14:00;148;com vítima;584,2;BR-324/BA;Leste;Saida de Pista;1;;;;;;;;;;2;1;;;
07/09/2015;21:13:00;250;com vítima;587;BR-324/BA;Leste;Colisão Lateral;1;;1;;;;;;;;1;;;1;
07/09/2015;16:09:00;166;sem vítima;595,1;BR-324/BA;Leste;Engavetamento;3;;;;;;;;;;3;;;;
07/09/2015;19:01:00;222;sem vítima;618;BR-324/BA;Leste;Colisão Traseira;2;;;;;;;;;;5;;;;
07/09/2015;19:50:00;234;sem vítima;619;BR-324/BA;Leste;Colisão Lateral;2;;;;;;;;;;6;;;;
07/09/2015;17:44:00;205;sem vítima;622;BR-324/BA;Leste;Saida de Pista;1;;;;;;;;;;1;;;;
07/09/2015;18:05:00;211;com vítima;622;BR-324/BA;Leste;Engavetamento;5;;;;;;;;;;11;;;2;
07/09/2015;03:50:00;23;com vítima;784,12;BR-116/BA;Sul;Queda de Moto;;;;1;;;;;;;0;1;;;
07/09/2015;09:22:00;77;sem vítima;815,7;BR-116/BA;Norte;Engavetamento;1;;1;;;1;;;;;3;;;;
08/09/2015;07:58:00;65;sem vítima;572;BR-324/BA;Leste;Saida de Pista;1;;;;;;;;;;5;;;;
08/09/2015;00:11:00;1;sem vítima;495,9;BR-116/BA;Sul;Choque Contra Objeto Fixo;1;;;;;;;;;;4;;;;
08/09/2015;06:10:00;31;com vítima;607;BR-324/BA;Leste;Colisão Lateral;2;;;;;;;;;1;10;2;;;
08/09/2015;06:50:00;41;com vítima;607;BR-324/BA;Oeste;Colisão Traseira;;;;1;;1;;;;;1;;1;;
08/09/2015;18:29:00;254;com vítima;518,8;BR-116/BA;Norte;Colisão Frontal;1;;1;1;;;;;;;1;;2;;
08/09/2015;15:29:00;205;sem vítima;615;BR-324/BA;Oeste;Colisão Traseira;;;1;;1;;;;;;3;;;;
08/09/2015;16:10:00;221;com vítima;653,9;BR-116/BA;Norte;Tombamento;;;1;;;;;;;;0;1;;;
08/09/2015;06:57:00;42;sem vítima;713,6;BR-116/BA;Sul;Engavetamento;;;3;;;;;;;;3;;;;
08/09/2015;16:38:00;227;sem vítima;800,5;BR-116/BA;Norte;Saida de Pista;;;;;;1;;;;1;4;;;;
09/09/2015;21:51:00;267;com vítima;15;BR-116/BA - Cont VC;Norte;Queda de Moto;;;;1;;;;;;;0;1;;;
09/09/2015;14:57:00;185;sem vítima;552,2;BR-324/BA;Oeste;Colisão Traseira;;;2;;;;;;;;2;;;;
09/09/2015;12:13:00;127;sem vítima;562,5;BR-324/BA;Oeste;Colisão Lateral;2;;;;;;;;;;3;;;;
09/09/2015;10:04:00;89;com vítima;625,5;BR-324/BA;Leste;Queda de Moto;;;;1;;;;;;;0;;1;;
10/09/2015;06:37:00;35;com vítima;426,2;BR-116/BA;Norte;Queda de Moto;;;;1;;;;;;;0;1;;;
10/09/2015;13:57:00;190;sem vítima;546,9;BR-324/BA;Oeste;Choque Contra Objeto Fixo;1;;;;;1;;;;;2;;;;
10/09/2015;17:04:00;255;com vítima;613,2;BR-324/BA;Oeste;Atropelamento de Pedestre;1;;;;;;;;;;1;;;1;
10/09/2015;01:52:00;9;sem vítima;783;BR-116/BA;Norte;Colisão Lateral;;;1;;;;;;;1;3;;;;
10/09/2015;17:37:00;262;com vítima;827,5;BR-116/BA;Sul;Colisão Transversal;;;;2;;;;;;;1;2;;;
10/09/2015;08:13:00;71;sem vítima;881;BR-116/BA;Sul;Queda de Moto;;;;1;;;;;;;1;;;;
11/09/2015;17:48:00;215;sem vítima;547;BR-324/BA;Oeste;Colisão Traseira;;;;1;;;;;;1;2;;;;
11/09/2015;19:48:00;251;com vítima;482,3;BR-116/BA;Sul;Queda de Moto;;;;1;;;;;;;0;2;;;
11/09/2015;05:57:00;34;sem vítima;494;BR-116/BA;Sul;Colisão Traseira;1;;;;;1;;;;;2;;;;
11/09/2015;07:07:00;51;sem vítima;617,8;BR-324/BA;Leste;Engavetamento;3;;;;;;;;;;3;;;;
11/09/2015;06:54:00;49;sem vítima;620,5;BR-324/BA;Leste;Colisão Lateral;1;;1;;;;;;;;6;;;;
11/09/2015;09:23:00;83;sem vítima;574;BR-116/BA;Norte;Colisão Lateral;;;1;;;1;;;;;3;;;;
11/09/2015;18:37:00;235;sem vítima;641;BR-116/BA;Norte;Saida de Pista;;;1;;;;;;;;1;;;;
12/09/2015;06:59:00;67;sem vítima;427;BR-116/BA;Norte;Saida de Pista;1;;;;;;;;;;1;;;;
12/09/2015;03:11:00;30;com vítima;522,2;BR-324/BA;Oeste;Colisão Transversal;1;;;1;;;;;;;2;1;;;
12/09/2015;23:46:00;306;sem vítima;523;BR-324/BA;Oeste;Saida de Pista;1;;;;;;;;;;1;;;;
12/09/2015;11:35:00;155;com vítima;458,8;BR-116/BA;Norte;Colisão Traseira;2;;;;;;;;;;5;1;;;
12/09/2015;20:55:00;283;com vítima;565,12;BR-324/BA;Oeste;Capotamento;;;;;;;;;;1;0;2;;;
12/09/2015;21:56:00;292;sem vítima;565,2;BR-324/BA;Oeste;Colisão Traseira;1;;;;;1;;;;;2;;;;
12/09/2015;16:01:00;219;com vítima;586,9;BR-324/BA;Leste;Choque Contra Objeto Fixo;1;;;;;;;;;;0;;1;;
12/09/2015;23:01:00;301;sem vítima;616,63;BR-324/BA;Oeste;Colisão Traseira;2;;;;;;;;;;2;;;;
12/09/2015;20:42:00;281;sem vítima;619,1;BR-324/BA;Leste;Colisão Lateral;2;;;;;;;;;;8;;;;
12/09/2015;16:41:00;228;sem vítima;652,3;BR-116/BA;Norte;Colisão Traseira;;;;;1;;;;;1;25;;;;
12/09/2015;06:15:00;55;sem vítima;789,8;BR-116/BA;Sul;Capotamento;;;;;;;;;;2;3;;;;
13/09/2015;00:17:00;1;com vítima;10,8;BR-116/BA - Cont VC;Norte;Colisão Frontal;1;;;;;;;;;1;1;2;;;1
13/09/2015;04:16:00;15;sem vítima;444,8;BR-116/BA;Sul;Saida de Pista;;;1;;;;;;;;1;;;;
13/09/2015;06:05:00;24;sem vítima;520,1;BR-324/BA;Oeste;Colisão Lateral;1;;1;;;;;;;;4;;;;
13/09/2015;14:01:00;123;sem vítima;551,8;BR-324/BA;Leste;Saida de Pista;1;;;;;;;;;;3;;;;
13/09/2015;15:15:00;138;sem vítima;559,9;BR-324/BA;Oeste;Colisão Lateral;1;;;;;1;;;;;3;;;;
13/09/2015;14:53:00;131;com vítima;588;BR-324/BA;Leste;Colisão Traseira;2;;;;;;;;;;3;;1;;
13/09/2015;03:22:00;13;sem vítima;616,8;BR-324/BA;Oeste;Colisão Traseira;1;;;;;1;;;;;2;;;;
13/09/2015;17:49:00;170;com vítima;760;BR-116/BA;Sul;Saida de Pista;1;;;;;;;;;;1;1;;;
13/09/2015;18:27:00;179;sem vítima;914;BR-116/BA;Sul;Colisão Lateral;1;;1;;;;;;;;2;;;;
14/09/2015;10:38:00;128;com vítima;428,1;BR-116/BA;Sul;Atropelamento de Pedestre;;;1;;;;;;;;1;;;1;
14/09/2015;10:32:00;123;sem vítima;561,9;BR-324/BA;Oeste;Saida de Pista;;;1;;;;;;;;1;;;;
14/09/2015;08:32:00;80;sem vítima;574,3;BR-324/BA;Oeste;Saida de Pista;;;;;;;;;;1;1;;;;
14/09/2015;11:57:00;156;com vítima;574,3;BR-324/BA;Leste;Saida de Pista;1;;;;;;;;;;0;1;;1;
14/09/2015;17:13:00;249;sem vítima;610;BR-324/BA;Oeste;Colisão Traseira;2;;;;;;;;;;6;;;;
14/09/2015;07:54:00;68;com vítima;543;BR-116/BA;Sul;Colisão Transversal;1;;;1;;;;;;;1;2;;;
15/09/2015;02:33:00;10;com vítima;3;BA-526;Norte;Saida de Pista;;;1;;;;;;;;0;1;;;
15/09/2015;22:28:00;271;com vítima;7;BA-526;Norte;Tombamento;;;1;;;;;;;;0;;1;;
15/09/2015;09:54:00;95;sem vítima;539,5;BR-324/BA;Leste;Saida de Pista;;;;;;;;;;1;1;;;;
15/09/2015;06:57:00;35;sem vítima;456;BR-116/BA;Norte;Saida de Pista;1;;;;;;;;;;1;;;;
15/09/2015;07:27:00;44;sem vítima;560,7;BR-324/BA;Oeste;Choque Contra Objeto Fixo;2;;;;;;;;;;3;;;;
15/09/2015;12:19:00;156;com vítima;814;BR-116/BA;Norte;Colisão Lateral;1;;;1;;;;;;;1;2;;;
15/09/2015;05:08:00;21;sem vítima;889,8;BR-116/BA;Sul;Saida de Pista;;;1;;;;;;;;1;;;;
15/09/2015;09:04:00;81;sem vítima;909;BR-116/BA;Norte;Colisão Lateral;1;;;;;;;;;1;2;;;;
16/09/2015;13:40:00;197;sem vítima;569,8;BR-324/BA;Oeste;Saida de Pista;1;;;;;;;;;;3;;;;
16/09/2015;16:58:00;264;sem vítima;625,1;BR-116/BA;Sul;Colisão Traseira;;;2;;;;;;;;2;;;;
17/09/2015;12:46:00;143;sem vítima;530,5;BR-324/BA;Oeste;Saida de Pista;1;;;;;;;;;;1;;;;
17/09/2015;17:16:00;203;sem vítima;618,8;BR-324/BA;Leste;Colisão Lateral;1;;1;;;;;;;;5;;;;
17/09/2015;07:20:00;33;sem vítima;622,9;BR-324/BA;Leste;Queda de Moto;;;;1;;;;;;;1;;;;
17/09/2015;12:05:00;135;sem vítima;623;BR-324/BA;Oeste;Colisão Traseira;1;;1;;;;;;;;2;;;;
17/09/2015;12:00:00;134;sem vítima;655,9;BR-116/BA;Norte;Colisão Traseira;1;;;;;;;;;1;3;;;;
18/09/2015;08:52:00;67;sem vítima;7;BA-526;Norte;Tombamento;;;1;;;;;;;;1;;;;
18/09/2015;11:08:00;120;sem vítima;583;BR-324/BA;Leste;Colisão Traseira;;;;;;;;;;2;2;;;;
18/09/2015;03:49:00;11;sem vítima;619,1;BR-324/BA;Oeste;Saida de Pista;;;;;1;;;;;;1;;;;
19/09/2015;11:07:00;114;sem vítima;519,8;BR-324/BA;Oeste;Colisão Traseira;;;2;;;;;;;;2;;;;
19/09/2015;09:24:00;74;sem vítima;530,5;BR-324/BA;Leste;Choque Contra Objeto Fixo;1;;;;;;;;;;2;;;;
19/09/2015;06:53:00;39;sem vítima;546,05;BR-324/BA;Oeste;Colisão Traseira;1;;1;;;;;;;;3;;;;
19/09/2015;18:26:00;211;sem vítima;599;BR-324/BA;Leste;Colisão Traseira;2;;;;;;;;;;6;;;;
19/09/2015;20:29:00;236;com vítima;532;BR-116/BA;Norte;Colisão Traseira;1;;;1;;;;;;;2;2;2;;
19/09/2015;16:01:00;179;com vítima;589;BR-116/BA;Norte;Saida de Pista;;;1;;;;;;;;0;;1;;
19/09/2015;07:05:00;42;com vítima;635,9;BR-116/BA;Sul;Queda de Moto;;;;1;;;;;;;0;1;;;
19/09/2015;18:07:00;206;sem vítima;842,3;BR-116/BA;Norte;Saida de Pista;1;;;;;;;;;;1;;;;
19/09/2015;11:15:00;118;sem vítima;923,2;BR-116/BA;Norte;Colisão Traseira;;;2;;;;;;;;2;;;;
20/09/2015;15:58:00;175;com vítima;2,8;BR-116/BA - ContSuFS;Norte;Saida de Pista;;;1;;;;;;;;0;1;;;
20/09/2015;05:11:00;25;com vítima;5;BR-116/BA - ContSuFS;Sul;Colisão Traseira;2;;;;;;;;;;0;1;1;;
20/09/2015;16:24:00;187;sem vítima;530;BR-324/BA;Oeste;Saida de Pista;1;;;;;;;;;;1;;;;
20/09/2015;16:09:00;180;sem vítima;560;BR-324/BA;Oeste;Colisão Lateral;2;;;;;;;;;;5;;;;
20/09/2015;08:48:00;70;sem vítima;497,8;BR-116/BA;Norte;Colisão Lateral;;;2;;;;;;;;3;;;;
20/09/2015;06:43:00;37;sem vítima;611,5;BR-324/BA;Oeste;Colisão Lateral;2;;;;;;;;;;5;;;;
20/09/2015;09:17:00;77;com vítima;641,9;BR-116/BA;Sul;Saida de Pista;;;1;;;;;;;;0;1;;;1
20/09/2015;15:22:00;168;sem vítima;698;BR-116/BA;Sul;Colisão Traseira;;;1;;1;;;;;;25;;;;
20/09/2015;18:34:00;220;com vítima;821,8;BR-116/BA;Norte;Queda de Moto;;;;1;;;;;;;0;2;;;
20/09/2015;04:48:00;21;com vítima;867,1;BR-116/BA;Norte;Colisão Lateral;1;;;;;1;;;;1;2;;;;1
21/09/2015;18:10:00;223;sem vítima;0,4;BA-528;Norte;Atropelamento de Animal;1;;;;;;;;;;5;;;;
21/09/2015;19:42:00;241;sem vítima;554;BR-324/BA;Leste;Saida de Pista;;;1;;;;;;;;1;;;;
21/09/2015;10:29:00;116;sem vítima;566,9;BR-324/BA;Oeste;Saida de Pista;;;1;;;;;;;;1;;;;
21/09/2015;13:37:00;158;sem vítima;569;BR-324/BA;Oeste;Capotamento;;;;;;;;;;1;1;;;;
21/09/2015;03:27:00;28;sem vítima;499,7;BR-116/BA;Sul;Saida de Pista;;;1;;;;;;;;1;;;;
21/09/2015;02:05:00;20;sem vítima;510,2;BR-116/BA;Norte;Colisão Lateral;2;;;;;;;;;;6;;;;
21/09/2015;02:07:00;21;sem vítima;601,2;BR-116/BA;Sul;Saida de Pista;1;;;;;;;;;;2;;;;
21/09/2015;17:23:00;214;sem vítima;714,6;BR-116/BA;Norte;Saida de Pista;1;;;;;;;;;;4;;;;
21/09/2015;09:26:00;95;com vítima;748,3;BR-116/BA;Sul;Colisão Traseira;1;;1;;;;;;;;2;1;;;
21/09/2015;09:01:00;90;sem vítima;828,3;BR-116/BA;Sul;Colisão Lateral;1;;1;;;;;;;;5;;;;
21/09/2015;19:06:00;236;com vítima;845,4;BR-116/BA;Sul;Colisão Frontal;2;;;;;;;;;;0;1;1;;
21/09/2015;06:21:00;40;sem vítima;910,05;BR-116/BA;Norte;Queda de Moto;;;;1;;;;;;;1;;;;
22/09/2015;07:09:00;36;sem vítima;538;BR-324/BA;Leste;Saida de Pista;1;;;;;;;;;;1;;;;
22/09/2015;09:05:00;76;com vítima;460;BR-116/BA;Sul;Colisão Frontal;1;;;1;;;;;;;1;;;;1
22/09/2015;18:30:00;219;sem vítima;571;BR-324/BA;Leste;Capotamento;1;;;;;;;;;;2;;;;
22/09/2015;06:30:00;20;com vítima;529;BR-116/BA;Norte;Colisão Traseira;;;;1;;1;;;;;2;;;1;
22/09/2015;23:23:00;275;sem vítima;622,8;BR-324/BA;Leste;Saida de Pista;;;1;;;;;;;;1;;;;
22/09/2015;08:35:00;65;sem vítima;564,9;BR-116/BA;Sul;Colisão Traseira;;;1;;1;;;;;;38;;;;
22/09/2015;12:02:00;136;sem vítima;689,3;BR-116/BA;Sul;Colisão Traseira;;;2;;;;;;;;2;;;;
23/09/2015;14:29:00;193;sem vítima;5,5;BA-526;Norte;Saida de Pista;;;;;;1;;;;1;2;;;;
23/09/2015;16:11:00;211;com vítima;587;BR-324/BA;Leste;Capotamento;;;;;;;;;;1;0;1;;;
23/09/2015;09:30:00;99;sem vítima;621,5;BR-324/BA;Leste;Engavetamento;2;;;;;1;;;;;5;;;;
23/09/2015;20:41:00;270;sem vítima;622,5;BR-324/BA;Leste;Queda de Moto;;;;1;;;;;;;1;;;;
23/09/2015;08:03:00;58;sem vítima;623,05;BR-324/BA;Leste;Engavetamento;1;;1;1;;;;;;1;6;;;;
23/09/2015;09:58:00;116;sem vítima;613,2;BR-116/BA;Sul;Colisão Traseira;;;2;;;;;;;;2;;;;
23/09/2015;09:39:00;101;sem vítima;818,6;BR-116/BA;Sul;Engavetamento;4;;;;;;;;;;9;;;;
24/09/2015;06:41:00;36;com vítima;15,6;BR-116/BA - Cont VC;Sul;Colisão Traseira;;;;2;;;;;;;3;1;;;
24/09/2015;12:57:00;178;com vítima;428,2;BR-116/BA;Norte;Atropelamento de Pedestre;;;1;;;;;;;;1;;;;1
24/09/2015;21:08:00;297;sem vítima;720,1;BR-116/BA;Sul;Tombamento;;;1;;;;;;;;1;;;;
25/09/2015;23:28:00;287;com vítima;0;BR-116/BA - ContSuFS;Norte;Queda de Moto;;;;1;;;;;;;0;1;;;
25/09/2015;13:16:00;155;com vítima;24,05;BR-116/BA - Cont VC;Norte;Colisão Lateral;1;;;1;;;;;;;1;1;1;;
25/09/2015;10:30:00;103;sem vítima;525;BR-324/BA;Oeste;Colisão Lateral;1;;1;;;;;;;;3;;;;
25/09/2015;13:35:00;159;sem vítima;557;BR-324/BA;Leste;Saida de Pista;1;;;;;;;;;;2;;;;
25/09/2015;13:46:00;165;com vítima;565;BR-324/BA;Oeste;Saida de Pista;1;;;;;;;;;;0;;1;;
25/09/2015;14:14:00;171;sem vítima;624,5;BR-324/BA;Leste;Queda de Moto;;;;1;;;;;;;1;;;;
25/09/2015;08:44:00;71;sem vítima;617,3;BR-116/BA;Sul;Colisão Traseira;;;2;;;;;;;;2;;;;
25/09/2015;11:20:00;123;sem vítima;896,3;BR-116/BA;Sul;Queda de Moto;;;;1;;;;;;;2;;;;
25/09/2015;00:51:00;8;sem vítima;905,2;BR-116/BA;Norte;Colisão Lateral;1;;1;;;;;;;;2;;;;
26/09/2015;16:28:00;189;sem vítima;1,3;BR-116/BA - ContSuFS;Norte;Colisão Lateral;2;;;;;;;;;;2;;;;
26/09/2015;07:22:00;43;sem vítima;523,2;BR-324/BA;Leste;Tombamento;;;1;;;;;;;;1;;;;
26/09/2015;00:09:00;3;com vítima;455,1;BR-116/BA;Sul;Capotamento;1;;;;;;;;;;1;2;;;
26/09/2015;02:48:00;20;sem vítima;549;BR-324/BA;Leste;Colisão Lateral;1;;1;;;;;;;;2;;;;
26/09/2015;08:08:00;50;com vítima;584;BR-324/BA;Oeste;Saida de Pista;1;;;;;;;;;;1;;2;;
26/09/2015;04:58:00;24;com vítima;611;BR-324/BA;Oeste;Saida de Pista;1;;;;;;;;;;0;1;;;
26/09/2015;17:42:00;202;sem vítima;619;BR-324/BA;Leste;Atropelamento de Animal;;;;1;;;;;;;2;;;;
26/09/2015;16:27:00;188;com vítima;596,2;BR-116/BA;Sul;Tombamento;;;1;;;;;;;;0;;1;;
26/09/2015;22:13:00;257;com vítima;668,3;BR-116/BA;Sul;Atropelamento de Pedestre;;;;;;1;;;;;1;;;;1
26/09/2015;12:45:00;140;com vítima;747;BR-116/BA;Norte;Saida de Pista;1;;;;;;;;;;1;1;;;
26/09/2015;03:19:00;21;sem vítima;775,2;BR-116/BA;Norte;Saida de Pista;1;;;;;;;;;;1;;;;
26/09/2015;20:00:00;231;com vítima;810,15;BR-116/BA;Sul;Queda de Moto;;;;1;;;;;;;0;2;;;
26/09/2015;19:35:00;223;com vítima;819,2;BR-116/BA;Sul;Queda de Moto;;;;1;;;;;;;0;1;;;
26/09/2015;11:28:00;122;sem vítima;931,4;BR-116/BA;Sul;Engavetamento;;;4;;;;;;;;4;;;;
27/09/2015;16:04:00;157;com vítima;428;BR-116/BA;Norte;Queda de Moto;;;;1;;;;;;;0;1;;;
27/09/2015;14:58:00;143;sem vítima;519,2;BR-324/BA;Oeste;Saida de Pista;1;;;;;1;;;;;2;;;;
27/09/2015;17:32:00;174;sem vítima;555,5;BR-324/BA;Oeste;Saida de Pista;1;;;;;;;;;;1;;;;
27/09/2015;09:16:00;76;sem vítima;596,8;BR-324/BA;Leste;Engavetamento;2;;;;;;;;;1;10;;;;
27/09/2015;22:29:00;241;com vítima;574,5;BR-116/BA;Sul;Atropelamento de Pedestre;;;;;;;;;;;0;;;1;
27/09/2015;04:37:00;35;sem vítima;910;BR-116/BA;Norte;Colisão Traseira;2;;;;;;;;;;7;;;;
28/09/2015;12:06:00;150;sem vítima;434,3;BR-116/BA;Norte;Saida de Pista;;;1;;;;;;;;1;;;;
28/09/2015;02:23:00;16;sem vítima;454;BR-116/BA;Norte;Atropelamento de Animal;;;1;;;;;;;;1;;;;
28/09/2015;20:19:00;279;sem vítima;558,1;BR-324/BA;Leste;Saida de Pista;;;;;;;;;;1;4;;;;
28/09/2015;11:02:00;129;sem vítima;603,6;BR-324/BA;Oeste;Colisão Traseira;1;;;;1;;;;;;41;;;;
28/09/2015;07:37:00;60;sem vítima;607,6;BR-324/BA;Leste;Colisão Traseira;1;;;;;1;;;;;2;;;;
28/09/2015;08:18:00;72;sem vítima;614;BR-324/BA;Leste;Engavetamento;2;;;;;1;;;;;6;;;;
28/09/2015;01:21:00;10;com vítima;618;BR-324/BA;Oeste;Saida de Pista;1;;;;;;;;;;0;1;;;
28/09/2015;21:52:00;301;sem vítima;620,9;BR-324/BA;Leste;Colisão Lateral;1;;1;;;;;;;;2;;;;
28/09/2015;07:13:00;52;sem vítima;621;BR-324/BA;Leste;Colisão Traseira;;;1;1;;;;;;;2;;;;
28/09/2015;17:35:00;241;com vítima;583,9;BR-116/BA;Norte;Saida de Pista;;;1;;;;;;;;0;;1;;
28/09/2015;16:25:00;230;sem vítima;659;BR-116/BA;Norte;Saida de Pista;;;;;;;;;;1;4;;;;
28/09/2015;07:14:00;53;com vítima;785,7;BR-116/BA;Sul;Atropelamento de Pedestre;;;1;;;;;;;;1;;;;1