data;horario;n_da_ocorrencia;tipo_de_ocorrencia;km;trecho;sentido;tipo_de_acidente;automovel;bicicleta;caminhao;moto;onibus;outros;tracao_animal;transporte_de_cargas_especiais;trator_maquinas;utilitarios;ilesos;levemente_feridos;moderadamente_feridos;gravemente_feridos;mortos
28/09/2015;09:15:00;92;sem vítima;846,5;BR-116/BA;Sul;Colisão Lateral;;;1;;;1;;;;;2;;;;
29/09/2015;18:53:00;237;sem vítima;427;BR-116/BA;Sul;Engavetamento;;;1;;;1;;;;2;4;;;;
29/09/2015;14:57:00;176;com vítima;579,9;BR-324/BA;Oeste;Saida de Pista;;;;;;;;;;1;0;2;;;
29/09/2015;11:23:00;129;sem vítima;611,7;BR-324/BA;Leste;Colisão Lateral;1;;2;;;1;;;;;5;;;;
29/09/2015;06:39:00;42;sem vítima;616,8;BR-324/BA;Leste;Queda de Moto;;;;1;;;;;;;1;;;;
29/09/2015;16:55:00;209;sem vítima;617,5;BR-324/BA;Oeste;Colisão Lateral;1;;;;;1;;;;;2;;;;
29/09/2015;17:40:00;214;sem vítima;619;BR-324/BA;Oeste;Colisão Traseira;1;;1;;;;;;;;2;;;;
29/09/2015;07:20:00;53;com vítima;765,9;BR-116/BA;Sul;Saida de Pista;;;;;;;;;;1;9;7;;;
29/09/2015;06:07:00;33;sem vítima;927,6;BR-116/BA;Norte;Colisão Lateral;;;2;;;;;;;;4;;;;
30/09/2015;18:58:00;276;sem vítima;528,1;BR-324/BA;Leste;Colisão Traseira;;;2;;;;;;;;2;;;;
30/09/2015;19:40:00;291;sem vítima;543;BR-324/BA;Oeste;Saida de Pista;1;;;;;;;;;;1;;;;
30/09/2015;19:09:00;279;com vítima;551,8;BR-324/BA;Leste;Capotamento;1;;;;;;;;;;0;1;;;
30/09/2015;17:47:00;263;com vítima;484,2;BR-116/BA;Sul;Saida de Pista;1;;;;;;;;;;0;1;;;
30/09/2015;11:48:00;152;sem vítima;493;BR-116/BA;Sul;Colisão Lateral;1;;1;;;;;;;;2;;;;
30/09/2015;11:51:00;154;sem vítima;853,5;BR-116/BA;Norte;Saida de Pista;;;1;;;;;;;;1;;;;
01/10/2015;00:02:00;1;sem vítima;18,5;BR-116/BA - Cont VC;Norte;Atropelamento de Animal;1;;;;;;;;;;1;;;;
01/10/2015;11:35:00;115;sem vítima;2,8;BR-116/BA - ContSuFS;Sul;Saida de Pista;1;;;;;;;;;;1;;;;
01/10/2015;15:03:00;161;com vítima;459,2;BR-116/BA;Sul;Colisão Lateral;;;;1;;1;;;;;1;;1;;
01/10/2015;21:10:00;265;sem vítima;520,3;BR-116/BA;Norte;Atropelamento de Animal;1;;;;;;;;;;3;;;;
02/10/2015;04:20:00;19;sem vítima;569,5;BR-324/BA;Leste;Colisão Traseira;;;2;;;;;;;;2;;;;
02/10/2015;14:28:00;137;com vítima;435;BR-116/BA;Sul;Saida de Pista;1;;;;;;;;;;1;1;;;
02/10/2015;14:29:00;138;sem vítima;590,8;BR-324/BA;Oeste;Engavetamento;3;;;;;;;;;;3;;;;
02/10/2015;17:32:00;189;com vítima;613,7;BR-324/BA;Leste;Colisão Lateral;1;;;2;;;;;;;5;1;;;
02/10/2015;17:49:00;195;com vítima;535,1;BR-324/BA;Oeste;Atropelamento de Pedestre;;;;;;1;;;;;1;;1;;
02/10/2015;18:26:00;210;com vítima;595,5;BR-324/BA;Oeste;Engavetamento;2;;;;;1;;;;;3;1;;;
03/10/2015;05:40:00;30;sem vítima;544,5;BR-324/BA;Leste;Colisão Traseira;1;;;;;1;;;;;4;;;;
03/10/2015;08:35:00;75;sem vítima;584,5;BR-116/BA;Sul;Colisão Traseira;;;2;;;;;;;;2;;;;
03/10/2015;19:49:00;267;com vítima;4;BR-116/BA - ContSuFS;Norte;Capotamento;1;;;;;;;;;;1;;1;;
03/10/2015;20:10:00;268;com vítima;618;BR-324/BA;Oeste;Choque Contra Objeto Fixo;1;;;;;;;;;;0;1;;;
03/10/2015;21:33:00;289;sem vítima;622;BR-324/BA;Oeste;Colisão Traseira;2;;;;;;;;;;3;;;;
04/10/2015;01:27:00;10;sem vítima;543;BR-324/BA;Oeste;Saida de Pista;1;;;;;;;;;;1;;;;
04/10/2015;05:43:00;33;sem vítima;815,5;BR-116/BA;Norte;Saida de Pista;1;;;;;;;;;;1;;;;
04/10/2015;07:36:00;58;sem vítima;819,05;BR-116/BA;Norte;Tombamento;;;1;;;;;;;;1;;;;
04/10/2015;09:38:00;74;sem vítima;626;BR-324/BA;Leste;Colisão Traseira;2;;;;;;;;;;6;;;;
04/10/2015;12:05:00;108;com vítima;29,6;BR-116/BA - Cont VC;Norte;Queda de Moto;;;;1;;;;;;;0;1;;;
04/10/2015;13:06:00;121;com vítima;785,2;BR-116/BA;Sul;Queda de Moto;;;1;1;;1;;;;;2;;;1;
04/10/2015;14:45:00;141;sem vítima;540;BR-116/BA;Norte;Colisão Lateral;2;;;;;;;;;;5;;;;
04/10/2015;20:19:00;232;com vítima;27,5;BR-116/BA - Cont VC;Norte;Colisão Traseira;;;;1;;1;;;;;1;;1;;
05/10/2015;07:38:00;61;com vítima;615,2;BR-324/BA;Leste;Colisão Traseira;2;;;;;1;;;;;5;1;;;
05/10/2015;07:40:00;65;sem vítima;613,05;BR-324/BA;Leste;Engavetamento;3;;;;;;;;;;4;;;;
05/10/2015;07:50:00;66;sem vítima;612,5;BR-324/BA;Leste;Colisão Traseira;1;;;;;2;;;;;4;;;;
05/10/2015;08:24:00;81;sem vítima;610,3;BR-324/BA;Leste;Engavetamento;3;;;;;;;;;;4;;;;
05/10/2015;13:56:00;166;sem vítima;602,1;BR-324/BA;Leste;Saida de Pista;;;;;;;;;;1;2;;;;
05/10/2015;16:49:00;219;sem vítima;521;BR-324/BA;Oeste;Engavetamento;1;;2;;;;;;;;5;;;;
05/10/2015;17:08:00;226;com vítima;583;BR-324/BA;Leste;Outros;;;;;1;;;;;;30;1;2;;
05/10/2015;22:13:00;282;sem vítima;433;BR-116/BA;Sul;Colisão Traseira;;;2;;;;;;;;2;;;;
06/10/2015;01:59:00;9;sem vítima;579;BR-116/BA;Norte;Tombamento;;;1;;;;;;;;1;;;;
06/10/2015;06:43:00;35;com vítima;4;BR-116/BA - ContSuFS;Norte;Colisão Lateral;;;;2;;;;;;;0;2;;;
06/10/2015;06:47:00;36;sem vítima;610,2;BR-324/BA;Oeste;Engavetamento;3;;;;;;;;;1;6;;;;
06/10/2015;08:09:00;61;com vítima;6,7;BR-116/BA - ContSuFS;Norte;Queda de Moto;;;;1;;;;;;;0;1;;;
06/10/2015;09:56:00;118;sem vítima;577;BR-324/BA;Oeste;Saida de Pista;;;;;;;;;;1;1;;;;
06/10/2015;18:56:00;243;com vítima;673;BR-116/BA;Norte;Colisão Transversal;;;;1;;1;;;;;5;1;;;
06/10/2015;21:42:00;279;com vítima;580;BR-116/BA;Sul;Queda de Moto;;;;1;;;;;;;0;1;;;
07/10/2015;01:57:00;8;com vítima;849,7;BR-116/BA;Norte;Saida de Pista;;;;;;2;;;;1;2;1;;;
07/10/2015;03:09:00;12;sem vítima;619,1;BR-324/BA;Oeste;Saida de Pista;1;;;;;;;;;;2;;;;
07/10/2015;03:37:00;14;sem vítima;571,05;BR-116/BA;Sul;Saida de Pista;;;;;;;;;;1;4;;;;
07/10/2015;04:56:00;19;sem vítima;604,8;BR-324/BA;Leste;Colisão Traseira;;;1;;;1;;;;;2;;;;
07/10/2015;13:12:00;170;sem vítima;628,2;BR-116/BA;Norte;Colisão Traseira;;;;;1;;;;;1;4;;;;
07/10/2015;13:55:00;175;sem vítima;622,2;BR-324/BA;Oeste;Capotamento;1;;;;;;;;;;1;;;;
07/10/2015;15:10:00;192;sem vítima;676,2;BR-116/BA;Norte;Colisão Lateral;1;;;;;1;;;;;2;;;;
07/10/2015;16:34:00;214;sem vítima;779,2;BR-116/BA;Norte;Colisão Transversal;1;;;;;1;;;;;4;;;;
07/10/2015;18:24:00;247;sem vítima;619;BR-324/BA;Oeste;Engavetamento;4;;;;;;;;;;11;;;;
07/10/2015;19:28:00;259;sem vítima;598;BR-324/BA;Oeste;Saida de Pista;;;;;;;;;;1;1;;;;
07/10/2015;19:53:00;262;com vítima;16,3;BR-116/BA - Cont VC;Sul;Colisão Transversal;2;;;;;;;;;;0;4;;;
07/10/2015;21:51:00;280;sem vítima;599;BR-324/BA;Leste;Colisão Lateral;;;2;;;;;;;;2;;;;
08/10/2015;03:37:00;22;sem vítima;624;BR-324/BA;Oeste;Saida de Pista;1;;;;;;;;;;1;;;;
08/10/2015;14:57:00;201;com vítima;851,5;BR-116/BA;Sul;Colisão Transversal;1;;1;;;;;;;;1;1;1;;
08/10/2015;15:50:00;214;sem vítima;532;BR-324/BA;Leste;Colisão Lateral;1;;1;;;1;;;;;3;;;;
08/10/2015;19:56:00;269;sem vítima;446,15;BR-116/BA;Norte;Atropelamento de Animal;;;1;;;;;;;;1;;;;
08/10/2015;21:12:00;277;com vítima;583,6;BR-324/BA;Oeste;Atropelamento de Animal;1;;;;;;;;;;1;1;;;
08/10/2015;21:38:00;282;sem vítima;583,6;BR-324/BA;Oeste;Atropelamento de Animal;;;1;;;;;;;;1;;;;
09/10/2015;02:34:00;19;sem vítima;596,05;BR-116/BA;Norte;Colisão Lateral;;;1;;;1;;;;;2;;;;
09/10/2015;04:58:00;29;sem vítima;812,5;BR-116/BA;Sul;Saida de Pista;1;;;;;;;;;;4;;;;
09/10/2015;06:17:00;41;sem vítima;555,2;BR-324/BA;Oeste;Queda de Moto;;;;1;;;;;;;1;;;;
09/10/2015;06:36:00;43;sem vítima;592,7;BR-116/BA;Sul;Saida de Pista;;;1;;;;;;;;1;;;;
09/10/2015;09:04:00;78;sem vítima;561,3;BR-324/BA;Leste;Colisão Traseira;2;;;;;1;;;;;3;;;;
09/10/2015;10:33:00;104;sem vítima;561,3;BR-324/BA;Leste;Saida de Pista;;;1;;;;;;;;1;;;;
09/10/2015;10:55:00;110;sem vítima;592,1;BR-324/BA;Leste;Choque Contra Objeto Fixo;1;;;;;;;;;;4;;;;
09/10/2015;15:44:00;174;sem vítima;562,2;BR-324/BA;Oeste;Colisão Traseira;;;1;;;;;;;1;7;;;;
09/10/2015;16:32:00;198;com vítima;631;BR-116/BA;Norte;Queda de Moto;;;;1;;;;;;;0;1;;;
09/10/2015;17:33:00;217;sem vítima;874;BR-116/BA;Sul;Saida de Pista;1;;;;;1;;;;;5;;;;
09/10/2015;21:48:00;275;com vítima;7;BR-116/BA - ContSuFS;Sul;Queda de Moto;;;;1;;;;;;;0;1;;;
10/10/2015;00:53:00;9;com vítima;460;BR-116/BA;Sul;Queda de Moto;;;;1;;;;;;;0;;1;;
10/10/2015;02:12:00;17;com vítima;693,8;BR-116/BA;Norte;Saida de Pista;;;1;;;;;;;1;1;1;;;
10/10/2015;03:26:00;20;sem vítima;464;BR-116/BA;Sul;Colisão Traseira;;;3;;;;;;;;3;;;;
10/10/2015;05:33:00;29;sem vítima;595,2;BR-324/BA;Oeste;Saida de Pista;1;;;;;;;;;;4;;;;
10/10/2015;07:28:00;66;sem vítima;621;BR-324/BA;Oeste;Queda de Moto;;;;1;;;;;;;1;;;;
10/10/2015;07:31:00;67;sem vítima;522;BR-324/BA;Leste;Queda de Moto;;;;1;;;;;;;1;;;;
10/10/2015;10:10:00;102;sem vítima;561,9;BR-324/BA;Oeste;Colisão Traseira;1;;1;;;;;;;;2;;;;
10/10/2015;13:50:00;162;sem vítima;715,1;BR-116/BA;Norte;Saida de Pista;;;1;;;;;;;;2;;;;
10/10/2015;16:35:00;205;com vítima;908;BR-116/BA;Sul;Atropelamento de Pedestre;;;;;;1;;;;;1;1;;;
10/10/2015;16:50:00;206;sem vítima;589;BR-324/BA;Leste;Choque Contra Objeto Fixo;1;;;;;;;;;;1;;;;
10/10/2015;17:52:00;222;sem vítima;624,8;BR-324/BA;Oeste;Engavetamento;2;;;;1;;;;;;50;;;;
10/10/2015;18:46:00;232;com vítima;9,1;BR-116/BA - Cont VC;Sul;Atropelamento de Animal;1;;;;;;;;;;1;1;;;
10/10/2015;22:05:00;265;sem vítima;578,15;BR-324/BA;Oeste;Saida de Pista;1;;;;;;;;;;1;;;;
11/10/2015;00:29:00;8;com vítima;858,3;BR-116/BA;Sul;Saida de Pista;1;;;;;;;;;;0;;;1;
11/10/2015;06:40:00;27;sem vítima;694,5;BR-116/BA;Norte;Saida de Pista;1;;;;;;;;;;1;;;;
11/10/2015;07:16:00;36;com vítima;653,2;BR-116/BA;Sul;Choque Contra Objeto Fixo;;;1;1;;;;;;;1;;1;;
11/10/2015;15:30:00;139;sem vítima;576;BR-324/BA;Leste;Saida de Pista;1;;;;;;;;;;1;;;;
11/10/2015;16:34:00;154;sem vítima;819,1;BR-116/BA;Norte;Colisão Traseira;;;1;;;1;;;;;2;;;;
11/10/2015;18:54:00;186;com vítima;9,6;BR-116/BA - Cont VC;Sul;Colisão Transversal;2;;;;;;;;;;0;5;;;
11/10/2015;20:59:00;201;com vítima;520,5;BR-116/BA;Sul;Queda de Moto;;;;1;;;;;;;0;;;1;
12/10/2015;07:05:00;41;com vítima;571;BR-116/BA;Sul;Saida de Pista;;;1;;;;;;;;0;1;;;
12/10/2015;07:19:00;42;sem vítima;567,9;BR-324/BA;Leste;Colisão Traseira;1;;;;;1;;;;;2;;;;
12/10/2015;08:31:00;53;sem vítima;579,6;BR-116/BA;Sul;Saida de Pista;1;;;;;;;;;;1;;;;
12/10/2015;10:43:00;99;sem vítima;531,8;BR-116/BA;Sul;Engavetamento;1;;1;;;;;;;1;7;;;;
12/10/2015;14:59:00;160;com vítima;787,5;BR-116/BA;Norte;Colisão Traseira;;;;1;;1;;;;;1;1;;;
12/10/2015;15:50:00;181;com vítima;537;BR-324/BA;Oeste;Colisão Lateral;2;;;;;;;;;;6;;2;;
12/10/2015;16:26:00;195;sem vítima;578;BR-324/BA;Leste;Colisão Traseira;2;;;;;;;;;;6;;;;
12/10/2015;16:46:00;204;sem vítima;577;BR-324/BA;Leste;Engavetamento;1;;;;;3;;;;;7;;;;
12/10/2015;16:57:00;209;sem vítima;576;BR-324/BA;Leste;Colisão Traseira;2;;;;;;;;;;3;;;;
12/10/2015;17:40:00;227;com vítima;568;BR-324/BA;Leste;Colisão Lateral;1;;;;;1;;;;;5;1;;;
12/10/2015;18:06:00;233;sem vítima;571;BR-324/BA;Leste;Engavetamento;1;;;;;2;;;;;3;;;;
12/10/2015;18:07:00;235;sem vítima;17,2;BR-116/BA - Cont VC;Norte;Colisão Transversal;1;;;1;;;;;;;4;;;;
12/10/2015;18:58:00;253;sem vítima;594;BR-324/BA;Leste;Colisão Traseira;1;;;;;1;;;;;5;;;;
12/10/2015;19:23:00;263;sem vítima;817,12;BR-116/BA;Norte;Saida de Pista;1;;;;;;;;;;5;;;;
12/10/2015;20:45:00;275;sem vítima;519,8;BR-116/BA;Norte;Colisão Lateral;1;;;;;1;;;;;3;;;;
12/10/2015;23:01:00;312;com vítima;0,1;BR-116/BA - Cont VC;Norte;Colisão Traseira;;;;1;;1;;;;;1;1;;;1
13/10/2015;05:40:00;37;sem vítima;5;BR-116/BA - ContSuFS;Sul;Atropelamento de Animal;1;;;;;;;;;;1;;;;
13/10/2015;06:58:00;70;sem vítima;602,3;BR-324/BA;Leste;Engavetamento;3;;;;;;;;;;8;;;;
13/10/2015;07:21:00;77;com vítima;576,6;BR-324/BA;Leste;Engavetamento;4;;;;;;;;;;12;;1;;
13/10/2015;07:39:00;84;sem vítima;537;BR-324/BA;Oeste;Colisão Traseira;2;;;;;1;;;;;4;;;;
13/10/2015;07:48:00;88;sem vítima;830,5;BR-116/BA;Norte;Engavetamento;3;;;;;;;;;;12;;;;
13/10/2015;08:25:00;116;sem vítima;577,2;BR-324/BA;Leste;Colisão Traseira;2;;;;;;;;;;2;;;;
13/10/2015;10:15:00;134;sem vítima;553,3;BR-324/BA;Oeste;Colisão Traseira;1;;;;;1;;;;;3;;;;
13/10/2015;10:32:00;143;sem vítima;622,1;BR-324/BA;Oeste;Queda de Moto;;;;1;;;;;;;2;;;;
13/10/2015;11:23:00;161;sem vítima;550;BR-116/BA;Norte;Colisão Traseira;1;;;;;;;;;1;4;;;;
13/10/2015;11:51:00;164;sem vítima;519,6;BR-324/BA;Oeste;Engavetamento;2;;;;;;;;;1;3;;;;
13/10/2015;19:41:00;296;sem vítima;605;BR-324/BA;Oeste;Atropelamento de Animal;2;;;;;;;;;;3;;;;
14/10/2015;04:33:00;20;com vítima;696;BR-116/BA;Sul;Saida de Pista;;;1;;;;;;;;0;;1;;
14/10/2015;06:45:00;41;sem vítima;877;BR-116/BA;Sul;Saida de Pista;;;1;;;;;;;;1;;;;
14/10/2015;07:30:00;53;com vítima;564,1;BR-116/BA;Norte;Saida de Pista;1;;;;;;;;;;0;2;;;
14/10/2015;10:53:00;114;com vítima;435;BR-116/BA;Sul;Queda de Moto;;;;1;;;;;;;0;;1;;
14/10/2015;11:52:00;129;com vítima;455;BR-116/BA;Norte;Saida de Pista;1;;;;;;;;;;1;;1;;
14/10/2015;12:05:00;134;sem vítima;547;BR-116/BA;Norte;Colisão Traseira;1;;1;;;;;;;;4;;;;
14/10/2015;15:40:00;191;sem vítima;565;BR-324/BA;Oeste;Capotamento;;;;;;;;;;1;1;;;;
14/10/2015;16:01:00;197;sem vítima;597;BR-324/BA;Oeste;Saida de Pista;1;;;;;;;;;;1;;;;
14/10/2015;20:50:00;259;sem vítima;530,1;BR-324/BA;Leste;Choque Contra Objeto Fixo;;;1;;;;;;;;1;;;;
15/10/2015;07:09:00;58;sem vítima;622,9;BR-324/BA;Leste;Engavetamento;5;;;;;;;;;;7;;;;
15/10/2015;07:41:00;65;sem vítima;550,4;BR-324/BA;Oeste;Saida de Pista;;;1;;;;;;;;1;;;;
15/10/2015;08:47:00;89;sem vítima;613,3;BR-324/BA;Leste;Colisão Traseira;1;;;1;;;;;;;3;;;;
15/10/2015;14:23:00;229;com vítima;12,2;BR-116/BA - Cont VC;Norte;Colisão Transversal;1;;;1;;;;;;;2;;1;;
15/10/2015;17:01:00;262;sem vítima;605;BR-324/BA;Leste;Colisão Traseira;2;;;;;;;;;;4;;;;
15/10/2015;18:16:00;291;sem vítima;583,7;BR-324/BA;Oeste;Colisão Traseira;1;;;;;1;;;;;2;;;;
15/10/2015;18:58:00;311;com vítima;751;BR-116/BA;Norte;Capotamento;1;;;;;;;;;;0;1;;;
16/10/2015;10:28:00;102;sem vítima;602;BR-116/BA;Norte;Saida de Pista;1;;;;;;;;;;1;;;;
16/10/2015;15:53:00;193;sem vítima;521,05;BR-324/BA;Oeste;Queda de Moto;;;;1;;;;;;;1;;;;
16/10/2015;16:26:00;207;sem vítima;615;BR-324/BA;Leste;Engavetamento;2;;1;;;;;;;2;8;;;;
16/10/2015;18:13:00;231;com vítima;518;BR-324/BA;Leste;Atropelamento - Ciclista;;1;;;;;;;;;0;;;;1
16/10/2015;18:36:00;237;com vítima;18;BR-116/BA - Cont VC;Sul;Queda de Moto;;;;1;;;;;;;0;1;;;
17/10/2015;04:22:00;27;com vítima;428,4;BR-116/BA;Norte;Saida de Pista;;;1;;;;;;;;0;1;;;
17/10/2015;08:08:00;65;sem vítima;482,3;BR-116/BA;Sul;Colisão Traseira;;;1;;;;;;;1;4;;;;
17/10/2015;11:41:00;124;com vítima;8,5;BA-526;Norte;Colisão Frontal;1;;;;;1;;;;;1;1;;;
17/10/2015;16:26:00;185;com vítima;675,3;BR-116/BA;Sul;Colisão Traseira;1;;;1;;;;;;;1;;;1;
17/10/2015;23:40:00;274;sem vítima;607;BR-324/BA;Leste;Colisão Traseira;1;;;;;1;;;;;2;;;;
18/10/2015;01:41:00;9;sem vítima;615,5;BR-324/BA;Leste;Colisão Traseira;1;;;;;1;;;;;2;;;;
18/10/2015;04:02:00;18;com vítima;856,7;BR-116/BA;Sul;Saida de Pista;;;1;;;;;;;;0;1;;;
18/10/2015;06:22:00;34;sem vítima;706,3;BR-116/BA;Sul;Colisão Lateral;1;;2;;;;;;;;4;;;;
18/10/2015;08:04:00;53;sem vítima;555;BR-324/BA;Oeste;Saida de Pista;1;;;;;;;;;;3;;;;
18/10/2015;09:08:00;71;sem vítima;711,6;BR-116/BA;Norte;Saida de Pista;1;;;;;;;;;;1;;;;
18/10/2015;12:09:00;114;sem vítima;583;BR-324/BA;Leste;Saida de Pista;1;;;;;;;;;;4;;;;
18/10/2015;15:33:00;161;sem vítima;532,3;BR-324/BA;Oeste;Saida de Pista;1;;;;;;;;;;1;;;;
18/10/2015;16:17:00;178;sem vítima;518;BR-324/BA;Leste;Saida de Pista;1;;;;;;;;;;1;;;;
18/10/2015;17:07:00;184;sem vítima;520,1;BR-324/BA;Leste;Colisão Traseira;1;;1;;;;;;;;2;;;;
18/10/2015;19:03:00;211;sem vítima;545,15;BR-324/BA;Leste;Colisão Lateral;1;;1;;;;;;;;3;;;;
18/10/2015;19:29:00;217;sem vítima;684,3;BR-116/BA;Norte;Saida de Pista;;;1;;;;;;;;3;;;;
18/10/2015;19:52:00;221;sem vítima;547,2;BR-324/BA;Leste;Capotamento;1;;;;;;;;;;1;;;;
18/10/2015;20:58:00;236;sem vítima;1;BR-116/BA - ContSuFS;Norte;Colisão Transversal;1;;1;;;;;;;;4;;;;
18/10/2015;21:12:00;237;sem vítima;529;BR-324/BA;Leste;Queda de Moto;;;;1;;;;;;;1;;;;
18/10/2015;21:43:00;243;com vítima;810,7;BR-116/BA;Sul;Atropelamento - Ciclista;;1;;;;1;;;;;1;;;1;
19/10/2015;08:23:00;70;sem vítima;426,2;BR-116/BA;Norte;Engavetamento;3;;;;;;;;;;3;;;;
19/10/2015;09:28:00;91;com vítima;624,1;BR-324/BA;Leste;Queda de Moto;;;;1;;;;;;;0;1;;;
19/10/2015;09:56:00;106;sem vítima;652,4;BR-116/BA;Norte;Colisão Transversal;2;;;;;;;;;;3;;;;
19/10/2015;16:57:00;191;sem vítima;818,7;BR-116/BA;Norte;Colisão Traseira;1;;1;;;;;;;;2;;;;
19/10/2015;17:03:00;194;sem vítima;522,5;BR-324/BA;Leste;Colisão Traseira;1;;;1;;;;;;;3;;;;
19/10/2015;19:53:00;233;sem vítima;524;BR-324/BA;Leste;Choque Contra Objeto Fixo;1;;;;;1;;;;;6;;;;
19/10/2015;20:29:00;237;com vítima;625;BR-324/BA;Leste;Queda de Moto;;;;1;;1;;;;;1;;;;1
20/10/2015;04:55:00;17;com vítima;580;BR-324/BA;Leste;Colisão Traseira;;;1;;1;;;;;;17;2;2;;
20/10/2015;06:00:00;21;sem vítima;465,8;BR-116/BA;Sul;Saida de Pista;1;;;;;;;;;;1;;;;
20/10/2015;06:55:00;37;sem vítima;595,3;BR-324/BA;Leste;Engavetamento;2;;1;;;;;;;;7;;;;
20/10/2015;08:26:00;65;sem vítima;528,1;BR-324/BA;Oeste;Saida de Pista;1;;;;;;;;;;1;;;;
20/10/2015;08:28:00;67;sem vítima;618;BR-324/BA;Leste;Engavetamento;3;;;;;;;;;;3;;;;
20/10/2015;10:14:00;107;sem vítima;619;BR-324/BA;Leste;Engavetamento;2;;;;;1;;;;;3;;;;
20/10/2015;15:31:00;172;com vítima;534;BR-324/BA;Oeste;Choque Contra Objeto Fixo;;;;1;;;;;;;0;1;;;
20/10/2015;16:00:00;183;com vítima;532;BR-324/BA;Oeste;Capotamento;1;;;;;;;;;;1;;1;;
20/10/2015;17:52:00;210;sem vítima;807;BR-116/BA;Sul;Colisão Lateral;1;;;1;;1;;;;;3;;;;
20/10/2015;19:51:00;241;com vítima;530;BR-324/BA;Oeste;Saida de Pista;;;;1;;;;;;;0;1;;;
20/10/2015;19:52:00;242;sem vítima;530;BR-324/BA;Leste;Saida de Pista;1;;;;;;;;;;1;;;;
20/10/2015;20:48:00;254;sem vítima;576,3;BR-324/BA;Leste;Colisão Traseira;2;;;;;;;;;;2;;;;
21/10/2015;05:25:00;26;sem vítima;609;BR-324/BA;Oeste;Saida de Pista;;;;;;;;;;1;1;;;;
21/10/2015;09:01:00;89;com vítima;547;BR-324/BA;Oeste;Colisão Traseira;1;;1;;;;;;;;1;1;;;
21/10/2015;10:53:00;132;com vítima;6,2;BR-116/BA - ContSuFS;Sul;Colisão Traseira;2;;;;;;;;;;1;2;1;;
21/10/2015;12:21:00;155;com vítima;543;BR-324/BA;Oeste;Saida de Pista;1;;;;;;;;;;1;2;;;
21/10/2015;15:46:00;209;sem vítima;539,1;BR-116/BA;Sul;Saida de Pista;1;;;;;;;;;;1;;;;
21/10/2015;16:52:00;228;sem vítima;658;BR-116/BA;Norte;Saida de Pista;1;;;;;;;;;;1;;;;
21/10/2015;23:18:00;296;sem vítima;758;BR-116/BA;Sul;Saida de Pista;1;;;;;;;;;;1;;;;
22/10/2015;05:31:00;14;com vítima;616,1;BR-324/BA;Oeste;Queda de Moto;;;;1;;;;;;;0;1;1;;
22/10/2015;07:57:00;39;com vítima;587,3;BR-324/BA;Leste;Saida de Pista;1;;;;;;;;;;0;1;;;
22/10/2015;16:18:00;154;sem vítima;580;BR-324/BA;Oeste;Colisão Traseira;;;1;;;;;;;1;8;;;;
22/10/2015;23:27:00;233;com vítima;712,9;BR-116/BA;Norte;Colisão Transversal;1;;1;;;;;;;;1;;1;4;
23/10/2015;09:55:00;118;com vítima;818,7;BR-116/BA;Norte;Colisão Transversal;1;;;1;;;;;;;2;;;1;
23/10/2015;11:49:00;158;com vítima;451,1;BR-116/BA;Norte;Saida de Pista;1;;;;;;;;;;1;;2;;
23/10/2015;13:15:00;176;com vítima;439,2;BR-116/BA;Norte;Saida de Pista;1;;;;;;;;;;0;2;;;
23/10/2015;13:24:00;179;com vítima;578,9;BR-324/BA;Oeste;Colisão Lateral;1;;1;;;;;;;;0;1;1;;
23/10/2015;19:50:00;286;com vítima;521;BR-324/BA;Leste;Queda de Moto;;;;1;;;;;;;0;1;;;
23/10/2015;21:11:00;302;sem vítima;755;BR-116/BA;Norte;Colisão Transversal;1;;1;;;;;;;;2;;;;
23/10/2015;23:00:00;319;com vítima;520,5;BR-324/BA;Oeste;Colisão Traseira;1;;;1;;;;;;;1;;;1;
24/10/2015;06:30:00;38;com vítima;2;BR-116/BA - ContSuFS;Sul;Atropelamento de Pedestre;;;;;;;;;;1;0;2;;1;
24/10/2015;12:10:00;137;sem vítima;493,1;BR-116/BA;Sul;Saida de Pista;;;1;;;;;;;;1;;;;
24/10/2015;17:48:00;211;sem vítima;535;BR-324/BA;Oeste;Queda de Moto;;;;1;;1;;;;;2;;;;
24/10/2015;18:39:00;219;sem vítima;597;BR-324/BA;Oeste;Saida de Pista;1;;;;;1;;;;;4;;;;
24/10/2015;22:44:00;260;com vítima;759;BR-116/BA;Sul;Atropelamento de Pedestre;;;;;;1;;;;;1;1;;;
24/10/2015;23:02:00;263;com vítima;827,2;BR-116/BA;Norte;Colisão Transversal;;1;;1;;;;;;;2;1;;;
25/10/2015;00:16:00;4;com vítima;621;BR-324/BA;Leste;Colisão Traseira;1;;;1;;;;;;;1;1;;;
25/10/2015;04:33:00;28;sem vítima;642,6;BR-116/BA;Norte;Saida de Pista;;;1;;;;;;;;1;;;;
25/10/2015;08:59:00;69;com vítima;17;BR-116/BA - Cont VC;Norte;Choque Contra Objeto Fixo;1;;;;;;;;;;1;2;;;
25/10/2015;09:01:00;70;sem vítima;567,2;BR-324/BA;Leste;Saida de Pista;1;;;;;;;;;;1;;;;
25/10/2015;11:16:00;108;sem vítima;546,6;BR-324/BA;Oeste;Saida de Pista;1;;1;;;;;;;;2;;;;
25/10/2015;12:03:00;120;sem vítima;520,1;BR-324/BA;Leste;Saida de Pista;1;;1;;;;;;;;2;;;;
25/10/2015;12:50:00;129;sem vítima;586;BR-116/BA;Sul;Saida de Pista;;;1;;;;;;;;2;;;;