data;horario;n_da_ocorrencia;tipo_de_ocorrencia;km;trecho;sentido;tipo_de_acidente;automovel;bicicleta;caminhao;moto;onibus;outros;tracao_animal;transporte_de_cargas_especiais;trator_maquinas;utilitarios;ilesos;levemente_feridos;moderadamente_feridos;gravemente_feridos;mortos
25/10/2015;13:26:00;135;sem vítima;641,2;BR-116/BA;Norte;Saida de Pista;;;1;;;;;;;;1;;;;
25/10/2015;16:13:00;164;sem vítima;604,1;BR-324/BA;Leste;Colisão Traseira;2;;;;;;;;;;4;;;;
25/10/2015;18:00:00;189;sem vítima;888;BR-116/BA;Sul;Colisão Traseira;2;;;;;;;;;;8;;;;
25/10/2015;18:18:00;193;com vítima;607;BR-324/BA;Oeste;Colisão Traseira;1;;;1;;;;;;;1;1;;;
25/10/2015;21:05:00;212;com vítima;10;BR-116/BA - Cont VC;Sul;Colisão Traseira;2;;;;;;;;;1;3;3;1;;1
25/10/2015;21:32:00;218;com vítima;11,1;BR-116/BA - Cont VC;Sul;Colisão Traseira;1;;;1;;;;;;;1;2;;;
26/10/2015;04:50:00;20;sem vítima;534,5;BR-324/BA;Leste;Saida de Pista;1;;;;;1;;;;;2;;;;
26/10/2015;05:12:00;23;sem vítima;534,8;BR-324/BA;Leste;Colisão Traseira;1;;;;;;;;;1;15;;;;
26/10/2015;07:00:00;44;sem vítima;615;BR-324/BA;Oeste;Colisão Traseira;2;;;;;;;;;;3;;;;
26/10/2015;12:10:00;158;sem vítima;858;BR-116/BA;Sul;Capotamento;;;1;;;;;;;;2;;;;
26/10/2015;14:42:00;198;com vítima;521;BR-324/BA;Oeste;Sequência;1;;;1;;;;;;1;4;;1;;
26/10/2015;18:19:00;256;sem vítima;588,1;BR-324/BA;Oeste;Colisão Lateral;1;;1;;;;;;;;4;;;;
26/10/2015;23:43:00;322;sem vítima;472,7;BR-116/BA;Sul;Saida de Pista;;;1;;;;;;;;1;;;;
27/10/2015;05:01:00;23;sem vítima;620,3;BR-324/BA;Leste;Capotamento;;;;;;;;;;1;1;;;;
27/10/2015;06:19:00;36;sem vítima;599;BR-324/BA;Leste;Choque Contra Objeto Fixo;1;;;;;;;;;;1;;;;
27/10/2015;12:11:00;149;sem vítima;518,2;BR-324/BA;Leste;Colisão Lateral;1;;1;;;;;;;;5;;;;
27/10/2015;12:14:00;151;com vítima;554,2;BR-324/BA;Oeste;Colisão Traseira;1;;;;;1;;;;;2;2;;;
27/10/2015;15:35:00;199;sem vítima;616;BR-324/BA;Leste;Colisão Traseira;1;;;;;1;;;;;3;;;;
27/10/2015;21:20:00;268;com vítima;663,3;BR-116/BA;Norte;Colisão Frontal;;;1;1;;;;;;;1;;;;2
28/10/2015;07:52:00;50;com vítima;614;BR-324/BA;Leste;Atropelamento de Pedestre;;;;;;;;;;1;1;1;;1;
28/10/2015;08:00:00;56;com vítima;575;BR-324/BA;Oeste;Queda de Moto;;;;1;;;;;;;0;;1;;
28/10/2015;12:52:00;134;sem vítima;531,5;BR-324/BA;Oeste;Saida de Pista;1;;;;;;;;;;1;;;;
28/10/2015;14:18:00;155;sem vítima;594;BR-116/BA;Norte;Saida de Pista;1;;;;;;;;;;1;;;;
28/10/2015;17:26:00;209;sem vítima;765;BR-116/BA;Sul;Colisão Traseira;1;;;;;1;;;;;3;;;;
28/10/2015;23:45:00;290;sem vítima;800,9;BR-116/BA;Sul;Atropelamento de Animal;;;1;;;;;;;;1;;;;
29/10/2015;00:15:00;8;sem vítima;800,9;BR-116/BA;Sul;Atropelamento de Animal;1;;;;;;;;;;2;;;;
29/10/2015;05:52:00;34;sem vítima;3;BA-526;Sul;Colisão Traseira;2;;;;;;;;;;2;;;;
29/10/2015;09:15:00;89;com vítima;625,5;BR-324/BA;Leste;Queda de Moto;1;;;1;;;;;;;1;;1;;
29/10/2015;11:53:00;159;sem vítima;559;BR-324/BA;Leste;Saida de Pista;1;;;;;;;;;;2;;;;
29/10/2015;14:52:00;204;com vítima;523;BR-324/BA;Leste;Colisão Traseira;1;;;1;;;;;;;1;1;;;
29/10/2015;16:38:00;237;com vítima;548;BR-324/BA;Oeste;Colisão Traseira;1;;;;;1;;;;;2;1;1;;
29/10/2015;17:40:00;253;com vítima;652,5;BR-116/BA;Norte;Colisão Lateral;2;;;;;;;;;;2;3;;;
29/10/2015;21:58:00;297;sem vítima;816;BR-116/BA;Sul;Capotamento;1;1;;;;;;;;;4;;;;
30/10/2015;04:17:00;16;com vítima;861,6;BR-116/BA;Sul;Tombamento;;;1;;;;;;;;0;;1;;
30/10/2015;04:23:00;17;sem vítima;479,5;BR-116/BA;Sul;Colisão Traseira;;;2;;;;;;;;2;;;;
30/10/2015;04:57:00;20;sem vítima;736;BR-116/BA;Norte;Saida de Pista;1;;;;;;;;;;5;;;;
30/10/2015;08:39:00;85;sem vítima;720;BR-116/BA;Norte;Engavetamento;1;;2;;;;;;;;5;;;;
30/10/2015;10:53:00;128;sem vítima;719;BR-116/BA;Norte;Saida de Pista;;;;;;;;;;1;1;;;;
30/10/2015;11:37:00;138;sem vítima;677;BR-116/BA;Norte;Colisão Traseira;1;;;;;1;;;;;2;;;;
30/10/2015;11:43:00;140;sem vítima;616;BR-324/BA;Oeste;Saida de Pista;;;1;;;;;;;;1;;;;
30/10/2015;12:58:00;154;com vítima;565;BR-116/BA;Norte;Tombamento;;;1;;;;;;;;0;;1;;
30/10/2015;13:55:00;175;sem vítima;618;BR-324/BA;Oeste;Colisão Lateral;1;;;;;;;;;;2;;;;
30/10/2015;15:51:00;210;sem vítima;828;BR-116/BA;Norte;Saida de Pista;1;;;;;;;;;;1;;;;
30/10/2015;18:07:00;246;com vítima;828,8;BR-116/BA;Sul;Colisão Transversal;1;;;1;;;;;;;1;1;;;
30/10/2015;19:21:00;267;sem vítima;0;BR-116/BA - ContSuFS;Sul;Choque Contra Objeto Fixo;;;1;;;;;;;;2;;;;
31/10/2015;07:14:00;58;sem vítima;545,4;BR-324/BA;Oeste;Colisão Traseira;1;;;;;1;;;;;2;;;;
31/10/2015;07:23:00;60;sem vítima;545,5;BR-324/BA;Oeste;Colisão Lateral;2;;1;;;;;;;;3;;;;
31/10/2015;07:56:00;66;com vítima;462,2;BR-116/BA;Sul;Colisão Transversal;;;;1;;1;;;;;1;1;1;;
31/10/2015;09:53:00;109;com vítima;622,5;BR-116/BA;Norte;Atropelamento de Pedestre;;;;;;1;;;;;1;;;1;
31/10/2015;10:07:00;114;sem vítima;547,9;BR-324/BA;Oeste;Saida de Pista;1;;;;;;;;;;1;;;;
31/10/2015;11:39:00;144;sem vítima;624,1;BR-324/BA;Leste;Colisão Lateral;1;;1;;;;;;;;2;;;;
31/10/2015;12:06:00;152;sem vítima;428;BR-116/BA;Sul;Colisão Lateral;1;;;;;1;;;;;3;;;;
31/10/2015;12:55:00;162;com vítima;792,5;BR-116/BA;Norte;Saida de Pista;1;;;;;;;;;;0;1;;;
31/10/2015;14:13:00;178;com vítima;666;BR-116/BA;Sul;Saida de Pista;;;1;;;1;;;;;1;;1;;
31/10/2015;14:58:00;191;com vítima;579,95;BR-324/BA;Oeste;Engavetamento;4;;1;;;;;;;;8;1;;1;1
31/10/2015;20:11:00;269;com vítima;733,3;BR-116/BA;Norte;Queda de Moto;;;;1;;;;;;;0;1;1;;
31/10/2015;22:51:00;305;sem vítima;562;BR-324/BA;Oeste;Saida de Pista;1;;;;;;;;;;1;;;;
01/11/2015;14:11:00;135;com vítima;9;BR-116/BA - Cont VC;Sul;Colisão Transversal;1;;;1;;;;;;;1;2;;;
01/11/2015;20:39:00;235;com vítima;10;BR-116/BA - Cont VC;Sul;Colisão Frontal;1;;1;;;;;;;;1;;;1;1
01/11/2015;15:23:00;153;sem vítima;25;BR-116/BA - Cont VC;Sul;Colisão Traseira;2;;;;;;;;;;4;;;;
01/11/2015;03:26:00;11;sem vítima;479,5;BR-116/BA;Norte;Saida de Pista;1;;;;;;;;;;1;;;;
01/11/2015;01:55:00;6;com vítima;623;BR-324/BA;Leste;Atropelamento de Pedestre;;;;;;1;;;;;1;1;;;
01/11/2015;20:20:00;228;sem vítima;623;BR-324/BA;Leste;Colisão Lateral;1;;;;;1;;;;;2;;;;
02/11/2015;17:39:00;207;sem vítima;546,5;BR-324/BA;Oeste;Colisão Traseira;2;;;;;;;;;;4;;;;
02/11/2015;17:59:00;212;sem vítima;546,5;BR-324/BA;Oeste;Colisão Traseira;2;;;;;;;;;;2;;;;
02/11/2015;19:38:00;235;sem vítima;601,25;BR-324/BA;Leste;Colisão Lateral;2;;1;;;;;;;;5;;;;
02/11/2015;18:17:00;218;sem vítima;601,4;BR-324/BA;Leste;Engavetamento;4;;;;;;;;;;8;;;;
02/11/2015;02:25:00;12;com vítima;817,8;BR-116/BA;Norte;Colisão Frontal;1;;1;;;;;;;;1;;;;1
03/11/2015;19:10:00;282;com vítima;9,5;BR-116/BA - Cont VC;Sul;Colisão Lateral;;;;1;;;1;;;;1;;1;;
03/11/2015;19:10:00;281;sem vítima;529,4;BR-324/BA;Oeste;Saida de Pista;;;;;;;;;;1;1;;;;
03/11/2015;12:29:00;170;sem vítima;530;BR-324/BA;Oeste;Colisão Traseira;1;;;;;2;;;;;3;;;;
03/11/2015;06:26:00;44;sem vítima;560;BR-324/BA;Leste;Colisão Traseira;2;;;;;1;;;;;3;;;;
03/11/2015;07:30:00;66;sem vítima;572,1;BR-324/BA;Leste;Engavetamento;3;;;;;;;;;;3;;;;
03/11/2015;09:37:00;112;sem vítima;618,2;BR-324/BA;Leste;Colisão Traseira;2;;;;;;;;;;3;;;;
03/11/2015;06:19:00;41;sem vítima;816,5;BR-116/BA;Norte;Colisão Traseira;1;;;;;;;;;1;4;;;;
04/11/2015;06:01:00;23;sem vítima;571,1;BR-324/BA;Leste;Queda de Moto;;;;1;;;;;;;2;;;;
04/11/2015;06:49:00;32;sem vítima;606,5;BR-324/BA;Oeste;Colisão Lateral;1;;;1;;;;;;;6;;;;
04/11/2015;09:06:00;85;sem vítima;606,9;BR-324/BA;Oeste;Colisão Traseira;1;;1;;;;;;;;2;;;;
04/11/2015;06:40:00;30;com vítima;607,5;BR-324/BA;Leste;Colisão Lateral;;;1;1;;1;;;;;2;;;;1
04/11/2015;17:38:00;235;sem vítima;617,8;BR-324/BA;Oeste;Engavetamento;3;;;;;;;;;;4;;;;
04/11/2015;09:11:00;86;sem vítima;621,1;BR-324/BA;Leste;Choque Contra Objeto Fixo;1;;;;;;;;;;1;;;;
04/11/2015;18:06:00;242;sem vítima;708,8;BR-116/BA;Sul;Saida de Pista;;;1;;;;;;;;1;;;;
04/11/2015;21:27:00;281;sem vítima;768,1;BR-116/BA;Sul;Colisão Traseira;;;1;;;;;;;1;2;;;;
04/11/2015;15:52:00;211;com vítima;818;BR-116/BA;Sul;Queda de Moto;;;;1;;;;;;;1;1;;;
04/11/2015;19:16:00;256;sem vítima;870,5;BR-116/BA;Sul;Choque Contra Objeto Fixo;1;;;;;;;;;;1;;;;
05/11/2015;09:46:00;101;sem vítima;530;BR-324/BA;Leste;Sequência;;;1;1;;;;;;;3;;;;
05/11/2015;05:37:00;27;sem vítima;589,5;BR-324/BA;Leste;Saida de Pista;1;;;;;;;;;;4;;;;
05/11/2015;12:13:00;147;com vítima;610,3;BR-324/BA;Leste;Saida de Pista;1;;;;;;;;;;0;1;;;
05/11/2015;17:03:00;232;sem vítima;622,8;BR-324/BA;Oeste;Engavetamento;3;;;;;1;;;;;6;;;;
05/11/2015;11:23:00;134;sem vítima;792,8;BR-116/BA;Sul;Colisão Traseira;1;;1;;;;;;;;3;;;;
06/11/2015;20:27:00;298;com vítima;2,2;BR-116/BA - ContSuFS;Sul;Choque Contra Objeto Fixo;1;;;;;;;;;;2;;1;;
06/11/2015;16:26:00;233;sem vítima;456,6;BR-116/BA;Norte;Saida de Pista;1;;;;;;;;;;5;;;;
06/11/2015;12:41:00;158;sem vítima;612,4;BR-324/BA;Leste;Colisão Lateral;;;1;;;;;;;1;5;;;;
06/11/2015;19:48:00;291;com vítima;835;BR-116/BA;Norte;Colisão Frontal;1;1;;;;;;;;;1;;;1;
07/11/2015;19:08:00;235;com vítima;10,2;BR-116/BA - Cont VC;Norte;Colisão Frontal;;2;;;;;;;;;0;1;1;;
07/11/2015;15:53:00;193;com vítima;433;BR-116/BA;Sul;Tombamento;;;1;;;;;;;;0;;;1;
07/11/2015;19:13:00;237;sem vítima;527;BR-324/BA;Oeste;Colisão Lateral;1;;1;;;;;;;;3;;;;
07/11/2015;14:06:00;162;sem vítima;583,8;BR-324/BA;Leste;Saida de Pista;1;;;;;1;;;;;2;;;;
07/11/2015;19:30:00;244;sem vítima;914;BR-116/BA;Sul;Engavetamento;;;3;;;;;;;;3;;;;
08/11/2015;08:38:00;60;com vítima;5,3;BR-116/BA - ContSuFS;Norte;Colisão Lateral;1;;;1;;;;;;;1;1;;;
08/11/2015;13:17:00;133;com vítima;25;BR-116/BA - Cont VC;Sul;Colisão Transversal;;;;1;;1;;;;;1;1;;;
08/11/2015;13:47:00;139;com vítima;429;BR-116/BA;Sul;Queda de Moto;;;;1;;;;;;;0;1;;;
08/11/2015;09:05:00;70;com vítima;530,9;BR-324/BA;Oeste;Colisão Traseira;;;1;1;;;;;;;1;;;;1
08/11/2015;23:22:00;250;sem vítima;534;BR-324/BA;Leste;Saida de Pista;1;;;;;;;;;;1;;;;
08/11/2015;15:39:00;157;sem vítima;579,6;BR-324/BA;Leste;Saida de Pista;1;;;;;;;;;;4;;;;
08/11/2015;23:19:00;249;com vítima;852,2;BR-116/BA;Sul;Queda de Moto;;;;1;;;;;;;0;1;;;
08/11/2015;01:21:00;9;sem vítima;862;BR-116/BA;Sul;Queda de Moto;;;;1;;;;;;;1;;;;
08/11/2015;10:52:00;104;sem vítima;931,5;BR-116/BA;Sul;Colisão Traseira;;;2;;;;;;;;2;;;;
09/11/2015;05:26:00;34;sem vítima;543;BR-324/BA;Oeste;Saida de Pista;1;;;;;;;;;;11;;;;
09/11/2015;06:53:00;58;com vítima;551;BR-324/BA;Oeste;Engavetamento;3;;;;;;;;;;5;2;;;
09/11/2015;09:07:00;90;sem vítima;562;BR-324/BA;Oeste;Saida de Pista;;;1;;;;;;;;1;;;;
09/11/2015;09:10:00;91;sem vítima;562;BR-324/BA;Oeste;Saida de Pista;;;1;;;;;;;;3;;;;
09/11/2015;17:48:00;227;sem vítima;582;BR-324/BA;Leste;Saida de Pista;;;;;;;;;;1;1;;;;
09/11/2015;08:03:00;78;sem vítima;617;BR-324/BA;Leste;Engavetamento;1;;;1;;;;;;1;6;;;;
09/11/2015;07:16:00;64;sem vítima;619,8;BR-324/BA;Leste;Colisão Traseira;2;;;;;;;;;;3;;;;
10/11/2015;12:23:00;142;sem vítima;518;BR-324/BA;Leste;Colisão Lateral;1;;1;;;;;;;;2;;;;
10/11/2015;06:17:00;31;sem vítima;588,9;BR-324/BA;Leste;Colisão Traseira;2;;;;;;;;;;10;;;;
10/11/2015;08:20:00;68;com vítima;524;BR-116/BA;Sul;Choque - Outros;1;;;;;1;;;;;2;;1;;
11/11/2015;13:22:00;162;sem vítima;529,8;BR-324/BA;Oeste;Saida de Pista;1;;;;;;;;;;1;;;;
11/11/2015;09:58:00;105;sem vítima;495;BR-116/BA;Sul;Colisão Frontal;;;1;;1;;;;;;2;;;;
11/11/2015;09:56:00;104;com vítima;613,35;BR-324/BA;Leste;Queda de Moto;;;;1;;1;;;;;1;;1;;
11/11/2015;07:49:00;48;sem vítima;613,9;BR-324/BA;Oeste;Colisão Traseira;1;;;;;1;;;;;2;;;;
11/11/2015;08:39:00;75;com vítima;623,9;BR-324/BA;Leste;Queda de Moto;;;;2;;;;;;;2;;1;;
11/11/2015;14:27:00;178;sem vítima;581;BR-116/BA;Norte;Saida de Pista;;;;;;;;;;1;2;;;;
11/11/2015;16:34:00;223;sem vítima;873;BR-116/BA;Norte;Colisão Traseira;;;2;;;;;;;;2;;;;
12/11/2015;14:04:00;177;sem vítima;527;BR-324/BA;Oeste;Colisão Lateral;;;1;;1;;;;;;21;;;;
12/11/2015;07:19:00;40;sem vítima;449,5;BR-116/BA;Sul;Saida de Pista;1;;;;;;;;;;1;;;;
12/11/2015;15:08:00;201;sem vítima;546;BR-324/BA;Oeste;Colisão Traseira;;;2;;;;;;;;2;;;;
12/11/2015;18:30:00;261;sem vítima;550;BR-324/BA;Oeste;Engavetamento;3;;;;;;;;;;6;;;;
12/11/2015;23:54:00;322;sem vítima;472,7;BR-116/BA;Sul;Saida de Pista;;;1;;;;;;;;1;;;;
12/11/2015;14:16:00;186;sem vítima;594,3;BR-324/BA;Oeste;Colisão Traseira;2;;;;;1;;;;;6;;;;
12/11/2015;06:59:00;33;sem vítima;620,2;BR-324/BA;Leste;Engavetamento;2;;;;;1;;;;;3;;;;
12/11/2015;11:42:00;132;sem vítima;670;BR-116/BA;Sul;Colisão Lateral;;;1;;;;;;;1;5;;;;
12/11/2015;09:05:00;76;sem vítima;735;BR-116/BA;Sul;Engavetamento;1;;1;;1;;;;;;14;;;;
12/11/2015;02:33:00;13;sem vítima;896;BR-116/BA;Sul;Saida de Pista;1;;;;;;;;;;1;;;;
13/11/2015;08:04:00;64;com vítima;444,1;BR-116/BA;Norte;Queda de Moto;;;;1;;;;;;;0;2;;;
13/11/2015;08:54:00;81;com vítima;586;BR-324/BA;Leste;Capotamento;1;;;;;;;;;;0;1;;;
13/11/2015;07:29:00;46;sem vítima;618;BR-324/BA;Leste;Colisão Traseira;2;;;;;;;;;;2;;;;
13/11/2015;16:22:00;247;com vítima;568;BR-116/BA;Sul;Engavetamento;;;1;;;;;;;2;2;;1;;1
13/11/2015;10:49:00;117;sem vítima;794,5;BR-116/BA;Sul;Colisão Traseira;;;2;;;;;;;;2;;;;
14/11/2015;23:40:00;297;com vítima;8;BR-116/BA - Cont VC;Sul;Queda de Moto;;;;1;;;;;;;0;1;;;
14/11/2015;01:36:00;9;com vítima;531;BR-324/BA;Oeste;Colisão Frontal;1;;;1;;;;;;;2;;1;;
14/11/2015;22:10:00;284;sem vítima;537;BR-324/BA;Oeste;Saida de Pista;1;;;;;1;;;;;3;;;;
14/11/2015;10:11:00;117;com vítima;545;BR-324/BA;Leste;Colisão Lateral;1;;;;;1;;;;;4;;;1;
14/11/2015;14:03:00;177;com vítima;616;BR-324/BA;Oeste;Colisão Lateral;;;;1;;1;;;;;1;1;;;
14/11/2015;10:55:00;136;sem vítima;715,1;BR-116/BA;Sul;Saida de Pista;;;;;;;;;;1;1;;;;
14/11/2015;00:37:00;5;sem vítima;723;BR-116/BA;Sul;Atropelamento de Animal;1;;;;;;;;;;1;;;;
14/11/2015;10:39:00;131;sem vítima;763,5;BR-116/BA;Sul;Engavetamento;;;3;;;1;;;;;4;;;;
14/11/2015;14:52:00;198;sem vítima;816,6;BR-116/BA;Norte;Engavetamento;;;3;;;;;;;;4;;;;
15/11/2015;13:02:00;114;com vítima;2;BR-116/BA - Cont VC;Norte;Queda de Moto;;;;1;;;;;;;0;;2;;
15/11/2015;10:11:00;83;sem vítima;426,6;BR-116/BA;Sul;Colisão Traseira;;;2;;;1;;;;;3;;;;
15/11/2015;00:27:00;1;sem vítima;535;BR-324/BA;Oeste;Engavetamento;2;;;;;;;;;1;4;;;;
15/11/2015;08:02:00;55;sem vítima;547;BR-324/BA;Leste;Colisão Traseira;1;;;;;;;;;1;2;;;;
15/11/2015;19:41:00;220;com vítima;459,4;BR-116/BA;Sul;Colisão Transversal;;;;1;;1;;;;;1;1;;;
15/11/2015;19:36:00;218;com vítima;564,3;BR-324/BA;Leste;Queda de Moto;;;;1;;;;;;;0;;;2;
15/11/2015;06:38:00;30;com vítima;585,3;BR-324/BA;Leste;Saida de Pista;1;;;;;;;;;;0;1;;;
15/11/2015;11:45:00;104;sem vítima;590,1;BR-324/BA;Leste;Saida de Pista;1;;;;;;;;;;1;;;;
15/11/2015;23:10:00;254;sem vítima;593,3;BR-324/BA;Leste;Sequência;1;;;;;;;;;;1;;;;
15/11/2015;16:03:00;154;sem vítima;609;BR-116/BA;Sul;Saida de Pista;;;1;;;;;;;;1;;;;
15/11/2015;10:03:00;81;sem vítima;744;BR-116/BA;Sul;Colisão Lateral;1;;1;;;1;;;;;6;;;;
16/11/2015;04:16:00;14;sem vítima;0;BA-528;Norte;Colisão Traseira;1;;;;;1;;;;;2;;;;
16/11/2015;11:25:00;190;sem vítima;24,7;BR-116/BA - Cont VC;Norte;Colisão Traseira;1;;;;;1;;;;;2;;;;
16/11/2015;08:31:00;107;com vítima;592;BR-116/BA;Norte;Tombamento;;;1;;;;;;;;0;1;;;
16/11/2015;07:13:00;69;sem vítima;702;BR-116/BA;Sul;Colisão Traseira;;;2;;;;;;;;2;;;;
17/11/2015;22:20:00;294;sem vítima;523;BR-324/BA;Leste;Colisão Traseira;;;;;1;1;;;;1;19;;;;
17/11/2015;18:21:00;242;sem vítima;607,8;BR-324/BA;Leste;Colisão Traseira;2;;;;;;;;;;2;;;;
17/11/2015;18:26:00;245;sem vítima;607,8;BR-324/BA;Leste;Colisão Traseira;2;;;;;;;;;;16;;;;
17/11/2015;10:09:00;115;sem vítima;612,3;BR-324/BA;Leste;Colisão Lateral;;;1;;;;;;;1;2;;;;
17/11/2015;07:38:00;59;com vítima;622;BR-324/BA;Leste;Sequência;2;;;1;;;;;;;4;;1;;
17/11/2015;11:53:00;146;com vítima;624;BR-324/BA;Leste;Colisão Traseira;1;;;1;;;;;;;1;;1;;
17/11/2015;18:35:00;249;sem vítima;602,3;BR-116/BA;Sul;Saida de Pista;;;1;;;1;;;;;2;;;;
18/11/2015;10:16:00;128;sem vítima;10,3;BR-116/BA - Cont VC;Sul;Colisão Transversal;1;;1;;;;;;;;3;;;;
18/11/2015;13:44:00;187;com vítima;526;BR-324/BA;Oeste;Colisão Traseira;1;;;1;;;;;;;2;2;;;
18/11/2015;15:19:00;222;sem vítima;617;BR-324/BA;Leste;Colisão Traseira;1;;;;;1;;;;;2;;;;
18/11/2015;16:16:00;241;sem vítima;530;BR-116/BA;Norte;Engavetamento;;;3;;1;;;;;;7;;;;
18/11/2015;21:49:00;319;com vítima;919,7;BR-116/BA;Sul;Tombamento;;;1;;;;;;;;0;1;1;;
19/11/2015;18:46:00;273;sem vítima;600,6;BR-324/BA;Leste;Saida de Pista;1;;;;;;;;;;1;;;;
19/11/2015;00:51:00;11;sem vítima;808;BR-116/BA;Norte;Saida de Pista;;;;;;;;;;1;1;;;;
20/11/2015;20:13:00;282;com vítima;10;BR-116/BA - Cont VC;Norte;Colisão Traseira;;;;1;;1;;;;;1;;;;1
20/11/2015;10:59:00;133;sem vítima;547;BR-324/BA;Oeste;Choque Contra Objeto Fixo;1;;;;;;;;;;1;;;;
20/11/2015;11:10:00;138;com vítima;567;BR-324/BA;Oeste;Capotamento;1;;;;;;;;;;2;;1;;
20/11/2015;21:00:00;293;com vítima;601,2;BR-324/BA;Oeste;Saida de Pista;1;;;;;;;;;;3;;1;;
20/11/2015;06:59:00;37;sem vítima;610;BR-324/BA;Leste;Saida de Pista;1;;;;;;;;;;2;;;;
20/11/2015;08:17:00;77;sem vítima;618,8;BR-324/BA;Leste;Colisão Traseira;1;;;;;1;;;;;2;;;;
20/11/2015;21:49:00;298;sem vítima;541;BR-116/BA;Norte;Saida de Pista;;;1;;;;;;;;1;;;;
20/11/2015;18:16:00;259;com vítima;550;BR-116/BA;Sul;Colisão Frontal;1;;;1;;;;;;;2;;1;;
20/11/2015;06:19:00;24;sem vítima;907;BR-116/BA;Norte;Atropelamento de Animal;;;;;;;;;;1;14;;;;
21/11/2015;17:31:00;212;sem vítima;537;BR-324/BA;Oeste;Colisão Lateral;1;;;;;;;;;1;2;;;;
21/11/2015;22:25:00;284;sem vítima;549,5;BR-324/BA;Leste;Saida de Pista;1;;;;;;;;;;2;;;;
21/11/2015;10:04:00;95;sem vítima;550;BR-324/BA;Leste;Colisão Lateral;1;;;;;1;;;;;2;;;;
21/11/2015;10:01:00;94;com vítima;553;BR-324/BA;Oeste;Capotamento;1;;;;;;;;;;1;1;;;
21/11/2015;20:24:00;261;sem vítima;588;BR-324/BA;Oeste;Saida de Pista;;;;;;;;;;1;3;;;;
21/11/2015;11:31:00;122;com vítima;807,1;BR-116/BA;Norte;Saida de Pista;;;1;;;;;;;;2;2;;;
21/11/2015;09:28:00;87;sem vítima;829,2;BR-116/BA;Norte;Colisão Traseira;;;1;;1;;;;;;36;;;;
22/11/2015;07:27:00;58;sem vítima;0;BR-116/BA - ContSuFS;Sul;Saida de Pista;1;;;;;;;;;;1;;;;
22/11/2015;10:12:00;107;sem vítima;534;BR-324/BA;Leste;Colisão Lateral;1;;1;;;;;;;;6;;;;
22/11/2015;16:39:00;215;com vítima;569;BR-324/BA;Leste;Saida de Pista;1;;;;;;;;;;0;;1;;
22/11/2015;12:59:00;161;sem vítima;571;BR-324/BA;Oeste;Saida de Pista;1;;;;;;;;;;1;;;;
22/11/2015;00:09:00;1;sem vítima;478;BR-116/BA;Sul;Saida de Pista;;;1;;;;;;;;1;;;;
22/11/2015;13:15:00;167;sem vítima;583;BR-324/BA;Leste;Saida de Pista;1;;;;;;;;;;1;;;;
22/11/2015;12:34:00;153;sem vítima;638,05;BR-116/BA;Sul;Incêndio;;;1;;;;;;;;1;;;;
22/11/2015;21:48:00;296;sem vítima;680,9;BR-116/BA;Norte;Tombamento;;;1;;;;;;;;1;;;;
22/11/2015;05:34:00;29;sem vítima;778,05;BR-116/BA;Sul;Colisão Traseira;;;2;;;;;;;;2;;;;
22/11/2015;05:54:00;31;sem vítima;840,1;BR-116/BA;Sul;Colisão Traseira;1;;1;;;;;;;;2;;;;
22/11/2015;08:15:00;77;sem vítima;841,05;BR-116/BA;Norte;Saida de Pista;1;;;;;1;;;;;2;;;;
22/11/2015;16:35:00;214;sem vítima;856,1;BR-116/BA;Norte;Colisão Traseira;;;2;;;;;;;;2;;;;
22/11/2015;23:08:00;305;sem vítima;909,5;BR-116/BA;Sul;Atropelamento de Animal;;;1;;;;;;;;1;;;;
23/11/2015;13:43:00;200;com vítima;1;BR-116/BA - Cont VC;Sul;Colisão Frontal;;;1;;;;;;;1;1;1;;;
23/11/2015;17:38:00;267;sem vítima;561;BR-324/BA;Leste;Saida de Pista;1;;;;;;;;;;1;;;;
23/11/2015;15:33:00;226;com vítima;583,4;BR-324/BA;Leste;Saida de Pista;;;1;;;;;;;;1;1;;;
23/11/2015;22:04:00;327;sem vítima;604,2;BR-324/BA;Oeste;Colisão Traseira;1;;;;;;;;;1;2;;;;
23/11/2015;17:50:00;272;sem vítima;620;BR-324/BA;Oeste;Saida de Pista;1;;;;;;;;;;1;;;;
23/11/2015;06:39:00;41;sem vítima;831;BR-116/BA;Norte;Colisão Traseira;1;;;1;;;;;;;2;;;;
23/11/2015;21:34:00;322;sem vítima;912,8;BR-116/BA;Sul;Atropelamento de Animal;;;;;;;;;;1;1;;;;
24/11/2015;14:20:00;162;sem vítima;561,9;BR-324/BA;Oeste;Saida de Pista;1;;;;;;;;;;1;;;;
24/11/2015;12:23:00;134;com vítima;621,1;BR-324/BA;Oeste;Queda de Moto;;;;1;;;;;;;0;2;;;
25/11/2015;16:32:00;232;sem vítima;6;BA-526;Norte;Saida de Pista;;;;;;;;;;1;1;;;;
25/11/2015;18:13:00;273;com vítima;441,9;BR-116/BA;Sul;Tombamento;;;1;;;;;;;;0;1;;;
25/11/2015;16:43:00;241;sem vítima;552,8;BR-324/BA;Oeste;Colisão Traseira;1;;1;;;;;;;;2;;;;
25/11/2015;14:46:00;187;sem vítima;556;BR-324/BA;Leste;Saida de Pista;1;;;;;;;;;;3;;;;
25/11/2015;17:13:00;250;sem vítima;565;BR-324/BA;Leste;Colisão Lateral;1;;1;;;;;;;;6;;;;
25/11/2015;08:06:00;71;sem vítima;610,8;BR-324/BA;Oeste;Engavetamento;6;;;;;;;;;1;10;;;;