data;horario;n_da_ocorrencia;tipo_de_ocorrencia;km;trecho;sentido;tipo_de_acidente;automovel;bicicleta;caminhao;moto;onibus;outros;tracao_animal;transporte_de_cargas_especiais;trator_maquinas;utilitarios;ilesos;levemente_feridos;moderadamente_feridos;gravemente_feridos;mortos
25/11/2015;15:04:00;193;sem vítima;562,5;BR-116/BA;Sul;Colisão Traseira;;;2;;;;;;;;2;;;;
25/11/2015;13:02:00;156;sem vítima;580,2;BR-116/BA;Norte;Saida de Pista;1;;;;;;;;;;1;;;;
25/11/2015;19:07:00;282;com vítima;632;BR-116/BA;Sul;Atropelamento de Pedestre;;;;;;1;;;;;1;;1;;
25/11/2015;07:27:00;49;com vítima;811;BR-116/BA;Sul;Colisão Transversal;;;;1;;;;;;1;1;;1;;
25/11/2015;17:24:00;257;sem vítima;845,6;BR-116/BA;Sul;Saida de Pista;;;1;;;;;;;;1;;;;
26/11/2015;10:12:00;115;sem vítima;530;BR-324/BA;Leste;Engavetamento;3;;;;;;;;;;3;;;;
26/11/2015;09:35:00;103;sem vítima;450,9;BR-116/BA;Norte;Colisão Traseira;1;;1;;;;;;;;2;;;;
26/11/2015;17:22:00;239;sem vítima;614;BR-324/BA;Oeste;Colisão Traseira;2;;;;;;;;;;5;;;;
26/11/2015;08:39:00;82;sem vítima;570,1;BR-116/BA;Sul;Colisão Lateral;2;;;;;;;;;;3;;;;
26/11/2015;22:10:00;304;com vítima;591,6;BR-116/BA;Norte;Tombamento;;;1;;;;;;;;0;2;;;
27/11/2015;13:03:00;146;com vítima;0;BR-116/BA - ContSuFS;Sul;Queda de Moto;;;;1;;;;;;;0;;1;;
27/11/2015;08:43:00;76;com vítima;3;BA-526;Sul;Outros;;;;;;1;;;;;1;1;;;
27/11/2015;01:35:00;9;sem vítima;443;BR-116/BA;Norte;Colisão Traseira;;;1;;;;;;;;1;;;;
27/11/2015;16:03:00;204;sem vítima;561,2;BR-324/BA;Leste;Saida de Pista;1;;;;;;;;;;2;;;;
27/11/2015;15:47:00;198;sem vítima;573;BR-324/BA;Leste;Saida de Pista;1;;;;;;;;;;1;;;;
27/11/2015;17:46:00;232;sem vítima;501;BR-116/BA;Sul;Colisão Traseira;1;;;;;1;;;;1;3;;;;
27/11/2015;11:25:00;124;sem vítima;603;BR-324/BA;Leste;Engavetamento;;;;;;1;;;;2;3;;;;
27/11/2015;11:54:00;134;sem vítima;603;BR-324/BA;Oeste;Colisão Traseira;2;;;;;;;;;;2;;;;
27/11/2015;07:48:00;57;com vítima;524,5;BR-116/BA;Sul;Capotamento;;;;;;;;;;1;4;1;;;
27/11/2015;18:20:00;240;com vítima;758;BR-116/BA;Sul;Colisão Frontal;;;;1;1;;;;;;32;;;;1
28/11/2015;19:12:00;229;com vítima;2;BR-116/BA - ContSuFS;Norte;Colisão Lateral;1;;;1;;;;;;;3;1;;;
28/11/2015;15:18:00;181;sem vítima;570,5;BR-324/BA;Oeste;Saida de Pista;1;;;;;1;;;;;2;;;;
28/11/2015;18:34:00;224;com vítima;484,5;BR-116/BA;Norte;Colisão Frontal;;;;1;;1;;;;;1;;1;;
28/11/2015;00:52:00;4;sem vítima;807;BR-116/BA;Norte;Saida de Pista;;;1;;;;;;;;2;;;;
28/11/2015;16:55:00;202;sem vítima;845;BR-116/BA;Norte;Colisão Traseira;;;2;;;;;;;;2;;;;
28/11/2015;10:06:00;89;sem vítima;908,7;BR-116/BA;Sul;Colisão Lateral;1;;1;;;;;;;;4;;;;
29/11/2015;09:03:00;73;com vítima;543,1;BR-324/BA;Oeste;Colisão Lateral;1;;;1;;;;;;;1;;1;;
29/11/2015;19:04:00;197;sem vítima;548;BR-324/BA;Leste;Saida de Pista;;;;;;1;;;;;1;;;;
29/11/2015;02:25:00;13;com vítima;575;BR-324/BA;Leste;Queda de Moto;;;;1;;;;;;;0;;;1;
29/11/2015;16:39:00;165;sem vítima;587,2;BR-324/BA;Leste;Colisão Lateral;1;;1;;;;;;;;4;;;;
29/11/2015;05:52:00;31;sem vítima;596;BR-324/BA;Leste;Engavetamento;3;;;;;;;;;;5;;;;
29/11/2015;11:35:00;103;sem vítima;599;BR-324/BA;Leste;Colisão Traseira;2;;;;;;;;;;9;;;;
29/11/2015;21:43:00;215;sem vítima;626;BR-324/BA;Leste;Saida de Pista;1;;1;;;;;;;;3;;;;
29/11/2015;05:04:00;26;com vítima;642;BR-116/BA;Norte;Saida de Pista;;;1;;;;;;;;0;1;;;
30/11/2015;19:25:00;289;com vítima;13,4;BR-116/BA - Cont VC;Sul;Atropelamento de Animal;;;;2;;;;;;;1;1;;;
30/11/2015;10:08:00;127;sem vítima;526;BR-324/BA;Leste;Colisão Lateral;1;;;;;1;;;;;2;;;;
30/11/2015;17:27:00;267;sem vítima;459,2;BR-116/BA;Sul;Colisão Traseira;;;2;;;;;;;;2;;;;
30/11/2015;01:14:00;12;sem vítima;461;BR-116/BA;Norte;Colisão Traseira;;;2;;;;;;;;3;;;;
30/11/2015;05:15:00;28;com vítima;567;BR-324/BA;Oeste;Capotamento;1;;;;;;;;;;0;;1;;
30/11/2015;09:24:00;107;sem vítima;567;BR-324/BA;Leste;Saida de Pista;1;;;;;;;;;;1;;;;
30/11/2015;18:43:00;279;sem vítima;614;BR-324/BA;Oeste;Choque Contra Objeto Fixo;1;;;;;;;;;;2;;;;
30/11/2015;17:22:00;266;sem vítima;616;BR-324/BA;Leste;Colisão Traseira;2;;;;;;;;;;2;;;;
30/11/2015;10:28:00;134;sem vítima;617;BR-324/BA;Leste;Engavetamento;4;;;;;;;;;;8;;;;
30/11/2015;08:06:00;79;sem vítima;618;BR-324/BA;Leste;Colisão Lateral;1;;;1;;;;;;;2;;;;
30/11/2015;21:37:00;312;com vítima;619;BR-324/BA;Leste;Atropelamento de Pedestre;2;;;;;1;;;;;3;;1;;
30/11/2015;07:43:00;64;com vítima;911,1;BR-116/BA;Norte;Queda de Moto;;;;1;;;;;;;0;1;;;
01/12/2015;21:24:00;288;sem vítima;447,4;BR-116/BA;Sul;Outros;1;;;;;;;;;1;5;;;;
01/12/2015;23:13:00;308;sem vítima;592;BR-324/BA;Leste;Saida de Pista;;;1;;;;;;;;1;;;;
01/12/2015;17:41:00;234;sem vítima;614;BR-324/BA;Oeste;Colisão Traseira;2;;;;;;;;;;2;;;;
01/12/2015;18:40:00;256;com vítima;618,5;BR-324/BA;Leste;Colisão Traseira;1;;;1;;;;;;;2;;1;;
01/12/2015;21:42:00;294;sem vítima;720,1;BR-116/BA;Norte;Atropelamento de Animal;1;;;;;;;;;;1;;;;
01/12/2015;17:57:00;243;com vítima;922,2;BR-116/BA;Sul;Colisão Traseira;;;2;;;1;;;;;2;1;;;
02/12/2015;17:18:00;230;sem vítima;518;BR-324/BA;Oeste;Colisão Traseira;;;2;;;;;;;;2;;;;
02/12/2015;12:13:00;148;sem vítima;555,7;BR-324/BA;Oeste;Saida de Pista;1;;;;;;;;;;2;;;;
02/12/2015;12:15:00;167;com vítima;555,7;BR-324/BA;Oeste;Saida de Pista;1;;;;;;;;;;1;;1;1;
02/12/2015;09:39:00;102;sem vítima;583,5;BR-324/BA;Leste;Saida de Pista;1;;;;;;;;;;1;;;;
02/12/2015;18:39:00;248;sem vítima;618;BR-324/BA;Leste;Engavetamento;2;;;;;1;;;;;6;;;;
02/12/2015;19:34:00;268;com vítima;618;BR-324/BA;Leste;Colisão Traseira;;;;1;;1;;;;;1;1;;;
02/12/2015;17:33:00;234;com vítima;620;BR-324/BA;Oeste;Atropelamento de Pedestre;;;1;;;;;;;;2;1;;;
02/12/2015;19:26:00;264;sem vítima;622;BR-324/BA;Leste;Engavetamento;1;;2;;;;;;;;3;;;;
02/12/2015;22:18:00;306;sem vítima;543;BR-116/BA;Sul;Saida de Pista;;;1;;;;;;;;1;;;;
02/12/2015;03:54:00;14;sem vítima;806,1;BR-116/BA;Sul;Saida de Pista;;;1;;;;;;;;1;;;;
03/12/2015;05:31:00;30;sem vítima;430,3;BR-116/BA;Sul;Saida de Pista;;;1;;;;;;;;1;;;;
03/12/2015;06:04:00;38;sem vítima;599;BR-324/BA;Oeste;Colisão Traseira;2;;;;;;;;;;2;;;;
03/12/2015;18:31:00;211;sem vítima;612;BR-324/BA;Leste;Colisão Traseira;1;;;;;;;;;;5;;;;
03/12/2015;17:28:00;200;com vítima;619,8;BR-324/BA;Oeste;Colisão Traseira;;;2;;;;;;;;2;;;1;
03/12/2015;19:28:00;227;sem vítima;624;BR-324/BA;Oeste;Engavetamento;3;;;;;;;;;;4;;;;
04/12/2015;18:03:00;247;com vítima;526;BR-324/BA;Leste;Colisão Lateral;;;;1;;1;;;;;1;1;;;
04/12/2015;22:04:00;302;sem vítima;543;BR-324/BA;Oeste;Colisão Traseira;2;;;;;;;;;;4;;;;
04/12/2015;02:47:00;20;com vítima;559;BR-324/BA;Oeste;Tombamento;;;1;;;;;;;;0;;;;1
04/12/2015;22:12:00;305;sem vítima;593;BR-324/BA;Leste;Colisão Traseira;2;;;;;;;;;;4;;;;
04/12/2015;18:23:00;252;sem vítima;611;BR-324/BA;Oeste;Colisão Traseira;2;;;;;;;;;;2;;;;
04/12/2015;12:53:00;168;sem vítima;620;BR-324/BA;Oeste;Queda de Moto;;;;1;;;;;;;1;;;;
04/12/2015;22:31:00;308;com vítima;644,4;BR-116/BA;Norte;Choque Contra Objeto Fixo;;;1;;;1;;;;;1;1;;;
04/12/2015;03:04:00;22;com vítima;700;BR-116/BA;Sul;Colisão Lateral;;;2;;;;;;;;1;1;;;
04/12/2015;18:06:00;248;com vítima;817;BR-116/BA;Sul;Colisão Transversal;1;;;1;;;;;;;1;1;;;
05/12/2015;19:08:00;234;com vítima;13,8;BR-116/BA - Cont VC;Norte;Atropelamento de Pedestre;;;;;;1;;;;;1;;1;;
05/12/2015;15:52:00;171;sem vítima;547,8;BR-324/BA;Leste;Saida de Pista;;;1;;;;;;;;1;;;;
05/12/2015;16:40:00;189;sem vítima;568;BR-324/BA;Oeste;Capotamento;1;;;;;;;;;;1;;;;
05/12/2015;13:29:00;132;com vítima;593,15;BR-324/BA;Leste;Queda de Moto;;;;;;1;;;;;0;1;;;
05/12/2015;21:57:00;275;com vítima;619,3;BR-324/BA;Leste;Colisão Traseira;1;;;1;;;;;;;1;;2;;
05/12/2015;18:05:00;214;sem vítima;828;BR-116/BA;Norte;Saida de Pista;1;;;;;;;;;;3;;;;
06/12/2015;02:05:00;10;com vítima;25,2;BR-116/BA - Cont VC;Sul;Saida de Pista;1;;;;;;;;;;3;1;1;;
06/12/2015;11:27:00;89;sem vítima;442;BR-116/BA;Sul;Colisão Traseira;2;;;;;;;;;;5;;;;
06/12/2015;18:55:00;171;com vítima;518,5;BR-324/BA;Leste;Colisão Traseira;;;;1;;1;;;;;1;;;1;
06/12/2015;17:34:00;157;com vítima;531;BR-324/BA;Oeste;Queda de Moto;;;;1;;;;;;;0;;1;;
06/12/2015;18:37:00;169;sem vítima;541;BR-324/BA;Oeste;Saida de Pista;1;;;;;;;;;;5;;;;
06/12/2015;22:04:00;207;com vítima;543;BR-324/BA;Leste;Colisão Traseira;;;;2;;;;;;;1;;2;;
06/12/2015;22:52:00;213;sem vítima;454,5;BR-116/BA;Norte;Colisão Lateral;;;2;;;;;;;;2;;;;
06/12/2015;06:52:00;36;sem vítima;608,05;BR-324/BA;Leste;Queda de Moto;;;;1;;;;;;;2;;;;
06/12/2015;09:28:00;71;sem vítima;546;BR-116/BA;Sul;Colisão Frontal;1;;1;;;;;;;;2;;;;
06/12/2015;17:19:00;152;com vítima;601;BR-116/BA;Norte;Colisão Lateral;1;;1;;;;;;;;1;1;;;
06/12/2015;18:21:00;165;com vítima;725;BR-116/BA;Sul;Queda de Moto;;;;1;;;;;;;0;1;;;
06/12/2015;08:48:00;63;com vítima;778;BR-116/BA;Sul;Atropelamento - Ciclista;;1;1;;;;;;;;1;;1;;
06/12/2015;19:09:00;174;com vítima;847;BR-116/BA;Norte;Capotamento;1;;;;;;;;;;0;4;;;
07/12/2015;06:58:00;50;sem vítima;9;BA-526;Sul;Colisão Traseira;1;;;1;;;;;;;2;;;;
07/12/2015;10:37:00;133;com vítima;445;BR-116/BA;Sul;Atropelamento - Ciclista;1;1;;;;;;;;;4;;1;;
07/12/2015;14:56:00;199;com vítima;528,5;BR-324/BA;Leste;Colisão Lateral;;;1;1;;;;;;;1;;1;;
07/12/2015;22:12:00;309;sem vítima;473,3;BR-116/BA;Sul;Colisão Traseira;;;1;;1;;;;;;11;;;;
07/12/2015;04:42:00;23;com vítima;579;BR-324/BA;Oeste;Saida de Pista;1;;;;;;;;;;0;;1;;
08/12/2015;14:40:00;180;com vítima;526;BR-324/BA;Oeste;Choque Contra Objeto Fixo;;;;;;;;;;1;0;1;;;
08/12/2015;05:04:00;20;com vítima;587,5;BR-116/BA;Norte;Atropelamento de Pedestre;1;;;;;;;;;;4;1;;;
08/12/2015;23:01:00;261;sem vítima;727;BR-116/BA;Sul;Tombamento;;;1;;;;;;;;1;;;;
09/12/2015;17:45:00;228;sem vítima;560,3;BR-324/BA;Oeste;Saida de Pista;1;;;;;;;;;;1;;;;
09/12/2015;13:03:00;157;sem vítima;502,4;BR-116/BA;Norte;Saida de Pista;1;;;;;;;;;;2;;;;
09/12/2015;14:03:00;175;sem vítima;612,9;BR-324/BA;Oeste;Colisão Traseira;2;;;;;;;;;;6;;;;
09/12/2015;07:58:00;59;sem vítima;613,4;BR-324/BA;Leste;Engavetamento;2;;2;;;;;;;;4;;;;
09/12/2015;08:08:00;62;sem vítima;613,55;BR-324/BA;Leste;Colisão Lateral;1;;1;;;;;;;;2;;;;
09/12/2015;07:45:00;54;sem vítima;614,4;BR-324/BA;Leste;Saida de Pista;;;1;;;;;;;;1;;;;
09/12/2015;10:37:00;115;sem vítima;616,9;BR-324/BA;Leste;Colisão Traseira;2;;;;;;;;;;2;;;;
09/12/2015;09:07:00;86;sem vítima;618;BR-324/BA;Leste;Colisão Lateral;1;;;1;;;;;;;3;;;;
09/12/2015;23:47:00;294;sem vítima;555;BR-116/BA;Norte;Saida de Pista;;;1;;;1;;;;;2;;;;
09/12/2015;13:37:00;167;com vítima;615;BR-116/BA;Norte;Capotamento;1;;;;;;;;;;3;1;;;
09/12/2015;09:36:00;95;com vítima;813,3;BR-116/BA;Sul;Queda de Moto;;;;1;;;;;;;0;1;;;
10/12/2015;07:20:00;52;com vítima;561,7;BR-324/BA;Leste;Colisão Traseira;1;;1;;;;;;;;2;4;;;
10/12/2015;09:08:00;91;sem vítima;561,7;BR-324/BA;Leste;Saida de Pista;1;;;;;;;;;;1;;;;
10/12/2015;18:23:00;275;com vítima;576,2;BR-116/BA;Norte;Colisão Traseira;;;1;;;;;;;1;1;1;1;;
10/12/2015;16:11:00;226;sem vítima;739,5;BR-116/BA;Sul;Colisão Traseira;;;1;;;1;;;;;2;;;;
10/12/2015;23:21:00;332;sem vítima;746;BR-116/BA;Norte;Colisão Lateral;;;3;;;;;;;;4;;;;
10/12/2015;16:58:00;244;com vítima;812,8;BR-116/BA;Norte;Colisão Transversal;1;;1;;;;;;;;0;4;;;
11/12/2015;19:54:00;270;sem vítima;10,2;BR-116/BA - Cont VC;Sul;Atropelamento de Animal;;;;;;;;;;1;2;;;;
11/12/2015;20:09:00;272;sem vítima;10,2;BR-116/BA - Cont VC;Norte;Colisão Traseira;2;;;;;;;;;;7;;;;
11/12/2015;10:32:00;114;sem vítima;426,2;BR-116/BA;Norte;Tombamento;;;1;;;;;;;;1;;;;
11/12/2015;11:56:00;138;sem vítima;456;BR-116/BA;Sul;Colisão Traseira;;;2;;;;;;;;2;;;;
11/12/2015;12:18:00;144;sem vítima;555,1;BR-324/BA;Oeste;Colisão Traseira;2;;;;;;;;;;2;;;;
11/12/2015;09:58:00;97;sem vítima;581,4;BR-324/BA;Oeste;Engavetamento;5;;1;;;;;;;;13;;;;
11/12/2015;19:12:00;260;sem vítima;619;BR-324/BA;Oeste;Colisão Traseira;1;;;;;;;;;1;3;;;;
11/12/2015;17:05:00;214;com vítima;620;BR-324/BA;Oeste;Colisão Traseira;1;;;1;;;;;;;2;1;;;
11/12/2015;17:37:00;232;com vítima;565,2;BR-116/BA;Sul;Engavetamento;;;3;;;;;;;;2;;1;;
12/12/2015;09:05:00;92;sem vítima;527;BR-324/BA;Oeste;Capotamento;1;;;;;;;;;;1;;;;
12/12/2015;12:11:00;151;sem vítima;604;BR-324/BA;Leste;Colisão Lateral;1;;;;;;;;;1;3;;;;
12/12/2015;03:39:00;30;sem vítima;612;BR-324/BA;Oeste;Saida de Pista;1;;;;;;;;;;1;;;;
12/12/2015;06:46:00;52;com vítima;613,1;BR-324/BA;Leste;Colisão Traseira;;;;;2;;;;;;178;;2;;
12/12/2015;11:35:00;144;sem vítima;524,1;BR-116/BA;Norte;Colisão Traseira;1;;;;;;;;;1;10;;;;
12/12/2015;11:01:00;138;sem vítima;622;BR-324/BA;Leste;Saida de Pista;;;1;;;;;;;;1;;;;
12/12/2015;14:17:00;194;sem vítima;572,1;BR-116/BA;Norte;Colisão Lateral;;;2;;;;;;;;2;;;;
12/12/2015;09:19:00;96;sem vítima;708;BR-116/BA;Sul;Saida de Pista;1;;;;;;;;;;2;;;;
12/12/2015;10:12:00;118;sem vítima;817,8;BR-116/BA;Norte;Colisão Traseira;1;;;;;1;;;;;2;;;;
12/12/2015;13:51:00;182;com vítima;910;BR-116/BA;Norte;Colisão Traseira;1;;1;;;;;;;;2;1;;;
13/12/2015;16:55:00;182;sem vítima;13;BR-116/BA - Cont VC;Norte;Engavetamento;3;;;;;;;;;;3;;;;
13/12/2015;15:38:00;157;com vítima;29;BR-116/BA - Cont VC;Norte;Queda de Moto;;;;1;;;;;;;0;1;;;
13/12/2015;07:39:00;47;sem vítima;520,3;BR-324/BA;Leste;Saida de Pista;1;;;;;;;;;;4;;;;
13/12/2015;15:42:00;158;sem vítima;459;BR-116/BA;Norte;Queda de Moto;;;;1;;;;;;;1;;;;
13/12/2015;16:56:00;183;sem vítima;598,3;BR-324/BA;Oeste;Saida de Pista;;;1;;;;;;;;1;;;;
13/12/2015;17:46:00;199;com vítima;616,3;BR-324/BA;Oeste;Atropelamento de Pedestre;1;;;;;;;;;;2;;1;;
13/12/2015;21:54:00;250;com vítima;600;BR-116/BA;Sul;Colisão Traseira;;;1;;;;;;;1;2;1;;;
13/12/2015;18:51:00;218;com vítima;802,2;BR-116/BA;Sul;Queda de Moto;;;;1;;;;;;;0;1;1;;
13/12/2015;05:37:00;29;com vítima;813;BR-116/BA;Sul;Queda de Moto;;;;1;;;;;;;0;2;;;
13/12/2015;03:52:00;19;com vítima;814,5;BR-116/BA;Norte;Colisão Traseira;1;;;;;1;;;;;5;1;;;
13/12/2015;22:49:00;255;sem vítima;815;BR-116/BA;Sul;Colisão Traseira;1;;;;;;;;;1;2;;;;
13/12/2015;13:14:00;115;com vítima;815,5;BR-116/BA;Sul;Queda de Moto;;;;1;;;;;;;0;1;;;
14/12/2015;17:30:00;233;sem vítima;454;BR-116/BA;Sul;Engavetamento;1;;2;;;1;;;;;6;;;;
14/12/2015;17:45:00;241;com vítima;569;BR-324/BA;Oeste;Saida de Pista;1;;;;;;;;;;0;1;1;;
14/12/2015;06:53:00;54;sem vítima;613,1;BR-324/BA;Leste;Engavetamento;3;;;;;;;;;;7;;;;
14/12/2015;08:14:00;84;sem vítima;624,1;BR-324/BA;Leste;Queda de Moto;;;;1;;;;;;;2;;;;
14/12/2015;04:51:00;26;sem vítima;576;BR-116/BA;Norte;Capotamento;1;;;;;;;;;;1;;;;
14/12/2015;16:21:00;215;sem vítima;793,3;BR-116/BA;Sul;Saida de Pista;1;;;;;1;;;;;2;;;;
14/12/2015;09:34:00;113;sem vítima;815;BR-116/BA;Norte;Colisão Traseira;1;;;;;;;;;1;2;;;;
14/12/2015;18:29:00;251;sem vítima;854;BR-116/BA;Sul;Colisão Lateral;1;;1;;;;;;;;5;;;;
14/12/2015;10:28:00;131;com vítima;923,05;BR-116/BA;Norte;Colisão Lateral;;;4;;;;;;;;4;;1;;
15/12/2015;07:39:00;54;com vítima;7,5;BR-116/BA - Cont VC;Sul;Colisão Transversal;;;;1;;1;;;;;1;;1;;
15/12/2015;07:45:00;59;sem vítima;528,1;BR-324/BA;Oeste;Capotamento;1;;;;;;;;;;1;;;;
15/12/2015;14:29:00;178;com vítima;547;BR-324/BA;Oeste;Colisão Traseira;;;2;;;;;;;;3;;2;;
15/12/2015;16:34:00;201;sem vítima;554;BR-324/BA;Oeste;Colisão Traseira;3;;1;;;;;;;;4;;;;
15/12/2015;07:17:00;48;com vítima;569;BR-324/BA;Oeste;Colisão Frontal;1;;1;;;;;;;;5;1;;;
15/12/2015;01:51:00;10;sem vítima;602;BR-324/BA;Leste;Atropelamento de Animal;;;;;;;;;;1;1;;;;
15/12/2015;05:45:00;37;sem vítima;568;BR-116/BA;Sul;Saida de Pista;;;1;;;;;;;;1;;;;
15/12/2015;14:46:00;182;sem vítima;602,5;BR-116/BA;Norte;Saida de Pista;;;1;;;;;;;;1;;;;
16/12/2015;10:25:00;129;sem vítima;527;BR-324/BA;Oeste;Colisão Traseira;;;2;;;;;;;;2;;;;
16/12/2015;12:37:00;164;sem vítima;537;BR-324/BA;Leste;Colisão Lateral;2;;2;;;;;;;;10;;;;
16/12/2015;16:39:00;243;sem vítima;616,8;BR-324/BA;Oeste;Colisão Traseira;1;;;1;;;;;;;6;;;;
16/12/2015;13:37:00;181;sem vítima;619;BR-324/BA;Leste;Colisão Lateral;1;;1;;;;;;;;2;;;;
16/12/2015;09:11:00;95;com vítima;625;BR-324/BA;Leste;Queda de Moto;;;;1;;;;;;;0;2;;;
16/12/2015;09:37:00;108;sem vítima;625;BR-324/BA;Leste;Colisão Traseira;1;;;;;1;;;;;3;;;;
16/12/2015;06:47:00;32;sem vítima;667,1;BR-116/BA;Norte;Engavetamento;2;;;;;1;;;;;3;;;;
17/12/2015;07:25:00;56;sem vítima;8,9;BA-526;Norte;Colisão Transversal;2;;;;;;;;;;2;;;;
17/12/2015;07:20:00;53;sem vítima;571,1;BR-324/BA;Oeste;Saida de Pista;;;1;;;;;;;;3;;;;
17/12/2015;18:31:00;254;sem vítima;585,2;BR-324/BA;Oeste;Colisão Traseira;1;;;;;1;;;;;2;;;;
17/12/2015;14:15:00;178;sem vítima;622,8;BR-324/BA;Oeste;Colisão Traseira;2;;;;;;;;;;4;;;;
17/12/2015;16:10:00;208;sem vítima;622,8;BR-324/BA;Oeste;Colisão Lateral;1;;1;;;;;;;;2;;;;
17/12/2015;16:54:00;222;sem vítima;622,8;BR-324/BA;Oeste;Colisão Traseira;1;;;;;1;;;;;2;;;;
17/12/2015;07:26:00;58;sem vítima;624,8;BR-116/BA;Norte;Colisão Traseira;1;;;;;;;;;1;7;;;;
17/12/2015;07:34:00;60;sem vítima;864,3;BR-116/BA;Norte;Tombamento;;;1;;;;;;;;1;;;;
18/12/2015;09:41:00;110;sem vítima;9;BA-526;Sul;Colisão Traseira;1;;1;;;;;;;;4;;;;
18/12/2015;18:55:00;263;sem vítima;531;BR-324/BA;Oeste;Colisão Traseira;2;;;;;;;;;;5;;;;
18/12/2015;12:57:00;175;com vítima;577,2;BR-324/BA;Leste;Saida de Pista;1;;;;;1;;;;;2;1;;;
18/12/2015;13:50:00;183;com vítima;587;BR-324/BA;Oeste;Engavetamento;4;;4;;;;;;;1;8;;;1;
18/12/2015;03:23:00;18;sem vítima;595;BR-324/BA;Leste;Atropelamento de Animal;;;1;;;;;;;;1;;;;
18/12/2015;19:11:00;272;sem vítima;596;BR-324/BA;Oeste;Colisão Traseira;1;;1;;;;;;;1;6;;;;
18/12/2015;16:52:00;221;sem vítima;599;BR-324/BA;Oeste;Colisão Lateral;;;1;;;;;;;1;2;;;;
18/12/2015;17:57:00;248;com vítima;612;BR-324/BA;Leste;Queda de Moto;;;;1;;1;;;;;1;;;1;
18/12/2015;08:23:00;79;sem vítima;620,15;BR-324/BA;Leste;Engavetamento;3;;;;;;;;;;3;;;;
18/12/2015;11:14:00;142;sem vítima;608;BR-116/BA;Norte;Colisão Traseira;;;1;;;1;;;;;2;;;;
18/12/2015;07:53:00;65;com vítima;643;BR-116/BA;Sul;Colisão Lateral;;;2;;;;;;;;1;1;;;
18/12/2015;18:40:00;259;sem vítima;837;BR-116/BA;Norte;Colisão Traseira;2;;1;;;;;;;;7;;;;
18/12/2015;19:49:00;281;com vítima;866;BR-116/BA;Norte;Colisão Lateral;1;;;;;;;;;;0;2;;;
18/12/2015;10:02:00;119;com vítima;925,4;BR-116/BA;Norte;Colisão Lateral;1;;;;;;;;;1;2;2;2;;
19/12/2015;21:59:00;274;com vítima;22,1;BR-116/BA - Cont VC;Norte;Colisão Lateral;1;;;;;1;;;;;3;;1;;
19/12/2015;08:39:00;72;sem vítima;518;BR-324/BA;Oeste;Engavetamento;3;;;;;1;;;;;8;;;;
19/12/2015;22:34:00;280;com vítima;519;BR-324/BA;Oeste;Queda de Moto;;;;1;;;;;;;0;;;1;
19/12/2015;19:13:00;232;sem vítima;526;BR-324/BA;Oeste;Queda de Moto;;;;1;;;;;;;1;;;;
19/12/2015;05:52:00;32;sem vítima;530;BR-324/BA;Oeste;Saida de Pista;1;;;;;;;;;;1;;;;
19/12/2015;20:31:00;253;com vítima;592;BR-324/BA;Oeste;Saida de Pista;1;;;;;;;;;;1;2;1;;
19/12/2015;15:42:00;179;sem vítima;594,5;BR-324/BA;Leste;Saida de Pista;1;;;;;;;;;;1;;;;
19/12/2015;09:46:00;89;sem vítima;623;BR-324/BA;Leste;Colisão Traseira;1;;1;;;;;;;;3;;;;
19/12/2015;18:19:00;213;sem vítima;625;BR-324/BA;Leste;Colisão Traseira;1;;;;;1;;;;;2;;;;
19/12/2015;04:17:00;16;sem vítima;621,4;BR-116/BA;Sul;Atropelamento de Animal;;;;;1;;;;;;2;;;;
19/12/2015;04:23:00;19;sem vítima;621,4;BR-116/BA;Sul;Atropelamento de Animal;1;;;;;;;;;;3;;;;
19/12/2015;21:05:00;264;sem vítima;632,3;BR-116/BA;Sul;Atropelamento de Animal;1;;;;;;;;;;3;;;;
19/12/2015;19:07:00;227;com vítima;633,4;BR-116/BA;Norte;Queda de Moto;;;;;;1;;;;;0;;1;;
19/12/2015;18:36:00;220;com vítima;690,2;BR-116/BA;Norte;Atropelamento de Pedestre;;;1;;;;;;;;1;;;;1
19/12/2015;16:04:00;186;com vítima;724,3;BR-116/BA;Sul;Colisão Traseira;1;;1;;;;;;;;2;2;;;
19/12/2015;10:56:00;110;sem vítima;746,2;BR-116/BA;Sul;Engavetamento;;;1;;;1;;;;1;5;;;;
19/12/2015;23:20:00;286;com vítima;781,3;BR-116/BA;Norte;Saida de Pista;1;;;;;;;;;;2;1;;;
19/12/2015;21:41:00;271;com vítima;821,2;BR-116/BA;Sul;Queda de Moto;;;;1;;;;;;;0;;1;;
19/12/2015;15:51:00;182;sem vítima;833,8;BR-116/BA;Norte;Colisão Traseira;2;;;;;;;;;;10;;;;
19/12/2015;21:40:00;270;sem vítima;857,5;BR-116/BA;Norte;Colisão Traseira;1;;;;1;;;;;;52;;;;
19/12/2015;15:57:00;185;sem vítima;908,8;BR-116/BA;Sul;Colisão Lateral;1;;1;;;;;;;;2;;;;
19/12/2015;22:37:00;281;sem vítima;912,2;BR-116/BA;Norte;Colisão Lateral;1;;;;;1;;;;;6;;;;
20/12/2015;15:16:00;202;com vítima;5,5;BR-116/BA - ContSuFS;Sul;Atropelamento - Ciclista;;1;;;;;;;;1;1;;1;;
20/12/2015;19:16:00;286;com vítima;9;BR-116/BA - Cont VC;Sul;Colisão Lateral;1;;;1;;;;;;;3;2;;;