data;horario;n_da_ocorrencia;tipo_de_ocorrencia;km;trecho;sentido;tipo_de_acidente;automovel;bicicleta;caminhao;moto;onibus;outros;tracao_animal;transporte_de_cargas_especiais;trator_maquinas;utilitarios;ilesos;levemente_feridos;moderadamente_feridos;gravemente_feridos;mortos
08/01/2016;08:17:00;68;sem vítima;783,2;BR-116/BA;Sul;Colisão Transversal;1;;;;;;;;;1;6;;;;
08/01/2016;06:23:00;39;sem vítima;908,3;BR-116/BA;Norte;Saida de Pista;1;;;;;;;;;;4;;;;
09/01/2016;06:58:00;39;sem vítima;439;BR-116/BA;Sul;Queda de Moto;;;;1;;;;;;;1;;;;
09/01/2016;12:35:00;138;com vítima;553,3;BR-324/BA;Oeste;Saida de Pista;1;;;;;;;;;;0;;1;;
09/01/2016;19:48:00;243;sem vítima;619;BR-324/BA;Leste;Saida de Pista;1;;;;;;;;;;1;;;;
09/01/2016;19:01:00;224;sem vítima;620,2;BR-324/BA;Oeste;Colisão Traseira;1;;;;;1;;;;;4;;;;
09/01/2016;19:29:00;233;sem vítima;620;BR-324/BA;Oeste;Saida de Pista;1;;;;;;;;;;1;;;;
09/01/2016;10:58:00;102;sem vítima;620;BR-116/BA;Norte;Colisão Traseira;1;;;;;1;;;;;6;;;;
09/01/2016;13:58:00;151;sem vítima;802;BR-116/BA;Norte;Saida de Pista;;;1;;;;;;;;1;;;;
09/01/2016;16:23:00;191;sem vítima;808;BR-116/BA;Norte;Colisão Traseira;1;;;;;1;;;;;4;;;;
10/01/2016;12:40:00;133;sem vítima;441,1;BR-116/BA;Sul;Capotamento;1;;;;;;;;;;1;;;;
10/01/2016;20:31:00;243;sem vítima;542,3;BR-324/BA;Leste;Colisão Lateral;1;;1;;;;;;;;2;;;;
10/01/2016;16:18:00;185;sem vítima;546,3;BR-324/BA;Oeste;Saida de Pista;1;;;;;;;;;;3;;;;
10/01/2016;02:33:00;13;sem vítima;460;BR-116/BA;Norte;Colisão Frontal;;;1;;;1;;;;;2;;;;
10/01/2016;14:55:00;160;sem vítima;562,1;BR-324/BA;Oeste;Saida de Pista;;;1;;;;;;;;4;;;;
10/01/2016;17:05:00;199;sem vítima;596,1;BR-324/BA;Leste;Colisão Traseira;2;;;;;;;;;;4;;;;
10/01/2016;12:01:00;126;sem vítima;597;BR-324/BA;Leste;Saida de Pista;1;;;;;;;;;;4;;;;
10/01/2016;01:32:00;7;sem vítima;606,2;BR-324/BA;Oeste;Colisão Traseira;1;;;;;;;;;;2;;;;
10/01/2016;03:52:00;22;com vítima;714;BR-116/BA;Norte;Queda de Moto;;;;1;;;;;;;0;;1;;
10/01/2016;21:35:00;255;com vítima;739;BR-116/BA;Norte;Atropelamento - Pedestre;;;1;;;;;;;;1;;;;1
10/01/2016;10:05:00;82;com vítima;863;BR-116/BA;Norte;Colisão Lateral;1;;2;;;;;;;;3;2;1;;
11/01/2016;08:45:00;97;sem vítima;565;BR-324/BA;Oeste;Queda de Moto;1;;;1;;;;;;;6;;;;
11/01/2016;15:09:00;221;sem vítima;464;BR-116/BA;Sul;Colisão Lateral;1;;1;;;;;;;;3;;;;
11/01/2016;15:10:00;222;sem vítima;599;BR-324/BA;Oeste;Colisão Traseira;1;;1;;;;;;;;2;;;;
11/01/2016;15:31:00;227;sem vítima;607;BR-324/BA;Oeste;Colisão Traseira;2;;;;;;;;;;5;;;;
11/01/2016;17:45:00;267;sem vítima;612;BR-324/BA;Leste;Engavetamento;4;;;;;;;;;;5;;;;
11/01/2016;18:40:00;288;sem vítima;615;BR-324/BA;Leste;Engavetamento;3;;1;;1;;;;;;28;;;;
11/01/2016;12:18:00;175;sem vítima;616;BR-324/BA;Leste;Colisão Traseira;2;;;;;1;;;;;3;;;;
11/01/2016;08:05:00;82;sem vítima;621;BR-324/BA;Oeste;Colisão Lateral;1;;1;;;;;;;;2;;;;
11/01/2016;11:30:00;167;sem vítima;587,6;BR-116/BA;Norte;Colisão Lateral;1;;1;;;;;;;;3;;;;
12/01/2016;20:15:00;278;com vítima;17,5;BR-116/BA - Cont VC;Sul;Colisão Transversal;1;;;1;;;;;;;1;1;1;;
12/01/2016;12:43:00;159;com vítima;442;BR-116/BA;Sul;Tombamento;;;1;;;;;;;;0;1;;;
12/01/2016;12:47:00;161;sem vítima;559,1;BR-324/BA;Oeste;Saida de Pista;1;;;;;;;;;;1;;;;
12/01/2016;13:28:00;173;sem vítima;625;BR-116/BA;Sul;Saida de Pista;1;;;;;;;;;;3;;;;
12/01/2016;10:28:00;114;sem vítima;631;BR-116/BA;Norte;Colisão Lateral;1;;1;;;;;;;;2;;;;
12/01/2016;16:35:00;225;sem vítima;840;BR-116/BA;Norte;Queda de Moto;;;;1;;;;;;;1;;;;
12/01/2016;07:55:00;52;sem vítima;867,5;BR-116/BA;Norte;Capotamento;;;;;;;;;;1;1;;;;
12/01/2016;06:57:00;31;sem vítima;869,2;BR-116/BA;Norte;Colisão Lateral;1;;;;;;;;;1;10;;;;
13/01/2016;21:31:00;266;com vítima;16;BR-116/BA - Cont VC;Norte;Colisão Transversal;;;;2;;;;;;;1;1;;;
13/01/2016;04:35:00;31;sem vítima;427,3;BR-116/BA;Norte;Saida de Pista;1;;;;;;;;;;4;;;;
13/01/2016;10:41:00;117;sem vítima;518;BR-324/BA;Leste;Queda de Moto;;;;1;;;;;;;1;;;;
13/01/2016;17:39:00;223;sem vítima;487;BR-116/BA;Sul;Saida de Pista;1;;;;;;;;;;1;;;;
13/01/2016;18:37:00;238;sem vítima;622,5;BR-324/BA;Oeste;Engavetamento;3;;;;;;;;;;4;;;;
13/01/2016;09:03:00;88;sem vítima;625;BR-324/BA;Leste;Queda de Moto;;;;1;;;;;;;2;;;;
13/01/2016;16:16:00;200;sem vítima;609,4;BR-116/BA;Sul;Colisão Transversal;1;;1;;;;;;;;7;;;;
13/01/2016;10:53:00;121;sem vítima;897,5;BR-116/BA;Sul;Colisão Lateral;1;;1;;;;;;;;3;;;;
14/01/2016;17:50:00;273;sem vítima;599,1;BR-324/BA;Oeste;Saida de Pista;1;;;;;;;;;;1;;;;
14/01/2016;18:24:00;281;sem vítima;626,04;BR-324/BA;Leste;Capotamento;1;;;;;;;;;;1;;;;
14/01/2016;07:53:00;53;sem vítima;633,4;BR-116/BA;Sul;Colisão Transversal;1;;1;;;;;;;;5;;;;
14/01/2016;17:14:00;258;sem vítima;642;BR-116/BA;Norte;Saida de Pista;;;1;;;;;;;;1;;;;
14/01/2016;21:04:00;315;com vítima;767;BR-116/BA;Sul;Tombamento;;;1;;;;;;;;1;;1;;
14/01/2016;15:49:00;229;sem vítima;777,1;BR-116/BA;Norte;Colisão Traseira;;;1;;;1;;;;;2;;;;
14/01/2016;18:27:00;282;sem vítima;778,3;BR-116/BA;Sul;Saida de Pista;1;;;;;;;;;;1;;;;
14/01/2016;14:22:00;194;sem vítima;930;BR-116/BA;Sul;Colisão Traseira;;;2;;;;;;;;5;;;;
15/01/2016;18:59:00;257;com vítima;620,8;BR-324/BA;Leste;Colisão Traseira;1;;;1;;;;;;;2;;1;;
15/01/2016;18:31:00;247;sem vítima;622;BR-324/BA;Leste;Engavetamento;2;;;;1;;;;;;7;;;;
15/01/2016;19:01:00;259;sem vítima;625;BR-324/BA;Leste;Colisão Traseira;2;;;;;;;;;;6;;;;
15/01/2016;03:40:00;8;sem vítima;593,3;BR-116/BA;Sul;Tombamento;;;1;;;;;;;;1;;;;
16/01/2016;02:15:00;11;sem vítima;433,5;BR-116/BA;Norte;Colisão Traseira;1;;;;;1;;;;;2;;;;
16/01/2016;15:20:00;179;sem vítima;518;BR-324/BA;Leste;Saida de Pista;;;;;;;;;;1;1;;;;
16/01/2016;10:03:00;95;sem vítima;533,7;BR-324/BA;Leste;Colisão Traseira;2;;;1;;;;;;;6;;;;
16/01/2016;00:10:00;1;sem vítima;558;BR-324/BA;Leste;Saida de Pista;1;;;;;;;;;;1;;;;
16/01/2016;12:54:00;135;com vítima;561;BR-324/BA;Leste;Colisão Traseira;;;;1;;1;;;;;1;;;2;
16/01/2016;02:07:00;9;sem vítima;613;BR-324/BA;Oeste;Atropelamento - Animal;1;;;;;;;;;;1;;;;
16/01/2016;11:56:00;121;com vítima;618;BR-116/BA;Norte;Saida de Pista;1;;;;;;;;;;0;4;1;;
16/01/2016;19:41:00;241;com vítima;912,1;BR-116/BA;Sul;Colisão Traseira;2;;;;;;;;;;2;;1;;
17/01/2016;06:26:00;31;sem vítima;436,5;BR-116/BA;Sul;Saida de Pista;1;;;;;;;;;;2;;;;
17/01/2016;23:07:00;263;sem vítima;526;BR-324/BA;Leste;Atropelamento - Animal;;;1;;;;;;;;1;;;;
17/01/2016;18:58:00;212;com vítima;550;BR-324/BA;Oeste;Atropelamento - Animal;1;;;;;;;;;;0;1;;;
17/01/2016;17:10:00;184;com vítima;566;BR-324/BA;Oeste;Colisão Traseira;;;;1;;1;;;;;1;;1;;
17/01/2016;18:48:00;208;sem vítima;576;BR-324/BA;Leste;Colisão Lateral;2;;;;;;;;;;2;;;;
17/01/2016;16:08:00;171;com vítima;577;BR-324/BA;Oeste;Saida de Pista;1;;;;;;;;;;0;2;;;
17/01/2016;00:06:00;2;sem vítima;594,4;BR-116/BA;Norte;Saida de Pista;;;1;;;;;;;;1;;;;
17/01/2016;20:32:00;242;com vítima;668,4;BR-116/BA;Sul;Colisão Traseira;1;;;1;;;;;;;1;1;;;
17/01/2016;19:54:00;230;com vítima;669,2;BR-116/BA;Sul;Colisão Lateral;1;;1;;;;;;;;4;1;;;
17/01/2016;01:04:00;7;sem vítima;719;BR-116/BA;Sul;Saida de Pista;1;;;;;;;;;;1;;;;
17/01/2016;06:11:00;30;com vítima;736,2;BR-116/BA;Sul;Colisão Frontal;1;;1;;;;;;;;1;;;1;1
17/01/2016;08:14:00;53;sem vítima;804;BR-116/BA;Sul;Saida de Pista;1;;;;;;;;;;3;;;;
18/01/2016;19:13:00;305;sem vítima;441,8;BR-116/BA;Sul;Tombamento;;;1;;;;;;;;2;;;;
18/01/2016;22:49:00;331;sem vítima;469,05;BR-116/BA;Norte;Colisão Lateral;1;;;;;1;;;;;6;;;;
18/01/2016;04:12:00;22;com vítima;578;BR-324/BA;Leste;Saida de Pista;1;;;;;;;;;;3;1;1;;
18/01/2016;00:59:00;4;sem vítima;479,6;BR-116/BA;Norte;Atropelamento - Animal;;;1;;;;;;;;3;;;;
18/01/2016;16:30:00;259;com vítima;590,7;BR-324/BA;Oeste;Saida de Pista;1;;;;;;;;;;2;2;1;;
18/01/2016;16:38:00;260;sem vítima;609,1;BR-324/BA;Leste;Colisão Traseira;2;;;;;;;;;;5;;;;
18/01/2016;16:38:00;283;sem vítima;609,1;BR-324/BA;Leste;Colisão Traseira;;;;;;;;;;2;2;;;;
18/01/2016;05:26:00;27;sem vítima;623;BR-324/BA;Leste;Colisão Traseira;1;;;;;1;;;;;3;;;;
18/01/2016;11:56:00;173;com vítima;933;BR-116/BA;Sul;Saida de Pista;1;;;;;;;;;;0;1;;;
19/01/2016;14:42:00;198;sem vítima;531;BR-324/BA;Leste;Engavetamento;1;;;;;2;;;;;7;;;;
19/01/2016;21:47:00;276;sem vítima;560;BR-324/BA;Oeste;Saida de Pista;1;;;;;;;;;;1;;;;
19/01/2016;17:19:00;233;sem vítima;567;BR-324/BA;Oeste;Saida de Pista;1;;;;;;;;;;1;;;;
19/01/2016;21:18:00;273;sem vítima;602;BR-324/BA;Oeste;Saida de Pista;1;;;;;;;;;;2;;;;
19/01/2016;17:44:00;235;sem vítima;616;BR-324/BA;Leste;Engavetamento;2;;;;;2;;;;;10;;;;
19/01/2016;07:54:00;62;com vítima;620;BR-324/BA;Leste;Colisão Traseira;1;;;1;;;;;;;2;;1;;
19/01/2016;17:16:00;231;com vítima;622;BR-116/BA;Norte;Saida de Pista;1;;;;;;;;;;3;1;;;
20/01/2016;13:48:00;172;sem vítima;5,1;BA-526;Norte;Saida de Pista;1;;;;;;;;;;1;;;;
20/01/2016;19:28:00;259;sem vítima;560;BR-324/BA;Oeste;Saida de Pista;1;;;;;;;;;;1;;;;
20/01/2016;09:39:00;90;com vítima;592,6;BR-324/BA;Oeste;Queda de Moto;;;;1;;;;;;;0;1;1;;
20/01/2016;10:48:00;114;sem vítima;606;BR-324/BA;Oeste;Saida de Pista;1;;;;;;;;;;1;;;;
20/01/2016;13:24:00;163;sem vítima;645;BR-116/BA;Norte;Saida de Pista;1;;;;;;;;;;1;;;;
20/01/2016;23:51:00;291;sem vítima;672,3;BR-116/BA;Sul;Atropelamento - Animal;;;;;;;;;;1;2;;;;
20/01/2016;13:25:00;165;com vítima;685,1;BR-116/BA;Norte;Saida de Pista;1;;;;;;;;;;0;5;;;
20/01/2016;05:36:00;21;sem vítima;750;BR-116/BA;Norte;Colisão Traseira;;;2;;;;;;;;4;;;;
20/01/2016;11:08:00;120;com vítima;886,2;BR-116/BA;Norte;Saida de Pista;1;;;;;;;;;;0;1;;;
21/01/2016;21:30:00;260;sem vítima;5;BR-116/BA - ContSuFS;Sul;Saida de Pista;1;;;;;;;;;;1;;;;
21/01/2016;12:00:00;120;com vítima;15,3;BR-116/BA - Cont VC;Norte;Saida de Pista;1;;;;;;;;;;0;1;;;
21/01/2016;00:15:00;2;sem vítima;444,5;BR-116/BA;Norte;Saida de Pista;;;;;;;;;;1;1;;;;
21/01/2016;16:23:00;192;sem vítima;549;BR-324/BA;Leste;Colisão Traseira;2;;1;;;;;;;;4;;;;
21/01/2016;08:41:00;56;sem vítima;461;BR-116/BA;Sul;Colisão Traseira;;;2;;;1;;;;;4;;;;
21/01/2016;03:01:00;7;sem vítima;587,08;BR-324/BA;Oeste;Saida de Pista;1;;;;;;;;;;1;;;;
21/01/2016;19:23:00;238;sem vítima;603;BR-324/BA;Leste;Colisão Traseira;2;;;;;;;;;;3;;;;
21/01/2016;14:23:00;158;com vítima;672,3;BR-116/BA;Sul;Colisão Transversal;2;;;;;;;;;;2;;1;;
22/01/2016;21:30:00;332;sem vítima;7;BR-116/BA - Cont VC;Norte;Colisão Transversal;;;;2;;;;;;;2;;;;
22/01/2016;10:38:00;136;sem vítima;518,6;BR-324/BA;Leste;Colisão Lateral;;;1;;;;;;;1;4;;;;
22/01/2016;16:18:00;230;sem vítima;526,8;BR-324/BA;Leste;Colisão Traseira;2;;;;;;;;;;2;;;;
22/01/2016;08:40:00;92;sem vítima;534,5;BR-324/BA;Leste;Saida de Pista;1;;;;;;;;;;1;;;;
22/01/2016;22:59:00;347;sem vítima;545,1;BR-324/BA;Oeste;Saida de Pista;1;;;;;;;;;;5;;;;
22/01/2016;18:24:00;270;com vítima;462;BR-116/BA;Norte;Colisão Transversal;;1;;;;1;;;;;1;;;1;
22/01/2016;00:33:00;2;sem vítima;584;BR-324/BA;Leste;Saida de Pista;;;1;;;;;;;;2;;;;
22/01/2016;04:33:00;24;sem vítima;603;BR-324/BA;Leste;Saida de Pista;1;;;;;;;;;;3;;;;
22/01/2016;03:53:00;20;sem vítima;620;BR-324/BA;Oeste;Saida de Pista;1;;;;;;;;;;2;;;;
22/01/2016;17:47:00;258;sem vítima;623;BR-324/BA;Leste;Colisão Lateral;2;;;;;1;;;;;5;;;;
22/01/2016;21:20:00;327;com vítima;675,1;BR-116/BA;Norte;Colisão Frontal;1;;;1;;;;;;;1;;;;1
22/01/2016;04:30:00;22;sem vítima;862;BR-116/BA;Norte;Saida de Pista;;;1;;;;;;;;2;;;;
22/01/2016;03:04:00;16;com vítima;862,9;BR-116/BA;Norte;Saida de Pista;;;1;;;;;;;;0;1;;;
23/01/2016;04:06:00;19;sem vítima;554;BR-324/BA;Leste;Saida de Pista;1;;;;;;;;;;1;;;;
23/01/2016;20:35:00;272;com vítima;461;BR-116/BA;Norte;Colisão Frontal;1;;;1;;;;;;;2;;;1;
23/01/2016;23:18:00;296;sem vítima;579;BR-324/BA;Leste;Saida de Pista;;;1;;;;;;;;1;;;;
23/01/2016;08:33:00;77;com vítima;614,03;BR-324/BA;Leste;Colisão Traseira;1;;;1;;;;;;;1;;1;;
23/01/2016;00:32:00;7;sem vítima;619,2;BR-324/BA;Leste;Saida de Pista;1;;;;;;;;;;3;;;;
23/01/2016;10:32:00;110;sem vítima;579;BR-116/BA;Sul;Tombamento;;;1;;;;;;;;1;;;;
23/01/2016;11:38:00;131;sem vítima;640,2;BR-116/BA;Norte;Tombamento;;;1;;;;;;;;1;;;;
23/01/2016;21:06:00;281;sem vítima;642,1;BR-116/BA;Norte;Tombamento;;;1;;;1;;;;;2;;;;
23/01/2016;17:20:00;231;com vítima;673;BR-116/BA;Norte;Atropelamento - Ciclista;;1;1;;;;;;;;1;1;;;
23/01/2016;02:28:00;14;sem vítima;919;BR-116/BA;Norte;Saida de Pista;;;1;;;;;;;;1;;;;
24/01/2016;12:57:00;126;sem vítima;442,1;BR-116/BA;Norte;Colisão Traseira;2;;;;;;;;;;6;;;;
24/01/2016;04:37:00;24;sem vítima;467;BR-116/BA;Sul;Tombamento;;;1;;;;;;;;1;;;;
24/01/2016;16:15:00;170;sem vítima;473;BR-116/BA;Sul;Saida de Pista;1;;;;;1;;;;;3;;;;
24/01/2016;16:31:00;176;com vítima;696,3;BR-116/BA;Norte;Saida de Pista;1;;;;;;;;;;1;2;;;
24/01/2016;17:45:00;193;sem vítima;781,3;BR-116/BA;Sul;Colisão Traseira;1;;;;;1;;;;;2;;;;
25/01/2016;18:58:00;260;com vítima;16;BR-116/BA - Cont VC;Sul;Colisão Transversal;2;;;;;;;;;;4;1;;;
25/01/2016;08:30:00;74;com vítima;528;BR-324/BA;Oeste;Colisão Lateral;1;;;;;;;;;1;2;2;1;;
25/01/2016;20:30:00;280;com vítima;461;BR-116/BA;Sul;Colisão Traseira;2;;1;;;;;;;;9;1;;;
25/01/2016;04:14:00;16;sem vítima;483;BR-116/BA;Sul;Saida de Pista;;;;;;;;;;1;1;;;;
25/01/2016;11:45:00;144;sem vítima;617;BR-324/BA;Oeste;Engavetamento;3;;;;;1;;;;;4;;;;
25/01/2016;00:25:00;2;sem vítima;623,4;BR-324/BA;Leste;Saida de Pista;1;;;;;;;;;;5;;;;
25/01/2016;09:35:00;91;com vítima;775,2;BR-116/BA;Norte;Colisão Traseira;1;;;1;;;;;;;2;1;;;
26/01/2016;12:03:00;160;sem vítima;551;BR-324/BA;Oeste;Colisão Traseira;;;1;;;;;;;1;2;;;;
26/01/2016;06:18:00;39;sem vítima;561,8;BR-324/BA;Oeste;Saida de Pista;1;;;;;;;;;;1;;;;
26/01/2016;09:20:00;92;sem vítima;578,2;BR-324/BA;Oeste;Saida de Pista;1;;;;;;;;;;5;;;;
26/01/2016;10:45:00;129;sem vítima;521;BR-116/BA;Sul;Colisão Traseira;1;;;1;;;;;;;2;;;;
26/01/2016;16:04:00;221;sem vítima;619,1;BR-324/BA;Oeste;Colisão Traseira;2;;;;;;;;;;2;;;;
26/01/2016;18:49:00;258;sem vítima;625,2;BR-324/BA;Leste;Colisão Traseira;1;;;;;1;;;;;2;;;;
26/01/2016;19:14:00;265;sem vítima;669,05;BR-116/BA;Norte;Atropelamento - Animal;1;;;;;;;;;;2;;;;
27/01/2016;09:43:00;100;com vítima;559;BR-324/BA;Oeste;Colisão Lateral;2;;;;;;;;;;2;1;;;
27/01/2016;21:00:00;289;com vítima;461,4;BR-116/BA;Sul;Queda de Moto;;;;1;;;;;;;0;1;;;
27/01/2016;22:44:00;301;sem vítima;581;BR-324/BA;Leste;Saida de Pista;;;;;;;;;;1;3;;;;
27/01/2016;17:51:00;239;sem vítima;615;BR-324/BA;Oeste;Engavetamento;3;;;;;;;;;;3;;;;
27/01/2016;09:40:00;99;com vítima;532;BR-116/BA;Norte;Colisão Transversal;1;;;;;;;;;1;2;2;;;
27/01/2016;13:45:00;173;com vítima;816;BR-116/BA;Norte;Colisão Traseira;;;2;;;;;;;;2;1;;;
27/01/2016;20:08:00;277;com vítima;829;BR-116/BA;Norte;Outros;;1;;;;;;;;;0;;;1;
28/01/2016;07:34:00;41;com vítima;4,5;BR-116/BA - Cont VC;Sul;Capotamento;1;;;;;;;;;;1;1;;;
28/01/2016;16:27:00;194;sem vítima;533,2;BR-324/BA;Leste;Colisão Traseira;;;1;;;1;;;;;2;;;;
28/01/2016;18:49:00;235;sem vítima;537,41;BR-324/BA;Leste;Saida de Pista;1;;;;;;;;;;1;;;;
28/01/2016;17:28:00;216;sem vítima;543,05;BR-324/BA;Oeste;Colisão Lateral;2;;;;;;;;;;5;;;;
28/01/2016;14:00:00;155;com vítima;541,9;BR-116/BA;Norte;Queda de Moto;;;;1;;;;;;;0;1;;;
28/01/2016;14:18:00;159;com vítima;807,1;BR-116/BA;Sul;Queda de Moto;;;;1;;;;;;;0;1;;;
28/01/2016;22:40:00;277;com vítima;854,5;BR-116/BA;Norte;Atropelamento - Pedestre;;;;;;1;;;;;1;;;;1
29/01/2016;23:15:00;319;sem vítima;3;BR-116/BA - ContSuFS;Norte;Colisão Traseira;1;;1;;;;;;;;2;;;;
29/01/2016;17:13:00;242;com vítima;7;BR-116/BA - ContSuFS;Sul;Colisão Traseira;;;1;1;;;;;;;1;1;;;
29/01/2016;15:52:00;220;sem vítima;520;BR-324/BA;Oeste;Colisão Traseira;;;1;;1;;;;;;2;;;;
29/01/2016;17:29:00;246;com vítima;541;BR-324/BA;Oeste;Atropelamento - Pedestre;;;;;1;;;;;;1;;;;1
29/01/2016;12:23:00;160;com vítima;565;BR-324/BA;Oeste;Capotamento;1;;;;;;;;;;1;2;;;
29/01/2016;15:34:00;217;com vítima;465;BR-116/BA;Sul;Colisão Transversal;1;;1;;;;;;;;2;;1;;
29/01/2016;11:52:00;152;com vítima;605;BR-324/BA;Oeste;Colisão Traseira;;;1;1;;;;;;;1;1;;;
29/01/2016;16:07:00;223;com vítima;652;BR-116/BA;Sul;Colisão Lateral;1;;;1;;;;;;;2;;1;1;
29/01/2016;18:06:00;257;com vítima;778,1;BR-116/BA;Sul;Engavetamento;4;;;;;;;;;;12;1;;;
29/01/2016;03:31:00;17;sem vítima;857;BR-116/BA;Sul;Saida de Pista;;;1;;;;;;;;1;;;;
30/01/2016;08:05:00;64;sem vítima;547,3;BR-324/BA;Oeste;Engavetamento;4;;;;;1;;;;;14;;;;
30/01/2016;22:06:00;271;sem vítima;573,1;BR-324/BA;Oeste;Saida de Pista;1;;;;;;;;;;4;;;;
30/01/2016;02:59:00;11;sem vítima;606;BR-324/BA;Leste;Saida de Pista;1;;;;;;;;;;1;;;;
30/01/2016;18:15:00;225;sem vítima;527,2;BR-116/BA;Norte;Engavetamento;;;2;;;1;;;;;3;;;;
30/01/2016;13:12:00;143;com vítima;528;BR-116/BA;Sul;Queda de Moto;;;;1;;;;;;;0;1;;;
30/01/2016;17:23:00;210;sem vítima;565,05;BR-116/BA;Norte;Colisão Traseira;;;2;;;;;;;;2;;;;
30/01/2016;00:12:00;1;com vítima;631;BR-116/BA;Norte;Colisão Transversal;;;;1;;1;;;;;1;;;1;
30/01/2016;13:47:00;152;com vítima;776,8;BR-116/BA;Norte;Atropelamento - Pedestre;;;1;;;;;;;;1;1;;;
31/01/2016;22:26:00;241;sem vítima;4;BR-116/BA - ContSuFS;Norte;Colisão Traseira;1;;;;;1;;;;;5;;;;
31/01/2016;11:26:00;102;com vítima;22,5;BR-116/BA - Cont VC;Sul;Saida de Pista;;;1;1;;;;;;;2;;;;4
31/01/2016;09:25:00;69;sem vítima;518;BR-324/BA;Oeste;Colisão Traseira;2;;;;;;;;;;2;;;;
31/01/2016;07:42:00;48;sem vítima;451;BR-116/BA;Sul;Engavetamento;;;3;;;;;;;;3;;;;
31/01/2016;19:20:00;221;com vítima;537;BR-324/BA;Oeste;Queda de Moto;;;;1;;;;;;;0;;;2;
31/01/2016;20:52:00;234;sem vítima;458;BR-116/BA;Norte;Engavetamento;1;;;;;3;;;;;5;;;;
31/01/2016;15:03:00;147;sem vítima;462;BR-116/BA;Norte;Colisão Traseira;;;2;;;;;;;;2;;;;
31/01/2016;21:19:00;235;sem vítima;595;BR-324/BA;Oeste;Saida de Pista;1;;;;;;;;;;1;;;;
31/01/2016;06:16:00;33;com vítima;603;BR-324/BA;Leste;Colisão Traseira;;;;1;;1;;;;;1;;1;;
31/01/2016;00:23:00;5;sem vítima;607;BR-324/BA;Leste;Colisão Traseira;2;;;;;;;;;;5;;;;
31/01/2016;15:48:00;160;sem vítima;624;BR-324/BA;Leste;Colisão Traseira;1;;;1;;;;;;;2;;;;
31/01/2016;11:05:00;97;sem vítima;566;BR-116/BA;Norte;Colisão Traseira;;;1;;;1;;;;;2;;;;
31/01/2016;09:26:00;70;com vítima;676;BR-116/BA;Sul;Saida de Pista;;1;;1;;;;;;;0;2;;;
31/01/2016;01:39:00;14;sem vítima;777;BR-116/BA;Norte;Colisão Traseira;1;;1;;;1;;;;;5;;;;
31/01/2016;06:01:00;29;com vítima;821,4;BR-116/BA;Sul;Saida de Pista;1;;;;;;;;;;1;4;;;
31/01/2016;10:16:00;82;sem vítima;876,5;BR-116/BA;Sul;Saida de Pista;;;1;;;;;;;;1;;;;
01/02/2016;08:33:00;101;sem vítima;9,1;BA-526;Norte;Engavetamento;2;;1;;1;1;;;;;10;;;;
01/02/2016;13:12:00;194;sem vítima;16;BR-116/BA - Cont VC;Sul;Colisão Traseira;2;;;;;;;;;;3;;;;
01/02/2016;08:55:00;114;sem vítima;439;BR-116/BA;Norte;Colisão Traseira;;;1;;1;;;;;;46;;;;
01/02/2016;15:33:00;237;sem vítima;520,1;BR-324/BA;Leste;Colisão Traseira;2;;;;;;;;;;5;;;;
01/02/2016;05:57:00;33;sem vítima;523,3;BR-324/BA;Leste;Colisão Traseira;1;;;;;1;;;;;2;;;;
01/02/2016;22:44:00;325;sem vítima;592;BR-324/BA;Leste;Saida de Pista;1;;;;;;;;;;3;;;;
01/02/2016;06:57:00;57;sem vítima;607;BR-324/BA;Leste;Colisão Traseira;2;;;;;;;;;;4;;;;
01/02/2016;05:29:00;29;com vítima;535,2;BR-116/BA;Norte;Saida de Pista;;;;;;;;;;1;2;2;;;
01/02/2016;20:38:00;310;com vítima;545,2;BR-116/BA;Norte;Colisão Traseira;1;;;1;;;;;;;2;;;1;
01/02/2016;19:51:00;301;sem vítima;749,8;BR-116/BA;Sul;Saida de Pista;1;;;;;;;;;;1;;;;
01/02/2016;16:32:00;252;sem vítima;873;BR-116/BA;Sul;Colisão Traseira;1;;1;;;;;;;;5;;;;
01/02/2016;09:06:00;117;sem vítima;873,3;BR-116/BA;Norte;Colisão Traseira;2;;;;;;;;;;2;;;;
02/02/2016;13:48:00;155;com vítima;449;BR-116/BA;Norte;Queda de Moto;;;;1;;1;;;;;1;;;1;
02/02/2016;04:34:00;16;sem vítima;565;BR-324/BA;Oeste;Saida de Pista;1;;;;;;;;;;1;;;;
02/02/2016;12:59:00;144;sem vítima;498,5;BR-116/BA;Norte;Colisão Traseira;;;2;;;;;;;;2;;;;
02/02/2016;01:48:00;10;com vítima;660,1;BR-116/BA;Norte;Colisão Frontal;;;2;;;1;;;;1;5;5;2;2;2
02/02/2016;01:21:00;8;com vítima;674;BR-116/BA;Norte;Queda de Moto;;;;1;;;;;;;0;;1;;
02/02/2016;11:39:00;129;sem vítima;792;BR-116/BA;Norte;Engavetamento;1;;1;;1;;;;;;45;;;;
02/02/2016;09:13:00;86;sem vítima;817;BR-116/BA;Sul;Colisão Transversal;;;;;;1;;;;1;2;;;;
03/02/2016;17:37:00;228;com vítima;534,3;BR-324/BA;Oeste;Saida de Pista;1;;;;;;;;;;2;2;;;
03/02/2016;01:36:00;12;sem vítima;543;BR-324/BA;Oeste;Saida de Pista;1;;;;;;;;;;3;;;;
03/02/2016;14:26:00;178;sem vítima;580,1;BR-324/BA;Leste;Saida de Pista;1;;;;;;;;;;1;;;;