data;horario;n_da_ocorrencia;tipo_de_ocorrencia;km;trecho;sentido;tipo_de_acidente;automovel;bicicleta;caminhao;moto;onibus;outros;tracao_animal;transporte_de_cargas_especiais;trator_maquinas;utilitarios;ilesos;levemente_feridos;moderadamente_feridos;gravemente_feridos;mortos
27/06/2016;21:00:00;366;sem vítima;585,2;BR-324/BA;Leste;Colisão Traseira;2;;;;;;;;;;7;;;;
28/06/2016;05:26:00;17;sem vítima;581,2;BR-116/BA;Sul;Saida de Pista;;;1;;;;;;;;1;;;;
28/06/2016;06:50:00;28;com vítima;0;BR-116/BA - ContSuFS;Sul;Colisão Lateral;1;;;1;;;;;;;1;;1;;
28/06/2016;07:45:00;47;sem vítima;624,9;BR-324/BA;Leste;Queda de Moto;;;;1;;;;;;;1;;;;
28/06/2016;08:25:00;65;com vítima;610;BR-324/BA;Oeste;Queda de Moto;;;;1;;;;;;;0;;2;;
28/06/2016;09:30:00;92;sem vítima;531,9;BR-324/BA;Leste;Engavetamento;2;;1;;;;;;;1;6;;;;
28/06/2016;10:22:00;105;sem vítima;539;BR-324/BA;Leste;Colisão Traseira;1;;1;;;;;;;;2;;;;
28/06/2016;11:37:00;124;com vítima;598,5;BR-324/BA;Oeste;Choque Contra Objeto Fixo;1;;;;;;;;;;0;;;;1
28/06/2016;12:54:00;145;sem vítima;16,8;BR-116/BA - Cont VC;Sul;Colisão Transversal;1;;1;;;;;;;;4;;;;
28/06/2016;17:14:00;204;com vítima;10;BR-116/BA - Cont VC;Sul;Colisão Transversal;;;;1;;;;;;1;2;;1;;
28/06/2016;18:48:00;232;com vítima;886;BR-116/BA;Norte;Colisão Traseira;;;;1;;1;;;;;1;;;;1
28/06/2016;20:34:00;246;sem vítima;561,3;BR-324/BA;Leste;Colisão Lateral;1;;1;;;;;;;;3;;;;
29/06/2016;07:08:00;35;com vítima;672,8;BR-116/BA;Sul;Colisão Transversal;;;1;1;;;;;;;1;;;2;
29/06/2016;09:49:00;100;com vítima;453,1;BR-116/BA;Norte;Colisão Traseira;1;;;1;;;;;;;1;;1;;
29/06/2016;13:24:00;160;sem vítima;17;BR-116/BA - Cont VC;Sul;Colisão Lateral;1;;;1;;;;;;;3;;;;
29/06/2016;15:55:00;203;sem vítima;933,5;BR-116/BA;Sul;Colisão Transversal;1;;;;;;;;;1;3;;;;
29/06/2016;17:08:00;224;sem vítima;592;BR-324/BA;Leste;Colisão Traseira;2;;;;;1;;;;;8;;;;
29/06/2016;18:03:00;232;sem vítima;623;BR-324/BA;Oeste;Engavetamento;5;;;;;;;;;;9;;;;
29/06/2016;19:14:00;245;sem vítima;566;BR-116/BA;Norte;Engavetamento;;;2;;;1;;;;;3;;;;
30/06/2016;07:33:00;43;com vítima;622,6;BR-324/BA;Leste;Queda de Moto;;;;1;;;;;;;0;1;;;
30/06/2016;07:51:00;53;com vítima;625,1;BR-324/BA;Oeste;Queda de Moto;;;;1;;;;;;;0;1;;;
30/06/2016;08:04:00;55;sem vítima;626,05;BR-324/BA;Oeste;Colisão Lateral;1;;;1;;;;;;;2;;;;
30/06/2016;08:07:00;56;com vítima;15,3;BR-116/BA - Cont VC;Sul;Colisão Lateral;;;;1;;;;;;1;1;;1;;
30/06/2016;19:01:00;247;sem vítima;614;BR-324/BA;Leste;Engavetamento;2;;;;;1;;;;;4;;;;
30/06/2016;19:52:00;260;sem vítima;753;BR-116/BA;Sul;Colisão Lateral;1;;1;;;;;;;;2;;;;
30/06/2016;23:00:00;300;sem vítima;596;BR-116/BA;Norte;Saida de Pista;1;;;;;;;;;;2;;;;
01/07/2016;09:18:00;84;sem vítima;920,2;BR-116/BA;Norte;Saida de Pista;1;;1;;;;;;;;3;;;;
01/07/2016;14:19:00;176;sem vítima;536,7;BR-324/BA;Oeste;Saida de Pista;;;1;;;;;;;;1;;;;
01/07/2016;14:51:00;191;sem vítima;608,1;BR-324/BA;Leste;Colisão Traseira;1;;;1;;;;;;;3;;;;
01/07/2016;16:16:00;213;com vítima;16;BR-116/BA - Cont VC;Sul;Queda de Moto;;;;1;;1;;;;;1;1;;;
01/07/2016;17:47:00;236;com vítima;525,3;BR-324/BA;Leste;Queda de Moto;;;;1;;;;;;;0;1;;;
01/07/2016;18:06:00;243;sem vítima;612,2;BR-324/BA;Leste;Engavetamento;4;;;;;1;;;;1;13;;;;
01/07/2016;18:29:00;251;sem vítima;642,6;BR-116/BA;Norte;Saida de Pista;;;1;;;;;;;;1;;;;
01/07/2016;18:45:00;257;com vítima;608;BR-324/BA;Leste;Engavetamento;4;;;;;;;;;;6;2;;;
01/07/2016;19:45:00;279;com vítima;588,2;BR-116/BA;Sul;Sequência;2;;;;;;;;;1;4;4;;;
01/07/2016;20:00:00;283;com vítima;885,8;BR-116/BA;Sul;Saida de Pista;1;;;;;;;;;;2;1;;;
02/07/2016;00:53:00;7;sem vítima;582;BR-324/BA;Leste;Saida de Pista;;;;;;;;;;1;1;;;;
02/07/2016;07:52:00;49;sem vítima;460;BR-116/BA;Sul;Colisão Traseira;1;;;;;1;;;;;2;;;;
02/07/2016;08:06:00;53;sem vítima;700,2;BR-116/BA;Norte;Saida de Pista;1;;;;;;;;;;1;;;;
02/07/2016;10:19:00;88;com vítima;696;BR-116/BA;Norte;Saida de Pista;1;;;;;;;;;;1;1;1;;
02/07/2016;10:44:00;95;sem vítima;627;BR-116/BA;Sul;Colisão Traseira;1;;1;;;;;;;;3;;;;
02/07/2016;13:11:00;126;sem vítima;524;BR-116/BA;Norte;Saida de Pista;1;;;;;;;;;;1;;;;
02/07/2016;14:26:00;146;sem vítima;593,1;BR-324/BA;Leste;Colisão Traseira;2;;;;;;;;;;6;;;;
02/07/2016;18:13:00;195;sem vítima;616,4;BR-116/BA;Sul;Engavetamento;;;3;;;;;;;;3;;;;
02/07/2016;22:14:00;245;com vítima;512;BR-116/BA;Sul;Saida de Pista;;;1;;;;;;;;0;1;;;
03/07/2016;00:40:00;9;sem vítima;545;BR-324/BA;Leste;Saida de Pista;1;;;;;;;;;;2;;;;
03/07/2016;01:42:00;13;com vítima;594,6;BR-324/BA;Leste;Atropelamento - Animal;1;;;;;;1;;;;1;1;1;;
03/07/2016;02:15:00;17;com vítima;7;BR-116/BA - ContSuFS;Sul;Choque Contra Objeto Fixo;;;;;;;;;;1;0;1;;;
03/07/2016;05:05:00;33;sem vítima;519,3;BR-116/BA;Sul;Colisão Traseira;;;2;;;;;;;;2;;;;
03/07/2016;05:27:00;37;sem vítima;619,1;BR-324/BA;Leste;Colisão Traseira;1;;;;;1;;;;;2;;;;
03/07/2016;06:09:00;40;com vítima;827,15;BR-116/BA;Sul;Queda de Moto;;;;1;;;;;;;0;;;1;
03/07/2016;09:52:00;101;com vítima;0;BA-526;Sul;Colisão Transversal;1;;;;1;;;;;;23;;1;;
03/07/2016;15:04:00;196;sem vítima;446,2;BR-116/BA;Norte;Colisão Lateral;1;;1;;;;;;;;6;;;;
03/07/2016;17:02:00;215;sem vítima;576;BR-324/BA;Leste;Engavetamento;3;;;;;;;;;;15;;;;
03/07/2016;18:42:00;253;sem vítima;554,3;BR-324/BA;Oeste;Colisão Traseira;2;;;;;;;;;;2;;;;
03/07/2016;20:21:00;270;sem vítima;567;BR-116/BA;Sul;Colisão Transversal;1;;;;;;;;;1;4;;;;
03/07/2016;23:35:00;308;sem vítima;736;BR-116/BA;Sul;Saida de Pista;;;1;;;;;;;;1;;;;
03/07/2016;01:55:00;310;sem vítima;594,55;BR-324/BA;Leste;Engavetamento;2;;;;;1;;;;;4;;;;
04/07/2016;03:47:00;12;com vítima;584;BR-324/BA;Leste;Saida de Pista;;;;;;;;;;1;9;4;2;;
04/07/2016;04:49:00;17;com vítima;611;BR-324/BA;Leste;Colisão Traseira;;;1;;;;;;;1;1;;;;1
04/07/2016;04:56:00;18;sem vítima;580,5;BR-324/BA;Leste;Saida de Pista;1;;;;;;;;;;3;;;;
04/07/2016;07:34:00;45;sem vítima;820,5;BR-116/BA;Norte;Colisão Traseira;1;;;1;;;;;;;2;;;;
04/07/2016;12:14:00;148;com vítima;619,1;BR-324/BA;Leste;Colisão Traseira;;;;1;;1;;;;;2;1;;;
04/07/2016;13:54:00;172;com vítima;543;BR-324/BA;Oeste;Atropelamento - Pedestre;;;1;;;;;;;;1;1;;;
04/07/2016;15:48:00;205;sem vítima;644,3;BR-116/BA;Norte;Saida de Pista;;;2;;;;;;;;2;;;;
04/07/2016;16:36:00;219;sem vítima;597;BR-116/BA;Norte;Saida de Pista;1;;;;;;;;;;5;;;;
04/07/2016;17:25:00;229;com vítima;632;BR-116/BA;Sul;Colisão Traseira;1;;;1;;;;;;;2;1;;;
04/07/2016;17:36:00;235;sem vítima;818,7;BR-116/BA;Sul;Tombamento;1;;1;;;;;;;;3;;;;
04/07/2016;18:32:00;241;sem vítima;719;BR-116/BA;Sul;Saida de Pista;1;;;;;;;;;;1;;;;
04/07/2016;18:43:00;244;com vítima;819;BR-116/BA;Norte;Colisão Lateral;1;;;1;;;;;;;1;;1;;
05/07/2016;06:10:00;30;com vítima;919,3;BR-116/BA;Sul;Colisão Frontal;1;;1;;;;;;;;0;;2;;3
05/07/2016;06:26:00;35;sem vítima;845;BR-116/BA;Norte;Colisão Traseira;2;;;;;;;;;;6;;;;
05/07/2016;14:39:00;170;sem vítima;530,1;BR-324/BA;Oeste;Saida de Pista;1;;;;;;;;;;1;;;;
05/07/2016;17:17:00;215;sem vítima;537;BR-324/BA;Oeste;Colisão Lateral;1;;1;;;;;;;;2;;;;
05/07/2016;22:56:00;269;sem vítima;508;BR-116/BA;Norte;Colisão Transversal;1;;;;1;;;;;;45;;;;
05/07/2016;23:47:00;273;com vítima;736;BR-116/BA;Sul;Colisão Frontal;;;1;1;;;;;;;1;;1;1;
06/07/2016;04:56:00;11;sem vítima;548,3;BR-116/BA;Sul;Saida de Pista;;;1;;;;;;;;1;;;;
06/07/2016;05:31:00;13;sem vítima;557;BR-116/BA;Sul;Colisão Lateral;2;;;;;;;;;;6;;;;
06/07/2016;05:32:00;15;sem vítima;537;BR-324/BA;Leste;Saida de Pista;1;;;;;1;;;;;2;;;;
06/07/2016;07:58:00;37;com vítima;668,5;BR-116/BA;Sul;Colisão Frontal;2;;;;;;;;;;3;3;;;
06/07/2016;21:43:00;236;sem vítima;588;BR-324/BA;Oeste;Saida de Pista;1;;;;;1;;;;;2;;;;
06/07/2016;21:56:00;238;sem vítima;499,5;BR-116/BA;Norte;Saida de Pista;;;1;;;;;;;;1;;;;
07/07/2016;05:15:00;20;sem vítima;896,1;BR-116/BA;Norte;Saida de Pista;1;;;;;;;;;;5;;;;
07/07/2016;07:48:00;53;sem vítima;622,8;BR-324/BA;Oeste;Colisão Traseira;;;;1;1;;;;;;41;;;;
07/07/2016;08:02:00;60;com vítima;621,7;BR-324/BA;Leste;Colisão Lateral;1;;;1;;;;;;;2;1;;;
07/07/2016;08:04:00;61;sem vítima;840,9;BR-116/BA;Sul;Saida de Pista;;;1;;;;;;;;1;;;;
07/07/2016;07:48:00;95;com vítima;622;BR-324/BA;Oeste;Queda de Moto;;;;1;;;;;;;0;1;;;
07/07/2016;09:52:00;102;com vítima;461;BR-116/BA;Sul;Colisão Traseira;;;2;;;;;;;;2;1;;;
07/07/2016;13:48:00;156;sem vítima;570;BR-324/BA;Oeste;Saida de Pista;;;1;;;;;;;;1;;;;
07/07/2016;14:01:00;159;sem vítima;521,7;BR-324/BA;Leste;Colisão Traseira;;;1;;;1;;;;;2;;;;
07/07/2016;19:10:00;234;sem vítima;446;BR-116/BA;Norte;Saida de Pista;1;;;;;;;;;;2;;;;
07/07/2016;20:59:00;249;com vítima;930;BR-116/BA;Sul;Queda de Moto;;;;1;;;;;;;0;;1;;
08/07/2016;00:40:00;3;com vítima;586,7;BR-324/BA;Leste;Atropelamento - Animal;1;;;;;;;;;;1;;1;;
08/07/2016;06:37:00;34;sem vítima;613,8;BR-324/BA;Oeste;Engavetamento;1;;2;;;;;;;2;6;;;;
08/07/2016;07:39:00;46;com vítima;588;BR-324/BA;Oeste;Queda de Moto;;;;1;;;;;;;0;2;;;
08/07/2016;08:37:00;59;com vítima;815,8;BR-116/BA;Norte;Atropelamento - Animal;;;;1;;;;;;;0;1;;;
08/07/2016;09:26:00;83;com vítima;619,4;BR-324/BA;Oeste;Queda de Moto;;;;1;;;;;;;1;1;;;
08/07/2016;09:43:00;94;com vítima;904;BR-116/BA;Sul;Saida de Pista;1;;;;;;;;;;0;3;;;
08/07/2016;13:27:00;165;sem vítima;610;BR-324/BA;Oeste;Colisão Traseira;1;;1;;;;;;;;3;;;;
08/07/2016;15:55:00;207;sem vítima;572,7;BR-324/BA;Oeste;Saida de Pista;1;;;;;;;;;;1;;;;
08/07/2016;17:00:00;225;com vítima;10,5;BR-116/BA - Cont VC;Norte;Colisão Transversal;;;;1;;1;;;;;1;1;;;
08/07/2016;17:14:00;227;com vítima;911;BR-116/BA;Norte;Atropelamento - Ciclista;;1;;;;1;;;;;1;;1;;
08/07/2016;17:37:00;234;sem vítima;804,1;BR-116/BA;Sul;Colisão Traseira;1;;1;;;;;;;;2;;;;
08/07/2016;18:25:00;245;sem vítima;548;BR-324/BA;Oeste;Atropelamento - Animal;1;;;;;;;;;;1;;;;
08/07/2016;18:48:00;251;com vítima;537;BR-324/BA;Leste;Colisão Traseira;2;;;;;;;;;1;2;1;1;;
08/07/2016;18:34:00;255;sem vítima;550;BR-324/BA;Oeste;Atropelamento - Animal;1;;;;;;;;;;4;;;;
08/07/2016;23:40:00;305;com vítima;543;BR-324/BA;Oeste;Saida de Pista;1;;;;;;;;;;0;2;;;
09/07/2016;04:00:00;12;com vítima;494,5;BR-116/BA;Norte;Colisão Transversal;;;;1;;1;;;;;1;;2;;
09/07/2016;07:19:00;30;sem vítima;613,6;BR-324/BA;Leste;Saida de Pista;1;;;;;;;;;;4;;;;
09/07/2016;11:16:00;89;sem vítima;465;BR-116/BA;Sul;Colisão Traseira;;;2;;;;;;;;3;;;;
09/07/2016;13:01:00;112;com vítima;827,2;BR-116/BA;Norte;Colisão Transversal;2;;;;;;;;;;2;1;;;
09/07/2016;14:03:00;124;com vítima;620,2;BR-324/BA;Oeste;Colisão Lateral;;;;1;;1;;;;;2;1;;;
09/07/2016;14:56:00;142;sem vítima;578,5;BR-116/BA;Sul;Saida de Pista;;;1;;;;;;;;1;;;;
09/07/2016;17:56:00;180;sem vítima;473,5;BR-116/BA;Norte;Saida de Pista;;;;;;1;;;;1;4;;;;
09/07/2016;18:18:00;183;sem vítima;543;BR-324/BA;Oeste;Colisão Lateral;2;;;;;;;;;;5;;;;
09/07/2016;18:20:00;185;com vítima;465,2;BR-116/BA;Sul;Saida de Pista;;;3;;;;;;;;2;2;;;
09/07/2016;18:25:00;187;sem vítima;542,8;BR-324/BA;Oeste;Colisão Lateral;2;;;;;;;;;;4;;;;
09/07/2016;19:15:00;200;com vítima;18,2;BR-116/BA - Cont VC;Sul;Colisão Traseira;1;;;1;;;;;;;2;;;1;
09/07/2016;19:41:00;205;sem vítima;639;BR-116/BA;Norte;Sequência;1;;2;;;;;;;;6;;;;
09/07/2016;23:22:00;234;com vítima;707,1;BR-116/BA;Sul;Colisão Frontal;;;1;1;;;;;;;1;;;;1
10/07/2016;03:21:00;20;sem vítima;575;BR-324/BA;Oeste;Saida de Pista;1;;;;;;;;;;1;;;;
10/07/2016;06:46:00;33;sem vítima;438;BR-116/BA;Sul;Saida de Pista;;;;;;;;;;1;1;;;;
10/07/2016;06:56:00;37;sem vítima;438;BR-116/BA;Sul;Saida de Pista;1;;;;;;;;;;1;;;;
10/07/2016;10:16:00;79;sem vítima;550;BR-324/BA;Oeste;Colisão Lateral;1;;;;;1;;;;;2;;;;
10/07/2016;13:36:00;121;com vítima;584;BR-324/BA;Leste;Saida de Pista;;;;1;;;;;;;0;1;;;
10/07/2016;15:17:00;148;sem vítima;568;BR-324/BA;Leste;Saida de Pista;1;;;;;;;;;;1;;;;
10/07/2016;15:53:00;159;sem vítima;634;BR-116/BA;Sul;Colisão Lateral;2;;;;;;;;;;4;;;;
10/07/2016;18:12:00;197;com vítima;547;BR-324/BA;Leste;Engavetamento;4;;;;;;;;;;11;2;;;
10/07/2016;19:56:00;223;com vítima;448;BR-116/BA;Norte;Colisão Lateral;1;;1;;;;;;;;1;2;;;
10/07/2016;20:17:00;228;sem vítima;6;BA-526;Sul;Atropelamento - Animal;1;;;;;;;;;;3;;;;
10/07/2016;21:27:00;238;com vítima;767;BR-116/BA;Norte;Queda de Moto;;;1;1;;;;;;;2;1;;;
10/07/2016;23:09:00;254;sem vítima;552;BR-324/BA;Oeste;Saida de Pista;1;;;;;;;;;;1;;;;
10/07/2016;23:27:00;259;com vítima;843;BR-116/BA;Norte;Colisão Frontal;;;2;;;;;;;;0;;2;;1
11/07/2016;01:45:00;11;sem vítima;526;BR-324/BA;Leste;Colisão Traseira;;;2;;;;;;;;3;;;;
11/07/2016;06:10:00;35;sem vítima;549,1;BR-116/BA;Sul;Colisão Lateral;1;;;;;1;;;;;3;;;;
11/07/2016;06:39:00;45;sem vítima;898,15;BR-116/BA;Sul;Colisão Traseira;1;;1;;;;;;;;6;;;;
11/07/2016;06:43:00;46;sem vítima;545,55;BR-324/BA;Oeste;Colisão Traseira;2;;;;;;;;;;5;;;;
11/07/2016;08:01:00;64;sem vítima;616,8;BR-324/BA;Leste;Engavetamento;3;;;;;;;;;;4;;;;
11/07/2016;09:57:00;101;com vítima;621,4;BR-324/BA;Leste;Queda de Moto;;;;1;;;;;;;0;1;;;
11/07/2016;13:26:00;170;sem vítima;512,15;BR-116/BA;Norte;Atropelamento - Animal;1;;;;;;;;;;4;;;;
11/07/2016;15:46:00;205;sem vítima;551;BR-324/BA;Leste;Colisão Transversal;;;1;;;;;;;1;7;;;;
11/07/2016;15:49:00;208;sem vítima;608,05;BR-324/BA;Oeste;Queda de Moto;;;;1;;;;;;;1;;;;
11/07/2016;17:19:00;238;com vítima;610;BR-324/BA;Leste;Sequência;;;1;1;;;;;;;1;1;;;
11/07/2016;17:44:00;244;com vítima;463;BR-116/BA;Norte;Atropelamento - Pedestre;;;1;;;1;;;;;2;;1;;
11/07/2016;18:17:00;251;com vítima;674,3;BR-116/BA;Sul;Colisão Transversal;;;;;;2;;;;;2;;1;;
11/07/2016;21:01:00;286;sem vítima;427;BR-116/BA;Sul;Colisão Lateral;1;;;;;1;;;;;2;;;;
12/07/2016;06:54:00;20;sem vítima;613,9;BR-324/BA;Oeste;Colisão Traseira;1;;;;;1;;;;;2;;;;
12/07/2016;07:20:00;26;sem vítima;540,7;BR-324/BA;Oeste;Saida de Pista;1;;;;;;;;;;1;;;;
12/07/2016;07:46:00;31;sem vítima;621,5;BR-324/BA;Leste;Colisão Lateral;1;;;1;;;;;;;3;;;;
12/07/2016;08:04:00;37;sem vítima;556,2;BR-116/BA;Sul;Colisão Traseira;;;1;;1;;;;;;18;;;;
12/07/2016;09:35:00;76;sem vítima;612,8;BR-324/BA;Oeste;Colisão Traseira;1;;;;;1;;;;;2;;;;
12/07/2016;11:37:00;124;sem vítima;614,1;BR-324/BA;Leste;Colisão Lateral;1;;1;;;;;;;;3;;;;
12/07/2016;17:54:00;217;com vítima;806,5;BR-116/BA;Norte;Queda de Moto;;;;1;;1;;;;;1;1;;;
12/07/2016;18:17:00;226;sem vítima;586;BR-116/BA;Sul;Saida de Pista;;;1;;;;;;;;1;;;;
12/07/2016;23:54:00;276;com vítima;9;BR-116/BA - Cont VC;Norte;Atropelamento - Pedestre;1;;;;;;;;;;0;;;1;
13/07/2016;00:51:00;4;sem vítima;754;BR-116/BA;Norte;Saida de Pista;1;;;;;;;;;;1;;;;
13/07/2016;12:29:00;161;sem vítima;604,5;BR-324/BA;Oeste;Colisão Lateral;1;;1;;;;;;;;3;;;;
13/07/2016;12:35:00;164;com vítima;5;BA-526;Norte;Colisão Traseira;;;1;1;;;;;;;3;1;;;
13/07/2016;16:16:00;210;sem vítima;527,4;BR-324/BA;Oeste;Engavetamento;2;;2;;1;;;;;;12;;;;
13/07/2016;16:24:00;211;sem vítima;588;BR-324/BA;Oeste;Saida de Pista;1;;;;;;;;;;1;;;;
13/07/2016;16:45:00;217;sem vítima;527,4;BR-324/BA;Leste;Colisão Traseira;1;;1;;;;;;;;5;;;;
13/07/2016;17:03:00;225;com vítima;7,3;BR-116/BA - Cont VC;Norte;Atropelamento - Pedestre;;;;1;;;;;;;1;1;;;
13/07/2016;22:05:00;284;sem vítima;903;BR-116/BA;Sul;Saida de Pista;1;;;;;;;;;;4;;;;
14/07/2016;06:28:00;35;com vítima;621;BR-324/BA;Leste;Queda de Moto;;;;1;;;;;;;0;1;;;
14/07/2016;06:31:00;37;sem vítima;683;BR-116/BA;Norte;Colisão Traseira;;;2;;;;;;;;4;;;;
14/07/2016;06:56:00;43;sem vítima;618;BR-324/BA;Leste;Engavetamento;2;;1;;;;;;;1;4;;;;
14/07/2016;07:24:00;47;sem vítima;450;BR-116/BA;Sul;Saida de Pista;;;1;;;;;;;;1;;;;
14/07/2016;08:58:00;82;sem vítima;619;BR-324/BA;Leste;Engavetamento;2;;1;;;;;;;;4;;;;
14/07/2016;16:21:00;204;sem vítima;444;BR-116/BA;Sul;Saida de Pista;;;1;;;;;;;;1;;;;
14/07/2016;16:33:00;208;com vítima;912;BR-116/BA;Sul;Queda de Moto;;;;1;;;;;;;0;1;;;
14/07/2016;16:35:00;209;sem vítima;847;BR-116/BA;Sul;Colisão Traseira;;;;;;1;;;;1;2;;;;
14/07/2016;18:58:00;240;com vítima;765;BR-116/BA;Sul;Saida de Pista;1;;;;;;;;;;0;1;;;
14/07/2016;20:35:00;257;sem vítima;470;BR-116/BA;Norte;Saida de Pista;1;;;;;;;;;;1;;;;
15/07/2016;03:55:00;21;sem vítima;543;BR-324/BA;Oeste;Saida de Pista;;;;;;;;;;1;1;;;;
15/07/2016;06:50:00;38;com vítima;622,25;BR-324/BA;Leste;Colisão Traseira;1;;;1;;1;;;;;4;;1;;
15/07/2016;07:25:00;42;sem vítima;532,5;BR-324/BA;Oeste;Saida de Pista;1;;;;;;;;;;1;;;;
15/07/2016;07:40:00;50;com vítima;470,1;BR-116/BA;Sul;Capotamento;1;;;;;;;;;;4;;1;;
15/07/2016;07:52:00;54;sem vítima;633,15;BR-116/BA;Sul;Colisão Lateral;1;;1;;;;;;;;2;;;;
15/07/2016;10:32:00;126;com vítima;635,5;BR-116/BA;Norte;Colisão Frontal;1;;1;;;;;;;;1;;;;1
15/07/2016;15:02:00;203;com vítima;586;BR-324/BA;Oeste;Queda de Moto;;;;1;;;;;;;1;;1;;
15/07/2016;15:43:00;221;sem vítima;592;BR-116/BA;Sul;Saida de Pista;;;1;;;;;;;;1;;;;
15/07/2016;16:39:00;238;sem vítima;540;BR-324/BA;Oeste;Engavetamento;2;;;;;;;;;1;14;;;;
15/07/2016;17:16:00;247;com vítima;7,1;BR-116/BA - ContSuFS;Norte;Queda de Moto;;;;1;;;;;;;0;2;;;
15/07/2016;17:50:00;256;com vítima;777;BR-116/BA;Sul;Colisão Transversal;;;1;;;1;;;;1;2;1;;;
16/07/2016;05:27:00;31;sem vítima;565;BR-116/BA;Norte;Colisão Lateral;;;1;;;;;;;1;5;;;;
16/07/2016;05:51:00;36;com vítima;760,9;BR-116/BA;Norte;Engavetamento;;;2;;;;;;;1;2;1;;1;
16/07/2016;07:55:00;65;sem vítima;547;BR-116/BA;Norte;Colisão Traseira;;;1;;;1;;;;;2;;;;
16/07/2016;08:53:00;83;com vítima;719;BR-116/BA;Sul;Colisão Traseira;;;;1;;;;;;1;1;1;;;
16/07/2016;08:54:00;85;sem vítima;865,1;BR-116/BA;Norte;Saida de Pista;1;;;;;;;;;;2;;;;
16/07/2016;09:55:00;109;sem vítima;451,3;BR-116/BA;Sul;Colisão Traseira;;;;1;;1;;;;;2;;;;
16/07/2016;11:37:00;135;sem vítima;711,7;BR-116/BA;Norte;Colisão Traseira;;;2;;;;;;;;2;;;;
16/07/2016;12:14:00;141;sem vítima;581;BR-116/BA;Norte;Saida de Pista;;;1;;;;;;;;1;;;;
16/07/2016;12:39:00;145;com vítima;18;BR-116/BA - Cont VC;Sul;Atropelamento - Ciclista;;1;1;;;;;;;;1;;;1;
16/07/2016;12:52:00;151;com vítima;15;BR-116/BA - Cont VC;Norte;Colisão Transversal;;;;2;;;;;;;2;;1;;
16/07/2016;16:22:00;202;com vítima;518,5;BR-324/BA;Leste;Colisão Traseira;;;;1;;1;;;;;1;;1;;
16/07/2016;18:14:00;229;sem vítima;543;BR-324/BA;Oeste;Saida de Pista;1;;;;;;;;;;5;;;;
16/07/2016;18:28:00;233;com vítima;464,8;BR-116/BA;Norte;Atropelamento - Pedestre;1;;;;;;;;;;1;;;;1
16/07/2016;18:40:00;238;com vítima;791;BR-116/BA;Sul;Queda de Moto;;;;1;;;;;;;0;1;;;
16/07/2016;18:48:00;240;sem vítima;754,4;BR-116/BA;Sul;Colisão Traseira;1;;1;;;;;;;;6;;;;
16/07/2016;19:09:00;245;sem vítima;10,7;BR-116/BA - Cont VC;Sul;Colisão Traseira;2;;1;;;;;;;;3;;;;
16/07/2016;20:13:00;259;sem vítima;432;BR-116/BA;Sul;Queda de Moto;;;;1;;;;;;;1;;;;
16/07/2016;21:36:00;274;sem vítima;795,3;BR-116/BA;Norte;Colisão Lateral;;;;;1;;;;;1;4;;;;
16/07/2016;22:26:00;279;sem vítima;815;BR-116/BA;Sul;Colisão Traseira;2;;;;;;;;;;8;;;;
16/07/2016;23:44:00;287;com vítima;4;BR-116/BA - ContSuFS;Norte;Queda de Moto;;;;1;;;;;;;0;;;1;
17/07/2016;07:40:00;40;com vítima;534,4;BR-324/BA;Leste;Saida de Pista;1;;;;;;;;;;1;1;;;
17/07/2016;09:05:00;65;com vítima;792,5;BR-116/BA;Sul;Colisão Traseira;;;1;;;;;;;1;9;4;;;
17/07/2016;11:03:00;92;com vítima;757,3;BR-116/BA;Norte;Colisão Transversal;1;;1;;;;;;;;1;1;;;
17/07/2016;15:40:00;148;com vítima;571,7;BR-116/BA;Norte;Saida de Pista;;;1;;;;;;;;0;;;;1
17/07/2016;16:50:00;175;com vítima;672;BR-116/BA;Norte;Colisão Lateral;;;;2;;;;;;;0;2;;;
17/07/2016;18:11:00;196;com vítima;793;BR-116/BA;Norte;Atropelamento - Pedestre;1;;;;;;;;;;5;1;;;
17/07/2016;18:32:00;201;com vítima;3,1;BR-116/BA - Cont VC;Sul;Colisão Transversal;;1;;1;;;;;;;0;2;;;
17/07/2016;19:09:00;206;sem vítima;2,8;BR-116/BA - Cont VC;Sul;Colisão Transversal;1;;;1;;;;;;;2;;;;
17/07/2016;21:25:00;232;com vítima;632,8;BR-116/BA;Sul;Atropelamento - Pedestre;;;;;;1;;;;;1;1;;;
18/07/2016;00:54:00;7;sem vítima;613,4;BR-324/BA;Leste;Atropelamento - Animal;1;;;;;;;;;;1;;;;
18/07/2016;08:36:00;89;com vítima;818;BR-116/BA;Sul;Colisão Transversal;;;;1;;;;;;1;1;1;;;
18/07/2016;15:05:00;210;sem vítima;426,2;BR-116/BA;Sul;Colisão Traseira;2;;;;;;;;;;3;;;;
18/07/2016;15:24:00;216;sem vítima;784,8;BR-116/BA;Norte;Saida de Pista;1;;;;;;;;;;4;;;;
18/07/2016;15:38:00;221;sem vítima;483;BR-116/BA;Sul;Engavetamento;1;;1;;;;;;;1;12;;;;
18/07/2016;19:27:00;277;com vítima;586,4;BR-324/BA;Oeste;Capotamento;;;;;;;;;;1;2;2;;;
19/07/2016;07:25:00;45;sem vítima;611;BR-324/BA;Oeste;Colisão Traseira;2;;;;;;;;;;4;;;;
19/07/2016;08:32:00;74;sem vítima;458;BR-116/BA;Sul;Saida de Pista;1;;;;;;;;;;2;;;;