data;horario;n_da_ocorrencia;tipo_de_ocorrencia;km;trecho;sentido;tipo_de_acidente;automovel;bicicleta;caminhao;moto;onibus;outros;tracao_animal;transporte_de_cargas_especiais;trator_maquinas;utilitarios;ilesos;levemente_feridos;moderadamente_feridos;gravemente_feridos;mortos
19/07/2016;08:33:00;76;sem vítima;615;BR-324/BA;Oeste;Colisão Traseira;2;;;;;;;;;;5;;;;
19/07/2016;10:00:00;114;sem vítima;551;BR-324/BA;Leste;Colisão Traseira;1;;;;;;;;;1;2;;;;
19/07/2016;18:50:00;286;com vítima;14;BR-116/BA - Cont VC;Sul;Colisão Traseira;;;;1;;;1;;;;0;1;1;;
19/07/2016;18:55:00;289;sem vítima;524;BR-324/BA;Oeste;Saida de Pista;;;1;;;;;;;;2;;;;
20/07/2016;06:40:00;34;com vítima;592;BR-324/BA;Leste;Capotamento;1;;;;;;;;;;0;2;;;
20/07/2016;07:22:00;46;sem vítima;621,09;BR-324/BA;Leste;Colisão Traseira;2;;;;;;;;;;2;;;;
20/07/2016;12:12:00;150;sem vítima;706;BR-116/BA;Sul;Saida de Pista;;;1;;;1;;;;;2;;;;
20/07/2016;12:27:00;153;com vítima;537;BR-324/BA;Oeste;Colisão Traseira;;;2;;;;;;;;1;;1;;
20/07/2016;19:02:00;251;sem vítima;520;BR-324/BA;Oeste;Engavetamento;3;;;;;;;;;;6;;;;
21/07/2016;06:48:00;26;sem vítima;530,5;BR-324/BA;Leste;Queda de Moto;;;;1;;;;;;;1;;;;
21/07/2016;10:47:00;126;sem vítima;778,7;BR-116/BA;Sul;Colisão Traseira;1;;1;;;;;;;;2;;;;
21/07/2016;15:43:00;189;sem vítima;929,6;BR-116/BA;Sul;Colisão Traseira;1;;1;;;1;;;;;7;;;;
21/07/2016;22:30:00;275;sem vítima;526;BR-116/BA;Norte;Colisão Lateral;;;2;;;;;;;1;7;;;;
22/07/2016;03:25:00;12;sem vítima;436,2;BR-116/BA;Sul;Saida de Pista;;;1;;;;;;;;1;;;;
22/07/2016;05:12:00;18;sem vítima;537;BR-324/BA;Oeste;Saida de Pista;1;;;;;;;;;;1;;;;
22/07/2016;09:21:00;86;sem vítima;446,2;BR-116/BA;Sul;Colisão Lateral;1;;1;;;;;;;;2;;;;
22/07/2016;10:53:00;124;sem vítima;804,3;BR-116/BA;Norte;Colisão Transversal;1;;1;;;;;;;;4;;;;
22/07/2016;12:06:00;150;com vítima;7;BR-116/BA - ContSuFS;Sul;Queda de Moto;;;;1;;;;;;;0;2;;;
22/07/2016;15:09:00;206;sem vítima;746,3;BR-116/BA;Norte;Colisão Traseira;;;3;;;;;;;;3;;;;
22/07/2016;15:19:00;212;sem vítima;613;BR-324/BA;Leste;Engavetamento;4;;;;;;;;;;8;;;;
22/07/2016;15:42:00;219;com vítima;586,8;BR-324/BA;Oeste;Outros;;;1;;;;;;;;0;1;;;
22/07/2016;16:44:00;237;sem vítima;591;BR-324/BA;Oeste;Engavetamento;3;;;;;;;;;;7;;;;
22/07/2016;17:13:00;246;com vítima;588;BR-324/BA;Oeste;Queda de Moto;;;;1;;;;;;;0;1;;;
22/07/2016;18:48:00;272;com vítima;7;BR-116/BA - ContSuFS;Norte;Colisão Traseira;;;;1;;;;;;;0;;;;1
22/07/2016;19:05:00;277;sem vítima;7;BR-116/BA - Cont VC;Sul;Engavetamento;2;;;;;2;;;;;10;;;;
22/07/2016;20:32:00;293;sem vítima;651;BR-116/BA;Sul;Saida de Pista;1;;;;;;;;;;1;;;;
22/07/2016;22:50:00;310;sem vítima;572;BR-324/BA;Oeste;Saida de Pista;1;;;;;;;;;;1;;;;
23/07/2016;00:15:00;4;com vítima;452,5;BR-116/BA;Norte;Colisão Traseira;;;2;;;;;;;;1;;1;1;
23/07/2016;04:05:00;27;sem vítima;668,2;BR-116/BA;Norte;Atropelamento - Animal;;;;;1;;;;;;24;;;;
23/07/2016;05:44:00;35;com vítima;557,4;BR-324/BA;Leste;Saida de Pista;;;;1;;;;;;;1;1;;;
23/07/2016;06:57:00;50;sem vítima;452,1;BR-116/BA;Sul;Colisão Lateral;;;2;;;;;;;;2;;;;
23/07/2016;07:44:00;62;sem vítima;524;BR-324/BA;Oeste;Colisão Traseira;;;2;;;;;;;;4;;;;
23/07/2016;08:00:00;68;sem vítima;609,1;BR-324/BA;Leste;Queda de Moto;;;;1;;;;;;;2;;;;
23/07/2016;11:59:00;141;sem vítima;561;BR-324/BA;Oeste;Saida de Pista;1;;;;;;;;;;3;;;;
23/07/2016;18:11:00;215;sem vítima;642;BR-116/BA;Norte;Saida de Pista;;;1;;;;;;;;1;;;;
23/07/2016;20:34:00;252;sem vítima;834;BR-116/BA;Sul;Atropelamento - Animal;1;;;;;;;;;;5;;;;
23/07/2016;21:45:00;265;sem vítima;539,8;BR-324/BA;Leste;Choque Contra Objeto Fixo;1;;;;;;;;;;1;;;;
23/07/2016;22:14:00;271;com vítima;572;BR-324/BA;Leste;Colisão Traseira;1;;;;;;;;;1;0;2;4;;
23/07/2016;23:28:00;278;com vítima;620;BR-324/BA;Oeste;Colisão Traseira;;;;1;;1;;;;;1;1;1;;
24/07/2016;02:59:00;19;sem vítima;28,3;BR-116/BA - Cont VC;Sul;Colisão Lateral;1;;;;;1;;;;;4;;;;
24/07/2016;03:05:00;20;sem vítima;640,2;BR-116/BA;Norte;Saida de Pista;;;1;;;;;;;;1;;;;
24/07/2016;06:43:00;34;sem vítima;817,4;BR-116/BA;Norte;Colisão Lateral;1;1;;;;;;;;;5;;;;
24/07/2016;15:43:00;174;sem vítima;543;BR-324/BA;Oeste;Colisão Lateral;2;;;;;;;;;;3;;;;
24/07/2016;17:06:00;195;sem vítima;563,5;BR-116/BA;Norte;Saida de Pista;;;1;;;;;;;;1;;;;
24/07/2016;21:53:00;248;sem vítima;560;BR-324/BA;Oeste;Atropelamento - Animal;;;1;;;;;;;;1;;;;
24/07/2016;22:27:00;256;sem vítima;543;BR-324/BA;Oeste;Saida de Pista;1;;;;;;;;;;4;;;;
25/07/2016;04:13:00;17;com vítima;664,3;BR-116/BA;Norte;Saida de Pista;;;1;;;;;;;;0;2;;;
25/07/2016;05:12:00;21;sem vítima;581,6;BR-116/BA;Norte;Saida de Pista;;;1;;;;;;;;3;;;;
25/07/2016;06:34:00;28;sem vítima;551;BR-324/BA;Leste;Colisão Traseira;2;;;;;;;;;;3;;;;
25/07/2016;08:58:00;67;com vítima;612,5;BR-324/BA;Leste;Engavetamento;3;;;;;;;;;;7;;1;;
25/07/2016;09:17:00;76;sem vítima;617,4;BR-324/BA;Oeste;Engavetamento;;;;;;1;;;;3;9;;;;
25/07/2016;16:12:00;207;sem vítima;685;BR-116/BA;Sul;Saida de Pista;1;;;;;;;;;;2;;;;
25/07/2016;17:43:00;230;com vítima;15,5;BR-116/BA - Cont VC;Norte;Colisão Traseira;;;;1;;;;;;1;2;;1;;
26/07/2016;06:37:00;31;sem vítima;894,9;BR-116/BA;Norte;Saida de Pista;1;;;;;;;;;;3;;;;
26/07/2016;06:48:00;35;sem vítima;696,2;BR-116/BA;Sul;Choque Contra Objeto Fixo;1;;;;;;;;;;1;;;;
26/07/2016;07:29:00;48;sem vítima;615,4;BR-324/BA;Leste;Engavetamento;4;;;;;;;;;;8;;;;
26/07/2016;10:46:00;106;sem vítima;797,8;BR-116/BA;Sul;Saida de Pista;1;;;;;;;;;;1;;;;
26/07/2016;10:51:00;109;com vítima;653,4;BR-116/BA;Sul;Colisão Traseira;2;;;;;;;;;;4;1;;;
26/07/2016;10:57:00;112;sem vítima;616;BR-324/BA;Leste;Colisão Traseira;1;;;;;1;;;;;3;;;;
26/07/2016;11:53:00;132;sem vítima;604,4;BR-324/BA;Oeste;Engavetamento;2;;;;;1;;;;1;9;;;;
26/07/2016;12:06:00;136;sem vítima;502,8;BR-116/BA;Sul;Tombamento;;;1;;;;;;;;1;;;;
26/07/2016;17:28:00;217;sem vítima;495;BR-116/BA;Norte;Colisão Lateral;;;2;;;;;;;;5;;;;
26/07/2016;17:54:00;224;com vítima;819,1;BR-116/BA;Sul;Colisão Frontal;1;;;1;;;;;;;1;1;;;1
26/07/2016;20:58:00;263;sem vítima;563;BR-324/BA;Oeste;Tombamento;;;1;;;;;;;;1;;;;
26/07/2016;21:33:00;271;com vítima;9,3;BR-116/BA - Cont VC;Norte;Atropelamento - Animal;;;;1;;;;;;;2;1;;;
27/07/2016;08:36:00;65;sem vítima;865,8;BR-116/BA;Sul;Engavetamento;;;3;;;;;;;;3;;;;
27/07/2016;14:59:00;192;sem vítima;929;BR-116/BA;Sul;Colisão Traseira;1;;1;;;;;;;;5;;;;
27/07/2016;17:18:00;225;com vítima;633,5;BR-116/BA;Sul;Queda de Moto;;;;1;;;;;;;0;;1;;
27/07/2016;18:26:00;249;com vítima;428,8;BR-116/BA;Norte;Queda de Moto;;;;1;;;;;;;1;1;;;
27/07/2016;18:57:00;252;sem vítima;716;BR-116/BA;Norte;Saida de Pista;;;1;;;;;;;;1;;;;
27/07/2016;19:02:00;254;com vítima;735;BR-116/BA;Sul;Colisão Transversal;;;;1;;1;;;;;1;;;;1
28/07/2016;03:58:00;17;sem vítima;461,1;BR-116/BA;Sul;Colisão Traseira;;;2;;;;;;;;2;;;;
28/07/2016;09:07:00;98;sem vítima;558;BR-324/BA;Leste;Colisão Traseira;1;;1;;;;;;;;5;;;;
28/07/2016;11:20:00;151;com vítima;632;BR-116/BA;Sul;Queda de Moto;1;;;1;;;;;;;1;;1;;
28/07/2016;12:14:00;172;sem vítima;716,5;BR-116/BA;Sul;Tombamento;;;1;;;;;;;;2;;;;
28/07/2016;17:21:00;248;com vítima;524;BR-324/BA;Oeste;Atropelamento - Pedestre;;;1;;;;;;;;1;;;;1
28/07/2016;23:13:00;320;sem vítima;543;BR-324/BA;Oeste;Saida de Pista;1;;;;;;;;;;5;;;;
29/07/2016;05:12:00;22;com vítima;578;BR-324/BA;Leste;Colisão Traseira;;;2;;;;;;;;1;;1;;
29/07/2016;06:03:00;27;sem vítima;607;BR-324/BA;Oeste;Colisão Lateral;2;;;;;;;;;;3;;;;
29/07/2016;06:12:00;32;com vítima;518;BR-324/BA;Leste;Saida de Pista;1;;;;;;;;;;1;1;;;
29/07/2016;06:38:00;36;com vítima;571;BR-324/BA;Leste;Saida de Pista;;;1;;;;;;;;1;1;;;
29/07/2016;07:12:00;46;sem vítima;520;BR-324/BA;Leste;Colisão Traseira;1;;;;;1;;;;;2;;;;
29/07/2016;07:23:00;52;com vítima;622,3;BR-324/BA;Leste;Colisão Lateral;1;;;1;;;;;;;1;1;;;
29/07/2016;08:15:00;67;com vítima;580;BR-116/BA;Norte;Tombamento;;;1;;;;;;;;0;1;;;
29/07/2016;09:26:00;93;sem vítima;16;BR-116/BA - Cont VC;Norte;Colisão Transversal;1;;1;;;;;;;;3;;;;
29/07/2016;12:14:00;147;sem vítima;609,8;BR-324/BA;Leste;Choque Contra Objeto Fixo;1;;;;;;;;;;1;;;;
29/07/2016;12:41:00;158;com vítima;900,1;BR-116/BA;Sul;Colisão Traseira;;;1;1;;;;;;;1;;;1;
29/07/2016;15:44:00;207;sem vítima;828,5;BR-116/BA;Sul;Colisão Lateral;2;;;;;;;;;;4;;;;
29/07/2016;16:03:00;213;sem vítima;602,5;BR-324/BA;Oeste;Colisão Lateral;1;;;;;1;;;;;3;;;;
29/07/2016;18:29:00;264;sem vítima;614;BR-324/BA;Leste;Engavetamento;2;;;;;1;;;;;4;;;;
29/07/2016;18:53:00;270;sem vítima;625;BR-324/BA;Oeste;Colisão Lateral;1;;;1;;;;;;;4;;;;
29/07/2016;19:07:00;273;sem vítima;556,9;BR-324/BA;Oeste;Saida de Pista;1;;;;;;;;;;1;;;;
29/07/2016;19:38:00;277;sem vítima;0;BR-116/BA - ContSuFS;Norte;Colisão Transversal;1;;1;;;;;;;;4;;;;
29/07/2016;19:49:00;281;com vítima;633;BR-116/BA;Sul;Colisão Lateral;1;;;1;;;;;;;1;1;1;;
29/07/2016;19:56:00;284;sem vítima;567,6;BR-324/BA;Leste;Saida de Pista;1;;;;;;;;;;1;;;;
30/07/2016;04:21:00;12;sem vítima;878,3;BR-116/BA;Norte;Colisão Traseira;;;;;;1;;;;1;2;;;;
30/07/2016;05:31:00;16;sem vítima;543;BR-324/BA;Oeste;Saida de Pista;1;;;;;;;;;;5;;;;
30/07/2016;08:19:00;43;sem vítima;531;BR-324/BA;Oeste;Colisão Traseira;1;;;;1;;;;;;6;;;;
30/07/2016;08:27:00;48;sem vítima;597;BR-324/BA;Leste;Saida de Pista;1;;;;;;;;;;3;;;;
30/07/2016;10:37:00;94;sem vítima;617;BR-324/BA;Leste;Colisão Lateral;1;;1;;;;;;;;2;;;;
30/07/2016;11:13:00;105;sem vítima;620;BR-324/BA;Leste;Colisão Lateral;1;;1;;;;;;;;4;;;;
30/07/2016;11:33:00;110;sem vítima;584;BR-324/BA;Oeste;Colisão Traseira;1;;;;;2;;;;;5;;;;
30/07/2016;16:46:00;187;sem vítima;459;BR-116/BA;Norte;Colisão Lateral;1;;;;;1;;;;;4;;;;
30/07/2016;19:44:00;224;sem vítima;860;BR-116/BA;Sul;Colisão Traseira;;;2;;;;;;;;2;;;;
30/07/2016;21:58:00;246;sem vítima;815;BR-116/BA;Sul;Sequência;3;;;;;;;;;;6;;;;
30/07/2016;23:18:00;258;sem vítima;595;BR-324/BA;Leste;Outros;1;;;;;;;;;;1;;;;
30/07/2016;23:44:00;262;com vítima;750,8;BR-116/BA;Sul;Queda de Moto;;;1;1;;;;;;;1;;1;;
31/07/2016;05:16:00;29;sem vítima;692,8;BR-116/BA;Sul;Tombamento;;;1;;;;;;;;1;;;;
31/07/2016;06:25:00;38;com vítima;543;BR-324/BA;Oeste;Saida de Pista;;;;1;;;;;;;0;1;;;
31/07/2016;07:23:00;50;sem vítima;583;BR-324/BA;Leste;Saida de Pista;1;;;;;;;;;;1;;;;
31/07/2016;08:00:00;59;sem vítima;579,1;BR-116/BA;Norte;Saida de Pista;1;;;;;;;;;;4;;;;
31/07/2016;08:35:00;65;sem vítima;530;BR-324/BA;Oeste;Saida de Pista;;;;;;;;;;1;2;;;;
31/07/2016;08:35:00;76;com vítima;530;BR-324/BA;Oeste;Saida de Pista;1;;;;;;;;;;1;1;1;;
31/07/2016;12:19:00;109;sem vítima;602;BR-324/BA;Leste;Saida de Pista;1;;;;;;;;;;2;;;;
31/07/2016;14:32:00;136;com vítima;593,3;BR-324/BA;Oeste;Colisão Traseira;1;;;1;;;;;;;2;1;;1;
31/07/2016;17:07:00;176;sem vítima;545,3;BR-324/BA;Leste;Colisão Transversal;2;;;;;;;;;;5;;;;
31/07/2016;18:41:00;192;com vítima;621,3;BR-324/BA;Leste;Queda de Moto;;;;1;;;;;;;1;1;;;
31/07/2016;20:59:00;223;com vítima;5;BR-116/BA - ContSuFS;Norte;Outros;;1;;;;1;;;;;1;;;1;
01/08/2016;05:13:00;19;sem vítima;543,1;BR-324/BA;Oeste;Saida de Pista;1;;;;;;;;;;1;;;;
01/08/2016;05:45:00;23;sem vítima;588,9;BR-324/BA;Leste;Colisão Traseira;1;;;;;;;;;1;5;;;;
01/08/2016;06:44:00;37;sem vítima;615;BR-324/BA;Leste;Engavetamento;4;;;;;;;;;;4;;;;
01/08/2016;06:52:00;40;sem vítima;575,5;BR-324/BA;Leste;Colisão Traseira;2;;;;;;;;;;2;;;;
01/08/2016;07:08:00;50;sem vítima;575,4;BR-324/BA;Leste;Colisão Traseira;2;;;;;;;;;;2;;;;
01/08/2016;07:32:00;64;sem vítima;462;BR-116/BA;Norte;Colisão Traseira;1;;1;;;;;;;;5;;;;
01/08/2016;07:40:00;71;sem vítima;573;BR-324/BA;Leste;Colisão Traseira;1;;;;;;;;;1;5;;;;
01/08/2016;07:50:00;73;sem vítima;574;BR-324/BA;Leste;Colisão Traseira;2;;;;;;;;;;5;;;;
01/08/2016;08:17:00;86;com vítima;621;BR-324/BA;Leste;Colisão Lateral;1;;;1;;;;;;;1;1;;;
01/08/2016;12:26:00;187;sem vítima;449;BR-116/BA;Norte;Colisão Transversal;1;;;;;1;;;;;6;;;;
01/08/2016;12:39:00;190;sem vítima;547,8;BR-324/BA;Leste;Saida de Pista;1;;;;;;;;;;2;;;;
01/08/2016;13:14:00;200;sem vítima;555;BR-116/BA;Norte;Saida de Pista;1;;;;;;;;;;1;;;;
01/08/2016;14:57:00;223;sem vítima;595;BR-324/BA;Oeste;Saida de Pista;;;;;;;;;;1;1;;;;
01/08/2016;17:08:00;259;sem vítima;605;BR-324/BA;Leste;Colisão Traseira;1;;;;;;;;;;1;;;;
01/08/2016;16:00:00;266;sem vítima;547;BR-324/BA;Oeste;Atropelamento de Pedestre;1;;;;;;;;;;3;;;;
01/08/2016;18:21:00;276;com vítima;428;BR-116/BA;Sul;Atropelamento de Pedestre;;;;;;1;;;;;1;;;1;
01/08/2016;20:19:00;316;sem vítima;524;BR-324/BA;Oeste;Saida de Pista;1;;;;;;;;;;1;;;;
02/08/2016;05:10:00;20;com vítima;523,1;BR-324/BA;Leste;Tombamento;;;1;;;;;;;;1;;2;;
02/08/2016;05:49:00;22;com vítima;504;BR-116/BA;Norte;Colisão Transversal;;;;1;;1;;;;;1;1;;;
02/08/2016;06:45:00;32;sem vítima;599;BR-324/BA;Leste;Colisão Traseira;;;1;;1;;;;;;2;;;;
02/08/2016;07:44:00;42;sem vítima;619;BR-324/BA;Leste;Engavetamento;1;;;;;2;;;;;3;;;;
02/08/2016;08:40:00;61;sem vítima;529,15;BR-324/BA;Leste;Saida de Pista;;;;1;;;;;;;2;;;;
02/08/2016;14:58:00;170;sem vítima;16;BR-116/BA - Cont VC;Sul;Colisão Transversal;1;;1;;;;;;;;3;;;;
02/08/2016;21:43:00;267;sem vítima;537;BR-324/BA;Oeste;Choque Contra Objeto Fixo;1;;;;;;;;;;3;;;;
03/08/2016;01:04:00;4;com vítima;923,4;BR-116/BA;Norte;Saida de Pista;1;;;;;;;;;;2;1;1;;
03/08/2016;05:19:00;15;com vítima;696,6;BR-116/BA;Sul;Saida de Pista;;;1;;;;;;;;0;1;1;;
03/08/2016;05:43:00;16;sem vítima;828,6;BR-116/BA;Norte;Colisão Lateral;1;;1;;;;;;;;4;;;;
03/08/2016;16:57:00;232;com vítima;580;BR-324/BA;Oeste;Engavetamento;;;3;;;;;;;;2;;1;;
03/08/2016;17:59:00;246;com vítima;886;BR-116/BA;Norte;Queda de Moto;;;;1;;;;;;;0;2;;;
03/08/2016;21:55:00;281;com vítima;781,7;BR-116/BA;Sul;Colisão Lateral;1;;1;;;;;;;;1;2;;;
03/08/2016;23:51:00;296;sem vítima;655,3;BR-116/BA;Sul;Saida de Pista;;;1;;;;;;;;1;;;;
04/08/2016;04:51:00;13;com vítima;439,5;BR-116/BA;Norte;Queda de Moto;;;;1;;;;;;;0;1;;;
04/08/2016;07:43:00;34;sem vítima;833,1;BR-116/BA;Norte;Colisão Traseira;2;;;;;;;;;;2;;;;
04/08/2016;08:14:00;46;sem vítima;616;BR-324/BA;Leste;Colisão Traseira;1;;1;;;;;;;;3;;;;
04/08/2016;08:29:00;54;sem vítima;7;BR-116/BA - ContSuFS;Norte;Colisão Traseira;;;2;;;;;;;;2;;;;
04/08/2016;12:47:00;131;sem vítima;586,4;BR-324/BA;Leste;Saida de Pista;1;;;;;;;;;;1;;;;
04/08/2016;17:10:00;193;sem vítima;551,1;BR-324/BA;Leste;Engavetamento;3;;;;;;;;;;3;;;;
04/08/2016;18:50:00;211;com vítima;16,2;BR-116/BA - Cont VC;Sul;Colisão Transversal;1;;;;;;;;;1;1;1;;;
04/08/2016;22:54:00;247;sem vítima;537,3;BR-324/BA;Oeste;Saida de Pista;1;;;;;;;;;;2;;;;
05/08/2016;08:19:00;59;sem vítima;625,1;BR-324/BA;Leste;Engavetamento;3;;;;;;;;;;6;;;;
05/08/2016;17:06:00;213;com vítima;617;BR-324/BA;Oeste;Engavetamento;3;;;;;;;;;;10;1;;;
05/08/2016;17:19:00;222;com vítima;463;BR-116/BA;Norte;Colisão Lateral;;;1;1;;;;;;;1;;1;;
05/08/2016;18:08:00;240;sem vítima;708;BR-116/BA;Norte;Atropelamento de Animal;;;1;;;;;;;;1;;;;
05/08/2016;18:46:00;255;sem vítima;617;BR-324/BA;Oeste;Colisão Lateral;1;;1;;;;;;;;3;;;;
05/08/2016;21:38:00;279;sem vítima;10;BR-116/BA - Cont VC;Sul;Atropelamento de Animal;;;;;;;;;;1;2;;;;
06/08/2016;05:28:00;31;sem vítima;514,1;BR-116/BA;Sul;Atropelamento de Animal;;;;;;;;;;1;2;;;;
06/08/2016;05:29:00;32;sem vítima;621;BR-324/BA;Oeste;Saida de Pista;1;;;;;;;;;;1;;;;
06/08/2016;05:47:00;34;sem vítima;451;BR-116/BA;Sul;Colisão Traseira;;;2;;;;;;;;3;;;;
06/08/2016;06:22:00;39;sem vítima;598;BR-116/BA;Norte;Colisão Traseira;;;1;;;;;;;1;4;;;;
06/08/2016;06:58:00;47;sem vítima;524,3;BR-116/BA;Norte;Saida de Pista;1;;;;;;;;;;1;;;;
06/08/2016;09:21:00;76;com vítima;17;BR-116/BA - Cont VC;Sul;Colisão Transversal;1;;1;;;;;;;;3;1;;;
06/08/2016;11:18:00;103;sem vítima;597,05;BR-324/BA;Leste;Colisão Traseira;2;;;;;;;;;;2;;;;
06/08/2016;11:19:00;104;sem vítima;728;BR-116/BA;Sul;Colisão Traseira;;;2;;;;;;;;3;;;;
06/08/2016;13:56:00;140;sem vítima;542;BR-116/BA;Norte;Engavetamento;2;;;;;;;;;1;6;;;;
06/08/2016;15:05:00;153;sem vítima;555;BR-324/BA;Leste;Colisão Lateral;1;;;;1;;;;;;2;;;;
06/08/2016;17:48:00;196;sem vítima;597;BR-324/BA;Oeste;Saida de Pista;1;;;;;;;;;;1;;;;
06/08/2016;18:39:00;203;com vítima;781,3;BR-116/BA;Norte;Colisão Lateral;;;;1;;1;;;;;1;1;;;
06/08/2016;20:02:00;215;com vítima;521,3;BR-324/BA;Leste;Saida de Pista;1;;;;;;;;;;0;2;;;
06/08/2016;20:13:00;219;com vítima;461,6;BR-116/BA;Norte;Atropelamento - Ciclista;;1;1;;;;;;;;1;1;;;
06/08/2016;20:23:00;220;sem vítima;17,4;BR-116/BA - Cont VC;Sul;Colisão Traseira;1;;;1;;;;;;;3;;;;
06/08/2016;23:45:00;247;sem vítima;29,2;BR-116/BA - Cont VC;Norte;Capotamento;1;;;;;;;;;;1;;;;
07/08/2016;06:11:00;34;sem vítima;0;BR-116/BA - ContSuFS;Norte;Tombamento;;;1;;;;;;;;1;;;;
07/08/2016;09:57:00;91;sem vítima;594,8;BR-324/BA;Leste;Colisão Traseira;2;;;;;;;;;;11;;;;
07/08/2016;16:26:00;189;com vítima;587;BR-116/BA;Sul;Queda de Moto;;;;1;;;;;;;0;;1;;
07/08/2016;17:04:00;201;sem vítima;542;BR-324/BA;Leste;Colisão Traseira;1;;;;;1;;;;1;8;;;;
07/08/2016;17:37:00;216;com vítima;690;BR-116/BA;Norte;Colisão Traseira;1;;2;;;;;;;;2;1;1;;
07/08/2016;21:26:00;261;com vítima;859,7;BR-116/BA;Norte;Colisão Lateral;;;;1;;1;;;;;1;;;;1
07/08/2016;22:01:00;266;sem vítima;619;BR-324/BA;Oeste;Colisão Lateral;2;;;;;;;;;;6;;;;
07/08/2016;22:19:00;270;sem vítima;760;BR-116/BA;Norte;Atropelamento de Animal;;;1;;;;;;;;1;;;;
07/08/2016;23:39:00;283;sem vítima;703;BR-116/BA;Norte;Saida de Pista;;;1;;;;;;;;2;;;;
08/08/2016;01:58:00;8;sem vítima;587;BR-324/BA;Leste;Saida de Pista;1;;;;;;;;;;1;;;;
08/08/2016;05:50:00;26;sem vítima;585,2;BR-324/BA;Oeste;Saida de Pista;1;;;;;;;;;;1;;;;
08/08/2016;07:37:00;57;com vítima;532,3;BR-324/BA;Leste;Colisão Lateral;1;;;1;;;;;;;1;1;;;
08/08/2016;07:54:00;65;com vítima;610,8;BR-324/BA;Oeste;Colisão Lateral;1;;1;1;;;;;;;6;1;;;
08/08/2016;07:58:00;66;sem vítima;23,9;BR-116/BA - Cont VC;Sul;Colisão Frontal;1;;1;;;;;;;;3;;;;
08/08/2016;15:23:00;209;sem vítima;619,7;BR-324/BA;Leste;Colisão Traseira;2;;;;;;;;;;3;;;;
08/08/2016;16:58:00;233;com vítima;450,5;BR-116/BA;Sul;Colisão Traseira;;;;1;;;;;;;1;1;;;
08/08/2016;21:59:00;293;sem vítima;450,8;BR-116/BA;Sul;Colisão Traseira;1;;;;;1;;;;;2;;;;
08/08/2016;22:00:00;294;sem vítima;543;BR-324/BA;Oeste;Saida de Pista;;;;;;1;;;;1;5;;;;
09/08/2016;00:14:00;3;sem vítima;756;BR-116/BA;Sul;Atropelamento de Animal;;;1;;;;;;;;1;;;;
09/08/2016;04:49:00;24;com vítima;618,5;BR-324/BA;Leste;Saida de Pista;1;;;;;;;;;;0;1;;;
09/08/2016;07:15:00;50;sem vítima;609;BR-324/BA;Leste;Colisão Lateral;1;;1;;;;;;;;2;;;;
09/08/2016;09:44:00;104;sem vítima;462,2;BR-116/BA;Norte;Colisão Lateral;1;;1;;;;;;;;2;;;;
09/08/2016;11:41:00;149;sem vítima;597;BR-116/BA;Norte;Colisão Traseira;;;1;;1;;;;;;13;;;;
09/08/2016;17:30:00;245;sem vítima;642;BR-116/BA;Norte;Saida de Pista;;;1;;;;;;;;1;;;;
09/08/2016;20:16:00;297;com vítima;625;BR-324/BA;Leste;Colisão Lateral;;;;2;;;;;;;2;1;;;
10/08/2016;15:19:00;210;sem vítima;613,5;BR-324/BA;Oeste;Saida de Pista;;;1;;;;;;;;1;;;;
10/08/2016;17:18:00;237;com vítima;15,3;BR-116/BA - Cont VC;Sul;Queda de Moto;;;;1;;;;;;;0;1;;;
10/08/2016;18:48:00;258;com vítima;9,6;BR-116/BA - Cont VC;Norte;Colisão Transversal;;;;1;;1;;;;;1;;1;;
10/08/2016;21:18:00;282;sem vítima;543;BR-324/BA;Oeste;Saida de Pista;1;;;;;;;;;;3;;;;
11/08/2016;00:19:00;4;sem vítima;750,2;BR-116/BA;Norte;Atropelamento de Animal;;;1;;;;;;;;1;;;;
11/08/2016;05:56:00;24;com vítima;535,1;BR-324/BA;Oeste;Queda de Moto;;;;1;;;;;;;0;1;;;
11/08/2016;07:50:00;40;sem vítima;475;BR-116/BA;Norte;Saida de Pista;1;;;;;;;;;;2;;;;
11/08/2016;09:45:00;99;sem vítima;608,15;BR-324/BA;Oeste;Tombamento;;;1;;;;;;;;1;;;;
11/08/2016;11:27:00;130;com vítima;523,2;BR-324/BA;Leste;Saida de Pista;1;;;;;;;;;;0;;1;;
11/08/2016;15:18:00;174;com vítima;6;BA-526;Sul;Colisão Frontal;1;;1;;;;;;;;1;1;;;
11/08/2016;15:19:00;175;com vítima;587;BR-324/BA;Oeste;Saida de Pista;1;;;;;;;;;;0;1;;;
11/08/2016;16:20:00;191;com vítima;710;BR-116/BA;Norte;Atropelamento - Ciclista;1;1;;;;;;;;;1;1;;;
11/08/2016;17:31:00;206;sem vítima;817;BR-116/BA;Sul;Engavetamento;1;;;;;1;;;;1;4;;;;
11/08/2016;17:49:00;209;sem vítima;591;BR-324/BA;Oeste;Colisão Traseira;1;;;;;;;;;1;15;;;;
12/08/2016;07:16:00;41;sem vítima;447,1;BR-116/BA;Norte;Saida de Pista;1;;;;;;;;;;1;;;;
12/08/2016;07:51:00;55;sem vítima;621,1;BR-324/BA;Leste;Colisão Traseira;1;;;1;;;;;;;3;;;;
12/08/2016;08:08:00;63;com vítima;493,8;BR-116/BA;Sul;Atropelamento - Ciclista;;1;;;;;;;;1;1;;;;1
12/08/2016;10:56:00;122;sem vítima;622,8;BR-324/BA;Leste;Colisão Traseira;1;;1;;;;;;;;3;;;;