data;horario;n_da_ocorrencia;tipo_de_ocorrencia;km;trecho;sentido;tipo_de_acidente;automovel;bicicleta;caminhao;moto;onibus;outros;tracao_animal;transporte_de_cargas_especiais;trator_maquinas;utilitarios;ilesos;levemente_feridos;moderadamente_feridos;gravemente_feridos;mortos
12/08/2016;11:02:00;127;sem vítima;574,2;BR-324/BA;Leste;Colisão Lateral;2;;;;;;;;;;3;;;;
12/08/2016;13:34:00;164;com vítima;819;BR-116/BA;Sul;Colisão Traseira;;1;;1;;;;;;;1;1;;;
12/08/2016;14:34:00;181;sem vítima;863;BR-116/BA;Norte;Saida de Pista;1;;;;;;;;;;2;;;;
12/08/2016;18:11:00;240;com vítima;558,3;BR-324/BA;Oeste;Capotamento;1;;;;;;;;;;4;;1;;
12/08/2016;18:23:00;247;sem vítima;619,1;BR-324/BA;Leste;Saida de Pista;1;;;;;1;;;;;2;;;;
12/08/2016;23:46:00;307;sem vítima;599,6;BR-324/BA;Oeste;Saida de Pista;;;;;;;;;;1;2;;;;
13/08/2016;07:52:00;50;sem vítima;536,3;BR-324/BA;Leste;Colisão Lateral;2;;;;;;;;;;2;;;;
13/08/2016;07:59:00;53;com vítima;818;BR-116/BA;Norte;Colisão Transversal;2;;;;;;;;;;1;1;2;;
13/08/2016;08:10:00;55;sem vítima;557,1;BR-324/BA;Leste;Queda de Moto;;;;1;;;;;;;2;;;;
13/08/2016;09:24:00;75;sem vítima;587,05;BR-324/BA;Oeste;Colisão Lateral;1;;1;;;;;;;;4;;;;
13/08/2016;11:43:00;120;sem vítima;584,1;BR-324/BA;Oeste;Engavetamento;4;;;;;;;;;;7;;;;
13/08/2016;17:17:00;198;sem vítima;580;BR-324/BA;Leste;Saida de Pista;1;;;;;;;;;;1;;;;
13/08/2016;20:23:00;241;sem vítima;867;BR-116/BA;Sul;Colisão Lateral;;;3;;;;;;;;3;;;;
13/08/2016;20:48:00;245;sem vítima;577;BR-324/BA;Leste;Saida de Pista;1;;;;;;;;;;1;;;;
13/08/2016;22:49:00;263;sem vítima;573;BR-324/BA;Oeste;Saida de Pista;1;;;;;;;;;;1;;;;
14/08/2016;14:59:00;186;com vítima;612,6;BR-324/BA;Leste;Queda de Moto;;;;1;;;;;;;0;;;1;
14/08/2016;17:11:00;212;sem vítima;9,3;BA-526;Sul;Colisão Lateral;1;;;1;1;;;;;;50;;;;
14/08/2016;17:58:00;225;com vítima;537;BR-324/BA;Leste;Colisão Transversal;;1;;1;;;;;;;1;1;;;
14/08/2016;18:23:00;229;sem vítima;537,5;BR-324/BA;Leste;Colisão Traseira;1;;;1;;;;;;;8;;;;
14/08/2016;19:47:00;246;sem vítima;560;BR-324/BA;Leste;Saida de Pista;;;;;;;;;;1;4;;;;
15/08/2016;00:05:00;2;sem vítima;541;BR-324/BA;Oeste;Saida de Pista;1;;;;;;;;;;2;;;;
15/08/2016;01:22:00;15;sem vítima;777,2;BR-116/BA;Sul;Saida de Pista;1;;;;;;;;;;1;;;;
15/08/2016;07:02:00;33;sem vítima;582,2;BR-324/BA;Leste;Saida de Pista;1;;;;;;;;;;1;;;;
15/08/2016;07:53:00;55;sem vítima;612,8;BR-324/BA;Leste;Engavetamento;3;;;;;;;;;;4;;;;
15/08/2016;08:03:00;57;com vítima;861,1;BR-116/BA;Sul;Colisão Transversal;;;1;1;;;;;;;2;;;1;
15/08/2016;08:06:00;58;sem vítima;615;BR-324/BA;Leste;Engavetamento;3;;;;;;;;;;4;;;;
15/08/2016;09:42:00;94;com vítima;614,5;BR-324/BA;Leste;Queda de Moto;;;;1;;;;;;;0;;1;;
15/08/2016;10:35:00;108;com vítima;626;BR-324/BA;Oeste;Colisão Traseira;;;;1;;1;;;;;1;;2;;
15/08/2016;10:53:00;112;sem vítima;615,1;BR-324/BA;Leste;Colisão Traseira;;;1;;;;;;;1;3;;;;
15/08/2016;11:22:00;120;sem vítima;614,2;BR-324/BA;Leste;Engavetamento;2;;1;;;;;;;;5;;;;
15/08/2016;16:14:00;187;sem vítima;526;BR-324/BA;Oeste;Colisão Traseira;2;;;;;1;;;;;5;;;;
15/08/2016;18:17:00;226;sem vítima;0,1;BR-116/BA - ContSuFS;Sul;Colisão Lateral;1;;;;;1;;;;;2;;;;
15/08/2016;18:23:00;228;sem vítima;519;BR-324/BA;Oeste;Engavetamento;2;;;;;;;;;2;8;;;;
15/08/2016;19:10:00;238;sem vítima;557;BR-116/BA;Sul;Engavetamento;1;;2;;;;;;;;6;;;;
16/08/2016;07:42:00;45;com vítima;0,3;BR-116/BA - ContSuFS;Sul;Colisão Lateral;1;;;1;;;;;;;3;1;;;
16/08/2016;09:29:00;77;sem vítima;616;BR-324/BA;Leste;Engavetamento;2;;;;;;;;;1;5;;;;
16/08/2016;10:27:00;96;sem vítima;613;BR-324/BA;Leste;Engavetamento;3;;;;;;;;;2;5;;;;
16/08/2016;12:15:00;125;com vítima;817,9;BR-116/BA;Sul;Colisão Transversal;;;1;1;;;;;;;2;;1;;
16/08/2016;14:18:00;151;sem vítima;545;BR-324/BA;Oeste;Colisão Lateral;2;;;;;;;;;;3;;;;
16/08/2016;14:24:00;153;sem vítima;616;BR-324/BA;Oeste;Engavetamento;1;;1;;;1;;;;;3;;;;
16/08/2016;15:33:00;176;sem vítima;452,3;BR-116/BA;Norte;Colisão Lateral;;;2;;;;;;;;2;;;;
16/08/2016;16:47:00;197;sem vítima;522;BR-324/BA;Leste;Colisão Traseira;1;;1;;;;;;;;4;;;;
16/08/2016;18:05:00;213;sem vítima;615,3;BR-324/BA;Leste;Engavetamento;4;;;;;;;;;;5;;;;
16/08/2016;18:22:00;219;com vítima;763,5;BR-116/BA;Sul;Colisão Lateral;;;3;;;;;;;;2;;1;;
16/08/2016;19:23:00;231;sem vítima;558,3;BR-324/BA;Oeste;Saida de Pista;1;;;;;;;;;;2;;;;
16/08/2016;22:26:00;253;sem vítima;543;BR-324/BA;Oeste;Saida de Pista;1;;;;;;;;;;2;;;;
17/08/2016;04:43:00;16;sem vítima;686;BR-116/BA;Norte;Colisão Lateral;1;;1;;;;;;;;5;;;;
17/08/2016;06:28:00;27;com vítima;624,1;BR-324/BA;Leste;Engavetamento;2;;1;;;;;;;;2;1;;;
17/08/2016;09:18:00;72;sem vítima;613,5;BR-324/BA;Leste;Colisão Traseira;2;;;;;;;;;;2;;;;
17/08/2016;11:09:00;107;com vítima;613;BR-324/BA;Leste;Queda de Moto;;;;1;;;;;;;0;2;;;
17/08/2016;13:43:00;159;sem vítima;16,3;BR-116/BA - Cont VC;Sul;Colisão Transversal;;;1;;;;;;;1;4;;;;
17/08/2016;16:53:00;223;sem vítima;576;BR-324/BA;Leste;Capotamento;;;1;;;;;;;;1;;;;
18/08/2016;06:11:00;33;sem vítima;689;BR-116/BA;Sul;Tombamento;;;1;;;;;;;;1;;;;
18/08/2016;16:25:00;212;com vítima;813;BR-116/BA;Norte;Atropelamento de Animal;;;;;;1;;;;;0;2;;;
18/08/2016;17:04:00;224;com vítima;623,6;BR-324/BA;Leste;Colisão Lateral;;;;2;;;;;;;1;;1;;
18/08/2016;18:07:00;245;com vítima;778;BR-116/BA;Sul;Colisão Transversal;;;;1;;1;;;;;1;1;;;
18/08/2016;18:37:00;253;sem vítima;591;BR-324/BA;Oeste;Colisão Traseira;1;;1;;;;;;;;4;;;;
18/08/2016;19:05:00;269;sem vítima;591;BR-324/BA;Oeste;Engavetamento;2;;;;;;;;;1;8;;;;
18/08/2016;21:44:00;294;sem vítima;775;BR-116/BA;Norte;Atropelamento de Animal;;;1;;;;;;;;1;;;;
19/08/2016;05:32:00;29;sem vítima;547,6;BR-324/BA;Leste;Saida de Pista;;;1;;;;;;;;1;;;;
19/08/2016;18:31:00;269;com vítima;29;BR-116/BA - Cont VC;Norte;Queda de Moto;;;;1;;;1;;;;1;1;;;
19/08/2016;19:54:00;290;com vítima;793;BR-116/BA;Norte;Queda de Moto;;;;1;;;;;;;0;;;1;
19/08/2016;20:35:00;305;sem vítima;543;BR-324/BA;Leste;Saida de Pista;1;;;;;;;;;;2;;;;
20/08/2016;10:24:00;88;sem vítima;792,1;BR-116/BA;Sul;Colisão Traseira;;;2;;;;;;;;2;;;;
20/08/2016;14:18:00;138;sem vítima;638;BR-116/BA;Sul;Colisão Lateral;;;2;;;;;;;;2;;;;
20/08/2016;15:11:00;152;sem vítima;576,7;BR-324/BA;Oeste;Saida de Pista;1;;;;;;;;;;2;;;;
20/08/2016;17:03:00;177;sem vítima;813;BR-116/BA;Sul;Colisão Traseira;1;;;;;1;;;;;2;;;;
20/08/2016;17:18:00;179;com vítima;778;BR-116/BA;Sul;Colisão Transversal;2;;1;;;;;;;;2;2;;;
20/08/2016;18:21:00;196;com vítima;647;BR-116/BA;Norte;Atropelamento de Animal;1;;;;;;;;;;0;1;;;
20/08/2016;18:56:00;206;com vítima;5;BA-526;Norte;Choque Contra Objeto Fixo;;;1;;;;;;;;0;1;;;
20/08/2016;19:12:00;213;sem vítima;562,3;BR-324/BA;Oeste;Saida de Pista;1;;;;;;;;;;1;;;;
20/08/2016;19:15:00;215;com vítima;789;BR-116/BA;Norte;Colisão Frontal;2;;;;;;;;;;5;;2;;
20/08/2016;19:42:00;219;sem vítima;543,1;BR-324/BA;Oeste;Saida de Pista;1;;;;;;;;;;2;;;;
20/08/2016;18:21:00;222;com vítima;647;BR-116/BA;Sul;Atropelamento de Animal;;;;1;;;;;;;0;2;;;
20/08/2016;20:34:00;235;com vítima;745,8;BR-116/BA;Sul;Atropelamento de Pedestre;;;;;;1;;;;;1;;;;1
20/08/2016;21:30:00;249;sem vítima;646;BR-116/BA;Norte;Atropelamento de Animal;;;;;;;;;;1;2;;;;
21/08/2016;07:46:00;35;sem vítima;533;BR-324/BA;Oeste;Colisão Traseira;;;2;;;;;;;;3;;;;
21/08/2016;10:58:00;98;sem vítima;608;BR-324/BA;Oeste;Choque Contra Objeto Fixo;1;;;;;;;;;;1;;;;
21/08/2016;11:36:00;110;sem vítima;618,9;BR-324/BA;Oeste;Colisão Lateral;1;;;;;1;;;;;5;;;;
21/08/2016;12:29:00;126;com vítima;428,1;BR-116/BA;Sul;Queda de Moto;;;;1;;;;;;;0;;;1;
21/08/2016;13:09:00;138;com vítima;586;BR-324/BA;Leste;Saida de Pista;1;;;;;;;;;;2;2;;;
21/08/2016;14:49:00;167;com vítima;648;BR-116/BA;Sul;Colisão Lateral;1;;1;;;;;;;;1;1;;;
21/08/2016;16:31:00;196;com vítima;551;BR-324/BA;Leste;Atropelamento de Pedestre;;;;;;1;;;;;1;;1;;
21/08/2016;17:56:00;214;sem vítima;601;BR-324/BA;Leste;Engavetamento;2;;;;;;;;;1;8;;;;
22/08/2016;10:53:00;117;sem vítima;537,4;BR-324/BA;Oeste;Saida de Pista;1;;;;;;;;;;3;;;;
22/08/2016;12:35:00;148;sem vítima;594,9;BR-324/BA;Leste;Colisão Traseira;1;;;;;;;;;1;18;;;;
22/08/2016;14:15:00;168;sem vítima;599,7;BR-324/BA;Oeste;Colisão Lateral;1;;1;;;;;;;;2;;;;
22/08/2016;15:54:00;192;sem vítima;7;BR-116/BA - ContSuFS;Sul;Colisão Traseira;1;;;1;;;;;;;3;;;;
22/08/2016;16:06:00;197;com vítima;625,8;BR-324/BA;Oeste;Colisão Traseira;1;;1;;;;;;;;1;;2;1;
22/08/2016;16:11:00;199;com vítima;846,2;BR-116/BA;Sul;Colisão Lateral;;;;2;;;;;;;0;3;;;
22/08/2016;18:14:00;232;com vítima;616,8;BR-324/BA;Oeste;Colisão Traseira;;;;1;;1;;;;;1;1;;;
23/08/2016;09:14:00;83;sem vítima;7;BR-116/BA - Cont VC;Sul;Colisão Traseira;;;2;;;;;;;;2;;;;
23/08/2016;14:36:00;181;sem vítima;529,8;BR-324/BA;Leste;Saida de Pista;;;1;;;;;;;;1;;;;
23/08/2016;15:29:00;197;sem vítima;617;BR-324/BA;Oeste;Colisão Traseira;1;;;;;;;;;1;3;;;;
23/08/2016;16:30:00;205;com vítima;2;BR-116/BA - ContSuFS;Norte;Queda de Moto;;;;1;;;;;;;0;;1;;
24/08/2016;04:21:00;18;com vítima;537,1;BR-324/BA;Oeste;Tombamento;;;1;;;;;;;;0;;2;;
24/08/2016;06:15:00;25;sem vítima;460,8;BR-116/BA;Sul;Colisão Traseira;;;2;;;;;;;;2;;;;
24/08/2016;07:38:00;39;com vítima;557,3;BR-116/BA;Sul;Saida de Pista;;;1;;;;;;;;0;1;;;
24/08/2016;13:43:00;161;sem vítima;563,2;BR-324/BA;Oeste;Tombamento;;;1;;;;;;;;1;;;;
24/08/2016;15:21:00;189;com vítima;16;BR-116/BA - Cont VC;Sul;Colisão Lateral;;;1;1;;;;;;;2;1;;;
24/08/2016;18:13:00;236;sem vítima;7,2;BA-526;Norte;Saida de Pista;1;;;;;1;;;;;4;;;;
24/08/2016;18:59:00;257;com vítima;644;BR-116/BA;Norte;Saida de Pista;2;;;;;;;;;;1;;3;;
24/08/2016;19:30:00;260;sem vítima;591,4;BR-324/BA;Leste;Colisão Traseira;;;1;;;1;;;;;2;;;;
24/08/2016;20:28:00;273;sem vítima;719,5;BR-116/BA;Sul;Saida de Pista;1;;;;;;;;;;2;;;;
24/08/2016;20:34:00;274;sem vítima;10,1;BR-116/BA - Cont VC;Sul;Atropelamento de Animal;;;;1;;;;;;;2;;;;
24/08/2016;20:51:00;279;com vítima;812,8;BR-116/BA;Norte;Colisão Frontal;1;;;1;;;;;;;1;;;;1
24/08/2016;21:52:00;293;sem vítima;619,4;BR-324/BA;Leste;Choque Contra Objeto Fixo;1;;;;;;;;;;1;;;;
25/08/2016;05:05:00;36;sem vítima;526,3;BR-324/BA;Oeste;Colisão Traseira;1;;;;;1;;;;;2;;;;
25/08/2016;08:07:00;81;sem vítima;614,8;BR-324/BA;Oeste;Colisão Traseira;1;;;;;;;;;;1;;;;
25/08/2016;08:09:00;83;sem vítima;530,7;BR-324/BA;Leste;Colisão Traseira;1;;;;;;;;;1;5;;;;
25/08/2016;09:55:00;126;sem vítima;427;BR-116/BA;Norte;Tombamento;;;1;;;;;;;;1;;;;
25/08/2016;10:14:00;132;sem vítima;821,8;BR-116/BA;Sul;Colisão Transversal;1;;;1;;;;;;;2;;;;
25/08/2016;13:01:00;183;sem vítima;908,3;BR-116/BA;Sul;Colisão Transversal;1;;1;;;;;;;;3;;;;
25/08/2016;17:02:00;257;sem vítima;614;BR-324/BA;Leste;Engavetamento;4;;;;;;;;;;5;;;;
25/08/2016;17:14:00;258;sem vítima;620,9;BR-116/BA;Sul;Saida de Pista;1;;;;;;;;;;3;;;;
26/08/2016;04:37:00;18;sem vítima;543;BR-324/BA;Oeste;Saida de Pista;1;;;;;;;;;;1;;;;
26/08/2016;06:09:00;26;sem vítima;599,3;BR-324/BA;Leste;Queda de Moto;;;;1;;;;;;;1;;;;
26/08/2016;09:29:00;80;sem vítima;619,4;BR-324/BA;Leste;Engavetamento;4;;;;;;;;;;7;;;;
26/08/2016;12:11:00;130;sem vítima;526,1;BR-324/BA;Oeste;Colisão Lateral;1;;;;;1;;;;;6;;;;
26/08/2016;15:32:00;179;sem vítima;585;BR-324/BA;Leste;Saida de Pista;1;;;;;;;;;;1;;;;
26/08/2016;18:50:00;244;com vítima;900,1;BR-116/BA;Norte;Atropelamento de Pedestre;1;;;;;;;;;;2;;;;1
26/08/2016;19:03:00;247;com vítima;817,3;BR-116/BA;Norte;Colisão Transversal;;;;1;1;;;;;;16;1;1;;
26/08/2016;21:20:00;276;sem vítima;756,2;BR-116/BA;Norte;Colisão Traseira;;;2;;;;;;;;3;;;;
26/08/2016;21:41:00;282;sem vítima;632,4;BR-116/BA;Sul;Colisão Traseira;1;;1;;;;;;;;3;;;;
27/08/2016;05:14:00;20;sem vítima;9,05;BR-116/BA - Cont VC;Norte;Atropelamento de Animal;1;;;;;;;;;;1;;;;
27/08/2016;05:27:00;21;sem vítima;642,1;BR-116/BA;Norte;Saida de Pista;;;1;;;;;;;;1;;;;
27/08/2016;05:15:00;22;sem vítima;9,08;BR-116/BA - Cont VC;Norte;Atropelamento de Animal;;;;;;;;;;1;3;;;;
27/08/2016;05:35:00;24;sem vítima;872,8;BR-116/BA;Sul;Colisão Traseira;1;;1;;;;;;;;3;;;;
27/08/2016;09:02:00;65;sem vítima;835,5;BR-116/BA;Norte;Colisão Transversal;2;;;;;;;;;;2;;;;
27/08/2016;12:05:00;127;sem vítima;523,1;BR-324/BA;Leste;Saida de Pista;1;;;;;;;;;;2;;;;
27/08/2016;14:43:00;164;sem vítima;435;BR-116/BA;Norte;Choque Contra Objeto Fixo;1;;;;;;;;;;1;;;;
27/08/2016;16:32:00;189;sem vítima;588,3;BR-324/BA;Oeste;Colisão Lateral;2;;;;;;;;;;4;;;;
27/08/2016;18:07:00;214;sem vítima;552;BR-324/BA;Oeste;Colisão Lateral;;;;;1;1;;;;;19;;;;
27/08/2016;18:17:00;217;sem vítima;560;BR-324/BA;Oeste;Saida de Pista;1;;;;;;;;;;1;;;;
27/08/2016;18:18:00;218;sem vítima;828;BR-116/BA;Norte;Colisão Frontal;2;;1;;;;;;;;5;;;;
27/08/2016;19:03:00;225;sem vítima;612;BR-324/BA;Leste;Capotamento;1;;;;;;;;;;1;;;;
27/08/2016;19:25:00;229;sem vítima;515;BR-116/BA;Sul;Colisão Frontal;;;1;;;;;;;1;2;;;;
27/08/2016;19:45:00;235;sem vítima;789;BR-116/BA;Norte;Saida de Pista;1;;;;;;;;;;1;;;;
27/08/2016;19:46:00;236;com vítima;624;BR-324/BA;Oeste;Queda de Moto;;;;;;1;;;;;0;1;;;
27/08/2016;20:05:00;239;com vítima;540;BR-324/BA;Leste;Queda de Moto;;;;;;1;;;;;0;1;;;
27/08/2016;20:34:00;247;com vítima;7;BR-116/BA - ContSuFS;Norte;Queda de Moto;;;;1;;;;;;;0;1;;;
28/08/2016;08:41:00;61;com vítima;436;BR-116/BA;Sul;Saida de Pista;;;1;;;;;;;;0;1;;;
28/08/2016;09:16:00;67;com vítima;449,6;BR-116/BA;Sul;Colisão Traseira;1;;;;;1;;;;;2;3;;;
28/08/2016;13:31:00;115;com vítima;428,5;BR-116/BA;Sul;Colisão Traseira;2;;;;;;;;;;2;1;;;
28/08/2016;18:14:00;175;com vítima;523;BR-324/BA;Leste;Colisão Traseira;;;;1;;1;;;;;1;1;;;
28/08/2016;18:24:00;177;com vítima;571,1;BR-116/BA;Sul;Colisão Traseira;;;1;;;;;;;1;1;2;1;;1
28/08/2016;19:16:00;184;com vítima;447,5;BR-116/BA;Sul;Colisão Transversal;1;;1;;;;;;;;1;4;2;;
28/08/2016;19:52:00;191;com vítima;434;BR-116/BA;Norte;Saida de Pista;1;;1;;;;;;;;1;2;2;;
28/08/2016;21:55:00;217;com vítima;619,3;BR-324/BA;Leste;Queda de Moto;;;;1;;;;;;;0;1;;;
29/08/2016;03:58:00;17;com vítima;452;BR-116/BA;Norte;Colisão Traseira;;;2;;;;;;;;1;;1;2;
29/08/2016;07:32:00;51;sem vítima;611,6;BR-324/BA;Oeste;Colisão Traseira;2;;;;;;;;;;2;;;;
29/08/2016;09:16:00;88;com vítima;638;BR-116/BA;Norte;Saida de Pista;;;;;;;;;;1;0;1;;;
29/08/2016;09:27:00;92;sem vítima;614;BR-324/BA;Leste;Colisão Traseira;2;;;;;;;;;;2;;;;
29/08/2016;12:29:00;152;sem vítima;28;BR-116/BA - Cont VC;Norte;Colisão Traseira;;;2;;;;;;;;2;;;;
29/08/2016;13:54:00;177;sem vítima;599;BR-324/BA;Leste;Colisão Transversal;2;;;;;;;;;;5;;;;
29/08/2016;13:56:00;178;sem vítima;8;BR-116/BA - Cont VC;Sul;Colisão Lateral;1;;1;;;;;;;;3;;;;
29/08/2016;15:16:00;194;sem vítima;601;BR-324/BA;Oeste;Saida de Pista;1;;;;;;;;;;1;;;;
29/08/2016;15:20:00;195;com vítima;911;BR-116/BA;Norte;Colisão Traseira;1;;1;;;;;;;;3;;1;;
29/08/2016;16:54:00;223;sem vítima;815,5;BR-116/BA;Norte;Saida de Pista;;;1;;;;;;;;1;;;;
29/08/2016;18:12:00;243;com vítima;537;BR-116/BA;Sul;Engavetamento;4;;;;;;;;;;9;;;1;
29/08/2016;19:43:00;275;sem vítima;585;BR-324/BA;Oeste;Saida de Pista;;;1;;;;;;;;1;;;;
29/08/2016;21:41:00;289;sem vítima;592;BR-324/BA;Leste;Saida de Pista;1;;;;;;;;;;1;;;;
29/08/2016;22:29:00;295;com vítima;6;BR-116/BA - ContSuFS;Norte;Queda de Moto;;;;1;;;;;;;0;2;;;
30/08/2016;00:33:00;4;com vítima;519;BR-116/BA;Norte;Colisão Frontal;;;1;1;;;;;;;1;;;;1
30/08/2016;01:09:00;6;com vítima;812;BR-116/BA;Norte;Saida de Pista;1;;;;;;;;;;0;1;;;
30/08/2016;01:34:00;7;sem vítima;543;BR-324/BA;Oeste;Saida de Pista;1;;;;;;;;;;6;;;;
30/08/2016;01:37:00;8;sem vítima;642,6;BR-116/BA;Sul;Saida de Pista;;;1;;;;;;;;1;;;;
30/08/2016;06:39:00;28;sem vítima;614;BR-116/BA;Sul;Colisão Traseira;;;2;;;;;;;;2;;;;
30/08/2016;07:01:00;35;sem vítima;736;BR-116/BA;Sul;Choque Contra Objeto Fixo;1;;;;;;;;;;1;;;;
30/08/2016;07:18:00;39;sem vítima;543;BR-324/BA;Oeste;Saida de Pista;;;;;;;;;;1;1;;;;
30/08/2016;08:50:00;73;com vítima;565,3;BR-324/BA;Oeste;Saida de Pista;;;1;1;;;;;;;4;;;;1
30/08/2016;11:07:00;119;sem vítima;827;BR-116/BA;Sul;Colisão Traseira;1;;1;;;;;;;;2;;;;
30/08/2016;12:59:00;146;sem vítima;572,2;BR-324/BA;Oeste;Colisão Traseira;1;;;;;;;;;1;3;;;;
30/08/2016;14:08:00;172;sem vítima;581,3;BR-324/BA;Oeste;Tombamento;;;1;;;;;;;;1;;;;
30/08/2016;15:51:00;201;sem vítima;547;BR-324/BA;Oeste;Choque Contra Objeto Fixo;1;;1;;;;;;;;2;;;;
31/08/2016;08:25:00;62;com vítima;624;BR-324/BA;Leste;Engavetamento;1;;2;;;;;;;;2;;;1;
31/08/2016;11:15:00;118;sem vítima;522,1;BR-324/BA;Oeste;Colisão Traseira;;;2;;;;;;;;2;;;;
31/08/2016;13:37:00;154;sem vítima;519,2;BR-324/BA;Oeste;Colisão Traseira;;;2;;;;;;;;3;;;;
31/08/2016;15:17:00;184;com vítima;16,6;BR-116/BA - Cont VC;Sul;Colisão Transversal;2;;;;;;;;;;2;1;;;
31/08/2016;15:29:00;191;com vítima;652,4;BR-116/BA;Norte;Colisão Traseira;1;;;1;;;;;;;2;1;;;
31/08/2016;16:53:00;218;com vítima;797,6;BR-116/BA;Sul;Queda de Moto;;;;1;;;;;;;0;2;;;
31/08/2016;20:30:00;273;com vítima;539;BR-324/BA;Leste;Atropelamento de Pedestre;;;;;;;;;;1;1;;;;1
31/08/2016;21:42:00;286;sem vítima;615,2;BR-324/BA;Oeste;Capotamento;;;;;;;;;;1;1;;;;
01/09/2016;00:54:00;9;sem vítima;446;BR-116/BA;Norte;Atropelamento de Animal;;;1;;;;;;;;1;;;;
01/09/2016;06:30:00;34;sem vítima;623;BR-324/BA;Leste;Engavetamento;4;;;;;;;;;;7;;;;
01/09/2016;08:30:00;71;sem vítima;612,1;BR-116/BA;Sul;Queda de Moto;;;;1;;;;;;;1;;;;
01/09/2016;09:55:00;102;com vítima;18,5;BR-116/BA - Cont VC;Sul;Atropelamento - Ciclista;1;1;;;;;;;;;1;1;;;
01/09/2016;09:56:00;103;sem vítima;567,2;BR-324/BA;Leste;Saida de Pista;;;1;;;;;;;;3;;;;
01/09/2016;14:48:00;180;com vítima;764,1;BR-116/BA;Norte;Colisão Traseira;;;1;;;;;;;1;4;2;;;
01/09/2016;17:59:00;238;sem vítima;551,6;BR-324/BA;Oeste;Colisão Lateral;;;;;;1;;;;1;2;;;;
02/09/2016;01:34:00;8;sem vítima;472,5;BR-116/BA;Norte;Saida de Pista;;;1;;;1;;;;;3;;;;
02/09/2016;04:04:00;15;sem vítima;535,3;BR-324/BA;Leste;Colisão Lateral;1;;;;;1;;;;;6;;;;
02/09/2016;06:59:00;32;sem vítima;586,9;BR-324/BA;Oeste;Saida de Pista;;;1;;;;;;;;1;;;;
02/09/2016;07:41:00;47;sem vítima;614,1;BR-324/BA;Oeste;Colisão Traseira;2;;;;;;;;;;4;;;;
02/09/2016;08:35:00;75;com vítima;541;BR-324/BA;Leste;Engavetamento;5;;;;;1;;;;1;6;3;;;
02/09/2016;14:51:00;198;com vítima;796,1;BR-116/BA;Norte;Saida de Pista;1;;;;;;;;;;0;;1;;
02/09/2016;16:18:00;221;sem vítima;568;BR-324/BA;Oeste;Engavetamento;6;;;;;;;;;;15;;;;
02/09/2016;17:04:00;231;com vítima;843;BR-116/BA;Norte;Colisão Lateral;1;;;1;;;;;;;1;1;;;
02/09/2016;17:45:00;241;sem vítima;1;BR-116/BA - Cont VC;Sul;Saida de Pista;;;1;;;;;;;;1;;;;
02/09/2016;17:47:00;243;sem vítima;568,8;BR-324/BA;Oeste;Engavetamento;3;;;;;;;;;;7;;;;
02/09/2016;18:32:00;254;sem vítima;625;BR-324/BA;Leste;Colisão Traseira;2;;;;;;;;;;5;;;;
02/09/2016;22:34:00;298;sem vítima;598;BR-324/BA;Leste;Saida de Pista;1;;;;;;;;;;1;;;;
03/09/2016;01:49:00;8;sem vítima;488;BR-116/BA;Norte;Saida de Pista;1;;;;;;;;;;1;;;;
03/09/2016;04:37:00;14;com vítima;556;BR-116/BA;Norte;Colisão Frontal;1;;1;;;;;;;;1;;;1;
03/09/2016;05:25:00;18;sem vítima;585,1;BR-324/BA;Leste;Saida de Pista;1;;;;;;;;;;4;;;;
03/09/2016;05:59:00;25;sem vítima;818,1;BR-116/BA;Norte;Atropelamento de Animal;;;;;;;;;;1;1;;;;
03/09/2016;06:31:00;27;com vítima;739,6;BR-116/BA;Norte;Atropelamento de Pedestre;;;1;;;;;;;;1;;;;1
03/09/2016;09:32:00;74;sem vítima;16,5;BR-116/BA - Cont VC;Sul;Colisão Transversal;1;;1;;;;;;;;3;;;;
03/09/2016;10:16:00;89;com vítima;909,8;BR-116/BA;Sul;Engavetamento;1;;2;;;;;;;;2;1;1;;
03/09/2016;10:19:00;92;sem vítima;592;BR-324/BA;Oeste;Saida de Pista;1;;;;;;;;;;2;;;;
03/09/2016;11:00:00;101;sem vítima;582,1;BR-324/BA;Oeste;Saida de Pista;1;;;;;;;;;;3;;;;
03/09/2016;11:47:00;113;sem vítima;556,2;BR-324/BA;Leste;Saida de Pista;1;;;;;;;;;;1;;;;
03/09/2016;12:14:00;121;sem vítima;556,15;BR-324/BA;Leste;Saida de Pista;;;;;;;;;;1;2;;;;
03/09/2016;12:28:00;125;sem vítima;614,15;BR-324/BA;Oeste;Colisão Traseira;1;;1;;;;;;;;4;;;;
03/09/2016;13:44:00;138;com vítima;622,12;BR-324/BA;Oeste;Queda de Moto;;;;1;;1;;;;;1;1;;;
03/09/2016;14:22:00;151;sem vítima;625,85;BR-324/BA;Oeste;Colisão Traseira;2;;;;;1;;;;;4;;;;
03/09/2016;15:10:00;161;sem vítima;599;BR-324/BA;Leste;Colisão Traseira;1;;;;;;;;;1;6;;;;
03/09/2016;15:23:00;169;sem vítima;441,9;BR-116/BA;Sul;Saida de Pista;;;;;;;;;;1;3;;;;
03/09/2016;16:13:00;179;com vítima;428,6;BR-116/BA;Sul;Queda de Moto;;;;1;;;;;;;0;1;;;
03/09/2016;17:47:00;208;sem vítima;617,6;BR-324/BA;Leste;Colisão Traseira;2;;;;;;;;;;3;;;;