data;horario;n_da_ocorrencia;tipo_de_ocorrencia;km;trecho;sentido;tipo_de_acidente;automovel;bicicleta;caminhao;moto;onibus;outros;tracao_animal;transporte_de_cargas_especiais;trator_maquinas;utilitarios;ilesos;levemente_feridos;moderadamente_feridos;gravemente_feridos;mortos
03/09/2016;20:38:00;234;com vítima;810,3;BR-116/BA;Sul;Colisão Lateral;;;;1;;1;;;;;2;;1;;
04/09/2016;03:57:00;27;com vítima;618,9;BR-324/BA;Leste;Atropelamento de Pedestre;;;;;;1;;;;;1;;;;1
04/09/2016;09:10:00;74;sem vítima;625,1;BR-324/BA;Leste;Queda de Moto;;;;1;;;;;;;1;;;;
04/09/2016;10:10:00;95;sem vítima;614,2;BR-324/BA;Leste;Colisão Lateral;1;;1;;;;;;;;3;;;;
04/09/2016;15:28:00;172;sem vítima;657;BR-116/BA;Sul;Saida de Pista;1;;;;;;;;;;1;;;;
04/09/2016;18:28:00;222;com vítima;457,1;BR-116/BA;Sul;Saida de Pista;1;;1;;;;;;;;1;1;;;
04/09/2016;18:36:00;226;sem vítima;548;BR-324/BA;Leste;Saida de Pista;;;;;;;;;;1;4;;;;
04/09/2016;18:58:00;232;com vítima;562;BR-324/BA;Oeste;Saida de Pista;1;;;;;;;;;;2;2;1;;
04/09/2016;21:34:00;261;sem vítima;619;BR-324/BA;Oeste;Capotamento;;;;;;;;;;1;1;;;;
04/09/2016;22:14:00;270;sem vítima;614;BR-324/BA;Oeste;Choque Contra Objeto Fixo;1;;;;;;;;;;1;;;;
05/09/2016;00:32:00;10;com vítima;523;BR-324/BA;Oeste;Queda de Moto;;;;1;;;;;;;0;1;;;
05/09/2016;00:55:00;16;sem vítima;574,8;BR-324/BA;Oeste;Saida de Pista;1;;;;;;;;;;1;;;;
05/09/2016;02:30:00;21;com vítima;14;BR-116/BA - Cont VC;Norte;Saida de Pista;;;;1;;;;;;;1;1;;;
05/09/2016;06:30:00;42;sem vítima;568;BR-324/BA;Leste;Tombamento;;;1;;;;;;;;2;;;;
05/09/2016;07:08:00;52;sem vítima;846,2;BR-116/BA;Sul;Colisão Lateral;1;;;;;1;;;;;3;;;;
05/09/2016;15:55:00;213;sem vítima;540;BR-324/BA;Oeste;Colisão Lateral;1;;1;;;;;;;;3;;;;
05/09/2016;18:19:00;244;com vítima;619,6;BR-324/BA;Oeste;Colisão Lateral;1;;;;;1;;;;;2;1;;;
05/09/2016;18:55:00;249;sem vítima;536,9;BR-324/BA;Oeste;Saida de Pista;1;;;;;1;;;;;2;;;;
05/09/2016;18:57:00;250;com vítima;705;BR-116/BA;Norte;Atropelamento - Ciclista;;1;;;;1;;;;;1;;1;;
05/09/2016;20:30:00;270;com vítima;463;BR-116/BA;Norte;Colisão Lateral;1;;;;;1;;;;;2;2;;;
05/09/2016;21:52:00;284;sem vítima;573,5;BR-324/BA;Leste;Saida de Pista;;;1;;;;;;;;1;;;;
06/09/2016;04:53:00;8;com vítima;585;BR-324/BA;Leste;Saida de Pista;;;;;;;;;;1;0;3;;;
06/09/2016;06:48:00;18;sem vítima;622,92;BR-324/BA;Leste;Colisão Traseira;1;;;1;;;;;;;3;;;;
06/09/2016;11:39:00;114;sem vítima;619,4;BR-324/BA;Leste;Colisão Traseira;1;;1;;;;;;;;2;;;;
06/09/2016;14:36:00;160;sem vítima;570;BR-324/BA;Leste;Colisão Lateral;;;1;;;;;;;1;3;;;;
06/09/2016;19:43:00;246;sem vítima;552;BR-324/BA;Leste;Saida de Pista;1;;;;;;;;;;2;;;;
06/09/2016;20:13:00;253;sem vítima;543;BR-324/BA;Oeste;Saida de Pista;1;;;;;;;;;;1;;;;
07/09/2016;04:13:00;21;sem vítima;846;BR-116/BA;Norte;Atropelamento de Animal;1;;;;;;;;;;1;;;;
07/09/2016;08:59:00;64;sem vítima;552,2;BR-324/BA;Oeste;Sequência;2;;;;;;;;;;3;;;;
07/09/2016;14:37:00;143;sem vítima;615,5;BR-324/BA;Leste;Saida de Pista;1;;;;;;;;;;2;;;;
07/09/2016;16:00:00;160;com vítima;523;BR-324/BA;Oeste;Atropelamento de Pedestre;1;;;;;;;;;;1;1;;;
07/09/2016;20:39:00;214;com vítima;11,9;BR-116/BA - Cont VC;Norte;Queda de Moto;;;;1;;;;;;;0;1;;;
07/09/2016;20:54:00;216;com vítima;11,5;BR-116/BA - Cont VC;Norte;Colisão Frontal;1;;;1;;;;;;;1;;1;;
07/09/2016;22:00:00;224;sem vítima;589;BR-324/BA;Leste;Saida de Pista;1;;;;;;;;;;2;;;;
08/09/2016;03:12:00;16;sem vítima;0;BR-116/BA - ContSuFS;Sul;Saida de Pista;1;;;;;;;;;;4;;;;
08/09/2016;09:34:00;92;sem vítima;546;BR-324/BA;Oeste;Queda de Moto;;;;1;;;;;;;2;;;;
08/09/2016;10:39:00;127;com vítima;514;BR-116/BA;Norte;Saida de Pista;1;;;;;1;;;;;3;1;;;
08/09/2016;12:58:00;165;sem vítima;3,5;BR-116/BA - Cont VC;Sul;Colisão Transversal;;;1;1;;;;;;;2;;;;
08/09/2016;17:52:00;245;sem vítima;617,8;BR-324/BA;Leste;Colisão Traseira;;;2;;;;;;;;2;;;;
09/09/2016;06:09:00;24;sem vítima;606,3;BR-324/BA;Leste;Colisão Traseira;1;;;;1;;;;;;6;;;;
09/09/2016;07:14:00;38;sem vítima;568,5;BR-324/BA;Oeste;Queda de Moto;;;;1;;;;;;;1;;;;
09/09/2016;09:21:00;89;sem vítima;622,8;BR-324/BA;Leste;Engavetamento;3;;;;;;;;;;8;;;;
09/09/2016;17:27:00;215;sem vítima;621,6;BR-324/BA;Oeste;Tombamento;;;;;;;;;;1;1;;;;
09/09/2016;19:14:00;234;com vítima;754;BR-116/BA;Sul;Atropelamento de Animal;;;;1;;;;;;;0;;1;;
09/09/2016;19:56:00;241;com vítima;820;BR-116/BA;Norte;Atropelamento - Ciclista;;;;;;1;;;;;1;;;1;
10/09/2016;00:36:00;6;sem vítima;575,5;BR-324/BA;Leste;Saida de Pista;1;;;;;;;;;;1;;;;
10/09/2016;10:44:00;95;com vítima;1,5;BA-528;Sul;Colisão Frontal;;;;1;;;;;;1;11;2;;;
10/09/2016;13:16:00;125;sem vítima;827;BR-116/BA;Norte;Colisão Transversal;2;;;;;;;;;;3;;;;
10/09/2016;15:16:00;152;com vítima;622,8;BR-324/BA;Oeste;Saida de Pista;;;;;;;;;;1;6;1;;;
10/09/2016;18:06:00;185;sem vítima;561,5;BR-324/BA;Leste;Colisão Lateral;3;;;;;;;;;;5;;;;
10/09/2016;18:38:00;194;com vítima;771,3;BR-116/BA;Norte;Atropelamento de Pedestre;;;1;;;;;;;;0;1;;;1
10/09/2016;19:51:00;206;sem vítima;545;BR-324/BA;Oeste;Colisão Traseira;2;;;;;;;;;;4;;;;
10/09/2016;22:36:00;225;com vítima;513;BR-116/BA;Norte;Saida de Pista;;;1;;;;;;;;0;;;;1
11/09/2016;05:31:00;31;sem vítima;617,8;BR-324/BA;Leste;Colisão Traseira;1;;;1;;;;;;;2;;;;
11/09/2016;11:04:00;102;sem vítima;476;BR-116/BA;Norte;Colisão Traseira;;;2;;;;;;;;2;;;;
11/09/2016;11:24:00;108;com vítima;461,3;BR-116/BA;Sul;Colisão Transversal;;;1;1;;;;;;;1;1;;;
11/09/2016;12:53:00;126;sem vítima;720,1;BR-116/BA;Sul;Saida de Pista;;;1;;;;;;;;1;;;;
11/09/2016;16:15:00;173;sem vítima;619;BR-116/BA;Sul;Saida de Pista;1;;;;;;;;;;1;;;;
11/09/2016;19:35:00;212;com vítima;531;BR-116/BA;Norte;Saida de Pista;1;;;;;;;;;;0;4;;;
12/09/2016;04:12:00;27;com vítima;607,6;BR-324/BA;Leste;Colisão Traseira;;;;1;;1;;;;;1;;2;;
12/09/2016;04:28:00;30;sem vítima;456,1;BR-116/BA;Norte;Atropelamento de Animal;1;;;;;;;;;;1;;;;
12/09/2016;06:35:00;49;sem vítima;605,5;BR-324/BA;Leste;Engavetamento;3;;;;;1;;;;;10;;;;
12/09/2016;06:53:00;54;sem vítima;610;BR-324/BA;Oeste;Colisão Traseira;1;;;;;1;;;;;2;;;;
12/09/2016;07:22:00;66;sem vítima;606;BR-324/BA;Leste;Colisão Traseira;2;;;;;;;;;;5;;;;
12/09/2016;07:56:00;73;com vítima;623,9;BR-324/BA;Leste;Queda de Moto;;;;1;;;;;;;0;2;;;
12/09/2016;12:51:00;168;sem vítima;848,1;BR-116/BA;Sul;Saida de Pista;1;;;;;;;;;;1;;;;
12/09/2016;18:02:00;237;sem vítima;614;BR-324/BA;Leste;Colisão Traseira;2;;;;;;;;;;2;;;;
12/09/2016;18:59:00;258;com vítima;428;BR-116/BA;Norte;Atropelamento de Animal;;;;1;;;;;;;0;;1;;
13/09/2016;07:48:00;42;sem vítima;620,9;BR-324/BA;Leste;Engavetamento;1;;;1;;2;;;;;4;;;;
13/09/2016;08:08:00;53;sem vítima;570,15;BR-116/BA;Norte;Colisão Traseira;1;;1;;;;;;;;2;;;;
13/09/2016;12:00:00;123;sem vítima;546,02;BR-116/BA;Norte;Colisão Traseira;1;;1;;;;;;;;5;;;;
13/09/2016;12:21:00;127;com vítima;557,8;BR-324/BA;Oeste;Saida de Pista;1;;;;;;;;;;3;;3;;
13/09/2016;12:14:00;140;sem vítima;547,3;BR-116/BA;Norte;Colisão Traseira;;;2;;;;;;;;2;;;;
13/09/2016;15:13:00;167;sem vítima;555;BR-116/BA;Norte;Saida de Pista;;;1;;;;;;;;1;;;;
13/09/2016;18:28:00;217;com vítima;561;BR-324/BA;Oeste;Colisão Transversal;1;;;;;;;;;1;1;;1;;2
14/09/2016;02:08:00;15;com vítima;589,3;BR-324/BA;Leste;Saida de Pista;1;;;;;;;;;;0;;4;;
14/09/2016;04:15:00;21;sem vítima;530,3;BR-324/BA;Oeste;Saida de Pista;;;1;;;;;;;;3;;;;
14/09/2016;06:44:00;41;sem vítima;818,5;BR-116/BA;Norte;Queda de Moto;;;;1;;;;;;;2;;;;
14/09/2016;07:28:00;49;sem vítima;523;BR-324/BA;Oeste;Saida de Pista;1;;;;;;;;;;1;;;;
14/09/2016;08:15:00;60;sem vítima;441,8;BR-116/BA;Sul;Saida de Pista;;;1;;;;;;;;1;;;;
14/09/2016;08:36:00;63;com vítima;619;BR-324/BA;Leste;Colisão Lateral;1;;;1;;;;;;;2;;1;;
14/09/2016;18:13:00;218;sem vítima;464,5;BR-116/BA;Norte;Tombamento;;;1;;;;;;;;1;;;;
14/09/2016;22:26:00;251;sem vítima;608;BR-324/BA;Leste;Colisão Traseira;2;;;;;;;;;;3;;;;
14/09/2016;23:40:00;265;com vítima;539;BR-116/BA;Norte;Atropelamento de Animal;1;;;;;;;;;;0;1;;;
15/09/2016;14:50:00;189;sem vítima;6,2;BR-116/BA - Cont VC;Sul;Colisão Lateral;1;;1;;;;;;;;2;;;;
15/09/2016;16:02:00;208;sem vítima;542;BR-116/BA;Norte;Colisão Traseira;;;2;;;;;;;;2;;;;
15/09/2016;16:09:00;209;sem vítima;591;BR-324/BA;Leste;Saida de Pista;;;;;;;;;;1;1;;;;
15/09/2016;21:15:00;278;sem vítima;610;BR-324/BA;Oeste;Colisão Traseira;1;;;;;;;;;;2;;;;
16/09/2016;03:31:00;23;sem vítima;608,5;BR-324/BA;Leste;Saida de Pista;1;;;;;;;;;;4;;;;
16/09/2016;05:03:00;32;com vítima;550;BR-324/BA;Oeste;Queda de Moto;;;;1;;;;;;;0;;;2;
16/09/2016;05:42:00;39;sem vítima;865;BR-116/BA;Norte;Saida de Pista;;;1;;;;;;;;2;;;;
16/09/2016;06:13:00;43;com vítima;719;BR-116/BA;Sul;Tombamento;;;1;;;;;;;;0;;1;;
16/09/2016;07:49:00;62;sem vítima;518,05;BR-324/BA;Oeste;Colisão Traseira;2;;;;;;;;;;5;;;;
16/09/2016;07:58:00;66;sem vítima;933,05;BR-116/BA;Norte;Saida de Pista;;;1;;;;;;;;1;;;;
16/09/2016;09:53:00;99;sem vítima;624;BR-324/BA;Leste;Engavetamento;2;;;;;;;;;1;7;;;;
16/09/2016;13:31:00;144;sem vítima;459;BR-116/BA;Sul;Colisão Traseira;2;;;;;;;;;;2;;;;
16/09/2016;14:55:00;165;sem vítima;619,9;BR-324/BA;Leste;Colisão Traseira;1;;1;;;;;;;;2;;;;
16/09/2016;15:19:00;170;sem vítima;16,4;BR-116/BA - Cont VC;Sul;Colisão Lateral;2;;;;;;;;;;3;;;;
16/09/2016;16:33:00;185;sem vítima;614;BR-324/BA;Leste;Colisão Lateral;2;;;;;;;;;;4;;;;
16/09/2016;18:43:00;220;sem vítima;843;BR-116/BA;Sul;Colisão Lateral;1;;1;;;1;;;;;4;;;;
16/09/2016;18:56:00;224;sem vítima;608;BR-324/BA;Leste;Engavetamento;1;;;;;2;;;;;6;;;;
16/09/2016;20:19:00;240;sem vítima;13;BR-116/BA - Cont VC;Norte;Colisão Transversal;1;;;;;1;;;;;2;;;;
16/09/2016;20:35:00;245;com vítima;3;BR-116/BA - Cont VC;Norte;Queda de Moto;;;;1;;;;;;;0;1;;;
17/09/2016;12:21:00;91;com vítima;583,05;BR-116/BA;Sul;Colisão Frontal;1;;2;;;;;;;;2;;;1;
17/09/2016;18:43:00;172;sem vítima;578,9;BR-324/BA;Leste;Saida de Pista;1;;;;;;;;;;1;;;;
17/09/2016;19:51:00;190;sem vítima;530,3;BR-324/BA;Oeste;Saida de Pista;1;;;;;1;;;;;2;;;;
17/09/2016;20:16:00;200;com vítima;459;BR-116/BA;Sul;Colisão Transversal;;;;1;;1;;;;;1;;1;;
17/09/2016;21:05:00;212;com vítima;924,1;BR-116/BA;Sul;Colisão Traseira;;;1;;;;;;;;0;1;;;
17/09/2016;22:46:00;234;sem vítima;558;BR-324/BA;Leste;Atropelamento de Animal;1;;;;;;;;;;5;;;;
18/09/2016;01:14:00;10;sem vítima;595,2;BR-116/BA;Norte;Saida de Pista;;;1;;;;;;;;1;;;;
18/09/2016;04:40:00;35;sem vítima;578;BR-324/BA;Leste;Saida de Pista;1;;;;;;;;;;1;;;;
18/09/2016;06:26:00;46;sem vítima;817,7;BR-116/BA;Sul;Colisão Transversal;2;;;;;;;;;;4;;;;
18/09/2016;08:28:00;65;com vítima;449;BR-116/BA;Sul;Queda de Moto;;;;1;;;;;;;0;1;;;
18/09/2016;15:08:00;152;sem vítima;467,5;BR-116/BA;Norte;Colisão Transversal;1;;;;;;;;;1;2;;;;
18/09/2016;17:36:00;195;sem vítima;531,4;BR-324/BA;Leste;Colisão Traseira;2;;;;;;;;;;7;;;;
18/09/2016;18:57:00;217;com vítima;28;BR-116/BA - Cont VC;Sul;Colisão Frontal;1;;1;1;;;;;;;4;;1;;
18/09/2016;19:45:00;224;sem vítima;859,3;BR-116/BA;Sul;Saida de Pista;1;;;;;;;;;;1;;;;
18/09/2016;20:11:00;228;sem vítima;430;BR-116/BA;Norte;Queda de Moto;1;;;1;;1;;;;;4;;;;
18/09/2016;23:48:00;258;sem vítima;617;BR-324/BA;Oeste;Colisão Traseira;2;;;;;;;;;;4;;;;
19/09/2016;00:52:00;7;sem vítima;543;BR-324/BA;Oeste;Saida de Pista;1;;;;;;;;;;4;;;;
19/09/2016;05:31:00;28;sem vítima;524;BR-324/BA;Leste;Colisão Lateral;1;;1;;;;;;;;5;;;;
19/09/2016;07:46:00;63;sem vítima;614,2;BR-324/BA;Leste;Engavetamento;3;;;;;1;;;;;4;;;;
19/09/2016;08:17:00;72;sem vítima;612;BR-324/BA;Leste;Engavetamento;2;;;;;1;;;;;3;;;;
19/09/2016;08:47:00;85;sem vítima;558,9;BR-324/BA;Oeste;Saida de Pista;1;;;;;;;;;;1;;;;
19/09/2016;09:08:00;90;sem vítima;619;BR-324/BA;Leste;Engavetamento;4;;;;;;;;;;4;;;;
19/09/2016;10:00:00;110;sem vítima;558,8;BR-324/BA;Oeste;Capotamento;1;;;;;;;;;;3;;;;
19/09/2016;12:02:00;147;sem vítima;606;BR-324/BA;Leste;Colisão Traseira;;;2;;;;;;;;2;;;;
19/09/2016;12:14:00;149;sem vítima;578,7;BR-324/BA;Leste;Capotamento;1;;;;;;;;;;1;;;;
19/09/2016;17:23:00;221;sem vítima;7,4;BA-526;Norte;Tombamento;;;1;;;;;;;;1;;;;
19/09/2016;18:42:00;239;sem vítima;593;BR-324/BA;Oeste;Saida de Pista;1;;;;;;;;;;2;;;;
20/09/2016;15:36:00;191;com vítima;8,9;BA-526;Norte;Colisão Lateral;2;;;;;;;;;;2;1;;1;
20/09/2016;17:36:00;223;com vítima;18,8;BR-116/BA - Cont VC;Norte;Colisão Transversal;;;;1;1;;;;;;1;;1;;
20/09/2016;18:11:00;233;sem vítima;518;BR-324/BA;Oeste;Colisão Traseira;1;;1;;;;;;;;3;;;;
21/09/2016;05:21:00;16;sem vítima;866,2;BR-116/BA;Sul;Colisão Traseira;;;1;;;1;;;;1;18;;;;
21/09/2016;11:06:00;111;sem vítima;578,4;BR-324/BA;Oeste;Colisão Lateral;1;;1;;;;;;;;5;;;;
21/09/2016;18:00:00;197;sem vítima;594,5;BR-324/BA;Oeste;Colisão Lateral;1;;1;;;;;;;;2;;;;
21/09/2016;18:06:00;198;sem vítima;565,2;BR-324/BA;Leste;Saida de Pista;1;;;;;;;;;;1;;;;
21/09/2016;18:12:00;199;com vítima;815;BR-116/BA;Norte;Colisão Frontal;1;;;1;;;;;;;1;1;;;
21/09/2016;18:22:00;204;com vítima;871;BR-116/BA;Norte;Colisão Traseira;;;;1;;1;;;;;1;;2;;
21/09/2016;22:12:00;245;com vítima;543;BR-324/BA;Oeste;Saida de Pista;;;;;;;;;;1;1;;2;;
22/09/2016;13:54:00;153;sem vítima;463;BR-116/BA;Sul;Engavetamento;3;;;;;;;;;;3;;;;
22/09/2016;16:08:00;186;sem vítima;14;BR-116/BA - Cont VC;Sul;Colisão Traseira;;;;;;1;;;;1;2;;;;
22/09/2016;21:54:00;235;sem vítima;517;BR-116/BA;Norte;Atropelamento de Animal;;;1;;;;;;;;1;;;;
23/09/2016;04:29:00;24;sem vítima;648,15;BR-116/BA;Norte;Colisão Lateral;;;2;;;;;;;;2;;;;
23/09/2016;07:05:00;40;sem vítima;574;BR-116/BA;Sul;Saida de Pista;1;;;;;;;;;;1;;;;
23/09/2016;09:46:00;98;sem vítima;561,05;BR-324/BA;Leste;Colisão Lateral;2;;;;;;;;;;2;;;;
23/09/2016;11:23:00;130;sem vítima;619;BR-324/BA;Leste;Colisão Traseira;;;1;;1;;;;;;2;;;;
23/09/2016;11:28:00;132;sem vítima;560,5;BR-324/BA;Leste;Colisão Traseira;1;;1;;;;;;;;4;;;;
23/09/2016;15:37:00;193;sem vítima;614,2;BR-324/BA;Oeste;Queda de Moto;;;;1;;;;;;;1;;;;
23/09/2016;16:57:00;216;sem vítima;614;BR-324/BA;Leste;Colisão Traseira;1;;;;;;;;;1;4;;;;
23/09/2016;20:30:00;271;sem vítima;619,5;BR-324/BA;Oeste;Colisão Lateral;1;;;;1;;;;;;31;;;;
23/09/2016;21:45:00;286;com vítima;620,9;BR-324/BA;Oeste;Atropelamento de Pedestre;;;;;1;;;;;;2;;;;1
23/09/2016;21:53:00;288;sem vítima;439;BR-116/BA;Sul;Colisão Lateral;1;;;;;1;;;;;2;;;;
23/09/2016;22:15:00;292;sem vítima;620,9;BR-324/BA;Oeste;Colisão Lateral;;;;1;;;;;;1;5;;;;
24/09/2016;00:01:00;1;sem vítima;542,8;BR-324/BA;Oeste;Saida de Pista;1;;;;;;;;;;1;;;;
24/09/2016;05:01:00;26;sem vítima;595;BR-324/BA;Leste;Saida de Pista;;;;;;;;;;1;1;;;;
24/09/2016;06:40:00;36;sem vítima;542,3;BR-324/BA;Oeste;Saida de Pista;1;;;;;1;;;;;2;;;;
24/09/2016;11:35:00;111;sem vítima;25,2;BR-116/BA - Cont VC;Norte;Colisão Lateral;1;;1;;;;;;;;4;;;;
24/09/2016;12:52:00;132;sem vítima;591;BR-324/BA;Leste;Saida de Pista;1;;;;;;;;;;1;;;;
24/09/2016;16:59:00;178;sem vítima;578,3;BR-324/BA;Oeste;Colisão Traseira;2;;;;;;;;;;7;;;;
24/09/2016;18:18:00;193;sem vítima;543;BR-324/BA;Leste;Saida de Pista;1;;;;;;;;;;1;;;;
24/09/2016;18:55:00;200;sem vítima;619,2;BR-324/BA;Leste;Queda de Moto;;;;1;;1;;;;;2;;;;
24/09/2016;19:29:00;204;com vítima;616,2;BR-324/BA;Oeste;Colisão Traseira;1;;;;;1;;;;;3;1;;;
24/09/2016;20:22:00;217;sem vítima;561;BR-116/BA;Norte;Colisão Lateral;;;1;1;;1;;;;;3;;;;
25/09/2016;01:53:00;6;sem vítima;522,9;BR-324/BA;Leste;Colisão Traseira;1;;;1;;;;;;;2;;;;
25/09/2016;05:57:00;46;sem vítima;612;BR-324/BA;Oeste;Colisão Traseira;1;;;1;;;;;;;2;;;;
25/09/2016;08:55:00;73;sem vítima;480;BR-116/BA;Sul;Saida de Pista;;;1;;;;;;;;1;;;;
25/09/2016;11:31:00;105;com vítima;618,7;BR-324/BA;Leste;Saida de Pista;1;;;;;;;;;;0;;;1;
25/09/2016;18:39:00;187;com vítima;559,9;BR-324/BA;Leste;Sequência;2;;;;;;;;;1;5;;2;;
25/09/2016;21:14:00;224;com vítima;612,5;BR-324/BA;Oeste;Colisão Frontal;;;;2;;;;;;;1;3;;;
25/09/2016;22:18:00;231;sem vítima;569,2;BR-116/BA;Norte;Saida de Pista;;;1;;;;;;;;1;;;;
26/09/2016;04:36:00;18;sem vítima;670,5;BR-116/BA;Sul;Atropelamento de Animal;;;1;;;;;;;;1;;;;
26/09/2016;05:45:00;24;com vítima;551;BR-324/BA;Leste;Queda de Moto;;;;1;;;;;;;0;1;;;
26/09/2016;06:21:00;28;sem vítima;616;BR-324/BA;Leste;Engavetamento;3;;;;;;;;;;5;;;;
26/09/2016;07:10:00;40;sem vítima;608;BR-324/BA;Oeste;Colisão Traseira;1;;;;;1;;;;;3;;;;
26/09/2016;09:18:00;77;com vítima;621,9;BR-324/BA;Leste;Colisão Traseira;;;;;2;;;;;;133;2;;;
26/09/2016;15:20:00;202;sem vítima;598;BR-324/BA;Leste;Colisão Lateral;2;;;;;;;;;;4;;;;
26/09/2016;16:42:00;228;com vítima;827;BR-116/BA;Norte;Colisão Transversal;;;1;;;;;;;1;1;2;;;
26/09/2016;16:51:00;233;sem vítima;524;BR-324/BA;Oeste;Saida de Pista;1;;;;;1;;;;;2;;;;
26/09/2016;18:03:00;251;com vítima;545,6;BR-324/BA;Leste;Atropelamento de Pedestre;;;;;;1;;;;;1;;;1;
26/09/2016;18:19:00;256;sem vítima;440;BR-116/BA;Norte;Colisão Traseira;1;;;;;;;;;;1;;;;
26/09/2016;21:16:00;280;sem vítima;617;BR-324/BA;Oeste;Queda de Moto;;;;1;;;;;;;1;;;;
26/09/2016;21:26:00;283;sem vítima;651;BR-116/BA;Norte;Saida de Pista;1;;;;;;;;;;1;;;;
27/09/2016;07:57:00;46;com vítima;894,1;BR-116/BA;Norte;Saida de Pista;1;;;;;;;;;;2;1;;;
27/09/2016;09:08:00;75;com vítima;531;BR-324/BA;Oeste;Colisão Frontal;;;;1;;1;;;;;1;1;;;
27/09/2016;16:43:00;188;sem vítima;633,2;BR-116/BA;Norte;Colisão Transversal;1;;1;;;;;;;;5;;;;
27/09/2016;17:38:00;207;com vítima;618,9;BR-324/BA;Leste;Engavetamento;2;;;1;;;;;;;6;1;;;
27/09/2016;17:42:00;208;com vítima;521,3;BR-324/BA;Leste;Colisão Frontal;;;;2;;;;;;;0;2;;;
27/09/2016;18:15:00;218;com vítima;7;BR-116/BA - Cont VC;Sul;Colisão Lateral;;1;;;;1;;;;;1;1;;;
27/09/2016;18:22:00;219;com vítima;620;BR-324/BA;Oeste;Colisão Traseira;1;;;1;;;;;;;2;1;;;
27/09/2016;19:29:00;230;sem vítima;619;BR-324/BA;Leste;Colisão Transversal;1;;1;;;;;;;;2;;;;
27/09/2016;20:43:00;245;sem vítima;780;BR-116/BA;Sul;Colisão Lateral;;;1;;;;;;;1;2;;;;
27/09/2016;21:02:00;247;com vítima;15,1;BR-116/BA - Cont VC;Sul;Colisão Traseira;;;2;;;;;;;;1;1;1;;
28/09/2016;01:41:00;7;com vítima;523;BR-324/BA;Leste;Colisão Traseira;;;2;;;;;;;;1;1;;;
28/09/2016;06:32:00;20;sem vítima;900;BR-116/BA;Sul;Saida de Pista;;;1;;;;;;;;1;;;;
28/09/2016;10:01:00;73;sem vítima;592;BR-324/BA;Oeste;Engavetamento;2;;2;;;;;;;;8;;;;
28/09/2016;16:04:00;137;sem vítima;766,3;BR-116/BA;Sul;Engavetamento;1;;3;;;;;;;;6;;;;
28/09/2016;16:31:00;142;sem vítima;518;BR-324/BA;Oeste;Colisão Traseira;2;;;;;;;;;;2;;;;
28/09/2016;18:16:00;162;sem vítima;615,2;BR-324/BA;Leste;Engavetamento;4;;;;;1;;;;;8;;;;
28/09/2016;20:41:00;193;com vítima;17,5;BR-116/BA - Cont VC;Sul;Queda de Moto;;;;1;;;;;;;0;1;;;
29/09/2016;04:06:00;18;sem vítima;594;BR-116/BA;Sul;Tombamento;;;1;;;;;;;;1;;;;
29/09/2016;04:32:00;19;com vítima;500,3;BR-116/BA;Sul;Colisão Lateral;;;2;;;;;;;;2;1;;;
29/09/2016;10:54:00;105;sem vítima;566,2;BR-324/BA;Leste;Saida de Pista;1;;;;;;;;;;5;;;;
29/09/2016;12:39:00;136;sem vítima;845,9;BR-116/BA;Norte;Choque Contra Objeto Fixo;;;;;;;;;;1;1;;;;
29/09/2016;16:15:00;182;sem vítima;602;BR-324/BA;Oeste;Queda de Moto;;;;1;;;;;;;2;;;;
29/09/2016;16:31:00;188;com vítima;782;BR-116/BA;Sul;Atropelamento - Ciclista;;1;;1;;;;;;;0;1;;1;
29/09/2016;17:35:00;202;sem vítima;646;BR-116/BA;Norte;Colisão Lateral;;;;;;;;;;2;4;;;;
29/09/2016;18:30:00;220;com vítima;12;BR-116/BA - Cont VC;Sul;Colisão Transversal;;;;;;;;;;2;3;1;;;
29/09/2016;23:15:00;277;sem vítima;542,6;BR-324/BA;Leste;Colisão Traseira;1;;1;;;;;;;;3;;;;
30/09/2016;06:51:00;40;com vítima;620;BR-324/BA;Oeste;Colisão Traseira;1;;;;;1;;;;;1;2;;;
30/09/2016;07:29:00;51;sem vítima;620,5;BR-324/BA;Oeste;Colisão Lateral;1;;;1;;;;;;;2;;;;
30/09/2016;07:59:00;60;com vítima;815,1;BR-116/BA;Sul;Queda de Moto;;;;1;;;;;;;0;1;;;
30/09/2016;12:48:00;138;sem vítima;590;BR-324/BA;Oeste;Colisão Lateral;2;;;;;;;;;;2;;;;
30/09/2016;13:40:00;149;com vítima;501;BR-116/BA;Norte;Queda de Moto;;;;1;;;;;;;1;1;;;
30/09/2016;16:52:00;201;sem vítima;523;BR-324/BA;Oeste;Colisão Lateral;1;;1;;;;;;;;2;;;;
30/09/2016;17:11:00;205;sem vítima;543;BR-324/BA;Oeste;Colisão Traseira;1;;;;;;;;;1;8;;;;
30/09/2016;18:34:00;223;sem vítima;571;BR-324/BA;Oeste;Engavetamento;2;;;;;;;;;1;11;;;;
30/09/2016;18:46:00;228;sem vítima;642;BR-116/BA;Norte;Saida de Pista;1;;;;;;;;;;1;;;;
30/09/2016;18:51:00;231;sem vítima;571,8;BR-324/BA;Oeste;Engavetamento;3;;;;;;;;;1;10;;;;
30/09/2016;19:01:00;238;sem vítima;540;BR-324/BA;Oeste;Engavetamento;3;;;;;;;;;;6;;;;
30/09/2016;19:21:00;242;sem vítima;573;BR-324/BA;Oeste;Colisão Traseira;1;;;1;;;;;;;2;;;;