data;horario;n_da_ocorrencia;tipo_de_ocorrencia;km;trecho;sentido;tipo_de_acidente;automovel;bicicleta;caminhao;moto;onibus;outros;tracao_animal;transporte_de_cargas_especiais;trator_maquinas;utilitarios;ilesos;levemente_feridos;moderadamente_feridos;gravemente_feridos;mortos
30/09/2016;21:49:00;259;com vítima;542;BR-324/BA;Oeste;Saida de Pista;1;;;;;;;;;;1;2;;;
30/09/2016;21:55:00;260;sem vítima;9;BA-526;Sul;Colisão Frontal;2;;;;;1;;;;;5;;;;
01/10/2016;06:37:00;39;com vítima;621,9;BR-324/BA;Leste;Queda de Moto;;;;1;;;;;;;0;2;;;
01/10/2016;07:27:00;47;sem vítima;551;BR-324/BA;Oeste;Engavetamento;3;;;;;;;;;;10;;;;
01/10/2016;13:38:00;146;com vítima;813;BR-116/BA;Sul;Colisão Transversal;;;;1;;1;;;;;1;;1;;
01/10/2016;14:19:00;159;com vítima;544,9;BR-324/BA;Leste;Atropelamento - Ciclista;1;1;;;;;;;;;2;;;1;
01/10/2016;14:41:00;165;sem vítima;576,5;BR-324/BA;Oeste;Saida de Pista;1;;;;;;;;;;1;;;;
01/10/2016;15:16:00;173;sem vítima;649;BR-116/BA;Sul;Colisão Lateral;1;;1;;;;;;;;2;;;;
01/10/2016;17:37:00;212;sem vítima;29,6;BR-116/BA - Cont VC;Norte;Tombamento;;;1;;;;;;;;1;;;;
01/10/2016;20:59:00;254;sem vítima;750,2;BR-116/BA;Norte;Colisão Traseira;2;;;;;;;;;;4;;;;
01/10/2016;23:06:00;279;com vítima;618,4;BR-324/BA;Leste;Colisão Lateral;1;;;1;;;;;;;2;;;1;
02/10/2016;01:30:00;10;com vítima;912;BR-116/BA;Sul;Saida de Pista;;;;;;;;;;1;0;1;;1;
02/10/2016;01:47:00;12;com vítima;853,1;BR-116/BA;Sul;Queda de Moto;;;;1;;;;;;;0;2;;;
02/10/2016;07:38:00;53;sem vítima;622,7;BR-324/BA;Leste;Queda de Moto;;;;1;;;;;;;2;;;;
02/10/2016;12:09:00;121;com vítima;565;BR-116/BA;Norte;Saida de Pista;1;;;;;;;;;;1;;1;;
02/10/2016;12:54:00;132;com vítima;530,5;BR-324/BA;Oeste;Queda de Moto;;;;1;;;;;;;0;2;;;
02/10/2016;15:54:00;172;sem vítima;908,5;BR-116/BA;Sul;Colisão Transversal;2;;;;;;;;;;4;;;;
02/10/2016;16:44:00;191;com vítima;545;BR-324/BA;Leste;Colisão Transversal;2;;;;;;;;;;6;1;;1;
02/10/2016;20:26:00;237;sem vítima;625;BR-324/BA;Leste;Colisão Traseira;1;;;;1;;;;;;43;;;;
02/10/2016;21:56:00;254;sem vítima;616;BR-324/BA;Oeste;Saida de Pista;1;;;;;;;;;;4;;;;
02/10/2016;22:01:00;256;sem vítima;595,1;BR-116/BA;Norte;Tombamento;;;1;;;;;;;;1;;;;
03/10/2016;00:24:00;5;sem vítima;848,7;BR-116/BA;Sul;Saida de Pista;1;;;;;;;;;;2;;;;
03/10/2016;06:00:00;33;sem vítima;819,5;BR-116/BA;Sul;Colisão Lateral;1;;;1;;;;;;;3;;;;
03/10/2016;06:51:00;49;sem vítima;577,7;BR-324/BA;Leste;Engavetamento;3;;;;;;;;;1;12;;;;
03/10/2016;07:49:00;68;sem vítima;575;BR-324/BA;Leste;Colisão Traseira;1;;;;;;;;;1;6;;;;
03/10/2016;07:56:00;71;sem vítima;653,3;BR-116/BA;Norte;Engavetamento;;;2;;1;;;;;;3;;;;
03/10/2016;09:44:00;112;sem vítima;612;BR-324/BA;Leste;Engavetamento;3;;;;;;;;;1;9;;;;
03/10/2016;12:25:00;166;sem vítima;545;BR-324/BA;Leste;Colisão Traseira;;;2;;;;;;;;2;;;;
03/10/2016;12:42:00;169;sem vítima;595,3;BR-324/BA;Oeste;Saida de Pista;1;;;;;;;;;;1;;;;
03/10/2016;15:14:00;201;com vítima;563;BR-324/BA;Leste;Saida de Pista;1;;;;;;;;;;0;1;3;;
03/10/2016;16:27:00;214;sem vítima;607,1;BR-324/BA;Oeste;Queda de Moto;;;;1;;;;;;;1;;;;
03/10/2016;17:52:00;234;sem vítima;609;BR-324/BA;Leste;Colisão Traseira;2;;;;;;;;;;4;;;;
03/10/2016;19:03:00;249;com vítima;559;BR-324/BA;Oeste;Colisão Transversal;2;;;;;;;;;;4;1;;;
03/10/2016;19:50:00;257;sem vítima;427;BR-116/BA;Sul;Atropelamento de Animal;;;;;;1;;;;;1;;;;
04/10/2016;08:41:00;56;sem vítima;607,9;BR-324/BA;Oeste;Queda de Moto;;;;1;;;;;;;2;;;;
04/10/2016;15:23:00;186;com vítima;817,9;BR-116/BA;Norte;Colisão Transversal;;;1;1;;;;;;;2;2;;;
04/10/2016;22:00:00;278;sem vítima;9,9;BR-116/BA - Cont VC;Sul;Atropelamento de Animal;;;1;;;;;;;;1;;;;
04/10/2016;22:46:00;288;com vítima;565;BR-324/BA;Leste;Colisão Lateral;1;;;;;1;;;;;4;2;;;
04/10/2016;23:10:00;293;sem vítima;574;BR-324/BA;Oeste;Colisão Traseira;1;;;;;1;;;;;2;;;;
05/10/2016;07:07:00;35;com vítima;673;BR-116/BA;Sul;Colisão Transversal;1;;;1;;;;;;;1;1;;;
05/10/2016;10:50:00;125;sem vítima;16,6;BR-116/BA - Cont VC;Sul;Colisão Transversal;1;;;1;;;;;;;6;;;;
05/10/2016;11:14:00;138;sem vítima;519;BR-324/BA;Oeste;Colisão Traseira;1;;1;;;;;;;;2;;;;
05/10/2016;13:58:00;186;sem vítima;568,2;BR-324/BA;Oeste;Capotamento;1;;;;;;;;;;1;;;;
05/10/2016;14:20:00;188;sem vítima;434,3;BR-116/BA;Norte;Choque Contra Objeto Fixo;1;;;;;1;;;;;4;;;;
05/10/2016;17:35:00;247;sem vítima;588;BR-324/BA;Leste;Saida de Pista;1;;;;;;;;;;2;;;;
05/10/2016;18:11:00;254;com vítima;819,3;BR-116/BA;Sul;Atropelamento de Pedestre;;;;;;1;;;;;1;;1;;
05/10/2016;18:32:00;258;com vítima;7;BR-116/BA - ContSuFS;Sul;Colisão Frontal;;;;1;;1;;;;;1;;1;1;
05/10/2016;18:34:00;259;sem vítima;615,1;BR-324/BA;Leste;Engavetamento;2;;;;;;;;;1;6;;;;
05/10/2016;20:48:00;274;sem vítima;907,1;BR-116/BA;Sul;Atropelamento de Animal;;;1;;;;;;;;1;;;;
05/10/2016;23:22:00;291;sem vítima;0,4;BR-116/BA - ContSuFS;Norte;Saida de Pista;1;;;;;;;;;;2;;;;
06/10/2016;01:37:00;14;com vítima;777;BR-116/BA;Sul;Choque Contra Objeto Fixo;;;;;;;;;;1;0;1;;;
06/10/2016;08:52:00;78;sem vítima;609,4;BR-116/BA;Norte;Capotamento;1;;;;;;;;;;1;;;;
06/10/2016;13:03:00;167;sem vítima;757,7;BR-116/BA;Sul;Colisão Traseira;1;;;;;;;;;;3;;;;
06/10/2016;13:41:00;173;sem vítima;623,3;BR-324/BA;Oeste;Saida de Pista;;;1;;;;;;;;1;;;;
06/10/2016;15:37:00;200;sem vítima;581,3;BR-116/BA;Norte;Saida de Pista;;;1;;;;;;;;2;;;;
06/10/2016;19:35:00;249;com vítima;587;BR-324/BA;Leste;Colisão Traseira;2;;;;;;;;;;1;;2;;
06/10/2016;21:02:00;270;com vítima;20;BR-116/BA - Cont VC;Norte;Saida de Pista;1;;;;;;;;;;1;1;;;
06/10/2016;21:36:00;275;sem vítima;9;BA-526;Sul;Colisão Traseira;2;;;;;;;;;1;6;;;;
07/10/2016;05:11:00;19;sem vítima;913,6;BR-116/BA;Sul;Tombamento;;;1;;;;;;;;1;;;;
07/10/2016;07:12:00;32;sem vítima;611;BR-324/BA;Leste;Colisão Traseira;2;;;;;;;;;;7;;;;
07/10/2016;08:00:00;42;sem vítima;615,9;BR-324/BA;Leste;Colisão Traseira;;;1;;;;;;;1;13;;;;
07/10/2016;12:09:00;126;sem vítima;633,5;BR-116/BA;Norte;Colisão Transversal;;;;1;;;;;;1;2;;;;
07/10/2016;14:24:00;146;sem vítima;622,8;BR-324/BA;Oeste;Colisão Traseira;2;;;;;;;;;;2;;;;
07/10/2016;15:24:00;171;sem vítima;526;BR-324/BA;Oeste;Queda de Moto;;;;1;;;;;;;1;;;;
07/10/2016;18:55:00;234;sem vítima;560,3;BR-324/BA;Leste;Saida de Pista;1;;;;;;;;;;1;;;;
07/10/2016;19:01:00;238;sem vítima;548,1;BR-324/BA;Oeste;Saida de Pista;;;;;;;;;;1;3;;;;
07/10/2016;19:26:00;250;com vítima;791,2;BR-116/BA;Sul;Colisão Traseira;;;2;;;;;;;;1;1;;;
08/10/2016;05:15:00;12;sem vítima;543;BR-324/BA;Oeste;Saida de Pista;1;;;;;;;;;;1;;;;
08/10/2016;08:04:00;46;com vítima;9,5;BR-116/BA - Cont VC;Sul;Colisão Transversal;1;;;1;;;;;;;2;1;;;
08/10/2016;11:10:00;94;sem vítima;582;BR-324/BA;Leste;Saida de Pista;1;;;;;;;;;;1;;;;
08/10/2016;13:38:00;133;sem vítima;547;BR-324/BA;Oeste;Engavetamento;3;;;;;;;;;;5;;;;
08/10/2016;14:49:00;148;sem vítima;754,4;BR-116/BA;Norte;Colisão Lateral;;;;;;1;;;;1;3;;;;
08/10/2016;16:24:00;179;sem vítima;791,5;BR-116/BA;Norte;Colisão Traseira;;;2;;;;;;;;2;;;;
08/10/2016;18:46:00;215;sem vítima;733,1;BR-116/BA;Sul;Colisão Traseira;;;1;;;1;;;;;2;;;;
08/10/2016;20:00:00;238;com vítima;567;BR-324/BA;Leste;Saida de Pista;1;;;;;;;;;;1;1;1;;
08/10/2016;23:37:00;273;sem vítima;620;BR-324/BA;Oeste;Saida de Pista;1;;;;;;;;;;1;;;;
09/10/2016;03:27:00;20;sem vítima;587;BR-324/BA;Leste;Saida de Pista;1;;;;;;;;;;1;;;;
09/10/2016;10:17:00;96;sem vítima;5;BR-116/BA - ContSuFS;Sul;Saida de Pista;1;;;;;;;;;;2;;;;
09/10/2016;12:56:00;120;sem vítima;593,8;BR-116/BA;Sul;Saida de Pista;;;1;;;;;;;;4;;;;
09/10/2016;13:49:00;132;com vítima;626,2;BR-324/BA;Oeste;Atropelamento de Pedestre;;;;;;1;;;;;1;1;;;
09/10/2016;13:52:00;133;sem vítima;740,5;BR-116/BA;Sul;Colisão Lateral;2;;;;;1;;;;;6;;;;
09/10/2016;18:07:00;177;sem vítima;556;BR-324/BA;Leste;Saida de Pista;1;;;;;;;;;;3;;;;
09/10/2016;18:59:00;191;sem vítima;643;BR-116/BA;Sul;Saida de Pista;;;1;;;;;;;;2;;;;
09/10/2016;19:10:00;194;sem vítima;8;BA-526;Sul;Colisão Lateral;1;;;;;1;;;;;3;;;;
10/10/2016;07:34:00;49;sem vítima;618,8;BR-324/BA;Leste;Colisão Traseira;2;;;;;;;;;;3;;;;
10/10/2016;08:08:00;62;com vítima;652,1;BR-116/BA;Sul;Colisão Traseira;1;;;1;;;;;;;1;;1;;
10/10/2016;11:17:00;130;sem vítima;574,2;BR-324/BA;Oeste;Saida de Pista;1;;;;;;;;;;1;;;;
10/10/2016;12:30:00;148;sem vítima;531,1;BR-324/BA;Leste;Saida de Pista;1;;;;;;;;;;1;;;;
10/10/2016;21:03:00;268;sem vítima;579;BR-116/BA;Sul;Outros;1;;;;;;;;;;1;;;;
10/10/2016;21:26:00;272;sem vítima;610;BR-324/BA;Leste;Colisão Traseira;1;;1;;;;;;;;2;;;;
11/10/2016;03:45:00;18;com vítima;865,3;BR-116/BA;Sul;Atropelamento de Pedestre;;;;;;1;;;;;1;;;;1
11/10/2016;10:40:00;111;sem vítima;14,7;BR-116/BA - Cont VC;Norte;Colisão Transversal;2;;;;;;;;;;2;;;;
11/10/2016;10:37:00;112;sem vítima;533,2;BR-324/BA;Oeste;Colisão Lateral;1;;;;;;;;;1;3;;;;
11/10/2016;13:08:00;143;com vítima;623,5;BR-324/BA;Leste;Queda de Moto;;;;1;;;;;;;0;2;;;
11/10/2016;16:29:00;180;sem vítima;531,3;BR-324/BA;Leste;Sequência;;;1;1;;;;;;1;7;;;;
11/10/2016;17:13:00;187;sem vítima;438;BR-116/BA;Sul;Colisão Traseira;1;;;;;1;;;;;2;;;;
11/10/2016;20:42:00;233;sem vítima;879;BR-116/BA;Sul;Saida de Pista;;;1;;;;;;;;1;;;;
11/10/2016;21:03:00;234;com vítima;560;BR-324/BA;Oeste;Colisão Lateral;;;;1;;1;;;;;1;;;1;1
11/10/2016;22:36:00;244;com vítima;565,6;BR-324/BA;Oeste;Colisão Traseira;;;2;;;;;;;;1;1;;1;
11/10/2016;23:06:00;248;com vítima;662,15;BR-116/BA;Sul;Colisão Lateral;;;;;;;;;;2;18;1;;;
11/10/2016;23:49:00;255;sem vítima;576,3;BR-324/BA;Leste;Colisão Lateral;1;;;;;;;;;1;3;;;;
12/10/2016;01:11:00;8;com vítima;584;BR-116/BA;Sul;Saida de Pista;;;;;;1;;;;1;2;1;;;
12/10/2016;05:22:00;21;sem vítima;623,6;BR-324/BA;Leste;Saida de Pista;1;;;;;;;;;;1;;;;
12/10/2016;08:21:00;53;sem vítima;564,2;BR-324/BA;Leste;Saida de Pista;1;;;;;;;;;;1;;;;
12/10/2016;12:15:00;118;com vítima;7;BR-116/BA - ContSuFS;Sul;Outros;;;;1;;;;;;;0;;;1;
12/10/2016;13:50:00;128;com vítima;578,6;BR-324/BA;Leste;Saida de Pista;1;;;;;;;;;;0;1;;;
12/10/2016;16:33:00;154;sem vítima;543;BR-324/BA;Oeste;Saida de Pista;1;;;;;;;;;;1;;;;
12/10/2016;18:42:00;179;com vítima;617;BR-324/BA;Leste;Atropelamento de Pedestre;;;;;;;;;;1;2;;;;1
12/10/2016;20:15:00;194;sem vítima;622;BR-324/BA;Oeste;Saida de Pista;;;;;;;;;;1;1;;;;
12/10/2016;20:44:00;200;sem vítima;526;BR-324/BA;Leste;Saida de Pista;1;;;;;;;;;;1;;;;
12/10/2016;21:12:00;203;sem vítima;849;BR-116/BA;Sul;Saida de Pista;;;1;;;;;;;;1;;;;
12/10/2016;22:23:00;212;sem vítima;7;BR-116/BA - ContSuFS;Sul;Saida de Pista;;;1;;;;;;;;2;;;;
13/10/2016;03:16:00;14;sem vítima;537,05;BR-324/BA;Oeste;Saida de Pista;1;;;;;;;;;;5;;;;
13/10/2016;04:48:00;21;com vítima;474,2;BR-116/BA;Norte;Atropelamento de Pedestre;;;;;;1;;;;;1;;1;;
13/10/2016;07:13:00;39;com vítima;532,1;BR-116/BA;Norte;Capotamento;1;;;;;;;;;;1;1;;;
13/10/2016;08:29:00;72;com vítima;14,5;BR-116/BA - Cont VC;Norte;Saida de Pista;;;;;;;;;;1;0;1;;;
13/10/2016;12:08:00;136;com vítima;620,9;BR-324/BA;Oeste;Colisão Traseira;;;;1;1;;;;;;1;;;;1
13/10/2016;14:08:00;163;sem vítima;523;BR-324/BA;Oeste;Saida de Pista;1;;;;;;;;;;1;;;;
13/10/2016;19:33:00;236;com vítima;815,3;BR-116/BA;Norte;Colisão Traseira;;;;1;;1;;;;;1;2;;;
13/10/2016;20:36:00;248;com vítima;758,5;BR-116/BA;Norte;Colisão Frontal;1;;;;;;;;;1;2;2;;;
14/10/2016;01:16:00;3;sem vítima;498;BR-116/BA;Norte;Saida de Pista;;;1;;;;;;;;1;;;;
14/10/2016;06:20:00;17;sem vítima;606,1;BR-324/BA;Leste;Saida de Pista;1;;;;;;;;;;1;;;;
14/10/2016;12:18:00;128;sem vítima;599;BR-324/BA;Oeste;Colisão Traseira;;;1;1;;;;;;;5;;;;
14/10/2016;16:27:00;186;sem vítima;622,3;BR-324/BA;Oeste;Engavetamento;3;;;;1;;;;;;34;;;;
14/10/2016;17:20:00;204;sem vítima;537;BR-324/BA;Oeste;Colisão Traseira;2;;;;;;;;;;6;;;;
14/10/2016;19:38:00;236;com vítima;625;BR-324/BA;Oeste;Engavetamento;5;;;1;;1;;;;;10;2;;;
14/10/2016;20:10:00;244;com vítima;556;BR-324/BA;Leste;Atropelamento de Animal;;;1;;;;;;;;1;;1;;
14/10/2016;22:04:00;266;com vítima;461;BR-116/BA;Sul;Colisão Traseira;;;;1;;1;;;;;3;1;;;
15/10/2016;00:56:00;5;sem vítima;818;BR-116/BA;Sul;Colisão Transversal;2;;;;;;;;;;7;;;;
15/10/2016;13:14:00;107;com vítima;559,1;BR-324/BA;Leste;Colisão Traseira;1;;;1;;;;;;;5;;1;;
15/10/2016;19:04:00;190;com vítima;614,2;BR-324/BA;Oeste;Queda de Moto;;;;1;;;;;;;0;1;;;
15/10/2016;23:46:00;248;com vítima;591;BR-324/BA;Leste;Saida de Pista;;;;;1;;;;;;33;6;7;;
16/10/2016;01:14:00;10;com vítima;453,3;BR-116/BA;Sul;Queda de Moto;;;;1;;;;;;;0;;1;;
16/10/2016;08:10:00;54;sem vítima;560,15;BR-324/BA;Leste;Capotamento;1;;;;;;;;;;5;;;;
16/10/2016;21:00:00;206;sem vítima;845;BR-116/BA;Sul;Saida de Pista;;;1;;;;;;;1;2;;;;
16/10/2016;23:40:00;224;sem vítima;7;BR-116/BA - ContSuFS;Norte;Saida de Pista;1;;;;;;;;;;1;;;;
17/10/2016;01:16:00;12;com vítima;525;BR-324/BA;Leste;Colisão Traseira;;;;2;;1;;;;;1;1;;2;
17/10/2016;05:36:00;31;sem vítima;580,2;BR-116/BA;Norte;Saida de Pista;1;;;;;;;;;;4;;;;
17/10/2016;07:48:00;60;sem vítima;616;BR-324/BA;Leste;Engavetamento;5;;;;;;;;;;10;;;;
17/10/2016;11:36:00;141;sem vítima;589,2;BR-324/BA;Oeste;Saida de Pista;1;;;;;;;;;;1;;;;
17/10/2016;14:03:00;171;sem vítima;524;BR-324/BA;Oeste;Choque Contra Objeto Fixo;1;;;;;;;;;;3;;;;
17/10/2016;14:08:00;174;com vítima;521,3;BR-324/BA;Oeste;Atropelamento de Pedestre;1;;;;;;;;;;1;;;1;
17/10/2016;16:36:00;218;sem vítima;821,5;BR-116/BA;Sul;Colisão Traseira;2;;;;;;;;;;2;;;;
17/10/2016;20:23:00;267;sem vítima;622;BR-324/BA;Oeste;Saida de Pista;;;;;;;;;;1;1;;;;
18/10/2016;08:16:00;50;sem vítima;568,2;BR-324/BA;Leste;Saida de Pista;1;;;;;;;;;;4;;;;
18/10/2016;12:50:00;118;com vítima;616;BR-324/BA;Oeste;Queda de Moto;;;;1;;;;;;;0;1;1;;
18/10/2016;15:25:00;147;com vítima;623;BR-324/BA;Leste;Queda de Moto;;;;1;;;;;;;0;2;;;
18/10/2016;15:49:00;153;sem vítima;16,2;BR-116/BA - Cont VC;Sul;Colisão Transversal;1;;1;;;;;;;;2;;;;
18/10/2016;16:56:00;172;com vítima;511;BR-116/BA;Sul;Saida de Pista;;;;;;;;;;1;0;;;;1
18/10/2016;17:04:00;175;sem vítima;785;BR-116/BA;Sul;Saida de Pista;1;;;;;;;;;;1;;;;
18/10/2016;19:58:00;201;com vítima;13;BR-116/BA - Cont VC;Norte;Colisão Lateral;1;;;1;;;;;;;1;1;;;
18/10/2016;20:20:00;205;com vítima;574;BR-324/BA;Oeste;Tombamento;;;1;;;;;;;;0;1;;;
19/10/2016;09:02:00;72;sem vítima;714,8;BR-116/BA;Norte;Saida de Pista;;;;;;;;;;1;1;;;;
19/10/2016;13:01:00;150;sem vítima;753,6;BR-116/BA;Sul;Saida de Pista;1;;;;;;;;;;1;;;;
19/10/2016;21:05:00;254;com vítima;559,8;BR-116/BA;Sul;Saida de Pista;;;1;;;;;;;;0;1;;;1
19/10/2016;22:42:00;266;sem vítima;611,3;BR-116/BA;Norte;Saida de Pista;1;;;;;;;;;;4;;;;
20/10/2016;11:07:00;112;sem vítima;535;BR-324/BA;Leste;Colisão Traseira;1;;1;;;;;;;;3;;;;
20/10/2016;16:14:00;185;sem vítima;494,8;BR-116/BA;Norte;Queda de Moto;;;;1;;;;;;;1;;;;
20/10/2016;22:41:00;264;sem vítima;547;BR-324/BA;Leste;Colisão Traseira;;;1;;;;;;;;1;;;;
21/10/2016;01:54:00;19;sem vítima;434;BR-116/BA;Norte;Saida de Pista;;;1;;;;;;;;1;;;;
21/10/2016;02:50:00;21;sem vítima;614;BR-324/BA;Leste;Saida de Pista;;;;;;;;;;1;2;;;;
21/10/2016;05:34:00;31;com vítima;560,6;BR-324/BA;Leste;Saida de Pista;;;;;;;;;;1;1;1;;;
21/10/2016;10:49:00;105;com vítima;817,6;BR-116/BA;Sul;Queda de Moto;;;;1;;;;;;;0;1;;;
21/10/2016;11:45:00;126;sem vítima;537,1;BR-324/BA;Oeste;Colisão Lateral;1;;1;;;;;;;;2;;;;
21/10/2016;15:24:00;167;sem vítima;594,5;BR-324/BA;Leste;Queda de Moto;;;;1;;;;;;;1;;;;
21/10/2016;15:54:00;175;sem vítima;806;BR-116/BA;Norte;Colisão Lateral;1;;;;;2;;;;;7;;;;
21/10/2016;19:32:00;228;sem vítima;646;BR-116/BA;Norte;Saida de Pista;1;;;;;;;;;;1;;;;
21/10/2016;23:37:00;260;sem vítima;572,5;BR-324/BA;Leste;Saida de Pista;1;;;;;;;;;;4;;;;
22/10/2016;04:33:00;20;com vítima;526,06;BR-324/BA;Leste;Colisão Transversal;2;;;;;;;;;;4;2;2;;
22/10/2016;05:01:00;22;com vítima;599;BR-324/BA;Leste;Colisão Traseira;;;2;;;;;;;;3;1;;;
22/10/2016;05:04:00;23;sem vítima;659,6;BR-116/BA;Sul;Colisão Lateral;1;;;;;1;;;;;3;;;;
22/10/2016;06:54:00;42;com vítima;507,2;BR-116/BA;Sul;Colisão Lateral;;;1;;;;;;;1;1;1;;;
22/10/2016;09:03:00;71;sem vítima;610;BR-324/BA;Leste;Colisão Traseira;1;;1;;;;;;;;2;;;;
22/10/2016;11:48:00;103;com vítima;571,6;BR-324/BA;Leste;Saida de Pista;;;;;;;;;;1;0;1;;;
22/10/2016;13:04:00;118;sem vítima;478;BR-116/BA;Sul;Tombamento;;;1;;;;;;;;1;;;;
22/10/2016;14:28:00;139;sem vítima;930;BR-116/BA;Sul;Colisão Traseira;;;2;;;;;;;;2;;;;
22/10/2016;14:36:00;142;sem vítima;590,1;BR-324/BA;Oeste;Colisão Traseira;2;;;;;;;;;;2;;;;
22/10/2016;16:04:00;164;com vítima;576;BR-116/BA;Norte;Queda de Moto;;;;1;;;;;;;0;;1;;
22/10/2016;18:21:00;191;com vítima;8;BR-116/BA - Cont VC;Norte;Queda de Moto;;;;1;;;;;;1;1;1;;;
22/10/2016;19:33:00;206;com vítima;465;BR-116/BA;Norte;Queda de Moto;;;;1;;;;;;;0;;1;;
22/10/2016;19:40:00;207;com vítima;780;BR-116/BA;Sul;Atropelamento de Pedestre;;;;1;;;;;;;0;;1;1;
22/10/2016;23:01:00;232;sem vítima;621;BR-324/BA;Oeste;Saida de Pista;1;;;;;;;;;;1;;;;
23/10/2016;00:04:00;1;com vítima;604,5;BR-324/BA;Oeste;Atropelamento de Pedestre;;;;;;1;;;;;1;;;;1
23/10/2016;12:41:00;106;sem vítima;2,1;BR-116/BA - ContSuFS;Norte;Saida de Pista;1;;;;;;;;;;4;;;;
23/10/2016;13:02:00;111;sem vítima;531,4;BR-324/BA;Leste;Saida de Pista;1;;;;;;;;;;1;;;;
23/10/2016;14:56:00;129;com vítima;611;BR-324/BA;Leste;Colisão Lateral;2;;;;;;;;;;4;;1;;
23/10/2016;15:01:00;131;sem vítima;611;BR-324/BA;Leste;Colisão Traseira;2;;;;;;;;;;6;;;;
23/10/2016;18:58:00;184;sem vítima;524,3;BR-324/BA;Oeste;Saida de Pista;;;;;;;;;;1;1;;;;
23/10/2016;19:17:00;192;com vítima;646,8;BR-116/BA;Sul;Colisão Traseira;;;;1;;1;;;;;1;;;;1
23/10/2016;21:41:00;218;sem vítima;9;BR-116/BA - Cont VC;Sul;Atropelamento de Animal;1;;;;;;;;;;1;;;;
24/10/2016;06:09:00;29;com vítima;541;BR-116/BA;Norte;Queda de Moto;;;;1;;;;;;;0;1;;;
24/10/2016;06:52:00;37;sem vítima;562;BR-116/BA;Sul;Colisão Traseira;;;2;;;;;;;;2;;;;
24/10/2016;13:20:00;147;com vítima;757,9;BR-116/BA;Norte;Colisão Lateral;;;;1;;1;;;;;1;;1;;
24/10/2016;14:08:00;158;sem vítima;910;BR-116/BA;Norte;Saida de Pista;;;1;;;;;;;;1;;;;
24/10/2016;15:48:00;174;sem vítima;599,8;BR-324/BA;Oeste;Colisão Lateral;1;;1;;;;;;;;2;;;;
24/10/2016;16:36:00;184;sem vítima;543;BR-324/BA;Oeste;Colisão Traseira;2;;;;;;;;;;2;;;;
24/10/2016;23:48:00;258;sem vítima;548,5;BR-116/BA;Sul;Saida de Pista;;;1;;;;;;;;2;;;;
25/10/2016;07:49:00;53;sem vítima;439,2;BR-116/BA;Norte;Sequência;;;2;;;;;;;;2;;;;
25/10/2016;12:51:00;132;sem vítima;439,6;BR-116/BA;Sul;Saida de Pista;1;;;;;;;;;;1;;;;
25/10/2016;13:31:00;141;com vítima;817,6;BR-116/BA;Norte;Colisão Transversal;;;1;1;;;;;;;1;;;;1
25/10/2016;14:26:00;156;sem vítima;619,1;BR-324/BA;Leste;Choque Contra Objeto Fixo;;;1;;;;;;;;1;;;;
25/10/2016;16:46:00;193;com vítima;524;BR-324/BA;Leste;Colisão Lateral;;;;1;;1;;;;;1;;1;;
25/10/2016;17:25:00;204;sem vítima;780;BR-116/BA;Sul;Colisão Lateral;2;;;;;;;;;;2;;;;
26/10/2016;06:36:00;25;sem vítima;622,2;BR-324/BA;Leste;Engavetamento;3;;;;;;;;;;5;;;;
26/10/2016;09:19:00;78;com vítima;616;BR-324/BA;Oeste;Queda de Moto;;;;1;;;;;;;0;1;;;
26/10/2016;15:24:00;158;sem vítima;580;BR-324/BA;Oeste;Colisão Lateral;;;2;;;;;;;;2;;;;
26/10/2016;21:21:00;209;sem vítima;457;BR-116/BA;Norte;Colisão Lateral;1;;;;;1;;;;;2;;;;
27/10/2016;07:30:00;31;sem vítima;622,2;BR-324/BA;Leste;Colisão Lateral;1;;;;;1;;;;;2;;;;
27/10/2016;08:18:00;48;sem vítima;619,7;BR-324/BA;Leste;Engavetamento;3;;;;;;;;;;7;;;;
27/10/2016;12:07:00;118;sem vítima;472,3;BR-116/BA;Norte;Saida de Pista;;;1;;;;;;;;1;;;;
27/10/2016;12:48:00;135;sem vítima;565,3;BR-324/BA;Leste;Choque Contra Objeto Fixo;1;;;;;;;;;;2;;;;
27/10/2016;15:50:00;187;com vítima;619,4;BR-324/BA;Oeste;Queda de Moto;;;;1;;1;;;;;1;1;;;
27/10/2016;16:40:00;200;sem vítima;543,2;BR-324/BA;Oeste;Atropelamento - Ciclista;1;1;;;;;;;;;4;;;;
27/10/2016;17:26:00;211;com vítima;459;BR-116/BA;Sul;Saida de Pista;;;;1;;;;;;;0;;1;;
27/10/2016;17:52:00;225;sem vítima;523,6;BR-324/BA;Leste;Queda de Moto;;;;1;;;;;;;1;;;;
27/10/2016;18:46:00;235;sem vítima;623,7;BR-324/BA;Oeste;Engavetamento;3;;;;;;;;;1;5;;;;
28/10/2016;01:46:00;7;sem vítima;548,9;BR-324/BA;Leste;Choque Contra Objeto Fixo;;;1;;;;;;;;1;;;;
28/10/2016;18:00:00;218;sem vítima;683,3;BR-116/BA;Sul;Saida de Pista;;;;;;;;;;1;1;;;;
28/10/2016;18:29:00;228;com vítima;529;BR-324/BA;Oeste;Atropelamento - Ciclista;;1;1;;;;;;;;1;;;;1
28/10/2016;20:16:00;249;com vítima;456,8;BR-116/BA;Sul;Colisão Traseira;1;;;;;1;;;;;1;;1;1;
29/10/2016;05:41:00;22;sem vítima;6;BR-116/BA - ContSuFS;Sul;Choque Contra Objeto Fixo;1;;;;;;;;;;1;;;;