data;horario;n_da_ocorrencia;tipo_de_ocorrencia;km;trecho;sentido;tipo_de_acidente;automovel;bicicleta;caminhao;moto;onibus;outros;tracao_animal;transporte_de_cargas_especiais;trator_maquinas;utilitarios;ilesos;levemente_feridos;moderadamente_feridos;gravemente_feridos;mortos
29/11/2016;02:27:00;7;sem vítima;581,1;BR-324/BA;Leste;Saida de Pista;;;1;;;;;;;;1;;;;
29/11/2016;04:19:00;10;com vítima;806,1;BR-116/BA;Sul;Saida de Pista;1;;;;;;;;;;0;3;;;
29/11/2016;05:56:00;17;com vítima;571,5;BR-116/BA;Norte;Saida de Pista;;;1;;;;;;;;0;;1;;
29/11/2016;06:34:00;23;sem vítima;612,6;BR-324/BA;Oeste;Colisão Traseira;2;;;;;;;;;;2;;;;
29/11/2016;07:44:00;41;sem vítima;626;BR-324/BA;Leste;Colisão Lateral;1;;;1;;;;;;;2;;;;
29/11/2016;11:09:00;99;sem vítima;620;BR-324/BA;Leste;Colisão Lateral;;;2;;;;;;;;2;;;;
29/11/2016;14:07:00;135;sem vítima;860,9;BR-116/BA;Sul;Colisão Transversal;2;;;;;;;;;;5;;;;
29/11/2016;17:01:00;181;sem vítima;890,9;BR-116/BA;Sul;Saida de Pista;1;;;;;;;;;;1;;;;
30/11/2016;02:18:00;13;sem vítima;925;BR-116/BA;Sul;Saida de Pista;;;1;;;;;;;;1;;;;
30/11/2016;06:52:00;33;sem vítima;527;BR-324/BA;Leste;Colisão Lateral;1;;;;;;;;;;1;;;;
30/11/2016;08:22:00;59;com vítima;459,4;BR-116/BA;Norte;Choque Contra Objeto Fixo;1;;;;;;;;;;4;;1;;
30/11/2016;09:12:00;76;sem vítima;810,2;BR-116/BA;Sul;Saida de Pista;;;1;;;;;;;;1;;;;
30/11/2016;10:13:00;92;sem vítima;467,1;BR-116/BA;Norte;Colisão Traseira;;;2;;;;;;;;2;;;;
30/11/2016;13:58:00;137;sem vítima;645,3;BR-116/BA;Norte;Colisão Traseira;;;1;;;1;;;;;2;;;;
30/11/2016;14:34:00;146;sem vítima;789,1;BR-116/BA;Norte;Colisão Lateral;;;;;;1;;;;1;2;;;;
30/11/2016;21:36:00;226;sem vítima;454;BR-116/BA;Sul;Saida de Pista;1;;;;;;;;;;2;;;;
01/12/2016;03:49:00;10;sem vítima;795;BR-116/BA;Sul;Capotamento;;;;;;;;;;1;2;;;;
01/12/2016;08:22:00;51;sem vítima;619;BR-324/BA;Leste;Colisão Traseira;1;;;1;;;;;;;4;;;;
01/12/2016;10:16:00;79;com vítima;2;BA-526;Norte;Atropelamento de Pedestre;;;;1;;;;;;;0;1;1;;
01/12/2016;17:52:00;179;sem vítima;565;BR-116/BA;Norte;Colisão Traseira;;;2;;;;;;;;2;;;;
02/12/2016;01:08:00;6;sem vítima;607;BR-324/BA;Oeste;Saida de Pista;;;;;;;;;;1;1;;;;
02/12/2016;06:16:00;29;sem vítima;570;BR-324/BA;Leste;Saida de Pista;1;;;;;;;;;;1;;;;
02/12/2016;06:39:00;40;com vítima;561,9;BR-324/BA;Oeste;Saida de Pista;;;1;;;;;;;;1;;;1;
02/12/2016;09:06:00;89;sem vítima;617,5;BR-324/BA;Oeste;Colisão Traseira;1;;;;;;;;;1;4;;;;
02/12/2016;10:17:00;112;sem vítima;528,7;BR-116/BA;Norte;Colisão Lateral;;;2;;;;;;;;2;;;;
02/12/2016;11:09:00;123;com vítima;621,6;BR-324/BA;Leste;Engavetamento;3;;;;;;;;;;2;;;1;
02/12/2016;13:32:00;158;com vítima;726,4;BR-116/BA;Norte;Tombamento;;;1;;;;;;;;0;1;;;
02/12/2016;13:59:00;168;sem vítima;574;BR-324/BA;Leste;Saida de Pista;1;;;;;;;;;;1;;;;
02/12/2016;14:57:00;183;sem vítima;598;BR-324/BA;Leste;Choque Contra Objeto Fixo;;;1;;;;;;;1;2;;;;
02/12/2016;15:55:00;197;sem vítima;615,1;BR-324/BA;Leste;Engavetamento;3;;;;;1;;;;;7;;;;
02/12/2016;16:08:00;199;sem vítima;614;BR-324/BA;Leste;Colisão Traseira;1;;;;;;;;;1;2;;;;
02/12/2016;17:03:00;205;sem vítima;594,5;BR-324/BA;Oeste;Engavetamento;2;;;;;;;;;2;11;;;;
02/12/2016;18:17:00;216;sem vítima;599;BR-324/BA;Oeste;Colisão Lateral;1;;1;;;;;;;;2;;;;
02/12/2016;19:19:00;224;sem vítima;441,9;BR-116/BA;Sul;Saida de Pista;;;1;;;;;;;;1;;;;
03/12/2016;00:55:00;3;sem vítima;581;BR-324/BA;Leste;Colisão Traseira;1;;;;;1;;;;;2;;;;
03/12/2016;01:40:00;9;sem vítima;742;BR-116/BA;Sul;Saida de Pista;1;;;;;;;;;;5;;;;
03/12/2016;05:45:00;30;com vítima;621;BR-324/BA;Leste;Saida de Pista;1;;;;;;;;;;0;1;;;
03/12/2016;05:51:00;32;com vítima;552,05;BR-324/BA;Leste;Sequência;;;2;1;;;;;;;2;;;;1
03/12/2016;08:36:00;72;sem vítima;912,5;BR-116/BA;Sul;Colisão Frontal;2;;;;;;;;;;3;;;;
03/12/2016;09:06:00;82;sem vítima;569;BR-116/BA;Sul;Saida de Pista;;;1;;;;;;;;1;;;;
03/12/2016;10:49:00;104;sem vítima;587,3;BR-324/BA;Oeste;Saida de Pista;1;;;;;;;;;;1;;;;
03/12/2016;11:35:00;122;com vítima;547,1;BR-324/BA;Leste;Queda de Moto;;;;1;;;;;;;0;1;;;
03/12/2016;12:13:00;129;sem vítima;523;BR-324/BA;Leste;Colisão Traseira;1;;1;;;;;;;;3;;;;
03/12/2016;14:08:00;153;sem vítima;841,9;BR-116/BA;Sul;Saida de Pista;;;1;;;;;;;;1;;;;
03/12/2016;14:59:00;164;sem vítima;557,6;BR-324/BA;Oeste;Colisão Lateral;1;;1;;;;;;;;2;;;;
03/12/2016;15:00:00;165;sem vítima;533;BR-324/BA;Leste;Colisão Traseira;1;;1;;;;;;;;2;;;;
03/12/2016;19:35:00;230;sem vítima;584;BR-324/BA;Leste;Capotamento;1;;;;;;;;;;2;;;;
03/12/2016;20:17:00;236;com vítima;549;BR-324/BA;Oeste;Saida de Pista;;;1;;;;;;;;0;1;;;
03/12/2016;20:37:00;238;com vítima;524;BR-324/BA;Oeste;Atropelamento de Pedestre;1;;;;;;;;;;2;1;;;
03/12/2016;21:33:00;247;sem vítima;625,8;BR-324/BA;Oeste;Choque Contra Objeto Fixo;1;;;;;;;;;;1;;;;
04/12/2016;03:26:00;13;sem vítima;458;BR-116/BA;Norte;Saida de Pista;1;;;;;;;;;;1;;;;
04/12/2016;10:40:00;88;sem vítima;544,2;BR-116/BA;Sul;Colisão Traseira;;;2;;;;;;;;2;;;;
04/12/2016;16:20:00;146;com vítima;580;BR-324/BA;Leste;Capotamento;1;;;;;;;;;;0;1;;;
04/12/2016;16:29:00;148;com vítima;732;BR-116/BA;Norte;Queda de Moto;;;;1;;;;;;;0;1;;;
04/12/2016;17:37:00;169;sem vítima;464;BR-116/BA;Norte;Saida de Pista;;;;;;;;;;1;1;;;;
04/12/2016;18:32:00;179;sem vítima;614;BR-324/BA;Leste;Engavetamento;3;;;;;;;;;;7;;;;
04/12/2016;23:55:00;221;sem vítima;585,3;BR-116/BA;Norte;Saida de Pista;;;1;;;;;;;;1;;;;
05/12/2016;06:23:00;27;com vítima;609;BR-324/BA;Leste;Queda de Moto;;;;1;;1;;;;;1;1;;;
05/12/2016;06:36:00;30;sem vítima;608;BR-324/BA;Leste;Engavetamento;3;;;;;;;;;1;7;;;;
05/12/2016;07:42:00;42;sem vítima;615,8;BR-324/BA;Oeste;Colisão Traseira;2;;;;;;;;;;2;;;;
05/12/2016;08:12:00;56;sem vítima;932;BR-116/BA;Sul;Colisão Traseira;;;2;;;;;;;;2;;;;
05/12/2016;11:21:00;112;sem vítima;585;BR-324/BA;Leste;Colisão Traseira;;;;;;;;;;2;2;;;;
05/12/2016;11:59:00;124;sem vítima;614;BR-324/BA;Leste;Colisão Traseira;1;;;;;1;;;;;3;;;;
05/12/2016;12:07:00;125;sem vítima;606;BR-324/BA;Oeste;Colisão Traseira;1;;1;;;;;;;;3;;;;
05/12/2016;16:10:00;189;com vítima;587;BR-324/BA;Leste;Colisão Lateral;;;;;;1;;;;1;1;1;;2;
06/12/2016;01:48:00;7;com vítima;581;BR-324/BA;Leste;Saida de Pista;;;1;;;;;;;;0;;1;;
06/12/2016;05:34:00;12;com vítima;702;BR-116/BA;Norte;Tombamento;;;1;;;;;;;;0;1;;;
06/12/2016;07:48:00;32;sem vítima;593,6;BR-324/BA;Leste;Colisão Traseira;2;;;;;;;;;;4;;;;
06/12/2016;09:03:00;58;com vítima;582,5;BR-324/BA;Leste;Saida de Pista;1;;;;;;;;;;0;4;;;
06/12/2016;09:50:00;70;com vítima;621,6;BR-324/BA;Leste;Queda de Moto;;;;1;;;;;;;0;1;;;
06/12/2016;10:54:00;91;com vítima;550;BR-116/BA;Norte;Capotamento;1;;;;;;;;;;1;;1;;
06/12/2016;12:19:00;114;sem vítima;584;BR-116/BA;Sul;Saida de Pista;1;;;;;;;;;;4;;;;
06/12/2016;18:01:00;197;com vítima;841;BR-116/BA;Norte;Colisão Transversal;1;;;;1;;;;;;26;1;;;
06/12/2016;18:30:00;202;sem vítima;588,2;BR-324/BA;Oeste;Saida de Pista;;;;;;1;;;;1;2;;;;
06/12/2016;20:24:00;221;sem vítima;573,6;BR-324/BA;Leste;Saida de Pista;1;;;;;;;;;;1;;;;
07/12/2016;09:29:00;81;sem vítima;606;BR-324/BA;Oeste;Colisão Lateral;1;;;;;1;;;;;2;;;;
07/12/2016;10:12:00;97;sem vítima;607,5;BR-324/BA;Oeste;Engavetamento;3;;;;;;;;;;4;;;;
07/12/2016;11:48:00;129;sem vítima;579,1;BR-324/BA;Leste;Saida de Pista;1;;;;;;;;;;1;;;;
07/12/2016;12:54:00;137;com vítima;932;BR-116/BA;Norte;Saida de Pista;;;1;;;;;;;;0;1;;;
07/12/2016;14:15:00;165;sem vítima;817;BR-116/BA;Sul;Colisão Traseira;2;;;;;;;;;;2;;;;
07/12/2016;19:26:00;235;sem vítima;8;BR-116/BA - Cont VC;Sul;Engavetamento;1;;1;;;1;;;;;4;;;;
07/12/2016;19:29:00;237;sem vítima;430;BR-116/BA;Sul;Atropelamento de Animal;1;;;;;;;;;;3;;;;
07/12/2016;23:51:00;267;sem vítima;535;BR-324/BA;Oeste;Choque Contra Objeto Fixo;1;;;;;;;;;;1;;;;
08/12/2016;07:40:00;57;sem vítima;599;BR-324/BA;Oeste;Colisão Traseira;;;;;;;;;;2;2;;;;
08/12/2016;15:35:00;185;sem vítima;849,1;BR-116/BA;Norte;Saida de Pista;1;;;;;;;;;;3;;;;
09/12/2016;07:45:00;30;com vítima;4,9;BR-116/BA - ContSuFS;Sul;Colisão Traseira;1;;;1;;1;;;;;2;1;;;
09/12/2016;08:09:00;34;com vítima;4,9;BR-116/BA - ContSuFS;Sul;Colisão Traseira;1;;;1;;;;;;;1;;1;;
09/12/2016;09:51:00;60;sem vítima;698,05;BR-116/BA;Norte;Saida de Pista;;;1;;;;;;;;1;;;;
09/12/2016;10:19:00;67;sem vítima;639,1;BR-116/BA;Norte;Saida de Pista;;;1;;;;;;;;1;;;;
09/12/2016;11:13:00;86;com vítima;923,5;BR-116/BA;Norte;Engavetamento;1;;2;;;;;;;;2;1;1;;
09/12/2016;12:57:00;109;com vítima;543,1;BR-324/BA;Leste;Engavetamento;2;;2;;;;;;;;3;1;;;
09/12/2016;15:16:00;141;sem vítima;571;BR-324/BA;Leste;Capotamento;1;;;;;;;;;;2;;;;
09/12/2016;18:08:00;182;sem vítima;568;BR-324/BA;Oeste;Saida de Pista;1;;;;;;;;;;3;;;;
09/12/2016;18:46:00;186;com vítima;574;BR-324/BA;Leste;Atropelamento de Pedestre;1;;;;;;;;;;1;;;;1
09/12/2016;18:56:00;191;sem vítima;623,7;BR-324/BA;Oeste;Engavetamento;2;;1;;;;;;;;9;;;;
09/12/2016;21:25:00;215;sem vítima;619,4;BR-116/BA;Norte;Saida de Pista;;;1;;;;;;;;1;;;;
10/12/2016;07:49:00;42;com vítima;460,1;BR-116/BA;Sul;Colisão Frontal;;;1;;;;;;;1;1;;;;1
10/12/2016;08:21:00;51;sem vítima;582,1;BR-324/BA;Leste;Saida de Pista;1;;;;;;;;;;1;;;;
10/12/2016;09:23:00;68;sem vítima;467,3;BR-116/BA;Sul;Capotamento;1;;;;;;;;;;4;;;;
10/12/2016;11:59:00;102;sem vítima;800,8;BR-116/BA;Sul;Colisão Traseira;;;2;;;;;;;;2;;;;
10/12/2016;13:24:00;122;com vítima;623,7;BR-324/BA;Leste;Colisão Traseira;1;;;1;;;;;;;1;1;;;
10/12/2016;13:32:00;125;sem vítima;596,7;BR-324/BA;Oeste;Colisão Traseira;1;;;;;1;;;;;2;;;;
10/12/2016;14:53:00;145;com vítima;8,8;BR-116/BA - Cont VC;Norte;Colisão Frontal;1;;;1;;;;;;;1;1;;;
10/12/2016;16:14:00;165;com vítima;624;BR-324/BA;Leste;Colisão Traseira;1;;;1;;;;;;;1;1;;;
10/12/2016;16:35:00;172;sem vítima;567,1;BR-116/BA;Norte;Colisão Transversal;1;;1;;;;;;;;3;;;;
10/12/2016;19:06:00;201;sem vítima;561;BR-324/BA;Oeste;Colisão Traseira;1;;1;;;;;;;;2;;;;
11/12/2016;00:50:00;5;com vítima;5,5;BR-116/BA - ContSuFS;Norte;Atropelamento de Pedestre;;;;;;1;;;;;1;;;1;
11/12/2016;07:46:00;48;sem vítima;635,8;BR-116/BA;Norte;Colisão Traseira;2;;;;;;;;;;2;;;;
11/12/2016;10:49:00;92;com vítima;837,5;BR-116/BA;Norte;Colisão Lateral;1;;;1;;;;;;;1;1;1;;
11/12/2016;13:35:00;132;sem vítima;618;BR-324/BA;Oeste;Colisão Lateral;;;;;1;1;;;;;21;;;;
11/12/2016;16:14:00;176;sem vítima;924;BR-116/BA;Norte;Colisão Traseira;;;2;;;;;;;;3;;;;
11/12/2016;17:51:00;193;com vítima;595;BR-324/BA;Oeste;Saida de Pista;1;;;;;;;;;;2;1;1;;
11/12/2016;18:43:00;213;sem vítima;596;BR-324/BA;Oeste;Colisão Traseira;2;;;;;;;;;;9;;;;
11/12/2016;18:49:00;214;sem vítima;609;BR-324/BA;Oeste;Engavetamento;3;;;;;;;;;;7;;;;
11/12/2016;19:31:00;225;sem vítima;595;BR-324/BA;Leste;Engavetamento;3;;;;;1;;;;;11;;;;
11/12/2016;20:06:00;228;sem vítima;9;BR-116/BA - Cont VC;Sul;Colisão Transversal;2;;;;;;;;;;3;;;;
11/12/2016;20:28:00;232;com vítima;621;BR-324/BA;Oeste;Queda de Moto;;;;1;;;;;;;1;;1;;
12/12/2016;00:17:00;2;sem vítima;814,2;BR-116/BA;Norte;Colisão Traseira;2;;;;;;;;;;6;;;;
12/12/2016;00:23:00;5;com vítima;572;BR-324/BA;Oeste;Saida de Pista;1;;;;;;;;;;0;;1;;
12/12/2016;05:58:00;27;com vítima;902,8;BR-116/BA;Sul;Colisão Transversal;1;;;1;;;;;;;1;;;2;
12/12/2016;06:19:00;33;sem vítima;542;BR-324/BA;Leste;Colisão Traseira;1;;;;;1;;;;;5;;;;
12/12/2016;06:42:00;41;com vítima;614,5;BR-324/BA;Oeste;Atropelamento de Pedestre;1;;;;;;;;;;1;1;;;
12/12/2016;06:57:00;44;sem vítima;643,5;BR-116/BA;Sul;Colisão Traseira;;;2;;;;;;;;2;;;;
12/12/2016;08:14:00;68;sem vítima;462;BR-116/BA;Norte;Colisão Traseira;1;;1;;;;;;;;2;;;;
12/12/2016;08:16:00;70;sem vítima;16,8;BR-116/BA - Cont VC;Sul;Engavetamento;1;;;2;;;;;;;3;;;;
12/12/2016;08:54:00;80;sem vítima;621,7;BR-324/BA;Leste;Engavetamento;2;;;;;;;;;1;7;;;;
12/12/2016;12:32:00;155;com vítima;609,3;BR-324/BA;Oeste;Queda de Moto;;;;1;;;;;;;0;1;;;
12/12/2016;16:39:00;219;sem vítima;461;BR-116/BA;Sul;Colisão Traseira;2;;;;;;;;;;2;;;;
12/12/2016;17:44:00;240;sem vítima;633;BR-116/BA;Sul;Colisão Traseira;;;2;;;1;;;;;3;;;;
12/12/2016;18:52:00;251;sem vítima;537,3;BR-324/BA;Oeste;Colisão Transversal;1;;1;;;;;;;;2;;;;
12/12/2016;19:25:00;260;sem vítima;510;BR-116/BA;Norte;Colisão Traseira;;;;;;1;;;;1;3;;;;
12/12/2016;20:06:00;265;sem vítima;808,4;BR-116/BA;Sul;Colisão Transversal;;;1;;;;;;;1;2;;;;
12/12/2016;22:02:00;278;sem vítima;626;BR-324/BA;Leste;Colisão Traseira;2;;;;;;;;;;4;;;;
12/12/2016;22:41:00;282;sem vítima;670;BR-116/BA;Norte;Saida de Pista;;;1;;;;;;;;1;;;;
13/12/2016;11:21:00;139;com vítima;622,2;BR-324/BA;Leste;Colisão Traseira;1;;;1;;;;;;;2;1;1;;
13/12/2016;12:41:00;164;sem vítima;623,05;BR-324/BA;Oeste;Colisão Traseira;2;;;;;;;;;;3;;;;
13/12/2016;13:54:00;185;sem vítima;555,1;BR-324/BA;Oeste;Colisão Traseira;;;2;;;;;;;;2;;;;
13/12/2016;17:03:00;227;sem vítima;483;BR-116/BA;Norte;Saida de Pista;;;;;;;;;;1;2;;;;
13/12/2016;17:19:00;232;sem vítima;637;BR-116/BA;Norte;Colisão Traseira;1;;1;;;;;;;;4;;;;
13/12/2016;18:23:00;243;sem vítima;536;BR-324/BA;Leste;Colisão Traseira;1;;1;;;;;;;;3;;;;
13/12/2016;18:40:00;246;com vítima;426,5;BR-116/BA;Norte;Colisão Frontal;1;;;1;;;;;;;2;;;1;
14/12/2016;07:42:00;41;sem vítima;614,1;BR-324/BA;Leste;Engavetamento;3;;;;;;;;;;4;;;;
14/12/2016;08:34:00;52;sem vítima;619,95;BR-324/BA;Leste;Engavetamento;2;;;;;1;;;;1;5;;;;
14/12/2016;08:41:00;57;sem vítima;612,2;BR-324/BA;Oeste;Colisão Traseira;2;;;;;;;;;;2;;;;
14/12/2016;08:59:00;61;com vítima;1,9;BR-116/BA - ContSuFS;Norte;Atropelamento de Pedestre;1;;;;;;;;;;1;;;;1
14/12/2016;10:26:00;85;com vítima;918;BR-116/BA;Sul;Tombamento;;;1;;;;;;;;0;;1;;
14/12/2016;11:41:00;104;sem vítima;655;BR-116/BA;Sul;Capotamento;1;;;;;;;;;;1;;;;
14/12/2016;13:52:00;134;sem vítima;605,8;BR-324/BA;Leste;Choque Contra Objeto Fixo;;;;;;;;;;1;1;;;;
14/12/2016;16:38:00;183;sem vítima;659,7;BR-116/BA;Sul;Colisão Traseira;1;;;;;1;;;;;4;;;;
15/12/2016;09:06:00;68;sem vítima;526;BR-324/BA;Oeste;Colisão Lateral;1;;1;;;;;;;;2;;;;
15/12/2016;09:34:00;83;sem vítima;665,5;BR-116/BA;Sul;Saida de Pista;2;;;;;;;;;;2;;;;
15/12/2016;10:33:00;103;com vítima;613;BR-324/BA;Oeste;Colisão Traseira;1;;;1;;1;;;;;5;;1;;
15/12/2016;12:00:00;122;sem vítima;683,05;BR-116/BA;Norte;Saida de Pista;1;;;;;;;;;;2;;;;
15/12/2016;13:19:00;140;com vítima;584;BR-116/BA;Sul;Colisão Lateral;1;;1;;;;;;;;1;3;1;;
15/12/2016;16:03:00;191;com vítima;461;BR-116/BA;Norte;Queda de Moto;;;;1;;;;;;;0;;1;;
15/12/2016;16:41:00;197;sem vítima;614;BR-324/BA;Oeste;Colisão Traseira;;;1;;;1;;;;;2;;;;
15/12/2016;18:09:00;216;sem vítima;609,9;BR-324/BA;Leste;Saida de Pista;1;;;;;;;;;;1;;;;
15/12/2016;19:49:00;241;com vítima;644;BR-116/BA;Norte;Tombamento;;;1;;;;;;;;0;;;1;
15/12/2016;21:44:00;255;sem vítima;612,8;BR-324/BA;Leste;Colisão Traseira;1;;;;;;;;;1;2;;;;
15/12/2016;23:32:00;274;sem vítima;791;BR-116/BA;Norte;Saida de Pista;1;;;;;;;;;;2;;;;
16/12/2016;11:53:00;118;com vítima;526;BR-324/BA;Oeste;Colisão Traseira;1;;;1;;;;;;;1;;1;;
16/12/2016;19:11:00;224;com vítima;810,1;BR-116/BA;Sul;Atropelamento - Ciclista;;1;1;;;;;;;;2;;;;1
16/12/2016;19:45:00;230;sem vítima;625,6;BR-116/BA;Sul;Saida de Pista;;;1;;;;;;;;2;;;;
16/12/2016;20:33:00;234;com vítima;618;BR-116/BA;Norte;Capotamento;1;;;;;;;;;;2;1;;;
16/12/2016;21:42:00;240;sem vítima;456,5;BR-116/BA;Sul;Colisão Traseira;;;2;;;;;;;;3;;;;
16/12/2016;21:55:00;241;com vítima;10;BR-116/BA - Cont VC;Norte;Sequência;;;;3;;;;;;;0;1;2;;
16/12/2016;22:02:00;243;sem vítima;551;BR-324/BA;Oeste;Engavetamento;2;;;;;;;;;1;6;;;;
16/12/2016;23:58:00;259;sem vítima;17;BR-116/BA - Cont VC;Norte;Colisão Frontal;1;;;;;1;;;;;2;;;;
17/12/2016;02:55:00;8;sem vítima;446;BR-116/BA;Norte;Atropelamento de Animal;1;;;;;;;;;;2;;;;
17/12/2016;06:00:00;24;sem vítima;583;BR-324/BA;Oeste;Saida de Pista;1;;;;;;;;;;1;;;;
17/12/2016;11:58:00;127;sem vítima;568,3;BR-324/BA;Leste;Saida de Pista;1;;;;;;;;;;1;;;;
17/12/2016;13:37:00;158;sem vítima;617,2;BR-324/BA;Leste;Colisão Lateral;1;;1;;;;;;;;4;;;;
17/12/2016;14:33:00;168;sem vítima;895;BR-116/BA;Norte;Colisão Transversal;1;;;;;1;;;;;2;;;;
17/12/2016;14:52:00;173;sem vítima;870,2;BR-116/BA;Sul;Engavetamento;2;;1;;;1;;;;;8;;;;
17/12/2016;15:16:00;181;com vítima;592;BR-324/BA;Oeste;Atropelamento de Pedestre;;;;;;1;;;;;1;;;;1
17/12/2016;15:34:00;183;sem vítima;574;BR-324/BA;Leste;Saida de Pista;;;1;;;1;;;;;3;;;;
17/12/2016;16:00:00;190;com vítima;441;BR-116/BA;Norte;Saida de Pista;1;;;;;;;;;;1;1;;1;
17/12/2016;16:13:00;193;sem vítima;464;BR-116/BA;Norte;Colisão Traseira;1;;1;;;;;;;;2;;;;
17/12/2016;16:47:00;199;sem vítima;919;BR-116/BA;Norte;Colisão Traseira;2;;;;;;;;;;2;;;;
17/12/2016;19:19:00;227;com vítima;829,5;BR-116/BA;Norte;Queda de Moto;;;1;1;;;;;;;3;;1;;
17/12/2016;21:49:00;250;com vítima;504;BR-116/BA;Sul;Colisão Frontal;1;;;;;1;;;;;1;;;1;1
17/12/2016;22:23:00;255;com vítima;758;BR-116/BA;Norte;Colisão Lateral;;1;;1;;;;;;;0;1;1;;
17/12/2016;22:33:00;257;com vítima;930;BR-116/BA;Sul;Colisão Traseira;;;1;;;;;;;1;2;1;;;
17/12/2016;23:25:00;266;com vítima;527;BR-324/BA;Leste;Colisão Frontal;2;;1;;;;;;;;3;;1;;
18/12/2016;07:10:00;41;sem vítima;623,9;BR-324/BA;Leste;Colisão Lateral;1;;;;;1;;;;;2;;;;
18/12/2016;09:13:00;64;com vítima;911;BR-116/BA;Norte;Colisão Traseira;1;;1;;;;;;;;3;3;;;
18/12/2016;09:49:00;79;sem vítima;874;BR-116/BA;Norte;Colisão Traseira;1;;;;;;;;;1;8;;;;
18/12/2016;10:39:00;91;com vítima;715;BR-116/BA;Norte;Queda de Moto;;;;1;;;;;;;0;1;1;;
18/12/2016;11:56:00;113;com vítima;919;BR-116/BA;Sul;Colisão Transversal;1;;1;;;;;;;;2;1;1;;
18/12/2016;15:41:00;151;sem vítima;733,4;BR-116/BA;Sul;Colisão Traseira;;;2;;;;;;;;2;;;;
18/12/2016;15:56:00;158;sem vítima;449;BR-116/BA;Sul;Engavetamento;3;;;;;;;;;;7;;;;
18/12/2016;18:32:00;191;sem vítima;790;BR-116/BA;Norte;Colisão Traseira;;;2;;;;;;;;2;;;;
18/12/2016;18:51:00;194;com vítima;615;BR-324/BA;Leste;Queda de Moto;;;;1;;;;;;;0;2;;;
18/12/2016;22:27:00;222;com vítima;776,1;BR-116/BA;Norte;Colisão Frontal;1;;1;;;;;;;;1;;;;1
18/12/2016;22:59:00;227;sem vítima;438,1;BR-116/BA;Norte;Colisão Traseira;;;2;;;;;;;;2;;;;
18/12/2016;23:14:00;229;sem vítima;8;BA-526;Sul;Saida de Pista;1;;;;;;;;;;4;;;;
19/12/2016;02:38:00;16;com vítima;528;BR-116/BA;Sul;Atropelamento de Pedestre;;;;;;1;;;;;1;2;;;
19/12/2016;07:37:00;58;sem vítima;584;BR-324/BA;Leste;Colisão Traseira;1;;;;1;;;;;;4;;;;
19/12/2016;07:50:00;61;sem vítima;617;BR-324/BA;Oeste;Colisão Traseira;2;;;;;;;;;;2;;;;
19/12/2016;08:35:00;76;sem vítima;583,8;BR-324/BA;Leste;Colisão Lateral;1;;;;;1;;;;;2;;;;
19/12/2016;09:11:00;86;com vítima;622;BR-324/BA;Leste;Colisão Traseira;1;;;1;;;;;;;2;1;;;
19/12/2016;09:32:00;94;com vítima;506,1;BR-116/BA;Sul;Saida de Pista;1;;;;;;;;;;2;3;;;
19/12/2016;09:44:00;98;sem vítima;597;BR-324/BA;Leste;Capotamento;1;;;;;;;;;;1;;;;
19/12/2016;10:07:00;106;sem vítima;620;BR-324/BA;Oeste;Colisão Traseira;2;;;;;;;;;;2;;;;
19/12/2016;11:27:00;131;sem vítima;614;BR-324/BA;Oeste;Colisão Traseira;2;;;;;;;;;;2;;;;
19/12/2016;15:40:00;184;com vítima;4;BR-116/BA - ContSuFS;Norte;Capotamento;1;;;;;;;;;;0;1;;;
19/12/2016;23:41:00;276;sem vítima;559;BR-324/BA;Leste;Colisão Traseira;;;;;;1;;;;1;2;;;;
20/12/2016;07:05:00;30;com vítima;24,5;BR-116/BA - Cont VC;Sul;Colisão Traseira;1;;;1;;;;;;;1;2;;;
20/12/2016;09:23:00;71;com vítima;587,5;BR-116/BA;Sul;Colisão Frontal;2;;;;;;;;;;0;5;;;
20/12/2016;11:28:00;105;com vítima;447;BR-116/BA;Norte;Saida de Pista;;;1;;;;;;;;0;;2;;
20/12/2016;13:31:00;134;sem vítima;590,3;BR-324/BA;Leste;Saida de Pista;;;1;;;;;;;;2;;;;
20/12/2016;16:13:00;180;sem vítima;731;BR-116/BA;Norte;Colisão Traseira;;;1;;;;;;;1;3;;;;
20/12/2016;20:09:00;230;sem vítima;1;BR-116/BA - ContSuFS;Norte;Colisão Lateral;1;;1;;;;;;;;3;;;;
20/12/2016;20:18:00;233;sem vítima;622;BR-324/BA;Leste;Colisão Lateral;2;;;;;;;;;;3;;;;
20/12/2016;22:29:00;245;sem vítima;597;BR-116/BA;Norte;Tombamento;;;1;;;;;;;;1;;;;
21/12/2016;06:31:00;25;sem vítima;670,6;BR-116/BA;Sul;Atropelamento de Animal;;;1;;;;;;;;1;;;;
21/12/2016;07:04:00;36;sem vítima;546;BR-116/BA;Norte;Colisão Traseira;1;;1;;;;;;;;7;;;;
21/12/2016;08:23:00;63;sem vítima;615,7;BR-324/BA;Leste;Engavetamento;2;;1;;;;;;;;3;;;;
21/12/2016;08:25:00;66;sem vítima;854,5;BR-116/BA;Norte;Colisão Transversal;2;;;;;;;;;;7;;;;
21/12/2016;10:49:00;110;sem vítima;525;BR-324/BA;Leste;Engavetamento;5;;;;;;;;;;5;;;;
21/12/2016;11:03:00;114;sem vítima;525,5;BR-324/BA;Leste;Engavetamento;3;;;;;;;;;;3;;;;
21/12/2016;15:06:00;178;sem vítima;529,1;BR-324/BA;Oeste;Colisão Lateral;1;;1;;;;;;;;2;;;;