data;horario;n_da_ocorrencia;tipo_de_ocorrencia;km;trecho;sentido;tipo_de_acidente;automovel;bicicleta;caminhao;moto;onibus;outros;tracao_animal;transporte_de_cargas_especiais;trator_maquinas;utilitarios;ilesos;levemente_feridos;moderadamente_feridos;gravemente_feridos;mortos
21/12/2016;18:11:00;227;sem vítima;670,3;BR-116/BA;Norte;Colisão Lateral;1;;;;;1;;;;;2;;;;
21/12/2016;19:33:00;246;sem vítima;642;BR-116/BA;Norte;Saida de Pista;;;1;;;;;;;;1;;;;
21/12/2016;23:49:00;269;sem vítima;494;BR-116/BA;Sul;Colisão Traseira;;;2;;;;;;;;3;;;;
22/12/2016;06:56:00;43;com vítima;547,4;BR-116/BA;Norte;Colisão Traseira;;;1;;1;;;;;;47;4;;;
22/12/2016;07:58:00;65;sem vítima;439;BR-116/BA;Sul;Saida de Pista;1;;;;;;;;;;3;;;;
22/12/2016;09:43:00;94;sem vítima;638;BR-116/BA;Norte;Colisão Traseira;2;;;;;;;;;;2;;;;
22/12/2016;11:55:00;140;com vítima;16;BR-116/BA - Cont VC;Sul;Colisão Transversal;1;;1;;;;;;;;1;2;;;
22/12/2016;12:09:00;143;com vítima;524;BR-324/BA;Leste;Colisão Transversal;;1;;1;;;;;;;0;;2;;
22/12/2016;12:15:00;144;sem vítima;456,9;BR-116/BA;Sul;Queda de Moto;;;;1;;;;;;;2;;;;
22/12/2016;12:21:00;145;sem vítima;589;BR-324/BA;Leste;Choque Contra Objeto Fixo;1;;;;;;;;;;2;;;;
22/12/2016;18:41:00;241;sem vítima;615;BR-324/BA;Leste;Colisão Traseira;;;;;2;;;;;;27;;;;
23/12/2016;00:31:00;4;sem vítima;815,2;BR-116/BA;Norte;Colisão Traseira;2;;;;;;;;;;6;;;;
23/12/2016;04:02:00;17;sem vítima;451;BR-116/BA;Norte;Colisão Frontal;1;;;;1;;;;;;33;;;;
23/12/2016;04:29:00;20;sem vítima;641;BR-116/BA;Norte;Saida de Pista;1;;;;;;;;;;1;;;;
23/12/2016;05:48:00;32;sem vítima;804;BR-116/BA;Norte;Saida de Pista;;;;;1;;;;;;20;;;;
23/12/2016;06:18:00;38;sem vítima;615;BR-324/BA;Oeste;Colisão Traseira;1;;;;;1;;;;;3;;;;
23/12/2016;06:37:00;44;sem vítima;597,6;BR-324/BA;Oeste;Engavetamento;2;;;;;;;;;1;5;;;;
23/12/2016;06:39:00;45;sem vítima;461,1;BR-116/BA;Norte;Colisão Traseira;;;2;;;;;;;;2;;;;
23/12/2016;08:51:00;77;sem vítima;534;BR-324/BA;Oeste;Colisão Lateral;2;;;;;;;;;;5;;;;
23/12/2016;09:06:00;81;sem vítima;3;BA-528;Sul;Colisão Lateral;2;;;;;;;;;;2;;;;
23/12/2016;09:21:00;86;sem vítima;918,5;BR-116/BA;Norte;Colisão Traseira;1;;;;;;;;;;1;;;;
23/12/2016;11:06:00;122;sem vítima;829,05;BR-116/BA;Norte;Colisão Traseira;2;;;;;;;;;;2;;;;
23/12/2016;11:08:00;123;sem vítima;439,1;BR-116/BA;Norte;Engavetamento;3;;;;;;;;;;5;;;;
23/12/2016;11:37:00;126;sem vítima;597;BR-324/BA;Leste;Colisão Traseira;1;;1;;;;;;;;2;;;;
23/12/2016;14:03:00;156;sem vítima;805;BR-116/BA;Norte;Incêndio;1;;;;;;;;;;1;;;;
23/12/2016;14:36:00;163;sem vítima;624;BR-324/BA;Oeste;Colisão Lateral;2;;;;;;;;;;4;;;;
23/12/2016;14:42:00;167;sem vítima;806,1;BR-116/BA;Norte;Colisão Traseira;;;1;;1;;;;;;2;;;;
23/12/2016;15:07:00;173;sem vítima;616;BR-324/BA;Leste;Engavetamento;3;;;;;;;;;;7;;;;
23/12/2016;16:16:00;191;com vítima;462,05;BR-116/BA;Sul;Atropelamento de Pedestre;;1;;;;1;;;;;1;;1;;
23/12/2016;16:33:00;199;sem vítima;626;BR-116/BA;Norte;Saida de Pista;1;;;;;;;;;;4;;;;
23/12/2016;16:48:00;202;sem vítima;640,1;BR-116/BA;Norte;Colisão Traseira;2;;;;;;;;;;5;;;;
23/12/2016;18:26:00;227;sem vítima;550;BR-324/BA;Oeste;Saida de Pista;;;1;;;;;;;;3;;;;
23/12/2016;19:51:00;255;com vítima;787;BR-116/BA;Norte;Saida de Pista;1;;;;;;;;;;0;;1;;
23/12/2016;20:08:00;261;com vítima;458,6;BR-116/BA;Norte;Colisão Lateral;1;;;1;;;;;;;1;1;;;
23/12/2016;20:59:00;270;com vítima;644,4;BR-116/BA;Sul;Saida de Pista;1;;;;;;;;;;0;1;;;
24/12/2016;01:38:00;8;sem vítima;550;BR-324/BA;Oeste;Colisão Traseira;;;;;;1;;;;1;3;;;;
24/12/2016;02:23:00;14;sem vítima;550;BR-324/BA;Oeste;Choque Contra Objeto Fixo;1;;;;;;;;;;2;;;;
24/12/2016;03:49:00;26;sem vítima;562,5;BR-324/BA;Oeste;Saida de Pista;;;;;;;;;;1;4;;;;
24/12/2016;04:26:00;31;com vítima;658;BR-116/BA;Norte;Saida de Pista;;;;;;;;;;1;3;1;;;
24/12/2016;06:15:00;47;com vítima;748,3;BR-116/BA;Norte;Saida de Pista;1;;;;;;;;;;1;1;;;
24/12/2016;09:32:00;112;com vítima;783,4;BR-116/BA;Sul;Saida de Pista;;;;;;;;;;1;0;1;;;
24/12/2016;14:13:00;194;sem vítima;596;BR-324/BA;Leste;Saida de Pista;1;;;;;;;;;;3;;;;
24/12/2016;15:12:00;206;com vítima;24,5;BR-116/BA - Cont VC;Norte;Queda de Moto;;;;1;;;;;;;0;1;;;
24/12/2016;17:09:00;234;sem vítima;537;BR-324/BA;Leste;Colisão Lateral;2;;;;;;;;;;3;;;;
24/12/2016;17:13:00;235;com vítima;3,6;BR-116/BA - ContSuFS;Norte;Choque Contra Objeto Fixo;;;;1;;;;;;;0;1;;;
24/12/2016;20:16:00;271;sem vítima;537;BR-324/BA;Oeste;Saida de Pista;1;;;;;1;;;;;5;;;;
24/12/2016;21:17:00;281;sem vítima;587,2;BR-324/BA;Leste;Saida de Pista;1;;;;;;;;;;1;;;;
25/12/2016;01:37:00;10;com vítima;446;BR-116/BA;Norte;Atropelamento de Animal;;;;1;;;;;;;0;;1;;
25/12/2016;07:27:00;33;sem vítima;621;BR-324/BA;Leste;Saida de Pista;1;;;;;;;;;;1;;;;
25/12/2016;13:09:00;105;sem vítima;589;BR-116/BA;Sul;Colisão Traseira;1;;1;;;;;;;;2;;;;
25/12/2016;16:54:00;138;sem vítima;589;BR-324/BA;Leste;Saida de Pista;2;;;;;;;;;;2;;;;
25/12/2016;16:56:00;140;sem vítima;463,5;BR-116/BA;Norte;Saida de Pista;1;;;;;;;;;;1;;;;
25/12/2016;19:27:00;177;com vítima;12;BR-116/BA - Cont VC;Norte;Colisão Frontal;;1;;1;;;;;;;1;1;;;
25/12/2016;20:06:00;184;com vítima;613;BR-324/BA;Leste;Atropelamento de Pedestre;;;;;;1;;;;;1;;;;1
25/12/2016;20:58:00;193;com vítima;483;BR-116/BA;Norte;Colisão Traseira;;;;1;;1;;;;;1;1;;;
25/12/2016;21:46:00;204;sem vítima;612;BR-324/BA;Leste;Atropelamento de Animal;2;;;;;;;;;1;12;;;;
25/12/2016;23:32:00;223;sem vítima;531;BR-324/BA;Leste;Saida de Pista;1;;;;;;;;;;1;;;;
26/12/2016;05:53:00;16;sem vítima;541,1;BR-324/BA;Leste;Colisão Transversal;2;;;;;1;;;;;7;;;;
26/12/2016;06:50:00;22;sem vítima;570,1;BR-324/BA;Leste;Colisão Traseira;1;;;;1;;;;;1;15;;;;
26/12/2016;07:08:00;27;com vítima;569,5;BR-324/BA;Leste;Colisão Traseira;;;;;;;;;;2;10;;1;;
26/12/2016;08:08:00;48;sem vítima;568,1;BR-324/BA;Leste;Saida de Pista;;;1;;;;;;;;1;;;;
26/12/2016;08:24:00;54;com vítima;654;BR-116/BA;Norte;Colisão Lateral;1;;;1;;;;;;;2;2;;;
26/12/2016;11:16:00;111;sem vítima;615;BR-324/BA;Leste;Engavetamento;2;;1;;;;;;;;6;;;;
26/12/2016;11:52:00;137;sem vítima;612,2;BR-324/BA;Leste;Colisão Traseira;1;;;;;1;;;;;2;;;;
26/12/2016;12:15:00;141;com vítima;612,45;BR-324/BA;Leste;Colisão Traseira;1;;;1;;;;;;;5;1;;;
26/12/2016;13:56:00;165;sem vítima;615;BR-324/BA;Leste;Engavetamento;1;;;;;2;;;;;3;;;;
26/12/2016;14:22:00;171;com vítima;612,95;BR-324/BA;Oeste;Colisão Frontal;;;;2;;;;;;;0;;3;;
26/12/2016;17:21:00;209;sem vítima;637;BR-116/BA;Sul;Colisão Traseira;1;;;;;;;;;1;6;;;;
26/12/2016;18:42:00;223;sem vítima;551;BR-324/BA;Oeste;Colisão Traseira;1;;1;;;;;;;;4;;;;
26/12/2016;19:26:00;228;sem vítima;648,6;BR-116/BA;Norte;Saida de Pista;1;;;;;;;;;;1;;;;
26/12/2016;23:59:00;250;sem vítima;590,1;BR-324/BA;Leste;Saida de Pista;1;;;;;;;;;;1;;;;
27/12/2016;10:22:00;101;sem vítima;615;BR-324/BA;Oeste;Colisão Lateral;;;1;;1;;;;;;19;;;;
27/12/2016;11:12:00;127;sem vítima;614;BR-324/BA;Oeste;Saida de Pista;1;;;;;;;;;;2;;;;
27/12/2016;15:21:00;187;com vítima;759;BR-116/BA;Sul;Colisão Traseira;;;;1;;1;;;;;1;1;;;
27/12/2016;22:50:00;276;sem vítima;517;BR-116/BA;Sul;Atropelamento de Animal;;;1;;;;;;;;1;;;;
27/12/2016;23:32:00;282;sem vítima;624;BR-324/BA;Oeste;Atropelamento de Animal;1;;;;;;;;;;1;;;;
28/12/2016;00:23:00;4;sem vítima;635;BR-116/BA;Norte;Colisão Traseira;1;;;;;1;;;;;6;;;;
28/12/2016;05:49:00;20;com vítima;611;BR-324/BA;Leste;Atropelamento - Ciclista;1;1;;;;;;;;;1;;;1;
28/12/2016;07:25:00;47;com vítima;783;BR-116/BA;Norte;Colisão Traseira;;;;1;;1;;;;;1;1;;;
28/12/2016;07:46:00;53;sem vítima;549,9;BR-324/BA;Leste;Saida de Pista;;;1;;;;;;;;2;;;;
28/12/2016;08:13:00;63;sem vítima;644,3;BR-116/BA;Norte;Tombamento;;;1;;;;;;;;1;;;;
28/12/2016;16:51:00;235;sem vítima;520;BR-324/BA;Leste;Engavetamento;3;;;;;;;;;;9;;;;
28/12/2016;19:46:00;274;sem vítima;609,8;BR-324/BA;Leste;Saida de Pista;1;;;;;;;;;;2;;;;
28/12/2016;19:55:00;276;sem vítima;550;BR-116/BA;Norte;Saida de Pista;1;;;;;1;;;;;3;;;;
28/12/2016;20:02:00;277;com vítima;818,8;BR-116/BA;Norte;Colisão Transversal;1;;1;1;;;;;;;1;;2;;
28/12/2016;22:01:00;290;sem vítima;560,2;BR-116/BA;Sul;Tombamento;;;1;;;;;;;;1;;;;
29/12/2016;01:24:00;4;com vítima;461;BR-116/BA;Norte;Queda de Moto;;;;1;;;;;;;0;;;;1
29/12/2016;05:34:00;16;com vítima;748,95;BR-116/BA;Sul;Saida de Pista;;;;;1;;;;;;20;25;1;2;6
29/12/2016;08:49:00;58;sem vítima;558;BR-324/BA;Oeste;Saida de Pista;1;;;;;;;;;;2;;;;
29/12/2016;09:20:00;69;sem vítima;643;BR-116/BA;Sul;Saida de Pista;1;;;;;;;;;;4;;;;
29/12/2016;13:22:00;145;com vítima;862,7;BR-116/BA;Norte;Colisão Frontal;1;;2;;;;;;;;2;;;1;3
29/12/2016;16:56:00;187;sem vítima;607;BR-324/BA;Leste;Queda de Moto;;;;1;;;;;;;1;;;;
29/12/2016;18:31:00;210;sem vítima;744;BR-116/BA;Norte;Atropelamento de Animal;1;;;;;;;;;;4;;;;
30/12/2016;00:38:00;3;sem vítima;820;BR-116/BA;Sul;Colisão Traseira;2;;;;;;;;;;2;;;;
30/12/2016;02:50:00;13;com vítima;526,8;BR-324/BA;Leste;Tombamento;;;1;;;;;;;;0;1;1;;
30/12/2016;06:40:00;34;com vítima;526,8;BR-324/BA;Leste;Colisão Traseira;;;;1;;1;;;;;1;1;;;
30/12/2016;07:04:00;39;sem vítima;777;BR-116/BA;Sul;Colisão Lateral;1;;;1;;;;;;;2;;;;
30/12/2016;07:54:00;55;com vítima;673;BR-116/BA;Norte;Colisão Transversal;1;;;1;;;;;;;1;1;;;
30/12/2016;13:33:00;145;sem vítima;620,1;BR-324/BA;Oeste;Colisão Lateral;1;;;;;1;;;;;2;;;;
30/12/2016;14:15:00;154;sem vítima;835;BR-116/BA;Sul;Colisão Transversal;2;;;;;;;;;;4;;;;
30/12/2016;14:40:00;162;sem vítima;16;BR-116/BA - Cont VC;Norte;Colisão Transversal;2;;;;;;;;;;6;;;;
30/12/2016;15:24:00;171;com vítima;6,5;BA-526;Sul;Saida de Pista;;;1;;;;;;;;1;;1;;
30/12/2016;16:33:00;190;com vítima;828;BR-116/BA;Sul;Colisão Transversal;1;;;1;;;;;;;2;2;;;
30/12/2016;18:10:00;212;sem vítima;839;BR-116/BA;Sul;Saida de Pista;;;1;;;;;;;;1;;;;
30/12/2016;19:36:00;235;sem vítima;552,5;BR-324/BA;Oeste;Colisão Traseira;1;;;1;;;;;;;6;;;;
30/12/2016;19:37:00;236;sem vítima;562;BR-324/BA;Leste;Engavetamento;3;;;;;;;;;;11;;;;
30/12/2016;23:05:00;275;sem vítima;562;BR-116/BA;Norte;Saida de Pista;;;;;;;;;;1;1;;;;
31/12/2016;00:57:00;11;sem vítima;589,49;BR-116/BA;Sul;Tombamento;;;1;;;;;;;;1;;;;
31/12/2016;01:38:00;18;sem vítima;611,7;BR-324/BA;Oeste;Saida de Pista;1;;;;;;;;;;1;;;;
31/12/2016;09:14:00;86;com vítima;540;BR-324/BA;Leste;Queda de Moto;;;;1;;;;;;;0;2;;;
31/12/2016;12:11:00;125;com vítima;518;BR-324/BA;Oeste;Queda de Moto;;;;1;;;;;;;0;1;;;
31/12/2016;15:30:00;162;com vítima;658;BR-116/BA;Norte;Saida de Pista;1;;;;;;;;;;2;2;;1;
31/12/2016;16:20:00;173;sem vítima;817,85;BR-116/BA;Sul;Colisão Transversal;2;;;;;;;;;;2;;;;
31/12/2016;18:15:00;197;com vítima;583;BR-324/BA;Oeste;Queda de Moto;;;;1;;;;;;;0;;;1;
31/12/2016;20:21:00;222;sem vítima;820,7;BR-116/BA;Sul;Saida de Pista;1;;1;;;;;;;;5;;;;
31/12/2016;21:20:00;231;sem vítima;696,4;BR-116/BA;Sul;Saida de Pista;1;;;;;;;;;;1;;;;
01/01/2017;00:37:00;3;sem vítima;607;BR-324/BA;Oeste;Atropelamento de Animal;1;;;;;;;;;;1;;;;
01/01/2017;02:52:00;16;com vítima;461,8;BR-116/BA;Sul;Queda de Moto;;;;1;;;;;;;0;1;1;;
01/01/2017;04:28:00;24;sem vítima;564;BR-324/BA;Oeste;Saida de Pista;1;;;;;;;;;;1;;;;
01/01/2017;13:27:00;114;com vítima;14;BR-116/BA - Cont VC;Norte;Saida de Pista;1;;;;;;;;;;1;1;;;
01/01/2017;14:01:00;124;sem vítima;551;BR-324/BA;Leste;Colisão Lateral;2;;;;;;;;;;2;;;;
01/01/2017;14:42:00;129;sem vítima;599;BR-324/BA;Leste;Saida de Pista;;;;;;;;;;1;1;;;;
01/01/2017;16:15:00;149;sem vítima;585,4;BR-324/BA;Oeste;Saida de Pista;1;;;;;;;;;;1;;;;
01/01/2017;17:51:00;163;com vítima;614;BR-116/BA;Norte;Capotamento;1;;;;;1;;;;;1;1;1;;
01/01/2017;19:54:00;181;sem vítima;559;BR-324/BA;Leste;Colisão Transversal;1;;;;;1;;;;;4;;;;
01/01/2017;20:03:00;182;com vítima;556,3;BR-324/BA;Oeste;Colisão Traseira;1;;;1;;;;;;;5;1;;;
01/01/2017;20:53:00;187;com vítima;502;BR-116/BA;Norte;Saida de Pista;1;;;;;;;;;;1;1;;;
02/01/2017;01:43:00;11;sem vítima;579,3;BR-324/BA;Leste;Capotamento;;;;;;;;;;1;1;;;;
02/01/2017;02:57:00;16;com vítima;751,9;BR-116/BA;Norte;Saida de Pista;1;;;;;;;;;;0;;;;1
02/01/2017;03:10:00;17;sem vítima;552,2;BR-324/BA;Oeste;Colisão Traseira;2;;;;;1;;;;;7;;;;
02/01/2017;04:41:00;22;sem vítima;437;BR-116/BA;Norte;Atropelamento de Animal;;;1;;;;;;;;1;;;;
02/01/2017;06:28:00;36;sem vítima;554,1;BR-116/BA;Norte;Saida de Pista;1;;;;;;;;;;5;;;;
02/01/2017;10:23:00;99;sem vítima;526,4;BR-324/BA;Oeste;Colisão Traseira;2;;;;;;;;;;5;;;;
02/01/2017;10:57:00;113;sem vítima;520,5;BR-324/BA;Oeste;Colisão Traseira;1;;;;;;;;;;1;;;;
02/01/2017;11:09:00;117;sem vítima;527;BR-324/BA;Leste;Colisão Traseira;2;;;;;;;;;;4;;;;
02/01/2017;12:16:00;138;com vítima;574,05;BR-324/BA;Oeste;Saida de Pista;1;;;;;;;;;;3;2;;;
02/01/2017;14:26:00;169;sem vítima;582;BR-324/BA;Leste;Saida de Pista;1;;;;;;;;;;1;;;;
02/01/2017;15:50:00;189;sem vítima;607,1;BR-324/BA;Oeste;Colisão Traseira;1;;;;1;;;;;;39;;;;
02/01/2017;16:19:00;194;com vítima;614;BR-324/BA;Leste;Queda de Moto;;;;1;;;;;;;0;;1;;
02/01/2017;17:39:00;219;sem vítima;592;BR-324/BA;Leste;Engavetamento;3;;;;;;;;;;11;;;;
03/01/2017;00:05:00;1;com vítima;540;BR-116/BA;Sul;Colisão Lateral;;;;;;;;;;2;5;;1;;
03/01/2017;01:43:00;3;sem vítima;447;BR-116/BA;Sul;Saida de Pista;1;;;;;;;;;;2;;;;
03/01/2017;04:14:00;10;sem vítima;565,1;BR-324/BA;Leste;Saida de Pista;;;1;;;;;;;;1;;;;
03/01/2017;05:23:00;14;sem vítima;590,6;BR-116/BA;Sul;Saida de Pista;1;;;;;;;;;;4;;;;
03/01/2017;06:28:00;24;com vítima;577,3;BR-324/BA;Leste;Colisão Lateral;1;;;1;;;;;;;0;;2;;
03/01/2017;06:37:00;30;com vítima;537,3;BR-324/BA;Oeste;Colisão Traseira;1;;;1;;;;;;;3;1;;;
03/01/2017;08:18:00;53;sem vítima;621,3;BR-324/BA;Leste;Colisão Traseira;2;;;;;;;;;;4;;;;
03/01/2017;08:33:00;57;sem vítima;619,9;BR-324/BA;Leste;Engavetamento;3;;;;;;;;;;4;;;;
03/01/2017;08:33:00;58;sem vítima;621,2;BR-324/BA;Leste;Colisão Traseira;;;;1;;;;;;;1;;;;
03/01/2017;08:59:00;62;sem vítima;619;BR-324/BA;Leste;Colisão Traseira;1;;;;;;;;;1;2;;;;
03/01/2017;10:12:00;85;sem vítima;588,7;BR-324/BA;Leste;Queda de Moto;;;;1;;;;;;;1;;;;
03/01/2017;14:28:00;155;com vítima;567,2;BR-324/BA;Oeste;Saida de Pista;1;;;;;;;;;;1;;2;;
03/01/2017;15:44:00;179;sem vítima;612;BR-324/BA;Leste;Colisão Traseira;2;;;;;;;;;;2;;;;
03/01/2017;15:57:00;181;sem vítima;586;BR-324/BA;Oeste;Saida de Pista;1;;;;;;;;;;1;;;;
04/01/2017;00:43:00;5;sem vítima;640,3;BR-116/BA;Sul;Saida de Pista;;;1;;;;;;;;1;;;;
04/01/2017;09:28:00;70;sem vítima;616;BR-324/BA;Leste;Engavetamento;4;;1;;;;;;;;6;;;;
04/01/2017;11:00:00;101;sem vítima;704,4;BR-116/BA;Sul;Saida de Pista;1;;;;;;;;;;4;;;;
04/01/2017;18:04:00;230;sem vítima;504;BR-116/BA;Sul;Atropelamento de Animal;1;;;;;;;;;;1;;;;
04/01/2017;19:22:00;263;sem vítima;539,5;BR-116/BA;Norte;Atropelamento de Animal;;;1;;;;;;;;1;;;;
05/01/2017;04:23:00;12;sem vítima;618;BR-324/BA;Leste;Atropelamento de Animal;;;;;;;;;;1;3;;;;
05/01/2017;06:39:00;29;com vítima;7,5;BR-116/BA - Cont VC;Sul;Atropelamento de Pedestre;;;1;;;;;;;;1;;;1;
05/01/2017;08:27:00;59;sem vítima;633,5;BR-116/BA;Norte;Colisão Transversal;1;;;1;;;;;;;5;;;;
05/01/2017;11:10:00;110;com vítima;531,9;BR-324/BA;Leste;Queda de Moto;;;;1;;;;;;;0;2;;;
05/01/2017;12:54:00;139;com vítima;476;BR-116/BA;Norte;Queda de Moto;;;;1;;;;;;;0;;;2;
05/01/2017;13:07:00;140;sem vítima;621;BR-324/BA;Leste;Colisão Lateral;2;;;;;;;;;;2;;;;
05/01/2017;13:11:00;141;sem vítima;620,8;BR-324/BA;Leste;Colisão Traseira;2;;;;;;;;;;2;;;;
05/01/2017;14:49:00;165;com vítima;674,3;BR-116/BA;Norte;Colisão Transversal;;;1;;;;;;;1;5;1;;;
05/01/2017;23:59:00;265;sem vítima;452;BR-116/BA;Norte;Atropelamento de Animal;;;1;;;;;;;;1;;;;
06/01/2017;02:38:00;8;sem vítima;519;BR-116/BA;Sul;Atropelamento de Animal;1;;;;;;;;;;3;;;;
06/01/2017;09:34:00;86;sem vítima;560,2;BR-324/BA;Oeste;Saida de Pista;;;1;;;;;;;;1;;;;
06/01/2017;12:39:00;134;sem vítima;766,9;BR-116/BA;Sul;Colisão Traseira;;;1;;1;;;;;;48;;;;
06/01/2017;16:05:00;175;sem vítima;670;BR-116/BA;Norte;Colisão Lateral;;;2;;;;;;;;2;;;;
06/01/2017;17:37:00;196;sem vítima;614;BR-324/BA;Leste;Colisão Lateral;1;;1;;;;;;;;4;;;;
06/01/2017;20:13:00;243;com vítima;427,95;BR-116/BA;Sul;Atropelamento - Ciclista;;;;;;1;;;;;1;;;1;
06/01/2017;21:26:00;254;com vítima;620;BR-324/BA;Oeste;Queda de Moto;;;;1;;;;;;;0;;;1;
06/01/2017;21:55:00;260;sem vítima;615;BR-324/BA;Oeste;Atropelamento de Animal;2;;;1;;;;;;;4;;;;
07/01/2017;06:23:00;29;sem vítima;827;BR-116/BA;Norte;Colisão Lateral;2;;;;;;;;;;2;;;;
07/01/2017;09:49:00;74;sem vítima;594,3;BR-116/BA;Sul;Saida de Pista;1;;;;;;;;;;1;;;;
07/01/2017;12:05:00;104;com vítima;567;BR-116/BA;Sul;Colisão Transversal;;;1;;;;;;;1;2;;2;;
07/01/2017;15:07:00;138;sem vítima;460;BR-116/BA;Sul;Colisão Traseira;1;;1;;;;;;;;4;;;;
07/01/2017;19:11:00;195;com vítima;658,5;BR-116/BA;Norte;Capotamento;1;;;;;;;;;;0;1;;;
07/01/2017;19:25:00;198;sem vítima;814;BR-116/BA;Sul;Colisão Traseira;1;;1;;;;;;;;2;;;;
07/01/2017;21:16:00;222;sem vítima;642,6;BR-116/BA;Norte;Saida de Pista;;;1;;;;;;;;3;;;;
08/01/2017;00:43:00;3;sem vítima;573;BR-324/BA;Leste;Saida de Pista;1;;;;;;;;;;1;;;;
08/01/2017;00:51:00;4;com vítima;466;BR-116/BA;Norte;Colisão Frontal;;;;1;;1;;;;;1;;;1;
08/01/2017;05:52:00;21;com vítima;600;BR-324/BA;Leste;Saida de Pista;1;;;;;;;;;;0;;1;;
08/01/2017;07:02:00;36;com vítima;805,5;BR-116/BA;Norte;Saida de Pista;;;;1;;;;;;;1;1;;;
08/01/2017;07:34:00;38;sem vítima;29;BR-116/BA - Cont VC;Sul;Saida de Pista;1;;;;;;;;;;1;;;;
08/01/2017;15:08:00;150;sem vítima;837,1;BR-116/BA;Norte;Engavetamento;;;3;;;;;;;;3;;;;
08/01/2017;18:03:00;199;com vítima;789;BR-116/BA;Norte;Saida de Pista;1;;;;;;;;;;2;2;;;
08/01/2017;21:38:00;250;sem vítima;3,4;BR-116/BA - ContSuFS;Norte;Choque Contra Objeto Fixo;1;;;;;;;;;;2;;;;
09/01/2017;00:31:00;6;sem vítima;543;BR-324/BA;Oeste;Saida de Pista;1;;;;;1;;;;;5;;;;
09/01/2017;06:33:00;46;sem vítima;592,3;BR-324/BA;Oeste;Queda de Moto;;;;1;;;;;;;2;;;;
09/01/2017;06:39:00;47;sem vítima;607,2;BR-324/BA;Oeste;Saida de Pista;1;;;;;;;;;;2;;;;
09/01/2017;10:16:00;101;sem vítima;709,8;BR-116/BA;Norte;Colisão Transversal;2;;;;;;;;;;2;;;;
09/01/2017;10:34:00;105;sem vítima;589,2;BR-116/BA;Sul;Saida de Pista;;;1;;;;;;;;1;;;;
09/01/2017;13:38:00;144;com vítima;533,7;BR-116/BA;Sul;Saida de Pista;1;;;;;;;;;;0;;1;;
09/01/2017;15:19:00;165;sem vítima;605;BR-324/BA;Oeste;Colisão Traseira;2;;;;;;;;;;4;;;;
09/01/2017;16:38:00;185;sem vítima;827;BR-116/BA;Sul;Colisão Transversal;3;;;;;;;;;;8;;;;
09/01/2017;17:00:00;187;sem vítima;466,2;BR-116/BA;Norte;Colisão Lateral;1;;;;;1;;;;;4;;;;
09/01/2017;17:22:00;189;sem vítima;614,5;BR-324/BA;Leste;Colisão Traseira;1;;;;;;;;;1;5;;;;
09/01/2017;21:51:00;235;sem vítima;6,2;BA-526;Norte;Colisão Traseira;2;;;;;;;;;;2;;;;
09/01/2017;23:04:00;240;com vítima;456,9;BR-116/BA;Norte;Saida de Pista;1;;;;;;;;;;0;1;;;
10/01/2017;09:17:00;72;com vítima;861;BR-116/BA;Sul;Outros;;;;;1;;;;;;55;;1;;
10/01/2017;12:55:00;128;sem vítima;570;BR-116/BA;Norte;Colisão Frontal;1;;1;;;;;;;;2;;;;
10/01/2017;15:57:00;174;sem vítima;551;BR-324/BA;Leste;Colisão Traseira;1;;;;;;;;;1;4;;;;
10/01/2017;16:20:00;178;com vítima;880;BR-116/BA;Norte;Colisão Lateral;1;;1;;;;;;;1;4;;1;;3
10/01/2017;18:26:00;214;com vítima;8;BR-116/BA - Cont VC;Norte;Colisão Traseira;;;1;1;;;;;;;1;;1;;
10/01/2017;18:57:00;225;com vítima;570;BR-324/BA;Leste;Engavetamento;2;;1;;;;;;;;3;;1;;
11/01/2017;14:47:00;161;com vítima;577;BR-324/BA;Oeste;Saida de Pista;1;;;;;;;;;;0;;1;;
11/01/2017;18:00:00;209;sem vítima;607,2;BR-324/BA;Leste;Engavetamento;1;;;;;1;;;;2;13;;;;
11/01/2017;21:16:00;243;sem vítima;709;BR-116/BA;Sul;Saida de Pista;1;;;;;;;;;;4;;;;
12/01/2017;05:49:00;20;sem vítima;543;BR-324/BA;Oeste;Saida de Pista;1;;;;;;;;;;1;;;;
12/01/2017;07:36:00;35;sem vítima;621,9;BR-324/BA;Leste;Queda de Moto;;;;1;;;;;;;2;;;;
12/01/2017;11:24:00;109;com vítima;460;BR-116/BA;Sul;Queda de Moto;;;;1;;;;;;;0;1;;;
12/01/2017;11:27:00;112;sem vítima;586,1;BR-116/BA;Sul;Saida de Pista;1;;;;;;;;;;4;;;;
12/01/2017;13:26:00;131;sem vítima;786,05;BR-116/BA;Norte;Saida de Pista;1;;;;;;;;;;2;;;;
12/01/2017;14:49:00;153;com vítima;869,4;BR-116/BA;Sul;Saida de Pista;;;;;;;;;;1;1;2;;;
12/01/2017;15:08:00;159;sem vítima;581;BR-324/BA;Oeste;Tombamento;;;1;;;;;;;;1;;;;
12/01/2017;16:48:00;183;sem vítima;595;BR-324/BA;Oeste;Colisão Lateral;1;;1;;;;;;;;2;;;;
13/01/2017;07:04:00;32;sem vítima;596,7;BR-324/BA;Leste;Engavetamento;2;;;;;;;;;;6;;;;
13/01/2017;07:07:00;33;sem vítima;530,05;BR-324/BA;Oeste;Choque Contra Objeto Fixo;1;;;;;;;;;;1;;;;