data;horario;n_da_ocorrencia;tipo_de_ocorrencia;km;trecho;sentido;tipo_de_acidente;automovel;bicicleta;caminhao;moto;onibus;outros;tracao_animal;transporte_de_cargas_especiais;trator_maquinas;utilitarios;ilesos;levemente_feridos;moderadamente_feridos;gravemente_feridos;mortos
13/01/2017;08:28:00;51;com vítima;622;BR-324/BA;Leste;Colisão Frontal;2;;;;;1;;;;;5;1;;;
13/01/2017;12:44:00;118;sem vítima;623;BR-324/BA;Oeste;Colisão Lateral;1;;1;;;;;;;;4;;;;
13/01/2017;17:00:00;191;sem vítima;607,1;BR-324/BA;Oeste;Colisão Traseira;2;;;;;;;;;;5;;;;
13/01/2017;17:25:00;199;sem vítima;545,1;BR-324/BA;Oeste;Engavetamento;3;;;1;;;;;;;8;;;;
13/01/2017;17:51:00;206;sem vítima;545,7;BR-324/BA;Oeste;Colisão Traseira;2;;;;;;;;;;3;;;;
13/01/2017;21:37:00;243;com vítima;709;BR-116/BA;Sul;Colisão Transversal;;1;;;;1;;;;;1;1;;;
14/01/2017;04:16:00;19;sem vítima;568;BR-324/BA;Leste;Capotamento;1;;;;;;;;;;5;;;;
14/01/2017;04:51:00;21;com vítima;1;BR-116/BA - ContSuFS;Norte;Queda de Moto;;;;1;;;;;;;0;1;;;
14/01/2017;12:12:00;122;sem vítima;898;BR-116/BA;Sul;Colisão Lateral;1;;1;;;;;;;;5;;;;
14/01/2017;16:12:00;171;com vítima;675;BR-116/BA;Norte;Queda de Moto;;;;1;;;;;;;1;1;;;
14/01/2017;17:34:00;192;sem vítima;913,5;BR-116/BA;Sul;Saida de Pista;;;1;;;;;;;;1;;;;
14/01/2017;19:49:00;222;sem vítima;599;BR-324/BA;Oeste;Colisão Lateral;;;;;;;;;;2;2;;;;
14/01/2017;21:25:00;238;sem vítima;855;BR-116/BA;Sul;Colisão Lateral;1;;;;1;;;;;;23;;;;
14/01/2017;23:13:00;255;sem vítima;630;BR-116/BA;Norte;Atropelamento de Animal;;;1;;;;;;;;1;;;;
15/01/2017;03:02:00;19;com vítima;617;BR-324/BA;Oeste;Colisão Transversal;1;;1;;;;;;;;1;;1;1;
15/01/2017;06:21:00;39;sem vítima;810,5;BR-116/BA;Sul;Saida de Pista;;;1;;;1;;;;;2;;;;
15/01/2017;09:45:00;86;sem vítima;555,1;BR-324/BA;Leste;Queda de Moto;;;;1;;;;;;;2;;;;
15/01/2017;13:23:00;117;com vítima;565;BR-324/BA;Oeste;Saida de Pista;1;;;;;;;;;;4;1;;;
15/01/2017;17:26:00;180;sem vítima;599;BR-324/BA;Leste;Engavetamento;4;;;;;;;;;;15;;;;
15/01/2017;22:58:00;230;sem vítima;620,2;BR-324/BA;Leste;Saida de Pista;1;;;;;;;;;;1;;;;
16/01/2017;04:43:00;20;com vítima;616;BR-324/BA;Oeste;Colisão Traseira;;;3;;;;;;;;2;;1;;
16/01/2017;06:18:00;31;sem vítima;518;BR-324/BA;Leste;Colisão Traseira;;;;1;;;;;;1;2;;;;
16/01/2017;07:38:00;53;sem vítima;533;BR-324/BA;Oeste;Colisão Traseira;;;1;;;;;;;1;2;;;;
16/01/2017;14:26:00;194;com vítima;490,3;BR-116/BA;Sul;Capotamento;;;;;;;;;;1;3;;;;1
16/01/2017;14:38:00;198;sem vítima;674,4;BR-116/BA;Norte;Engavetamento;1;;2;;;;;;;;5;;;;
16/01/2017;16:36:00;225;com vítima;712;BR-116/BA;Sul;Colisão Lateral;1;;1;;;;;;;;2;2;;;
16/01/2017;18:14:00;254;sem vítima;813,2;BR-116/BA;Sul;Colisão Transversal;2;;;;;;;;;;4;;;;
16/01/2017;20:49:00;276;sem vítima;543;BR-324/BA;Oeste;Saida de Pista;1;;;;;;;;;;3;;;;
17/01/2017;00:34:00;1;com vítima;603;BR-324/BA;Oeste;Atropelamento de Pedestre;;;;;;1;;;;;1;;;;1
17/01/2017;01:37:00;5;sem vítima;543;BR-324/BA;Oeste;Saida de Pista;1;;;;;;;;;;3;;;;
17/01/2017;03:47:00;11;sem vítima;538;BR-324/BA;Oeste;Atropelamento de Animal;2;;;;;;;;;;3;;;;
17/01/2017;11:17:00;102;com vítima;714,5;BR-116/BA;Norte;Saida de Pista;1;;;;;;;;;;4;1;;;
17/01/2017;14:36:00;148;sem vítima;564,2;BR-324/BA;Oeste;Colisão Traseira;2;;;;;;;;;;6;;;;
17/01/2017;15:40:00;164;com vítima;441,95;BR-116/BA;Sul;Saida de Pista;;;1;;;;;;;;2;2;;;
17/01/2017;18:12:00;201;sem vítima;526;BR-324/BA;Oeste;Colisão Lateral;1;;1;;;;;;;;2;;;;
17/01/2017;19:42:00;218;sem vítima;622,5;BR-324/BA;Leste;Saida de Pista;1;;;;;;;;;;3;;;;
17/01/2017;22:49:00;240;sem vítima;631,2;BR-116/BA;Sul;Atropelamento de Animal;1;;;;;;;;;;2;;;;
17/01/2017;23:48:00;247;sem vítima;493,3;BR-116/BA;Norte;Saida de Pista;1;;;;;;;;;;5;;;;
18/01/2017;07:17:00;39;com vítima;1;BR-116/BA - ContSuFS;Sul;Atropelamento de Pedestre;;;;;;;;;;1;2;;;1;
18/01/2017;07:18:00;40;com vítima;623,15;BR-324/BA;Leste;Colisão Traseira;;;;1;;;;;;;0;;2;;
18/01/2017;17:12:00;210;sem vítima;6;BR-116/BA - ContSuFS;Norte;Colisão Lateral;1;;1;;;;;;;;2;;;;
18/01/2017;18:13:00;227;sem vítima;557,6;BR-324/BA;Leste;Tombamento;;;1;;;;;;;;1;;;;
19/01/2017;05:20:00;16;sem vítima;603,4;BR-324/BA;Leste;Atropelamento de Animal;;;;;;;;;;1;1;;;;
19/01/2017;07:34:00;39;com vítima;689,12;BR-116/BA;Sul;Colisão Lateral;1;;2;;;;;;;;3;1;;;
19/01/2017;11:35:00;108;sem vítima;573;BR-324/BA;Leste;Queda de Moto;;;;1;;;;;;;1;;;;
19/01/2017;15:12:00;154;sem vítima;563,5;BR-324/BA;Leste;Saida de Pista;1;;;;;;;;;;2;;;;
19/01/2017;18:49:00;207;sem vítima;549,7;BR-116/BA;Sul;Saida de Pista;;;1;;;;;;;;1;;;;
19/01/2017;20:22:00;227;sem vítima;16,2;BR-116/BA - Cont VC;Sul;Colisão Transversal;1;;;1;;;;;;;2;;;;
19/01/2017;21:49:00;236;sem vítima;482;BR-116/BA;Norte;Colisão Traseira;;;2;;;;;;;;2;;;;
20/01/2017;06:39:00;26;com vítima;609;BR-324/BA;Oeste;Colisão Traseira;;;;;;1;;;;1;1;1;;;
20/01/2017;09:34:00;86;sem vítima;569,7;BR-116/BA;Norte;Colisão Traseira;1;;1;;;;;;;;5;;;;
20/01/2017;18:03:00;220;sem vítima;622;BR-324/BA;Oeste;Colisão Traseira;1;;;;;1;;;;;2;;;;
21/01/2017;07:35:00;46;sem vítima;2,75;BA-526;Norte;Colisão Lateral;1;;1;;;;;;;;2;;;;
21/01/2017;08:27:00;56;com vítima;563,5;BR-324/BA;Leste;Saida de Pista;1;;;;;;;;;;3;2;;;
21/01/2017;14:25:00;138;sem vítima;587,4;BR-324/BA;Leste;Colisão Lateral;1;;1;;;;;;;;4;;;;
21/01/2017;15:38:00;157;sem vítima;616;BR-324/BA;Oeste;Engavetamento;2;;;;;;;;;1;6;;;;
21/01/2017;19:30:00;202;sem vítima;681,5;BR-116/BA;Sul;Colisão Lateral;1;;;;;;;;;;2;;;;
21/01/2017;22:42:00;229;sem vítima;616;BR-324/BA;Oeste;Saida de Pista;1;;;;;;;;;;1;;;;
21/01/2017;23:49:00;238;sem vítima;561;BR-324/BA;Oeste;Saida de Pista;1;;;;;1;;;;;2;;;;
22/01/2017;04:53:00;21;sem vítima;819,5;BR-116/BA;Sul;Choque Contra Objeto Fixo;;;;;;1;;;;;1;;;;
22/01/2017;06:15:00;27;sem vítima;907;BR-116/BA;Norte;Colisão Traseira;;;2;;;;;;;;2;;;;
22/01/2017;07:18:00;44;com vítima;542,2;BR-324/BA;Oeste;Queda de Moto;;;;1;;;;;;;0;2;;;
22/01/2017;07:58:00;57;com vítima;504;BR-116/BA;Norte;Colisão Frontal;1;;1;;;;;;;;1;1;;;
22/01/2017;15:44:00;158;com vítima;4;BR-116/BA - ContSuFS;Norte;Saida de Pista;;;;;;;;;;1;0;3;;;
22/01/2017;16:42:00;173;sem vítima;613;BR-324/BA;Oeste;Saida de Pista;1;;;;;;;;;;1;;;;
22/01/2017;17:16:00;182;sem vítima;910;BR-116/BA;Norte;Colisão Traseira;;;2;;;;;;;;2;;;;
22/01/2017;18:13:00;198;sem vítima;601;BR-324/BA;Oeste;Engavetamento;3;;;;;;;;;;9;;;;
22/01/2017;19:48:00;222;sem vítima;552;BR-324/BA;Leste;Saida de Pista;1;;;;;;;;;;1;;;;
22/01/2017;20:12:00;233;com vítima;538;BR-324/BA;Oeste;Colisão Traseira;2;;;1;;;;;;;5;;;1;
22/01/2017;20:53:00;240;com vítima;910,8;BR-116/BA;Norte;Atropelamento de Pedestre;;;;;;1;;;;;1;;;;1
22/01/2017;21:00:00;241;sem vítima;642,8;BR-116/BA;Norte;Saida de Pista;;;1;;;;;;;;1;;;;
23/01/2017;00:27:00;5;com vítima;710;BR-116/BA;Norte;Colisão Traseira;1;;;;;1;;;;;3;1;;;
23/01/2017;04:46:00;25;sem vítima;537;BR-324/BA;Leste;Colisão Lateral;1;;;;;1;;;;;2;;;;
23/01/2017;06:30:00;37;sem vítima;477,8;BR-116/BA;Sul;Saida de Pista;1;;;;;;;;;;1;;;;
23/01/2017;09:01:00;75;sem vítima;615,2;BR-324/BA;Leste;Colisão Traseira;2;;;;;;;;;;5;;;;
23/01/2017;09:49:00;95;sem vítima;623,7;BR-324/BA;Leste;Colisão Lateral;;;2;;;;;;;;2;;;;
23/01/2017;10:19:00;107;sem vítima;618,1;BR-324/BA;Leste;Colisão Traseira;1;;;1;;;;;;;2;;;;
23/01/2017;11:35:00;127;sem vítima;622,3;BR-324/BA;Leste;Choque Contra Objeto Fixo;;;;;;;;;;1;2;;;;
23/01/2017;15:20:00;179;com vítima;462;BR-116/BA;Norte;Colisão Traseira;;;;1;;1;;;;;1;1;2;;
23/01/2017;21:56:00;258;com vítima;12;BR-116/BA - Cont VC;Sul;Colisão Transversal;;;;2;;;;;;;1;2;;;
24/01/2017;03:59:00;11;sem vítima;899,05;BR-116/BA;Sul;Saida de Pista;;;;;;;;;;1;1;;;;
24/01/2017;04:02:00;12;com vítima;753,2;BR-116/BA;Norte;Colisão Traseira;;;2;;;;;;;;0;1;;1;
24/01/2017;05:31:00;14;com vítima;9,1;BR-116/BA - Cont VC;Norte;Saida de Pista;1;;;;;;;;;;0;;1;;
24/01/2017;18:36:00;233;com vítima;519,4;BR-116/BA;Sul;Colisão Lateral;;;;2;;;;;;;1;1;;;
24/01/2017;18:36:00;234;sem vítima;493;BR-116/BA;Sul;Colisão Lateral;1;;1;;;;;;;;5;;;;
25/01/2017;10:16:00;79;sem vítima;616,05;BR-324/BA;Oeste;Colisão Frontal;;;1;;;;;;;1;2;;;;
25/01/2017;11:46:00;97;com vítima;458,1;BR-116/BA;Sul;Colisão Traseira;1;;1;;;;;;;;3;1;;;
25/01/2017;15:13:00;142;sem vítima;540;BR-324/BA;Leste;Colisão Lateral;2;;;;;;;;;;2;;;;
25/01/2017;21:50:00;208;com vítima;632,2;BR-116/BA;Norte;Colisão Lateral;;;;1;;;;;;1;0;1;;;2
26/01/2017;07:45:00;34;com vítima;610;BR-324/BA;Oeste;Queda de Moto;;;;1;;;;;;;0;;2;;
26/01/2017;10:34:00;87;sem vítima;536,5;BR-324/BA;Leste;Colisão Traseira;2;;;;;;;;;;10;;;;
26/01/2017;15:28:00;166;sem vítima;543;BR-324/BA;Oeste;Saida de Pista;1;;;;;;;;;;3;;;;
26/01/2017;15:52:00;174;sem vítima;527;BR-324/BA;Oeste;Colisão Traseira;1;;1;;;;;;;;6;;;;
26/01/2017;16:28:00;185;sem vítima;527;BR-324/BA;Leste;Colisão Traseira;1;;;;;1;;;;;5;;;;
26/01/2017;19:19:00;213;com vítima;10,2;BR-116/BA - Cont VC;Norte;Atropelamento - Ciclista;;1;;;;1;;;;;1;;;;1
26/01/2017;19:41:00;219;sem vítima;460,4;BR-116/BA;Norte;Colisão Transversal;;;1;;;;;;;1;2;;;;
26/01/2017;22:46:00;236;com vítima;15,4;BR-116/BA - Cont VC;Sul;Queda de Moto;;;;1;;;;;;;0;1;;;
26/01/2017;23:48:00;244;com vítima;574;BR-116/BA;Norte;Colisão Traseira;1;;1;;;;;;;;1;1;;;
27/01/2017;08:58:00;57;sem vítima;620,05;BR-324/BA;Leste;Colisão Traseira;1;;;;;1;;;;;2;;;;
27/01/2017;16:51:00;151;com vítima;18;BR-116/BA - Cont VC;Sul;Atropelamento de Pedestre;1;1;1;;;;;;;;2;;;1;2
27/01/2017;18:41:00;175;sem vítima;520,3;BR-324/BA;Leste;Colisão Traseira;;;1;;1;;;;;;32;;;;
27/01/2017;20:53:00;192;sem vítima;488;BR-116/BA;Sul;Engavetamento;1;;2;;;;;;;;7;;;;
28/01/2017;00:33:00;4;com vítima;832;BR-116/BA;Sul;Queda de Moto;;;;1;;;;;;;0;1;;;
28/01/2017;08:47:00;44;com vítima;501,1;BR-116/BA;Norte;Colisão Transversal;1;;1;;;;;;;;1;4;;;
28/01/2017;09:50:00;61;com vítima;904,1;BR-116/BA;Norte;Colisão Lateral;1;;1;;;;;;;;3;1;;;
28/01/2017;11:20:00;87;sem vítima;499;BR-116/BA;Norte;Colisão Traseira;;;1;;;;;;;1;2;;;;
28/01/2017;12:05:00;100;sem vítima;498,3;BR-116/BA;Norte;Colisão Traseira;;;2;;;;;;;;2;;;;
28/01/2017;21:52:00;229;sem vítima;660;BR-116/BA;Sul;Saida de Pista;1;;;;;;;;;;2;;;;
28/01/2017;22:47:00;240;sem vítima;869,5;BR-116/BA;Sul;Colisão Lateral;1;;1;;;;;;;;2;;;;
29/01/2017;01:16:00;14;sem vítima;565;BR-324/BA;Oeste;Atropelamento de Animal;1;;;;;;;;;;3;;;;
29/01/2017;04:44:00;33;sem vítima;510;BR-116/BA;Norte;Saida de Pista;1;;;;;;;;;;1;;;;
29/01/2017;07:12:00;59;com vítima;579,7;BR-324/BA;Oeste;Saida de Pista;1;;;;;;;;;;2;2;;;
29/01/2017;08:46:00;71;com vítima;601,8;BR-116/BA;Sul;Colisão Traseira;;;3;;;;;;;;2;1;;;
29/01/2017;09:55:00;85;sem vítima;641,5;BR-116/BA;Norte;Saida de Pista;;;1;;;;;;;;1;;;;
29/01/2017;10:24:00;92;com vítima;817,1;BR-116/BA;Sul;Colisão Transversal;1;;1;;;;;;;;4;1;;;
29/01/2017;13:08:00;118;com vítima;571,15;BR-324/BA;Oeste;Queda de Moto;;;;1;;;;;;;0;2;;;
29/01/2017;14:16:00;131;sem vítima;433,2;BR-116/BA;Norte;Saida de Pista;;;;;1;;;;;;2;;;;
29/01/2017;15:39:00;151;sem vítima;537;BR-324/BA;Oeste;Colisão Transversal;2;;;;;;;;;;5;;;;
29/01/2017;17:24:00;178;sem vítima;538;BR-324/BA;Leste;Colisão Lateral;1;;;;;;;;;1;5;;;;
29/01/2017;17:34:00;186;com vítima;586,4;BR-324/BA;Leste;Atropelamento de Pedestre;;;;;;;;;;1;1;;;;1
29/01/2017;19:43:00;218;com vítima;11;BR-116/BA - Cont VC;Sul;Colisão Traseira;3;;;;;;;;;;2;5;;;
29/01/2017;21:42:00;237;sem vítima;501,2;BR-116/BA;Norte;Colisão Transversal;;;1;;;1;;;;;2;;;;
29/01/2017;22:49:00;246;com vítima;466;BR-116/BA;Sul;Atropelamento de Pedestre;;;;;;1;;;;;1;;;;1
30/01/2017;05:02:00;16;com vítima;431;BR-116/BA;Norte;Choque Contra Objeto Fixo;1;;;;;1;;;;;5;;1;;
30/01/2017;05:57:00;20;sem vítima;663;BR-116/BA;Norte;Colisão Lateral;1;;1;;;1;;;;;6;;;;
30/01/2017;06:38:00;27;sem vítima;24;BR-116/BA - Cont VC;Norte;Colisão Traseira;1;;1;1;;;;;;;3;;;;
30/01/2017;07:08:00;33;sem vítima;531,2;BR-324/BA;Oeste;Colisão Lateral;1;;1;;;;;;;;4;;;;
30/01/2017;12:11:00;127;sem vítima;518,3;BR-324/BA;Oeste;Engavetamento;3;;;;;;;;;;8;;;;
30/01/2017;23:59:00;265;sem vítima;641,5;BR-116/BA;Norte;Saida de Pista;;;1;;;;;;;;1;;;;
31/01/2017;05:18:00;14;sem vítima;841,9;BR-116/BA;Sul;Atropelamento de Animal;;;1;;;;;;;;1;;;;
31/01/2017;08:08:00;44;com vítima;434;BR-116/BA;Sul;Saida de Pista;1;;;;;;;;;;1;1;;;
31/01/2017;10:12:00;75;sem vítima;614,1;BR-324/BA;Oeste;Engavetamento;2;;;;;1;;;;1;5;;;;
31/01/2017;11:51:00;111;com vítima;615,2;BR-324/BA;Oeste;Colisão Traseira;;;;1;;;;;;1;1;;;1;
31/01/2017;15:22:00;151;sem vítima;458;BR-116/BA;Norte;Saida de Pista;1;;;;;1;;;;;4;;;;
31/01/2017;18:44:00;196;com vítima;603;BR-324/BA;Leste;Atropelamento de Pedestre;1;;;;;;;;;;1;1;;;
31/01/2017;21:10:00;223;sem vítima;614;BR-324/BA;Oeste;Colisão Lateral;2;;;;;;;;;;4;;;;
01/02/2017;03:18:00;19;sem vítima;594;BR-324/BA;Leste;Atropelamento de Animal;;;;;1;;;;;;27;;;;
01/02/2017;07:29:00;47;sem vítima;843,5;BR-116/BA;Norte;Engavetamento;1;;1;;;;;;;1;8;;;;
01/02/2017;16:47:00;187;sem vítima;611;BR-324/BA;Leste;Colisão Traseira;2;;;;;1;;;;;3;;;;
02/02/2017;04:25:00;23;com vítima;547;BR-324/BA;Leste;Queda de Moto;;;;1;;;;;;;0;;;;1
02/02/2017;09:06:00;72;sem vítima;568;BR-324/BA;Leste;Saida de Pista;1;;;;;;;;;;1;;;;
02/02/2017;10:18:00;94;sem vítima;554;BR-324/BA;Leste;Colisão Lateral;2;;;;;;;;;;2;;;;
02/02/2017;15:27:00;160;com vítima;460,2;BR-116/BA;Norte;Queda de Moto;;;;1;;;;;;;1;1;;;
02/02/2017;16:06:00;166;sem vítima;16;BR-116/BA - Cont VC;Sul;Queda de Moto;;;;1;;;;;;;1;;;;
02/02/2017;16:41:00;171;sem vítima;579;BR-116/BA;Norte;Saida de Pista;;;1;;;;;;;;1;;;;
03/02/2017;03:06:00;11;com vítima;534,7;BR-324/BA;Leste;Saida de Pista;;;1;;;;;;;;0;;1;;
03/02/2017;12:11:00;120;sem vítima;621,8;BR-324/BA;Oeste;Engavetamento;2;;;;;1;;;;;4;;;;
03/02/2017;15:32:00;151;com vítima;798,8;BR-116/BA;Sul;Saida de Pista;;;;;;;;;;1;0;;2;1;1
03/02/2017;16:26:00;163;sem vítima;518;BR-324/BA;Oeste;Colisão Traseira;;;2;;;;;;;;3;;;;
03/02/2017;16:53:00;170;com vítima;636,9;BR-116/BA;Norte;Engavetamento;;;3;;;;;;;;2;1;;;
03/02/2017;22:23:00;234;sem vítima;588;BR-324/BA;Leste;Tombamento;;;1;;;;;;;;1;;;;
04/02/2017;02:25:00;17;sem vítima;664;BR-116/BA;Norte;Saida de Pista;;;1;;;;;;;;1;;;;
04/02/2017;03:27:00;21;sem vítima;623;BR-116/BA;Norte;Capotamento;1;;;;;;;;;;2;;;;
04/02/2017;05:04:00;26;com vítima;816,7;BR-116/BA;Sul;Colisão Lateral;;;1;;;;;;;1;1;;;;1
04/02/2017;07:48:00;48;com vítima;520;BR-324/BA;Leste;Sequência;;;;2;1;;;;;;14;1;1;;
04/02/2017;10:53:00;87;com vítima;21;BR-116/BA - Cont VC;Norte;Colisão Traseira;;;1;1;;;;;;;1;1;;;
04/02/2017;12:45:00;113;com vítima;530;BR-324/BA;Oeste;Queda de Moto;;;;1;;;;;;;0;1;;;
04/02/2017;13:38:00;120;com vítima;632,8;BR-116/BA;Sul;Queda de Moto;;;;1;;;;;;;0;;;1;
04/02/2017;21:40:00;224;sem vítima;605,9;BR-116/BA;Sul;Colisão Traseira;;;2;;;;;;;;2;;;;
04/02/2017;23:52:00;232;com vítima;14;BR-116/BA - Cont VC;Sul;Queda de Moto;;;;1;;;;;;;0;;1;;
05/02/2017;00:41:00;6;sem vítima;675,8;BR-116/BA;Norte;Atropelamento de Animal;;;1;;;;;;;;1;;;;
05/02/2017;00:55:00;11;sem vítima;675,4;BR-116/BA;Sul;Sequência;1;;;;;;;;;;1;;;;
05/02/2017;02:10:00;24;sem vítima;3;BR-116/BA - ContSuFS;Sul;Saida de Pista;1;;;;;;;;;;4;;;;
05/02/2017;05:16:00;37;com vítima;612,5;BR-324/BA;Oeste;Capotamento;1;;;;;;;;;;1;1;;;
05/02/2017;09:53:00;90;sem vítima;666,1;BR-116/BA;Norte;Colisão Traseira;;;1;;;1;;;;;2;;;;
05/02/2017;12:33:00;138;com vítima;843,5;BR-116/BA;Norte;Colisão Frontal;1;;1;;;;;;;;2;;1;3;
05/02/2017;13:20:00;145;sem vítima;638,05;BR-116/BA;Norte;Colisão Lateral;;;2;;;;;;;;4;;;;
05/02/2017;19:41:00;252;sem vítima;533;BR-324/BA;Oeste;Colisão Lateral;1;;1;;;;;;;;2;;;;
05/02/2017;21:27:00;268;com vítima;909;BR-116/BA;Sul;Colisão Transversal;1;;;1;;;;;;;1;1;;;
06/02/2017;09:40:00;96;com vítima;559;BR-324/BA;Leste;Queda de Moto;;;;1;;;;;;;1;1;;;
06/02/2017;13:32:00;159;sem vítima;625,1;BR-324/BA;Leste;Choque Contra Objeto Fixo;1;;;;;;;;;;1;;;;
07/02/2017;05:00:00;14;com vítima;453,2;BR-116/BA;Sul;Queda de Moto;;;;1;;1;;;;;1;1;;;
07/02/2017;07:48:00;33;com vítima;530,15;BR-324/BA;Leste;Colisão Lateral;1;;;1;;;;;;;1;;1;;
07/02/2017;08:56:00;60;sem vítima;617,9;BR-324/BA;Leste;Engavetamento;;;;;;;;;;3;9;;;;
07/02/2017;15:11:00;131;com vítima;623;BR-324/BA;Leste;Capotamento;1;;;;;;;;;;1;2;;;
07/02/2017;15:27:00;136;sem vítima;621;BR-324/BA;Leste;Colisão Traseira;1;;;;;1;;;;;2;;;;
07/02/2017;16:17:00;152;sem vítima;844;BR-116/BA;Norte;Incêndio;1;;;;;;;;;;1;;;;
07/02/2017;17:27:00;170;sem vítima;619;BR-324/BA;Leste;Colisão Traseira;1;;;;;1;;;;;2;;;;
07/02/2017;18:02:00;177;sem vítima;544,2;BR-324/BA;Leste;Colisão Traseira;2;;;;;;;;;;4;;;;
07/02/2017;19:25:00;190;sem vítima;530;BR-324/BA;Oeste;Saida de Pista;1;;;;;;;;;;1;;;;
08/02/2017;06:39:00;32;com vítima;426,2;BR-116/BA;Sul;Colisão Traseira;1;;;1;;;;;;;2;;1;;
08/02/2017;07:18:00;38;com vítima;622,9;BR-324/BA;Leste;Engavetamento;2;;;1;;;;;;;4;1;1;;
08/02/2017;08:03:00;52;sem vítima;447;BR-116/BA;Sul;Colisão Traseira;1;;1;;;;;;;;5;;;;
08/02/2017;13:55:00;143;sem vítima;775,4;BR-116/BA;Sul;Tombamento;;;1;;;;;;;;1;;;;
08/02/2017;14:49:00;151;com vítima;603;BR-116/BA;Sul;Colisão Frontal;1;;2;;;;;;;;2;1;;;
08/02/2017;15:13:00;159;com vítima;454;BR-116/BA;Norte;Capotamento;1;;;;;;;;;;0;1;;;
09/02/2017;00:33:00;4;sem vítima;560;BR-324/BA;Oeste;Atropelamento de Animal;;;;;;;;;;1;2;;;;
09/02/2017;08:12:00;64;sem vítima;622;BR-324/BA;Leste;Colisão Traseira;;;;1;;1;;;;;2;;;;
09/02/2017;12:59:00;139;sem vítima;871,9;BR-116/BA;Norte;Colisão Lateral;;;2;;;;;;;;2;;;;
09/02/2017;17:33:00;216;sem vítima;641,5;BR-116/BA;Norte;Saida de Pista;;;1;;;;;;;;1;;;;
10/02/2017;01:59:00;11;sem vítima;612;BR-324/BA;Leste;Saida de Pista;1;;;;;;;;;;2;;;;
10/02/2017;07:40:00;56;com vítima;620,1;BR-324/BA;Leste;Colisão Lateral;;;;1;;1;;;;;1;1;;;
10/02/2017;09:37:00;86;com vítima;569;BR-324/BA;Oeste;Saida de Pista;1;;;;;;;;;;0;2;1;;
10/02/2017;10:58:00;111;com vítima;494,3;BR-116/BA;Norte;Colisão Transversal;;;1;1;;;;;;;3;1;;;
10/02/2017;14:45:00;164;sem vítima;864;BR-116/BA;Sul;Capotamento;;;;;;;;;;1;1;;;;
10/02/2017;15:06:00;170;com vítima;433,2;BR-116/BA;Sul;Saida de Pista;;;1;;1;;;;;;19;3;;;
10/02/2017;16:55:00;193;com vítima;739,1;BR-116/BA;Sul;Colisão Lateral;;;1;1;;;;;;;1;;1;;
10/02/2017;18:42:00;210;sem vítima;568,2;BR-324/BA;Oeste;Atropelamento de Animal;;;;;;;;;;1;1;;;;
10/02/2017;19:29:00;225;sem vítima;552,5;BR-116/BA;Sul;Tombamento;;;1;;;;;;;;1;;;;
10/02/2017;22:37:00;248;com vítima;587,9;BR-324/BA;Oeste;Saida de Pista;1;;;;;;;;;;0;;2;;
11/02/2017;01:03:00;6;com vítima;537;BR-324/BA;Leste;Saida de Pista;;;;;;;;;;1;1;1;;;
11/02/2017;06:33:00;24;sem vítima;529;BR-116/BA;Norte;Colisão Frontal;1;;1;;;;;;;;6;;;;
11/02/2017;10:36:00;88;sem vítima;571,8;BR-324/BA;Oeste;Saida de Pista;;;1;;;;;;;;1;;;;
11/02/2017;13:16:00;120;sem vítima;13;BR-116/BA - Cont VC;Sul;Colisão Lateral;1;;;;;;;;;1;6;;;;
11/02/2017;14:28:00;130;sem vítima;763,9;BR-116/BA;Norte;Saida de Pista;1;;;;;;;;;;2;;;;
11/02/2017;15:28:00;145;sem vítima;3,5;BR-116/BA - Cont VC;Sul;Colisão Traseira;;;;1;;1;;;;;2;;;;
11/02/2017;18:50:00;189;sem vítima;653;BR-116/BA;Sul;Atropelamento de Animal;1;;;;;;;;;;2;;;;
11/02/2017;18:55:00;191;com vítima;15;BR-116/BA - Cont VC;Norte;Colisão Lateral;1;;;1;;;;;;;1;1;;;
11/02/2017;21:56:00;214;sem vítima;588;BR-324/BA;Oeste;Colisão Lateral;1;;1;;;;;;;;2;;;;
12/02/2017;03:57:00;14;com vítima;804;BR-116/BA;Sul;Queda de Moto;;;;1;;;;;;;0;1;;;
12/02/2017;05:21:00;20;sem vítima;464;BR-116/BA;Sul;Capotamento;1;;;;;;;;;;1;;;;
12/02/2017;05:30:00;23;sem vítima;530,15;BR-324/BA;Leste;Capotamento;1;;;;;;;;;;5;;;;
12/02/2017;06:03:00;27;sem vítima;814,2;BR-116/BA;Norte;Saida de Pista;1;;;;;;;;;;1;;;;
12/02/2017;07:33:00;36;sem vítima;595,2;BR-324/BA;Leste;Queda de Moto;;;;1;;;;;;;2;;;;
12/02/2017;10:09:00;73;com vítima;433,1;BR-116/BA;Sul;Tombamento;;;1;;;;;;;;0;;1;;
12/02/2017;10:59:00;87;sem vítima;828;BR-116/BA;Sul;Colisão Traseira;;;2;;;;;;;;2;;;;
12/02/2017;14:53:00;119;sem vítima;601;BR-324/BA;Oeste;Colisão Traseira;2;;;;;;;;;;5;;;;
12/02/2017;19:24:00;167;sem vítima;653,8;BR-116/BA;Norte;Saida de Pista;1;;;;;1;;;;;5;;;;
12/02/2017;20:49:00;182;sem vítima;530;BR-324/BA;Oeste;Saida de Pista;1;;;;;;;;;;4;;;;
12/02/2017;22:39:00;195;com vítima;15;BR-116/BA - Cont VC;Sul;Queda de Moto;;;;1;;;;;;;0;1;;;
13/02/2017;07:51:00;49;sem vítima;602,3;BR-324/BA;Leste;Colisão Traseira;2;;;;;1;;;;;16;;;;