data;horario;n_da_ocorrencia;tipo_de_ocorrencia;km;trecho;sentido;tipo_de_acidente;automovel;bicicleta;caminhao;moto;onibus;outros;tracao_animal;transporte_de_cargas_especiais;trator_maquinas;utilitarios;ilesos;levemente_feridos;moderadamente_feridos;gravemente_feridos;mortos
16/03/2017;02:10:00;7;com vítima;437;BR-116/BA;Norte;Saida de Pista;;;1;;;;;;;;0;;1;;
16/03/2017;07:45:00;35;sem vítima;617,6;BR-324/BA;Leste;Engavetamento;4;;;;;;;;;;8;;;;
16/03/2017;09:10:00;60;sem vítima;636;BR-116/BA;Norte;Colisão Traseira;;;2;;;;;;;;2;;;;
16/03/2017;09:33:00;71;com vítima;619,8;BR-324/BA;Leste;Engavetamento;;;3;;;;;;;;2;1;;;
16/03/2017;16:39:00;176;sem vítima;613,6;BR-324/BA;Leste;Colisão Transversal;1;;;;;1;;;;;4;;;;
16/03/2017;19:17:00;216;sem vítima;613;BR-324/BA;Oeste;Colisão Frontal;;;;1;;;;;;1;2;;;;
17/03/2017;04:34:00;13;sem vítima;560;BR-324/BA;Oeste;Saida de Pista;1;;;;;;;;;;1;;;;
17/03/2017;08:18:00;56;sem vítima;622,7;BR-324/BA;Leste;Colisão Traseira;1;;;1;;;;;;;2;;;;
17/03/2017;13:12:00;136;sem vítima;588,6;BR-324/BA;Oeste;Saida de Pista;1;;;;;;;;;;1;;;;
17/03/2017;18:21:00;209;sem vítima;799;BR-116/BA;Sul;Atropelamento de Animal;;;;;;;;;;1;2;;;;
17/03/2017;20:37:00;231;com vítima;530;BR-324/BA;Leste;Atropelamento - Ciclista;;1;;;;1;;;;;1;1;;;
17/03/2017;22:34:00;246;sem vítima;688,8;BR-116/BA;Norte;Saida de Pista;1;;;;;;;;;;2;;;;
18/03/2017;06:59:00;32;sem vítima;543,6;BR-116/BA;Sul;Colisão Traseira;;;2;;;;;;;;2;;;;
18/03/2017;07:12:00;33;sem vítima;3,2;BR-116/BA - Cont VC;Norte;Colisão Frontal;2;;;;;;;;;;3;;;;
18/03/2017;08:21:00;52;sem vítima;623;BR-324/BA;Leste;Queda de Moto;;;;1;;;;;;;1;;;;
18/03/2017;10:17:00;75;com vítima;589;BR-324/BA;Oeste;Queda de Moto;;;;1;;;;;;;0;2;;;
18/03/2017;12:07:00;98;sem vítima;561,4;BR-324/BA;Leste;Capotamento;1;;;;;;;;;;2;;;;
18/03/2017;12:56:00;108;sem vítima;845,9;BR-116/BA;Sul;Colisão Lateral;;;2;;;;;;;;2;;;;
18/03/2017;20:23:00;179;com vítima;906;BR-116/BA;Sul;Saida de Pista;;;;1;;;;;;;0;1;;;
18/03/2017;22:35:00;196;sem vítima;427,2;BR-116/BA;Sul;Saida de Pista;;;;;;;;;;1;2;;;;
19/03/2017;02:14:00;9;sem vítima;620,03;BR-324/BA;Oeste;Colisão Traseira;1;;;;;;;;;;1;;;;
19/03/2017;10:50:00;86;sem vítima;472,8;BR-116/BA;Sul;Colisão Traseira;1;;;;;;;;;1;3;;;;
19/03/2017;14:24:00;123;sem vítima;736;BR-116/BA;Norte;Saida de Pista;;;1;;;;;;;;1;;;;
19/03/2017;14:57:00;131;com vítima;451;BR-116/BA;Sul;Atropelamento de Pedestre;1;;;;;;;;;;1;1;;;
19/03/2017;14:58:00;132;com vítima;1,9;BA-526;Norte;Colisão Frontal;1;1;;;;;;;;;1;;;1;
19/03/2017;18:54:00;180;sem vítima;642;BR-116/BA;Norte;Saida de Pista;;;1;;;;;;;;1;;;;
19/03/2017;20:13:00;191;com vítima;578;BR-324/BA;Oeste;Colisão Traseira;1;;;;;;;;;1;3;;1;;
19/03/2017;23:38:00;217;sem vítima;541;BR-324/BA;Leste;Saida de Pista;1;;;;;1;;;;;3;;;;
20/03/2017;00:48:00;4;com vítima;773;BR-116/BA;Norte;Colisão Traseira;1;;1;;;;;;;;1;1;;;
20/03/2017;05:05:00;17;sem vítima;621,05;BR-324/BA;Leste;Saida de Pista;1;;;;;;;;;;1;;;;
20/03/2017;05:54:00;30;sem vítima;621,5;BR-324/BA;Leste;Engavetamento;4;;;;;1;;;;;7;;;;
20/03/2017;07:00:00;49;com vítima;814,3;BR-116/BA;Norte;Colisão Frontal;;;;2;;;;;;;0;;1;1;
20/03/2017;07:38:00;62;sem vítima;813,8;BR-116/BA;Sul;Engavetamento;2;;;;;;;;;1;11;;;;
20/03/2017;08:46:00;81;com vítima;633,1;BR-116/BA;Sul;Atropelamento de Pedestre;;;1;;;;;;;;1;1;;;
20/03/2017;13:17:00;162;sem vítima;594,1;BR-116/BA;Norte;Tombamento;;;1;;;;;;;;1;;;;
20/03/2017;16:00:00;205;sem vítima;847,3;BR-116/BA;Sul;Saida de Pista;;;1;;;;;;;;1;;;;
20/03/2017;16:36:00;214;com vítima;574;BR-324/BA;Leste;Tombamento;;;1;;;;;;;;1;1;;;
20/03/2017;19:13:00;243;sem vítima;468;BR-116/BA;Norte;Saida de Pista;1;;;;;;;;;;2;;;;
20/03/2017;20:20:00;249;com vítima;529,8;BR-324/BA;Oeste;Colisão Lateral;1;;;;;1;;;;;2;;;1;
21/03/2017;02:55:00;12;com vítima;441,35;BR-116/BA;Norte;Saida de Pista;;;1;;;;;;;;0;;;;1
21/03/2017;15:24:00;168;sem vítima;560,5;BR-324/BA;Oeste;Saida de Pista;;;;;;;;;;1;1;;;;
22/03/2017;02:20:00;10;com vítima;910;BR-116/BA;Norte;Colisão Lateral;;;1;1;;;;;;;1;;1;;
22/03/2017;07:43:00;46;sem vítima;624,4;BR-324/BA;Leste;Colisão Traseira;2;;;;;;;;;;2;;;;
22/03/2017;08:34:00;59;sem vítima;564;BR-324/BA;Oeste;Saida de Pista;1;;;;;;;;;;1;;;;
22/03/2017;09:05:00;69;sem vítima;562,1;BR-324/BA;Oeste;Saida de Pista;;;1;;;;;;;;1;;;;
22/03/2017;11:12:00;98;sem vítima;579;BR-324/BA;Leste;Saida de Pista;1;;;;;;;;;;2;;;;
22/03/2017;12:48:00;120;sem vítima;894,5;BR-116/BA;Norte;Saida de Pista;1;;;;;;;;;;2;;;;
22/03/2017;14:19:00;145;com vítima;530;BR-324/BA;Leste;Saida de Pista;1;;;;;;;;;;0;2;;;
22/03/2017;14:25:00;148;com vítima;530;BR-324/BA;Leste;Colisão Transversal;1;;1;;;;;;;;1;1;;;
23/03/2017;03:59:00;9;sem vítima;526,8;BR-324/BA;Oeste;Colisão Traseira;;;1;;;;;;;1;2;;;;
23/03/2017;13:05:00;127;sem vítima;6,8;BR-116/BA - ContSuFS;Sul;Colisão Lateral;1;;;;;1;;;;;2;;;;
23/03/2017;21:47:00;230;sem vítima;643,9;BR-116/BA;Norte;Saida de Pista;;;1;;;;;;;;1;;;;
23/03/2017;23:45:00;243;com vítima;483;BR-116/BA;Sul;Colisão Traseira;;;2;;;;;;;;1;2;1;;
24/03/2017;02:40:00;12;com vítima;554;BR-324/BA;Leste;Atropelamento de Animal;1;;;;;;;;;;0;1;1;;
24/03/2017;04:28:00;16;sem vítima;624,4;BR-324/BA;Leste;Saida de Pista;;;1;;;;;;;;1;;;;
24/03/2017;04:46:00;18;com vítima;576,5;BR-324/BA;Leste;Saida de Pista;1;;;;;;;;;;0;1;;;
24/03/2017;08:31:00;55;sem vítima;620;BR-324/BA;Leste;Colisão Lateral;1;;1;;;;;;;;2;;;;
24/03/2017;09:26:00;72;com vítima;570,5;BR-324/BA;Leste;Saida de Pista;1;;;;;;;;;;0;1;;;
24/03/2017;13:29:00;124;sem vítima;583;BR-324/BA;Leste;Engavetamento;6;;;;;;;;;;13;;;;
24/03/2017;17:13:00;198;sem vítima;537,2;BR-324/BA;Oeste;Colisão Lateral;1;;;;;;;;;1;4;;;;
25/03/2017;01:07:00;8;com vítima;526;BR-324/BA;Leste;Choque Contra Objeto Fixo;;;;;;;;;;1;0;;;1;
25/03/2017;08:05:00;44;sem vítima;771,2;BR-116/BA;Norte;Queda de Moto;;;;1;;;;;;;2;;;;
25/03/2017;13:19:00;99;com vítima;523;BR-324/BA;Leste;Queda de Moto;;;;1;;;;;;;1;;;1;
25/03/2017;13:24:00;100;sem vítima;603;BR-324/BA;Oeste;Sequência;1;;;;;;;;;;3;;;;
25/03/2017;15:08:00;119;sem vítima;428;BR-116/BA;Sul;Atropelamento de Animal;;;;;1;;;;;;1;;;;
25/03/2017;17:15:00;154;com vítima;593;BR-324/BA;Leste;Colisão Traseira;1;;;;;;;;;1;2;;1;;
25/03/2017;17:57:00;159;sem vítima;577;BR-324/BA;Leste;Saida de Pista;1;;;;;;;;;;3;;;;
25/03/2017;19:46:00;186;com vítima;727,8;BR-116/BA;Norte;Colisão Frontal;;;2;;;;;;;;0;1;;;1
25/03/2017;20:59:00;201;com vítima;12;BR-116/BA - Cont VC;Sul;Queda de Moto;;;;1;;1;;;;;1;;1;;
25/03/2017;15:20:00;212;sem vítima;910;BR-116/BA;Sul;Colisão Traseira;;;1;;;1;;;;;3;;;;
26/03/2017;00:38:00;7;sem vítima;518;BR-324/BA;Oeste;Saida de Pista;1;;;;;;;;;;1;;;;
26/03/2017;02:41:00;18;sem vítima;614;BR-324/BA;Leste;Saida de Pista;1;;;;;;;;;;1;;;;
26/03/2017;03:03:00;20;com vítima;816,8;BR-116/BA;Sul;Saida de Pista;1;;;;;;;;;;4;;;1;
26/03/2017;03:14:00;23;sem vítima;479;BR-116/BA;Norte;Saida de Pista;1;;;;;;;;;;2;;;;
26/03/2017;04:48:00;30;com vítima;547,3;BR-324/BA;Leste;Tombamento;;;1;;;;;;;;0;1;;;
26/03/2017;05:48:00;39;sem vítima;643,02;BR-116/BA;Sul;Saida de Pista;;;1;;;;;;;;1;;;;
26/03/2017;08:27:00;63;sem vítima;502,4;BR-116/BA;Norte;Saida de Pista;1;;;;;;;;;;1;;;;
26/03/2017;14:57:00;134;com vítima;545,01;BR-324/BA;Leste;Colisão Transversal;2;;;;;;;;;;1;3;;1;
26/03/2017;18:24:00;183;sem vítima;527,2;BR-324/BA;Leste;Saida de Pista;;;1;;;;;;;;1;;;;
26/03/2017;21:05:00;207;sem vítima;551,5;BR-324/BA;Oeste;Colisão Traseira;2;;;;;;;;;;5;;;;
27/03/2017;04:24:00;28;sem vítima;774,8;BR-116/BA;Sul;Atropelamento de Animal;;;1;;;;;;;;1;;;;
27/03/2017;07:41:00;67;com vítima;817;BR-116/BA;Sul;Colisão Transversal;1;;;1;;;;;;;1;2;;;
27/03/2017;13:40:00;173;sem vítima;608,3;BR-324/BA;Leste;Queda de Moto;;;;1;;;;;;;2;;;;
27/03/2017;20:02:00;270;sem vítima;585;BR-324/BA;Leste;Atropelamento de Animal;;;;;;;;;;1;1;;;;
28/03/2017;06:39:00;25;sem vítima;527,6;BR-324/BA;Leste;Colisão Traseira;;;2;;;;;;;;3;;;;
28/03/2017;06:59:00;27;sem vítima;620,8;BR-324/BA;Leste;Colisão Traseira;2;;;;;;;;;;9;;;;
28/03/2017;07:05:00;29;sem vítima;551;BR-324/BA;Oeste;Colisão Traseira;1;;;;;;;;;1;4;;;;
28/03/2017;09:51:00;70;sem vítima;457,05;BR-116/BA;Sul;Atropelamento de Animal;1;;;;;;;;;;1;;;;
28/03/2017;11:11:00;98;com vítima;878,05;BR-116/BA;Sul;Colisão Lateral;1;;1;;;;;;;;2;3;;;
28/03/2017;12:10:00;120;sem vítima;834,33;BR-116/BA;Sul;Queda de Moto;;;;1;;;;;;;1;;;;
28/03/2017;13:18:00;133;sem vítima;544,7;BR-324/BA;Leste;Colisão Lateral;1;;1;;;;;;;;3;;;;
28/03/2017;13:23:00;135;sem vítima;547,1;BR-324/BA;Oeste;Saida de Pista;1;;;;;;;;;;1;;;;
28/03/2017;13:53:00;144;com vítima;776,9;BR-116/BA;Sul;Colisão Transversal;;;1;1;;;;;;;1;1;;;
28/03/2017;16:43:00;170;com vítima;580,9;BR-324/BA;Oeste;Colisão Traseira;;;2;;;;;;;;1;;1;;
28/03/2017;20:13:00;206;sem vítima;641,8;BR-116/BA;Norte;Tombamento;;;1;;;;;;;;1;;;;
29/03/2017;05:07:00;22;sem vítima;889,5;BR-116/BA;Sul;Saida de Pista;;;1;;;;;;;;2;;;;
29/03/2017;05:15:00;23;sem vítima;537;BR-324/BA;Oeste;Saida de Pista;1;;;;;;;;;;3;;;;
29/03/2017;07:47:00;57;sem vítima;634,2;BR-116/BA;Sul;Atropelamento de Animal;1;;;;;;;;;;2;;;;
29/03/2017;09:42:00;100;sem vítima;551,6;BR-324/BA;Oeste;Saida de Pista;1;;;;;;;;;;2;;;;
29/03/2017;09:55:00;104;com vítima;681,1;BR-116/BA;Sul;Colisão Frontal;1;;2;;;;;;;;2;;;;1
29/03/2017;13:12:00;156;com vítima;593,2;BR-116/BA;Norte;Capotamento;1;;;;;;;;;;0;1;1;;
29/03/2017;15:32:00;189;sem vítima;588;BR-324/BA;Leste;Saida de Pista;1;;;;;1;;;;;2;;;;
29/03/2017;15:45:00;191;com vítima;15,8;BR-116/BA - Cont VC;Sul;Colisão Traseira;;;;1;;;;;;;1;;1;;
29/03/2017;18:45:00;230;sem vítima;570;BR-324/BA;Oeste;Saida de Pista;;;;;;;;;;1;2;;;;
30/03/2017;02:16:00;13;com vítima;800,8;BR-116/BA;Sul;Saida de Pista;;;1;;;;;;;;0;1;;;
30/03/2017;07:31:00;58;sem vítima;542,9;BR-324/BA;Oeste;Saida de Pista;1;;;;;;;;;;1;;;;
30/03/2017;17:57:00;225;sem vítima;701,9;BR-116/BA;Sul;Saida de Pista;1;;;;;;;;;;1;;;;
30/03/2017;19:12:00;243;com vítima;6;BR-116/BA - ContSuFS;Norte;Atropelamento de Pedestre;1;;;;;;;;;;1;;;1;
31/03/2017;01:26:00;7;sem vítima;566;BR-324/BA;Oeste;Saida de Pista;;;;;;;;;;1;2;;;;
31/03/2017;06:37:00;24;com vítima;522,5;BR-324/BA;Oeste;Colisão Traseira;;;;1;;;;;;1;2;;1;;
31/03/2017;12:10:00;117;sem vítima;589,5;BR-116/BA;Sul;Colisão Traseira;;;2;;;;;;;;2;;;;
31/03/2017;14:36:00;148;sem vítima;620,1;BR-324/BA;Oeste;Engavetamento;3;;;;;;;;;;3;;;;
31/03/2017;15:24:00;161;sem vítima;756;BR-116/BA;Norte;Atropelamento de Pedestre;;;1;;;;;;;;2;;;;
31/03/2017;15:52:00;166;sem vítima;717,3;BR-116/BA;Sul;Saida de Pista;;;;;;;;;;1;2;;;;
01/05/2017;03:55:00;8;com vítima;609,9;BR-116/BA;Norte;Saida de Pista;1;;;;;;;;;;2;;1;;
01/05/2017;06:47:00;17;com vítima;631,6;BR-116/BA;Sul;Atropelamento de Pedestre;;;1;;;;;;;;1;;;;1
01/05/2017;09:57:00;59;sem vítima;7;BR-116/BA - ContSuFS;Norte;Colisão Traseira;;;1;;;1;;;;;2;;;;
01/05/2017;14:05:00;116;com vítima;758;BR-116/BA;Norte;Queda de Moto;;;;1;;;;;;;0;1;;;
01/05/2017;20:30:00;199;sem vítima;879,5;BR-116/BA;Norte;Colisão Lateral;1;;1;;;;;;;;3;;;;
01/05/2017;20:42:00;201;sem vítima;671,4;BR-116/BA;Norte;Colisão Traseira;1;;1;;;;;;;;2;;;;
02/05/2017;01:01:00;5;com vítima;614;BR-324/BA;Leste;Saida de Pista;1;;;;;;;;;;4;;1;;
02/05/2017;04:06:00;11;sem vítima;564;BR-324/BA;Oeste;Saida de Pista;1;;;;;;;;;;1;;;;
02/05/2017;04:39:00;16;sem vítima;547;BR-324/BA;Leste;Saida de Pista;1;;;;;;;;;;2;;;;
02/05/2017;04:59:00;18;sem vítima;748,8;BR-116/BA;Norte;Saida de Pista;1;;;;;;;;;;2;;;;
02/05/2017;08:00:00;53;sem vítima;608;BR-324/BA;Leste;Colisão Traseira;1;;;1;;;;;;;3;;;;
02/05/2017;08:18:00;60;sem vítima;589,1;BR-116/BA;Norte;Saida de Pista;1;;;;;;;;;;2;;;;
02/05/2017;09:21:00;82;com vítima;574;BR-324/BA;Leste;Saida de Pista;1;;;;;;;;;;2;2;;;
02/05/2017;10:10:00;95;sem vítima;574;BR-324/BA;Oeste;Saida de Pista;;;1;;;;;;;;1;;;;
02/05/2017;12:08:00;113;sem vítima;609;BR-324/BA;Oeste;Saida de Pista;1;;;;;;;;;;1;;;;
02/05/2017;22:23:00;229;sem vítima;605;BR-324/BA;Leste;Saida de Pista;1;;;;;;;;;;1;;;;
03/05/2017;06:01:00;16;sem vítima;573;BR-324/BA;Oeste;Saida de Pista;1;;;;;;;;;;1;;;;
03/05/2017;06:44:00;24;sem vítima;612,2;BR-324/BA;Oeste;Engavetamento;2;;;;;;;;;1;3;;;;
03/05/2017;07:02:00;29;com vítima;620,6;BR-324/BA;Leste;Colisão Lateral;1;;;2;;;;;;;2;1;;;
03/05/2017;11:25:00;101;sem vítima;613;BR-324/BA;Leste;Colisão Traseira;1;;;;;1;;;;;2;;;;
03/05/2017;16:08:00;169;sem vítima;522,5;BR-324/BA;Leste;Colisão Transversal;1;;1;;;;;;;;2;;;;
04/05/2017;07:28:00;40;sem vítima;619,1;BR-324/BA;Oeste;Colisão Traseira;2;;;;;;;;;;6;;;;
04/05/2017;09:37:00;76;sem vítima;544,6;BR-324/BA;Leste;Saida de Pista;1;;;;;;;;;;1;;;;
04/05/2017;10:00:00;81;sem vítima;599;BR-116/BA;Norte;Saida de Pista;1;;;;;;;;;;1;;;;
04/05/2017;11:25:00;99;sem vítima;519,05;BR-324/BA;Oeste;Colisão Traseira;;;2;;;;;;;;2;;;;
04/05/2017;12:03:00;106;sem vítima;622,4;BR-324/BA;Leste;Choque Contra Objeto Fixo;1;;;;;;;;;;1;;;;
04/05/2017;14:02:00;120;sem vítima;585,1;BR-324/BA;Oeste;Saida de Pista;1;;;;;;;;;;4;;;;
04/05/2017;15:05:00;133;sem vítima;591;BR-324/BA;Leste;Choque Contra Objeto Fixo;;;1;;;;;;;;1;;;;
04/05/2017;23:04:00;199;com vítima;853;BR-116/BA;Sul;Colisão Lateral;1;;1;;;;;;;;1;;;1;
05/05/2017;04:58:00;18;com vítima;637;BR-116/BA;Norte;Colisão Transversal;1;;1;;;;;;;;1;;1;1;
05/05/2017;07:19:00;43;sem vítima;615;BR-324/BA;Leste;Engavetamento;2;;;;;;;;;1;4;;;;
05/05/2017;07:52:00;54;sem vítima;625,6;BR-324/BA;Leste;Colisão Traseira;1;;;;;1;;;;;2;;;;
05/05/2017;07:59:00;55;sem vítima;573,3;BR-116/BA;Norte;Choque Contra Objeto Fixo;;;;;;;;;;1;1;;;;
05/05/2017;14:01:00;154;com vítima;591,7;BR-324/BA;Leste;Colisão Lateral;;;;;;;;;;2;2;1;;;
05/05/2017;18:45:00;234;sem vítima;29;BR-116/BA - Cont VC;Norte;Colisão Lateral;1;;1;;;;;;;;3;;;;
05/05/2017;21:17:00;260;com vítima;616,1;BR-324/BA;Oeste;Engavetamento;4;;;;;;;;;;6;2;;;
06/05/2017;05:30:00;20;sem vítima;431,2;BR-116/BA;Norte;Saida de Pista;;;1;;;;;;;;1;;;;
06/05/2017;09:28:00;68;sem vítima;614;BR-324/BA;Leste;Saida de Pista;1;;;;;;;;;;1;;;;
06/05/2017;11:37:00;108;com vítima;777,9;BR-116/BA;Norte;Colisão Traseira;;;;1;;;;;;1;1;;1;;
06/05/2017;12:15:00;123;com vítima;610;BR-324/BA;Oeste;Atropelamento de Pedestre;1;;;;;;;;;;1;;1;;
06/05/2017;17:15:00;179;sem vítima;443,5;BR-116/BA;Norte;Saida de Pista;1;;;;;;;;;;2;;;;
06/05/2017;17:53:00;183;com vítima;613;BR-324/BA;Oeste;Colisão Lateral;;;;1;;1;;;;;1;;1;;
07/05/2017;11:06:00;79;sem vítima;599;BR-324/BA;Leste;Colisão Traseira;2;;;;;;;;;;5;;;;
07/05/2017;12:26:00;86;com vítima;555,4;BR-116/BA;Norte;Tombamento;;;1;;;;;;;;0;1;;;
07/05/2017;18:56:00;142;sem vítima;858,05;BR-116/BA;Sul;Colisão Traseira;1;;;;;;;;;;2;;;;
07/05/2017;20:26:00;161;com vítima;756,5;BR-116/BA;Norte;Queda de Moto;;;;1;;;;;;;0;2;;;
07/05/2017;21:15:00;167;com vítima;8,4;BR-116/BA - Cont VC;Norte;Queda de Moto;;;;1;;;;;;;0;1;1;;
07/05/2017;22:15:00;171;sem vítima;616;BR-324/BA;Oeste;Engavetamento;2;;;;;1;;;;;6;;;;
07/05/2017;22:23:00;173;sem vítima;15,2;BR-116/BA - Cont VC;Sul;Saida de Pista;1;;;;;;;;;;1;;;;
08/05/2017;11:31:00;125;com vítima;674;BR-116/BA;Norte;Atropelamento de Pedestre;;;1;;;;;;;;1;;1;;
08/05/2017;16:48:00;180;com vítima;587,5;BR-324/BA;Leste;Saida de Pista;1;;;;;;;;;;0;1;;;
08/05/2017;18:56:00;200;sem vítima;642;BR-116/BA;Norte;Saida de Pista;;;1;;;;;;;;1;;;;
08/05/2017;19:00:00;202;sem vítima;797,3;BR-116/BA;Sul;Atropelamento de Animal;1;;;;;;;;;;3;;;;
08/05/2017;23:31:00;244;sem vítima;620;BR-324/BA;Oeste;Saida de Pista;1;;;;;;;;;;3;;;;
09/05/2017;14:11:00;161;sem vítima;546,9;BR-324/BA;Oeste;Colisão Lateral;1;;;;;;;;;1;4;;;;
09/05/2017;19:01:00;209;sem vítima;619;BR-324/BA;Oeste;Queda de Moto;;;;;;1;;;;;1;;;;
09/05/2017;22:00:00;230;sem vítima;526,1;BR-324/BA;Oeste;Colisão Traseira;;;2;;;;;;;;4;;;;
10/05/2017;15:02:00;151;com vítima;12,9;BR-116/BA - Cont VC;Sul;Queda de Moto;;;;1;;;;;;;1;;1;;
10/05/2017;15:29:00;159;sem vítima;521;BR-324/BA;Leste;Engavetamento;3;;;;;;;;;1;7;;;;
10/05/2017;15:33:00;161;com vítima;18,2;BR-116/BA - Cont VC;Norte;Colisão Frontal;;;1;1;;;;;;;1;;;1;
10/05/2017;17:29:00;184;sem vítima;614;BR-324/BA;Leste;Engavetamento;1;;1;;;1;;;;;3;;;;
10/05/2017;22:07:00;215;com vítima;522;BR-324/BA;Leste;Colisão Traseira;1;;;1;;;;;;;1;1;;;
11/05/2017;00:55:00;2;sem vítima;462,8;BR-116/BA;Sul;Atropelamento de Animal;;;1;;;;;;;;1;;;;
11/05/2017;05:50:00;28;sem vítima;637;BR-116/BA;Norte;Saida de Pista;1;;;;;;;;;;2;;;;
11/05/2017;08:29:00;56;com vítima;625;BR-324/BA;Leste;Engavetamento;2;;1;;;;;;;;3;1;;;
11/05/2017;08:54:00;66;sem vítima;622,5;BR-324/BA;Leste;Engavetamento;3;;1;;;;;;;;8;;;;
11/05/2017;09:38:00;81;sem vítima;623,1;BR-324/BA;Oeste;Engavetamento;3;;;;;;;;;;3;;;;
11/05/2017;11:03:00;109;sem vítima;573,2;BR-324/BA;Oeste;Saida de Pista;1;;;;;;;;;;1;;;;
11/05/2017;15:57:00;158;sem vítima;571,3;BR-324/BA;Leste;Queda de Moto;;;;1;;;;;;;2;;;;
12/05/2017;06:36:00;19;sem vítima;616,1;BR-324/BA;Oeste;Colisão Lateral;;;1;;1;;;;;;2;;;;
12/05/2017;07:25:00;22;com vítima;619,9;BR-324/BA;Leste;Colisão Traseira;2;;;;;;;;;;4;1;;;
12/05/2017;07:25:00;23;sem vítima;620,05;BR-324/BA;Oeste;Choque Contra Objeto Fixo;;;;;;;;;;1;1;;;;
12/05/2017;09:24:00;53;sem vítima;622,2;BR-324/BA;Oeste;Engavetamento;4;;;;;;;;;;5;;;;
12/05/2017;09:55:00;57;sem vítima;620,5;BR-324/BA;Leste;Colisão Traseira;1;;1;;;;;;;;2;;;;
12/05/2017;10:08:00;64;com vítima;585;BR-324/BA;Leste;Colisão Traseira;1;;1;;;;;;;;1;;1;;
12/05/2017;10:23:00;72;sem vítima;617,9;BR-324/BA;Leste;Engavetamento;5;;1;;;;;;;1;14;;;;
12/05/2017;13:38:00;102;sem vítima;545;BR-324/BA;Oeste;Colisão Traseira;1;;;;1;;;;;;2;;;;
12/05/2017;17:11:00;142;sem vítima;588,2;BR-324/BA;Leste;Saida de Pista;1;;;;;;;;;;1;;;;
12/05/2017;17:19:00;151;sem vítima;534,4;BR-324/BA;Oeste;Colisão Traseira;;;2;;;;;;;;2;;;;
12/05/2017;18:25:00;170;sem vítima;532;BR-324/BA;Oeste;Colisão Traseira;1;;;;;1;;;;;4;;;;
12/05/2017;18:27:00;171;sem vítima;553;BR-324/BA;Oeste;Saida de Pista;1;;;;;;;;;;4;;;;
12/05/2017;18:35:00;175;sem vítima;552;BR-324/BA;Oeste;Colisão Traseira;2;;;;;;;;;;2;;;;
12/05/2017;18:43:00;179;sem vítima;559;BR-324/BA;Oeste;Colisão Traseira;2;;;;;;;;;;3;;;;
12/05/2017;21:28:00;203;sem vítima;543;BR-324/BA;Oeste;Saida de Pista;;;;;;;;;;1;10;;;;
13/05/2017;04:54:00;13;com vítima;618,2;BR-324/BA;Leste;Colisão Traseira;;;;1;1;;;;;;39;1;;;
13/05/2017;13:25:00;110;sem vítima;598;BR-324/BA;Leste;Saida de Pista;1;;;;;;;;;;1;;;;
13/05/2017;16:07:00;141;sem vítima;543;BR-324/BA;Oeste;Saida de Pista;1;;;;;;;;;;1;;;;
13/05/2017;16:17:00;144;sem vítima;582,6;BR-324/BA;Leste;Colisão Lateral;1;;;;1;;;;;;2;;;;
13/05/2017;17:07:00;164;sem vítima;566,5;BR-324/BA;Oeste;Colisão Traseira;2;;;;;;;;;;8;;;;
13/05/2017;17:23:00;168;sem vítima;529;BR-324/BA;Oeste;Saida de Pista;1;;;;;;;;;;2;;;;
13/05/2017;18:55:00;181;sem vítima;764;BR-116/BA;Sul;Atropelamento de Animal;;;;;1;;;;;;1;;;;
13/05/2017;19:40:00;188;sem vítima;621,9;BR-324/BA;Leste;Saida de Pista;1;;;;;;;;;;2;;;;
13/05/2017;23:21:00;209;com vítima;10;BR-116/BA - Cont VC;Sul;Colisão Frontal;1;;;1;;;;;;;0;2;1;;
14/05/2017;01:58:00;6;sem vítima;463;BR-116/BA;Norte;Saida de Pista;1;;;;;;;;;;1;;;;
14/05/2017;10:17:00;71;com vítima;592;BR-324/BA;Leste;Capotamento;1;;;;;;;;;;5;;1;;
14/05/2017;10:33:00;75;com vítima;592,3;BR-324/BA;Oeste;Colisão Traseira;2;;;;;;;;;;6;;1;;
14/05/2017;11:14:00;84;sem vítima;431,6;BR-116/BA;Sul;Saida de Pista;;;1;;;;;;;;1;;;;
14/05/2017;18:20:00;178;com vítima;12;BR-116/BA - Cont VC;Norte;Colisão Frontal;;;;2;;;;;;;0;1;1;;
14/05/2017;19:03:00;192;sem vítima;600;BR-324/BA;Leste;Engavetamento;1;;;;;2;;;;;6;;;;
14/05/2017;20:47:00;213;sem vítima;543;BR-324/BA;Oeste;Saida de Pista;1;;;;;;;;;;3;;;;
14/05/2017;20:58:00;215;sem vítima;602;BR-324/BA;Leste;Colisão Traseira;2;;;;;;;;;;3;;;;
14/05/2017;21:18:00;222;com vítima;11,5;BR-116/BA - Cont VC;Norte;Colisão Transversal;;;;1;;1;;;;;2;1;;;
15/05/2017;00:27:00;3;sem vítima;642;BR-116/BA;Norte;Saida de Pista;;;1;;;1;;;;;3;;;;
15/05/2017;01:55:00;12;sem vítima;614;BR-324/BA;Oeste;Colisão Lateral;2;;;;;;;;;;2;;;;
15/05/2017;06:10:00;31;sem vítima;562;BR-324/BA;Leste;Colisão Traseira;1;;;;;1;;;;;4;;;;
15/05/2017;07:25:00;42;sem vítima;467;BR-116/BA;Norte;Colisão Traseira;;;1;;;;;;;1;2;;;;
15/05/2017;16:29:00;182;sem vítima;584,5;BR-324/BA;Oeste;Engavetamento;3;;;;;;;;;;4;;;;