data;horario;n_da_ocorrencia;tipo_de_ocorrencia;km;trecho;sentido;tipo_de_acidente;automovel;bicicleta;caminhao;moto;onibus;outros;tracao_animal;transporte_de_cargas_especiais;trator_maquinas;utilitarios;ilesos;levemente_feridos;moderadamente_feridos;gravemente_feridos;mortos
15/05/2017;18:32:00;215;com vítima;505;BR-116/BA;Norte;Colisão Transversal;1;;;;;;;;;1;1;;1;;
15/05/2017;20:25:00;235;com vítima;455;BR-116/BA;Sul;Colisão Traseira;;;2;;;;;;;;1;;1;;
15/05/2017;20:59:00;246;sem vítima;551,3;BR-324/BA;Oeste;Saida de Pista;;;1;;;;;;;;1;;;;
15/05/2017;23:17:00;264;sem vítima;454,95;BR-116/BA;Sul;Colisão Lateral;1;;1;;;;;;;;3;;;;
16/05/2017;05:33:00;12;com vítima;4;BA-526;Sul;Colisão Lateral;;;1;;;;;;;1;2;1;;;
16/05/2017;07:23:00;26;com vítima;554;BR-324/BA;Leste;Saida de Pista;1;;;;;;;;;;0;1;;;
16/05/2017;07:30:00;27;sem vítima;620;BR-324/BA;Leste;Colisão Traseira;1;;;;;;;;;1;2;;;;
17/05/2017;07:07:00;26;com vítima;622;BR-324/BA;Oeste;Atropelamento de Pedestre;2;;;;;;;;;;2;;;1;
17/05/2017;07:46:00;37;sem vítima;597,6;BR-324/BA;Oeste;Colisão Traseira;1;;1;;;;;;;;2;;;;
17/05/2017;11:19:00;84;sem vítima;523;BR-324/BA;Oeste;Colisão Traseira;1;;1;;;;;;;;3;;;;
17/05/2017;11:20:00;85;sem vítima;543;BR-324/BA;Oeste;Saida de Pista;1;;;;;;;;;;1;;;;
17/05/2017;11:49:00;91;com vítima;465,5;BR-116/BA;Sul;Colisão Lateral;1;;1;;;;;;;;1;;1;;
17/05/2017;17:45:00;157;sem vítima;612,9;BR-324/BA;Leste;Engavetamento;3;;;;;;;;;;4;;;;
17/05/2017;18:11:00;168;sem vítima;784;BR-116/BA;Sul;Colisão Traseira;;;1;;;;;;;1;3;;;;
17/05/2017;19:14:00;186;sem vítima;605,05;BR-324/BA;Leste;Colisão Lateral;1;;;;;1;;;;;6;;;;
18/05/2017;00:37:00;4;com vítima;9;BA-526;Sul;Queda de Moto;;;;1;;;;;;;0;;;;1
18/05/2017;03:43:00;10;sem vítima;537;BR-324/BA;Oeste;Saida de Pista;1;;;;;;;;;;1;;;;
18/05/2017;04:32:00;14;sem vítima;602;BR-324/BA;Leste;Saida de Pista;;;;;;;;;;1;1;;;;
18/05/2017;05:30:00;20;sem vítima;584,7;BR-324/BA;Leste;Saida de Pista;1;;;;;;;;;;1;;;;
18/05/2017;05:59:00;25;sem vítima;612,8;BR-324/BA;Leste;Outros;1;;;;;;;;;;1;;;;
18/05/2017;06:39:00;31;com vítima;614;BR-324/BA;Oeste;Colisão Lateral;1;;;;1;;;;;;19;;1;;
18/05/2017;08:31:00;51;sem vítima;592;BR-324/BA;Oeste;Saida de Pista;1;;;;;;;;;;4;;;;
18/05/2017;09:22:00;61;sem vítima;571,2;BR-324/BA;Oeste;Saida de Pista;1;;;;;;;;;;4;;;;
18/05/2017;11:53:00;99;sem vítima;562,6;BR-324/BA;Oeste;Saida de Pista;;;1;;;;;;;;1;;;;
18/05/2017;15:22:00;135;com vítima;603;BR-324/BA;Leste;Saida de Pista;;;;;;;;;;1;0;1;;;
18/05/2017;19:51:00;193;sem vítima;543;BR-324/BA;Oeste;Saida de Pista;1;;;;;;;;;;4;;;;
19/05/2017;04:43:00;15;sem vítima;537;BR-324/BA;Oeste;Saida de Pista;1;;;;;;;;;;4;;;;
19/05/2017;04:59:00;16;sem vítima;521,5;BR-116/BA;Norte;Outros;;;;;;2;;;;;2;;;;
19/05/2017;05:18:00;17;sem vítima;543,1;BR-116/BA;Sul;Saida de Pista;;;;;;;;;;1;4;;;;
19/05/2017;06:40:00;26;com vítima;0,2;BR-116/BA - ContSuFS;Sul;Queda de Moto;;;;1;;;;;;;1;;;1;
19/05/2017;06:57:00;29;sem vítima;559,05;BR-324/BA;Leste;Saida de Pista;;;1;;;;;;;;2;;;;
19/05/2017;08:35:00;57;sem vítima;577,2;BR-324/BA;Oeste;Colisão Lateral;1;;1;;;;;;;;3;;;;
19/05/2017;08:55:00;66;com vítima;6,45;BR-116/BA - ContSuFS;Norte;Engavetamento;1;;2;;;;;;;;3;2;;;
19/05/2017;14:50:00;168;sem vítima;561,2;BR-324/BA;Oeste;Saida de Pista;1;;;;;;;;;;1;;;;
19/05/2017;14:50:00;170;com vítima;5;BR-116/BA - ContSuFS;Norte;Queda de Moto;;;;1;;;;;;;0;2;;;
19/05/2017;15:37:00;178;sem vítima;618,8;BR-324/BA;Leste;Colisão Lateral;1;;1;;;;;;;;2;;;;
19/05/2017;17:30:00;200;sem vítima;520,4;BR-324/BA;Oeste;Colisão Traseira;1;;;;;;;;;;1;;;;
19/05/2017;18:08:00;211;sem vítima;537,2;BR-324/BA;Leste;Saida de Pista;1;;;;;;;;;;1;;;;
20/05/2017;00:54:00;7;sem vítima;621,6;BR-324/BA;Leste;Colisão Traseira;1;;;;;;;;;;1;;;;
20/05/2017;08:21:00;43;sem vítima;623,5;BR-324/BA;Leste;Engavetamento;3;;;;;;;;;;3;;;;
20/05/2017;09:40:00;68;sem vítima;439;BR-116/BA;Sul;Choque Contra Objeto Fixo;;;1;;;;;;;;2;;;;
20/05/2017;09:49:00;72;com vítima;619;BR-324/BA;Leste;Colisão Traseira;1;;;1;;;;;;;2;1;;;
20/05/2017;10:25:00;83;sem vítima;619;BR-324/BA;Leste;Colisão Lateral;2;;;1;;;;;;;3;;;;
20/05/2017;16:25:00;136;sem vítima;910;BR-116/BA;Norte;Colisão Traseira;;;1;;1;;;;;;43;;;;
20/05/2017;19:35:00;170;com vítima;780;BR-116/BA;Sul;Colisão Frontal;1;;;1;;;;;;;1;;;;1
20/05/2017;22:58:00;205;sem vítima;539,2;BR-324/BA;Leste;Atropelamento de Animal;1;;;;;;;;;;3;;;;
21/05/2017;05:48:00;25;sem vítima;510;BR-116/BA;Norte;Saida de Pista;;;;;;;;;;1;101;;;;
21/05/2017;06:30:00;28;com vítima;621,1;BR-324/BA;Oeste;Queda de Moto;;;;1;;;;;;;0;;1;;
21/05/2017;17:33:00;144;sem vítima;482;BR-116/BA;Norte;Colisão Traseira;;;1;;;;;;;1;2;;;;
21/05/2017;20:16:00;183;sem vítima;823;BR-116/BA;Norte;Colisão Traseira;1;;;1;;;;;;;3;;;;
21/05/2017;20:55:00;187;sem vítima;24,7;BR-116/BA - Cont VC;Sul;Colisão Lateral;1;;;;;;;;;;1;;;;
22/05/2017;03:05:00;17;com vítima;543,2;BR-324/BA;Oeste;Saida de Pista;1;;;;;;;;;;0;2;;;
22/05/2017;06:10:00;28;sem vítima;587;BR-324/BA;Oeste;Queda de Moto;;;;1;;;;;;;2;;;;
22/05/2017;06:59:00;42;sem vítima;604;BR-324/BA;Leste;Colisão Lateral;1;;;;;1;;;;;3;;;;
22/05/2017;08:56:00;54;sem vítima;465;BR-116/BA;Sul;Colisão Traseira;2;;;;;;;;;;3;;;;
22/05/2017;09:05:00;61;sem vítima;7;BR-116/BA - ContSuFS;Sul;Saida de Pista;;;1;;;;;;;;3;;;;
22/05/2017;09:49:00;73;sem vítima;546,4;BR-324/BA;Oeste;Tombamento;;;1;;;;;;;;1;;;;
22/05/2017;09:52:00;74;sem vítima;7;BR-116/BA - ContSuFS;Norte;Saida de Pista;1;;;;;;;;;;1;;;;
22/05/2017;10:23:00;76;sem vítima;579;BR-116/BA;Norte;Saida de Pista;1;;;;;;;;;;2;;;;
22/05/2017;10:37:00;79;com vítima;579,7;BR-116/BA;Norte;Colisão Transversal;1;;1;;;;;;;;2;;1;;
22/05/2017;11:33:00;95;sem vítima;441;BR-116/BA;Sul;Saida de Pista;1;;;;;;;;;;1;;;;
22/05/2017;17:42:00;167;sem vítima;523;BR-324/BA;Oeste;Colisão Lateral;1;;1;;;;;;;;3;;;;
22/05/2017;19:02:00;186;sem vítima;563;BR-116/BA;Sul;Saida de Pista;;;;;;;;;;1;2;;;;
22/05/2017;21:20:00;200;sem vítima;597;BR-324/BA;Leste;Colisão Traseira;1;;;;1;;;;;;3;;;;
23/05/2017;04:17:00;13;sem vítima;548;BR-116/BA;Sul;Saida de Pista;;;1;;;;;;;;1;;;;
23/05/2017;05:37:00;16;sem vítima;621;BR-324/BA;Leste;Colisão Traseira;1;;;;;;;;;1;8;;;;
23/05/2017;08:22:00;46;sem vítima;571;BR-324/BA;Oeste;Colisão Lateral;1;;;;;1;;;;;2;;;;
23/05/2017;12:54:00;120;com vítima;565,1;BR-324/BA;Oeste;Saida de Pista;;;1;;;;;;;;0;1;1;;
23/05/2017;14:44:00;147;sem vítima;643,4;BR-116/BA;Norte;Saida de Pista;;;1;;;;;;;;1;;;;
23/05/2017;17:42:00;186;com vítima;673;BR-116/BA;Norte;Colisão Lateral;;;1;1;;;;;;;1;2;;;
23/05/2017;17:51:00;188;sem vítima;612,5;BR-324/BA;Leste;Engavetamento;1;;;;1;1;;;;;4;;;;
23/05/2017;19:31:00;211;com vítima;534,05;BR-324/BA;Oeste;Atropelamento de Pedestre;1;;;;;;;;;;5;1;;;
23/05/2017;22:58:00;239;sem vítima;696,6;BR-116/BA;Sul;Saida de Pista;1;;;;;;;;;;1;;;;
24/05/2017;07:27:00;34;sem vítima;619,5;BR-324/BA;Leste;Colisão Traseira;2;;;;;;;;;;7;;;;
24/05/2017;14:55:00;133;sem vítima;587,2;BR-324/BA;Leste;Saida de Pista;1;;;;;;;;;;1;;;;
24/05/2017;17:42:00;174;com vítima;13;BR-116/BA - Cont VC;Sul;Atropelamento de Pedestre;;;;1;;;;;;;1;1;;;
24/05/2017;20:26:00;204;com vítima;537;BR-324/BA;Oeste;Queda de Moto;;;;1;;;;;;;0;1;;;
24/05/2017;20:39:00;206;com vítima;4;BR-116/BA - ContSuFS;Norte;Atropelamento de Pedestre;;;;;;1;;;;;1;;;1;
24/05/2017;23:39:00;225;sem vítima;460;BR-116/BA;Norte;Saida de Pista;1;;;;;;;;;;1;;;;
25/05/2017;08:05:00;44;sem vítima;551;BR-324/BA;Oeste;Engavetamento;3;;;;;;;;;;9;;;;
25/05/2017;08:52:00;70;sem vítima;595;BR-324/BA;Oeste;Colisão Traseira;;;2;;;;;;;;3;;;;
25/05/2017;09:21:00;82;com vítima;658,4;BR-116/BA;Sul;Colisão Frontal;1;;1;;;;;;;;0;1;;;1
25/05/2017;12:11:00;122;sem vítima;649,3;BR-116/BA;Norte;Saida de Pista;1;;;;;;;;;;1;;;;
25/05/2017;13:20:00;136;sem vítima;714,2;BR-116/BA;Norte;Saida de Pista;;;;;;;;;;1;4;;;;
25/05/2017;15:37:00;163;com vítima;459;BR-116/BA;Norte;Queda de Moto;;;;1;;;;;;;1;;1;;
25/05/2017;15:59:00;170;sem vítima;624,1;BR-324/BA;Leste;Colisão Traseira;2;;;;;;;;;;2;;;;
25/05/2017;18:41:00;223;sem vítima;622,4;BR-324/BA;Oeste;Colisão Traseira;2;;;;;;;;;;2;;;;
26/05/2017;06:46:00;17;com vítima;818;BR-116/BA;Norte;Queda de Moto;;;;1;;;;;;;0;1;;;
26/05/2017;07:38:00;38;com vítima;639,5;BR-116/BA;Sul;Colisão Frontal;2;;2;;;;;;;;3;;;;1
26/05/2017;08:32:00;61;sem vítima;834,5;BR-116/BA;Sul;Colisão Traseira;;;2;;;;;;;;2;;;;
26/05/2017;13:40:00;153;com vítima;526,5;BR-324/BA;Oeste;Saida de Pista;;;1;;;;;;;;1;1;;;
26/05/2017;14:18:00;161;sem vítima;467,8;BR-116/BA;Norte;Saida de Pista;1;;;;;;;;;;3;;;;
26/05/2017;17:05:00;207;com vítima;674,9;BR-116/BA;Sul;Queda de Moto;;;;1;;;;;;;0;;1;;
26/05/2017;18:01:00;229;sem vítima;611,9;BR-324/BA;Leste;Engavetamento;2;;;;;2;;;;;4;;;;
26/05/2017;18:17:00;233;sem vítima;618;BR-324/BA;Leste;Engavetamento;2;;;;;1;;;;;3;;;;
26/05/2017;18:57:00;243;sem vítima;614;BR-324/BA;Oeste;Engavetamento;5;;;;;;;;;;5;;;;
27/05/2017;09:51:00;58;sem vítima;551;BR-324/BA;Oeste;Queda de Moto;;;;1;;;;;;;1;;;;
27/05/2017;10:14:00;64;sem vítima;543;BR-324/BA;Oeste;Saida de Pista;;;;;;;;;;1;2;;;;
27/05/2017;12:21:00;92;com vítima;620;BR-324/BA;Oeste;Capotamento;;;;;;;;;;1;0;1;;;
27/05/2017;16:36:00;144;sem vítima;6;BR-116/BA - ContSuFS;Norte;Tombamento;;;2;;;;;;;;2;;;;
27/05/2017;16:37:00;145;com vítima;464;BR-116/BA;Sul;Colisão Traseira;;;2;;;;;;;;2;1;;;
27/05/2017;17:02:00;154;com vítima;547,8;BR-324/BA;Oeste;Saida de Pista;;;;;;;;;;1;1;;4;;
27/05/2017;17:16:00;156;sem vítima;576,8;BR-324/BA;Leste;Saida de Pista;;;;;;;;;;1;1;;;;
27/05/2017;17:30:00;158;sem vítima;431;BR-116/BA;Norte;Colisão Lateral;1;;1;;;;;;;;2;;;;
27/05/2017;18:51:00;172;com vítima;699,9;BR-116/BA;Sul;Colisão Traseira;;;1;1;;;;;;;1;;2;;
27/05/2017;21:36:00;205;sem vítima;516;BR-116/BA;Sul;Atropelamento de Animal;1;;;;;;;;;;2;;;;
27/05/2017;22:46:00;226;sem vítima;835,4;BR-116/BA;Norte;Colisão Traseira;2;;;;;;;;;;8;;;;
27/05/2017;23:35:00;230;sem vítima;579;BR-324/BA;Leste;Saida de Pista;1;;;;;;;;;;2;;;;
28/05/2017;03:56:00;17;sem vítima;587,015;BR-324/BA;Leste;Choque Contra Objeto Fixo;1;;;;;;;;;;1;;;;
28/05/2017;04:22:00;19;sem vítima;768,4;BR-116/BA;Norte;Saida de Pista;1;;;;;;;;;;1;;;;
28/05/2017;04:59:00;23;sem vítima;599,1;BR-324/BA;Leste;Colisão Traseira;;;1;;;1;;;;;2;;;;
28/05/2017;05:43:00;28;com vítima;557;BR-324/BA;Leste;Saida de Pista;1;;;;;;;;;;0;1;1;;
28/05/2017;06:18:00;32;com vítima;626;BR-324/BA;Leste;Queda de Moto;;;;1;;;;;;;0;1;1;;
28/05/2017;08:10:00;54;sem vítima;518,1;BR-324/BA;Oeste;Colisão Lateral;1;;;;1;;;;;;5;;;;
28/05/2017;10:45:00;91;sem vítima;557;BR-324/BA;Leste;Saida de Pista;1;;;;;;;;;;1;;;;
28/05/2017;12:46:00;118;com vítima;886;BR-116/BA;Sul;Saida de Pista;;;1;;;;;;;;0;1;;;
28/05/2017;15:04:00;150;sem vítima;595;BR-116/BA;Norte;Saida de Pista;;;1;;;;;;;;1;;;;
28/05/2017;18:13:00;182;com vítima;463,9;BR-116/BA;Sul;Colisão Traseira;;;;1;;;;;;1;1;1;;;
28/05/2017;18:27:00;186;com vítima;14,1;BR-116/BA - Cont VC;Norte;Colisão Frontal;1;;;1;;;;;;;3;1;;;
28/05/2017;20:18:00;204;com vítima;751;BR-116/BA;Norte;Atropelamento de Pedestre;;;;;;1;;;;;1;;1;;
28/05/2017;21:02:00;211;sem vítima;530;BR-324/BA;Oeste;Saida de Pista;1;;;;;;;;;;2;;;;
29/05/2017;02:19:00;8;com vítima;716;BR-116/BA;Sul;Queda de Moto;;;;1;;;;;;;0;;1;;
29/05/2017;07:20:00;52;com vítima;612,5;BR-324/BA;Leste;Engavetamento;5;;;;;;;;;2;20;1;1;;1
29/05/2017;07:47:00;63;sem vítima;618,7;BR-324/BA;Leste;Colisão Lateral;1;;1;;1;;;;;;43;;;;
29/05/2017;08:48:00;83;sem vítima;462;BR-116/BA;Norte;Colisão Lateral;;;2;;;;;;;;2;;;;
29/05/2017;11:46:00;132;sem vítima;464,8;BR-116/BA;Norte;Colisão Lateral;1;;1;;;;;;;;5;;;;
29/05/2017;12:43:00;142;sem vítima;608,2;BR-324/BA;Leste;Colisão Traseira;;;;1;;;;;;1;3;;;;
29/05/2017;15:30:00;186;sem vítima;564;BR-116/BA;Sul;Colisão Traseira;;;2;;;;;;;;2;;;;
29/05/2017;17:42:00;216;sem vítima;614;BR-324/BA;Leste;Engavetamento;2;;;;1;;;;;;14;;;;
29/05/2017;19:05:00;236;sem vítima;567,8;BR-324/BA;Leste;Queda de Moto;;;;1;;;;;;;1;;;;
29/05/2017;19:10:00;237;sem vítima;521,3;BR-324/BA;Oeste;Engavetamento;2;;2;;;;;;;;4;;;;
29/05/2017;19:57:00;249;sem vítima;15;BR-116/BA - Cont VC;Norte;Atropelamento - Ciclista;1;1;;;;;;;;;5;;;;
29/05/2017;20:45:00;260;sem vítima;569;BR-324/BA;Leste;Saida de Pista;1;;;;;;;;;;1;;;;
30/05/2017;07:18:00;30;com vítima;523,3;BR-324/BA;Leste;Atropelamento - Ciclista;;1;1;;;;;;;;2;;1;;
30/05/2017;07:37:00;39;sem vítima;523;BR-324/BA;Leste;Colisão Lateral;1;;1;;;;;;;;2;;;;
30/05/2017;07:55:00;48;com vítima;617,8;BR-324/BA;Leste;Engavetamento;5;;;;;;;;;;12;;1;;
30/05/2017;16:00:00;178;sem vítima;454;BR-116/BA;Norte;Colisão Lateral;;;2;;;;;;;;3;;;;
30/05/2017;18:20:00;201;com vítima;15,5;BR-116/BA - Cont VC;Sul;Colisão Transversal;;;;2;;;;;;;1;1;;;
31/05/2017;07:56:00;50;sem vítima;615,2;BR-324/BA;Leste;Choque Contra Objeto Fixo;;;1;;;;;;;;1;;;;
31/05/2017;08:27:00;65;com vítima;618;BR-324/BA;Oeste;Colisão Lateral;1;;1;1;;;;;;;2;;;;1
31/05/2017;18:24:00;214;sem vítima;571;BR-324/BA;Leste;Queda de Moto;;;;1;;;;;;;2;;;;
31/05/2017;19:56:00;233;sem vítima;555,4;BR-116/BA;Norte;Saida de Pista;;;1;;;;;;;;1;;;;
01/04/2017;06:17:00;35;sem vítima;600,3;BR-324/BA;Oeste;Saida de Pista;1;;;;;;;;;;1;;;;
01/04/2017;09:47:00;85;sem vítima;686,5;BR-116/BA;Norte;Colisão Lateral;1;;;1;;;;;;;2;;;;
01/04/2017;10:43:00;98;sem vítima;5,4;BR-116/BA - ContSuFS;Sul;Capotamento;1;;;;;;;;;;1;;;;
01/04/2017;16:07:00;170;sem vítima;708,05;BR-116/BA;Norte;Saida de Pista;1;;;;;;;;;;2;;;;
01/04/2017;18:52:00;209;sem vítima;591,6;BR-324/BA;Oeste;Saida de Pista;1;;;;;;;;;;2;;;;
01/04/2017;18:57:00;210;com vítima;752,5;BR-116/BA;Sul;Colisão Lateral;;;1;1;;;;;;;1;;;;1
02/04/2017;02:56:00;21;sem vítima;588,2;BR-324/BA;Oeste;Choque Contra Objeto Fixo;1;;;;;;;;;;1;;;;
02/04/2017;05:05:00;31;sem vítima;427,2;BR-116/BA;Norte;Saida de Pista;;;1;;;;;;;;1;;;;
02/04/2017;05:16:00;32;sem vítima;530;BR-324/BA;Oeste;Saida de Pista;1;;;;;;;;;;3;;;;
02/04/2017;11:24:00;93;com vítima;590;BR-324/BA;Leste;Colisão Traseira;3;;;;;;;;;;6;1;;;
02/04/2017;12:06:00;100;com vítima;572;BR-324/BA;Oeste;Saida de Pista;;;;;;;;;;1;0;1;;;
02/04/2017;12:13:00;102;sem vítima;582;BR-324/BA;Oeste;Saida de Pista;1;;;;;;;;;;1;;;;
02/04/2017;12:29:00;104;sem vítima;838,2;BR-116/BA;Sul;Colisão Traseira;;;2;;;;;;;;2;;;;
02/04/2017;12:58:00;109;sem vítima;555,1;BR-116/BA;Norte;Saida de Pista;;;1;;;;;;;;1;;;;
02/04/2017;13:05:00;110;com vítima;652,6;BR-116/BA;Sul;Colisão Transversal;1;;;;;;;;;1;1;2;;;
02/04/2017;18:31:00;172;com vítima;11,3;BR-116/BA - Cont VC;Sul;Colisão Traseira;;;;1;;1;;;;;2;1;1;;
02/04/2017;18:55:00;176;sem vítima;543;BR-324/BA;Oeste;Saida de Pista;1;;;;;;;;;;5;;;;
02/04/2017;19:59:00;188;com vítima;449;BR-116/BA;Norte;Colisão Transversal;;;;1;;1;;;;;1;1;;1;
02/04/2017;21:11:00;198;com vítima;454,5;BR-116/BA;Norte;Colisão Traseira;1;;1;;;;;;;;1;1;2;1;
03/04/2017;05:28:00;29;sem vítima;561,3;BR-324/BA;Oeste;Colisão Traseira;1;;;;;2;;;;;4;;;;
03/04/2017;06:01:00;37;sem vítima;623,6;BR-324/BA;Oeste;Colisão Traseira;1;;;;;;;;;1;2;;;;
03/04/2017;06:54:00;52;sem vítima;618;BR-324/BA;Leste;Engavetamento;3;;;;;;;;;;3;;;;
03/04/2017;08:38:00;85;sem vítima;614,1;BR-324/BA;Leste;Colisão Lateral;;;2;;;;;;;;2;;;;
03/04/2017;11:12:00;123;sem vítima;507,8;BR-116/BA;Sul;Saida de Pista;1;;;;;;;;;;1;;;;
03/04/2017;12:02:00;131;sem vítima;534,2;BR-324/BA;Oeste;Colisão Traseira;1;;;;;1;;;;;4;;;;
03/04/2017;14:44:00;177;sem vítima;603,6;BR-324/BA;Oeste;Colisão Traseira;1;;1;;;;;;;;3;;;;
03/04/2017;14:49:00;180;sem vítima;603,6;BR-324/BA;Oeste;Colisão Traseira;2;;;;;;;;;;5;;;;
03/04/2017;15:10:00;184;sem vítima;603,1;BR-324/BA;Oeste;Choque Contra Objeto Fixo;2;;;;;;;;;;2;;;;
03/04/2017;15:31:00;190;sem vítima;603,6;BR-324/BA;Oeste;Engavetamento;1;;;;;2;;;;;6;;;;
03/04/2017;15:39:00;193;sem vítima;607,8;BR-324/BA;Oeste;Colisão Traseira;1;;;;;1;;;;;4;;;;
03/04/2017;15:55:00;195;sem vítima;551;BR-324/BA;Leste;Choque Contra Objeto Fixo;;;1;;;;;;;;1;;;;
03/04/2017;15:59:00;198;sem vítima;433,2;BR-116/BA;Sul;Saida de Pista;1;;;;;;;;;;2;;;;
03/04/2017;16:02:00;199;sem vítima;605;BR-324/BA;Oeste;Colisão Traseira;2;;;;;;;;;;2;;;;
03/04/2017;19:35:00;255;sem vítima;606;BR-324/BA;Oeste;Colisão Lateral;1;;1;;;;;;;;2;;;;
03/04/2017;15:35:00;266;sem vítima;603,2;BR-324/BA;Oeste;Colisão Traseira;;;;;;1;;;;1;3;;;;
04/04/2017;00:54:00;4;com vítima;537;BR-324/BA;Oeste;Saida de Pista;1;;;;;;;;;;1;1;;;
04/04/2017;06:44:00;23;sem vítima;622,8;BR-324/BA;Leste;Engavetamento;5;;;;;;;;;;6;;;;
04/04/2017;07:28:00;36;sem vítima;890;BR-116/BA;Sul;Colisão Transversal;;;2;;;;;;;;3;;;;
04/04/2017;07:47:00;43;sem vítima;520,1;BR-324/BA;Leste;Saida de Pista;1;;;;;;;;;;1;;;;
04/04/2017;08:19:00;54;sem vítima;597,3;BR-324/BA;Oeste;Saida de Pista;1;;;;;;;;;;1;;;;
04/04/2017;09:12:00;75;com vítima;619,1;BR-324/BA;Leste;Colisão Traseira;2;;;;;;;;;;1;;1;;
04/04/2017;11:42:00;128;com vítima;556,3;BR-324/BA;Leste;Colisão Traseira;;;2;;;;;;;;5;;1;;
04/04/2017;18:58:00;237;sem vítima;20;BR-116/BA - Cont VC;Norte;Saida de Pista;;;;;;;;;;1;1;;;;
04/04/2017;21:11:00;258;sem vítima;549;BR-324/BA;Leste;Atropelamento de Animal;;;;;;;;;;1;16;;;;
05/04/2017;06:45:00;30;sem vítima;574,4;BR-324/BA;Leste;Saida de Pista;;;1;;;;;;;;1;;;;
05/04/2017;14:12:00;132;com vítima;625;BR-324/BA;Leste;Colisão Traseira;;;;1;;1;;;;;1;1;;;
06/04/2017;08:43:00;65;sem vítima;11,8;BR-116/BA - Cont VC;Norte;Colisão Traseira;2;;;;;;;;;;5;;;;
06/04/2017;17:44:00;194;sem vítima;622;BR-324/BA;Oeste;Colisão Traseira;1;;;1;;;;;;;3;;;;
07/04/2017;04:16:00;11;sem vítima;613,5;BR-116/BA;Norte;Saida de Pista;;;1;;;;;;;;1;;;;
07/04/2017;08:00:00;37;sem vítima;590,5;BR-324/BA;Oeste;Saida de Pista;1;;;;;;;;;;1;;;;
07/04/2017;10:07:00;81;sem vítima;528,02;BR-324/BA;Leste;Engavetamento;1;;;;;1;;;;2;4;;;;
07/04/2017;11:26:00;100;sem vítima;473,15;BR-116/BA;Sul;Saida de Pista;;;;;;;;;;1;2;;;;
07/04/2017;18:47:00;199;com vítima;603,2;BR-324/BA;Oeste;Saida de Pista;;;1;;;;;;;;0;;1;;
08/04/2017;05:08:00;17;sem vítima;582,2;BR-324/BA;Leste;Saida de Pista;1;;;;;;;;;;1;;;;
08/04/2017;07:15:00;32;sem vítima;609,1;BR-324/BA;Oeste;Colisão Traseira;2;;;;;;;;;;2;;;;
08/04/2017;07:27:00;36;com vítima;457;BR-116/BA;Norte;Saida de Pista;;;1;;;;;;;;0;;2;;
08/04/2017;09:19:00;63;sem vítima;615;BR-324/BA;Leste;Engavetamento;3;;;;;;;;;;5;;;;
08/04/2017;09:46:00;66;com vítima;597,1;BR-324/BA;Leste;Colisão Traseira;1;;1;;;;;;;;1;;1;;
08/04/2017;10:27:00;77;sem vítima;582,1;BR-324/BA;Leste;Colisão Lateral;;;2;;;;;;;;2;;;;
08/04/2017;13:17:00;108;sem vítima;719,7;BR-116/BA;Norte;Colisão Traseira;;;2;;;1;;;;;3;;;;
08/04/2017;15:00:00;127;sem vítima;788,7;BR-116/BA;Norte;Colisão Lateral;1;;1;;;;;;;;2;;;;
08/04/2017;23:53:00;215;sem vítima;578;BR-116/BA;Norte;Saida de Pista;;;1;;;;;;;;1;;;;
09/04/2017;03:13:00;20;com vítima;612,4;BR-324/BA;Leste;Saida de Pista;1;;1;;;;;;;;1;;;;1
09/04/2017;04:24:00;24;sem vítima;545;BR-324/BA;Leste;Atropelamento de Animal;1;;;;;;;;;;4;;;;
09/04/2017;14:09:00;133;sem vítima;618,7;BR-324/BA;Leste;Engavetamento;2;;;;;1;;;;1;11;;;;
09/04/2017;19:21:00;205;com vítima;460;BR-116/BA;Norte;Colisão Frontal;1;;;1;;;;;;;1;;;1;1
09/04/2017;21:04:00;229;com vítima;799;BR-116/BA;Sul;Saida de Pista;1;;;;;;;;;;0;1;1;1;
09/04/2017;22:16:00;244;sem vítima;520,8;BR-324/BA;Leste;Saida de Pista;;;;;;;;;;1;5;;;;
10/04/2017;02:53:00;13;com vítima;438,6;BR-116/BA;Norte;Colisão Traseira;1;;1;;;;;;;;1;3;;;1
10/04/2017;07:39:00;48;sem vítima;623;BR-324/BA;Leste;Queda de Moto;;;;1;;;;;;;2;;;;
10/04/2017;07:52:00;54;sem vítima;615,5;BR-324/BA;Leste;Colisão Traseira;1;;1;;;;;;;;2;;;;
10/04/2017;09:18:00;77;sem vítima;623;BR-324/BA;Leste;Outros;;;;2;;1;;;;;3;;;;
10/04/2017;09:19:00;78;sem vítima;612;BR-324/BA;Leste;Colisão Lateral;2;;;;;;;;;;4;;;;
10/04/2017;09:31:00;80;sem vítima;601,9;BR-324/BA;Oeste;Atropelamento de Animal;;;;1;;;;;;;1;;;;
10/04/2017;11:21:00;105;sem vítima;776,9;BR-116/BA;Norte;Colisão Transversal;1;;;;;;;;;;3;;;;
10/04/2017;14:44:00;142;sem vítima;519;BR-324/BA;Leste;Colisão Traseira;1;;1;;;;;;;;2;;;;
10/04/2017;21:05:00;213;com vítima;519,5;BR-116/BA;Norte;Colisão Frontal;;;;2;;;;;;;0;1;;;1
10/04/2017;21:40:00;220;sem vítima;548,5;BR-116/BA;Sul;Saida de Pista;;;1;;;;;;;;1;;;;
11/04/2017;07:12:00;41;com vítima;837,4;BR-116/BA;Sul;Colisão Frontal;1;;;1;;;;;;;1;1;;;