data;horario;n_da_ocorrencia;tipo_de_ocorrencia;km;trecho;sentido;tipo_de_acidente;automovel;bicicleta;caminhao;moto;onibus;outros;tracao_animal;transporte_de_cargas_especiais;trator_maquinas;utilitarios;ilesos;levemente_feridos;moderadamente_feridos;gravemente_feridos;mortos
11/04/2017;18:45:00;193;com vítima;16,1;BR-116/BA - Cont VC;Norte;Colisão Transversal;;;;1;;;;;;1;1;1;;;
12/04/2017;03:42:00;9;sem vítima;437;BR-116/BA;Norte;Atropelamento de Animal;;;;;;;;;;1;11;;;;
12/04/2017;07:37:00;51;com vítima;460;BR-116/BA;Norte;Queda de Moto;;;;1;;;;;;;0;1;;;
12/04/2017;09:15:00;81;sem vítima;462;BR-116/BA;Norte;Engavetamento;1;;2;;;;;;;;4;;;;
12/04/2017;09:53:00;94;sem vítima;621;BR-116/BA;Sul;Colisão Lateral;;;2;;;;;;;;2;;;;
12/04/2017;16:02:00;190;sem vítima;786,5;BR-116/BA;Norte;Colisão Traseira;;;1;;;1;;;;;2;;;;
13/04/2017;06:18:00;27;sem vítima;534;BR-324/BA;Oeste;Tombamento;;;1;;;;;;;;2;;;;
13/04/2017;07:09:00;34;sem vítima;569,2;BR-324/BA;Oeste;Engavetamento;3;;;;;;;;;1;15;;;;
13/04/2017;07:11:00;35;com vítima;621,5;BR-324/BA;Leste;Engavetamento;3;;;1;;;;;;;4;;;1;
13/04/2017;08:42:00;63;com vítima;525;BR-324/BA;Oeste;Colisão Lateral;;;;;1;;;;;1;40;;1;;
13/04/2017;09:53:00;78;sem vítima;532,8;BR-324/BA;Leste;Colisão Traseira;1;;;;;1;;;;;2;;;;
13/04/2017;10:12:00;82;sem vítima;533,1;BR-324/BA;Oeste;Engavetamento;1;;;;;;;;;2;3;;;;
13/04/2017;10:37:00;92;sem vítima;518,9;BR-324/BA;Oeste;Colisão Traseira;2;;;;;;;;;;5;;;;
13/04/2017;11:09:00;94;sem vítima;613,3;BR-324/BA;Leste;Queda de Moto;;;;1;;;;;;;1;;;;
13/04/2017;11:22:00;101;sem vítima;612,5;BR-324/BA;Oeste;Engavetamento;3;;;;;;;;;;6;;;;
13/04/2017;14:02:00;142;sem vítima;606,3;BR-324/BA;Oeste;Colisão Traseira;2;;;;;;;;;;2;;;;
13/04/2017;15:00:00;155;sem vítima;548;BR-324/BA;Oeste;Engavetamento;3;;;;;;;;;;5;;;;
13/04/2017;15:08:00;157;sem vítima;491,3;BR-116/BA;Sul;Saida de Pista;1;;;;;;;;;;3;;;;
13/04/2017;15:26:00;162;sem vítima;605,7;BR-324/BA;Oeste;Colisão Traseira;1;;;;;;;;;1;4;;;;
13/04/2017;15:40:00;167;sem vítima;538,25;BR-324/BA;Oeste;Colisão Traseira;1;;;;;1;;;;1;6;;;;
13/04/2017;15:44:00;171;sem vítima;540,3;BR-324/BA;Oeste;Colisão Transversal;2;;;;;1;;;;;3;;;;
13/04/2017;16:02:00;178;sem vítima;558;BR-116/BA;Sul;Colisão Traseira;;;2;;;;;;;;2;;;;
13/04/2017;16:34:00;191;sem vítima;608,6;BR-324/BA;Oeste;Colisão Traseira;1;;;;;1;;;;;2;;;;
13/04/2017;17:52:00;210;sem vítima;595,3;BR-324/BA;Oeste;Engavetamento;3;;;;;1;;;;;14;;;;
13/04/2017;19:20:00;240;sem vítima;599,06;BR-324/BA;Oeste;Colisão Lateral;1;;1;;;;;;;;6;;;;
13/04/2017;21:20:00;263;sem vítima;522,9;BR-324/BA;Leste;Saida de Pista;;;;;;;;;;1;1;;;;
13/04/2017;23:28:00;281;sem vítima;802,4;BR-116/BA;Sul;Atropelamento de Animal;1;;;;;;;;;;1;;;;
14/04/2017;00:38:00;7;sem vítima;487;BR-116/BA;Sul;Colisão Traseira;;;2;;;;;;;;2;;;;
14/04/2017;05:49:00;34;sem vítima;559;BR-324/BA;Oeste;Choque Contra Objeto Fixo;2;;;;;;;;;;8;;;;
14/04/2017;05:56:00;35;sem vítima;595,3;BR-324/BA;Oeste;Colisão Traseira;1;;;;;1;;;;;2;;;;
14/04/2017;06:02:00;36;sem vítima;596,6;BR-324/BA;Oeste;Engavetamento;5;;;;;;;;;;14;;;;
14/04/2017;06:32:00;49;sem vítima;568,29;BR-324/BA;Oeste;Queda de Moto;;;;1;;;;;;;2;;;;
14/04/2017;06:43:00;55;sem vítima;441,2;BR-116/BA;Sul;Engavetamento;2;;;2;;;;;;;9;;;;
14/04/2017;06:50:00;56;sem vítima;596;BR-324/BA;Oeste;Colisão Traseira;1;;;;;;;;;1;5;;;;
14/04/2017;08:08:00;74;sem vítima;533;BR-324/BA;Oeste;Colisão Traseira;;;2;;;;;;;;2;;;;
14/04/2017;09:44:00;99;sem vítima;575;BR-324/BA;Oeste;Engavetamento;4;;;;;;;;;;13;;;;
14/04/2017;10:21:00;109;sem vítima;618;BR-324/BA;Oeste;Engavetamento;3;;;;;;;;;;3;;;;
14/04/2017;11:52:00;133;sem vítima;820,5;BR-116/BA;Sul;Atropelamento de Animal;;;;;;;;;;1;1;;;;
14/04/2017;12:35:00;146;sem vítima;852,9;BR-116/BA;Norte;Saida de Pista;1;;;;;;;;;;1;;;;
14/04/2017;15:40:00;176;sem vítima;620;BR-324/BA;Oeste;Choque Contra Objeto Fixo;1;;;;;;;;;;1;;;;
14/04/2017;17:47:00;194;sem vítima;820;BR-116/BA;Sul;Colisão Lateral;1;;;;;1;;;;;5;;;;
14/04/2017;18:18:00;195;com vítima;3,4;BR-116/BA - ContSuFS;Sul;Saida de Pista;;;;;;1;;;;;0;6;;;
14/04/2017;23:22:00;231;com vítima;617,4;BR-324/BA;Oeste;Saida de Pista;1;;;;;;;;;;0;;2;;
15/04/2017;07:42:00;25;sem vítima;439,1;BR-116/BA;Sul;Saida de Pista;1;;;;;;;;;;1;;;;
15/04/2017;09:42:00;42;sem vítima;552,2;BR-324/BA;Oeste;Saida de Pista;1;;;;;;;;;;1;;;;
15/04/2017;20:47:00;159;sem vítima;622,9;BR-324/BA;Oeste;Colisão Lateral;1;;;;;;;;;1;2;;;;
15/04/2017;21:04:00;162;sem vítima;433;BR-116/BA;Norte;Choque Contra Objeto Fixo;1;;;;;;;;;;2;;;;
15/04/2017;22:06:00;166;sem vítima;932,9;BR-116/BA;Sul;Atropelamento de Animal;;;;;;;;;;1;1;;;;
16/04/2017;00:40:00;4;sem vítima;620,2;BR-324/BA;Oeste;Saida de Pista;1;;;;;;;;;;1;;;;
16/04/2017;05:02:00;20;sem vítima;2,8;BR-116/BA - Cont VC;Norte;Atropelamento de Animal;1;;;;;;;;;;5;;;;
16/04/2017;05:25:00;24;sem vítima;615,05;BR-324/BA;Oeste;Saida de Pista;1;;;;;;;;;;1;;;;
16/04/2017;07:51:00;39;sem vítima;542,1;BR-324/BA;Oeste;Saida de Pista;1;;;;;;;;;;1;;;;
16/04/2017;11:56:00;99;sem vítima;588;BR-324/BA;Oeste;Saida de Pista;1;;;;;;;;;;1;;;;
16/04/2017;14:57:00;140;sem vítima;588,1;BR-324/BA;Leste;Engavetamento;4;;;;;1;;;;;14;;;;
16/04/2017;15:28:00;151;sem vítima;543;BR-324/BA;Oeste;Choque Contra Objeto Fixo;;;;;;;;;;1;1;;;;
16/04/2017;15:29:00;153;sem vítima;575;BR-324/BA;Leste;Engavetamento;3;;;;;;;;;;3;;;;
16/04/2017;16:01:00;160;sem vítima;551,1;BR-324/BA;Leste;Colisão Traseira;2;;;;;;;;;;7;;;;
16/04/2017;16:03:00;161;sem vítima;1,1;BR-116/BA - ContSuFS;Norte;Colisão Traseira;1;;;;;;;;;1;7;;;;
16/04/2017;16:10:00;164;sem vítima;573,2;BR-324/BA;Leste;Engavetamento;3;;;;;;;;;;9;;;;
16/04/2017;16:20:00;168;sem vítima;1,3;BR-116/BA - ContSuFS;Norte;Colisão Lateral;1;;1;;;;;;;;5;;;;
16/04/2017;14:57:00;169;sem vítima;588;BR-324/BA;Leste;Engavetamento;3;;;;;;;;;;3;;;;
16/04/2017;16:23:00;170;sem vítima;533,2;BR-324/BA;Leste;Capotamento;1;;;;;;;;;;1;;;;
16/04/2017;16:40:00;176;sem vítima;561;BR-324/BA;Leste;Engavetamento;3;;;;;;;;;;5;;;;
16/04/2017;18:33:00;205;sem vítima;15;BR-116/BA - Cont VC;Sul;Engavetamento;3;;;;;;;;;;8;;;;
16/04/2017;18:39:00;208;com vítima;772;BR-116/BA;Sul;Tombamento;;;1;;;;;;;;0;;3;;
16/04/2017;20:29:00;251;sem vítima;551,5;BR-324/BA;Leste;Colisão Traseira;1;;;;;1;;;;;6;;;;
17/04/2017;05:20:00;28;sem vítima;453,5;BR-116/BA;Sul;Atropelamento de Animal;;;1;;;;;;;;1;;;;
17/04/2017;06:08:00;41;sem vítima;428;BR-116/BA;Sul;Atropelamento de Animal;1;;;;;;;;;;3;;;;
17/04/2017;07:10:00;62;sem vítima;612,1;BR-324/BA;Leste;Engavetamento;1;;;;;2;;;;;3;;;;
17/04/2017;07:24:00;66;sem vítima;608;BR-324/BA;Leste;Engavetamento;3;;;;;;;;;1;16;;;;
17/04/2017;08:39:00;89;com vítima;605,05;BR-324/BA;Leste;Atropelamento de Animal;;;;1;;;;;;;0;1;;;
17/04/2017;08:57:00;97;com vítima;622,3;BR-324/BA;Leste;Colisão Lateral;;;;1;;1;;;;;1;1;;;
17/04/2017;09:11:00;103;sem vítima;607,4;BR-324/BA;Leste;Engavetamento;8;;;;;1;;;;;14;;;;
17/04/2017;11:52:00;156;com vítima;543,1;BR-116/BA;Sul;Colisão Lateral;2;;;;;;;;;;2;2;;;
17/04/2017;12:19:00;163;sem vítima;578,2;BR-116/BA;Sul;Tombamento;;;1;;;;;;;;1;;;;
17/04/2017;12:43:00;165;sem vítima;439,7;BR-116/BA;Sul;Colisão Traseira;1;;1;;;;;;;;6;;;;
17/04/2017;14:10:00;182;sem vítima;915,5;BR-116/BA;Norte;Tombamento;;;;;;;;;1;;1;;;;
17/04/2017;18:05:00;242;sem vítima;623,2;BR-324/BA;Oeste;Colisão Traseira;;;;1;;;;;;1;2;;;;
18/04/2017;07:25:00;37;com vítima;28,6;BR-116/BA - Cont VC;Norte;Queda de Moto;;;;1;;;;;;;0;1;;;
18/04/2017;09:16:00;62;com vítima;919,3;BR-116/BA;Sul;Tombamento;;;1;;;;;;;;0;;;;1
18/04/2017;10:23:00;75;sem vítima;615,1;BR-324/BA;Oeste;Queda de Moto;;;1;1;;;;;;;3;;;;
18/04/2017;15:16:00;134;sem vítima;614;BR-324/BA;Leste;Colisão Traseira;2;;;;;;;;;;4;;;;
18/04/2017;18:37:00;175;sem vítima;6;BR-116/BA - ContSuFS;Sul;Colisão Traseira;1;;;1;;;;;;;3;;;;
19/04/2017;04:57:00;17;com vítima;555,8;BR-116/BA;Norte;Saida de Pista;;;;;1;;;;;;6;2;;;
19/04/2017;05:15:00;18;sem vítima;593,2;BR-116/BA;Sul;Saida de Pista;;;1;;;;;;;;1;;;;
19/04/2017;07:03:00;35;sem vítima;906,7;BR-116/BA;Sul;Colisão Traseira;;;2;;;1;;;;;3;;;;
19/04/2017;07:14:00;42;sem vítima;612,3;BR-324/BA;Oeste;Colisão Traseira;2;;;;;;;;;;6;;;;
19/04/2017;07:52:00;51;sem vítima;615,1;BR-324/BA;Leste;Colisão Traseira;2;;;;;;;;;;4;;;;
19/04/2017;11:01:00;96;sem vítima;566,2;BR-324/BA;Oeste;Saida de Pista;;;1;;;;;;;;1;;;;
19/04/2017;11:33:00;104;sem vítima;557,1;BR-324/BA;Leste;Saida de Pista;;;1;;;;;;;;2;;;;
19/04/2017;13:43:00;135;com vítima;23,2;BR-116/BA - Cont VC;Sul;Colisão Traseira;1;;;;;1;;;;;4;1;;;
19/04/2017;15:01:00;155;sem vítima;603,1;BR-116/BA;Norte;Outros;;;1;;;;;;;;1;;;;
19/04/2017;17:59:00;181;sem vítima;564,7;BR-324/BA;Oeste;Saida de Pista;1;;;;;;;;;;1;;;;
19/04/2017;20:33:00;215;com vítima;483,2;BR-116/BA;Sul;Colisão Lateral;;;1;;;;;;;1;4;1;;;
20/04/2017;12:38:00;126;sem vítima;10;BR-116/BA - Cont VC;Norte;Colisão Traseira;2;;;;;;;;;;2;;;;
20/04/2017;14:53:00;157;sem vítima;605,2;BR-324/BA;Oeste;Engavetamento;2;;;;;1;;;;;3;;;;
20/04/2017;14:58:00;158;sem vítima;559,5;BR-324/BA;Oeste;Saida de Pista;;;1;;;;;;;;1;;;;
20/04/2017;15:44:00;168;sem vítima;605,1;BR-324/BA;Oeste;Colisão Traseira;2;;;;;;;;;;5;;;;
20/04/2017;19:08:00;225;sem vítima;448,5;BR-116/BA;Norte;Atropelamento de Animal;;;1;;;;;;;;1;;;;
20/04/2017;19:10:00;226;com vítima;602;BR-324/BA;Oeste;Saida de Pista;1;;;;;;;;;;4;1;;;
21/04/2017;01:14:00;14;sem vítima;543;BR-324/BA;Oeste;Saida de Pista;1;;;;;;;;;;1;;;;
21/04/2017;01:26:00;15;sem vítima;543;BR-324/BA;Oeste;Saida de Pista;1;;;;;;;;;;1;;;;
21/04/2017;12:12:00;88;sem vítima;583,6;BR-324/BA;Leste;Capotamento;1;;;;;;;;;;1;;;;
21/04/2017;13:42:00;103;sem vítima;620;BR-324/BA;Oeste;Saida de Pista;1;;;;;;;;;;1;;;;
21/04/2017;14:55:00;120;sem vítima;439,8;BR-116/BA;Norte;Saida de Pista;1;;;;;;;;;;2;;;;
21/04/2017;17:03:00;141;sem vítima;767,8;BR-116/BA;Sul;Colisão Transversal;;;2;;;;;;;;2;;;;
21/04/2017;17:07:00;142;com vítima;615,3;BR-324/BA;Oeste;Saida de Pista;1;;;;;;;;;;0;2;;;
21/04/2017;17:18:00;143;sem vítima;519,2;BR-324/BA;Leste;Colisão Traseira;1;;1;;;;;;;;3;;;;
21/04/2017;17:45:00;151;com vítima;620,95;BR-324/BA;Leste;Colisão Traseira;1;;;;;;;;;;0;1;;;
21/04/2017;18:34:00;158;sem vítima;562,2;BR-324/BA;Oeste;Saida de Pista;;;1;;;;;;;;3;;;;
21/04/2017;19:59:00;166;sem vítima;16,6;BR-116/BA - Cont VC;Norte;Colisão Transversal;2;;;;;;;;;;3;;;;
22/04/2017;08:12:00;42;sem vítima;678,1;BR-116/BA;Sul;Colisão Traseira;;;2;;;;;;;;2;;;;
22/04/2017;13:25:00;104;sem vítima;562,6;BR-116/BA;Sul;Saida de Pista;;;1;;;;;;;;1;;;;
22/04/2017;13:51:00;112;com vítima;777,5;BR-116/BA;Sul;Colisão Traseira;;;;1;;1;;;;;1;1;;;
22/04/2017;14:30:00;123;sem vítima;839;BR-116/BA;Norte;Colisão Traseira;;;1;;;1;;;;;2;;;;
22/04/2017;14:42:00;127;com vítima;803,4;BR-116/BA;Norte;Colisão Lateral;1;;;;;1;;;;;1;;1;;
22/04/2017;20:39:00;198;sem vítima;473;BR-116/BA;Sul;Atropelamento de Animal;1;;;;;;;;;;1;;;;
22/04/2017;21:23:00;204;sem vítima;861,5;BR-116/BA;Sul;Saida de Pista;1;;;;;;;;;;4;;;;
22/04/2017;21:33:00;205;sem vítima;930,3;BR-116/BA;Norte;Saida de Pista;;;1;;;;;;;;1;;;;
22/04/2017;22:21:00;212;com vítima;464,5;BR-116/BA;Norte;Queda de Moto;;;;1;;;;;;;0;1;;;
23/04/2017;08:13:00;40;sem vítima;574,4;BR-324/BA;Leste;Capotamento;1;;;;;;;;;;4;;;;
23/04/2017;20:17:00;198;sem vítima;4,9;BA-526;Norte;Colisão Frontal;3;;;;;;;;;;4;;;;
23/04/2017;22:11:00;207;com vítima;495;BR-116/BA;Norte;Colisão Traseira;;;;2;;;;;;;2;1;;;
24/04/2017;06:28:00;30;sem vítima;616,1;BR-324/BA;Leste;Engavetamento;4;;;;;;;;;;13;;;;
24/04/2017;07:12:00;39;sem vítima;605,05;BR-324/BA;Oeste;Colisão Traseira;1;;;;;;;;;1;6;;;;
24/04/2017;07:23:00;44;sem vítima;605,1;BR-324/BA;Leste;Colisão Traseira;2;;;;;;;;;;2;;;;
24/04/2017;07:49:00;57;com vítima;620,9;BR-324/BA;Leste;Queda de Moto;;;;1;;;;;;;0;;1;;
24/04/2017;10:16:00;99;sem vítima;617,5;BR-324/BA;Leste;Colisão Traseira;2;;;;;;;;;;2;;;;
24/04/2017;21:37:00;245;sem vítima;439;BR-116/BA;Sul;Saida de Pista;1;;;;;;;;;;1;;;;
25/04/2017;00:04:00;1;sem vítima;458,5;BR-116/BA;Norte;Colisão Traseira;;;2;;;;;;;;2;;;;
25/04/2017;01:24:00;8;sem vítima;550;BR-324/BA;Oeste;Choque Contra Objeto Fixo;;;1;;;;;;;;1;;;;
25/04/2017;05:27:00;15;sem vítima;550;BR-324/BA;Oeste;Saida de Pista;1;;;;;;;;;;2;;;;
25/04/2017;07:02:00;31;sem vítima;845,9;BR-116/BA;Norte;Colisão Lateral;1;;;1;;;;;;;3;;;;
25/04/2017;07:36:00;37;com vítima;621,6;BR-324/BA;Leste;Queda de Moto;;;;1;;;;;;;1;1;;;
25/04/2017;09:07:00;65;com vítima;831,05;BR-116/BA;Sul;Engavetamento;1;;2;;;;;;;;5;1;;;
25/04/2017;10:49:00;89;com vítima;833;BR-116/BA;Norte;Engavetamento;;;;;3;;;;;;38;1;;;
25/04/2017;10:50:00;91;sem vítima;831,8;BR-116/BA;Sul;Colisão Traseira;1;;;;;1;;;;;2;;;;
25/04/2017;11:23:00;96;sem vítima;599;BR-324/BA;Oeste;Colisão Lateral;;;1;;;;;;;1;2;;;;
25/04/2017;11:24:00;97;sem vítima;830,8;BR-116/BA;Sul;Engavetamento;2;;;;1;;;;;;17;;;;
25/04/2017;20:50:00;204;sem vítima;568,5;BR-324/BA;Oeste;Saida de Pista;1;;;;;;;;;;2;;;;
26/04/2017;07:31:00;31;sem vítima;603;BR-324/BA;Leste;Engavetamento;2;;1;;;;;;;;3;;;;
26/04/2017;08:15:00;41;sem vítima;551;BR-324/BA;Leste;Saida de Pista;;;1;;;;;;;;1;;;;
26/04/2017;08:40:00;46;sem vítima;593,1;BR-324/BA;Oeste;Colisão Lateral;1;;1;;;;;;;;2;;;;
26/04/2017;09:06:00;50;sem vítima;598,1;BR-324/BA;Leste;Saida de Pista;1;;;;;;;;;;1;;;;
26/04/2017;10:23:00;66;sem vítima;633,1;BR-116/BA;Sul;Colisão Lateral;1;;;1;;;;;;;2;;;;
26/04/2017;15:37:00;124;sem vítima;909;BR-116/BA;Norte;Engavetamento;;;4;;;;;;;;4;;;;
26/04/2017;18:11:00;159;sem vítima;466;BR-116/BA;Norte;Saida de Pista;;;;;;;;;;1;2;;;;
26/04/2017;21:10:00;183;sem vítima;532;BR-324/BA;Oeste;Colisão Traseira;1;;;;;;;;;1;3;;;;
26/04/2017;21:58:00;192;sem vítima;478;BR-116/BA;Norte;Atropelamento de Animal;;;1;;;;;;;;1;;;;
27/04/2017;05:12:00;20;sem vítima;595,9;BR-324/BA;Leste;Colisão Traseira;1;;1;;;;;;;;7;;;;
27/04/2017;06:13:00;27;sem vítima;828,5;BR-116/BA;Sul;Colisão Lateral;1;;1;;;;;;;;4;;;;
27/04/2017;18:11:00;183;sem vítima;613;BR-324/BA;Oeste;Engavetamento;3;;;;;1;;;;;7;;;;
27/04/2017;22:42:00;225;com vítima;868;BR-116/BA;Sul;Colisão Frontal;;;1;;;;;;;1;1;;2;;3
27/04/2017;22:54:00;229;sem vítima;27;BR-116/BA - Cont VC;Sul;Capotamento;1;;;;;;;;;;1;;;;
28/04/2017;04:01:00;13;sem vítima;449;BR-116/BA;Sul;Colisão Transversal;;;2;;;;;;;;2;;;;
28/04/2017;09:31:00;43;sem vítima;448;BR-116/BA;Sul;Colisão Lateral;1;;;;;1;;;;;2;;;;
28/04/2017;14:54:00;103;com vítima;612;BR-324/BA;Oeste;Queda de Moto;;;;1;;;;;;;0;;2;;
28/04/2017;15:22:00;109;com vítima;622,1;BR-324/BA;Oeste;Colisão Traseira;1;;;1;;;;;;;2;;1;;
28/04/2017;16:18:00;118;com vítima;621;BR-324/BA;Leste;Queda de Moto;;;;1;;;;;;;0;1;;;
28/04/2017;18:08:00;142;com vítima;547;BR-116/BA;Sul;Queda de Moto;;;;1;;;;;;;0;;;;1
28/04/2017;18:44:00;148;sem vítima;584;BR-324/BA;Leste;Saida de Pista;1;;;;;;;;;;1;;;;
29/04/2017;09:24:00;71;sem vítima;533;BR-324/BA;Leste;Colisão Lateral;1;;1;;;;;;;;4;;;;
29/04/2017;10:16:00;86;sem vítima;530,8;BR-324/BA;Leste;Engavetamento;3;;;;;;;;;;7;;;;
29/04/2017;18:17:00;184;com vítima;11,9;BR-116/BA - Cont VC;Norte;Colisão Transversal;1;;;1;;;;;;;1;1;;;
30/04/2017;06:34:00;44;com vítima;570,8;BR-324/BA;Leste;Queda de Moto;;;;1;;;;;;;0;;1;;
30/04/2017;10:13:00;91;com vítima;809,9;BR-116/BA;Norte;Engavetamento;1;;2;;;;;;;;2;1;;;
30/04/2017;14:37:00;139;sem vítima;610;BR-324/BA;Leste;Queda de Moto;;;;1;;;;;;;1;;;;
30/04/2017;18:42:00;169;sem vítima;29;BR-116/BA - Cont VC;Norte;Colisão Traseira;1;;;;;1;;;;;4;;;;
30/04/2017;20:31:00;190;com vítima;815;BR-116/BA;Norte;Colisão Traseira;1;;1;;;;;;;;1;;1;;
30/04/2017;21:29:00;198;com vítima;537;BR-324/BA;Oeste;Queda de Moto;;;;1;;;;;;;0;;2;;
30/04/2017;22:22:00;204;sem vítima;809;BR-116/BA;Norte;Saida de Pista;1;;;;;;;;;;1;;;;
30/04/2017;22:28:00;206;sem vítima;841;BR-116/BA;Sul;Colisão Lateral;1;;;;;1;;;;;3;;;;
01/06/2017;11:24:00;127;sem vítima;909;BR-116/BA;Norte;Colisão Lateral;;;3;;;;;;;;3;;;;
01/06/2017;15:54:00;191;sem vítima;650;BR-116/BA;Norte;Colisão Traseira;1;;;;;1;;;;;4;;;;
01/06/2017;16:05:00;194;com vítima;452;BR-116/BA;Sul;Colisão Lateral;1;;1;;;1;;;;;2;;2;;
01/06/2017;17:48:00;228;sem vítima;613;BR-324/BA;Leste;Colisão Lateral;1;;;1;;;;;;;2;;;;
01/06/2017;17:50:00;229;com vítima;755,2;BR-116/BA;Norte;Colisão Transversal;;;1;;;;;;;1;1;1;1;;
01/06/2017;18:19:00;239;sem vítima;712;BR-116/BA;Norte;Colisão Traseira;;;1;;1;;;;;;38;;;;
01/06/2017;20:05:00;258;sem vítima;520;BR-116/BA;Sul;Atropelamento de Animal;;;1;;;;;;;;1;;;;
02/06/2017;08:37:00;73;com vítima;0;BR-116/BA - ContSuFS;Sul;Colisão Traseira;;;1;1;;;;;;;1;;;1;
02/06/2017;09:09:00;88;sem vítima;478,8;BR-116/BA;Sul;Colisão Traseira;2;;;;;;;;;;6;;;;
02/06/2017;13:34:00;168;sem vítima;621,5;BR-324/BA;Leste;Colisão Traseira;1;;;1;;;;;;;3;;;;
02/06/2017;15:16:00;198;sem vítima;585;BR-324/BA;Leste;Queda de Moto;;;;1;;;;;;;1;;;;
02/06/2017;16:14:00;209;com vítima;676,1;BR-116/BA;Sul;Outros;;;1;;;;1;;;;1;;1;;
02/06/2017;17:46:00;226;sem vítima;612;BR-324/BA;Oeste;Engavetamento;2;;1;;;;;;;;3;;;;
02/06/2017;17:56:00;230;sem vítima;537;BR-324/BA;Oeste;Queda de Moto;;;;1;;;;;;;1;;;;
02/06/2017;18:00:00;233;com vítima;846,2;BR-116/BA;Sul;Saida de Pista;;;1;;;;;;;;1;;1;;
02/06/2017;18:18:00;238;sem vítima;624;BR-324/BA;Oeste;Engavetamento;3;;;;;;;;;;4;;;;
02/06/2017;18:45:00;241;com vítima;849;BR-116/BA;Sul;Saida de Pista;1;;;;;;;;;;0;2;;;1
02/06/2017;19:27:00;247;com vítima;561;BR-324/BA;Leste;Saida de Pista;;;;;;;;;;1;9;3;3;;
02/06/2017;19:33:00;249;sem vítima;738,4;BR-116/BA;Norte;Colisão Traseira;;;1;;;1;;;;;2;;;;
02/06/2017;20:27:00;256;com vítima;670;BR-116/BA;Sul;Colisão Transversal;;;;1;;1;;;;;1;1;;;
03/06/2017;04:27:00;16;com vítima;620,8;BR-324/BA;Oeste;Colisão Lateral;;;;1;1;;;;;;2;1;;;
03/06/2017;05:56:00;24;sem vítima;799;BR-116/BA;Norte;Engavetamento;1;;2;;;;;;;;5;;;;
03/06/2017;11:26:00;81;sem vítima;643;BR-116/BA;Norte;Saida de Pista;1;;;;;;;;;;1;;;;
03/06/2017;12:18:00;96;com vítima;434;BR-116/BA;Norte;Saida de Pista;;;1;;;;;;;;0;;1;;
03/06/2017;13:05:00;103;sem vítima;592;BR-324/BA;Oeste;Saida de Pista;1;;;;;;;;;;2;;;;
03/06/2017;14:13:00;116;sem vítima;443,8;BR-116/BA;Norte;Choque Contra Objeto Fixo;;;;;;;;;;1;1;;;;
03/06/2017;14:18:00;119;com vítima;471,2;BR-116/BA;Sul;Queda de Moto;;;;1;;;;;;;0;;1;;
03/06/2017;17:34:00;161;sem vítima;535;BR-324/BA;Leste;Colisão Traseira;2;;;;;;;;;;8;;;;
03/06/2017;18:10:00;165;sem vítima;607;BR-324/BA;Oeste;Colisão Traseira;2;;;;;1;;;;;7;;;;
03/06/2017;18:31:00;170;com vítima;24;BR-116/BA - Cont VC;Sul;Atropelamento - Ciclista;;1;;;;1;;;;;1;;;;1
03/06/2017;18:33:00;171;sem vítima;917;BR-116/BA;Sul;Colisão Lateral;;;1;;;1;;;;;2;;;;
03/06/2017;23:45:00;206;com vítima;554,8;BR-324/BA;Leste;Saida de Pista;;;;;;;;;;1;5;3;4;;
03/06/2017;23:45:00;207;com vítima;589;BR-324/BA;Oeste;Saida de Pista;1;;;;;;;;;;0;2;2;1;
04/06/2017;04:35:00;22;sem vítima;781,6;BR-116/BA;Sul;Saida de Pista;1;;;;;;;;;;2;;;;
04/06/2017;07:10:00;42;sem vítima;441,9;BR-116/BA;Norte;Colisão Traseira;2;;;;;;;;;;3;;;;
04/06/2017;07:35:00;47;sem vítima;828,1;BR-116/BA;Sul;Atropelamento - Ciclista;1;1;;;;;;;;;3;;;;
04/06/2017;10:42:00;83;com vítima;616,2;BR-324/BA;Leste;Colisão Traseira;1;;;;1;;;;;;40;1;;;
04/06/2017;10:45:00;84;sem vítima;461,8;BR-116/BA;Norte;Colisão Traseira;;;2;;;;;;;;3;;;;
04/06/2017;11:35:00;88;com vítima;778,6;BR-116/BA;Sul;Queda de Moto;;;;1;;;;;;;0;1;;;
04/06/2017;11:37:00;90;com vítima;428;BR-116/BA;Norte;Queda de Moto;;;;1;;;;;;;0;1;;;
04/06/2017;14:11:00;107;sem vítima;2,4;BR-116/BA - ContSuFS;Sul;Colisão Traseira;;;1;;1;;;;;;2;;;;
04/06/2017;16:04:00;130;com vítima;571,3;BR-116/BA;Sul;Colisão Frontal;1;;1;;;;;;;;5;;2;;
04/06/2017;17:10:00;146;com vítima;544;BR-324/BA;Oeste;Saida de Pista;1;;;;;;;;;;0;;1;;
04/06/2017;17:41:00;153;sem vítima;551;BR-324/BA;Leste;Choque Contra Objeto Fixo;;;;1;;;;;;;1;;;;
04/06/2017;17:43:00;154;com vítima;565,7;BR-116/BA;Sul;Colisão Traseira;;;1;;;1;;;;;1;1;;;
04/06/2017;17:46:00;155;com vítima;756,5;BR-116/BA;Sul;Queda de Moto;;;;1;;;;;;;0;;1;;
04/06/2017;19:43:00;177;com vítima;819,1;BR-116/BA;Norte;Colisão Frontal;;;;2;;;;;;;0;1;1;;
04/06/2017;21:17:00;191;sem vítima;2,7;BA-526;Sul;Saida de Pista;1;;;;;;;;;;1;;;;
04/06/2017;23:57:00;212;sem vítima;619;BR-324/BA;Leste;Colisão Lateral;2;;;;;;;;;;2;;;;
05/06/2017;04:42:00;15;sem vítima;760;BR-116/BA;Sul;Colisão Traseira;1;;;;;;;;;1;11;;;;