data;horario;n_da_ocorrencia;tipo_de_ocorrencia;km;trecho;sentido;tipo_de_acidente;automovel;bicicleta;caminhao;moto;onibus;outros;tracao_animal;transporte_de_cargas_especiais;trator_maquinas;utilitarios;ilesos;levemente_feridos;moderadamente_feridos;gravemente_feridos;mortos
05/06/2017;04:56:00;17;sem vítima;565;BR-324/BA;Oeste;Colisão Traseira;1;;;1;;;;;;;2;;;;
05/06/2017;06:31:00;29;sem vítima;543;BR-324/BA;Oeste;Saida de Pista;1;;;;;;;;;1;2;;;;
05/06/2017;07:20:00;43;sem vítima;620;BR-324/BA;Leste;Colisão Traseira;1;;;;;1;;;;;2;;;;
05/06/2017;08:16:00;64;sem vítima;611,15;BR-324/BA;Oeste;Colisão Traseira;1;;;;;;;;;1;2;;;;
05/06/2017;08:37:00;73;sem vítima;615;BR-324/BA;Leste;Engavetamento;4;;;;;;;;;;4;;;;
05/06/2017;08:45:00;76;sem vítima;646;BR-116/BA;Sul;Saida de Pista;;;;;;1;;;;1;2;;;;
05/06/2017;12:07:00;143;com vítima;798;BR-116/BA;Sul;Saida de Pista;;;1;;;;;;;;0;1;;;
05/06/2017;15:18:00;181;sem vítima;518,7;BR-324/BA;Oeste;Saida de Pista;1;;;;;;;;;1;2;;;;
05/06/2017;17:36:00;222;sem vítima;622,5;BR-324/BA;Leste;Engavetamento;3;;;;;2;;;;;5;;;;
05/06/2017;19:09:00;239;sem vítima;620;BR-324/BA;Leste;Engavetamento;4;;;;;2;;;;1;9;;;;
05/06/2017;22:49:00;271;com vítima;428,8;BR-116/BA;Sul;Colisão Transversal;;;;1;;1;;;;;1;;;;1
06/06/2017;06:40:00;26;sem vítima;621,7;BR-324/BA;Leste;Colisão Traseira;1;;;;;;;;;1;6;;;;
06/06/2017;09:17:00;106;sem vítima;543,9;BR-324/BA;Oeste;Colisão Traseira;1;;1;;;;;;;;3;;;;
06/06/2017;12:52:00;173;sem vítima;643,6;BR-116/BA;Sul;Capotamento;1;;;;;;;;;;1;;;;
06/06/2017;16:44:00;248;sem vítima;598,2;BR-324/BA;Leste;Saida de Pista;;;1;;;;;;;;1;;;;
06/06/2017;17:23:00;258;sem vítima;611;BR-324/BA;Oeste;Sequência;2;;1;;;;;;;;3;;;;
06/06/2017;19:22:00;278;com vítima;8,8;BR-116/BA - Cont VC;Norte;Colisão Transversal;;;;1;;;;;;1;1;2;;;
07/06/2017;05:39:00;15;com vítima;427,2;BR-116/BA;Sul;Queda de Moto;;;;1;;;;;;;0;;;1;
07/06/2017;10:21:00;104;sem vítima;671,2;BR-116/BA;Sul;Colisão Traseira;;;2;;;;;;;;2;;;;
07/06/2017;10:35:00;110;sem vítima;639,3;BR-116/BA;Sul;Colisão Lateral;2;;;;;1;;;;;3;;;;
07/06/2017;15:20:00;181;sem vítima;607,9;BR-324/BA;Oeste;Saida de Pista;1;;;;;;;;;;1;;;;
08/06/2017;00:07:00;1;sem vítima;743;BR-116/BA;Norte;Colisão Traseira;;;2;;;;;;;;2;;;;
08/06/2017;07:44:00;52;sem vítima;607,5;BR-324/BA;Leste;Engavetamento;3;;;;;;;;;;3;;;;
08/06/2017;10:16:00;122;sem vítima;641,3;BR-116/BA;Sul;Tombamento;;;1;;;;;;;;2;;;;
08/06/2017;11:48:00;150;sem vítima;621,2;BR-324/BA;Leste;Queda de Moto;;;;1;;;;;;;1;;;;
08/06/2017;13:58:00;180;com vítima;801,1;BR-116/BA;Norte;Saida de Pista;1;;;;;;;;;;4;;;;1
08/06/2017;14:15:00;184;sem vítima;442;BR-116/BA;Norte;Choque Contra Objeto Fixo;1;;;;;;;;;;1;;;;
08/06/2017;17:22:00;229;sem vítima;7,9;BR-116/BA - Cont VC;Sul;Tombamento;;;1;;;;;;;;1;;;;
08/06/2017;18:10:00;240;com vítima;766,2;BR-116/BA;Sul;Colisão Traseira;;;;;;;;;;2;8;3;;;
09/06/2017;04:27:00;19;sem vítima;599;BR-324/BA;Leste;Choque - Cancela de Pedagio;;;1;;;;;;;;1;;;;
09/06/2017;08:03:00;74;com vítima;615;BR-324/BA;Leste;Queda de Moto;;;;1;;;;;;;0;1;;;
09/06/2017;08:32:00;85;sem vítima;564,1;BR-324/BA;Oeste;Saida de Pista;1;;;;;;;;;;4;;;;
09/06/2017;09:27:00;106;sem vítima;522,9;BR-324/BA;Oeste;Colisão Traseira;1;;1;;;;;;;;2;;;;
09/06/2017;11:18:00;142;sem vítima;467;BR-116/BA;Norte;Tombamento;;;1;;;;;;;;1;;;;
09/06/2017;13:46:00;176;com vítima;620,5;BR-324/BA;Oeste;Colisão Traseira;1;;;1;;;;;;;1;1;;;
09/06/2017;19:33:00;257;com vítima;594;BR-324/BA;Leste;Colisão Lateral;2;;1;;;;;;;;4;2;;;
10/06/2017;05:54:00;21;sem vítima;621,4;BR-324/BA;Oeste;Colisão Traseira;2;;;;;;;;;;2;;;;
10/06/2017;06:13:00;24;sem vítima;610,15;BR-324/BA;Leste;Capotamento;1;;;;;;;;;;5;;;;
10/06/2017;06:26:00;26;sem vítima;805,5;BR-116/BA;Norte;Engavetamento;2;;;;;1;;;;;9;;;;
10/06/2017;10:21:00;72;com vítima;871,3;BR-116/BA;Norte;Colisão Traseira;;;1;;1;;;;;;37;2;;;
10/06/2017;11:23:00;90;sem vítima;573,6;BR-324/BA;Leste;Saida de Pista;;;;;;;;;;1;1;;;;
10/06/2017;12:16:00;100;com vítima;617;BR-324/BA;Leste;Atropelamento de Pedestre;;;;1;;;;;;;0;1;1;;
10/06/2017;14:57:00;130;sem vítima;829,05;BR-116/BA;Sul;Saida de Pista;1;;;;;;;;;;1;;;;
10/06/2017;16:00:00;144;com vítima;584,2;BR-324/BA;Leste;Queda de Moto;;;;1;;;;;;;0;2;;;
10/06/2017;16:53:00;153;com vítima;813,6;BR-116/BA;Sul;Colisão Transversal;;;1;1;;;;;;;1;1;;;
10/06/2017;19:17:00;186;com vítima;4;BA-528;Norte;Colisão Lateral;;;;1;;;;;;1;1;1;;;
10/06/2017;20:40:00;199;sem vítima;534,5;BR-324/BA;Leste;Saida de Pista;;;;;;;;;;1;1;;;;
11/06/2017;02:32:00;18;sem vítima;618;BR-324/BA;Leste;Saida de Pista;1;;;;;;;;;;1;;;;
11/06/2017;09:49:00;76;sem vítima;796,9;BR-116/BA;Sul;Engavetamento;;;3;;;;;;;;3;;;;
11/06/2017;15:14:00;133;com vítima;632,1;BR-116/BA;Norte;Colisão Lateral;;;;1;1;;;;;;12;1;;;
11/06/2017;15:39:00;139;sem vítima;532,2;BR-324/BA;Leste;Saida de Pista;1;;;;;;;;;;4;;;;
11/06/2017;21:47:00;222;com vítima;462;BR-116/BA;Sul;Queda de Moto;;;;1;;;;;;;0;;2;;
12/06/2017;00:16:00;3;com vítima;673,5;BR-116/BA;Sul;Queda de Moto;;;;1;;;;;;;0;;1;;
12/06/2017;00:35:00;7;sem vítima;557,8;BR-324/BA;Leste;Atropelamento de Animal;;;1;;;;;;;;1;;;;
12/06/2017;07:56:00;74;sem vítima;585,3;BR-324/BA;Leste;Saida de Pista;;;1;;;;;;;;1;;;;
12/06/2017;14:11:00;200;com vítima;570,6;BR-324/BA;Leste;Saida de Pista;;;;;;;;;;1;0;1;;;
12/06/2017;14:21:00;202;sem vítima;450,3;BR-116/BA;Sul;Saida de Pista;;;1;;;;;;;;1;;;;
12/06/2017;15:47:00;219;com vítima;758;BR-116/BA;Sul;Atropelamento de Pedestre;;;;;;1;;;;;1;1;;;
12/06/2017;16:28:00;227;com vítima;15,7;BR-116/BA - Cont VC;Sul;Outros;;1;;;;;;;;;0;1;;;
12/06/2017;16:54:00;232;com vítima;894;BR-116/BA;Norte;Colisão Transversal;;;1;1;;;;;;;1;;;;1
12/06/2017;18:15:00;251;sem vítima;537;BR-324/BA;Leste;Colisão Lateral;1;;;;;;;;;1;3;;;;
13/06/2017;14:27:00;152;sem vítima;582,7;BR-324/BA;Oeste;Saida de Pista;;;;;;;;;;1;1;;;;
13/06/2017;15:33:00;169;com vítima;578,8;BR-324/BA;Leste;Saida de Pista;1;;;;;;;;;;1;2;;;
13/06/2017;16:36:00;184;sem vítima;538,1;BR-324/BA;Oeste;Colisão Traseira;2;;;;;;;;;;2;;;;
13/06/2017;18:44:00;211;sem vítima;537,2;BR-324/BA;Oeste;Saida de Pista;1;;;;;;;;;;3;;;;
13/06/2017;18:49:00;212;sem vítima;626,15;BR-324/BA;Leste;Outros;1;;;;;;;;;;2;;;;
13/06/2017;19:15:00;216;com vítima;583,003;BR-324/BA;Leste;Atropelamento de Pedestre;;;;;;2;;;;;1;;1;;
13/06/2017;19:31:00;220;sem vítima;792;BR-116/BA;Sul;Colisão Lateral;;;1;;;;;;;1;3;;;;
13/06/2017;19:54:00;225;sem vítima;642,8;BR-116/BA;Norte;Saida de Pista;;;1;;;;;;;;1;;;;
13/06/2017;20:30:00;227;com vítima;462,2;BR-116/BA;Sul;Colisão Lateral;;;;1;;1;;;;;1;1;1;;
14/06/2017;03:50:00;19;sem vítima;477,5;BR-116/BA;Norte;Saida de Pista;1;;;;;;;;;;4;;;;
14/06/2017;05:27:00;29;sem vítima;641,75;BR-116/BA;Sul;Saida de Pista;1;;;;;;;;;;1;;;;
14/06/2017;08:43:00;89;sem vítima;554;BR-324/BA;Oeste;Saida de Pista;;;;;;;;;;1;1;;;;
15/06/2017;01:34:00;11;com vítima;461;BR-116/BA;Sul;Saida de Pista;1;;;;;;;;;;2;2;;;
15/06/2017;02:59:00;15;sem vítima;571,3;BR-324/BA;Leste;Saida de Pista;1;;;;;;;;;;1;;;;
15/06/2017;05:22:00;22;sem vítima;685,7;BR-116/BA;Norte;Saida de Pista;;;;;;;;;;1;2;;;;
15/06/2017;07:06:00;37;sem vítima;438,8;BR-116/BA;Sul;Saida de Pista;1;;;;;;;;;;1;;;;
15/06/2017;10:40:00;82;sem vítima;530;BR-324/BA;Oeste;Saida de Pista;1;;;;;;;;;;1;;;;
15/06/2017;11:07:00;88;com vítima;18,2;BR-116/BA - Cont VC;Sul;Saida de Pista;1;;;;;;;;;;0;;;1;
15/06/2017;11:19:00;91;sem vítima;582,5;BR-324/BA;Leste;Saida de Pista;1;;;;;;;;;;1;;;;
15/06/2017;11:48:00;97;sem vítima;494,2;BR-116/BA;Norte;Saida de Pista;;;1;;;;;;;;1;;;;
15/06/2017;14:01:00;122;sem vítima;841,5;BR-116/BA;Norte;Saida de Pista;;;1;;;;;;;;2;;;;
15/06/2017;16:22:00;149;com vítima;9,8;BR-116/BA - Cont VC;Sul;Colisão Frontal;2;;;;;;;;;;0;;;4;2
15/06/2017;20:32:00;193;sem vítima;452,5;BR-116/BA;Norte;Colisão Traseira;;;;;;1;;;;1;2;;;;
16/06/2017;04:53:00;21;com vítima;706,1;BR-116/BA;Sul;Saida de Pista;;;;;;;;;;1;2;;2;;
16/06/2017;06:05:00;27;com vítima;729,4;BR-116/BA;Sul;Colisão Traseira;1;;1;;;;;;;;1;2;;;
16/06/2017;07:47:00;57;com vítima;818,8;BR-116/BA;Sul;Engavetamento;2;;;1;;;;;;;4;4;;;
16/06/2017;11:12:00;121;sem vítima;589,7;BR-324/BA;Oeste;Atropelamento de Animal;;;;1;;;;;;;1;;;;
16/06/2017;11:39:00;130;sem vítima;520,2;BR-324/BA;Oeste;Colisão Traseira;1;;;;1;;;;;;2;;;;
16/06/2017;14:10:00;160;com vítima;834,3;BR-116/BA;Norte;Colisão Transversal;;;;1;;1;;;;1;2;;1;;
16/06/2017;15:47:00;179;sem vítima;578,5;BR-116/BA;Sul;Saida de Pista;1;;;;;;;;;;1;;;;
16/06/2017;16:27:00;195;sem vítima;623,2;BR-324/BA;Leste;Saida de Pista;1;;;;;;;;;;1;;;;
16/06/2017;17:31:00;213;sem vítima;623,1;BR-324/BA;Oeste;Engavetamento;2;;;;;1;;;;;3;;;;
16/06/2017;18:33:00;237;com vítima;678,9;BR-116/BA;Norte;Queda de Moto;;;;1;;;;;;;0;;1;;
16/06/2017;18:34:00;238;sem vítima;784;BR-116/BA;Norte;Colisão Traseira;2;;;;;;;;;;2;;;;
16/06/2017;19:41:00;250;sem vítima;617,2;BR-324/BA;Oeste;Colisão Traseira;1;;;1;;;;;;;3;;;;
16/06/2017;19:50:00;254;sem vítima;541,2;BR-324/BA;Oeste;Saida de Pista;;;1;;;;;;;;1;;;;
16/06/2017;22:33:00;276;com vítima;10,5;BR-116/BA - Cont VC;Sul;Atropelamento de Animal;1;;;;;;;;;;1;1;;;
17/06/2017;01:11:00;6;sem vítima;846,2;BR-116/BA;Sul;Colisão Traseira;1;;1;;;;;;;;2;;;;
17/06/2017;06:22:00;33;sem vítima;480;BR-116/BA;Norte;Colisão Traseira;;;;1;;1;;;;;2;;;;
17/06/2017;07:13:00;38;sem vítima;594,95;BR-324/BA;Oeste;Colisão Lateral;1;;;;;1;;;;;2;;;;
17/06/2017;11:11:00;92;sem vítima;611,15;BR-324/BA;Oeste;Colisão Traseira;1;;;;1;;;;;;5;;;;
17/06/2017;12:04:00;99;sem vítima;561,6;BR-324/BA;Oeste;Tombamento;;;1;;;;;;;;3;;;;
17/06/2017;12:46:00;105;sem vítima;574,1;BR-324/BA;Leste;Saida de Pista;1;;;;;;;;;;4;;;;
17/06/2017;14:35:00;128;com vítima;546,3;BR-324/BA;Oeste;Colisão Frontal;1;;1;;;;;;;;2;3;1;;
17/06/2017;15:19:00;135;sem vítima;543,05;BR-324/BA;Oeste;Saida de Pista;1;;;;;;;;;;1;;;;
17/06/2017;16:18:00;146;sem vítima;628,8;BR-116/BA;Sul;Colisão Traseira;;;1;;;1;;;;;2;;;;
17/06/2017;17:41:00;158;com vítima;626,15;BR-324/BA;Leste;Queda de Moto;;;;1;;;;;;;1;1;;;
17/06/2017;18:26:00;170;sem vítima;587;BR-324/BA;Oeste;Choque Contra Objeto Fixo;1;;;;;;;;;;1;;;;
17/06/2017;18:54:00;178;sem vítima;551,7;BR-324/BA;Leste;Saida de Pista;1;;;;;;;;;;3;;;;
17/06/2017;20:20:00;189;sem vítima;929;BR-116/BA;Norte;Colisão Traseira;1;;2;;;;;;;;3;;;;
17/06/2017;23:53:00;215;sem vítima;620;BR-324/BA;Oeste;Colisão Traseira;2;;;;;;;;;;2;;;;
18/06/2017;13:08:00;85;com vítima;579,1;BR-324/BA;Leste;Saida de Pista;1;;;;;;;;;;0;2;1;;
18/06/2017;13:45:00;93;sem vítima;579,1;BR-324/BA;Oeste;Colisão Traseira;1;;;;;1;;;;;2;;;;
18/06/2017;17:15:00;136;sem vítima;543,05;BR-324/BA;Oeste;Saida de Pista;1;;;;;;;;;;1;;;;
18/06/2017;18:49:00;164;com vítima;497;BR-116/BA;Norte;Saida de Pista;;;;;;;;;;1;2;1;;;
18/06/2017;19:08:00;171;sem vítima;624;BR-324/BA;Oeste;Colisão Traseira;2;;;;;;;;;;3;;;;
18/06/2017;20:03:00;181;sem vítima;564,3;BR-324/BA;Oeste;Colisão Traseira;1;;1;;;;;;;;2;;;;
18/06/2017;20:24:00;184;sem vítima;621,9;BR-324/BA;Oeste;Saida de Pista;1;;;;;;;;;;1;;;;
18/06/2017;20:34:00;185;sem vítima;541;BR-324/BA;Oeste;Saida de Pista;1;;;;;;;;;;1;;;;
18/06/2017;20:38:00;187;sem vítima;559,8;BR-324/BA;Leste;Saida de Pista;1;;;;;;;;;;1;;;;
18/06/2017;23:38:00;206;sem vítima;585,6;BR-324/BA;Leste;Saida de Pista;1;;;;;;;;;;2;;;;
18/06/2017;23:40:00;208;sem vítima;805;BR-116/BA;Sul;Atropelamento de Animal;1;;;;;;;;;;3;;;;
19/06/2017;07:28:00;36;sem vítima;585,5;BR-324/BA;Leste;Colisão Lateral;;;1;;;1;;;;;2;;;;
19/06/2017;08:26:00;61;com vítima;615,45;BR-324/BA;Leste;Atropelamento de Pedestre;;;;1;;;;;;;1;1;;;
19/06/2017;10:32:00;115;sem vítima;833,8;BR-116/BA;Norte;Colisão Traseira;2;;;;;;;;;;6;;;;
19/06/2017;12:53:00;150;sem vítima;543;BR-324/BA;Oeste;Outros;1;;;;;;;;;;1;;;;
19/06/2017;14:24:00;171;sem vítima;621,3;BR-116/BA;Sul;Saida de Pista;1;;;;;;;;;;1;;;;
19/06/2017;15:36:00;182;sem vítima;545;BR-324/BA;Oeste;Colisão Traseira;;;;;;;;;;2;5;;;;
19/06/2017;17:17:00;210;sem vítima;582,4;BR-324/BA;Leste;Saida de Pista;1;;;;;;;;;;2;;;;
19/06/2017;18:11:00;229;sem vítima;622;BR-324/BA;Oeste;Engavetamento;2;;;;;2;;;;;4;;;;
19/06/2017;18:19:00;230;sem vítima;561,8;BR-324/BA;Leste;Colisão Lateral;1;;;;;1;;;;;2;;;;
19/06/2017;18:25:00;234;sem vítima;616;BR-324/BA;Leste;Queda de Moto;;;;1;;;;;;;1;;;;
20/06/2017;08:16:00;66;sem vítima;582,4;BR-324/BA;Oeste;Engavetamento;4;;;;;;;;;;8;;;;
20/06/2017;09:07:00;89;sem vítima;591,1;BR-324/BA;Leste;Saida de Pista;1;;;;;;;;;;5;;;;
20/06/2017;09:34:00;105;sem vítima;833,2;BR-116/BA;Norte;Colisão Traseira;2;;;;;;;;;;7;;;;
20/06/2017;09:48:00;110;com vítima;543,1;BR-324/BA;Oeste;Saida de Pista;1;;;;;;;;;;2;1;;;
20/06/2017;10:12:00;125;sem vítima;590,9;BR-324/BA;Leste;Colisão Traseira;1;;;;;;;;;2;6;;;;
20/06/2017;10:19:00;129;sem vítima;590,6;BR-324/BA;Leste;Saida de Pista;1;;;;;;;;;;5;;;;
20/06/2017;10:21:00;134;sem vítima;590,2;BR-324/BA;Leste;Saida de Pista;;;1;;;;;;;;2;;;;
20/06/2017;14:06:00;187;sem vítima;552,3;BR-324/BA;Oeste;Saida de Pista;1;;;;;;;;;;2;;;;
20/06/2017;15:16:00;202;com vítima;21;BR-116/BA - Cont VC;Sul;Tombamento;;;1;;;;;;;;0;1;;;
20/06/2017;16:45:00;221;sem vítima;876,7;BR-116/BA;Sul;Engavetamento;1;;3;;;;;;;;5;;;;
20/06/2017;17:24:00;238;sem vítima;623,6;BR-324/BA;Oeste;Engavetamento;4;;;;;;;;;;7;;;;
20/06/2017;17:57:00;243;sem vítima;496,2;BR-116/BA;Norte;Atropelamento de Animal;;;1;;;;;;;;1;;;;
20/06/2017;21:15:00;274;sem vítima;578;BR-116/BA;Norte;Colisão Lateral;;;2;;;;;;;;2;;;;
20/06/2017;23:56:00;290;sem vítima;632;BR-116/BA;Sul;Tombamento;;;1;;;;;;;;1;;;;
21/06/2017;07:02:00;39;sem vítima;586,7;BR-324/BA;Oeste;Saida de Pista;1;;;;;;;;;;1;;;;
21/06/2017;07:40:00;58;sem vítima;547,3;BR-324/BA;Oeste;Colisão Traseira;2;;;;;;;;;;2;;;;
21/06/2017;08:06:00;74;com vítima;617,2;BR-324/BA;Oeste;Engavetamento;2;;;1;;;;;;;4;3;;;
21/06/2017;08:18:00;76;sem vítima;556,5;BR-324/BA;Oeste;Colisão Traseira;1;;1;;;;;;;;2;;;;
21/06/2017;08:23:00;77;com vítima;617,4;BR-324/BA;Leste;Queda de Moto;;;;1;;;;;;;0;;;1;
21/06/2017;09:09:00;101;com vítima;806,1;BR-116/BA;Norte;Engavetamento;1;;4;;;;;;;;5;;;;1
21/06/2017;09:29:00;109;sem vítima;617,5;BR-324/BA;Oeste;Engavetamento;3;;;;;;;;;;4;;;;
21/06/2017;10:36:00;123;sem vítima;552,1;BR-116/BA;Sul;Saida de Pista;1;;;;;;;;;;5;;;;
21/06/2017;15:19:00;193;sem vítima;556,8;BR-324/BA;Leste;Saida de Pista;1;;;;;;;;;;1;;;;
21/06/2017;15:28:00;201;sem vítima;556,2;BR-324/BA;Oeste;Colisão Traseira;2;;;;;;;;;;5;;;;
21/06/2017;15:31:00;202;sem vítima;557,2;BR-324/BA;Oeste;Engavetamento;1;;1;;;;;;;1;5;;;;
21/06/2017;15:55:00;212;sem vítima;558,2;BR-324/BA;Oeste;Colisão Traseira;1;;;;;;;;;1;3;;;;
21/06/2017;16:08:00;217;sem vítima;448;BR-116/BA;Norte;Colisão Traseira;1;;1;;;;;;;;2;;;;
21/06/2017;16:28:00;226;sem vítima;561,5;BR-324/BA;Oeste;Saida de Pista;;;1;;;;;;;;1;;;;
21/06/2017;20:15:00;277;sem vítima;644;BR-116/BA;Norte;Saida de Pista;;;1;;;1;;;;;2;;;;
21/06/2017;22:18:00;289;sem vítima;8;BR-116/BA - Cont VC;Norte;Saida de Pista;1;;;;;;;;;;1;;;;
22/06/2017;04:15:00;18;sem vítima;452,8;BR-116/BA;Norte;Colisão Traseira;;;;;1;1;;;;;39;;;;
22/06/2017;07:51:00;60;sem vítima;549;BR-324/BA;Oeste;Saida de Pista;1;;;;;;;;;;1;;;;
22/06/2017;08:10:00;69;sem vítima;614,5;BR-324/BA;Oeste;Engavetamento;3;;;;;;;;;;5;;;;
22/06/2017;08:26:00;92;sem vítima;550;BR-324/BA;Oeste;Colisão Traseira;2;;;;;;;;;;4;;;;
22/06/2017;09:38:00;128;sem vítima;578,5;BR-324/BA;Oeste;Colisão Lateral;;;;;;1;;;;1;3;;;;
22/06/2017;10:01:00;136;sem vítima;586,05;BR-324/BA;Oeste;Saida de Pista;;;1;;;;;;;;1;;;;
22/06/2017;10:34:00;154;sem vítima;611,2;BR-324/BA;Oeste;Engavetamento;4;;;;;1;;;;;13;;;;
22/06/2017;10:55:00;163;sem vítima;612,8;BR-324/BA;Oeste;Colisão Lateral;1;;1;;;;;;;;6;;;;
22/06/2017;11:15:00;176;sem vítima;617,08;BR-324/BA;Leste;Tombamento;;;1;;;;;;;;3;;;;
22/06/2017;12:07:00;194;sem vítima;569,3;BR-324/BA;Oeste;Colisão Lateral;;;1;1;;;;;;;3;;;;
22/06/2017;12:20:00;198;sem vítima;433,3;BR-116/BA;Norte;Saida de Pista;1;;;;;;;;;;3;;;;
22/06/2017;12:34:00;201;sem vítima;547,3;BR-324/BA;Oeste;Colisão Lateral;1;;;;;1;;;;;2;;;;
22/06/2017;14:22:00;223;sem vítima;548,6;BR-324/BA;Oeste;Engavetamento;3;;;;;;;;;;11;;;;
22/06/2017;17:22:00;275;sem vítima;548;BR-324/BA;Oeste;Saida de Pista;;;1;;;;;;;;1;;;;
22/06/2017;17:55:00;291;sem vítima;551;BR-324/BA;Oeste;Colisão Lateral;1;;1;;;;;;;;3;;;;
22/06/2017;19:22:00;335;com vítima;552;BR-324/BA;Leste;Sequência;2;;;;;;;;;1;7;1;;;
22/06/2017;20:15:00;358;sem vítima;574,5;BR-324/BA;Leste;Saida de Pista;1;;;;;;;;;;1;;;;
22/06/2017;20:40:00;366;sem vítima;576,8;BR-324/BA;Oeste;Colisão Lateral;1;;1;;;;;;;;7;;;;
22/06/2017;21:24:00;375;sem vítima;588,5;BR-324/BA;Oeste;Colisão Traseira;2;;;;;;;;;;4;;;;
23/06/2017;05:23:00;50;sem vítima;577,5;BR-116/BA;Norte;Colisão Traseira;;;1;;;;;;;1;4;;;;
23/06/2017;05:34:00;52;sem vítima;576;BR-324/BA;Oeste;Engavetamento;3;;;;;;;;;;9;;;;
23/06/2017;06:11:00;59;sem vítima;611,5;BR-324/BA;Oeste;Colisão Lateral;1;;1;;;;;;;;6;;;;
23/06/2017;06:59:00;71;sem vítima;495,2;BR-116/BA;Sul;Colisão Transversal;2;;;;;;;;;;5;;;;
23/06/2017;07:44:00;85;sem vítima;624,05;BR-324/BA;Leste;Colisão Lateral;;;;1;;;;;;1;3;;;;
23/06/2017;08:18:00;93;sem vítima;460,6;BR-116/BA;Sul;Queda de Moto;;;;1;;;;;;;2;;;;
23/06/2017;10:14:00;142;sem vítima;596,1;BR-324/BA;Oeste;Colisão Traseira;1;;;;;1;;;;;2;;;;
23/06/2017;10:32:00;152;sem vítima;596;BR-324/BA;Oeste;Colisão Traseira;2;;;;;;;;;;5;;;;
23/06/2017;10:35:00;153;sem vítima;447,3;BR-116/BA;Sul;Colisão Traseira;;;;;;1;;;;1;2;;;;
23/06/2017;10:58:00;165;sem vítima;587;BR-324/BA;Oeste;Colisão Traseira;1;;1;;;;;;;;5;;;;
23/06/2017;12:21:00;186;sem vítima;570;BR-324/BA;Oeste;Queda de Moto;;;;1;;;;;;;1;;;;
23/06/2017;12:44:00;190;com vítima;537;BR-324/BA;Oeste;Colisão Lateral;1;;;1;;;;;;;3;1;;;
23/06/2017;13:30:00;201;com vítima;559;BR-324/BA;Oeste;Saida de Pista;1;;;;;;;;;;0;1;1;;
23/06/2017;14:24:00;213;sem vítima;594;BR-324/BA;Oeste;Engavetamento;2;;;;;;;;;1;3;;;;
23/06/2017;14:36:00;217;sem vítima;607;BR-324/BA;Oeste;Engavetamento;2;;;;;2;;;;;7;;;;
23/06/2017;15:36:00;239;sem vítima;595,3;BR-324/BA;Oeste;Engavetamento;2;;;;;1;;;;;9;;;;
23/06/2017;15:46:00;246;sem vítima;577,6;BR-116/BA;Norte;Capotamento;1;;;;;;;;;;2;;;;
23/06/2017;16:06:00;255;sem vítima;596,3;BR-324/BA;Oeste;Engavetamento;3;;;;;;;;;;3;;;;
23/06/2017;17:33:00;276;sem vítima;596;BR-324/BA;Oeste;Colisão Traseira;2;;;;;;;;;;7;;;;
23/06/2017;20:17:00;325;com vítima;596;BR-324/BA;Oeste;Engavetamento;6;;;;;;;;;;19;1;;;
23/06/2017;20:28:00;328;sem vítima;609;BR-324/BA;Oeste;Queda de Moto;;;;1;;;;;;;2;;;;
23/06/2017;20:35:00;329;sem vítima;596;BR-324/BA;Oeste;Colisão Traseira;2;;;;;;;;;;3;;;;
23/06/2017;20:41:00;334;com vítima;462;BR-116/BA;Norte;Colisão Traseira;1;;;1;;;;;;;1;1;;;
23/06/2017;20:50:00;336;sem vítima;595;BR-116/BA;Norte;Saida de Pista;;;1;;;;;;;;1;;;;
23/06/2017;22:23:00;363;com vítima;827,2;BR-116/BA;Sul;Colisão Traseira;3;;1;;;;;;;;12;1;;;
23/06/2017;23:52:00;378;sem vítima;590;BR-324/BA;Oeste;Saida de Pista;1;;;;;;;;;;2;;;;
24/06/2017;04:17:00;28;sem vítima;506;BR-116/BA;Sul;Colisão Transversal;2;;;;;;;;;;2;;;;
24/06/2017;05:41:00;32;com vítima;818,8;BR-116/BA;Norte;Queda de Moto;;;;1;;;;;;;0;1;;;
24/06/2017;08:41:00;59;sem vítima;587,4;BR-324/BA;Leste;Saida de Pista;1;;;;;;;;;;1;;;;
24/06/2017;09:11:00;66;sem vítima;556,1;BR-324/BA;Leste;Saida de Pista;1;;;;;;;;;;1;;;;
24/06/2017;13:56:00;127;com vítima;576,3;BR-324/BA;Leste;Saida de Pista;;;;;;;;;;1;0;2;1;;
24/06/2017;14:43:00;139;com vítima;788,5;BR-116/BA;Sul;Queda de Moto;;;;1;;;;;;;0;1;;;
24/06/2017;15:09:00;144;com vítima;868;BR-116/BA;Sul;Colisão Lateral;;;1;1;;;;;;;1;;2;;
24/06/2017;15:28:00;147;com vítima;450,85;BR-116/BA;Norte;Engavetamento;1;;2;;;;;;;;2;;1;;
24/06/2017;18:11:00;170;sem vítima;561,6;BR-324/BA;Leste;Saida de Pista;1;;;;;;;;;;1;;;;
24/06/2017;21:54:00;203;sem vítima;467;BR-116/BA;Norte;Colisão Traseira;;;1;;;;;;;1;2;;;;
25/06/2017;00:11:00;2;sem vítima;546,3;BR-324/BA;Oeste;Saida de Pista;1;;;;;;;;;;1;;;;
25/06/2017;01:31:00;6;sem vítima;485;BR-116/BA;Norte;Saida de Pista;;;1;;;;;;;;1;;;;
25/06/2017;04:18:00;19;com vítima;917,1;BR-116/BA;Norte;Colisão Frontal;1;;1;;;;;;;;1;;1;;2
25/06/2017;05:58:00;24;sem vítima;438,9;BR-116/BA;Sul;Saida de Pista;1;;;;;;;;;;3;;;;