data;horario;n_da_ocorrencia;tipo_de_ocorrencia;km;trecho;sentido;tipo_de_acidente;automovel;bicicleta;caminhao;moto;onibus;outros;tracao_animal;transporte_de_cargas_especiais;trator_maquinas;utilitarios;ilesos;levemente_feridos;moderadamente_feridos;gravemente_feridos;mortos
25/06/2017;06:14:00;26;sem vítima;656;BR-116/BA;Norte;Saida de Pista;1;;;;;;;;;;2;;;;
25/06/2017;06:20:00;28;com vítima;610,3;BR-324/BA;Leste;Choque Contra Objeto Fixo;1;;;;;;;;;;0;1;;;
25/06/2017;07:08:00;36;sem vítima;599,05;BR-324/BA;Leste;Colisão Lateral;2;;;;;;;;;;4;;;;
25/06/2017;09:09:00;60;sem vítima;17,2;BR-116/BA - Cont VC;Norte;Colisão Traseira;;;1;;;1;;;;;2;;;;
25/06/2017;12:14:00;116;sem vítima;499,3;BR-116/BA;Norte;Colisão Traseira;;;2;;;;;;;;3;;;;
25/06/2017;15:00:00;164;sem vítima;455,8;BR-116/BA;Norte;Saida de Pista;1;;;;;;;;;;5;;;;
25/06/2017;15:11:00;173;sem vítima;554,3;BR-324/BA;Leste;Colisão Traseira;2;;;;;;;;;;2;;;;
25/06/2017;16:31:00;197;sem vítima;605,9;BR-324/BA;Leste;Colisão Traseira;2;;;;;;;;;;6;;;;
25/06/2017;16:55:00;210;sem vítima;451,2;BR-116/BA;Norte;Saida de Pista;1;;;;;;;;;;2;;;;
25/06/2017;17:12:00;219;sem vítima;563,3;BR-324/BA;Leste;Colisão Lateral;1;;;1;;;;;;;5;;;;
25/06/2017;17:33:00;229;com vítima;804;BR-116/BA;Sul;Colisão Lateral;;;;1;;1;;;;;1;;1;;
25/06/2017;18:42:00;250;sem vítima;559;BR-324/BA;Leste;Colisão Traseira;1;;;;;1;;;;;2;;;;
25/06/2017;19:08:00;263;sem vítima;551;BR-324/BA;Leste;Engavetamento;3;;;;;;;;;;11;;;;
25/06/2017;19:42:00;272;sem vítima;434,5;BR-116/BA;Norte;Saida de Pista;1;;;;;;;;;;3;;;;
25/06/2017;19:52:00;277;sem vítima;464,4;BR-116/BA;Sul;Colisão Traseira;1;;1;;;;;;;;2;;;;
25/06/2017;23:05:00;324;sem vítima;496,5;BR-116/BA;Norte;Colisão Traseira;1;;;;;;;;;1;5;;;;
26/06/2017;01:17:00;9;sem vítima;434,8;BR-116/BA;Norte;Saida de Pista;1;;;;;;;;;;3;;;;
26/06/2017;06:55:00;50;sem vítima;616,2;BR-324/BA;Leste;Colisão Traseira;2;;;;;;;;;;8;;;;
26/06/2017;07:02:00;52;sem vítima;641,8;BR-116/BA;Norte;Saida de Pista;;;1;;;;;;;;1;;;;
26/06/2017;07:07:00;53;sem vítima;548;BR-324/BA;Leste;Engavetamento;4;;1;;;;;;;1;13;;;;
26/06/2017;07:31:00;59;com vítima;831,1;BR-116/BA;Norte;Engavetamento;;;2;;;;;;;1;2;1;;;
26/06/2017;07:10:00;61;sem vítima;548,5;BR-324/BA;Leste;Sequência;3;;;;;;;;;;9;;;;
26/06/2017;07:46:00;63;com vítima;605,8;BR-324/BA;Leste;Colisão Traseira;1;;;1;;;;;;;1;1;;;
26/06/2017;08:24:00;84;sem vítima;599;BR-324/BA;Leste;Colisão Lateral;1;;1;;;;;;;;2;;;;
26/06/2017;08:27:00;85;sem vítima;548,5;BR-324/BA;Leste;Colisão Traseira;1;;;;;;;;;1;3;;;;
26/06/2017;08:43:00;90;com vítima;702,5;BR-116/BA;Sul;Choque Contra Objeto Fixo;1;;;;;;;;;;1;2;1;;
26/06/2017;08:49:00;94;sem vítima;599;BR-324/BA;Leste;Colisão Traseira;1;;1;;;;;;;;2;;;;
26/06/2017;09:24:00;103;sem vítima;545,5;BR-324/BA;Leste;Engavetamento;2;;;;;;;;;1;7;;;;
26/06/2017;09:26:00;104;com vítima;523,15;BR-324/BA;Oeste;Saida de Pista;1;;;;;;;;;;0;1;;;
26/06/2017;10:46:00;134;sem vítima;575;BR-324/BA;Leste;Engavetamento;3;;;;;;;;;;3;;;;
26/06/2017;11:49:00;160;sem vítima;575,5;BR-324/BA;Leste;Colisão Traseira;1;;;;;;;;;1;6;;;;
26/06/2017;12:12:00;170;sem vítima;599,4;BR-324/BA;Leste;Colisão Lateral;1;;1;;;;;;;;4;;;;
26/06/2017;12:24:00;174;sem vítima;599,3;BR-324/BA;Leste;Colisão Traseira;1;;1;;;;;;;;2;;;;
26/06/2017;12:49:00;181;sem vítima;536,5;BR-324/BA;Leste;Colisão Traseira;1;;;;;1;;;;;2;;;;
26/06/2017;14:54:00;221;sem vítima;580;BR-324/BA;Leste;Saida de Pista;;;1;;;;;;;;1;;;;
26/06/2017;15:35:00;241;sem vítima;462,1;BR-116/BA;Norte;Engavetamento;1;;2;;;;;;;;3;;;;
26/06/2017;16:49:00;271;com vítima;574;BR-116/BA;Norte;Colisão Traseira;;;;;;1;;;;1;3;2;;;
26/06/2017;17:05:00;274;sem vítima;16,5;BR-116/BA - Cont VC;Sul;Engavetamento;1;;;1;;;;;;1;4;;;;
26/06/2017;17:57:00;298;sem vítima;551;BR-324/BA;Leste;Colisão Lateral;2;;1;;;1;;;;;6;;;;
26/06/2017;18:38:00;312;sem vítima;599;BR-324/BA;Leste;Colisão Lateral;1;;1;;;;;;;;5;;;;
26/06/2017;18:44:00;314;sem vítima;558,5;BR-324/BA;Leste;Colisão Traseira;;;;;;;;;;2;6;;;;
26/06/2017;19:17:00;327;com vítima;625;BR-324/BA;Oeste;Colisão Traseira;1;;;1;;;;;;;1;1;;;
27/06/2017;00:53:00;10;sem vítima;565,2;BR-324/BA;Oeste;Tombamento;;;;;;;;;;1;1;;;;
27/06/2017;03:39:00;17;com vítima;551,3;BR-324/BA;Leste;Queda de Moto;;;;1;;1;;;;;1;;;1;
27/06/2017;06:30:00;26;sem vítima;608,2;BR-324/BA;Leste;Engavetamento;2;;;;;1;;;;;3;;;;
27/06/2017;07:15:00;39;sem vítima;562;BR-324/BA;Oeste;Saida de Pista;1;;;;;;;;;;4;;;;
27/06/2017;07:29:00;43;com vítima;584;BR-324/BA;Leste;Saida de Pista;1;;;;;;;;;;1;3;;;
27/06/2017;09:04:00;82;sem vítima;615,95;BR-324/BA;Oeste;Colisão Traseira;2;;;;;;;;;;2;;;;
27/06/2017;09:31:00;94;com vítima;615,8;BR-324/BA;Leste;Engavetamento;4;;;;;1;;;;;8;;1;;
27/06/2017;09:57:00;102;sem vítima;609;BR-324/BA;Leste;Engavetamento;3;;;;;;;;;;9;;;;
27/06/2017;10:29:00;109;sem vítima;607,01;BR-324/BA;Leste;Colisão Traseira;1;;;;;1;;;;;2;;;;
27/06/2017;10:37:00;113;sem vítima;547,1;BR-324/BA;Oeste;Colisão Traseira;;;;;;1;;;;1;2;;;;
27/06/2017;10:39:00;114;sem vítima;521;BR-324/BA;Oeste;Colisão Lateral;1;;;;;1;;;;;2;;;;
27/06/2017;11:10:00;124;sem vítima;615,45;BR-324/BA;Leste;Engavetamento;3;;;;;;;;;;3;;;;
27/06/2017;11:41:00;133;sem vítima;602,5;BR-324/BA;Leste;Engavetamento;3;;;;;;;;;;9;;;;
27/06/2017;11:46:00;136;sem vítima;565,8;BR-324/BA;Leste;Saida de Pista;;;;;;;;;;1;1;;;;
27/06/2017;12:02:00;147;sem vítima;610;BR-324/BA;Leste;Colisão Traseira;2;;;;;;;;;;5;;;;
27/06/2017;12:34:00;158;sem vítima;601;BR-324/BA;Leste;Colisão Traseira;2;;;;;;;;;;2;;;;
27/06/2017;14:39:00;187;sem vítima;591;BR-324/BA;Oeste;Colisão Lateral;1;;1;;;;;;;;3;;;;
27/06/2017;17:40:00;231;com vítima;574;BR-324/BA;Leste;Saida de Pista;1;;;;;;;;;;0;;2;;
27/06/2017;18:09:00;242;com vítima;615;BR-324/BA;Leste;Colisão Traseira;2;;;;;;;;;;6;3;;;
27/06/2017;18:21:00;246;sem vítima;603;BR-324/BA;Leste;Colisão Frontal;3;;;;;;;;;;3;;;;
27/06/2017;20:48:00;270;sem vítima;656,8;BR-116/BA;Sul;Saida de Pista;;;1;;;;;;;;1;;;;
27/06/2017;23:18:00;291;com vítima;595,9;BR-116/BA;Norte;Saida de Pista;1;;;;;;;;;;0;;1;;
28/06/2017;07:40:00;50;com vítima;541,5;BR-324/BA;Leste;Colisão Lateral;2;;;;;;;;;;4;1;;;
28/06/2017;08:08:00;58;com vítima;432;BR-116/BA;Norte;Queda de Moto;;;;1;;;;;;;0;1;;;
28/06/2017;08:13:00;61;sem vítima;588,2;BR-116/BA;Norte;Saida de Pista;1;;;;;;;;;;1;;;;
28/06/2017;09:07:00;78;sem vítima;597,4;BR-324/BA;Oeste;Saida de Pista;;;;;;;;;;1;1;;;;
28/06/2017;12:48:00;142;com vítima;610,21;BR-324/BA;Leste;Colisão Traseira;1;;1;;;;;;;;1;1;;;
28/06/2017;13:08:00;146;sem vítima;608,08;BR-324/BA;Leste;Colisão Traseira;2;;;;;;;;;;3;;;;
28/06/2017;13:27:00;149;com vítima;608,01;BR-324/BA;Leste;Colisão Traseira;1;;;1;;;;;;;5;2;;;
28/06/2017;14:12:00;160;com vítima;18,3;BR-116/BA - Cont VC;Sul;Atropelamento de Pedestre;;;1;;;;;;;;1;;1;;
28/06/2017;16:05:00;188;sem vítima;714,4;BR-116/BA;Sul;Saida de Pista;1;;;;;;;;;;2;;;;
28/06/2017;16:32:00;194;sem vítima;643,1;BR-116/BA;Sul;Colisão Traseira;1;;1;;;;;;;;6;;;;
28/06/2017;19:00:00;219;sem vítima;623,8;BR-324/BA;Oeste;Colisão Lateral;;;1;1;;;;;;;3;;;;
29/06/2017;00:34:00;3;com vítima;846,2;BR-116/BA;Sul;Colisão Frontal;1;;1;;;;;;;;1;1;;;
29/06/2017;05:14:00;16;sem vítima;528,6;BR-324/BA;Oeste;Colisão Lateral;1;;1;;;;;;;;3;;;;
29/06/2017;05:15:00;18;com vítima;528,4;BR-324/BA;Oeste;Engavetamento;;;2;;;;;;;1;3;1;;;
29/06/2017;05:41:00;22;sem vítima;528,8;BR-324/BA;Oeste;Colisão Traseira;;;2;;;;;;;;3;;;;
29/06/2017;07:06:00;37;sem vítima;719,2;BR-116/BA;Norte;Saida de Pista;1;;;;;;;;;;2;;;;
29/06/2017;11:10:00;105;sem vítima;620,6;BR-324/BA;Oeste;Colisão Lateral;;;;;;;;;;1;1;;;;
29/06/2017;16:34:00;176;sem vítima;604,2;BR-324/BA;Oeste;Colisão Lateral;1;;1;;;;;;;;2;;;;
29/06/2017;19:40:00;215;com vítima;559;BR-324/BA;Oeste;Colisão Lateral;1;;;1;;;;;;;6;1;;;
29/06/2017;20:31:00;221;sem vítima;599;BR-324/BA;Leste;Choque Contra Objeto Fixo;;;1;;;;;;;;1;;;;
29/06/2017;21:31:00;232;sem vítima;621;BR-324/BA;Leste;Colisão Lateral;1;;;;;;;;;1;2;;;;
29/06/2017;22:26:00;239;sem vítima;624,3;BR-324/BA;Leste;Colisão Lateral;1;;1;;;;;;;;2;;;;
30/06/2017;04:33:00;16;com vítima;619,12;BR-324/BA;Leste;Queda de Moto;;;;1;;;;;;;0;;;1;1
30/06/2017;04:55:00;18;sem vítima;621,2;BR-324/BA;Oeste;Capotamento;1;;;;;;;;;;4;;;;
30/06/2017;06:19:00;21;sem vítima;573,2;BR-324/BA;Oeste;Saida de Pista;1;;;;;;;;;;1;;;;
30/06/2017;06:28:00;22;com vítima;636,3;BR-116/BA;Norte;Colisão Frontal;;;;;1;;;;;1;2;5;2;1;
30/06/2017;06:46:00;24;com vítima;584,5;BR-324/BA;Leste;Saida de Pista;1;;;;;;;;;;6;;1;;
30/06/2017;07:09:00;32;sem vítima;543;BR-324/BA;Leste;Saida de Pista;1;;;;;;;;;;1;;;;
30/06/2017;07:39:00;41;sem vítima;618;BR-324/BA;Oeste;Choque Contra Objeto Fixo;1;;;;;;;;;;2;;;;
30/06/2017;08:02:00;50;com vítima;11,5;BR-116/BA - Cont VC;Sul;Colisão Frontal;1;;;1;;;;;;;1;1;;;
30/06/2017;08:50:00;63;com vítima;637,2;BR-116/BA;Norte;Engavetamento;;;3;;;;;;;;3;;;;1
30/06/2017;10:35:00;82;sem vítima;439,3;BR-116/BA;Sul;Queda de Moto;;;;1;;;;;;;1;;;;
30/06/2017;11:14:00;91;sem vítima;527;BR-324/BA;Oeste;Colisão Lateral;1;;1;;;;;;;;3;;;;
30/06/2017;16:20:00;151;sem vítima;537,2;BR-116/BA;Sul;Saida de Pista;1;;;;;;;;;;2;;;;
30/06/2017;16:33:00;157;com vítima;615;BR-324/BA;Oeste;Queda de Moto;;;1;1;;;;;;;1;1;;;
30/06/2017;17:59:00;176;sem vítima;527,5;BR-324/BA;Oeste;Engavetamento;4;;;;;;;;;;8;;;;
30/06/2017;18:17:00;180;com vítima;574;BR-116/BA;Sul;Atropelamento de Pedestre;;;;;;1;;;;;1;;;1;
30/06/2017;21:15:00;214;sem vítima;864,5;BR-116/BA;Norte;Saida de Pista;;;1;;;;;;;;1;;;;
01/07/2017;01:46:00;9;sem vítima;615,3;BR-324/BA;Oeste;Saida de Pista;;;;;;;;;;1;3;;;;
01/07/2017;08:28:00;60;com vítima;10,5;BR-116/BA - Cont VC;Sul;Colisão Traseira;1;;;1;;;;;;;1;1;;;
01/07/2017;09:30:00;74;sem vítima;773,1;BR-116/BA;Norte;Colisão Traseira;2;;;;;;;;;;6;;;;
01/07/2017;11:26:00;98;sem vítima;519,2;BR-324/BA;Leste;Colisão Traseira;1;;;;;1;;;;;4;;;;
01/07/2017;11:32:00;100;sem vítima;459,2;BR-116/BA;Norte;Colisão Lateral;1;;1;;;;;;;;4;;;;
01/07/2017;13:14:00;113;sem vítima;460,4;BR-116/BA;Sul;Engavetamento;;;2;;1;;;;;;39;;;;
01/07/2017;14:16:00;127;sem vítima;634,3;BR-116/BA;Sul;Colisão Lateral;1;;;;;;;;;1;2;;;;
01/07/2017;16:05:00;154;sem vítima;613,5;BR-324/BA;Leste;Engavetamento;3;;;;;;;;;;8;;;;
01/07/2017;16:45:00;169;sem vítima;442,4;BR-116/BA;Sul;Saida de Pista;1;;;;;;;;;;2;;;;
02/07/2017;03:21:00;15;sem vítima;620;BR-116/BA;Norte;Colisão Lateral;;;2;;;;;;;1;6;;;;
02/07/2017;03:52:00;22;com vítima;832,05;BR-116/BA;Norte;Engavetamento;2;;;;;;;;;;3;2;;;
02/07/2017;06:55:00;33;sem vítima;877,4;BR-116/BA;Norte;Colisão Lateral;;;2;;;1;;;;;4;;;;
02/07/2017;08:48:00;60;sem vítima;698,6;BR-116/BA;Norte;Colisão Lateral;1;;;;;1;;;;;3;;;;
02/07/2017;11:55:00;108;sem vítima;642,1;BR-116/BA;Norte;Saida de Pista;;;1;;;;;;;;1;;;;
02/07/2017;16:25:00;146;sem vítima;836;BR-116/BA;Norte;Colisão Traseira;;;1;;1;;;;;;19;;;;
02/07/2017;17:35:00;159;sem vítima;540;BR-116/BA;Norte;Saida de Pista;1;;;;;1;;;;;4;;;;
02/07/2017;23:14:00;202;sem vítima;614;BR-324/BA;Oeste;Colisão Frontal;1;;1;;;;;;;;2;;;;
03/07/2017;07:58:00;51;com vítima;611,2;BR-324/BA;Oeste;Queda de Moto;;;;1;;;;;;;1;1;;;
03/07/2017;08:18:00;60;com vítima;617,6;BR-324/BA;Leste;Engavetamento;4;;;;;;;;;;5;1;;;
03/07/2017;15:23:00;183;sem vítima;528;BR-116/BA;Norte;Colisão Traseira;;;2;;;;;;;;2;;;;
03/07/2017;16:22:00;190;com vítima;569;BR-324/BA;Leste;Saida de Pista;1;;;;;;;;;;2;1;;;
03/07/2017;17:52:00;209;sem vítima;606,5;BR-324/BA;Leste;Colisão Traseira;2;;;;;;;;;;3;;;;
03/07/2017;18:29:00;215;com vítima;672;BR-116/BA;Norte;Colisão Frontal;;;1;1;;;;;;;2;;1;;
04/07/2017;00:24:00;1;com vítima;604;BR-324/BA;Oeste;Saida de Pista;;;1;;;;;;;;0;1;;;
04/07/2017;00:52:00;4;sem vítima;4,1;BA-526;Norte;Atropelamento de Animal;;;1;;;;;;;;1;;;;
04/07/2017;03:53:00;17;sem vítima;586;BR-324/BA;Leste;Saida de Pista;;;;;;;;;;1;1;;;;
04/07/2017;07:05:00;31;sem vítima;616;BR-324/BA;Oeste;Saida de Pista;;;1;;;;;;;;1;;;;
04/07/2017;08:28:00;65;sem vítima;744,4;BR-116/BA;Norte;Atropelamento de Animal;;;1;;;;;;;;1;;;;
04/07/2017;09:17:00;85;sem vítima;620,3;BR-324/BA;Leste;Choque Contra Objeto Fixo;1;;1;;;;;;;;2;;;;
04/07/2017;16:55:00;205;sem vítima;563,5;BR-116/BA;Sul;Saida de Pista;1;;;;;;;;;;5;;;;
04/07/2017;17:03:00;206;sem vítima;565,6;BR-324/BA;Oeste;Saida de Pista;;;1;;;;;;;;1;;;;
04/07/2017;19:15:00;231;sem vítima;537;BR-324/BA;Oeste;Saida de Pista;1;;;;;;;;;;5;;;;
04/07/2017;19:40:00;236;sem vítima;842;BR-116/BA;Sul;Saida de Pista;;;1;;;;;;;;1;;;;
05/07/2017;14:21:00;161;com vítima;558;BR-324/BA;Leste;Capotamento;1;;;;;;;;;;0;;;1;
05/07/2017;15:12:00;172;sem vítima;549;BR-324/BA;Leste;Choque Contra Objeto Fixo;1;;;;;;;;;;1;;;;
05/07/2017;17:09:00;201;com vítima;567;BR-324/BA;Oeste;Saida de Pista;1;;;;;;;;;;1;1;;;
05/07/2017;17:54:00;210;com vítima;779,3;BR-116/BA;Norte;Colisão Lateral;;;;1;;1;;;;;1;;;;1
05/07/2017;20:20:00;240;com vítima;581;BR-116/BA;Sul;Tombamento;;;1;;;;;;;;0;;;;1
06/07/2017;06:29:00;25;sem vítima;833,4;BR-116/BA;Sul;Colisão Traseira;;;1;;;;;;;1;4;;;;
06/07/2017;08:12:00;69;sem vítima;618;BR-324/BA;Leste;Engavetamento;3;;;;;;;;;;4;;;;
06/07/2017;09:12:00;93;sem vítima;618,1;BR-324/BA;Leste;Engavetamento;1;;;;;1;;;;1;3;;;;
06/07/2017;09:33:00;100;sem vítima;618,2;BR-324/BA;Oeste;Colisão Frontal;2;;;;;;;;;;2;;;;
06/07/2017;10:28:00;118;sem vítima;571,5;BR-116/BA;Norte;Saida de Pista;1;;;;;1;;;;;2;;;;
06/07/2017;14:25:00;170;sem vítima;574;BR-324/BA;Oeste;Saida de Pista;1;;;;;;;;;;4;;;;
07/07/2017;08:14:00;53;sem vítima;523,2;BR-324/BA;Oeste;Colisão Lateral;1;;1;;;;;;;;6;;;;
07/07/2017;09:33:00;82;com vítima;623,5;BR-324/BA;Leste;Colisão Traseira;1;;;1;;;;;;;1;1;;;
07/07/2017;14:22:00;151;sem vítima;614,25;BR-324/BA;Oeste;Outros;;;1;;;;;;;;1;;;;
07/07/2017;15:39:00;163;com vítima;516,5;BR-116/BA;Sul;Colisão Lateral;1;;1;;;;;;;;1;2;;;
07/07/2017;17:15:00;181;com vítima;517;BR-116/BA;Norte;Colisão Transversal;;;;1;;;;;;1;1;1;;;
07/07/2017;17:25:00;182;sem vítima;539;BR-324/BA;Leste;Colisão Lateral;2;;;;;;;;;;3;;;;
07/07/2017;18:56:00;195;com vítima;9,5;BR-116/BA - Cont VC;Norte;Atropelamento - Ciclista;;1;;;;1;;;;;1;;1;;
07/07/2017;20:10:00;210;com vítima;589,7;BR-324/BA;Leste;Atropelamento de Pedestre;1;;;;;;;;;;1;;;;1
08/07/2017;01:02:00;6;sem vítima;607;BR-324/BA;Oeste;Saida de Pista;1;;;;;;;;;;2;;;;
08/07/2017;02:18:00;9;sem vítima;530;BR-324/BA;Leste;Saida de Pista;1;;;;;;;;;;1;;;;
08/07/2017;03:04:00;15;sem vítima;642,5;BR-116/BA;Norte;Saida de Pista;;;1;;;;;;;;1;;;;
08/07/2017;03:56:00;19;sem vítima;617,3;BR-324/BA;Oeste;Saida de Pista;1;;;;;;;;;;3;;;;
08/07/2017;04:25:00;21;sem vítima;543;BR-324/BA;Oeste;Saida de Pista;1;;;;;;;;;;1;;;;
08/07/2017;07:04:00;33;sem vítima;537;BR-324/BA;Oeste;Colisão Traseira;2;;;;;;;;;;3;;;;
08/07/2017;10:36:00;77;sem vítima;567;BR-324/BA;Leste;Saida de Pista;1;;;;;;;;;;1;;;;
08/07/2017;11:54:00;90;com vítima;603,2;BR-116/BA;Sul;Saida de Pista;1;;;;;;;;;;0;2;1;;1
08/07/2017;12:15:00;93;com vítima;519;BR-324/BA;Oeste;Colisão Traseira;;;;1;;1;;;;;1;;1;;
08/07/2017;14:23:00;119;sem vítima;8;BA-526;Norte;Colisão Lateral;;;1;;1;;;;;;4;;;;
08/07/2017;19:19:00;167;sem vítima;819,8;BR-116/BA;Norte;Engavetamento;1;;;;;1;;;;1;4;;;;
08/07/2017;20:45:00;185;sem vítima;847;BR-116/BA;Norte;Colisão Lateral;1;;;;;1;;;;;3;;;;
08/07/2017;22:46:00;203;sem vítima;697,3;BR-116/BA;Norte;Saida de Pista;1;;;;;;;;;;1;;;;
09/07/2017;00:09:00;3;com vítima;569,7;BR-116/BA;Sul;Queda de Moto;;;;1;;;;;;;0;;;1;1
09/07/2017;01:30:00;9;com vítima;521,7;BR-324/BA;Oeste;Atropelamento de Pedestre;1;;;;;;;;;;3;;;;1
09/07/2017;06:06:00;31;sem vítima;616;BR-324/BA;Oeste;Sequência;3;;;;;;;;;;4;;;;
09/07/2017;09:10:00;57;com vítima;929,4;BR-116/BA;Norte;Colisão Lateral;;;4;;;;;;;;3;1;;;
09/07/2017;09:30:00;61;com vítima;547;BR-324/BA;Leste;Saida de Pista;1;;;;;;;;;;0;1;;;
09/07/2017;12:35:00;86;sem vítima;930,5;BR-116/BA;Norte;Colisão Traseira;;;1;;;;;;;1;4;;;;
09/07/2017;17:56:00;146;sem vítima;537;BR-324/BA;Leste;Colisão Lateral;2;;;;;;;;;;9;;;;
09/07/2017;18:43:00;152;sem vítima;613;BR-116/BA;Norte;Colisão Traseira;1;;;;;1;;;;;4;;;;
09/07/2017;18:48:00;154;com vítima;18;BR-116/BA - Cont VC;Norte;Colisão Transversal;1;;1;;;;;;;;1;;1;;
09/07/2017;19:01:00;157;sem vítima;559,05;BR-324/BA;Oeste;Colisão Traseira;2;;;;;;;;;;8;;;;
09/07/2017;19:13:00;159;sem vítima;11;BR-116/BA - Cont VC;Norte;Atropelamento de Animal;1;;;;;;;;;;1;;;;
09/07/2017;21:31:00;182;sem vítima;742,5;BR-116/BA;Norte;Saida de Pista;1;;;;;;;;;;4;;;;
09/07/2017;21:41:00;186;com vítima;710;BR-116/BA;Sul;Colisão Transversal;;;;1;;1;;;;;1;2;;;
09/07/2017;21:45:00;188;sem vítima;428,8;BR-116/BA;Norte;Saida de Pista;;;1;;;;;;;;1;;;;
09/07/2017;22:27:00;189;sem vítima;620;BR-324/BA;Oeste;Saida de Pista;1;;;;;;;;;;2;;;;
10/07/2017;01:04:00;5;sem vítima;672;BR-116/BA;Sul;Colisão Traseira;;;1;;;;;;;1;2;;;;
10/07/2017;04:53:00;19;sem vítima;561;BR-324/BA;Oeste;Saida de Pista;1;;;;;;;;;;1;;;;
10/07/2017;07:26:00;33;sem vítima;615;BR-324/BA;Leste;Colisão Lateral;;;;2;;1;;;;;3;;;;
10/07/2017;11:39:00;109;com vítima;672,7;BR-116/BA;Sul;Colisão Transversal;1;;;1;;;;;;;1;1;;;
10/07/2017;13:53:00;130;sem vítima;623,7;BR-324/BA;Leste;Engavetamento;3;;;1;;;;;;;6;;;;
10/07/2017;14:15:00;136;com vítima;588;BR-116/BA;Norte;Colisão Lateral;1;;1;;;;;;;;1;;1;;
10/07/2017;15:32:00;158;sem vítima;680,1;BR-116/BA;Sul;Saida de Pista;;;1;;;;;;;;1;;;;
10/07/2017;15:54:00;167;sem vítima;650,5;BR-116/BA;Norte;Choque - Defensa, barreira ou "submarino";1;;;;;;;;;;5;;;;
10/07/2017;18:13:00;198;sem vítima;537,2;BR-324/BA;Oeste;Saida de Pista;1;;;;;;;;;;1;;;;
10/07/2017;18:33:00;207;sem vítima;623;BR-324/BA;Oeste;Engavetamento;3;;;;;;;;;;3;;;;
10/07/2017;18:51:00;212;sem vítima;694,3;BR-116/BA;Norte;Saida de Pista;1;;;;;;;;;;5;;;;
10/07/2017;19:28:00;218;sem vítima;598,2;BR-324/BA;Leste;Saida de Pista;1;;;;;;;;;;1;;;;
11/07/2017;01:36:00;6;sem vítima;543;BR-324/BA;Oeste;Saida de Pista;1;;;;;;;;;;3;;;;
11/07/2017;07:36:00;40;sem vítima;616,2;BR-324/BA;Oeste;Engavetamento;1;;;;;;;;;2;8;;;;
11/07/2017;08:32:00;70;sem vítima;618,15;BR-324/BA;Oeste;Colisão Traseira;2;;;;;;;;;;7;;;;
11/07/2017;09:10:00;85;sem vítima;623,2;BR-324/BA;Leste;Colisão Traseira;1;;;;;;;;;1;2;;;;
11/07/2017;17:17:00;216;sem vítima;518,8;BR-324/BA;Oeste;Colisão Traseira;1;;1;;;;;;;;7;;;;
11/07/2017;18:50:00;229;sem vítima;625,3;BR-324/BA;Oeste;Engavetamento;2;;;;;;;;;1;7;;;;
11/07/2017;21:22:00;251;com vítima;542,9;BR-324/BA;Oeste;Saida de Pista;;;;;;;;;;1;5;2;;;
12/07/2017;07:36:00;27;sem vítima;610;BR-324/BA;Oeste;Engavetamento;2;;;;;1;;;;;3;;;;
12/07/2017;12:40:00;99;sem vítima;635,8;BR-116/BA;Norte;Colisão Traseira;1;;;;;1;;;;;3;;;;
12/07/2017;12:54:00;102;sem vítima;534,1;BR-324/BA;Oeste;Colisão Lateral;2;;;;;;;;;;5;;;;
12/07/2017;13:03:00;104;sem vítima;561,7;BR-324/BA;Leste;Saida de Pista;1;;;;;;;;;;7;;;;
12/07/2017;13:08:00;106;sem vítima;594,9;BR-324/BA;Oeste;Colisão Lateral;1;;1;;;;;;;;2;;;;
12/07/2017;14:44:00;125;sem vítima;827;BR-116/BA;Sul;Colisão Transversal;2;;;;;;;;;;2;;;;
12/07/2017;16:22:00;156;sem vítima;439,2;BR-116/BA;Sul;Saida de Pista;1;;;;;;;;;;2;;;;
12/07/2017;16:53:00;163;sem vítima;563;BR-324/BA;Leste;Saida de Pista;1;;;;;;;;;;1;;;;
12/07/2017;18:09:00;182;sem vítima;546,8;BR-116/BA;Norte;Colisão Traseira;;;2;;;;;;;;2;;;;
12/07/2017;18:49:00;190;com vítima;9,8;BR-116/BA - Cont VC;Sul;Colisão Traseira;;;1;1;;;;;;;1;;;;1
12/07/2017;20:42:00;204;sem vítima;621,8;BR-324/BA;Oeste;Saida de Pista;1;;;;;;;;;;5;;;;
13/07/2017;01:17:00;8;sem vítima;562;BR-324/BA;Oeste;Saida de Pista;;;1;;;;;;;;2;;;;
13/07/2017;05:30:00;19;sem vítima;603,5;BR-324/BA;Oeste;Queda de Moto;;;;1;;;;;;;1;;;;
13/07/2017;11:21:00;129;sem vítima;562;BR-324/BA;Oeste;Colisão Traseira;1;;1;;;;;;;;2;;;;
13/07/2017;19:17:00;235;sem vítima;542;BR-324/BA;Leste;Saida de Pista;1;;;;;;;;;;1;;;;
13/07/2017;22:08:00;260;com vítima;474;BR-116/BA;Sul;Colisão Traseira;1;;;1;;;;;;;5;1;1;;
14/07/2017;07:33:00;45;com vítima;519;BR-324/BA;Leste;Colisão Transversal;1;1;;;;;;;;;1;1;;;
14/07/2017;07:54:00;54;sem vítima;620,4;BR-324/BA;Leste;Colisão Lateral;1;;;1;;;;;;;3;;;;
14/07/2017;08:50:00;75;com vítima;439;BR-116/BA;Sul;Outros;1;;;;;;;;;;0;1;;;
14/07/2017;09:45:00;95;com vítima;520,3;BR-324/BA;Leste;Engavetamento;1;;2;;;;;;;;4;1;;;
14/07/2017;10:47:00;109;sem vítima;596,5;BR-324/BA;Oeste;Colisão Traseira;2;;;;;;;;;;2;;;;