data;horario;n_da_ocorrencia;tipo_de_ocorrencia;km;trecho;sentido;tipo_de_acidente;automovel;bicicleta;caminhao;moto;onibus;outros;tracao_animal;transporte_de_cargas_especiais;trator_maquinas;utilitarios;ilesos;levemente_feridos;moderadamente_feridos;gravemente_feridos;mortos
14/07/2017;12:47:00;128;sem vítima;614,2;BR-324/BA;Oeste;Saida de Pista;1;;;;;;;;;;1;;;;
14/07/2017;12:55:00;130;sem vítima;537;BR-324/BA;Leste;Colisão Traseira;1;;;;;;;;;1;9;;;;
14/07/2017;16:02:00;174;sem vítima;564,6;BR-324/BA;Oeste;Saida de Pista;;;;;;;;;;1;1;;;;
14/07/2017;17:43:00;198;sem vítima;537;BR-324/BA;Oeste;Saida de Pista;1;;;;;;;;;;4;;;;
14/07/2017;17:49:00;199;sem vítima;623,9;BR-324/BA;Oeste;Engavetamento;4;;;;;;;;;;8;;;;
14/07/2017;18:27:00;204;sem vítima;587,1;BR-324/BA;Leste;Tombamento;;;1;;;;;;;;1;;;;
14/07/2017;18:31:00;205;sem vítima;829;BR-116/BA;Norte;Colisão Traseira;1;;;1;;;;;;;2;;;;
14/07/2017;19:43:00;220;sem vítima;440;BR-116/BA;Sul;Colisão Lateral;;;1;;;;;;;1;4;;;;
14/07/2017;19:58:00;223;sem vítima;641,2;BR-116/BA;Norte;Saida de Pista;;;1;;;;;;;;1;;;;
15/07/2017;00:25:00;2;sem vítima;537;BR-324/BA;Oeste;Saida de Pista;1;;;;;;;;;;2;;;;
15/07/2017;00:27:00;3;com vítima;537;BR-324/BA;Oeste;Saida de Pista;1;;;;;;;;;;2;3;;;
15/07/2017;02:37:00;15;sem vítima;834,7;BR-116/BA;Norte;Colisão Traseira;1;;;;;1;;;;;2;;;;
15/07/2017;07:52:00;41;sem vítima;541,7;BR-324/BA;Oeste;Colisão Traseira;1;;;;;;;;;1;8;;;;
15/07/2017;08:30:00;51;com vítima;547;BR-116/BA;Sul;Colisão Lateral;1;;;1;;;;;;;1;1;;;
15/07/2017;10:44:00;83;sem vítima;545,2;BR-324/BA;Oeste;Colisão Traseira;1;;;;;;;;;1;5;;;;
15/07/2017;14:16:00;121;com vítima;558,1;BR-116/BA;Sul;Saida de Pista;;;1;;;;;;;;0;1;;;
15/07/2017;15:44:00;141;sem vítima;543,3;BR-324/BA;Oeste;Saida de Pista;1;;;;;;;;;;1;;;;
15/07/2017;16:00:00;146;sem vítima;930,3;BR-116/BA;Sul;Colisão Traseira;;;2;;;;;;;;3;;;;
15/07/2017;17:21:00;162;sem vítima;607,8;BR-324/BA;Leste;Saida de Pista;1;;;;;;;;;;1;;;;
15/07/2017;18:21:00;172;sem vítima;742,82;BR-116/BA;Norte;Atropelamento de Animal;;;1;;;;;;;;1;;;;
15/07/2017;19:29:00;189;com vítima;849,6;BR-116/BA;Sul;Colisão Frontal;1;;1;;;;;;;;1;;;;1
15/07/2017;20:21:00;196;com vítima;2,2;BR-116/BA - ContSuFS;Sul;Atropelamento de Pedestre;;;;;;1;;;;;1;;1;;
15/07/2017;20:47:00;200;com vítima;631;BR-116/BA;Sul;Colisão Frontal;;;1;1;;;;;;;1;;;;1
16/07/2017;01:10:00;4;com vítima;799;BR-116/BA;Norte;Tombamento;;;1;;;;;;;;0;1;;;
16/07/2017;03:59:00;15;com vítima;526;BR-324/BA;Oeste;Saida de Pista;;;;1;;;;;;;0;1;;;
16/07/2017;06:24:00;22;com vítima;597;BR-324/BA;Leste;Saida de Pista;1;;;;;1;;;;;2;2;;;
16/07/2017;06:55:00;25;sem vítima;702,1;BR-116/BA;Norte;Choque Contra Objeto Fixo;1;;;;;;;;;;4;;;;
16/07/2017;07:08:00;28;com vítima;494,3;BR-116/BA;Sul;Queda de Moto;;;;1;;;;;;;0;;;1;
16/07/2017;10:39:00;62;sem vítima;553;BR-324/BA;Oeste;Saida de Pista;;;;;;;;;;1;1;;;;
16/07/2017;18:06:00;134;com vítima;844;BR-116/BA;Norte;Saida de Pista;;;1;;;;;;;;0;1;;;
16/07/2017;18:54:00;143;sem vítima;543;BR-324/BA;Oeste;Saida de Pista;1;;;;;;;;;;1;;;;
16/07/2017;23:46:00;181;sem vítima;599;BR-324/BA;Leste;Colisão Traseira;2;;;;;;;;;;6;;;;
17/07/2017;01:41:00;8;sem vítima;582,6;BR-324/BA;Leste;Saida de Pista;;;1;;;;;;;;3;;;;
17/07/2017;04:53:00;20;sem vítima;595,3;BR-116/BA;Norte;Saida de Pista;;;1;;;;;;;;1;;;;
17/07/2017;06:26:00;36;sem vítima;2,5;BR-116/BA - ContSuFS;Norte;Engavetamento;3;;;;;;;;;;11;;;;
17/07/2017;13:26:00;156;sem vítima;542;BR-324/BA;Oeste;Colisão Traseira;1;;;;;1;;;;;2;;;;
17/07/2017;14:20:00;174;sem vítima;591;BR-324/BA;Leste;Colisão Traseira;1;;;;;1;;;;;2;;;;
17/07/2017;15:40:00;198;sem vítima;562,7;BR-116/BA;Norte;Saida de Pista;;;1;;;;;;;;1;;;;
17/07/2017;16:43:00;214;sem vítima;545;BR-324/BA;Leste;Colisão Transversal;1;;;1;;;;;;;2;;;;
17/07/2017;17:52:00;224;sem vítima;519,1;BR-324/BA;Oeste;Colisão Traseira;1;;;;;1;;;;;3;;;;
17/07/2017;18:25:00;232;sem vítima;519;BR-324/BA;Oeste;Colisão Traseira;1;;;;;1;;;;;3;;;;
17/07/2017;19:32:00;245;sem vítima;616;BR-324/BA;Oeste;Saida de Pista;1;;;;;;;;;;1;;;;
17/07/2017;22:01:00;264;sem vítima;489,7;BR-116/BA;Norte;Capotamento;;;;;;;;;;1;1;;;;
18/07/2017;04:31:00;11;com vítima;445;BR-116/BA;Norte;Saida de Pista;1;;;;;;;;;;0;1;;;
18/07/2017;08:02:00;46;sem vítima;668,3;BR-116/BA;Norte;Colisão Transversal;1;;1;;;;;;;;2;;;;
18/07/2017;09:27:00;88;sem vítima;533,1;BR-324/BA;Leste;Colisão Traseira;2;;;;;;;;;;2;;;;
18/07/2017;11:36:00;119;com vítima;644;BR-116/BA;Norte;Colisão Frontal;1;;1;;;;;;;;1;;;;1
18/07/2017;14:30:00;139;com vítima;547,2;BR-324/BA;Leste;Saida de Pista;1;;;;;;;;;;4;1;;;
18/07/2017;14:34:00;140;sem vítima;903;BR-116/BA;Norte;Engavetamento;1;;2;;;;;;;;6;;;;
18/07/2017;22:41:00;229;com vítima;567,6;BR-324/BA;Oeste;Tombamento;;;1;;;;;;;;0;;1;;
19/07/2017;07:19:00;19;sem vítima;17;BR-116/BA - Cont VC;Norte;Colisão Traseira;;;2;;;;;;;;2;;;;
19/07/2017;13:18:00;145;sem vítima;635,6;BR-116/BA;Norte;Saida de Pista;;;1;;;;;;;;1;;;;
19/07/2017;13:36:00;151;sem vítima;623,3;BR-324/BA;Oeste;Choque Contra Objeto Fixo;1;;;;;;;;;;1;;;;
19/07/2017;18:38:00;220;sem vítima;625,9;BR-116/BA;Norte;Saida de Pista;;;1;;;;;;;;2;;;;
19/07/2017;18:57:00;222;sem vítima;543;BR-324/BA;Oeste;Saida de Pista;1;;;;;;;;;;2;;;;
20/07/2017;08:39:00;68;com vítima;625,2;BR-324/BA;Leste;Queda de Moto;;;;1;;;;;;;0;1;;;
20/07/2017;19:50:00;220;sem vítima;590;BR-324/BA;Leste;Saida de Pista;1;;;;;;;;;;2;;;;
20/07/2017;19:52:00;221;sem vítima;460,9;BR-116/BA;Norte;Saida de Pista;;;1;;;;;;;;1;;;;
21/07/2017;06:33:00;20;sem vítima;544;BR-324/BA;Oeste;Colisão Traseira;;;2;;;;;;;;2;;;;
21/07/2017;09:31:00;86;sem vítima;785,1;BR-116/BA;Sul;Colisão Lateral;1;;1;;;;;;;;5;;;;
21/07/2017;09:36:00;88;sem vítima;697,3;BR-116/BA;Norte;Colisão Lateral;1;;;;;1;;;;;4;;;;
21/07/2017;09:38:00;91;sem vítima;571,1;BR-324/BA;Oeste;Saida de Pista;1;;;;;;;;;;1;;;;
21/07/2017;12:56:00;135;sem vítima;604;BR-324/BA;Leste;Colisão Traseira;;;;;;1;;;;1;2;;;;
21/07/2017;17:24:00;220;sem vítima;576,8;BR-324/BA;Oeste;Colisão Traseira;1;;;;;1;;;;;2;;;;
22/07/2017;05:21:00;16;com vítima;685;BR-116/BA;Norte;Atropelamento de Pedestre;;;1;;;;;;;;1;;;;1
22/07/2017;09:38:00;61;sem vítima;521,5;BR-324/BA;Oeste;Colisão Traseira;1;;1;;;;;;;;2;;;;
22/07/2017;16:30:00;141;sem vítima;593,5;BR-324/BA;Leste;Engavetamento;1;;1;;;;;;;1;4;;;;
22/07/2017;17:47:00;151;sem vítima;632;BR-116/BA;Norte;Colisão Traseira;1;;;1;;;;;;;3;;;;
22/07/2017;19:34:00;164;com vítima;559,2;BR-324/BA;Oeste;Saida de Pista;1;;;;;;;;;;1;2;;;
22/07/2017;23:37:00;196;sem vítima;523;BR-324/BA;Leste;Saida de Pista;1;;;;;;;;;;1;;;;
22/07/2017;23:45:00;199;sem vítima;563,5;BR-324/BA;Leste;Saida de Pista;;;1;;;;;;;;1;;;;
23/07/2017;07:12:00;26;sem vítima;805;BR-116/BA;Norte;Colisão Transversal;2;;;;;;;;;;2;;;;
23/07/2017;08:13:00;35;sem vítima;15,9;BR-116/BA - Cont VC;Norte;Colisão Lateral;;;2;;;;;;;;2;;;;
23/07/2017;09:07:00;42;com vítima;627;BR-116/BA;Sul;Colisão Traseira;1;;;;;1;;;;;4;1;;;
23/07/2017;11:45:00;61;sem vítima;566;BR-116/BA;Norte;Colisão Traseira;;;2;;;;;;;;2;;;;
23/07/2017;14:41:00;90;com vítima;624,1;BR-324/BA;Oeste;Queda de Moto;;;;1;;;;;;;0;2;;;
23/07/2017;18:34:00;143;sem vítima;4;BR-116/BA - ContSuFS;Sul;Saida de Pista;1;;;;;;;;;;1;;;;
23/07/2017;19:10:00;152;sem vítima;720;BR-116/BA;Norte;Saida de Pista;1;;;;;;;;;;1;;;;
23/07/2017;19:34:00;158;com vítima;505,5;BR-116/BA;Norte;Atropelamento de Pedestre;;;;;;1;;;;;1;;;1;
23/07/2017;19:46:00;161;com vítima;816,6;BR-116/BA;Sul;Colisão Lateral;1;;1;;;;;;;1;2;;;1;1
24/07/2017;00:26:00;2;sem vítima;644;BR-116/BA;Norte;Saida de Pista;;;1;;;;;;;;1;;;;
24/07/2017;03:53:00;12;sem vítima;577;BR-324/BA;Leste;Saida de Pista;;;1;;;;;;;;2;;;;
24/07/2017;05:39:00;20;sem vítima;584,5;BR-324/BA;Leste;Saida de Pista;1;;;;;;;;;;5;;;;
24/07/2017;05:46:00;22;com vítima;757,4;BR-116/BA;Norte;Queda de Moto;;;;1;;;;;;;0;1;;;
24/07/2017;07:20:00;43;sem vítima;611,1;BR-324/BA;Oeste;Engavetamento;2;;;;;;;;;1;8;;;;
24/07/2017;07:39:00;51;sem vítima;623;BR-324/BA;Leste;Engavetamento;3;;;;;;;;;;7;;;;
24/07/2017;08:57:00;76;sem vítima;610,1;BR-324/BA;Leste;Saida de Pista;1;;;;;;;;;;1;;;;
24/07/2017;12:33:00;132;com vítima;434,3;BR-116/BA;Norte;Saida de Pista;;;;;;;;;;1;0;2;;;
24/07/2017;13:58:00;149;sem vítima;562,3;BR-324/BA;Oeste;Saida de Pista;;;1;;;;;;;;1;;;;
24/07/2017;17:13:00;188;sem vítima;562;BR-324/BA;Oeste;Saida de Pista;1;;;;;;;;;;3;;;;
24/07/2017;17:24:00;190;sem vítima;613;BR-324/BA;Leste;Colisão Traseira;;;;1;;;;;;1;5;;;;
24/07/2017;19:17:00;208;sem vítima;582,8;BR-324/BA;Leste;Saida de Pista;1;;;;;;;;;;1;;;;
25/07/2017;08:31:00;75;com vítima;615;BR-324/BA;Oeste;Atropelamento de Pedestre;1;;;;;;;;;;1;;1;;
25/07/2017;12:11:00;129;sem vítima;543;BR-324/BA;Oeste;Saida de Pista;1;;;;;;;;;;2;;;;
25/07/2017;13:08:00;135;sem vítima;619,8;BR-324/BA;Oeste;Saida de Pista;;;;;;;;;;1;1;;;;
25/07/2017;15:06:00;158;sem vítima;559;BR-324/BA;Leste;Saida de Pista;;;1;;;;;;;;1;;;;
25/07/2017;17:10:00;188;sem vítima;562;BR-324/BA;Leste;Saida de Pista;;;1;;;;;;;;1;;;;
25/07/2017;19:10:00;202;sem vítima;536;BR-324/BA;Leste;Engavetamento;1;;1;;;1;;;;;6;;;;
26/07/2017;07:55:00;37;sem vítima;537;BR-324/BA;Leste;Colisão Traseira;;;1;;;;;;;1;2;;;;
26/07/2017;08:57:00;56;sem vítima;619,6;BR-324/BA;Leste;Colisão Traseira;2;;;;;;;;;;3;;;;
26/07/2017;09:48:00;71;sem vítima;623,5;BR-324/BA;Leste;Colisão Traseira;2;;;;;;;;;;2;;;;
26/07/2017;11:05:00;86;sem vítima;803,4;BR-116/BA;Sul;Engavetamento;1;;3;;;;;;;;4;;;;
26/07/2017;14:27:00;126;sem vítima;440,8;BR-116/BA;Sul;Saida de Pista;1;;;;;;;;;;4;;;;
26/07/2017;19:33:00;200;com vítima;564;BR-324/BA;Leste;Colisão Traseira;;;;1;1;;;;;;1;2;;;
26/07/2017;20:08:00;205;sem vítima;566;BR-324/BA;Leste;Saida de Pista;;;;;;;;;;1;1;;;;
26/07/2017;20:45:00;211;com vítima;682,5;BR-116/BA;Sul;Colisão Traseira;;;2;;;;;;;;2;;1;;
27/07/2017;00:54:00;10;com vítima;443,2;BR-116/BA;Norte;Colisão Traseira;;;2;;;;;;;;1;1;;;
27/07/2017;07:15:00;38;sem vítima;610,1;BR-324/BA;Oeste;Engavetamento;2;;;;;;;;;1;7;;;;
27/07/2017;07:36:00;47;sem vítima;599,05;BR-324/BA;Oeste;Colisão Traseira;1;;;;;;;;;1;6;;;;
27/07/2017;10:23:00;109;sem vítima;759;BR-116/BA;Sul;Colisão Traseira;1;;;;;1;;;;;6;;;;
27/07/2017;14:14:00;157;sem vítima;624,9;BR-324/BA;Leste;Saida de Pista;1;;;;;;;;;;1;;;;
27/07/2017;14:21:00;160;com vítima;893;BR-116/BA;Sul;Colisão Traseira;;;1;1;;;;;;;1;;;1;
27/07/2017;14:40:00;165;sem vítima;448,7;BR-116/BA;Norte;Colisão Traseira;;;2;;;;;;;;2;;;;
27/07/2017;15:17:00;177;sem vítima;794,1;BR-116/BA;Sul;Saida de Pista;;;1;;;;;;;;1;;;;
27/07/2017;18:04:00;224;sem vítima;551;BR-324/BA;Leste;Colisão Traseira;1;;1;;;1;;;;;4;;;;
27/07/2017;18:37:00;231;sem vítima;593;BR-324/BA;Oeste;Colisão Lateral;1;;1;;;;;;;;3;;;;
27/07/2017;19:27:00;239;sem vítima;526;BR-324/BA;Oeste;Colisão Traseira;1;;;;1;;;;;;5;;;;
27/07/2017;20:18:00;246;sem vítima;593;BR-324/BA;Oeste;Saida de Pista;1;;;;;;;;;;4;;;;
27/07/2017;20:47:00;253;sem vítima;570,3;BR-324/BA;Oeste;Saida de Pista;1;;;;;;;;;;1;;;;
27/07/2017;21:09:00;257;sem vítima;489;BR-116/BA;Sul;Colisão Traseira;;;2;;;;;;;;2;;;;
28/07/2017;05:23:00;20;com vítima;675,5;BR-116/BA;Sul;Queda de Moto;;;;1;;;;;;;0;2;;;
28/07/2017;05:42:00;23;com vítima;784,7;BR-116/BA;Sul;Colisão Frontal;;;1;;;;;;;1;2;;;;2
28/07/2017;05:51:00;24;sem vítima;604,7;BR-324/BA;Oeste;Colisão Traseira;1;;1;;;;;;;;6;;;;
28/07/2017;06:45:00;33;com vítima;736,1;BR-116/BA;Sul;Colisão Transversal;1;;;;;;;;;1;2;;;;2
28/07/2017;07:56:00;57;com vítima;4,4;BR-116/BA - Cont VC;Norte;Colisão Transversal;2;;;;;;;;;;2;1;;;
28/07/2017;08:14:00;67;com vítima;817,8;BR-116/BA;Sul;Colisão Transversal;1;;;1;;;;;;;1;1;;;
28/07/2017;11:53:00;136;sem vítima;702;BR-116/BA;Sul;Capotamento;;;;;;;;;;1;1;;;;
28/07/2017;12:52:00;152;com vítima;626,1;BR-324/BA;Leste;Queda de Moto;;;;1;;;;;;;0;;1;;
28/07/2017;13:04:00;156;sem vítima;818,6;BR-116/BA;Norte;Colisão Traseira;1;;;;;;;;;1;2;;;;
28/07/2017;14:20:00;173;com vítima;551,9;BR-324/BA;Leste;Colisão Lateral;2;;;;;;;;;;1;1;;;
28/07/2017;17:02:00;209;sem vítima;589,6;BR-324/BA;Oeste;Saida de Pista;1;;;;;;;;;;1;;;;
28/07/2017;18:47:00;230;com vítima;516,9;BR-116/BA;Norte;Colisão Frontal;;;1;1;;;;;;;2;;1;;3
28/07/2017;19:56:00;242;sem vítima;463,9;BR-116/BA;Norte;Colisão Traseira;1;;;;;1;;;;;4;;;;
28/07/2017;21:28:00;254;sem vítima;626;BR-324/BA;Leste;Colisão Traseira;2;;;;;;;;;;3;;;;
29/07/2017;03:56:00;21;sem vítima;550;BR-324/BA;Oeste;Saida de Pista;1;;;;;;;;;;1;;;;
29/07/2017;04:17:00;24;sem vítima;574;BR-324/BA;Leste;Saida de Pista;1;;;;;;;;;;3;;;;
29/07/2017;06:02:00;34;com vítima;426,6;BR-116/BA;Norte;Queda de Moto;;;;1;;;;;;;0;1;;;
29/07/2017;08:04:00;63;sem vítima;876,5;BR-116/BA;Norte;Colisão Lateral;;;2;;;;;;;;2;;;;
29/07/2017;05:35:00;86;sem vítima;467,1;BR-116/BA;Norte;Saida de Pista;1;;2;;;;;;;;3;;;;
29/07/2017;13:39:00;136;sem vítima;561;BR-324/BA;Oeste;Saida de Pista;1;;;;;;;;;;1;;;;
29/07/2017;15:23:00;158;com vítima;14,4;BR-116/BA - Cont VC;Norte;Colisão Lateral;;;;1;;1;;;;;1;1;;;
29/07/2017;16:12:00;170;sem vítima;439;BR-116/BA;Sul;Engavetamento;3;;;;;;;;;;7;;;;
29/07/2017;16:17:00;171;sem vítima;5,1;BA-526;Sul;Capotamento;1;;;;;;;;;;1;;;;
29/07/2017;16:48:00;177;sem vítima;590;BR-324/BA;Leste;Saida de Pista;1;;;;;;;;;;1;;;;
29/07/2017;17:44:00;193;sem vítima;561,9;BR-324/BA;Leste;Saida de Pista;1;;;;;;;;;;2;;;;
29/07/2017;18:39:00;202;com vítima;465,4;BR-116/BA;Sul;Queda de Moto;;;;1;;;;;;;0;1;;;
29/07/2017;20:47:00;221;sem vítima;517;BR-116/BA;Sul;Colisão Traseira;;;1;;;;;;;1;3;;;;
29/07/2017;20:58:00;224;sem vítima;798,8;BR-116/BA;Sul;Saida de Pista;1;;;;;;;;;;1;;;;
29/07/2017;23:19:00;239;sem vítima;585,6;BR-324/BA;Oeste;Saida de Pista;1;;;;;;;;;;1;;;;
30/07/2017;03:20:00;17;sem vítima;551,5;BR-324/BA;Oeste;Colisão Traseira;;;;1;;1;;;;;3;;;;
30/07/2017;09:21:00;64;com vítima;818;BR-116/BA;Sul;Queda de Moto;;;;1;;;;;;;0;1;;;
30/07/2017;18:58:00;184;com vítima;4,005;BR-116/BA - Cont VC;Norte;Colisão Lateral;1;;;;;1;;;;;2;2;;;
30/07/2017;19:48:00;194;sem vítima;666;BR-116/BA;Norte;Atropelamento de Animal;1;;;;;;;;;;1;;;;
30/07/2017;20:39:00;205;com vítima;561;BR-324/BA;Leste;Saida de Pista;1;;;;;;;;;;4;2;;;
30/07/2017;22:23:00;226;sem vítima;560,2;BR-324/BA;Leste;Colisão Traseira;2;;;;;;;;;;3;;;;
30/07/2017;22:56:00;230;sem vítima;684,3;BR-116/BA;Norte;Colisão Traseira;1;;1;;;;;;;;2;;;;
31/07/2017;01:22:00;10;sem vítima;536;BR-324/BA;Oeste;Saida de Pista;1;;;;;;;;;;2;;;;
31/07/2017;03:26:00;18;sem vítima;494,05;BR-116/BA;Norte;Colisão Traseira;;;2;;;;;;;;2;;;;
31/07/2017;08:00:00;64;sem vítima;617,7;BR-324/BA;Leste;Colisão Traseira;;;1;;;1;;;;;2;;;;
31/07/2017;18:02:00;252;sem vítima;543,2;BR-324/BA;Oeste;Colisão Lateral;2;;;;;;;;;;2;;;;
31/07/2017;20:36:00;280;sem vítima;526,6;BR-324/BA;Oeste;Saida de Pista;1;;;;;;;;;;1;;;;
01/08/2017;06:54:00;39;sem vítima;546;BR-324/BA;Oeste;Colisão Traseira;2;;;;;;;;;;3;;;;
01/08/2017;14:23:00;163;sem vítima;618;BR-324/BA;Leste;Queda de Moto;;;;1;;;;;;;2;;;;
01/08/2017;20:40:00;237;sem vítima;546,2;BR-324/BA;Oeste;Colisão Traseira;1;;;;;1;;;;;2;;;;
01/08/2017;23:33:00;263;com vítima;516,9;BR-116/BA;Sul;Colisão Traseira;1;;;;;1;;;;;1;1;;;
02/08/2017;00:41:00;8;sem vítima;457,5;BR-116/BA;Norte;Atropelamento de Animal;;;1;;;;;;;;1;;;;
02/08/2017;02:43:00;12;sem vítima;840,3;BR-116/BA;Norte;Saida de Pista;;;1;;;;;;;;1;;;;
02/08/2017;07:50:00;62;com vítima;463,8;BR-116/BA;Norte;Queda de Moto;;;;1;;;;;;;0;2;;;
02/08/2017;12:56:00;151;sem vítima;625,5;BR-324/BA;Leste;Queda de Moto;;;;1;;;;;;;2;;;;
02/08/2017;17:46:00;224;sem vítima;772;BR-116/BA;Sul;Saida de Pista;1;;;;;;;;;;1;;;;
02/08/2017;20:30:00;255;sem vítima;543;BR-324/BA;Oeste;Saida de Pista;1;;;;;;;;;;4;;;;
02/08/2017;21:06:00;261;sem vítima;0,5;BR-116/BA - ContSuFS;Norte;Saida de Pista;1;;;;;;;;;;2;;;;
02/08/2017;21:22:00;262;sem vítima;530,2;BR-324/BA;Leste;Saida de Pista;;;1;;;;;;;;1;;;;
03/08/2017;05:10:00;21;sem vítima;550,4;BR-324/BA;Oeste;Saida de Pista;1;;;;;;;;;;1;;;;
03/08/2017;09:31:00;104;sem vítima;451;BR-116/BA;Sul;Saida de Pista;;;1;;;;;;;;1;;;;
03/08/2017;13:20:00;163;com vítima;613,3;BR-324/BA;Oeste;Atropelamento de Pedestre;1;;;;;;;;;;1;;;;1
03/08/2017;14:40:00;183;sem vítima;599;BR-324/BA;Oeste;Engavetamento;2;;;;;;;;;1;6;;;;
03/08/2017;18:51:00;241;com vítima;521,4;BR-324/BA;Oeste;Atropelamento de Pedestre;;;;;;1;;;;;1;;;;1
03/08/2017;23:13:00;277;com vítima;614,3;BR-324/BA;Oeste;Colisão Traseira;1;;;1;;;;;;;1;1;;;
04/08/2017;00:39:00;1;com vítima;624,3;BR-324/BA;Leste;Colisão Frontal;1;;;;;;;;;1;1;;1;;
04/08/2017;07:47:00;49;sem vítima;607,2;BR-324/BA;Leste;Engavetamento;3;;;;;;;;;;3;;;;
04/08/2017;18:16:00;204;sem vítima;502;BR-116/BA;Norte;Saida de Pista;;;1;;;;;;;;1;;;;
04/08/2017;19:55:00;233;com vítima;538;BR-116/BA;Norte;Colisão Traseira;;;1;;1;;;;;;14;1;;;
04/08/2017;21:17:00;247;com vítima;552,7;BR-324/BA;Leste;Saida de Pista;1;;;;;;;;;;1;;1;;
04/08/2017;21:38:00;250;sem vítima;642;BR-116/BA;Sul;Colisão Frontal;;;2;;;;;;;;2;;;;
04/08/2017;22:08:00;256;com vítima;626;BR-324/BA;Oeste;Colisão Lateral;1;;;1;;;;;;;1;2;;;
05/08/2017;05:50:00;26;sem vítima;599,2;BR-324/BA;Oeste;Colisão Traseira;;;1;;;1;;;;;2;;;;
05/08/2017;07:31:00;37;sem vítima;621,2;BR-324/BA;Leste;Saida de Pista;1;;;;;;;;;;1;;;;
05/08/2017;07:40:00;40;com vítima;10,8;BR-116/BA - Cont VC;Norte;Atropelamento de Pedestre;;;;;;1;;;;;1;1;;;
05/08/2017;09:08:00;58;sem vítima;673;BR-116/BA;Norte;Colisão Lateral;1;;1;;;;;;;;2;;;;
05/08/2017;11:02:00;92;sem vítima;746;BR-116/BA;Sul;Colisão Traseira;;;1;;;1;;;;;2;;;;
05/08/2017;12:10:00;113;sem vítima;669,6;BR-116/BA;Sul;Queda de Moto;;;;1;;;;;;;1;;;;
05/08/2017;13:34:00;129;sem vítima;624,6;BR-324/BA;Oeste;Colisão Traseira;1;;;;;1;;;;;4;;;;
05/08/2017;14:21:00;137;com vítima;452;BR-116/BA;Sul;Atropelamento de Pedestre;;;1;;;;;;;;1;1;;;
05/08/2017;17:22:00;179;com vítima;551,3;BR-324/BA;Leste;Colisão Traseira;1;;;1;;;;;;;1;1;;;
05/08/2017;18:41:00;195;com vítima;23,9;BR-116/BA - Cont VC;Norte;Colisão Traseira;2;;;;;;;;;;4;2;;;
06/08/2017;01:46:00;9;sem vítima;608;BR-324/BA;Leste;Saida de Pista;1;;;;;;;;;;1;;;;
06/08/2017;16:38:00;134;com vítima;709;BR-116/BA;Norte;Atropelamento - Ciclista;1;1;;;;;;;;;3;1;;;
06/08/2017;17:45:00;143;sem vítima;642,1;BR-116/BA;Norte;Saida de Pista;;;1;;;;;;;;1;;;;
06/08/2017;18:38:00;153;sem vítima;554;BR-324/BA;Leste;Colisão Traseira;2;;;;;;;;;;4;;;;
06/08/2017;19:28:00;162;sem vítima;537;BR-324/BA;Oeste;Saida de Pista;1;;;;;;;;;;2;;;;
06/08/2017;20:12:00;172;sem vítima;543;BR-324/BA;Oeste;Saida de Pista;1;;;;;;;;;;2;;;;
06/08/2017;20:57:00;179;sem vítima;537;BR-324/BA;Oeste;Saida de Pista;1;;;;;;;;;;2;;;;
06/08/2017;21:57:00;187;com vítima;813,1;BR-116/BA;Norte;Colisão Traseira;;;;1;;1;;;;;1;1;;;
06/08/2017;23:02:00;200;com vítima;452,4;BR-116/BA;Sul;Queda de Moto;;;;1;;;;;;;0;;1;;
07/08/2017;01:51:00;8;sem vítima;543;BR-324/BA;Oeste;Saida de Pista;1;;;;;;;;;;2;;;;
07/08/2017;05:44:00;20;com vítima;865,8;BR-116/BA;Sul;Colisão Traseira;1;;;;;1;;;;;1;4;1;;
07/08/2017;06:30:00;25;sem vítima;623,4;BR-324/BA;Leste;Colisão Traseira;1;;;;;1;;;;;2;;;;
07/08/2017;06:45:00;30;sem vítima;519;BR-324/BA;Leste;Engavetamento;2;;;;;1;;;;;3;;;;
07/08/2017;07:22:00;38;sem vítima;612,5;BR-324/BA;Oeste;Queda de Moto;;;;1;;1;;;;;2;;;;
07/08/2017;08:14:00;62;sem vítima;618;BR-324/BA;Leste;Colisão Lateral;;;1;1;;;;;;;3;;;;
07/08/2017;09:39:00;97;sem vítima;527;BR-324/BA;Leste;Colisão Traseira;3;;;;;;;;;;3;;;;
07/08/2017;09:56:00;105;sem vítima;582;BR-324/BA;Oeste;Saida de Pista;1;;;;;;;;;;1;;;;
07/08/2017;14:35:00;180;sem vítima;599;BR-324/BA;Oeste;Colisão Lateral;1;;1;;;;;;;;2;;;;
07/08/2017;18:37:00;237;sem vítima;624,5;BR-324/BA;Oeste;Colisão Traseira;2;;;;;;;;;;3;;;;
07/08/2017;23:38:00;278;com vítima;624,9;BR-324/BA;Leste;Queda de Moto;;;;1;;;;;;;0;;1;;
08/08/2017;06:04:00;34;sem vítima;606,9;BR-324/BA;Leste;Saida de Pista;1;;;;;1;;;;;3;;;;
08/08/2017;08:19:00;72;sem vítima;622,2;BR-324/BA;Leste;Colisão Traseira;1;;;;;;;;;1;2;;;;
08/08/2017;12:51:00;144;sem vítima;612,1;BR-324/BA;Leste;Queda de Moto;;;;1;;;;;;;2;;;;
08/08/2017;13:04:00;149;sem vítima;633,5;BR-116/BA;Norte;Colisão Transversal;;;2;;;;;;;;2;;;;
08/08/2017;15:53:00;186;sem vítima;550;BR-324/BA;Leste;Saida de Pista;1;;;;;;;;;;1;;;;
08/08/2017;20:31:00;237;com vítima;534,4;BR-324/BA;Oeste;Queda de Moto;;;;1;;;;;;;0;;1;;