data;horario;n_da_ocorrencia;tipo_de_ocorrencia;km;trecho;sentido;tipo_de_acidente;automovel;bicicleta;caminhao;moto;onibus;outros;tracao_animal;transporte_de_cargas_especiais;trator_maquinas;utilitarios;ilesos;levemente_feridos;moderadamente_feridos;gravemente_feridos;mortos
09/09/2017;19:44:00;202;sem vítima;706,1;BR-116/BA;Norte;Colisão Lateral;1;;1;;;;;;;;4;;;;
09/09/2017;20:08:00;206;com vítima;758;BR-116/BA;Norte;Colisão Traseira;;;;1;;1;;;;;1;;;1;
09/09/2017;21:14:00;219;com vítima;471,8;BR-116/BA;Sul;Capotamento;1;;;;;;;;;;0;;;1;
10/09/2017;09:22:00;53;com vítima;465;BR-116/BA;Norte;Colisão Transversal;;;2;;;;;;;;1;;;;1
10/09/2017;11:55:00;79;com vítima;556,1;BR-116/BA;Norte;Capotamento;1;;;;;;;;;;0;1;1;;
10/09/2017;12:37:00;86;com vítima;665,2;BR-116/BA;Norte;Saida de Pista;1;;;;;;;;;;0;;1;;
10/09/2017;15:13:00;112;com vítima;615,5;BR-324/BA;Oeste;Atropelamento de Pedestre;;;;;;1;;;;;1;;1;;
10/09/2017;18:36:00;150;sem vítima;616;BR-324/BA;Oeste;Queda de Moto;;;;1;;;;;;;1;;;;
10/09/2017;18:42:00;151;sem vítima;1;BR-116/BA - ContSuFS;Norte;Colisão Traseira;2;;;;;;;;;;3;;;;
10/09/2017;19:42:00;169;com vítima;560;BR-324/BA;Leste;Colisão Transversal;;;;1;;;;;;;0;;2;;
10/09/2017;20:27:00;176;com vítima;575,8;BR-116/BA;Norte;Atropelamento de Pedestre;;;;;;1;;;;;1;;;1;
10/09/2017;20:47:00;182;sem vítima;622,6;BR-324/BA;Leste;Colisão Traseira;1;;;;;1;;;;;2;;;;
10/09/2017;20:55:00;184;com vítima;458,8;BR-116/BA;Sul;Queda de Moto;;;;1;;;;;;;0;1;1;;
10/09/2017;21:57:00;194;sem vítima;574;BR-324/BA;Leste;Colisão Lateral;1;;1;;;;;;;;2;;;;
11/09/2017;10:27:00;115;sem vítima;546,5;BR-324/BA;Oeste;Colisão Transversal;;;;;1;1;;;;;2;;;;
11/09/2017;10:55:00;131;sem vítima;607,5;BR-324/BA;Leste;Colisão Traseira;2;;;;;;;;;;2;;;;
11/09/2017;11:25:00;138;sem vítima;523,3;BR-324/BA;Oeste;Colisão Traseira;;;2;;;;;;;;2;;;;
11/09/2017;12:30:00;161;com vítima;607;BR-324/BA;Leste;Queda de Moto;;;;1;;;;;;;0;;1;;
11/09/2017;12:42:00;165;sem vítima;719,5;BR-116/BA;Norte;Choque Contra Objeto Fixo;1;;;;;;;;;;2;;;;
11/09/2017;22:25:00;288;com vítima;536,01;BR-324/BA;Oeste;Saida de Pista;;;;;1;;;;;;0;1;;;
11/09/2017;23:11:00;291;com vítima;664;BR-116/BA;Sul;Colisão Frontal;;;1;1;;;;;;;1;;;;1
12/09/2017;15:32:00;191;sem vítima;521,2;BR-324/BA;Leste;Colisão Traseira;;;1;;;;;;;1;3;;;;
12/09/2017;17:51:00;211;sem vítima;606,5;BR-324/BA;Leste;Colisão Traseira;1;;;;;1;;;;;2;;;;
12/09/2017;18:15:00;213;sem vítima;623;BR-324/BA;Oeste;Colisão Traseira;2;;;;;;;;;;3;;;;
12/09/2017;18:17:00;214;sem vítima;819,8;BR-116/BA;Sul;Colisão Traseira;1;;;;;;;;;1;2;;;;
12/09/2017;20:04:00;234;sem vítima;540;BR-116/BA;Norte;Colisão Lateral;1;;;;;1;;;;;4;;;;
13/09/2017;04:53:00;15;sem vítima;16,8;BR-116/BA - Cont VC;Sul;Colisão Traseira;;;1;;;1;;;;;3;;;;
13/09/2017;06:12:00;26;sem vítima;7,4;BR-116/BA - Cont VC;Sul;Saida de Pista;1;;;;;;;;;;1;;;;
13/09/2017;08:54:00;78;sem vítima;564,6;BR-324/BA;Oeste;Saida de Pista;1;;;;;;;;;;1;;;;
13/09/2017;12:39:00;137;sem vítima;829,7;BR-116/BA;Sul;Tombamento;;;1;;;;;;;;1;;;;
13/09/2017;13:45:00;151;sem vítima;550;BR-324/BA;Leste;Choque Contra Objeto Fixo;1;;;;;;;;;1;3;;;;
13/09/2017;18:34:00;223;sem vítima;829;BR-116/BA;Sul;Colisão Lateral;1;;1;;;;;;;;2;;;;
13/09/2017;19:31:00;232;sem vítima;827;BR-116/BA;Norte;Colisão Traseira;;;;;;1;;;;1;2;;;;
13/09/2017;23:16:00;263;sem vítima;599;BR-324/BA;Oeste;Colisão Traseira;1;;;;;;;;;1;2;;;;
14/09/2017;06:42:00;25;sem vítima;616,2;BR-324/BA;Oeste;Colisão Traseira;;;1;1;1;;;;;;32;;;;
14/09/2017;07:03:00;34;sem vítima;714,6;BR-116/BA;Norte;Saida de Pista;1;;;;;;;;;;1;;;;
14/09/2017;07:44:00;50;com vítima;818;BR-116/BA;Sul;Colisão Traseira;;;;1;;;;;;1;1;1;;;
14/09/2017;08:03:00;60;sem vítima;614,3;BR-324/BA;Leste;Colisão Traseira;1;;;;;;;;;1;2;;;;
14/09/2017;11:13:00;111;sem vítima;583,6;BR-324/BA;Oeste;Colisão Traseira;1;;1;;;;;;;;3;;;;
14/09/2017;11:30:00;116;sem vítima;749,7;BR-116/BA;Sul;Saida de Pista;1;;;;;;;;;;2;;;;
14/09/2017;13:03:00;146;com vítima;578,2;BR-116/BA;Sul;Saida de Pista;;;1;;;;;;;;0;1;;;
14/09/2017;13:09:00;147;sem vítima;494,3;BR-116/BA;Norte;Colisão Traseira;;;1;;;1;;;;1;9;;;;
14/09/2017;15:07:00;171;sem vítima;599;BR-324/BA;Oeste;Colisão Lateral;;;1;;;;;;;1;5;;;;
15/09/2017;07:46:00;51;sem vítima;560,2;BR-324/BA;Leste;Saida de Pista;1;;;;;;;;;;1;;;;
15/09/2017;11:11:00;126;sem vítima;14;BR-116/BA - Cont VC;Norte;Colisão Traseira;;;1;;1;;;;;;2;;;;
15/09/2017;13:28:00;158;sem vítima;757,7;BR-116/BA;Sul;Colisão Traseira;2;;;;;;;;;;3;;;;
15/09/2017;15:26:00;187;com vítima;620;BR-116/BA;Norte;Colisão Frontal;;;3;;;;;;;;1;;1;;1
15/09/2017;17:24:00;220;com vítima;16,2;BR-116/BA - Cont VC;Norte;Colisão Transversal;;;;2;;;;;;;1;1;;;
15/09/2017;18:37:00;232;sem vítima;457,8;BR-116/BA;Sul;Colisão Traseira;;;;;;;;;;2;3;;;;
15/09/2017;18:47:00;239;sem vítima;551;BR-324/BA;Oeste;Colisão Traseira;2;;;;;1;;;;;8;;;;
15/09/2017;23:21:00;300;sem vítima;875,8;BR-116/BA;Sul;Colisão Traseira;;;2;;;;;;;;2;;;;
16/09/2017;05:37:00;25;sem vítima;590,1;BR-116/BA;Norte;Colisão Traseira;1;;;;;1;;;;;4;;;;
16/09/2017;07:44:00;41;sem vítima;561,5;BR-116/BA;Sul;Colisão Traseira;;;1;;;1;;;;;3;;;;
16/09/2017;13:18:00;112;sem vítima;616,1;BR-324/BA;Oeste;Engavetamento;2;;;;;1;;;;;5;;;;
16/09/2017;13:52:00;122;sem vítima;621,5;BR-324/BA;Leste;Engavetamento;2;;;;;1;;;;;3;;;;
16/09/2017;13:58:00;125;sem vítima;605,8;BR-116/BA;Sul;Engavetamento;;;1;;1;;;;;1;43;;;;
16/09/2017;15:35:00;138;sem vítima;523;BR-324/BA;Leste;Colisão Traseira;1;;;1;;;;;;;2;;;;
16/09/2017;16:04:00;148;sem vítima;543;BR-324/BA;Leste;Saida de Pista;1;;;;;;;;;;1;;;;
16/09/2017;22:53:00;221;sem vítima;555;BR-324/BA;Leste;Saida de Pista;1;;;;;;;;;;4;;;;
17/09/2017;06:10:00;29;sem vítima;585,9;BR-324/BA;Leste;Saida de Pista;1;;;;;;;;;;1;;;;
17/09/2017;09:35:00;56;sem vítima;547,3;BR-324/BA;Oeste;Choque Contra Objeto Fixo;1;;;;;;;;;;1;;;;
17/09/2017;12:54:00;95;sem vítima;441,8;BR-116/BA;Sul;Saida de Pista;;;;;;;;;;1;1;;;;
17/09/2017;12:59:00;96;sem vítima;559;BR-324/BA;Leste;Choque Contra Objeto Fixo;1;;;;;;;;;;1;;;;
17/09/2017;19:31:00;167;com vítima;11;BR-116/BA - Cont VC;Sul;Colisão Frontal;;;;2;;;;;;;0;;1;;1
17/09/2017;19:56:00;169;com vítima;2,2;BR-116/BA - Cont VC;Norte;Colisão Frontal;1;;;;;;;;;1;4;5;2;;2
17/09/2017;21:39:00;181;sem vítima;577;BR-324/BA;Leste;Saida de Pista;1;;;;;;;;;;3;;;;
17/09/2017;22:26:00;187;sem vítima;521;BR-324/BA;Leste;Saida de Pista;1;;;;;;;;;;1;;;;
17/09/2017;23:55:00;203;sem vítima;602,5;BR-116/BA;Norte;Saida de Pista;;;1;;;;;;;;1;;;;
18/09/2017;01:31:00;10;sem vítima;527;BR-116/BA;Norte;Colisão Traseira;;;1;;;1;;;;;2;;;;
18/09/2017;07:05:00;45;sem vítima;734,2;BR-116/BA;Norte;Colisão Traseira;;;2;;;;;;;;2;;;;
18/09/2017;07:17:00;48;sem vítima;612,6;BR-324/BA;Leste;Queda de Moto;;;;1;;;;;;;1;;;;
18/09/2017;11:10:00;114;sem vítima;603;BR-324/BA;Oeste;Engavetamento;2;;1;;;1;;;;;4;;;;
18/09/2017;13:44:00;147;sem vítima;532,9;BR-116/BA;Norte;Engavetamento;;;;;3;;;;;;3;;;;
18/09/2017;14:17:00;157;sem vítima;483;BR-116/BA;Sul;Colisão Traseira;;;1;;;1;;;;;2;;;;
18/09/2017;16:29:00;187;sem vítima;642,1;BR-116/BA;Norte;Saida de Pista;;;1;;;;;;;;1;;;;
18/09/2017;19:41:00;220;sem vítima;620,4;BR-324/BA;Leste;Engavetamento;4;;;;;;;;;;4;;;;
19/09/2017;06:08:00;16;com vítima;903,5;BR-116/BA;Sul;Saida de Pista;;;;1;;;;;;;0;1;;;
19/09/2017;07:06:00;27;com vítima;604,2;BR-116/BA;Sul;Tombamento;;;2;;;;;;;;1;;1;;
19/09/2017;10:02:00;90;sem vítima;561,2;BR-324/BA;Oeste;Colisão Traseira;1;;1;;;;;;;;4;;;;
19/09/2017;10:34:00;102;sem vítima;817,8;BR-116/BA;Sul;Colisão Transversal;;;1;;;;;;;1;4;;;;
19/09/2017;10:46:00;105;com vítima;479;BR-116/BA;Norte;Saida de Pista;1;;;;;;;;;;1;;;1;
19/09/2017;10:52:00;106;sem vítima;561,2;BR-324/BA;Oeste;Saida de Pista;;;1;;;;;;;;1;;;;
19/09/2017;12:45:00;128;sem vítima;562,4;BR-324/BA;Oeste;Colisão Traseira;;;1;;;;;;;1;2;;;;
19/09/2017;12:50:00;129;sem vítima;562,4;BR-324/BA;Oeste;Choque - Veiculo parado no acostamento;;;1;;;;;;;1;2;;;;
19/09/2017;16:37:00;167;com vítima;526,8;BR-324/BA;Oeste;Saida de Pista;1;;;;;;;;;;0;;1;;
20/09/2017;00:07:00;1;com vítima;602,4;BR-324/BA;Oeste;Saida de Pista;;;1;;;;;;;;0;1;;;
20/09/2017;04:51:00;13;sem vítima;606;BR-324/BA;Oeste;Saida de Pista;1;;;;;;;;;;2;;;;
20/09/2017;06:37:00;22;sem vítima;600,1;BR-324/BA;Oeste;Saida de Pista;1;;;;;;;;;;1;;;;
20/09/2017;07:52:00;48;sem vítima;621,5;BR-324/BA;Leste;Engavetamento;3;;;;;;;;;;6;;;;
20/09/2017;13:13:00;140;sem vítima;427;BR-116/BA;Sul;Engavetamento;3;;;;1;;;;;;12;;;;
20/09/2017;14:53:00;165;sem vítima;427;BR-116/BA;Norte;Colisão Lateral;1;;;1;;;;;;;2;;;;
20/09/2017;18:06:00;205;sem vítima;577,3;BR-116/BA;Sul;Colisão Lateral;;;2;;;;;;;;2;;;;
20/09/2017;22:25:00;240;com vítima;543;BR-324/BA;Oeste;Saida de Pista;1;;;;;;;;;;1;;2;;
21/09/2017;00:31:00;4;com vítima;433;BR-116/BA;Sul;Atropelamento de Pedestre;;;;;;1;;;;;1;;;;1
21/09/2017;05:19:00;13;sem vítima;18,3;BR-116/BA - Cont VC;Sul;Colisão Traseira;;;2;;;;;;;;2;;;;
21/09/2017;06:11:00;16;sem vítima;599,2;BR-116/BA;Norte;Colisão Lateral;1;;;;;1;;;;;2;;;;
21/09/2017;09:35:00;97;sem vítima;564;BR-324/BA;Oeste;Saida de Pista;1;;;;;;;;;;3;;;;
21/09/2017;15:29:00;172;sem vítima;644,2;BR-116/BA;Norte;Colisão Traseira;2;;;;;;;;;;8;;;;
21/09/2017;16:35:00;189;sem vítima;687,7;BR-116/BA;Norte;Engavetamento;1;;2;;;;;;;;4;;;;
22/09/2017;06:58:00;30;com vítima;672,4;BR-116/BA;Sul;Engavetamento;;;3;;;;;;;;2;1;;;
22/09/2017;08:08:00;68;sem vítima;625;BR-324/BA;Leste;Colisão Lateral;;;;1;;;;;;1;3;;;;
22/09/2017;08:17:00;73;com vítima;783,5;BR-116/BA;Norte;Capotamento;1;;;;;;;;;;0;1;;;
22/09/2017;10:55:00;124;sem vítima;586,2;BR-324/BA;Leste;Saida de Pista;1;;;;;;;;;;1;;;;
22/09/2017;11:29:00;133;sem vítima;909,5;BR-116/BA;Norte;Colisão Traseira;;;2;;;;;;;;2;;;;
22/09/2017;16:40:00;195;com vítima;823;BR-116/BA;Sul;Colisão Traseira;1;;;1;;;;;;;1;1;;;
22/09/2017;17:06:00;202;sem vítima;601,6;BR-324/BA;Oeste;Colisão Traseira;;;1;;1;;;;;;39;;;;
22/09/2017;20:58:00;240;sem vítima;543;BR-324/BA;Oeste;Saida de Pista;;;;;;;;;;1;4;;;;
22/09/2017;23:09:00;259;sem vítima;543;BR-324/BA;Oeste;Saida de Pista;1;;;;;;;;;;5;;;;
23/09/2017;06:51:00;31;sem vítima;599,2;BR-324/BA;Oeste;Colisão Traseira;2;;;;;;;;;;8;;;;
23/09/2017;11:04:00;89;com vítima;781;BR-116/BA;Sul;Saida de Pista;1;;;;;;;;;;1;1;;;
23/09/2017;18:01:00;152;com vítima;626;BR-324/BA;Leste;Queda de Moto;;;;1;1;;;;;;2;;1;;
23/09/2017;18:10:00;154;sem vítima;620,4;BR-324/BA;Leste;Saida de Pista;1;;;;;;;;;;3;;;;
24/09/2017;05:33:00;22;sem vítima;591;BR-324/BA;Leste;Outros;1;;;;;;;;;;4;;;;
24/09/2017;08:30:00;41;sem vítima;930,2;BR-116/BA;Sul;Colisão Traseira;;;2;;;;;;;;2;;;;
24/09/2017;11:59:00;74;sem vítima;439,1;BR-116/BA;Sul;Saida de Pista;1;;;;;;;;;;3;;;;
24/09/2017;17:01:00;124;com vítima;4;BR-116/BA - Cont VC;Norte;Saida de Pista;;;;1;;;;;;;0;1;;;
24/09/2017;20:54:00;169;com vítima;11;BR-116/BA - Cont VC;Norte;Saida de Pista;1;;;;;;;;;;2;1;;;
24/09/2017;23:17:00;192;sem vítima;793;BR-116/BA;Sul;Colisão Traseira;2;;;;;;;;;;3;;;;
25/09/2017;04:43:00;22;sem vítima;543;BR-324/BA;Oeste;Saida de Pista;1;;;;;;;;;;3;;;;
25/09/2017;12:57:00;181;sem vítima;520,05;BR-324/BA;Oeste;Colisão Lateral;1;;1;;;;;;;;2;;;;
25/09/2017;13:56:00;194;sem vítima;540,2;BR-324/BA;Leste;Saida de Pista;1;;;;;;;;;;1;;;;
25/09/2017;15:09:00;210;sem vítima;528;BR-324/BA;Oeste;Tombamento;;;1;;;;;;;;1;;;;
25/09/2017;15:37:00;215;com vítima;573;BR-324/BA;Leste;Saida de Pista;1;;;;;;;;;;1;4;;;
25/09/2017;16:41:00;233;sem vítima;549,4;BR-116/BA;Sul;Saida de Pista;;;1;;;;;;;;1;;;;
25/09/2017;18:35:00;256;sem vítima;539;BR-324/BA;Oeste;Colisão Lateral;;;1;;;1;;;;;3;;;;
25/09/2017;19:36:00;266;sem vítima;525;BR-324/BA;Oeste;Colisão Traseira;1;;;;;1;;;;;4;;;;
25/09/2017;21:08:00;274;com vítima;912,1;BR-116/BA;Norte;Colisão Frontal;;;1;1;;;;;;;1;;;1;
26/09/2017;04:57:00;12;sem vítima;427;BR-116/BA;Norte;Atropelamento de Animal;1;;;;;;;;;;1;;;;
26/09/2017;07:47:00;49;sem vítima;819;BR-116/BA;Norte;Tombamento;;;1;;;;;;;2;9;;;;
26/09/2017;08:06:00;60;sem vítima;615;BR-324/BA;Oeste;Colisão Traseira;2;;;;;;;;;;3;;;;
26/09/2017;09:46:00;107;sem vítima;657,8;BR-116/BA;Sul;Saida de Pista;;;1;;;;;;;;1;;;;
26/09/2017;12:21:00;147;sem vítima;557;BR-324/BA;Leste;Queda de Moto;;;;1;;;;;;;1;;;;
26/09/2017;12:56:00;158;com vítima;835,2;BR-116/BA;Norte;Colisão Transversal;1;;;;;;;;;1;3;3;;;
26/09/2017;13:16:00;164;com vítima;613;BR-324/BA;Leste;Colisão Traseira;;;;1;;;;;;1;1;1;;;
26/09/2017;13:29:00;169;sem vítima;611,3;BR-116/BA;Norte;Colisão Traseira;;;2;;;;;;;;2;;;;
26/09/2017;14:45:00;185;com vítima;560;BR-324/BA;Leste;Colisão Transversal;2;;;;;;;;;;3;1;;1;
26/09/2017;15:52:00;205;sem vítima;518;BR-324/BA;Oeste;Colisão Lateral;;;;;1;;;;;1;9;;;;
26/09/2017;18:40:00;239;sem vítima;543;BR-324/BA;Oeste;Saida de Pista;1;;;;;;;;;;1;;;;
26/09/2017;19:08:00;244;com vítima;16,5;BR-116/BA - Cont VC;Sul;Colisão Transversal;1;;;1;;;;;;;4;1;;;
27/09/2017;05:27:00;17;sem vítima;562,2;BR-324/BA;Leste;Saida de Pista;1;;;;;;;;;;1;;;;
27/09/2017;08:29:00;67;sem vítima;623,2;BR-324/BA;Oeste;Colisão Traseira;2;;;;;;;;;;2;;;;
27/09/2017;12:44:00;141;sem vítima;888;BR-116/BA;Norte;Queda de Moto;;;;1;;;;;;;1;;;;
27/09/2017;15:55:00;187;sem vítima;599,5;BR-324/BA;Oeste;Sequência;2;;1;;;;;;;;3;;;;
27/09/2017;16:43:00;197;sem vítima;896,6;BR-116/BA;Sul;Colisão Frontal;1;;1;;;;;;;;3;;;;
27/09/2017;17:00:00;204;sem vítima;447;BR-116/BA;Norte;Colisão Frontal;1;;1;;;;;;;;6;;;;
27/09/2017;18:56:00;222;sem vítima;550,1;BR-324/BA;Oeste;Saida de Pista;1;;;;;;;;;;2;;;;
27/09/2017;23:37:00;251;sem vítima;545,9;BR-324/BA;Oeste;Colisão Traseira;;;1;;;;;;;;1;;;;
28/09/2017;07:34:00;44;com vítima;812,6;BR-116/BA;Sul;Colisão Transversal;1;;1;;;;;;;;1;1;;;
28/09/2017;10:05:00;105;sem vítima;551;BR-324/BA;Leste;Colisão Traseira;2;;;;;;;;;;2;;;;
28/09/2017;11:49:00;136;com vítima;610,1;BR-324/BA;Oeste;Saida de Pista;1;;;;;;;;;;0;1;;;
28/09/2017;16:07:00;183;sem vítima;5;BR-116/BA - Cont VC;Sul;Colisão Lateral;1;;1;;;;;;;;2;;;;
28/09/2017;17:52:00;212;sem vítima;693,3;BR-116/BA;Norte;Saida de Pista;;;;;1;;;;;;44;;;;
28/09/2017;18:26:00;218;sem vítima;531;BR-324/BA;Oeste;Colisão Lateral;1;;;;;1;;;;;2;;;;
28/09/2017;18:32:00;219;sem vítima;531;BR-324/BA;Leste;Engavetamento;1;;2;;;;;;;;5;;;;
28/09/2017;18:51:00;221;com vítima;624;BR-324/BA;Oeste;Engavetamento;4;;;1;;;;;;;7;1;;;
28/09/2017;20:37:00;241;sem vítima;871,4;BR-116/BA;Sul;Colisão Traseira;;;1;;;;;;;1;3;;;;
28/09/2017;22:09:00;252;com vítima;14,6;BR-116/BA - Cont VC;Norte;Queda de Moto;;;;1;;;;;;;1;1;;;
29/09/2017;04:36:00;12;sem vítima;532,2;BR-116/BA;Sul;Colisão Traseira;;;1;;;1;;;;;2;;;;
29/09/2017;11:53:00;142;sem vítima;551;BR-324/BA;Leste;Colisão Traseira;;;;;;1;;;;1;3;;;;
29/09/2017;13:56:00;164;sem vítima;886,3;BR-116/BA;Norte;Saida de Pista;1;;;;;;;;;;1;;;;
29/09/2017;16:25:00;196;com vítima;560;BR-116/BA;Norte;Queda de Moto;;;;1;;;;;;;0;1;;;
29/09/2017;16:32:00;201;sem vítima;624;BR-324/BA;Leste;Choque Contra Objeto Fixo;1;;;;;;;;;;1;;;;
29/09/2017;17:29:00;211;sem vítima;620;BR-324/BA;Leste;Colisão Traseira;;;;1;;;;;;;1;;;;
29/09/2017;22:18:00;274;com vítima;448;BR-116/BA;Norte;Colisão Transversal;1;;;1;;;;;;;3;1;1;;
30/09/2017;05:59:00;16;sem vítima;539,8;BR-116/BA;Norte;Colisão Lateral;;;2;;;;;;;;3;;;;
30/09/2017;10:59:00;87;sem vítima;620;BR-324/BA;Leste;Colisão Traseira;1;;1;;;;;;;;4;;;;
30/09/2017;12:20:00;97;sem vítima;619;BR-116/BA;Sul;Tombamento;;;1;;;;;;;;1;;;;
30/09/2017;17:42:00;160;com vítima;7;BR-116/BA - ContSuFS;Sul;Tombamento;;;1;;;;;;;;0;;;1;
30/09/2017;20:29:00;180;sem vítima;459;BR-116/BA;Norte;Colisão Lateral;1;;;;;1;;;;;2;;;;
30/09/2017;22:05:00;193;com vítima;530;BR-324/BA;Leste;Queda de Moto;;;;1;;;;;;;0;;1;;
30/09/2017;22:46:00;200;sem vítima;552;BR-324/BA;Oeste;Saida de Pista;1;;;;;;;;;;2;;;;
30/09/2017;22:59:00;201;sem vítima;29;BR-116/BA - Cont VC;Sul;Atropelamento de Animal;;;;;;;;;;1;2;;;;
01/10/2017;00:12:00;2;sem vítima;473;BR-116/BA;Norte;Atropelamento de Animal;;;1;;;;;;;;4;;;;
01/10/2017;00:16:00;5;com vítima;464,3;BR-116/BA;Sul;Queda de Moto;;;;1;;;;;;;0;;1;;
01/10/2017;10:03:00;83;sem vítima;661,3;BR-116/BA;Norte;Saida de Pista;;;;;;;;;;1;2;;;;
01/10/2017;14:29:00;138;sem vítima;624,5;BR-324/BA;Leste;Saida de Pista;1;;;;;;;;;;1;;;;
01/10/2017;16:35:00;157;sem vítima;566;BR-116/BA;Norte;Colisão Traseira;;;2;;;;;;;;2;;;;
01/10/2017;18:21:00;179;sem vítima;1;BR-116/BA - ContSuFS;Sul;Saida de Pista;1;;;;;;;;;;1;;;;
02/10/2017;01:13:00;5;sem vítima;589,8;BR-324/BA;Leste;Colisão Traseira;1;;;;;1;;;;;3;;;;
02/10/2017;07:18:00;50;sem vítima;451;BR-116/BA;Sul;Colisão Traseira;;;2;;;;;;;;2;;;;
02/10/2017;07:21:00;52;sem vítima;613;BR-324/BA;Leste;Engavetamento;4;;;;;;;;;;4;;;;
02/10/2017;07:39:00;58;sem vítima;615;BR-324/BA;Leste;Colisão Traseira;2;;;;;;;;;;6;;;;
02/10/2017;08:18:00;76;sem vítima;623,7;BR-324/BA;Leste;Engavetamento;5;;;;;;;;;;8;;;;
02/10/2017;15:56:00;218;sem vítima;491;BR-116/BA;Sul;Capotamento;1;;;;;;;;;;1;;;;
02/10/2017;17:27:00;234;sem vítima;531,7;BR-324/BA;Oeste;Queda de Moto;;;;1;;;;;;;2;;;;
02/10/2017;18:54:00;250;sem vítima;548;BR-324/BA;Oeste;Saida de Pista;;;;;;;;;;1;1;;;;
03/10/2017;04:01:00;15;sem vítima;541,2;BR-324/BA;Leste;Colisão Traseira;;;2;;;;;;;;2;;;;
03/10/2017;05:41:00;24;sem vítima;541;BR-324/BA;Leste;Colisão Traseira;;;2;;;;;;;;2;;;;
03/10/2017;06:08:00;29;com vítima;540;BR-324/BA;Leste;Engavetamento;10;;3;;;;;;;;17;5;;;
03/10/2017;11:01:00;125;sem vítima;576;BR-324/BA;Oeste;Choque Contra Objeto Fixo;1;;;;;;;;;;5;;;;
03/10/2017;13:03:00;151;sem vítima;474,2;BR-116/BA;Sul;Colisão Traseira;;;2;;;;;;;;2;;;;
03/10/2017;17:06:00;219;com vítima;828,4;BR-116/BA;Sul;Colisão Lateral;;;1;1;;;;;;;1;;2;;
04/10/2017;08:06:00;52;sem vítima;599;BR-324/BA;Leste;Colisão Traseira;1;;;1;;;;;;;2;;;;
04/10/2017;09:08:00;73;sem vítima;612;BR-324/BA;Leste;Colisão Traseira;1;;;;;1;;;;;2;;;;
04/10/2017;09:16:00;75;com vítima;518;BR-324/BA;Oeste;Atropelamento de Pedestre;;;1;;;;;;;;1;1;;;
04/10/2017;10:18:00;97;sem vítima;620;BR-324/BA;Leste;Saida de Pista;1;;;;;;;;;;2;;;;
04/10/2017;10:40:00;104;com vítima;572,3;BR-324/BA;Oeste;Saida de Pista;1;;;;;;;;;;0;2;;;
04/10/2017;12:46:00;133;sem vítima;661;BR-116/BA;Sul;Saida de Pista;;;1;;;;;;;;1;;;;
04/10/2017;14:21:00;162;sem vítima;494;BR-116/BA;Sul;Sequência;1;;1;;;;;;;1;3;;;;
04/10/2017;17:07:00;198;sem vítima;587,7;BR-324/BA;Leste;Colisão Traseira;1;;1;;;;;;;;5;;;;
04/10/2017;17:52:00;209;sem vítima;543;BR-324/BA;Oeste;Colisão Lateral;1;;;;;1;;;;;2;;;;
04/10/2017;18:16:00;214;com vítima;543;BR-324/BA;Oeste;Colisão Traseira;1;;;;;;;;;1;12;1;;;
04/10/2017;21:28:00;247;com vítima;486,9;BR-116/BA;Norte;Saida de Pista;;;1;;;;;;;;1;1;;;
04/10/2017;21:32:00;249;sem vítima;17;BR-116/BA - Cont VC;Norte;Colisão Transversal;1;;1;;;;;;;;2;;;;
05/10/2017;09:23:00;83;com vítima;625,6;BR-324/BA;Oeste;Colisão Lateral;1;;;1;;;;;;;1;;1;;
05/10/2017;10:32:00;102;sem vítima;623,1;BR-324/BA;Leste;Engavetamento;1;;2;;;;;;;1;5;;;;
05/10/2017;15:35:00;177;com vítima;525;BR-324/BA;Oeste;Engavetamento;3;;;;;;;;;;2;2;;;
05/10/2017;19:10:00;215;com vítima;571;BR-324/BA;Oeste;Colisão Lateral;1;;;;;1;;;;;2;;1;;
06/10/2017;07:36:00;41;com vítima;609;BR-324/BA;Oeste;Queda de Moto;;;;1;;;;;;;0;1;;;
06/10/2017;09:28:00;90;com vítima;581,5;BR-324/BA;Leste;Colisão Traseira;1;;;1;;;;;;;6;1;;;
06/10/2017;09:41:00;94;com vítima;755,1;BR-116/BA;Sul;Colisão Lateral;1;;;1;;;;;;;1;1;;;
06/10/2017;10:30:00;112;sem vítima;565,9;BR-116/BA;Norte;Colisão Traseira;1;;;;;1;;;;;2;;;;
06/10/2017;19:53:00;235;sem vítima;459;BR-116/BA;Sul;Engavetamento;2;;2;;;;;;;;8;;;;
06/10/2017;21:54:00;257;sem vítima;590,2;BR-324/BA;Leste;Atropelamento de Animal;;;;;;;;;;1;1;;;;
07/10/2017;04:44:00;16;sem vítima;532,4;BR-324/BA;Leste;Capotamento;1;;;;;;;;;;1;;;;
07/10/2017;06:32:00;26;sem vítima;609,75;BR-324/BA;Oeste;Saida de Pista;1;;;;;;;;;;1;;;;
07/10/2017;08:17:00;56;com vítima;621,1;BR-324/BA;Oeste;Colisão Lateral;;;;1;;1;;;;;1;1;;;
07/10/2017;09:34:00;79;sem vítima;545;BR-324/BA;Oeste;Colisão Lateral;1;;1;;;;;;;;2;;;;
07/10/2017;10:29:00;103;sem vítima;458,9;BR-116/BA;Sul;Colisão Lateral;1;;1;;;;;;;;3;;;;
07/10/2017;15:44:00;174;com vítima;543;BR-116/BA;Norte;Colisão Transversal;1;;1;;;;;;;;1;;;1;1
07/10/2017;17:08:00;198;com vítima;581,5;BR-324/BA;Leste;Choque Contra Objeto Fixo;1;;;;;;;;;;0;2;;;