data;horario;n_da_ocorrencia;tipo_de_ocorrencia;km;trecho;sentido;tipo_de_acidente;automovel;bicicleta;caminhao;moto;onibus;outros;tracao_animal;transporte_de_cargas_especiais;trator_maquinas;utilitarios;ilesos;levemente_feridos;moderadamente_feridos;gravemente_feridos;mortos
07/10/2017;18:19:00;210;com vítima;460,5;BR-116/BA;Sul;Queda de Moto;;;;1;;;;;;;0;;1;;
07/10/2017;18:36:00;216;com vítima;620;BR-324/BA;Oeste;Atropelamento de Pedestre;1;;;;;;;;;;2;;;;1
07/10/2017;23:14:00;256;sem vítima;620;BR-324/BA;Oeste;Colisão Traseira;1;;1;;;;;;;;4;;;;
08/10/2017;09:13:00;55;sem vítima;24,8;BR-116/BA - Cont VC;Norte;Colisão Traseira;2;;;;;;;;;;3;;;;
08/10/2017;15:54:00;130;com vítima;828,1;BR-116/BA;Norte;Saida de Pista;1;;;;;;;;;;0;1;;;
08/10/2017;16:50:00;141;com vítima;448;BR-116/BA;Sul;Colisão Traseira;;;;2;;;;;;;0;2;;;
08/10/2017;17:11:00;146;sem vítima;667;BR-116/BA;Norte;Colisão Traseira;1;;1;;;;;;;;5;;;;
08/10/2017;18:12:00;161;sem vítima;589,4;BR-324/BA;Leste;Engavetamento;2;;;;;1;;;;;7;;;;
08/10/2017;20:43:00;196;com vítima;4;BR-116/BA - ContSuFS;Norte;Colisão Traseira;;;;1;;1;;;;;1;1;;;
08/10/2017;21:06:00;203;com vítima;623;BR-324/BA;Oeste;Capotamento;1;;;;;;;;;;0;;1;;
08/10/2017;21:10:00;207;sem vítima;427,2;BR-116/BA;Sul;Colisão Traseira;;;1;;;;;;;;1;;;;
09/10/2017;02:15:00;5;sem vítima;534,7;BR-116/BA;Norte;Saida de Pista;;;1;;;;;;;;3;;;;
09/10/2017;02:26:00;8;sem vítima;617;BR-324/BA;Leste;Choque Contra Objeto Fixo;1;;;;;;;;;;1;;;;
09/10/2017;05:16:00;21;sem vítima;584,7;BR-116/BA;Sul;Saida de Pista;1;;;;;;;;;;1;;;;
09/10/2017;06:46:00;34;com vítima;443,9;BR-116/BA;Norte;Queda de Moto;;;;1;;;;;;;0;;1;;
09/10/2017;07:20:00;43;sem vítima;615,8;BR-324/BA;Leste;Engavetamento;4;;;;;;;;;1;13;;;;
09/10/2017;07:58:00;64;sem vítima;611;BR-324/BA;Leste;Colisão Traseira;1;;1;;;;;;;;3;;;;
09/10/2017;10:38:00;119;com vítima;583;BR-324/BA;Oeste;Colisão Lateral;;;1;1;;;;;;;3;;1;;
09/10/2017;15:24:00;199;sem vítima;586,2;BR-324/BA;Oeste;Saida de Pista;;;1;;;;;;;;1;;;;
09/10/2017;16:51:00;218;com vítima;7;BR-116/BA - ContSuFS;Norte;Queda de Moto;;;;1;;;;;;;1;1;;;
09/10/2017;17:56:00;231;com vítima;622,9;BR-324/BA;Oeste;Queda de Moto;;;;1;;;;;;;1;;1;;
09/10/2017;17:58:00;232;sem vítima;599,2;BR-324/BA;Leste;Colisão Lateral;1;;;;;;;;;1;7;;;;
10/10/2017;08:33:00;80;sem vítima;595;BR-324/BA;Leste;Colisão Lateral;1;;;;;;;;;;1;;;;
10/10/2017;16:58:00;194;sem vítima;613;BR-324/BA;Leste;Colisão Traseira;1;;1;;;;;;;;2;;;;
10/10/2017;22:30:00;249;sem vítima;599;BR-324/BA;Oeste;Queda de Moto;;;;1;;;;;;;1;;;;
11/10/2017;00:48:00;5;sem vítima;567,8;BR-324/BA;Leste;Saida de Pista;1;;;;;;;;;;2;;;;
11/10/2017;04:55:00;17;sem vítima;556;BR-324/BA;Leste;Atropelamento de Animal;1;;;;;;;;;;2;;;;
11/10/2017;06:59:00;37;sem vítima;611,9;BR-324/BA;Oeste;Engavetamento;2;;;;1;1;;;;;21;;;;
11/10/2017;08:23:00;68;com vítima;615,6;BR-324/BA;Leste;Colisão Traseira;;;1;;1;;;;;;38;;1;;
11/10/2017;08:46:00;82;sem vítima;611;BR-324/BA;Oeste;Engavetamento;3;;;;;;;;;;3;;;;
11/10/2017;09:41:00;106;com vítima;16,3;BR-116/BA - Cont VC;Sul;Colisão Transversal;2;;;;;;;;;;2;2;;;
11/10/2017;12:30:00;169;com vítima;697;BR-116/BA;Norte;Saida de Pista;1;;;;;;;;;;0;1;;;
11/10/2017;13:12:00;183;sem vítima;602,3;BR-324/BA;Oeste;Colisão Traseira;2;;;;;;;;;1;8;;;;
11/10/2017;13:42:00;194;com vítima;592,3;BR-324/BA;Oeste;Saida de Pista;1;;;;;;;;;;1;1;;;
11/10/2017;13:52:00;196;sem vítima;558,8;BR-324/BA;Leste;Saida de Pista;;;1;;;;;;;;1;;;;
11/10/2017;15:58:00;220;sem vítima;523,3;BR-116/BA;Sul;Atropelamento de Animal;;;1;;;;;;;;1;;;;
11/10/2017;16:44:00;233;sem vítima;616,25;BR-324/BA;Leste;Engavetamento;2;;;;;2;;;;;5;;;;
11/10/2017;16:58:00;237;sem vítima;616,5;BR-324/BA;Oeste;Colisão Traseira;;;;;;1;;;;1;2;;;;
11/10/2017;21:57:00;307;sem vítima;427;BR-116/BA;Sul;Atropelamento de Animal;1;;;;;;;;;;1;;;;
11/10/2017;16:10:00;322;sem vítima;562,5;BR-324/BA;Oeste;Colisão Lateral;1;;;;;1;;;;;2;;;;
12/10/2017;00:06:00;1;sem vítima;594;BR-324/BA;Leste;Saida de Pista;1;;;;;;;;;;2;;;;
12/10/2017;05:45:00;18;sem vítima;576;BR-116/BA;Sul;Saida de Pista;;;1;;;;;;;;1;;;;
12/10/2017;05:58:00;19;sem vítima;9,9;BR-116/BA - Cont VC;Sul;Atropelamento de Animal;1;;;;;;;;;;1;;;;
12/10/2017;10:17:00;83;sem vítima;920,95;BR-116/BA;Norte;Colisão Traseira;1;;;;;1;;;;;3;;;;
12/10/2017;13:59:00;138;com vítima;818;BR-116/BA;Sul;Colisão Lateral;1;;;1;;;;;;;1;1;;;
12/10/2017;14:31:00;145;sem vítima;634;BR-116/BA;Norte;Colisão Transversal;;;1;;;;;;;1;2;;;;
12/10/2017;15:24:00;152;sem vítima;574;BR-324/BA;Leste;Saida de Pista;1;;;;;;;;;;1;;;;
12/10/2017;16:47:00;175;sem vítima;509,9;BR-116/BA;Norte;Colisão Lateral;;;2;;;;;;;;3;;;;
12/10/2017;20:47:00;221;sem vítima;832,6;BR-116/BA;Norte;Saida de Pista;;;1;;;;;;;;1;;;;
12/10/2017;21:24:00;225;sem vítima;13;BR-116/BA - Cont VC;Norte;Colisão Transversal;1;;;;;1;;;;;2;;;;
12/10/2017;21:37:00;229;com vítima;616,4;BR-324/BA;Oeste;Colisão Frontal;1;;;;;;;;;1;2;3;;;
13/10/2017;08:03:00;49;com vítima;595,8;BR-324/BA;Oeste;Saida de Pista;;;1;;;;;;;;0;1;;;
13/10/2017;12:41:00;142;sem vítima;790,9;BR-116/BA;Norte;Saida de Pista;1;;;;;;;;;;1;;;;
13/10/2017;12:49:00;147;sem vítima;599,06;BR-324/BA;Leste;Colisão Traseira;;;1;;;;;;;1;3;;;;
13/10/2017;13:12:00;152;com vítima;430,85;BR-116/BA;Sul;Queda de Moto;;;;2;;;;;;;2;2;;;
13/10/2017;14:35:00;179;sem vítima;599,2;BR-324/BA;Leste;Colisão Traseira;1;;;;;1;;;;;2;;;;
13/10/2017;17:59:00;228;com vítima;618;BR-324/BA;Leste;Colisão Lateral;1;;;1;;;;;;;1;1;;;
13/10/2017;18:45:00;238;sem vítima;7,5;BR-116/BA - Cont VC;Sul;Saida de Pista;1;;;;;;;;;;1;;;;
14/10/2017;09:57:00;54;com vítima;543;BR-324/BA;Oeste;Colisão Lateral;;;1;1;;;;;;;1;;;1;
14/10/2017;10:43:00;63;com vítima;533;BR-324/BA;Oeste;Colisão Lateral;;;;1;;1;;;;;1;1;;;1
14/10/2017;10:52:00;66;sem vítima;562,5;BR-324/BA;Oeste;Colisão Lateral;;;2;;;;;;;;2;;;;
14/10/2017;18:46:00;174;sem vítima;619,3;BR-324/BA;Leste;Queda de Moto;;;;1;;;;;;;2;;;;
14/10/2017;18:51:00;175;sem vítima;609;BR-116/BA;Norte;Saida de Pista;;;1;;;;;;;;1;;;;
14/10/2017;19:27:00;180;sem vítima;609;BR-116/BA;Sul;Choque - Veiculo parado na pista;1;;1;;;;;;;;2;;;;
14/10/2017;19:55:00;184;sem vítima;537;BR-324/BA;Oeste;Saida de Pista;1;;;;;;;;;;1;;;;
14/10/2017;22:53:00;207;com vítima;912;BR-116/BA;Sul;Atropelamento de Pedestre;;;1;;;;;;;;1;;;;1
15/10/2017;00:29:00;2;sem vítima;625,8;BR-324/BA;Oeste;Saida de Pista;1;;;;;;;;;;1;;;;
15/10/2017;03:04:00;9;sem vítima;806,8;BR-116/BA;Sul;Saida de Pista;1;;;;;;;;;;1;;;;
15/10/2017;04:02:00;11;com vítima;610,8;BR-324/BA;Oeste;Sequência;2;;;;;;;;;;2;;1;;
15/10/2017;05:37:00;16;com vítima;809,8;BR-116/BA;Sul;Saida de Pista;1;;;;;;;;;;0;1;;;
15/10/2017;06:41:00;25;sem vítima;458,5;BR-116/BA;Sul;Saida de Pista;1;;;;;;;;;;5;;;;
15/10/2017;10:16:00;73;sem vítima;451,5;BR-116/BA;Sul;Saida de Pista;1;;;;;;;;;;1;;;;
15/10/2017;10:41:00;79;com vítima;518,2;BR-324/BA;Oeste;Colisão Traseira;1;;;1;;;;;;;3;1;;;
15/10/2017;13:01:00;100;sem vítima;22,5;BR-116/BA - Cont VC;Sul;Colisão Traseira;2;;;;;;;;;;2;;;;
15/10/2017;15:55:00;151;com vítima;593,1;BR-324/BA;Leste;Colisão Lateral;1;;;1;;;;;;;3;1;;;
15/10/2017;17:07:00;174;sem vítima;6;BR-116/BA - ContSuFS;Norte;Colisão Lateral;1;;1;;;;;;;;4;;;;
15/10/2017;17:41:00;183;sem vítima;0;BR-116/BA - ContSuFS;Norte;Saida de Pista;1;;;;;1;;;;;6;;;;
15/10/2017;18:49:00;200;sem vítima;602;BR-324/BA;Leste;Engavetamento;3;;1;;;;;;;;14;;;;
15/10/2017;20:41:00;221;sem vítima;590;BR-324/BA;Leste;Engavetamento;2;;;;;1;;;;;5;;;;
15/10/2017;21:11:00;224;sem vítima;616;BR-324/BA;Leste;Capotamento;2;;;;;;;;;;2;;;;
16/10/2017;01:47:00;9;sem vítima;586;BR-324/BA;Leste;Saida de Pista;1;;;;;;;;;;1;;;;
16/10/2017;02:06:00;11;com vítima;561;BR-116/BA;Norte;Saida de Pista;;;1;;;;;;;;0;;1;;
16/10/2017;06:11:00;22;sem vítima;561,01;BR-116/BA;Sul;Saida de Pista;1;;;;;;;;;;4;;;;
16/10/2017;10:35:00;107;sem vítima;566;BR-116/BA;Norte;Colisão Traseira;;;2;;;;;;;;2;;;;
16/10/2017;11:03:00;112;sem vítima;554;BR-324/BA;Leste;Colisão Lateral;1;;;;;;;;;1;4;;;;
16/10/2017;17:11:00;208;com vítima;429,1;BR-116/BA;Sul;Colisão Traseira;1;;;1;;;;;;;2;1;;;
17/10/2017;03:41:00;18;sem vítima;516;BR-116/BA;Norte;Atropelamento de Animal;1;;;;;;;;;;4;;;;
17/10/2017;05:05:00;22;com vítima;604,1;BR-324/BA;Oeste;Atropelamento de Animal;;;;1;;;;;;;0;;1;;
17/10/2017;09:24:00;110;sem vítima;605,9;BR-324/BA;Leste;Saida de Pista;1;;;;;;;;;;1;;;;
17/10/2017;14:01:00;181;com vítima;561,9;BR-324/BA;Oeste;Saida de Pista;;;1;;;;;;;;0;1;;;
17/10/2017;14:04:00;182;sem vítima;562;BR-324/BA;Oeste;Saida de Pista;;;1;;;;;;;;2;;;;
17/10/2017;14:08:00;183;sem vítima;644,1;BR-116/BA;Norte;Saida de Pista;;;;;;;;;;1;3;;;;
17/10/2017;14:48:00;190;sem vítima;429;BR-116/BA;Norte;Choque Contra Objeto Fixo;;;1;;;;;;;;1;;;;
17/10/2017;15:26:00;194;sem vítima;618,1;BR-324/BA;Leste;Colisão Traseira;;;;;1;;;;;1;4;;;;
17/10/2017;16:14:00;204;com vítima;916,2;BR-116/BA;Norte;Colisão Lateral;1;;3;;;;;;;;4;1;1;;
17/10/2017;16:22:00;207;sem vítima;614,5;BR-324/BA;Oeste;Colisão Traseira;1;;;;;;;;;1;4;;;;
18/10/2017;00:49:00;5;sem vítima;589;BR-116/BA;Sul;Saida de Pista;1;;;;;;;;;;3;;;;
18/10/2017;06:28:00;19;sem vítima;611,8;BR-324/BA;Oeste;Queda de Moto;;;;1;;;;;;;1;;;;
18/10/2017;11:13:00;107;sem vítima;560,2;BR-324/BA;Oeste;Colisão Lateral;2;;;;;;;;;;3;;;;
18/10/2017;13:06:00;134;sem vítima;623,6;BR-324/BA;Leste;Capotamento;;;;;;;;;;1;1;;;;
18/10/2017;13:36:00;142;sem vítima;624;BR-324/BA;Leste;Colisão Lateral;1;;;;;1;;;;;2;;;;
18/10/2017;14:54:00;155;com vítima;583;BR-324/BA;Leste;Queda de Moto;;;;1;;;;;;;0;1;;;
18/10/2017;17:10:00;187;com vítima;2;BR-116/BA - ContSuFS;Norte;Colisão Traseira;;;1;;;1;;;;;1;1;;;
18/10/2017;21:15:00;213;sem vítima;623,7;BR-324/BA;Leste;Choque - Objeto sobre a pista;2;;;;;;;;;;3;;;;
19/10/2017;07:30:00;49;com vítima;672,3;BR-116/BA;Norte;Queda de Moto;;;;;;1;;;;;0;1;;;
19/10/2017;14:34:00;181;sem vítima;520;BR-324/BA;Oeste;Colisão Lateral;1;;1;;;;;;;;3;;;;
19/10/2017;14:37:00;182;sem vítima;581;BR-324/BA;Oeste;Saida de Pista;1;;;;;;;;;;1;;;;
19/10/2017;14:52:00;185;sem vítima;623;BR-324/BA;Leste;Colisão Traseira;1;;;;;2;;;;;5;;;;
20/10/2017;06:29:00;31;sem vítima;609,8;BR-324/BA;Oeste;Engavetamento;3;;;;;;;;;;9;;;;
20/10/2017;07:44:00;48;sem vítima;615;BR-324/BA;Oeste;Engavetamento;1;;;;;;;;;2;3;;;;
20/10/2017;13:33:00;127;com vítima;530,05;BR-324/BA;Leste;Colisão Traseira;1;;1;;;;;;;;2;3;;;
20/10/2017;14:30:00;141;sem vítima;586,5;BR-324/BA;Oeste;Colisão Traseira;;;1;;;;;;;1;2;;;;
20/10/2017;14:46:00;146;com vítima;556;BR-324/BA;Leste;Saida de Pista;1;;;;;;;;;;0;;;1;
20/10/2017;15:29:00;158;com vítima;623;BR-324/BA;Leste;Atropelamento de Pedestre;;;;1;;;;;;;0;1;1;;
20/10/2017;16:15:00;169;sem vítima;563;BR-324/BA;Oeste;Saida de Pista;1;;;;;1;;;;;3;;;;
20/10/2017;18:31:00;195;sem vítima;609,8;BR-324/BA;Leste;Colisão Traseira;2;;;;;;;;;;3;;;;
20/10/2017;19:08:00;207;com vítima;553;BR-324/BA;Oeste;Engavetamento;;;2;;;1;;;;;4;;1;;
20/10/2017;21:49:00;228;com vítima;11,3;BR-116/BA - Cont VC;Norte;Colisão Transversal;;;;1;;1;;;;;1;1;;;
21/10/2017;00:43:00;3;sem vítima;530,3;BR-324/BA;Oeste;Saida de Pista;1;;;;;;;;;;3;;;;
21/10/2017;04:19:00;11;sem vítima;919,3;BR-116/BA;Sul;Tombamento;;;1;;;;;;;;1;;;;
21/10/2017;06:05:00;22;sem vítima;575,7;BR-116/BA;Norte;Saida de Pista;1;;;;;;;;;;4;;;;
21/10/2017;06:26:00;25;com vítima;550,2;BR-324/BA;Oeste;Saida de Pista;1;;;;;;;;;;1;1;2;;
21/10/2017;10:15:00;83;sem vítima;451;BR-116/BA;Sul;Colisão Traseira;;;2;;;;;;;;2;;;;
21/10/2017;15:57:00;177;com vítima;895;BR-116/BA;Sul;Queda de Moto;;;;1;;;;;;;0;1;;;
21/10/2017;16:13:00;181;com vítima;519;BR-324/BA;Oeste;Queda de Moto;;;;1;;;;;;;0;1;;;
21/10/2017;18:35:00;210;com vítima;815;BR-116/BA;Norte;Queda de Moto;;;;1;;;;;;;0;1;;;
21/10/2017;19:48:00;225;com vítima;1;BR-116/BA - ContSuFS;Norte;Queda de Moto;;;;1;;;;;;;1;1;;;
21/10/2017;23:01:00;249;sem vítima;483;BR-116/BA;Sul;Colisão Traseira;;;2;;;;;;;;2;;;;
21/10/2017;23:54:00;257;sem vítima;621;BR-324/BA;Leste;Saida de Pista;1;;;;;;;;;;1;;;;
22/10/2017;00:09:00;3;sem vítima;612;BR-324/BA;Leste;Saida de Pista;1;;;;;;;;;;4;;;;
22/10/2017;05:53:00;11;com vítima;619,5;BR-324/BA;Oeste;Saida de Pista;1;;;;;;;;;;1;;1;;
22/10/2017;11:13:00;72;sem vítima;735,5;BR-116/BA;Norte;Tombamento;;;1;;;;;;;;1;;;;
22/10/2017;17:01:00;143;sem vítima;609,7;BR-324/BA;Oeste;Colisão Traseira;1;;;1;;;;;;;3;;;;
22/10/2017;18:31:00;168;sem vítima;446;BR-116/BA;Norte;Saida de Pista;;;;;;;;;;1;1;;;;
22/10/2017;19:22:00;185;com vítima;783;BR-116/BA;Sul;Saida de Pista;1;;;;;;;;;;1;;1;;
22/10/2017;20:41:00;197;com vítima;624;BR-324/BA;Oeste;Saida de Pista;1;;;;;;;;;;0;1;;;
22/10/2017;21:19:00;202;com vítima;616,8;BR-324/BA;Leste;Engavetamento;2;;;;;1;;;;;9;1;;;
23/10/2017;00:53:00;8;sem vítima;539,5;BR-324/BA;Oeste;Choque Contra Objeto Fixo;;;1;;;;;;;1;2;;;;
23/10/2017;04:29:00;14;sem vítima;541,6;BR-324/BA;Leste;Colisão Traseira;;;2;;;;;;;;4;;;;
23/10/2017;10:56:00;123;sem vítima;426,2;BR-116/BA;Sul;Colisão Traseira;2;;;;;;;;;;3;;;;
24/10/2017;08:04:00;43;sem vítima;582,1;BR-324/BA;Leste;Saida de Pista;1;;;;;;;;;;1;;;;
24/10/2017;08:20:00;56;sem vítima;575;BR-324/BA;Leste;Colisão Traseira;1;;1;;;;;;;;3;;;;
24/10/2017;15:35:00;181;com vítima;537,05;BR-324/BA;Oeste;Colisão Lateral;1;;;1;;;;;;;1;1;;;
24/10/2017;18:01:00;209;com vítima;14;BR-116/BA - Cont VC;Norte;Colisão Transversal;1;;;1;;;;;;;1;2;;;
24/10/2017;18:31:00;212;com vítima;818,2;BR-116/BA;Norte;Atropelamento - Ciclista;;1;;1;;;;;;;1;1;;;
24/10/2017;19:11:00;221;sem vítima;641,9;BR-116/BA;Norte;Tombamento;;;1;;;;;;;;1;;;;
24/10/2017;22:25:00;251;com vítima;661,3;BR-116/BA;Norte;Saida de Pista;;;1;;;;;;;;0;;;;1
25/10/2017;06:47:00;22;sem vítima;490,4;BR-116/BA;Norte;Colisão Lateral;1;;1;;;;;;;;6;;;;
25/10/2017;07:30:00;42;sem vítima;482,5;BR-116/BA;Norte;Saida de Pista;1;;;;;;;;;;1;;;;
25/10/2017;08:12:00;63;sem vítima;815;BR-116/BA;Norte;Colisão Traseira;;;2;;;;;;;;3;;;;
25/10/2017;15:57:00;192;com vítima;25;BR-116/BA - Cont VC;Norte;Colisão Transversal;1;;;1;;;;;;;2;1;;;
25/10/2017;17:47:00;222;sem vítima;537,5;BR-324/BA;Oeste;Colisão Lateral;;;2;;;;;;;;4;;;;
25/10/2017;23:24:00;261;sem vítima;658;BR-116/BA;Norte;Saida de Pista;;;1;;;;;;;;1;;;;
26/10/2017;06:17:00;22;sem vítima;551;BR-324/BA;Leste;Choque Contra Objeto Fixo;;;1;;;;;;;;3;;;;
26/10/2017;07:35:00;39;sem vítima;623;BR-324/BA;Leste;Colisão Traseira;1;;;1;;;;;;;2;;;;
26/10/2017;08:09:00;49;sem vítima;574,3;BR-324/BA;Oeste;Colisão Lateral;2;;;;;;;;;;3;;;;
26/10/2017;10:39:00;100;sem vítima;0,05;BR-116/BA - ContSuFS;Norte;Engavetamento;1;;;;;1;;;;1;4;;;;
26/10/2017;18:46:00;213;com vítima;530,8;BR-324/BA;Leste;Colisão Traseira;1;;1;;;;;;;;6;1;;;
27/10/2017;07:42:00;46;sem vítima;611,3;BR-324/BA;Oeste;Engavetamento;3;;;;;1;;;;;4;;;;
27/10/2017;13:26:00;162;sem vítima;624,25;BR-324/BA;Leste;Colisão Traseira;2;;;;;;;;;;2;;;;
27/10/2017;18:31:00;243;sem vítima;578;BR-324/BA;Oeste;Colisão Lateral;1;;1;;;;;;;;3;;;;
27/10/2017;18:47:00;247;sem vítima;624;BR-324/BA;Oeste;Engavetamento;3;;;;;;;;;;3;;;;
27/10/2017;20:28:00;274;sem vítima;557;BR-324/BA;Leste;Saida de Pista;;;1;;;;;;;;1;;;;
27/10/2017;20:31:00;276;sem vítima;457;BR-116/BA;Sul;Colisão Traseira;1;;1;;;;;;;1;4;;;;
27/10/2017;20:54:00;278;com vítima;16;BR-116/BA - Cont VC;Norte;Colisão Transversal;1;;;1;;;;;;;2;2;;;
28/10/2017;05:17:00;17;sem vítima;552;BR-324/BA;Leste;Saida de Pista;1;;;;;;;;;;1;;;;
28/10/2017;23:02:00;212;sem vítima;618;BR-324/BA;Oeste;Engavetamento;2;;;1;;;;;;;6;;;;
29/10/2017;05:24:00;16;com vítima;521,1;BR-324/BA;Leste;Colisão Traseira;2;;;;;;;;;;2;;1;;
29/10/2017;06:44:00;27;sem vítima;761;BR-116/BA;Norte;Colisão Traseira;;;1;;1;;;;;;28;;;;
29/10/2017;17:04:00;173;com vítima;757;BR-116/BA;Sul;Colisão Frontal;;;;1;1;;;;;;2;;;1;
29/10/2017;19:08:00;203;com vítima;621;BR-324/BA;Leste;Colisão Traseira;;;;1;;1;;;;;1;;1;;
29/10/2017;21:11:00;219;com vítima;761,8;BR-116/BA;Norte;Colisão Traseira;1;;1;;;;;;;;1;1;;;
30/10/2017;06:31:00;24;sem vítima;609,9;BR-324/BA;Leste;Engavetamento;5;;;;;;;;;;12;;;;
30/10/2017;08:03:00;43;sem vítima;604,4;BR-116/BA;Norte;Colisão Traseira;;;1;;;;;;;;1;;;;
30/10/2017;09:03:00;66;com vítima;543;BR-324/BA;Oeste;Colisão Lateral;;;;1;;;;;;1;1;;1;;
30/10/2017;11:26:00;117;sem vítima;616,2;BR-116/BA;Sul;Capotamento;1;;;;;;;;;;2;;;;
30/10/2017;13:16:00;144;sem vítima;22;BR-116/BA - Cont VC;Sul;Colisão Lateral;1;;;;;;;;;;2;;;;
30/10/2017;17:16:00;212;com vítima;622,2;BR-324/BA;Oeste;Colisão Lateral;1;;;1;;;;;;;1;1;;;
31/10/2017;00:36:00;3;sem vítima;833,2;BR-116/BA;Sul;Saida de Pista;;;1;;;;;;;;2;;;;
31/10/2017;06:43:00;36;com vítima;757,4;BR-116/BA;Sul;Colisão Transversal;;;;1;;;;;;1;1;1;;;
31/10/2017;08:17:00;72;com vítima;623;BR-324/BA;Leste;Colisão Traseira;1;;;1;;;;;;;2;1;;;
31/10/2017;09:30:00;103;sem vítima;615,6;BR-324/BA;Leste;Colisão Lateral;1;;;;;;;;;;3;;;;
31/10/2017;12:11:00;150;com vítima;524;BR-324/BA;Oeste;Choque Contra Objeto Fixo;;;1;;;;;;;;0;1;;;
31/10/2017;19:14:00;266;sem vítima;668;BR-116/BA;Sul;Colisão Lateral;1;;;;1;;;;;;31;;;;
31/10/2017;20:03:00;276;sem vítima;552;BR-116/BA;Sul;Saida de Pista;1;;;;;;;;;;1;;;;
01/11/2017;04:51:00;15;sem vítima;601,5;BR-116/BA;Sul;Saida de Pista;;;1;;;;;;;;1;;;;
01/11/2017;12:26:00;145;com vítima;821,8;BR-116/BA;Sul;Colisão Traseira;;;1;1;;;;;;;1;1;;;
01/11/2017;16:19:00;206;sem vítima;896,8;BR-116/BA;Norte;Saida de Pista;1;;;;;;;;;;1;;;;
01/11/2017;17:40:00;228;sem vítima;606;BR-324/BA;Leste;Engavetamento;4;;;;;;;;;;11;;;;
01/11/2017;18:01:00;236;sem vítima;522;BR-324/BA;Oeste;Colisão Traseira;2;;;;;;;;;;6;;;;
01/11/2017;20:34:00;273;sem vítima;673;BR-116/BA;Sul;Colisão Lateral;1;;1;;;;;;;;3;;;;
02/11/2017;01:44:00;7;sem vítima;458,3;BR-116/BA;Sul;Colisão Traseira;;;2;;;;;;;;2;;;;
02/11/2017;04:17:00;18;sem vítima;741;BR-116/BA;Norte;Saida de Pista;1;;;;;;;;;;4;;;;
02/11/2017;09:07:00;75;sem vítima;603;BR-324/BA;Oeste;Colisão Lateral;2;;1;;;1;;;;;6;;;;
02/11/2017;09:16:00;77;sem vítima;585,7;BR-324/BA;Oeste;Colisão Traseira;2;;;;;;;;;;12;;;;
02/11/2017;12:32:00;116;sem vítima;875;BR-116/BA;Norte;Saida de Pista;;;1;;;;;;;;1;;;;
02/11/2017;13:55:00;131;sem vítima;440,1;BR-116/BA;Sul;Capotamento;1;;;;;;;;;;3;;;;
02/11/2017;16:16:00;149;com vítima;501;BR-116/BA;Norte;Saida de Pista;;;;;;;;;;1;0;1;;;
02/11/2017;16:48:00;153;sem vítima;607,99;BR-324/BA;Leste;Saida de Pista;1;;;;;;;;;;1;;;;
02/11/2017;17:45:00;163;sem vítima;620;BR-324/BA;Oeste;Saida de Pista;1;;;;;;;;;;1;;;;
02/11/2017;22:48:00;195;sem vítima;463;BR-116/BA;Sul;Engavetamento;;;3;;;;;;;;3;;;;
03/11/2017;05:22:00;14;sem vítima;551;BR-324/BA;Leste;Colisão Traseira;;;;;;1;;;;1;4;;;;
03/11/2017;06:47:00;23;sem vítima;435,8;BR-116/BA;Norte;Saida de Pista;1;;;;;;;;;;1;;;;
03/11/2017;07:24:00;28;sem vítima;623,9;BR-324/BA;Leste;Colisão Traseira;2;;;;;;;;;;2;;;;
03/11/2017;09:05:00;55;sem vítima;440,4;BR-116/BA;Sul;Saida de Pista;1;;;;;;;;;;1;;;;
03/11/2017;09:33:00;63;sem vítima;561,5;BR-324/BA;Oeste;Saida de Pista;;;1;;;;;;;;1;;;;
03/11/2017;10:03:00;75;sem vítima;427;BR-116/BA;Norte;Capotamento;1;;;;;;;;;;1;;;;
03/11/2017;12:30:00;108;sem vítima;890;BR-116/BA;Sul;Colisão Transversal;1;;1;;;;;;;;3;;;;
03/11/2017;14:16:00;125;sem vítima;551;BR-324/BA;Oeste;Colisão Traseira;1;;1;;;;;;;;2;;;;
03/11/2017;21:33:00;208;com vítima;17;BR-116/BA - Cont VC;Norte;Colisão Transversal;1;;1;;;;;;;;2;2;;;
04/11/2017;02:14:00;6;sem vítima;620;BR-324/BA;Oeste;Saida de Pista;1;;;;;;;;;;3;;;;
04/11/2017;05:17:00;13;com vítima;817,7;BR-116/BA;Norte;Colisão Traseira;1;;1;;;;;;;;1;1;;;
04/11/2017;07:15:00;34;sem vítima;3;BA-526;Sul;Colisão Traseira;;;1;;;1;;;;;2;;;;
04/11/2017;08:29:00;49;com vítima;529,5;BR-116/BA;Norte;Colisão Frontal;;;1;1;;;;;;;0;1;;;1
04/11/2017;10:08:00;70;com vítima;736,2;BR-116/BA;Norte;Saida de Pista;1;;;;;;;;;;0;1;;;
04/11/2017;12:39:00;113;sem vítima;584;BR-324/BA;Leste;Saida de Pista;1;;;;;;;;;;1;;;;
04/11/2017;17:00:00;151;sem vítima;29,5;BR-116/BA - Cont VC;Sul;Queda de Moto;;;;1;;;;;;;1;;;;
04/11/2017;17:40:00;162;sem vítima;567;BR-324/BA;Leste;Queda de Moto;;;;1;;;;;;;2;;;;
04/11/2017;17:53:00;166;sem vítima;503;BR-116/BA;Sul;Saida de Pista;1;;;;;;;;;;1;;;;
05/11/2017;00:49:00;4;sem vítima;619;BR-324/BA;Leste;Colisão Traseira;1;;1;;;;;;;;3;;;;
05/11/2017;08:09:00;38;sem vítima;605,5;BR-324/BA;Leste;Queda de Moto;;;;1;;;;;;;2;;;;