data;horario;n_da_ocorrencia;tipo_de_ocorrencia;km;trecho;sentido;tipo_de_acidente;automovel;bicicleta;caminhao;moto;onibus;outros;tracao_animal;transporte_de_cargas_especiais;trator_maquinas;utilitarios;ilesos;levemente_feridos;moderadamente_feridos;gravemente_feridos;mortos
05/11/2017;13:21:00;87;com vítima;579,6;BR-116/BA;Sul;Colisão Frontal;;;;1;1;;;;;;14;;;;2
05/11/2017;21:54:00;161;sem vítima;427,15;BR-116/BA;Sul;Atropelamento de Animal;1;;;;;;;;;;1;;;;
06/11/2017;06:30:00;26;sem vítima;606,2;BR-324/BA;Leste;Capotamento;1;;;;;;;;;;1;;;;
06/11/2017;09:22:00;86;sem vítima;549,9;BR-324/BA;Leste;Colisão Traseira;1;;1;;;;;;;;2;;;;
06/11/2017;13:19:00;150;com vítima;593,2;BR-324/BA;Leste;Colisão Traseira;1;;;1;;;;;;;2;;;1;
06/11/2017;18:06:00;216;sem vítima;609,9;BR-324/BA;Leste;Engavetamento;3;;;;;;;;;;3;;;;
06/11/2017;21:19:00;245;com vítima;900,5;BR-116/BA;Norte;Queda de Moto;;;;1;;;;;;;0;;2;;
06/11/2017;22:53:00;264;com vítima;616;BR-324/BA;Oeste;Queda de Moto;;;;1;;;;;;;0;;2;;
07/11/2017;00:07:00;4;com vítima;595;BR-116/BA;Sul;Saida de Pista;;;1;;;;;;;;0;;1;;
07/11/2017;06:42:00;39;sem vítima;592;BR-324/BA;Leste;Colisão Lateral;1;;1;;;;;;;;6;;;;
07/11/2017;07:22:00;60;sem vítima;2,5;BR-116/BA - ContSuFS;Sul;Colisão Transversal;1;;1;;;;;;;;2;;;;
07/11/2017;11:05:00;130;sem vítima;523,5;BR-324/BA;Oeste;Colisão Traseira;1;;1;;;;;;;;2;;;;
07/11/2017;17:51:00;216;com vítima;16;BR-116/BA - Cont VC;Norte;Colisão Lateral;1;;;;;1;;;;;1;1;;;1
07/11/2017;19:43:00;229;sem vítima;576;BR-324/BA;Leste;Saida de Pista;1;;;;;;;;;;1;;;;
08/11/2017;09:02:00;96;com vítima;929,9;BR-116/BA;Sul;Colisão Traseira;;;2;;;;;;;;1;;1;;
08/11/2017;09:26:00;101;com vítima;4;BR-116/BA - ContSuFS;Sul;Colisão Traseira;1;;1;;;;;;;;1;1;;;
08/11/2017;10:24:00;111;com vítima;789,1;BR-116/BA;Norte;Colisão Lateral;;;1;1;;;;;;;2;1;;;
08/11/2017;13:09:00;154;sem vítima;590;BR-324/BA;Oeste;Saida de Pista;;;1;;;;;;;;1;;;;
08/11/2017;13:12:00;158;sem vítima;551;BR-324/BA;Leste;Colisão Traseira;2;;;;;;;;;;2;;;;
08/11/2017;16:19:00;201;sem vítima;431;BR-116/BA;Norte;Saida de Pista;;;;;;;;;;1;1;;;;
08/11/2017;17:13:00;213;sem vítima;804;BR-116/BA;Sul;Colisão Transversal;1;;1;;;;;;;;2;;;;
08/11/2017;20:02:00;242;com vítima;629;BR-116/BA;Norte;Colisão Transversal;;;2;;;;;;;;1;;;;2
09/11/2017;02:30:00;9;sem vítima;873;BR-116/BA;Sul;Colisão Transversal;;;2;;;;;;;;2;;;;
09/11/2017;10:18:00;94;sem vítima;622;BR-324/BA;Leste;Colisão Lateral;1;;1;;;;;;;;4;;;;
09/11/2017;11:28:00;114;sem vítima;588;BR-324/BA;Oeste;Saida de Pista;1;;;;;;;;;;1;;;;
09/11/2017;18:06:00;205;sem vítima;533;BR-324/BA;Oeste;Engavetamento;2;;1;;;;;;;;7;;;;
10/11/2017;05:49:00;28;com vítima;623,5;BR-324/BA;Leste;Queda de Moto;;;;1;;;;;;;0;1;;;
10/11/2017;07:00:00;36;com vítima;606;BR-324/BA;Leste;Queda de Moto;;;;1;;;;;;;0;;1;;
10/11/2017;07:48:00;56;sem vítima;837;BR-116/BA;Norte;Colisão Traseira;1;;;;;1;;;;;3;;;;
10/11/2017;10:13:00;106;sem vítima;609,2;BR-324/BA;Oeste;Engavetamento;6;;;;;;;;;;7;;;;
10/11/2017;16:58:00;222;com vítima;624;BR-324/BA;Leste;Saida de Pista;1;;;;;;;;;;0;1;;;
10/11/2017;17:54:00;237;com vítima;13;BR-116/BA - Cont VC;Norte;Queda de Moto;;;;1;;;;;;;0;;1;;
10/11/2017;21:18:00;278;com vítima;500;BR-116/BA;Norte;Colisão Traseira;;;;1;;1;;;;;1;;;;1
11/11/2017;01:41:00;13;sem vítima;910;BR-116/BA;Sul;Colisão Traseira;;;1;;;;;;;1;6;;;;
11/11/2017;10:11:00;71;com vítima;555;BR-116/BA;Sul;Saida de Pista;1;;;;;;;;;;0;1;;;
11/11/2017;16:02:00;143;com vítima;805;BR-116/BA;Norte;Queda de Moto;;;;1;;;;;;;0;1;;;
11/11/2017;17:00:00;157;sem vítima;534,1;BR-324/BA;Oeste;Saida de Pista;1;;;;;;;;;;3;;;;
11/11/2017;17:22:00;164;com vítima;23,2;BR-116/BA - Cont VC;Sul;Saida de Pista;1;;;;;;;;;;0;4;;;
12/11/2017;03:06:00;9;sem vítima;884,5;BR-116/BA;Sul;Saida de Pista;1;;;;;;;;;;1;;;;
12/11/2017;04:59:00;13;sem vítima;568;BR-324/BA;Oeste;Choque Contra Objeto Fixo;1;;;;;;;;;;4;;;;
12/11/2017;05:10:00;14;sem vítima;555,2;BR-116/BA;Norte;Saida de Pista;;;1;;;;;;;;1;;;;
12/11/2017;09:53:00;57;com vítima;643,8;BR-116/BA;Sul;Saida de Pista;;;1;;;;;;;;0;;;;1
12/11/2017;12:47:00;87;sem vítima;922,1;BR-116/BA;Sul;Engavetamento;;;2;;;;;;;1;5;;;;
12/11/2017;16:38:00;125;sem vítima;839,2;BR-116/BA;Norte;Colisão Traseira;1;;1;;;;;;;;6;;;;
12/11/2017;16:50:00;128;com vítima;885;BR-116/BA;Norte;Colisão Transversal;1;;;;;;;;;1;2;;2;;
12/11/2017;17:50:00;137;sem vítima;653;BR-116/BA;Norte;Colisão Traseira;;;2;;;;;;;;3;;;;
12/11/2017;18:45:00;143;sem vítima;427;BR-116/BA;Sul;Colisão Transversal;1;;;;;;;;;1;4;;;;
12/11/2017;18:58:00;145;sem vítima;804;BR-116/BA;Norte;Colisão Traseira;2;;;1;;;;;;;9;;;;
12/11/2017;20:26:00;160;com vítima;4;BA-526;Norte;Colisão Traseira;2;;;;;;;;;;3;1;;;
12/11/2017;21:31:00;169;com vítima;621;BR-324/BA;Oeste;Atropelamento de Pedestre;;;;;;1;;;;;1;;;1;
13/11/2017;06:36:00;38;sem vítima;614;BR-324/BA;Leste;Engavetamento;3;;;;;;;;;;3;;;;
13/11/2017;08:11:00;67;com vítima;537,1;BR-324/BA;Oeste;Colisão Traseira;1;;1;;;;;;;;1;1;;;
13/11/2017;08:18:00;69;sem vítima;638;BR-116/BA;Sul;Saida de Pista;1;;;;;;;;;;2;;;;
13/11/2017;09:10:00;98;com vítima;536,9;BR-324/BA;Leste;Colisão Lateral;;;;1;;;;;;1;8;;1;;
13/11/2017;09:52:00;110;sem vítima;569;BR-116/BA;Norte;Saida de Pista;1;;;;;;;;;;1;;;;
13/11/2017;10:07:00;114;sem vítima;708,1;BR-116/BA;Sul;Saida de Pista;1;;;;;;;;;;1;;;;
13/11/2017;14:53:00;211;sem vítima;519;BR-324/BA;Oeste;Tombamento;;;1;;;;;;;;1;;;;
13/11/2017;18:10:00;259;sem vítima;607;BR-324/BA;Leste;Colisão Traseira;1;;;1;;;;;;;2;;;;
13/11/2017;18:18:00;261;sem vítima;518;BR-116/BA;Sul;Colisão Traseira;;;2;;;;;;;;5;;;;
13/11/2017;18:38:00;262;sem vítima;606,5;BR-324/BA;Leste;Colisão Traseira;1;;;;;1;;;;;2;;;;
13/11/2017;23:31:00;304;sem vítima;609;BR-324/BA;Leste;Colisão Traseira;1;;;;1;;;;;;15;;;;
14/11/2017;00:21:00;1;sem vítima;531,95;BR-116/BA;Norte;Saida de Pista;;;1;;;;;;;;1;;;;
14/11/2017;02:13:00;8;sem vítima;578;BR-324/BA;Leste;Saida de Pista;1;;;;;;;;;;1;;;;
14/11/2017;11:43:00;128;com vítima;429,85;BR-116/BA;Sul;Colisão Traseira;;;;1;;1;;;;;1;;;;1
14/11/2017;13:44:00;157;sem vítima;631,6;BR-116/BA;Norte;Colisão Transversal;2;;;;;;;;;;3;;;;
14/11/2017;16:16:00;192;sem vítima;430,4;BR-116/BA;Sul;Colisão Traseira;2;;;;;;;;;;2;;;;
14/11/2017;17:39:00;213;sem vítima;24;BR-116/BA - Cont VC;Sul;Colisão Traseira;;;;;;;;;;2;3;;;;
14/11/2017;19:14:00;236;com vítima;530;BR-324/BA;Oeste;Atropelamento de Pedestre;;;1;;;;;;;;1;;;1;
15/11/2017;10:22:00;91;com vítima;565,3;BR-324/BA;Oeste;Capotamento;1;;;;;;;;;;1;2;;;
15/11/2017;12:55:00;120;sem vítima;571,6;BR-324/BA;Oeste;Saida de Pista;;;;;;;;;;1;2;;;;
15/11/2017;17:07:00;163;sem vítima;817,5;BR-116/BA;Norte;Colisão Transversal;2;;;;;;;;;;6;;;;
16/11/2017;03:50:00;11;sem vítima;4;BA-526;Sul;Saida de Pista;1;;;;;;;;;;1;;;;
16/11/2017;06:05:00;22;sem vítima;543;BR-324/BA;Leste;Colisão Lateral;1;;1;;;;;;;;4;;;;
16/11/2017;06:10:00;24;sem vítima;593,2;BR-324/BA;Leste;Saida de Pista;1;;;;;;;;;;1;;;;
16/11/2017;06:33:00;28;sem vítima;543;BR-324/BA;Oeste;Saida de Pista;1;;;;;;;;;;1;;;;
16/11/2017;08:35:00;64;sem vítima;624;BR-324/BA;Oeste;Colisão Traseira;1;;;;;1;;;;;2;;;;
16/11/2017;08:53:00;70;sem vítima;551;BR-324/BA;Oeste;Colisão Lateral;2;;;;;;;;;;6;;;;
16/11/2017;09:51:00;89;sem vítima;575;BR-116/BA;Sul;Saida de Pista;;;;;;;;;;1;1;;;;
16/11/2017;11:31:00;118;sem vítima;620,25;BR-324/BA;Leste;Choque Contra Objeto Fixo;1;;;;;;;;;;1;;;;
16/11/2017;14:57:00;166;sem vítima;728,5;BR-116/BA;Norte;Saida de Pista;;;1;;;;;;;;1;;;;
16/11/2017;20:30:00;242;sem vítima;594;BR-324/BA;Oeste;Colisão Traseira;;;;;;;;;;1;1;;;;
16/11/2017;21:22:00;248;com vítima;820;BR-116/BA;Sul;Colisão Transversal;;;;2;;;;;;;1;;;1;
17/11/2017;11:47:00;119;sem vítima;613;BR-324/BA;Oeste;Outros;;;;1;;;;;;;1;;;;
17/11/2017;12:30:00;127;sem vítima;6;BA-526;Sul;Saida de Pista;1;;;;;;;;;;1;;;;
17/11/2017;16:39:00;199;sem vítima;621;BR-324/BA;Oeste;Colisão Traseira;1;;;1;;;;;;;3;;;;
17/11/2017;16:53:00;204;com vítima;16;BR-116/BA - Cont VC;Sul;Queda de Moto;;;;1;;;;;;;0;1;;;
18/11/2017;00:39:00;4;com vítima;1,5;BR-116/BA - ContSuFS;Norte;Queda de Moto;;;;1;;;;;;;0;2;;;
18/11/2017;08:02:00;59;sem vítima;817;BR-116/BA;Sul;Colisão Traseira;1;;;1;;;;;;;2;;;;
18/11/2017;11:17:00;109;sem vítima;848,1;BR-116/BA;Sul;Saida de Pista;;;;;;;;;;1;1;;;;
18/11/2017;15:02:00;152;com vítima;584,1;BR-324/BA;Leste;Saida de Pista;1;;;;;;;;;;0;;1;;
18/11/2017;17:57:00;192;sem vítima;827;BR-116/BA;Norte;Colisão Transversal;2;;;;;;;;;;5;;;;
18/11/2017;19:32:00;212;com vítima;573,2;BR-324/BA;Oeste;Saida de Pista;1;;;;;;;;;;1;3;;;
19/11/2017;06:26:00;25;sem vítima;1,1;BA-528;Sul;Saida de Pista;1;;;;;;;;;;1;;;;
19/11/2017;10:35:00;68;sem vítima;743,1;BR-116/BA;Sul;Colisão Traseira;;;1;;;;;;;;1;;;;
19/11/2017;19:48:00;179;sem vítima;777;BR-116/BA;Sul;Colisão Transversal;1;;;;;1;;;;;3;;;;
19/11/2017;20:57:00;194;sem vítima;527,1;BR-324/BA;Oeste;Colisão Lateral;1;;1;;;;;;;;7;;;;
19/11/2017;22:26:00;208;com vítima;4;BR-116/BA - ContSuFS;Sul;Colisão Traseira;1;;;1;;;;;;;1;;2;;
20/11/2017;02:22:00;13;sem vítima;569;BR-324/BA;Oeste;Saida de Pista;1;;;;;;;;;;1;;;;
20/11/2017;06:33:00;30;sem vítima;607;BR-324/BA;Leste;Colisão Traseira;1;;;1;;;;;;;3;;;;
20/11/2017;12:14:00;164;sem vítima;449,5;BR-116/BA;Norte;Colisão Traseira;;;2;;;;;;;;2;;;;
20/11/2017;12:45:00;169;sem vítima;9,3;BR-116/BA - Cont VC;Sul;Colisão Traseira;1;;;1;;;;;;;6;;;;
20/11/2017;20:16:00;270;com vítima;785;BR-116/BA;Norte;Colisão Traseira;;;;;;;;;;2;2;;1;;
21/11/2017;05:30:00;21;sem vítima;461;BR-116/BA;Sul;Colisão Traseira;1;;1;;;;;;;;2;;;;
21/11/2017;16:28:00;223;com vítima;624;BR-324/BA;Oeste;Colisão Traseira;;;;1;;1;;;;;1;1;;;
22/11/2017;10:22:00;99;sem vítima;587,1;BR-324/BA;Leste;Saida de Pista;1;;;;;;;;;;3;;;;
22/11/2017;11:26:00;118;com vítima;804;BR-116/BA;Sul;Colisão Transversal;1;;1;;;;;;;;1;1;;;
22/11/2017;14:56:00;185;com vítima;552,3;BR-324/BA;Oeste;Colisão Traseira;1;;1;;;;;;;;3;1;;;
22/11/2017;21:01:00;270;sem vítima;589,1;BR-324/BA;Leste;Atropelamento de Animal;1;;;;;;;;;;2;;;;
22/11/2017;21:09:00;272;sem vítima;588,95;BR-324/BA;Leste;Atropelamento de Animal;;;;;;;;;;1;1;;;;
22/11/2017;22:53:00;283;sem vítima;29;BR-116/BA - Cont VC;Sul;Saida de Pista;1;;;1;;;;;;;2;;;;
23/11/2017;07:15:00;47;com vítima;615,8;BR-324/BA;Leste;Colisão Traseira;;;;1;;;;;;1;1;1;;;
23/11/2017;09:05:00;97;sem vítima;450;BR-116/BA;Sul;Colisão Lateral;1;;1;;;;;;;;2;;;;
23/11/2017;12:16:00;156;sem vítima;463;BR-116/BA;Sul;Colisão Traseira;;;;;1;;;;;1;20;;;;
23/11/2017;12:26:00;158;com vítima;454;BR-116/BA;Norte;Colisão Transversal;1;;;1;;;;;;;3;;;;1
23/11/2017;18:09:00;245;sem vítima;624;BR-324/BA;Oeste;Colisão Traseira;1;;1;;;;;;;;3;;;;
23/11/2017;18:50:00;252;com vítima;519;BR-324/BA;Leste;Queda de Moto;;;;1;;;;;;;0;1;;;
23/11/2017;19:57:00;265;sem vítima;606;BR-324/BA;Leste;Saida de Pista;1;;;;;;;;;;1;;;;
24/11/2017;08:10:00;55;com vítima;912,1;BR-116/BA;Sul;Colisão Traseira;;;;1;;1;;;;;1;1;;;
24/11/2017;16:01:00;208;com vítima;875,4;BR-116/BA;Sul;Colisão Traseira;;;3;;;;;;;;0;;1;1;2
24/11/2017;18:28:00;261;sem vítima;594,5;BR-324/BA;Leste;Saida de Pista;1;;;;;;;;;;1;;;;
24/11/2017;18:37:00;263;com vítima;545;BR-116/BA;Sul;Atropelamento de Pedestre;;;;;;;;;;;0;1;;;
24/11/2017;19:23:00;278;com vítima;552;BR-116/BA;Sul;Atropelamento de Pedestre;;;;;;1;;;;;1;;;;1
24/11/2017;22:34:00;305;sem vítima;615;BR-324/BA;Oeste;Colisão Traseira;;;1;;;;;;;1;2;;;;
25/11/2017;06:19:00;21;sem vítima;623,8;BR-324/BA;Oeste;Capotamento;1;;;;;;;;;;1;;;;
25/11/2017;07:05:00;29;sem vítima;426,5;BR-116/BA;Sul;Colisão Lateral;1;;1;;;;;;;;6;;;;
25/11/2017;07:57:00;41;sem vítima;804;BR-116/BA;Sul;Colisão Transversal;;;2;;;;;;;;2;;;;
25/11/2017;08:00:00;42;sem vítima;829;BR-116/BA;Norte;Colisão Traseira;1;;1;;;;;;;;7;;;;
25/11/2017;11:27:00;89;sem vítima;565,5;BR-324/BA;Leste;Choque Contra Objeto Fixo;1;;;;;;;;;;1;;;;
25/11/2017;12:52:00;104;com vítima;3;BA-528;Sul;Colisão Frontal;1;;1;;;;;;;;1;;;;1
25/11/2017;13:28:00;119;sem vítima;13;BR-116/BA - Cont VC;Sul;Colisão Transversal;1;;;1;;;;;;;2;;;;
25/11/2017;13:51:00;125;sem vítima;549;BR-324/BA;Oeste;Colisão Traseira;;;;;;;;;;2;6;;;;
25/11/2017;15:24:00;154;com vítima;818,7;BR-116/BA;Norte;Tombamento;;;2;;;;;;;;1;1;;;
25/11/2017;17:26:00;180;com vítima;839;BR-116/BA;Sul;Queda de Moto;;;;1;;;;;;;1;1;;;
25/11/2017;18:20:00;197;sem vítima;617;BR-116/BA;Sul;Colisão Traseira;;;2;;;;;;;;2;;;;
25/11/2017;22:45:00;230;com vítima;821;BR-116/BA;Norte;Colisão Traseira;;;1;1;;;;;;;1;;;;1
26/11/2017;06:30:00;32;com vítima;578,2;BR-324/BA;Oeste;Capotamento;1;;;;;;;;;;0;1;1;;
26/11/2017;11:26:00;88;com vítima;531,2;BR-324/BA;Oeste;Saida de Pista;1;;;;;;;;;;0;1;1;;
26/11/2017;11:32:00;90;com vítima;603,3;BR-324/BA;Leste;Saida de Pista;1;;;;;;;;;;0;1;1;;
26/11/2017;11:40:00;92;com vítima;461;BR-116/BA;Sul;Queda de Moto;;;;1;;;;;;;0;;1;1;
26/11/2017;12:48:00;102;com vítima;577,1;BR-324/BA;Leste;Saida de Pista;;;;;;;;;;1;5;4;1;;1
26/11/2017;15:54:00;134;sem vítima;840;BR-116/BA;Norte;Engavetamento;;;2;;;1;;;;;4;;;;
26/11/2017;16:58:00;149;sem vítima;519,2;BR-324/BA;Oeste;Colisão Traseira;1;;;;;;;;;;1;;;;
26/11/2017;18:37:00;179;com vítima;9;BA-526;Norte;Queda de Moto;;;;1;;;;;;;0;;1;;
26/11/2017;18:51:00;183;sem vítima;599;BR-324/BA;Leste;Colisão Traseira;2;;;;;;;;;;4;;;;
26/11/2017;18:53:00;184;com vítima;712;BR-116/BA;Sul;Colisão Frontal;;;1;1;;;;;;;1;;;;1
27/11/2017;06:22:00;31;sem vítima;813;BR-116/BA;Norte;Colisão Lateral;1;;;;;;;;;;1;;;;
27/11/2017;07:23:00;47;sem vítima;608;BR-324/BA;Leste;Colisão Traseira;;;2;;;;;;;;2;;;;
27/11/2017;09:24:00;107;com vítima;461,5;BR-116/BA;Norte;Saida de Pista;;;1;;;;;;;;0;1;;;
27/11/2017;10:56:00;135;sem vítima;724;BR-116/BA;Norte;Colisão Lateral;2;;;;;;;;;;2;;;;
27/11/2017;13:05:00;168;sem vítima;616,2;BR-324/BA;Leste;Colisão Lateral;2;;;;;1;;;;;3;;;;
27/11/2017;17:13:00;223;sem vítima;617;BR-324/BA;Leste;Engavetamento;5;;;;;;;;;;10;;;;
27/11/2017;17:53:00;233;com vítima;623;BR-324/BA;Oeste;Colisão Traseira;;;;1;;;;;;1;1;;1;;
28/11/2017;02:13:00;5;sem vítima;567,6;BR-324/BA;Leste;Tombamento;;;1;;;;;;;;1;;;;
28/11/2017;04:47:00;11;sem vítima;574;BR-324/BA;Leste;Saida de Pista;1;;;;;;;;;;2;;;;
28/11/2017;11:05:00;108;com vítima;18,2;BR-116/BA - Cont VC;Norte;Colisão Transversal;;;1;;;;;;;1;1;;;1;
28/11/2017;11:50:00;119;com vítima;18,5;BR-116/BA - Cont VC;Sul;Queda de Moto;;;;1;;;;;;;0;1;;;
28/11/2017;14:28:00;156;sem vítima;456;BR-116/BA;Sul;Colisão Traseira;;;2;;;;;;;;3;;;;
28/11/2017;15:27:00;167;com vítima;633,3;BR-116/BA;Sul;Queda de Moto;;;;1;;;;;;;0;;2;;
28/11/2017;17:13:00;195;sem vítima;614;BR-324/BA;Leste;Engavetamento;3;;;;;;;;;;6;;;;
28/11/2017;21:46:00;233;sem vítima;555;BR-116/BA;Norte;Saida de Pista;;;1;;;;;;;;2;;;;
28/11/2017;23:12:00;249;sem vítima;876,8;BR-116/BA;Sul;Colisão Traseira;;;2;;;;;;;;3;;;;
29/11/2017;08:56:00;68;sem vítima;608;BR-324/BA;Leste;Colisão Lateral;1;;;;1;;;;;;36;;;;
29/11/2017;09:46:00;87;sem vítima;611,2;BR-324/BA;Oeste;Colisão Lateral;;;2;;;;;;;;2;;;;
29/11/2017;15:43:00;191;com vítima;617;BR-324/BA;Leste;Queda de Moto;;;;1;;;;;;;0;1;;;
29/11/2017;21:03:00;248;com vítima;472,9;BR-116/BA;Sul;Atropelamento de Pedestre;;;;;;1;;;;;1;;1;;
30/11/2017;00:04:00;1;sem vítima;915;BR-116/BA;Norte;Saida de Pista;1;;;;;;;;;;1;;;;
30/11/2017;04:56:00;9;sem vítima;624,2;BR-324/BA;Oeste;Colisão Traseira;;;1;;;;;;;1;2;;;;
30/11/2017;09:52:00;90;com vítima;609,3;BR-324/BA;Leste;Queda de Moto;;;;1;;;;;;;0;;1;;
30/11/2017;13:06:00;151;sem vítima;879;BR-116/BA;Sul;Saida de Pista;1;;;;;;;;;;2;;;;
30/11/2017;13:37:00;158;com vítima;900;BR-116/BA;Norte;Colisão Frontal;1;;1;;;;;;;;2;;;;1
30/11/2017;17:39:00;212;com vítima;461;BR-116/BA;Sul;Colisão Lateral;;;;1;;1;;;;;1;1;;;
30/11/2017;19:40:00;237;sem vítima;630,4;BR-116/BA;Norte;Saida de Pista;1;;;;;;;;;;1;;;;
30/11/2017;20:22:00;246;sem vítima;3;BR-116/BA - Cont VC;Sul;Atropelamento de Animal;1;;;;;;;;;;1;;;;
01/12/2017;01:24:00;9;sem vítima;608;BR-324/BA;Oeste;Saida de Pista;1;;;;;;;;;;1;;;;
01/12/2017;06:35:00;31;sem vítima;518,1;BR-324/BA;Leste;Tombamento;;;1;;;;;;;;1;;;;
01/12/2017;07:34:00;56;sem vítima;622;BR-324/BA;Leste;Engavetamento;1;;;;;2;;;;;3;;;;
01/12/2017;12:10:00;155;com vítima;747;BR-116/BA;Norte;Colisão Lateral;;;;1;;;;;;1;3;1;1;;
01/12/2017;12:48:00;161;com vítima;569,1;BR-324/BA;Oeste;Colisão Traseira;;;2;;;;;;;;0;2;;;
01/12/2017;12:55:00;165;sem vítima;814,5;BR-116/BA;Sul;Colisão Lateral;;;1;;;;;;;1;2;;;;
01/12/2017;15:57:00;211;com vítima;606;BR-324/BA;Leste;Atropelamento de Pedestre;;;;;;1;;;;;1;1;;;
01/12/2017;17:28:00;229;sem vítima;613;BR-324/BA;Leste;Engavetamento;3;;;;;;;;;;6;;;;
01/12/2017;23:16:00;293;sem vítima;619;BR-324/BA;Oeste;Saida de Pista;1;;;;;;;;;;1;;;;
02/12/2017;02:58:00;8;sem vítima;570;BR-324/BA;Oeste;Saida de Pista;1;;;;;;;;;;1;;;;
02/12/2017;05:02:00;12;sem vítima;619,9;BR-324/BA;Leste;Queda de Moto;;;;1;;;;;;;1;;;;
02/12/2017;06:22:00;17;com vítima;897,6;BR-116/BA;Sul;Colisão Transversal;2;;;;;;;;;;1;4;;;
02/12/2017;07:20:00;30;com vítima;581;BR-116/BA;Norte;Colisão Lateral;1;;1;;;;;;;;2;;1;;
02/12/2017;08:26:00;47;sem vítima;610,5;BR-324/BA;Oeste;Colisão Traseira;2;;;;;;;;;;4;;;;
02/12/2017;11:12:00;95;sem vítima;632;BR-116/BA;Sul;Colisão Traseira;;;2;;;;;;;;2;;;;
02/12/2017;16:51:00;165;sem vítima;618,4;BR-116/BA;Sul;Colisão Traseira;;;1;;;1;;;;;2;;;;
02/12/2017;18:34:00;202;com vítima;818;BR-116/BA;Norte;Colisão Lateral;2;;;;;;;;;;1;1;;;
02/12/2017;21:44:00;236;sem vítima;616;BR-324/BA;Oeste;Saida de Pista;1;;;;;;;;;;2;;;;
03/12/2017;05:56:00;25;com vítima;542,9;BR-116/BA;Sul;Saida de Pista;;;1;;;;;;;;0;;;;1
03/12/2017;06:55:00;33;com vítima;623,2;BR-324/BA;Oeste;Colisão Traseira;2;;;;;;;;;;0;2;;;
03/12/2017;12:22:00;98;com vítima;444;BR-116/BA;Sul;Saida de Pista;1;;;;;;;;;;0;;;1;1
03/12/2017;12:27:00;100;sem vítima;545,2;BR-324/BA;Oeste;Colisão Transversal;1;;;;;;;;;1;15;;;;
03/12/2017;13:26:00;107;sem vítima;805;BR-116/BA;Norte;Saida de Pista;;;1;;;;;;;;2;;;;
03/12/2017;14:30:00;117;com vítima;465,2;BR-116/BA;Sul;Colisão Transversal;1;;;1;;;;;;;1;;;1;1
03/12/2017;17:12:00;149;sem vítima;642,1;BR-116/BA;Norte;Tombamento;;;1;;;;;;;;1;;;;
04/12/2017;01:19:00;7;sem vítima;521;BR-324/BA;Oeste;Saida de Pista;1;;;;;;;;;;1;;;;
04/12/2017;02:03:00;9;sem vítima;557,3;BR-324/BA;Leste;Saida de Pista;1;;;;;1;;;;;2;;;;
04/12/2017;07:00:00;37;sem vítima;609;BR-324/BA;Leste;Saida de Pista;;;;;;;;;;1;2;;;;
04/12/2017;07:01:00;39;sem vítima;609;BR-324/BA;Oeste;Engavetamento;4;;;;;;;;;;6;;;;
04/12/2017;07:10:00;41;sem vítima;609;BR-324/BA;Leste;Saida de Pista;1;;;;;;;;;;1;;;;
04/12/2017;07:32:00;50;com vítima;620;BR-324/BA;Leste;Engavetamento;3;;;;;;;;;;2;1;;;
04/12/2017;09:06:00;88;sem vítima;777,5;BR-116/BA;Norte;Colisão Traseira;;;2;;;;;;;;2;;;;
04/12/2017;15:28:00;184;sem vítima;623,6;BR-324/BA;Leste;Colisão Traseira;2;;;;;;;;;;3;;;;
04/12/2017;17:28:00;212;sem vítima;557;BR-324/BA;Oeste;Queda de Moto;;;;1;;;;;;;2;;;;
04/12/2017;18:15:00;231;com vítima;426,5;BR-116/BA;Sul;Colisão Traseira;1;;;1;;;;;;;1;;1;;
04/12/2017;23:28:00;275;com vítima;617;BR-324/BA;Leste;Queda de Moto;;;;1;;;;;;;1;;1;;
05/12/2017;07:18:00;34;com vítima;587,2;BR-324/BA;Oeste;Queda de Moto;;;;1;;;;;;;1;1;;;
05/12/2017;08:35:00;65;com vítima;608,2;BR-324/BA;Oeste;Colisão Traseira;1;;1;;;;;;;;1;;1;;
05/12/2017;09:20:00;82;sem vítima;718,9;BR-116/BA;Norte;Colisão Lateral;;;2;;;;;;;;2;;;;
05/12/2017;10:37:00;97;com vítima;531;BR-324/BA;Oeste;Colisão Traseira;2;;;;;;;;;;1;2;;;
05/12/2017;14:41:00;155;com vítima;620,2;BR-324/BA;Leste;Tombamento;;;1;;;;;;;;0;1;;;
05/12/2017;16:08:00;176;com vítima;833,2;BR-116/BA;Norte;Colisão Traseira;;;3;;;;;;;;2;1;;;
05/12/2017;18:58:00;221;sem vítima;3;BR-116/BA - Cont VC;Sul;Colisão Traseira;;;1;;;1;;;;;2;;;;
05/12/2017;21:30:00;240;sem vítima;588;BR-116/BA;Sul;Colisão Traseira;;;1;;;;;;;1;2;;;;
06/12/2017;05:00:00;12;sem vítima;612,2;BR-116/BA;Norte;Colisão Lateral;;;1;;;1;;;;;3;;;;
06/12/2017;06:36:00;32;sem vítima;566,09;BR-324/BA;Leste;Engavetamento;2;;;;;1;;;;;4;;;;
06/12/2017;07:38:00;51;sem vítima;584;BR-324/BA;Oeste;Tombamento;;;;;;;;;;1;2;;;;
06/12/2017;09:36:00;95;sem vítima;589;BR-324/BA;Oeste;Colisão Traseira;1;;;;;;;;;1;3;;;;
06/12/2017;12:08:00;140;sem vítima;547;BR-324/BA;Oeste;Colisão Traseira;;;2;;;;;;;;3;;;;