data;horario;n_da_ocorrencia;tipo_de_ocorrencia;km;trecho;sentido;tipo_de_acidente;automovel;bicicleta;caminhao;moto;onibus;outros;tracao_animal;transporte_de_cargas_especiais;trator_maquinas;utilitarios;ilesos;levemente_feridos;moderadamente_feridos;gravemente_feridos;mortos
06/12/2017;13:07:00;147;sem vítima;569;BR-324/BA;Oeste;Colisão Lateral;1;;1;;;;;;;;6;;;;
06/12/2017;20:01:00;247;sem vítima;847;BR-116/BA;Norte;Queda de Moto;;;;1;;;;;;;1;;;;
07/12/2017;00:15:00;5;sem vítima;553,8;BR-116/BA;Sul;Saida de Pista;;;1;;;;;;;;1;;;;
07/12/2017;02:45:00;17;sem vítima;622;BR-324/BA;Leste;Queda de Moto;;;;1;;;;;;;1;;;;
07/12/2017;04:16:00;21;sem vítima;476,8;BR-116/BA;Sul;Saida de Pista;;;1;;;;;;;;1;;;;
07/12/2017;05:41:00;34;sem vítima;843,1;BR-116/BA;Sul;Saida de Pista;;;;;;;;;;1;2;;;;
07/12/2017;10:09:00;115;sem vítima;567,2;BR-116/BA;Norte;Colisão Transversal;;;1;;;;;;;1;2;;;;
07/12/2017;10:35:00;127;sem vítima;603,6;BR-324/BA;Leste;Colisão Lateral;1;;1;;;;;;;;2;;;;
07/12/2017;11:30:00;137;sem vítima;599,4;BR-324/BA;Leste;Engavetamento;3;;;;;;;;;;9;;;;
07/12/2017;13:52:00;167;sem vítima;626,2;BR-324/BA;Oeste;Colisão Lateral;1;;1;;;;;;;;2;;;;
07/12/2017;15:10:00;196;sem vítima;610;BR-324/BA;Leste;Colisão Traseira;2;;;;;;;;;;2;;;;
07/12/2017;15:22:00;201;sem vítima;619,1;BR-324/BA;Oeste;Colisão Traseira;1;;;;;1;;;;;2;;;;
07/12/2017;15:26:00;202;sem vítima;873;BR-116/BA;Sul;Colisão Traseira;;;2;;;;;;;;2;;;;
07/12/2017;17:55:00;245;com vítima;572;BR-116/BA;Norte;Saida de Pista;;;;;;;;;;1;0;1;;;
07/12/2017;18:06:00;249;sem vítima;560,6;BR-324/BA;Oeste;Saida de Pista;1;;;;;;;;;;1;;;;
07/12/2017;18:50:00;261;com vítima;563;BR-116/BA;Norte;Colisão Traseira;;;2;;;;;;;;1;1;;;
07/12/2017;22:00:00;290;sem vítima;807,9;BR-116/BA;Norte;Sequência;;;1;;;;;;;;1;;;;
08/12/2017;00:07:00;2;com vítima;521,7;BR-324/BA;Leste;Colisão Traseira;2;;;;;;;;;;2;2;;;
08/12/2017;06:45:00;37;sem vítima;689,3;BR-116/BA;Norte;Colisão Traseira;2;;;;;;;;;;4;;;;
08/12/2017;14:58:00;181;sem vítima;523,8;BR-324/BA;Oeste;Engavetamento;3;;;;;;;;;;3;;;;
09/12/2017;01:00:00;4;sem vítima;601;BR-324/BA;Leste;Atropelamento de Animal;1;;;;;;;;;;1;;;;
09/12/2017;01:18:00;7;sem vítima;562;BR-116/BA;Sul;Colisão Traseira;1;;1;;;;;;;;4;;;;
09/12/2017;05:03:00;19;sem vítima;838,2;BR-116/BA;Sul;Saida de Pista;;;1;;;;;;;;1;;;;
09/12/2017;07:41:00;41;com vítima;800,3;BR-116/BA;Sul;Saida de Pista;1;;;;;;;;;;0;1;;;
09/12/2017;08:11:00;52;sem vítima;618,2;BR-324/BA;Leste;Queda de Moto;;;;1;;;;;;;2;;;;
09/12/2017;08:12:00;53;sem vítima;607,1;BR-324/BA;Oeste;Colisão Lateral;1;;;;;;;;;1;4;;;;
09/12/2017;08:40:00;62;sem vítima;617;BR-116/BA;Sul;Colisão Traseira;1;;1;;;;;;;;2;;;;
09/12/2017;10:36:00;86;sem vítima;607,9;BR-324/BA;Leste;Engavetamento;3;;;;;;;;;;5;;;;
09/12/2017;14:28:00;141;sem vítima;633,1;BR-116/BA;Sul;Colisão Lateral;1;;1;;;;;;;;3;;;;
09/12/2017;17:20:00;175;sem vítima;605,8;BR-324/BA;Leste;Saida de Pista;1;;;;;;;;;;1;;;;
09/12/2017;17:22:00;176;com vítima;526;BR-324/BA;Leste;Colisão Traseira;1;;;;;1;;;;;1;2;;;
09/12/2017;18:56:00;204;sem vítima;603,4;BR-324/BA;Oeste;Capotamento;1;;;;;;;;;;2;;;;
09/12/2017;19:25:00;209;com vítima;516;BR-116/BA;Sul;Colisão Traseira;1;;1;;;;;;;;4;2;;;
09/12/2017;19:26:00;210;sem vítima;918,6;BR-116/BA;Sul;Colisão Lateral;1;;1;;;;;;;;4;;;;
09/12/2017;19:34:00;212;com vítima;811;BR-116/BA;Sul;Queda de Moto;;;;1;;;;;;;0;1;;;
09/12/2017;20:46:00;218;sem vítima;871,5;BR-116/BA;Sul;Saida de Pista;;;1;;;;;;;;1;;;;
09/12/2017;21:30:00;219;sem vítima;619,1;BR-324/BA;Oeste;Saida de Pista;1;;;;;;;;;;1;;;;
09/12/2017;21:43:00;222;sem vítima;615,9;BR-324/BA;Leste;Colisão Traseira;2;;;;;;;;;;4;;;;
10/12/2017;00:21:00;3;com vítima;571,6;BR-324/BA;Leste;Saida de Pista;1;;;;;;;;;;1;1;;;
10/12/2017;00:55:00;8;com vítima;809;BR-116/BA;Norte;Colisão Traseira;1;;;;;1;;;;;1;1;;;
10/12/2017;01:59:00;12;sem vítima;530,5;BR-324/BA;Leste;Saida de Pista;1;;;;;;;;;;3;;;;
10/12/2017;02:25:00;13;sem vítima;519;BR-116/BA;Sul;Tombamento;;;1;;;;;;;;1;;;;
10/12/2017;03:26:00;16;com vítima;839;BR-116/BA;Norte;Saida de Pista;;;1;;;;;;;;0;;2;;
10/12/2017;08:33:00;74;sem vítima;451;BR-116/BA;Sul;Colisão Traseira;;;;;;1;;;;1;4;;;;
10/12/2017;09:14:00;80;sem vítima;561;BR-324/BA;Oeste;Colisão Lateral;1;;;;;1;;;;;2;;;;
10/12/2017;09:57:00;86;sem vítima;907,9;BR-116/BA;Sul;Engavetamento;;;3;;;;;;;;3;;;;
10/12/2017;13:47:00;147;com vítima;461,9;BR-116/BA;Sul;Atropelamento - Ciclista;1;1;;;;;;;;;1;;1;;
10/12/2017;16:12:00;174;com vítima;452;BR-116/BA;Sul;Colisão Transversal;1;;1;;;;;;;;1;;;1;
10/12/2017;17:13:00;201;sem vítima;751;BR-116/BA;Norte;Saida de Pista;1;;;;;;;;;;1;;;;
10/12/2017;19:00:00;238;sem vítima;603;BR-324/BA;Leste;Saida de Pista;;;;;;;;;;1;2;;;;
10/12/2017;23:26:00;298;com vítima;616;BR-324/BA;Leste;Saida de Pista;1;;;;;;;;;;0;;1;;
11/12/2017;00:22:00;2;sem vítima;658,2;BR-116/BA;Sul;Saida de Pista;1;;;;;;;;;;1;;;;
11/12/2017;06:35:00;27;sem vítima;595;BR-324/BA;Leste;Saida de Pista;;;;;1;;;;;;2;;;;
11/12/2017;09:20:00;96;sem vítima;614,3;BR-324/BA;Leste;Engavetamento;4;;;;;;;;;;8;;;;
11/12/2017;09:29:00;104;sem vítima;612,2;BR-324/BA;Leste;Engavetamento;2;;;;;;;;;2;8;;;;
11/12/2017;10:34:00;120;sem vítima;611,3;BR-324/BA;Leste;Colisão Traseira;2;;;;;;;;;;6;;;;
11/12/2017;16:40:00;207;sem vítima;530,8;BR-116/BA;Norte;Saida de Pista;;;1;;;;;;;;1;;;;
11/12/2017;17:40:00;222;com vítima;566;BR-116/BA;Norte;Colisão Traseira;;;1;;1;;;;;;15;5;1;;
11/12/2017;18:28:00;234;sem vítima;534,8;BR-324/BA;Leste;Atropelamento de Animal;;;;;1;;;;;;22;;;;
12/12/2017;02:53:00;8;sem vítima;537,2;BR-324/BA;Oeste;Saida de Pista;;;1;;;;;;;;2;;;;
12/12/2017;06:41:00;21;sem vítima;622;BR-324/BA;Oeste;Colisão Traseira;2;;;;;;;;;;2;;;;
12/12/2017;08:03:00;56;com vítima;622;BR-324/BA;Leste;Colisão Traseira;1;;;1;;;;;;;2;1;;;
12/12/2017;09:56:00;94;sem vítima;586;BR-116/BA;Sul;Colisão Traseira;;;1;;;1;;;;;2;;;;
12/12/2017;11:11:00;118;sem vítima;571,3;BR-324/BA;Leste;Saida de Pista;;;1;;;;;;;;1;;;;
12/12/2017;13:30:00;149;sem vítima;495,9;BR-116/BA;Norte;Colisão Traseira;2;;;;;;;;;;5;;;;
12/12/2017;14:19:00;161;sem vítima;624;BR-324/BA;Leste;Queda de Moto;;;;1;;;;;;;1;;;;
12/12/2017;15:36:00;184;sem vítima;595;BR-324/BA;Leste;Saida de Pista;;;;;1;;;;;;2;;;;
12/12/2017;16:08:00;192;sem vítima;779;BR-116/BA;Norte;Colisão Lateral;2;;;;;;;;;;5;;;;
12/12/2017;17:26:00;210;sem vítima;523;BR-324/BA;Leste;Colisão Traseira;;;1;;;1;;;;;2;;;;
12/12/2017;19:02:00;225;sem vítima;632;BR-116/BA;Norte;Colisão Transversal;1;;1;;;;;;;;2;;;;
12/12/2017;22:08:00;247;sem vítima;640;BR-116/BA;Norte;Saida de Pista;1;;;;;;;;;;4;;;;
12/12/2017;23:29:00;261;sem vítima;830;BR-116/BA;Sul;Colisão Traseira;;;1;;;;;;;;1;;;;
13/12/2017;23:39:00;11;sem vítima;829,5;BR-116/BA;Sul;Colisão Traseira;;;4;;;;;;;;4;;;;
13/12/2017;05:01:00;15;com vítima;626;BR-116/BA;Norte;Saida de Pista;;;;;;;;;;1;2;1;;;
13/12/2017;07:18:00;51;sem vítima;844;BR-116/BA;Norte;Colisão Traseira;1;;;;1;;;;;;5;;;;
13/12/2017;11:11:00;130;sem vítima;816,4;BR-116/BA;Sul;Colisão Traseira;;;1;;;;;;;1;2;;;;
13/12/2017;13:31:00;165;sem vítima;579,2;BR-324/BA;Oeste;Queda de Moto;;;;1;;;;;;;1;;;;
13/12/2017;18:22:00;230;com vítima;466;BR-116/BA;Norte;Atropelamento de Pedestre;;;;1;;;;;;;0;2;;1;
13/12/2017;18:31:00;233;sem vítima;609;BR-324/BA;Leste;Colisão Traseira;1;;;;;;;;;1;2;;;;
13/12/2017;21:11:00;252;sem vítima;484,2;BR-116/BA;Norte;Saida de Pista;1;;;;;;;;;;1;;;;
14/12/2017;07:03:00;39;sem vítima;575;BR-324/BA;Oeste;Saida de Pista;1;;;;;;;;;;1;;;;
14/12/2017;17:11:00;205;sem vítima;507;BR-116/BA;Sul;Colisão Lateral;1;;;;;1;;;;;2;;;;
15/12/2017;01:09:00;4;sem vítima;620;BR-324/BA;Oeste;Saida de Pista;1;;;;;;;;;;1;;;;
15/12/2017;05:36:00;20;sem vítima;597,1;BR-116/BA;Norte;Saida de Pista;;;1;;;;;;;;2;;;;
15/12/2017;05:47:00;22;sem vítima;473,2;BR-116/BA;Norte;Saida de Pista;1;;;;;;;;;;3;;;;
15/12/2017;09:27:00;95;sem vítima;561;BR-324/BA;Oeste;Tombamento;;;1;;;;;;;;1;;;;
15/12/2017;12:15:00;141;sem vítima;576;BR-324/BA;Oeste;Colisão Traseira;2;;;;;;;;;;5;;;;
15/12/2017;19:03:00;249;com vítima;625;BR-324/BA;Oeste;Queda de Moto;;;;1;;;;;;;0;1;;;
15/12/2017;19:33:00;259;com vítima;623;BR-324/BA;Oeste;Engavetamento;2;;;1;;;;;;;2;1;;;
15/12/2017;20:24:00;267;sem vítima;518;BR-324/BA;Oeste;Colisão Lateral;;;2;;;;;;;;2;;;;
15/12/2017;23:09:00;292;sem vítima;570;BR-324/BA;Oeste;Saida de Pista;1;;;;;;;;;;1;;;;
16/12/2017;00:47:00;1;sem vítima;549,5;BR-116/BA;Norte;Colisão Traseira;;;2;;;;;;;;2;;;;
16/12/2017;07:59:00;52;sem vítima;622;BR-324/BA;Leste;Colisão Traseira;2;;;;;;;;;;5;;;;
16/12/2017;09:12:00;76;sem vítima;5;BA-526;Norte;Saida de Pista;1;;;;;;;;;;1;;;;
16/12/2017;13:23:00;140;sem vítima;7;BR-116/BA - Cont VC;Sul;Colisão Traseira;;;2;;;;;;;;2;;;;
16/12/2017;14:02:00;147;sem vítima;13;BR-116/BA - Cont VC;Sul;Saida de Pista;;;;;;;;;;1;1;;;;
16/12/2017;15:30:00;167;com vítima;576;BR-324/BA;Leste;Queda de Moto;;;;1;;;;;;;0;2;;;
16/12/2017;16:36:00;183;com vítima;13,9;BR-116/BA - Cont VC;Sul;Colisão Transversal;1;;;1;;;;;;;3;1;;;
16/12/2017;18:15:00;209;sem vítima;7;BR-116/BA - ContSuFS;Norte;Saida de Pista;;;1;;;;;;;;1;;;;
16/12/2017;22:35:00;244;com vítima;903;BR-116/BA;Sul;Outros;;1;;;;;;;;;0;1;;;
17/12/2017;03:17:00;19;com vítima;554;BR-324/BA;Leste;Queda de Moto;;;;1;;;;;;;1;1;;;
17/12/2017;03:24:00;20;com vítima;476;BR-116/BA;Sul;Atropelamento de Pedestre;;;;;;1;;;;;1;;;;1
17/12/2017;04:41:00;27;sem vítima;817,9;BR-116/BA;Norte;Colisão Frontal;1;;;;;;;;;1;6;;;;
17/12/2017;05:53:00;34;sem vítima;540,4;BR-116/BA;Sul;Colisão Traseira;;;2;;;;;;;;3;;;;
17/12/2017;06:57:00;41;sem vítima;599,02;BR-324/BA;Leste;Choque Contra Objeto Fixo;1;;;;;;;;;;3;;;;
17/12/2017;07:47:00;48;sem vítima;619;BR-324/BA;Leste;Saida de Pista;1;;;;;;;;;;1;;;;
17/12/2017;08:11:00;51;sem vítima;561,2;BR-324/BA;Oeste;Saida de Pista;1;;;;;;;;;;3;;;;
17/12/2017;10:18:00;82;sem vítima;907,9;BR-116/BA;Sul;Colisão Traseira;;;2;;;;;;;;2;;;;
17/12/2017;11:11:00;91;sem vítima;907;BR-116/BA;Sul;Colisão Traseira;;;1;;;1;;;;;2;;;;
17/12/2017;14:15:00;123;sem vítima;590,2;BR-116/BA;Sul;Saida de Pista;1;;;;;;;;;;1;;;;
17/12/2017;15:07:00;133;sem vítima;604,5;BR-324/BA;Leste;Colisão Lateral;2;;;;;;;;;;6;;;;
17/12/2017;16:54:00;160;sem vítima;509;BR-116/BA;Norte;Engavetamento;1;;3;;;;;;;;7;;;;
17/12/2017;16:58:00;163;sem vítima;547,5;BR-116/BA;Sul;Colisão Traseira;2;;;;;1;;;;;8;;;;
17/12/2017;17:02:00;165;com vítima;4;BR-116/BA - ContSuFS;Norte;Saida de Pista;1;;;;;;;;;;0;1;;;
17/12/2017;19:42:00;197;sem vítima;606;BR-324/BA;Leste;Saida de Pista;1;;;;;;;;;;1;;;;
18/12/2017;05:30:00;25;sem vítima;546,9;BR-324/BA;Oeste;Saida de Pista;1;;;;;;;;;;1;;;;
18/12/2017;06:19:00;38;sem vítima;623,5;BR-324/BA;Leste;Queda de Moto;;;;1;;;;;;;1;;;;
18/12/2017;06:36:00;45;sem vítima;579,5;BR-324/BA;Leste;Saida de Pista;1;;;;;;;;;;4;;;;
18/12/2017;07:16:00;63;sem vítima;562;BR-324/BA;Oeste;Saida de Pista;1;;;;;;;;;;2;;;;
18/12/2017;08:35:00;88;sem vítima;909,9;BR-116/BA;Norte;Colisão Traseira;1;;;;;1;;;;;5;;;;
18/12/2017;09:24:00;103;sem vítima;847,1;BR-116/BA;Sul;Colisão Traseira;;;1;;;1;;;;;2;;;;
18/12/2017;15:10:00;197;sem vítima;452,5;BR-116/BA;Norte;Colisão Traseira;2;;;;;;;;;;7;;;;
18/12/2017;22:14:00;274;sem vítima;617;BR-116/BA;Sul;Colisão Traseira;;;2;;;;;;;;2;;;;
19/12/2017;05:05:00;19;sem vítima;588,1;BR-324/BA;Leste;Colisão Traseira;;;;;;;;;;2;3;;;;
19/12/2017;06:00:00;25;sem vítima;482,5;BR-116/BA;Sul;Colisão Lateral;1;;1;;;;;;;;2;;;;
19/12/2017;06:57:00;37;com vítima;563;BR-324/BA;Leste;Saida de Pista;1;;;;;;;;;;0;2;1;;
19/12/2017;07:43:00;50;sem vítima;826,8;BR-116/BA;Sul;Colisão Traseira;1;;1;;;;;;;;2;;;;
19/12/2017;09:18:00;76;sem vítima;833,4;BR-116/BA;Norte;Engavetamento;4;;;;;;;;;;14;;;;
19/12/2017;11:18:00;111;sem vítima;580,3;BR-324/BA;Leste;Saida de Pista;1;;;;;;;;;;1;;;;
19/12/2017;13:57:00;149;com vítima;616,5;BR-116/BA;Norte;Saida de Pista;1;;;;;;;;;;0;1;;;
19/12/2017;15:29:00;169;sem vítima;619;BR-324/BA;Oeste;Saida de Pista;1;;;;;;;;;;1;;;;
19/12/2017;17:22:00;201;com vítima;603;BR-324/BA;Leste;Atropelamento de Pedestre;;;;;;1;;;;;1;;1;;
19/12/2017;17:35:00;208;sem vítima;533;BR-324/BA;Oeste;Saida de Pista;1;;;;;;;;;;1;;;;
19/12/2017;17:55:00;215;sem vítima;683,8;BR-116/BA;Sul;Saida de Pista;;;1;;;;;;;;1;;;;
19/12/2017;19:21:00;240;sem vítima;830;BR-116/BA;Sul;Colisão Traseira;1;;1;;;;;;;;3;;;;
19/12/2017;20:56:00;254;sem vítima;0,6;BR-116/BA - ContSuFS;Norte;Colisão Traseira;;;1;;;;;;;1;3;;;;
19/12/2017;22:25:00;266;com vítima;533;BR-324/BA;Leste;Saida de Pista;;;;;;;;;;1;0;2;1;;
20/12/2017;00:51:00;5;sem vítima;612,8;BR-324/BA;Oeste;Atropelamento de Animal;1;;;;;;;;;;1;;;;
20/12/2017;05:19:00;24;sem vítima;743;BR-116/BA;Norte;Colisão Lateral;1;;1;;;;;;;;5;;;;
20/12/2017;06:35:00;38;sem vítima;623,7;BR-324/BA;Oeste;Engavetamento;1;;2;;;;;;;;6;;;;
20/12/2017;12:10:00;141;sem vítima;616;BR-324/BA;Leste;Engavetamento;3;;;;;;;;;;8;;;;
20/12/2017;15:24:00;196;com vítima;790,9;BR-116/BA;Sul;Engavetamento;;;3;;1;;;;;;40;7;;;
20/12/2017;21:34:00;275;sem vítima;473;BR-116/BA;Sul;Sequência;1;;;;;;;;;;5;;;;
20/12/2017;22:16:00;282;sem vítima;643;BR-116/BA;Norte;Saida de Pista;;;1;;;;;;;;2;;;;
20/12/2017;23:52:00;287;com vítima;601,8;BR-116/BA;Sul;Saida de Pista;;;1;;;;;;;;1;2;;;
21/12/2017;00:37:00;3;com vítima;819;BR-116/BA;Sul;Saida de Pista;;;;1;;;;;;;0;;2;;
21/12/2017;06:47:00;40;com vítima;2,1;BR-116/BA - ContSuFS;Norte;Queda de Moto;;;;1;;;;;;;0;1;;;
21/12/2017;08:59:00;79;com vítima;791,1;BR-116/BA;Sul;Colisão Frontal;2;;;;;;;;;;0;3;1;;
21/12/2017;12:00:00;132;sem vítima;604,1;BR-324/BA;Oeste;Colisão Traseira;1;;;;;;;;;1;2;;;;
21/12/2017;12:22:00;136;sem vítima;821,5;BR-116/BA;Norte;Colisão Traseira;2;;;;;;;;;;3;;;;
21/12/2017;12:35:00;144;sem vítima;566,2;BR-116/BA;Sul;Engavetamento;;;3;;;;;;;;3;;;;
21/12/2017;13:59:00;165;sem vítima;483;BR-116/BA;Norte;Engavetamento;2;;;;;1;;;;;7;;;;
21/12/2017;16:30:00;200;com vítima;566,5;BR-324/BA;Leste;Engavetamento;;;;;;;;;;3;2;2;;;
21/12/2017;17:11:00;209;sem vítima;621;BR-324/BA;Oeste;Colisão Traseira;2;;;;;;;;;;2;;;;
21/12/2017;17:23:00;217;sem vítima;447,8;BR-116/BA;Sul;Colisão Traseira;1;;;;;;;;;1;5;;;;
21/12/2017;17:38:00;219;sem vítima;622;BR-324/BA;Oeste;Engavetamento;3;;;;;;;;;;6;;;;
21/12/2017;20:27:00;255;com vítima;1;BA-526;Sul;Sequência;2;;;;1;;;;;;26;1;;;
21/12/2017;22:36:00;274;com vítima;521;BR-116/BA;Sul;Atropelamento de Pedestre;;;1;;;;;;;;1;1;;;
22/12/2017;00:25:00;3;sem vítima;810,01;BR-116/BA;Sul;Atropelamento de Animal;;;1;;;;;;;;1;;;;
22/12/2017;07:10:00;44;sem vítima;706,4;BR-116/BA;Sul;Saida de Pista;1;;;;;;;;;;1;;;;
22/12/2017;07:55:00;61;sem vítima;546;BR-324/BA;Oeste;Colisão Traseira;1;;;;;1;;;;;4;;;;
22/12/2017;07:56:00;62;sem vítima;632;BR-116/BA;Norte;Engavetamento;2;;1;;;;;;;;5;;;;
22/12/2017;09:22:00;102;sem vítima;833,2;BR-116/BA;Norte;Engavetamento;3;;;;;;;;;;6;;;;
22/12/2017;10:22:00;115;sem vítima;614;BR-324/BA;Leste;Colisão Traseira;;;1;;;1;;;;;2;;;;
22/12/2017;11:49:00;149;com vítima;614;BR-116/BA;Sul;Colisão Frontal;;;1;;;;;;;1;0;;1;;3
22/12/2017;12:07:00;153;sem vítima;568;BR-324/BA;Leste;Saida de Pista;1;;;;;;;;;;1;;;;
22/12/2017;12:35:00;159;sem vítima;889;BR-116/BA;Sul;Colisão Traseira;2;;;;;;;;;;6;;;;
22/12/2017;14:39:00;198;sem vítima;465,8;BR-116/BA;Norte;Colisão Traseira;1;;;;;1;;;;;2;;;;
22/12/2017;15:12:00;209;sem vítima;620;BR-324/BA;Leste;Engavetamento;2;;;;;;;;;1;5;;;;
22/12/2017;15:31:00;217;sem vítima;547;BR-324/BA;Oeste;Engavetamento;2;;;;;1;;;;;3;;;;
22/12/2017;16:20:00;234;com vítima;580;BR-324/BA;Leste;Colisão Traseira;1;;;;;;;;;1;12;2;;;
22/12/2017;17:55:00;268;sem vítima;551;BR-324/BA;Oeste;Colisão Traseira;2;;;;;;;;;;2;;;;
22/12/2017;19:21:00;298;sem vítima;836;BR-116/BA;Norte;Colisão Traseira;2;;;;;;;;;;7;;;;
22/12/2017;19:23:00;302;com vítima;818;BR-116/BA;Sul;Atropelamento de Pedestre;;;;1;;;;;;;0;;1;;1
22/12/2017;19:53:00;306;sem vítima;21;BR-116/BA - Cont VC;Norte;Saida de Pista;;;;;;;;;;1;3;;;;
22/12/2017;23:54:00;343;sem vítima;579,2;BR-116/BA;Norte;Saida de Pista;1;;;;;;;;;;4;;;;
23/12/2017;00:58:00;10;sem vítima;920;BR-116/BA;Norte;Colisão Transversal;;;;;;1;;;;1;4;;;;
23/12/2017;05:50:00;38;com vítima;586,5;BR-324/BA;Oeste;Engavetamento;1;;;;;2;;;;;2;;1;;
23/12/2017;07:10:00;59;sem vítima;596;BR-324/BA;Oeste;Colisão Traseira;2;;;;;;;;;;2;;;;
23/12/2017;07:44:00;69;sem vítima;586,5;BR-324/BA;Oeste;Engavetamento;3;;;;;;;;;;13;;;;
23/12/2017;08:02:00;72;sem vítima;588;BR-324/BA;Oeste;Colisão Traseira;2;;;;;;;;;;2;;;;
23/12/2017;10:03:00;115;sem vítima;547,85;BR-324/BA;Oeste;Colisão Traseira;2;;;;;;;;;;2;;;;
23/12/2017;10:43:00;133;sem vítima;549,3;BR-324/BA;Oeste;Engavetamento;;;;;1;2;;;;;8;;;;
23/12/2017;11:24:00;148;sem vítima;548;BR-324/BA;Oeste;Colisão Traseira;1;;;;;1;;;;;2;;;;
23/12/2017;11:54:00;162;sem vítima;550,35;BR-324/BA;Oeste;Engavetamento;1;;;;;2;;;;;3;;;;
23/12/2017;12:40:00;172;com vítima;571,8;BR-324/BA;Oeste;Queda de Moto;;;;1;;;;;;;0;2;;;
23/12/2017;13:16:00;179;sem vítima;437,2;BR-116/BA;Sul;Saida de Pista;1;;;;;;;;;;1;;;;
23/12/2017;14:03:00;185;com vítima;7;BR-116/BA - ContSuFS;Sul;Atropelamento de Pedestre;;;1;;;;;;;;1;;;;1
23/12/2017;15:38:00;216;sem vítima;6,99;BR-116/BA - ContSuFS;Norte;Engavetamento;2;;;;;;;;;1;4;;;;
23/12/2017;17:41:00;240;com vítima;1;BR-116/BA - ContSuFS;Sul;Choque Contra Objeto Fixo;1;;;1;;;;;;;1;2;;;
23/12/2017;17:57:00;244;sem vítima;548,9;BR-324/BA;Leste;Saida de Pista;1;;;;;;;;;;4;;;;
23/12/2017;20:22:00;273;sem vítima;599;BR-324/BA;Leste;Engavetamento;1;;;1;;1;;;;;3;;;;
23/12/2017;22:27:00;291;com vítima;544,5;BR-324/BA;Leste;Atropelamento de Pedestre;1;;;;;;;;;;4;;;2;
24/12/2017;01:11:00;7;sem vítima;615;BR-324/BA;Oeste;Queda de Moto;;;;1;;;;;;;2;;;;
24/12/2017;08:27:00;54;sem vítima;643,9;BR-116/BA;Norte;Colisão Traseira;2;;;;;;;;;;2;;;;
24/12/2017;10:56:00;92;sem vítima;896,5;BR-116/BA;Sul;Engavetamento;;;3;;;;;;;;5;;;;
24/12/2017;14:19:00;133;com vítima;625;BR-324/BA;Oeste;Queda de Moto;;;;1;;;;;;;0;1;;;
24/12/2017;19:32:00;188;sem vítima;586;BR-116/BA;Sul;Colisão Lateral;2;;;;;1;;;;1;9;;;;
25/12/2017;07:24:00;26;com vítima;428,6;BR-116/BA;Sul;Colisão Traseira;1;;;1;;;;;;;2;;2;;
25/12/2017;09:51:00;45;sem vítima;872,9;BR-116/BA;Norte;Engavetamento;;;2;;;1;;;;;3;;;;
25/12/2017;10:34:00;57;com vítima;617,1;BR-324/BA;Leste;Queda de Moto;;;;1;;;;;;;0;;1;;
25/12/2017;11:59:00;68;com vítima;13;BR-116/BA - Cont VC;Sul;Colisão Traseira;;;;1;;1;;;;;1;1;;;
25/12/2017;12:58:00;77;sem vítima;530;BR-324/BA;Leste;Saida de Pista;1;;;;;;;;;;6;;;;
25/12/2017;15:40:00;118;sem vítima;578,6;BR-324/BA;Oeste;Saida de Pista;1;;;;;;;;;;4;;;;
26/12/2017;06:45:00;29;com vítima;588,35;BR-324/BA;Oeste;Saida de Pista;2;;;;1;;;;;1;57;;;1;3
26/12/2017;07:09:00;40;sem vítima;584;BR-324/BA;Leste;Colisão Traseira;2;;;;;2;;;;;11;;;;
26/12/2017;07:43:00;58;sem vítima;579;BR-324/BA;Leste;Colisão Traseira;2;;;;;;;;;;9;;;;
26/12/2017;07:47:00;60;sem vítima;664;BR-116/BA;Norte;Colisão Lateral;1;;1;;;;;;;;2;;;;
26/12/2017;14:47:00;187;com vítima;755,9;BR-116/BA;Norte;Engavetamento;1;;1;;;1;;;;;5;2;;;
26/12/2017;22:46:00;300;sem vítima;614;BR-324/BA;Leste;Atropelamento de Animal;;;;;;;;;;1;1;;;;
26/12/2017;22:57:00;301;sem vítima;552,8;BR-324/BA;Leste;Atropelamento de Animal;1;;;;;;;;;;1;;;;
26/12/2017;23:45:00;311;sem vítima;568;BR-324/BA;Oeste;Saida de Pista;1;;;;;;;;;;2;;;;
27/12/2017;00:04:00;2;sem vítima;680;BR-116/BA;Norte;Saida de Pista;1;;;;;;;;;;3;;;;
27/12/2017;04:46:00;18;sem vítima;522;BR-324/BA;Oeste;Colisão Lateral;1;;1;;;;;;;;6;;;;
27/12/2017;05:27:00;22;com vítima;929,8;BR-116/BA;Sul;Saida de Pista;1;;;;;;;;;;0;2;;;
27/12/2017;08:53:00;70;sem vítima;562,3;BR-324/BA;Oeste;Queda de Moto;;;;1;;;;;;;2;;;;
27/12/2017;09:52:00;92;sem vítima;565,2;BR-324/BA;Leste;Saida de Pista;1;;;;;;;;;;5;;;;
27/12/2017;10:54:00;110;sem vítima;614;BR-324/BA;Oeste;Colisão Traseira;1;;1;;;;;;;;2;;;;
27/12/2017;11:12:00;112;sem vítima;540,2;BR-324/BA;Oeste;Colisão Traseira;;;;;;1;;;;1;15;;;;
27/12/2017;17:11:00;204;com vítima;573;BR-324/BA;Leste;Queda de Moto;;;;1;;;;;;;0;;2;;
27/12/2017;17:41:00;212;sem vítima;3;BA-526;Sul;Saida de Pista;1;;;;;;;;;;6;;;;
27/12/2017;19:10:00;230;com vítima;465;BR-116/BA;Sul;Queda de Moto;;;;1;;;;;;;0;1;;;
27/12/2017;19:25:00;235;sem vítima;633,4;BR-116/BA;Sul;Colisão Lateral;1;;1;;;;;;;;6;;;;