data;horario;n_da_ocorrencia;tipo_de_ocorrencia;km;trecho;sentido;tipo_de_acidente;automovel;bicicleta;caminhao;moto;onibus;outros;tracao_animal;transporte_de_cargas_especiais;trator_maquinas;utilitarios;ilesos;levemente_feridos;moderadamente_feridos;gravemente_feridos;mortos
27/12/2017;21:11:00;248;sem vítima;528;BR-324/BA;Leste;Atropelamento de Animal;1;;;;;;;;;;2;;;;
28/12/2017;06:53:00;29;com vítima;736;BR-116/BA;Norte;Tombamento;;;1;;;;;;;;0;1;;;
28/12/2017;07:38:00;50;com vítima;617,1;BR-324/BA;Leste;Queda de Moto;3;;1;1;;;;;;;7;1;;;
28/12/2017;17:51:00;185;com vítima;610,8;BR-324/BA;Leste;Atropelamento de Pedestre;;;1;;;;;;;;2;;;1;
28/12/2017;18:43:00;200;com vítima;803;BR-116/BA;Sul;Saida de Pista;1;;;;;;;;;;0;1;;;
28/12/2017;20:01:00;213;sem vítima;587;BR-324/BA;Leste;Saida de Pista;;;1;;;;;;;;2;;;;
29/12/2017;04:55:00;23;com vítima;428,8;BR-116/BA;Norte;Queda de Moto;;;;1;;;;;;;0;1;;;
29/12/2017;09:15:00;99;com vítima;769,1;BR-116/BA;Sul;Saida de Pista;1;;;;;;;;;;3;2;;;
29/12/2017;13:42:00;149;com vítima;614;BR-116/BA;Norte;Saida de Pista;;;;;;;;;;1;2;2;;;
29/12/2017;13:58:00;156;sem vítima;429;BR-116/BA;Sul;Saida de Pista;;;1;;;;;;;;1;;;;
29/12/2017;16:27:00;190;sem vítima;640;BR-116/BA;Sul;Colisão Traseira;1;;;;;1;;;;;6;;;;
29/12/2017;19:34:00;230;sem vítima;594;BR-324/BA;Leste;Saida de Pista;1;;;;;;;;;;6;;;;
29/12/2017;21:37:00;254;sem vítima;469,8;BR-116/BA;Sul;Atropelamento de Animal;;;;;1;;;;;;44;;;;
29/12/2017;23:29:00;265;sem vítima;7,8;BR-116/BA - Cont VC;Norte;Colisão Transversal;1;;;1;;;;;;;2;;;;
30/12/2017;06:46:00;33;sem vítima;543;BR-116/BA;Norte;Colisão Transversal;1;;;;;;;;;1;10;;;;
30/12/2017;07:50:00;44;sem vítima;575;BR-324/BA;Oeste;Colisão Traseira;1;;;1;;1;;;;;6;;;;
30/12/2017;15:33:00;139;sem vítima;591,9;BR-116/BA;Norte;Colisão Traseira;1;;;;;1;;;;;4;;;;
30/12/2017;19:38:00;190;com vítima;634,5;BR-116/BA;Norte;Colisão Frontal;;1;;1;;;;;;;1;;1;;
30/12/2017;19:46:00;196;com vítima;758;BR-116/BA;Norte;Colisão Transversal;1;;;;;;;;;1;1;;1;;
31/12/2017;03:31:00;22;sem vítima;595;BR-324/BA;Leste;Saida de Pista;1;;;;;;;;;;2;;;;
31/12/2017;06:16:00;35;sem vítima;623,5;BR-324/BA;Leste;Saida de Pista;1;;;;;;;;;;1;;;;
31/12/2017;07:30:00;47;com vítima;837,2;BR-116/BA;Norte;Colisão Traseira;1;;1;;;;;;;;2;3;;;
31/12/2017;07:40:00;49;sem vítima;521;BR-324/BA;Leste;Saida de Pista;1;;;;;;;;;;1;;;;
31/12/2017;10:46:00;93;sem vítima;573;BR-324/BA;Leste;Saida de Pista;1;;;;;;;;;;1;;;;
31/12/2017;11:18:00;100;sem vítima;574,3;BR-324/BA;Oeste;Saida de Pista;1;;;;;;;;;;1;;;;
31/12/2017;17:44:00;173;com vítima;910,3;BR-116/BA;Norte;Colisão Transversal;;;1;;;;1;;;;1;1;;;
31/12/2017;21:30:00;204;com vítima;610;BR-324/BA;Leste;Engavetamento;2;;;1;;;;;;;3;;;2;
31/12/2017;22:15:00;209;sem vítima;556;BR-324/BA;Leste;Atropelamento de Animal;1;;;;;;;;;;1;;;;
01/01/2018;00:37:00;1;com vítima;749;BR-116/BA;Norte;Queda de Moto;;;;1;;;;;;;0;2;;;
01/01/2018;02:01:00;12;sem vítima;543;BR-324/BA;Oeste;Saida de Pista;1;;;;;;;;;;5;;;;
01/01/2018;20:40:00;222;com vítima;807;BR-116/BA;Norte;Colisão Frontal;;;1;;;;;;;1;1;;;;1
02/01/2018;07:57:00;55;sem vítima;522,9;BR-116/BA;Sul;Colisão Lateral;1;;1;;;;;;;;2;;;;
02/01/2018;08:14:00;60;sem vítima;833;BR-116/BA;Sul;Queda de Moto;;;;1;;;;;;;1;;;;
02/01/2018;12:21:00;145;sem vítima;571,8;BR-116/BA;Norte;Tombamento;;;1;;;;;;;;1;;;;
02/01/2018;17:27:00;228;sem vítima;615;BR-324/BA;Leste;Engavetamento;1;;;;;3;;;;;4;;;;
03/01/2018;00:57:00;5;com vítima;451;BR-116/BA;Sul;Sequência;;;3;;;;;;;;4;;1;;1
03/01/2018;05:08:00;18;sem vítima;762,9;BR-116/BA;Sul;Colisão Lateral;2;;;;;1;;;;;8;;;;
03/01/2018;07:59:00;65;com vítima;878,2;BR-116/BA;Sul;Sequência;2;;1;;;;;;;2;10;4;;3;
03/01/2018;09:56:00;106;sem vítima;830,7;BR-116/BA;Norte;Colisão Traseira;1;;;;;;;;;1;6;;;;
03/01/2018;12:12:00;143;com vítima;499;BR-116/BA;Sul;Colisão Frontal;1;;;;;;;;;1;2;;;1;1
03/01/2018;12:14:00;145;sem vítima;585;BR-324/BA;Leste;Colisão Traseira;1;;;;;1;;;;;3;;;;
03/01/2018;12:32:00;150;com vítima;621,8;BR-324/BA;Leste;Queda de Moto;;;;1;;;;;;;0;1;;;
03/01/2018;12:54:00;156;sem vítima;541,4;BR-324/BA;Leste;Saida de Pista;1;;;;;;;;;;1;;;;
03/01/2018;14:55:00;190;sem vítima;619,2;BR-116/BA;Sul;Colisão Traseira;1;;;;;1;;;;;3;;;;
03/01/2018;14:57:00;192;sem vítima;543;BR-324/BA;Leste;Colisão Lateral;1;;;;;1;;;;;5;;;;
03/01/2018;17:42:00;244;com vítima;815;BR-116/BA;Sul;Queda de Moto;;;;1;;;;;;;0;1;;;
04/01/2018;01:37:00;13;sem vítima;603;BR-324/BA;Leste;Saida de Pista;;;1;;;;;;;;1;;;;
04/01/2018;07:10:00;43;sem vítima;584;BR-324/BA;Leste;Colisão Lateral;2;;;;;;;;;;3;;;;
04/01/2018;07:54:00;61;sem vítima;698;BR-116/BA;Sul;Colisão Traseira;1;;1;;;;;;;;2;;;;
04/01/2018;12:32:00;150;sem vítima;557;BR-324/BA;Leste;Saida de Pista;;;;;;;;;;1;1;;;;
04/01/2018;21:55:00;269;sem vítima;461;BR-116/BA;Sul;Saida de Pista;1;;;;;;;;;;3;;;;
05/01/2018;07:38:00;45;com vítima;631;BR-116/BA;Sul;Queda de Moto;;;;1;;;;;;;0;1;;;
05/01/2018;07:56:00;57;sem vítima;860,3;BR-116/BA;Norte;Colisão Traseira;1;;;;;1;;;;;3;;;;
05/01/2018;12:26:00;126;sem vítima;546,5;BR-116/BA;Sul;Saida de Pista;;;1;;;;;;;;1;;;;
05/01/2018;13:12:00;135;com vítima;518;BR-116/BA;Norte;Colisão Traseira;;;1;;;;;;;1;1;2;;;
05/01/2018;14:20:00;151;sem vítima;798,2;BR-116/BA;Sul;Saida de Pista;;;;;;1;;;;1;3;;;;
05/01/2018;16:33:00;190;sem vítima;813,3;BR-116/BA;Sul;Colisão Traseira;;;;1;;1;;;;;3;;;;
05/01/2018;16:36:00;191;sem vítima;729,6;BR-116/BA;Sul;Colisão Traseira;2;;;;;;;;;;9;;;;
05/01/2018;17:27:00;203;sem vítima;520;BR-324/BA;Leste;Colisão Traseira;1;;;;;;;;;1;2;;;;
05/01/2018;18:32:00;218;sem vítima;613,5;BR-324/BA;Leste;Engavetamento;1;;;;;;;;;2;3;;;;
05/01/2018;18:40:00;220;com vítima;523;BR-324/BA;Oeste;Atropelamento de Pedestre;;;;;;1;;;;;1;;;1;
05/01/2018;21:51:00;257;sem vítima;608;BR-324/BA;Leste;Outros;1;;1;;;;;;;;4;;;;
06/01/2018;04:18:00;21;com vítima;904,1;BR-116/BA;Sul;Colisão Frontal;2;;;;;;;;;;0;4;2;1;
06/01/2018;09:18:00;73;com vítima;693,9;BR-116/BA;Sul;Saida de Pista;;;1;;;;;;;;1;2;;;
06/01/2018;10:37:00;92;com vítima;621,5;BR-116/BA;Norte;Engavetamento;1;;3;;;;;;;;2;;;1;1
06/01/2018;14:25:00;120;sem vítima;547;BR-324/BA;Oeste;Saida de Pista;1;;;;;;;;;;1;;;;
07/01/2018;01:54:00;8;sem vítima;803;BR-116/BA;Sul;Queda de Moto;;;;1;;;;;;;1;;;;
07/01/2018;06:37:00;25;sem vítima;611,6;BR-324/BA;Oeste;Choque Contra Objeto Fixo;1;;;;;;;;;;1;;;;
07/01/2018;07:15:00;32;sem vítima;580,1;BR-116/BA;Norte;Colisão Transversal;1;;1;;;;;;;;4;;;;
07/01/2018;10:07:00;66;com vítima;527;BR-324/BA;Leste;Queda de Moto;;;;1;;;;;;;0;2;;;
07/01/2018;12:21:00;83;sem vítima;431,1;BR-116/BA;Norte;Saida de Pista;1;;;;;;;;;;3;;;;
07/01/2018;12:51:00;90;sem vítima;568;BR-324/BA;Oeste;Saida de Pista;;;;;;;;;;1;2;;;;
07/01/2018;14:39:00;101;sem vítima;794,1;BR-116/BA;Norte;Colisão Lateral;2;;;;;;;;;;6;;;;
07/01/2018;15:18:00;110;com vítima;623,5;BR-324/BA;Oeste;Colisão Traseira;1;;;1;;1;;;;;1;2;;;
07/01/2018;16:47:00;129;sem vítima;891;BR-116/BA;Norte;Colisão Traseira;;;2;;;;;;;;2;;;;
07/01/2018;16:53:00;130;sem vítima;781,3;BR-116/BA;Norte;Saida de Pista;1;;;;;;;;;;1;;;;
07/01/2018;18:30:00;155;com vítima;758;BR-116/BA;Sul;Atropelamento de Pedestre;;;;;;;;;;;0;1;;;
07/01/2018;22:46:00;199;com vítima;14;BR-116/BA - Cont VC;Norte;Atropelamento - Ciclista;;1;;;;;;;;;0;;;;1
07/01/2018;23:04:00;205;sem vítima;611;BR-324/BA;Leste;Colisão Traseira;1;;;;;;;;;;1;;;;
08/01/2018;06:19:00;29;sem vítima;613;BR-324/BA;Oeste;Colisão Traseira;;;;;2;;;;;;85;;;;
08/01/2018;07:14:00;41;sem vítima;594;BR-324/BA;Leste;Saida de Pista;;;1;;;;;;;;1;;;;
08/01/2018;07:27:00;50;sem vítima;607;BR-324/BA;Leste;Colisão Traseira;1;;;1;;;;;;;6;;;;
08/01/2018;09:50:00;109;sem vítima;610;BR-324/BA;Leste;Colisão Traseira;2;;;;;;;;;;5;;;;
08/01/2018;10:16:00;118;sem vítima;483;BR-116/BA;Norte;Colisão Traseira;1;;1;;;;;;;;2;;;;
08/01/2018;10:34:00;127;sem vítima;537,15;BR-324/BA;Leste;Colisão Traseira;1;;1;;;;;;;;2;;;;
08/01/2018;12:59:00;164;com vítima;569;BR-116/BA;Sul;Colisão Lateral;;;;;;1;;;;1;4;1;;;
08/01/2018;16:56:00;217;sem vítima;604;BR-324/BA;Leste;Colisão Traseira;2;;;;;;;;;;5;;;;
08/01/2018;17:18:00;227;sem vítima;694,1;BR-116/BA;Sul;Engavetamento;2;;1;;;1;;;;;6;;;;
08/01/2018;19:33:00;265;sem vítima;615;BR-324/BA;Oeste;Queda de Moto;;;;1;;;;;;;2;;;;
08/01/2018;22:54:00;288;com vítima;519;BR-324/BA;Leste;Queda de Moto;;;;1;;;;;;;0;;1;;
09/01/2018;00:32:00;4;sem vítima;676;BR-116/BA;Norte;Saida de Pista;1;;;;;;;;;;5;;;;
09/01/2018;03:43:00;10;com vítima;613,2;BR-324/BA;Leste;Atropelamento de Pedestre;;;;;;;;;;1;8;;;;1
09/01/2018;09:07:00;69;sem vítima;841,6;BR-116/BA;Sul;Saida de Pista;;;1;;;;;;;;1;;;;
09/01/2018;09:43:00;84;sem vítima;615,2;BR-324/BA;Oeste;Colisão Traseira;1;;;;;1;;;;;2;;;;
09/01/2018;11:47:00;116;sem vítima;617,2;BR-324/BA;Leste;Saida de Pista;1;;;;;;;;;;3;;;;
09/01/2018;13:58:00;144;sem vítima;3,8;BR-116/BA - ContSuFS;Sul;Colisão Traseira;;;;;;1;;;;1;2;;;;
09/01/2018;14:19:00;146;sem vítima;598,05;BR-116/BA;Norte;Saida de Pista;1;;;;;;;;;;1;;;;
09/01/2018;15:37:00;163;sem vítima;670,05;BR-116/BA;Sul;Colisão Lateral;1;;;;;1;;;;;5;;;;
09/01/2018;15:44:00;166;sem vítima;554,5;BR-324/BA;Leste;Saida de Pista;1;;;;;;;;;;2;;;;
09/01/2018;16:01:00;170;sem vítima;581,9;BR-116/BA;Sul;Queda de Moto;;;;1;;;;;;;1;;;;
09/01/2018;16:58:00;176;sem vítima;489,6;BR-116/BA;Norte;Colisão Lateral;1;;;;;1;;;;;4;;;;
09/01/2018;19:10:00;205;sem vítima;584,5;BR-116/BA;Norte;Colisão Lateral;;;1;;;;;;;;1;;;;
10/01/2018;02:49:00;18;sem vítima;530;BR-324/BA;Leste;Saida de Pista;;;1;;;;;;;;1;;;;
10/01/2018;05:43:00;29;sem vítima;622;BR-324/BA;Oeste;Saida de Pista;;;;;;;;;;1;1;;;;
10/01/2018;07:06:00;40;sem vítima;614;BR-324/BA;Oeste;Engavetamento;1;;;;;2;;;;;3;;;;
10/01/2018;07:45:00;59;sem vítima;681,15;BR-116/BA;Norte;Saida de Pista;1;;;;;;;;;;4;;;;
10/01/2018;08:23:00;76;sem vítima;641,5;BR-116/BA;Norte;Colisão Lateral;1;;;;;;;;;1;5;;;;
10/01/2018;09:31:00;105;sem vítima;618,4;BR-324/BA;Leste;Colisão Traseira;1;;;1;;;;;;;2;;;;
10/01/2018;09:47:00;115;sem vítima;441,4;BR-116/BA;Sul;Saida de Pista;1;;;;;;;;;;1;;;;
10/01/2018;09:53:00;117;sem vítima;534;BR-324/BA;Oeste;Colisão Traseira;2;;;;;;;;;;3;;;;
10/01/2018;10:00:00;119;com vítima;757,4;BR-116/BA;Sul;Engavetamento;;;3;;;;;;;;3;;1;;
10/01/2018;11:28:00;150;sem vítima;546;BR-324/BA;Oeste;Saida de Pista;;;;;;;;;;1;4;;;;
10/01/2018;17:56:00;226;com vítima;845,2;BR-116/BA;Norte;Colisão Frontal;;;2;;;;;;;;0;1;;1;
10/01/2018;19:08:00;242;sem vítima;663;BR-116/BA;Sul;Saida de Pista;;;1;;;;;;;;2;;;;
10/01/2018;19:16:00;244;com vítima;811,2;BR-116/BA;Norte;Atropelamento de Pedestre;1;;;;;;;;;;2;;1;;
10/01/2018;21:35:00;255;sem vítima;590;BR-324/BA;Leste;Colisão Traseira;1;;;;;1;;;;;2;;;;
11/01/2018;00:20:00;2;sem vítima;785,1;BR-116/BA;Sul;Saida de Pista;1;;;;;;;;;;3;;;;
11/01/2018;08:02:00;42;sem vítima;849,1;BR-116/BA;Norte;Saida de Pista;1;;;;;;;;;;2;;;;
11/01/2018;08:29:00;47;sem vítima;588,6;BR-324/BA;Leste;Colisão Traseira;2;;;;;;;;;;6;;;;
11/01/2018;08:31:00;49;com vítima;519,1;BR-324/BA;Leste;Queda de Moto;;;;1;;;;;;;0;1;;;
11/01/2018;12:13:00;103;sem vítima;446,3;BR-116/BA;Sul;Colisão Lateral;2;;;;;;;;;;2;;;;
11/01/2018;12:14:00;104;com vítima;427,12;BR-116/BA;Norte;Queda de Moto;;;;1;;;;;;;0;1;;;
11/01/2018;18:37:00;193;sem vítima;550,8;BR-324/BA;Leste;Colisão Traseira;1;;;;;;;;;1;7;;;;
11/01/2018;21:11:00;224;sem vítima;543;BR-324/BA;Oeste;Saida de Pista;1;;;;;;;;;;1;;;;
11/01/2018;23:43:00;240;sem vítima;574,3;BR-324/BA;Oeste;Atropelamento de Animal;1;;;;;;;;;;1;;;;
12/01/2018;08:07:00;103;sem vítima;621,7;BR-324/BA;Leste;Engavetamento;4;;;;;;;;;;7;;;;
12/01/2018;10:15:00;170;sem vítima;622;BR-324/BA;Leste;Colisão Traseira;2;;;;;;;;;;4;;;;
12/01/2018;15:36:00;237;sem vítima;482;BR-116/BA;Norte;Colisão Lateral;1;;1;;;;;;;;6;;;;
12/01/2018;18:10:00;268;sem vítima;485;BR-116/BA;Sul;Saida de Pista;;;1;;;;;;;;1;;;;
12/01/2018;18:59:00;275;sem vítima;615;BR-324/BA;Leste;Colisão Traseira;1;;;;;1;;;;;4;;;;
12/01/2018;22:56:00;303;sem vítima;882,2;BR-116/BA;Norte;Saida de Pista;1;;;;;;;;;;2;;;;
13/01/2018;00:42:00;3;sem vítima;526;BR-324/BA;Leste;Saida de Pista;1;;;;;;;;;;1;;;;
13/01/2018;02:01:00;8;com vítima;543;BR-324/BA;Oeste;Saida de Pista;1;;;;;;;;;;3;2;;;
13/01/2018;02:13:00;9;sem vítima;548,6;BR-324/BA;Leste;Saida de Pista;;;1;;;;;;;;1;;;;
13/01/2018;06:14:00;24;sem vítima;530,8;BR-116/BA;Sul;Atropelamento de Animal;1;;;;;;;;;;2;;;;
13/01/2018;17:08:00;167;sem vítima;594,7;BR-116/BA;Sul;Colisão Lateral;1;;;;;;;;;;3;;;;
13/01/2018;20:12:00;195;sem vítima;572,8;BR-324/BA;Leste;Saida de Pista;1;;;;;;;;;;1;;;;
13/01/2018;21:49:00;212;com vítima;614;BR-324/BA;Oeste;Queda de Moto;;;;1;;;;;;;0;;1;;
14/01/2018;05:16:00;13;sem vítima;530;BR-324/BA;Oeste;Saida de Pista;1;;;;;;;;;;3;;;;
14/01/2018;06:49:00;23;sem vítima;657,9;BR-116/BA;Sul;Saida de Pista;1;;;;;;;;;;1;;;;
14/01/2018;07:29:00;31;sem vítima;602;BR-324/BA;Oeste;Saida de Pista;1;;;;;;;;;;2;;;;
14/01/2018;14:44:00;98;sem vítima;746,5;BR-116/BA;Norte;Colisão Traseira;1;;1;;;;;;;;2;;;;
14/01/2018;15:02:00;105;sem vítima;561;BR-324/BA;Oeste;Colisão Traseira;1;;;;;1;;;;;9;;;;
14/01/2018;15:20:00;107;sem vítima;565;BR-324/BA;Leste;Queda de Moto;;;;1;;;;;;;2;;;;
14/01/2018;17:02:00;121;sem vítima;27,2;BR-116/BA - Cont VC;Sul;Saida de Pista;1;;;;;;;;;;4;;;;
14/01/2018;18:54:00;149;sem vítima;754,2;BR-116/BA;Sul;Atropelamento de Animal;;;;;;;;;;1;4;;;;
14/01/2018;19:22:00;156;com vítima;747;BR-116/BA;Sul;Engavetamento;1;;3;;;;;;;;4;2;;;
14/01/2018;19:53:00;161;com vítima;13,8;BR-116/BA - Cont VC;Sul;Colisão Transversal;2;;;;;;;;;;0;3;;;
15/01/2018;00:56:00;6;com vítima;525,6;BR-324/BA;Leste;Saida de Pista;1;;;;;;;;;;2;1;;;
15/01/2018;09:05:00;87;sem vítima;628;BR-116/BA;Sul;Colisão Traseira;;;2;;;;;;;;3;;;;
15/01/2018;13:29:00;163;sem vítima;550,15;BR-324/BA;Oeste;Choque Contra Objeto Fixo;1;;;;;;;;;;1;;;;
15/01/2018;21:58:00;281;sem vítima;557,9;BR-324/BA;Oeste;Saida de Pista;1;;;;;;;;;;1;;;;
15/01/2018;22:25:00;283;com vítima;530,4;BR-324/BA;Oeste;Queda de Moto;;;;1;;;;;;;0;;1;;
15/01/2018;23:04:00;288;sem vítima;610;BR-324/BA;Oeste;Saida de Pista;1;;;;;;;;;;1;;;;
16/01/2018;10:13:00;109;com vítima;526;BR-324/BA;Oeste;Queda de Moto;1;;;1;;;;;;;3;1;;;
16/01/2018;10:58:00;124;sem vítima;619;BR-324/BA;Oeste;Choque Contra Objeto Fixo;;;;1;;;;;;;1;;;;
16/01/2018;11:51:00;143;sem vítima;522;BR-324/BA;Oeste;Engavetamento;2;;;;;1;;;;;5;;;;
16/01/2018;13:01:00;161;sem vítima;546,2;BR-324/BA;Leste;Capotamento;1;;;;;;;;;;4;;;;
17/01/2018;08:56:00;73;sem vítima;527,5;BR-116/BA;Norte;Colisão Frontal;;;2;;;;;;;;2;;;;
17/01/2018;11:48:00;131;sem vítima;755,1;BR-116/BA;Norte;Colisão Traseira;2;;;;;;;;;;7;;;;
17/01/2018;13:02:00;144;sem vítima;443,9;BR-116/BA;Sul;Choque Contra Objeto Fixo;1;;;;;;;;;;2;;;;
17/01/2018;13:38:00;156;com vítima;533;BR-324/BA;Oeste;Colisão Traseira;;;;1;;1;;;;;1;1;;;
17/01/2018;15:40:00;176;sem vítima;608,4;BR-324/BA;Leste;Colisão Traseira;1;;1;;;;;;;;4;;;;
17/01/2018;17:17:00;197;sem vítima;615,4;BR-324/BA;Leste;Engavetamento;5;;;;;;;;;;5;;;;
17/01/2018;19:18:00;227;com vítima;791,5;BR-116/BA;Norte;Colisão Frontal;2;;;;;;;;;1;4;3;1;;2
18/01/2018;05:37:00;35;sem vítima;531;BR-324/BA;Oeste;Saida de Pista;1;;;;;;;;;;5;;;;
18/01/2018;10:18:00;130;sem vítima;595;BR-324/BA;Oeste;Queda de Moto;;;;1;;;;;;;2;;;;
18/01/2018;13:39:00;183;com vítima;580,5;BR-116/BA;Sul;Saida de Pista;1;;;;;;;;;;0;2;2;;
18/01/2018;13:43:00;190;sem vítima;719,5;BR-116/BA;Norte;Colisão Lateral;1;;1;;;;;;;;2;;;;
18/01/2018;14:51:00;200;sem vítima;551;BR-324/BA;Oeste;Colisão Traseira;;;1;;1;;;;;;47;;;;
18/01/2018;16:49:00;230;sem vítima;582,8;BR-324/BA;Oeste;Colisão Traseira;;;2;;;;;;;;2;;;;
18/01/2018;17:25:00;238;sem vítima;426,9;BR-116/BA;Norte;Tombamento;;;1;;;;;;;;1;;;;
18/01/2018;18:09:00;252;com vítima;471;BR-116/BA;Sul;Saida de Pista;1;;;;;;;;;;0;;1;;
19/01/2018;02:19:00;10;sem vítima;493,8;BR-116/BA;Sul;Saida de Pista;;;1;;;;;;;;2;;;;
19/01/2018;02:48:00;11;sem vítima;547,6;BR-116/BA;Sul;Saida de Pista;;;1;;;;;;;;3;;;;
19/01/2018;09:39:00;90;sem vítima;898,1;BR-116/BA;Norte;Colisão Lateral;1;;;;1;;;;;1;31;;;;
19/01/2018;14:03:00;151;sem vítima;849,7;BR-116/BA;Sul;Colisão Lateral;1;;1;;;;;;;;3;;;;
19/01/2018;14:47:00;162;sem vítima;559;BR-324/BA;Oeste;Saida de Pista;1;;;;;;;;;;1;;;;
19/01/2018;17:58:00;203;sem vítima;460;BR-116/BA;Sul;Engavetamento;3;;;;;;;;;;3;;;;
19/01/2018;18:30:00;209;sem vítima;612;BR-324/BA;Leste;Colisão Traseira;1;;;;;;;;;1;2;;;;
19/01/2018;20:59:00;245;sem vítima;428;BR-116/BA;Norte;Colisão Traseira;;;2;;;;;;;;2;;;;
20/01/2018;00:05:00;1;com vítima;817,5;BR-116/BA;Norte;Colisão Frontal;;;;;1;;;;;1;42;;1;;
20/01/2018;08:36:00;66;sem vítima;618;BR-324/BA;Oeste;Colisão Lateral;2;;;;;;;;;;5;;;;
20/01/2018;11:23:00;107;sem vítima;565;BR-324/BA;Oeste;Colisão Traseira;1;;;;;;;;;;1;;;;
20/01/2018;12:42:00;128;com vítima;500;BR-116/BA;Norte;Colisão Transversal;1;;;;;;;;;1;1;;1;1;
20/01/2018;13:10:00;138;sem vítima;537,8;BR-324/BA;Oeste;Saida de Pista;1;;;;;;;;;;1;;;;
20/01/2018;13:12:00;139;sem vítima;578,5;BR-116/BA;Sul;Colisão Lateral;;;3;;;1;;;;;4;;;;
20/01/2018;20:04:00;220;sem vítima;553,8;BR-324/BA;Oeste;Saida de Pista;1;;;;;;;;;;1;;;;
20/01/2018;20:15:00;222;sem vítima;619;BR-324/BA;Oeste;Saida de Pista;;;;;;;;;;1;2;;;;
20/01/2018;22:01:00;238;com vítima;522;BR-324/BA;Leste;Atropelamento de Animal;1;;;;;;;;;;1;1;;;
21/01/2018;06:39:00;20;sem vítima;449,5;BR-116/BA;Sul;Colisão Traseira;2;;;;;;;;;;7;;;;
21/01/2018;06:46:00;22;sem vítima;845;BR-116/BA;Norte;Colisão Traseira;;;;;1;1;;;;;7;;;;
21/01/2018;09:29:00;57;sem vítima;608;BR-324/BA;Oeste;Colisão Traseira;1;;;;1;;;;;;27;;;;
21/01/2018;09:56:00;60;sem vítima;574;BR-116/BA;Norte;Colisão Traseira;;;2;;;;;;;;2;;;;
21/01/2018;19:37:00;181;com vítima;894;BR-116/BA;Norte;Colisão Frontal;1;;1;;;;;;;;2;;1;;
21/01/2018;20:02:00;194;com vítima;674,5;BR-116/BA;Sul;Colisão Transversal;;;;2;;;;;;;1;2;1;;
21/01/2018;20:30:00;199;sem vítima;569;BR-116/BA;Sul;Colisão Lateral;1;;1;;;;;;;;2;;;;
21/01/2018;22:03:00;204;com vítima;883,7;BR-116/BA;Norte;Colisão Traseira;;;2;;;;;;;;1;;1;;
21/01/2018;22:32:00;205;com vítima;484;BR-116/BA;Sul;Colisão Traseira;1;;;;;;;;;;1;5;1;;
21/01/2018;22:33:00;206;com vítima;552,8;BR-324/BA;Oeste;Colisão Lateral;;;;1;;;;;;;0;1;1;;
22/01/2018;01:18:00;9;com vítima;620;BR-324/BA;Leste;Colisão Traseira;;;;1;;;;;;;0;1;;;
22/01/2018;06:01:00;28;com vítima;536;BR-116/BA;Sul;Engavetamento;;;1;;;;;;;2;7;2;;;
22/01/2018;09:54:00;107;com vítima;708,4;BR-116/BA;Norte;Colisão Traseira;;;;1;;1;;;;;1;;;;1
22/01/2018;10:06:00;112;sem vítima;576,8;BR-324/BA;Leste;Queda de Moto;;;;1;;;;;;;1;;;;
22/01/2018;15:48:00;195;com vítima;672,7;BR-116/BA;Sul;Queda de Moto;;;;1;;;;;;;0;;1;;
22/01/2018;17:15:00;220;com vítima;600;BR-324/BA;Leste;Saida de Pista;1;;;;;;;;;;0;1;2;;
22/01/2018;18:00:00;230;sem vítima;615;BR-324/BA;Oeste;Colisão Traseira;1;;1;;;;;;;;3;;;;
22/01/2018;18:05:00;231;com vítima;3;BR-116/BA - ContSuFS;Norte;Colisão Lateral;1;;;1;;1;;;;;3;1;2;;
22/01/2018;22:32:00;271;com vítima;894,2;BR-116/BA;Norte;Saida de Pista;;;;;;;;;;1;3;4;;;
23/01/2018;05:03:00;6;com vítima;742;BR-116/BA;Norte;Choque Contra Objeto Fixo;1;;;;;;;;;;0;2;;;
23/01/2018;07:44:00;36;com vítima;549;BR-324/BA;Oeste;Colisão Lateral;1;;1;;;;;;;;2;;1;;
23/01/2018;08:16:00;49;sem vítima;539,9;BR-324/BA;Oeste;Colisão Traseira;1;;;;;1;;;;;2;;;;
23/01/2018;14:12:00;131;com vítima;813,4;BR-116/BA;Norte;Colisão Traseira;;;;1;;1;;;;;1;2;;;
23/01/2018;14:48:00;142;com vítima;7;BR-116/BA - ContSuFS;Norte;Tombamento;;;1;;;;;;;;0;1;;;
23/01/2018;20:25:00;229;com vítima;14;BR-116/BA - Cont VC;Sul;Colisão Traseira;;;;1;;;;;;;1;;1;;
24/01/2018;05:23:00;18;com vítima;924,7;BR-116/BA;Norte;Colisão Frontal;1;;;;;;;;;1;1;2;5;1;
24/01/2018;06:59:00;43;sem vítima;621,2;BR-324/BA;Leste;Colisão Traseira;1;;;;;1;;;;;4;;;;
24/01/2018;07:04:00;45;com vítima;519;BR-116/BA;Norte;Colisão Transversal;1;;;1;;;;;;;2;2;;;
24/01/2018;08:43:00;86;com vítima;615;BR-324/BA;Leste;Colisão Lateral;;;1;1;;;;;;;1;1;;;
24/01/2018;09:34:00;101;sem vítima;616;BR-324/BA;Oeste;Colisão Traseira;2;;;;;;;;;;4;;;;
24/01/2018;10:35:00;128;sem vítima;695,9;BR-116/BA;Norte;Choque Contra Objeto Fixo;1;;;;;;;;;;1;;;;
24/01/2018;19:17:00;253;sem vítima;23,8;BR-116/BA - Cont VC;Sul;Saida de Pista;;;1;;;;;;;;1;;;;