data;horario;n_da_ocorrencia;tipo_de_ocorrencia;km;trecho;sentido;tipo_de_acidente;automovel;bicicleta;caminhao;moto;onibus;outros;tracao_animal;transporte_de_cargas_especiais;trator_maquinas;utilitarios;ilesos;levemente_feridos;moderadamente_feridos;gravemente_feridos;mortos
25/01/2018;06:49:00;23;sem vítima;16,1;BR-116/BA - Cont VC;Sul;Colisão Lateral;1;;1;;;;;;;;6;;;;
25/01/2018;06:51:00;24;sem vítima;521,2;BR-324/BA;Leste;Colisão Lateral;1;;1;;;;;;;;2;;;;
25/01/2018;11:09:00;110;sem vítima;581,2;BR-116/BA;Norte;Colisão Transversal;1;;1;;;;;;;;4;;;;
25/01/2018;12:15:00;121;sem vítima;522;BR-324/BA;Oeste;Colisão Lateral;1;;1;;;;;;;;2;;;;
25/01/2018;13:14:00;131;com vítima;564,5;BR-324/BA;Leste;Queda de Moto;;;;1;;;;;;;0;;1;;
25/01/2018;16:03:00;172;com vítima;640;BR-116/BA;Sul;Colisão Lateral;;;1;;1;;;;;;9;;2;;
25/01/2018;19:12:00;223;com vítima;623;BR-324/BA;Oeste;Colisão Traseira;1;;;1;;;;;;;2;;1;;
25/01/2018;19:18:00;224;sem vítima;669,2;BR-116/BA;Sul;Atropelamento de Animal;;;1;;;;;;;;1;;;;
26/01/2018;07:23:00;42;sem vítima;624;BR-324/BA;Leste;Colisão Traseira;1;;;1;;;;;;;3;;;;
26/01/2018;09:06:00;73;sem vítima;608;BR-324/BA;Leste;Saida de Pista;;;1;;;;;;;;1;;;;
26/01/2018;13:06:00;145;sem vítima;694;BR-116/BA;Sul;Colisão Traseira;1;;;;;1;;;;;2;;;;
26/01/2018;14:50:00;170;sem vítima;561,5;BR-324/BA;Oeste;Colisão Lateral;1;;1;;;;;;;;7;;;;
26/01/2018;16:59:00;204;com vítima;555,3;BR-116/BA;Norte;Queda de Moto;;;;1;;;;;;;0;2;;;
26/01/2018;17:15:00;207;sem vítima;534,15;BR-324/BA;Oeste;Colisão Lateral;;;2;;;;;;;;2;;;;
27/01/2018;00:07:00;1;sem vítima;660;BR-116/BA;Sul;Saida de Pista;1;;;;;;;;;;2;;;;
27/01/2018;06:22:00;23;com vítima;595,4;BR-116/BA;Norte;Sequência;;;1;;;;;;;;0;;1;;
27/01/2018;09:40:00;59;com vítima;576;BR-324/BA;Oeste;Saida de Pista;2;;;;;;;;;;1;1;;;
27/01/2018;13:02:00;94;sem vítima;558,1;BR-324/BA;Oeste;Saida de Pista;;;1;;;;;;;;1;;;;
27/01/2018;16:38:00;134;sem vítima;693;BR-116/BA;Sul;Colisão Frontal;;;2;;;;;;;;2;;;;
27/01/2018;17:16:00;142;sem vítima;913,8;BR-116/BA;Sul;Colisão Traseira;;;1;;;1;;;;;2;;;;
27/01/2018;18:00:00;155;sem vítima;616;BR-324/BA;Oeste;Colisão Lateral;1;;;1;;;;;;;2;;;;
28/01/2018;09:24:00;77;sem vítima;567,8;BR-324/BA;Oeste;Saida de Pista;1;;;;;;;;;;2;;;;
28/01/2018;11:16:00;102;sem vítima;642,95;BR-116/BA;Sul;Saida de Pista;;;1;;;;;;;;1;;;;
28/01/2018;16:15:00;148;sem vítima;0;BR-116/BA - ContSuFS;Norte;Saida de Pista;1;;;;;;;;;;1;;;;
28/01/2018;18:29:00;180;com vítima;813;BR-116/BA;Sul;Colisão Frontal;2;;1;;;;;;;;5;;;;1
29/01/2018;05:51:00;25;com vítima;9;BA-526;Sul;Colisão Frontal;;;;1;;1;;;;;1;;;;1
29/01/2018;06:42:00;32;sem vítima;594,6;BR-324/BA;Leste;Colisão Traseira;2;;;;;;;;;;7;;;;
29/01/2018;11:01:00;128;sem vítima;452;BR-116/BA;Sul;Colisão Lateral;;;1;;;;;;;1;7;;;;
29/01/2018;14:00:00;167;com vítima;818,5;BR-116/BA;Sul;Colisão Transversal;1;;;1;;;;;;;2;1;;;
29/01/2018;16:25:00;203;sem vítima;535,2;BR-324/BA;Oeste;Colisão Traseira;1;;1;;;;;;;;5;;;;
30/01/2018;05:53:00;22;sem vítima;551,2;BR-324/BA;Leste;Colisão Lateral;1;;1;;;;;;;;4;;;;
30/01/2018;11:46:00;131;sem vítima;599;BR-324/BA;Leste;Colisão Lateral;2;;;;;;;;;;6;;;;
30/01/2018;12:25:00;136;sem vítima;537;BR-324/BA;Oeste;Colisão Traseira;2;;;;;;;;;;2;;;;
30/01/2018;15:03:00;172;sem vítima;783,4;BR-116/BA;Sul;Engavetamento;2;;1;;;;;;;;11;;;;
31/01/2018;04:05:00;13;sem vítima;427,2;BR-116/BA;Norte;Saida de Pista;;;;;;;;;;1;1;;;;
31/01/2018;05:16:00;19;sem vítima;474,5;BR-116/BA;Sul;Saida de Pista;1;;;;;;;;;;1;;;;
31/01/2018;07:31:00;42;sem vítima;621,65;BR-324/BA;Oeste;Colisão Traseira;2;;;;;1;;;;;3;;;;
31/01/2018;16:04:00;184;sem vítima;624;BR-324/BA;Oeste;Queda de Moto;;;;1;;;;;;;1;;;;
31/01/2018;16:26:00;191;com vítima;609;BR-324/BA;Oeste;Colisão Traseira;1;;;;1;;;;;;2;;1;;
31/01/2018;18:51:00;225;sem vítima;570,9;BR-324/BA;Leste;Saida de Pista;;;;;;;;;;1;1;;;;
01/02/2018;03:34:00;13;sem vítima;522,95;BR-324/BA;Leste;Tombamento;;;1;;;;;;;;1;;;;
01/02/2018;06:24:00;31;com vítima;7;BR-116/BA - ContSuFS;Norte;Queda de Moto;;;;1;;;;;;;0;1;;;
01/02/2018;13:43:00;163;sem vítima;537,1;BR-324/BA;Leste;Colisão Traseira;;;2;;;;;;;;2;;;;
01/02/2018;14:53:00;189;sem vítima;791;BR-116/BA;Sul;Colisão Traseira;;;2;;;;;;;;2;;;;
01/02/2018;15:50:00;207;sem vítima;617,7;BR-324/BA;Oeste;Colisão Lateral;2;;1;;;;;;;;5;;;;
01/02/2018;16:06:00;210;sem vítima;619,4;BR-324/BA;Oeste;Queda de Moto;1;;;1;;;;;;;3;;;;
01/02/2018;18:51:00;236;com vítima;443;BR-116/BA;Sul;Engavetamento;1;;3;;;;;;;;3;1;;;
01/02/2018;23:51:00;282;com vítima;559;BR-116/BA;Sul;Colisão Frontal;;;1;;1;;;;;;37;;2;4;
02/02/2018;04:58:00;10;sem vítima;518,5;BR-324/BA;Leste;Queda de Moto;;;;1;;;;;;;1;;;;
02/02/2018;11:21:00;136;sem vítima;7;BR-116/BA - ContSuFS;Sul;Engavetamento;2;;;;;;;;;1;3;;;;
02/02/2018;11:43:00;140;sem vítima;623;BR-324/BA;Oeste;Engavetamento;1;;1;;;2;;;;;7;;;;
02/02/2018;15:43:00;194;sem vítima;614;BR-324/BA;Oeste;Queda de Moto;;;;1;;;;;;;1;;;;
02/02/2018;17:08:00;221;sem vítima;805;BR-116/BA;Sul;Colisão Transversal;2;;;;;;;;;;3;;;;
02/02/2018;18:15:00;233;sem vítima;554,2;BR-324/BA;Leste;Saida de Pista;1;;;;;;;;;;4;;;;
03/02/2018;00:55:00;8;com vítima;460;BR-116/BA;Norte;Atropelamento de Animal;;;;1;;;;;;;0;;1;;
03/02/2018;01:19:00;12;com vítima;621;BR-324/BA;Leste;Queda de Moto;;;;1;;;;;;;1;1;;;
03/02/2018;05:01:00;32;sem vítima;641,9;BR-116/BA;Sul;Colisão Traseira;;;2;;;;;;;;2;;;;
03/02/2018;11:30:00;93;sem vítima;519;BR-324/BA;Oeste;Colisão Traseira;2;;;;;;;;;;3;;;;
03/02/2018;14:02:00;121;sem vítima;600;BR-324/BA;Oeste;Saida de Pista;1;;;;;;;;;;1;;;;
03/02/2018;15:06:00;126;sem vítima;644,2;BR-116/BA;Norte;Saida de Pista;;;1;;;;;;;;1;;;;
03/02/2018;19:00:00;159;com vítima;621,3;BR-324/BA;Oeste;Colisão Traseira;1;;;;;;;;;1;2;1;1;;
03/02/2018;19:53:00;166;com vítima;661,2;BR-116/BA;Sul;Atropelamento de Pedestre;;;;;;1;;;;;1;;;;1
04/02/2018;03:27:00;12;com vítima;903,5;BR-116/BA;Sul;Colisão Frontal;;;1;1;;;;;;;1;;;;1
04/02/2018;09:17:00;60;com vítima;613;BR-324/BA;Oeste;Queda de Moto;;;;1;;;;;;;0;2;;;
04/02/2018;09:48:00;65;sem vítima;610;BR-324/BA;Oeste;Colisão Traseira;2;;1;;;;;;;;5;;;;
04/02/2018;12:47:00;103;sem vítima;448,4;BR-116/BA;Norte;Colisão Traseira;2;;;;;;;;;;5;;;;
04/02/2018;16:28:00;139;sem vítima;837,5;BR-116/BA;Norte;Colisão Traseira;;;1;;;1;;;;;2;;;;
04/02/2018;17:06:00;151;sem vítima;478,6;BR-116/BA;Sul;Saida de Pista;1;;;;;;;;;;1;;;;
05/02/2018;06:46:00;33;sem vítima;615,8;BR-324/BA;Leste;Engavetamento;1;;;;;3;;;;;4;;;;
05/02/2018;07:46:00;54;sem vítima;610,9;BR-324/BA;Leste;Colisão Traseira;2;;;;;;;;;;4;;;;
05/02/2018;08:09:00;65;sem vítima;670,2;BR-116/BA;Norte;Colisão Transversal;;;2;;;;;;;;2;;;;
05/02/2018;08:49:00;82;sem vítima;617;BR-324/BA;Oeste;Engavetamento;3;;;;;;;;;;4;;;;
05/02/2018;10:12:00;120;sem vítima;607,7;BR-324/BA;Leste;Saida de Pista;1;;;;;1;;;;;2;;;;
05/02/2018;11:00:00;139;sem vítima;610;BR-324/BA;Leste;Colisão Lateral;1;;;;;1;;;;;5;;;;
05/02/2018;13:38:00;186;com vítima;523;BR-324/BA;Oeste;Saida de Pista;1;;;;;1;;;;;1;2;;;
05/02/2018;15:42:00;215;sem vítima;25,5;BR-116/BA - Cont VC;Norte;Engavetamento;2;;1;;;;;;;;3;;;;
05/02/2018;16:06:00;225;sem vítima;543,2;BR-324/BA;Leste;Saida de Pista;1;;;;;;;;;;1;;;;
05/02/2018;18:15:00;254;com vítima;643,6;BR-116/BA;Norte;Colisão Traseira;4;1;2;;;;;;;;6;3;1;;1
06/02/2018;05:47:00;17;sem vítima;812,9;BR-116/BA;Sul;Colisão Lateral;1;;;;;1;;;;;2;;;;
06/02/2018;06:28:00;24;sem vítima;618;BR-324/BA;Leste;Colisão Traseira;;;;1;;;;;;1;2;;;;
06/02/2018;09:57:00;97;com vítima;742,2;BR-116/BA;Norte;Saida de Pista;;;1;;;;;;;;0;;1;;1
06/02/2018;11:03:00;112;sem vítima;523;BR-324/BA;Oeste;Choque Contra Objeto Fixo;1;;;;;;;;;;1;;;;
06/02/2018;12:18:00;133;sem vítima;547;BR-324/BA;Oeste;Colisão Traseira;2;;1;;;;;;;;6;;;;
06/02/2018;13:07:00;145;com vítima;545;BR-324/BA;Leste;Colisão Transversal;;;;;;;;;;2;3;1;;;
06/02/2018;15:46:00;178;sem vítima;560;BR-324/BA;Leste;Colisão Lateral;;;;;;;;;;2;2;;;;
06/02/2018;21:48:00;254;sem vítima;554,8;BR-116/BA;Norte;Saida de Pista;;;1;;;;;;;;1;;;;
06/02/2018;22:58:00;263;sem vítima;549;BR-116/BA;Sul;Saida de Pista;;;1;;;;;;;;1;;;;
07/02/2018;02:04:00;12;com vítima;519;BR-324/BA;Oeste;Queda de Moto;;;;1;;;;;;;0;1;;;
07/02/2018;07:59:00;74;sem vítima;623,3;BR-324/BA;Leste;Queda de Moto;;;;1;;;;;;;1;;;;
07/02/2018;08:27:00;85;sem vítima;624,7;BR-324/BA;Oeste;Colisão Traseira;2;;;;;1;;;;;3;;;;
07/02/2018;11:16:00;158;sem vítima;482;BR-116/BA;Sul;Colisão Traseira;;;1;;;;;;;1;3;;;;
07/02/2018;11:35:00;161;sem vítima;549,1;BR-324/BA;Leste;Sequência;;;;;;;;;;1;1;;;;
07/02/2018;11:37:00;164;sem vítima;865;BR-116/BA;Sul;Saida de Pista;;;1;;;;;;;;1;;;;
07/02/2018;13:49:00;187;com vítima;17;BR-116/BA - Cont VC;Norte;Queda de Moto;;;;1;;1;;;;;1;1;;;
07/02/2018;15:28:00;216;sem vítima;598;BR-324/BA;Oeste;Saida de Pista;;;;;1;;;;;1;23;;;;
07/02/2018;15:55:00;221;sem vítima;435,3;BR-116/BA;Sul;Colisão Lateral;1;;;;;;;;;;2;;;;
07/02/2018;16:44:00;236;sem vítima;614;BR-324/BA;Oeste;Colisão Traseira;1;;1;;;;;;;;2;;;;
07/02/2018;17:08:00;243;sem vítima;620;BR-324/BA;Oeste;Colisão Traseira;;;;;;1;;;;1;3;;;;
08/02/2018;06:29:00;35;sem vítima;443,8;BR-116/BA;Sul;Colisão Traseira;;;2;;;;;;;;2;;;;
08/02/2018;17:34:00;216;sem vítima;606,8;BR-324/BA;Leste;Colisão Traseira;2;;;;;;;;;;2;;;;
08/02/2018;18:59:00;236;sem vítima;919,25;BR-116/BA;Norte;Saida de Pista;;;1;;;;;;;;2;;;;
08/02/2018;19:14:00;240;com vítima;1,8;BR-116/BA - ContSuFS;Sul;Colisão Lateral;1;;;1;;;;;;;1;;;1;
08/02/2018;22:55:00;269;com vítima;619;BR-324/BA;Oeste;Atropelamento de Pedestre;;;;;;1;;;;;1;1;;;
08/02/2018;23:45:00;275;sem vítima;432,4;BR-116/BA;Norte;Colisão Lateral;1;;1;;;;;;;;5;;;;
09/02/2018;03:19:00;21;com vítima;753;BR-116/BA;Norte;Atropelamento de Pedestre;;;;;;1;;;;;1;;1;;
09/02/2018;10:13:00;110;com vítima;911;BR-116/BA;Sul;Colisão Lateral;1;;;1;;;;;;;3;1;;;
09/02/2018;12:37:00;152;sem vítima;545;BR-324/BA;Oeste;Colisão Traseira;;;;;;1;;;;1;2;;;;
09/02/2018;14:49:00;177;sem vítima;599;BR-324/BA;Oeste;Colisão Traseira;1;;;;;;;;;1;7;;;;
09/02/2018;15:13:00;186;sem vítima;579;BR-324/BA;Leste;Engavetamento;3;;;;;;;;;;3;;;;
09/02/2018;22:00:00;269;sem vítima;641,5;BR-116/BA;Norte;Colisão Traseira;;;2;;;;;;;;2;;;;
10/02/2018;08:37:00;51;sem vítima;623,2;BR-324/BA;Leste;Queda de Moto;;;;1;;;;;;;1;;;;
10/02/2018;09:56:00;70;sem vítima;554,2;BR-324/BA;Oeste;Saida de Pista;1;;;;;;;;;;2;;;;
10/02/2018;11:07:00;88;com vítima;24,8;BR-116/BA - Cont VC;Norte;Queda de Moto;;;;1;;;;;;;1;1;;;
10/02/2018;13:49:00;123;com vítima;778,9;BR-116/BA;Sul;Colisão Traseira;1;;;1;;;;;;;5;1;;;
10/02/2018;17:30:00;182;sem vítima;870;BR-116/BA;Sul;Queda de Moto;;;;1;;;;;;;1;;;;
10/02/2018;20:30:00;207;com vítima;8;BR-116/BA - Cont VC;Norte;Colisão Frontal;1;;1;1;;;;;;;3;2;;;
10/02/2018;21:17:00;219;com vítima;623;BR-324/BA;Oeste;Colisão Traseira;3;;;;;;;;;;5;1;;;
11/02/2018;05:59:00;28;com vítima;2;BR-116/BA - ContSuFS;Norte;Colisão Traseira;1;;;1;;;;;;;1;1;;;
11/02/2018;06:36:00;38;com vítima;437,2;BR-116/BA;Sul;Queda de Moto;;;;1;;;;;;;0;1;1;;
11/02/2018;06:36:00;39;sem vítima;547,2;BR-116/BA;Norte;Colisão Traseira;1;;2;;;;;;;;4;;;;
11/02/2018;08:21:00;56;sem vítima;549;BR-324/BA;Leste;Choque Contra Objeto Fixo;1;;;;;;;;;;1;;;;
11/02/2018;08:51:00;68;sem vítima;460;BR-116/BA;Norte;Colisão Lateral;;;2;;;;;;;;2;;;;
11/02/2018;08:52:00;69;sem vítima;549;BR-324/BA;Leste;Colisão Traseira;;;;1;;1;;;;;2;;;;
12/02/2018;01:38:00;9;sem vítima;567;BR-324/BA;Leste;Saida de Pista;1;;;;;;;;;;1;;;;
12/02/2018;12:33:00;80;com vítima;593;BR-324/BA;Oeste;Queda de Moto;;;;1;;;;;;;1;1;;;
12/02/2018;21:27:00;155;sem vítima;574;BR-324/BA;Leste;Saida de Pista;1;;;;;;;;;;1;;;;
12/02/2018;23:18:00;167;sem vítima;612;BR-324/BA;Oeste;Saida de Pista;1;;;;;;;;;;3;;;;
13/02/2018;00:45:00;4;com vítima;543;BR-324/BA;Oeste;Saida de Pista;1;;;;;;;;;;4;1;;;
13/02/2018;01:03:00;5;com vítima;527,1;BR-324/BA;Oeste;Colisão Traseira;;;;1;;1;;;;;1;1;1;;
13/02/2018;11:44:00;83;sem vítima;643,1;BR-116/BA;Sul;Saida de Pista;;;;;;;;;;1;2;;;;
13/02/2018;12:17:00;91;sem vítima;616;BR-324/BA;Leste;Saida de Pista;1;;;;;;;;;;1;;;;
13/02/2018;12:22:00;92;sem vítima;624,1;BR-324/BA;Leste;Colisão Traseira;2;;;;;;;;;;3;;;;
13/02/2018;14:38:00;115;com vítima;548,3;BR-324/BA;Oeste;Saida de Pista;;;;;;;;;;1;1;;1;;
13/02/2018;17:02:00;153;sem vítima;550,1;BR-324/BA;Oeste;Colisão Traseira;2;;;;;;;;;;6;;;;
13/02/2018;21:58:00;204;sem vítima;428;BR-116/BA;Norte;Saida de Pista;1;;;;;;;;;;1;;;;
13/02/2018;22:04:00;205;sem vítima;608;BR-116/BA;Sul;Saida de Pista;1;;;;;;;;;;1;;;;
14/02/2018;04:35:00;9;sem vítima;528,5;BR-116/BA;Sul;Saida de Pista;;;1;;;;;;;;1;;;;
14/02/2018;06:51:00;31;com vítima;526,3;BR-324/BA;Leste;Queda de Moto;;;;1;;;;;;;0;;2;;
14/02/2018;08:11:00;48;sem vítima;537,05;BR-324/BA;Leste;Colisão Transversal;1;;1;;;;;;;;2;;;;
14/02/2018;08:35:00;52;sem vítima;537;BR-324/BA;Oeste;Colisão Traseira;1;;;;;;;;;1;4;;;;
14/02/2018;13:49:00;123;sem vítima;618,05;BR-324/BA;Oeste;Colisão Traseira;2;;;;;;;;;;2;;;;
14/02/2018;14:37:00;133;sem vítima;527,8;BR-324/BA;Leste;Saida de Pista;1;;;;;1;;;;;2;;;;
14/02/2018;16:22:00;161;sem vítima;531;BR-324/BA;Oeste;Colisão Traseira;2;;;;;;;;;;2;;;;
14/02/2018;17:56:00;185;com vítima;549,8;BR-324/BA;Leste;Saida de Pista;1;;;;;;;;;;0;;1;;
14/02/2018;20:27:00;219;com vítima;779,5;BR-116/BA;Sul;Atropelamento - Ciclista;;1;;;;1;;;;;1;;;1;
15/02/2018;05:56:00;20;com vítima;616,05;BR-324/BA;Oeste;Colisão Traseira;;;1;1;;;;;;;1;;;1;
15/02/2018;07:36:00;50;com vítima;518;BR-116/BA;Norte;Atropelamento de Pedestre;1;;;;;;;;;;4;;;;1
15/02/2018;08:59:00;73;com vítima;821;BR-116/BA;Sul;Colisão Traseira;1;;;1;;;;;;;1;2;;;
15/02/2018;09:26:00;78;sem vítima;570,5;BR-324/BA;Oeste;Colisão Traseira;;;;;;1;;;;1;2;;;;
15/02/2018;15:58:00;175;sem vítima;598;BR-324/BA;Leste;Saida de Pista;1;;;;;;;;;;1;;;;
15/02/2018;16:57:00;190;sem vítima;560,9;BR-324/BA;Leste;Colisão Traseira;1;;;;1;;;;;;10;;;;
15/02/2018;21:22:00;233;com vítima;784;BR-116/BA;Sul;Colisão Frontal;;;1;1;;;;;;;1;;;;1
15/02/2018;21:42:00;235;sem vítima;543;BR-324/BA;Oeste;Saida de Pista;1;;;;;;;;;;3;;;;
16/02/2018;05:09:00;8;sem vítima;608;BR-324/BA;Leste;Saida de Pista;1;;;;;;;;;;1;;;;
16/02/2018;05:49:00;11;com vítima;719,4;BR-116/BA;Norte;Colisão Frontal;;;1;;1;;;;;;15;10;4;3;1
16/02/2018;05:53:00;12;sem vítima;617,3;BR-324/BA;Oeste;Colisão Traseira;1;;;;1;;;;;;3;;;;
16/02/2018;10:02:00;88;com vítima;908,8;BR-116/BA;Sul;Atropelamento de Pedestre;;;;1;;;;;;;1;;1;;
17/02/2018;16:10:00;138;sem vítima;441,5;BR-116/BA;Sul;Saida de Pista;;;1;;;;;;;;1;;;;
17/02/2018;20:55:00;181;sem vítima;618,8;BR-324/BA;Leste;Sequência;3;;;;;;;;;;6;;;;
17/02/2018;21:53:00;185;sem vítima;451;BR-116/BA;Norte;Saida de Pista;1;;1;;1;;;;;;3;;;;
17/02/2018;22:26:00;190;sem vítima;623,1;BR-324/BA;Oeste;;;;;1;;;;;;;1;;;;
18/02/2018;10:57:00;59;sem vítima;862,7;BR-116/BA;Sul;Colisão Traseira;1;;;;;;;;;;4;;;;
18/02/2018;17:05:00;121;com vítima;604;BR-324/BA;Leste;Outros;;;1;;;;;;;1;1;;;1;
18/02/2018;18:52:00;148;sem vítima;433;BR-116/BA;Norte;Saida de Pista;1;;;;;;;;;;1;;;;
19/02/2018;02:34:00;13;sem vítima;544;BR-116/BA;Sul;Saida de Pista;;;;;1;;;;;;41;;;;
19/02/2018;05:43:00;26;com vítima;529,1;BR-324/BA;Oeste;Queda de Moto;;;;1;;;;;;;1;1;;;
19/02/2018;07:42:00;52;com vítima;827,3;BR-116/BA;Sul;Colisão Transversal;;;;1;;;;;;1;2;;1;;
19/02/2018;13:34:00;142;com vítima;829,4;BR-116/BA;Norte;Colisão Transversal;1;;;1;;;;;;;1;1;;;
19/02/2018;15:08:00;160;com vítima;531;BR-324/BA;Oeste;Colisão Traseira;1;;;1;;;;;;;3;1;;;
19/02/2018;16:51:00;177;com vítima;623;BR-324/BA;Oeste;Colisão Traseira;;;;1;;;;;;1;3;2;;;
19/02/2018;16:59:00;180;sem vítima;436,5;BR-116/BA;Norte;Colisão Traseira;1;;1;;;;;;;;8;;;;
19/02/2018;17:10:00;183;sem vítima;615;BR-324/BA;Leste;Colisão Traseira;1;;;;;;;;;1;4;;;;
19/02/2018;17:40:00;185;com vítima;619,2;BR-116/BA;Sul;Saida de Pista;;;;;;;;;;1;0;;;1;
19/02/2018;18:08:00;189;sem vítima;613,5;BR-324/BA;Leste;Colisão Traseira;1;;1;;;;;;;;2;;;;
19/02/2018;18:57:00;198;com vítima;562;BR-324/BA;Oeste;Colisão Transversal;1;;;1;;;;;;;1;1;1;;
19/02/2018;18:58:00;199;com vítima;600;BR-324/BA;Leste;Colisão Traseira;1;;;;;1;;;;;2;1;;;
19/02/2018;20:44:00;215;sem vítima;543;BR-324/BA;Oeste;Saida de Pista;1;;;;;;;;;;3;;;;
20/02/2018;00:36:00;2;sem vítima;563;BR-324/BA;Oeste;Atropelamento de Animal;1;;;;;;;;;;2;;;;
20/02/2018;05:45:00;9;com vítima;492,15;BR-116/BA;Sul;Queda de Moto;;;;1;;;;;;;0;;1;;
20/02/2018;07:10:00;18;com vítima;543;BR-324/BA;Leste;Atropelamento - Ciclista;1;1;;;;;;;;;1;1;;;
20/02/2018;07:54:00;30;com vítima;620;BR-324/BA;Leste;Colisão Traseira;1;;;;;;;;;1;7;1;;;
20/02/2018;08:45:00;53;sem vítima;622;BR-324/BA;Leste;Engavetamento;3;;;;;;;;;;5;;;;
20/02/2018;09:45:00;70;sem vítima;518;BR-324/BA;Oeste;Engavetamento;1;;2;;;;;;;;5;;;;
20/02/2018;09:57:00;77;sem vítima;612,5;BR-324/BA;Leste;Engavetamento;3;;;;;1;;;;;4;;;;
20/02/2018;10:26:00;85;com vítima;525;BR-324/BA;Oeste;Choque Contra Objeto Fixo;1;;;;;;;;;1;2;1;;;
20/02/2018;18:50:00;192;com vítima;741,7;BR-116/BA;Norte;Atropelamento de Pedestre;;;1;;;;;;;;1;;;;1
20/02/2018;18:59:00;197;com vítima;581,6;BR-324/BA;Leste;Atropelamento de Pedestre;;;1;;;;;;;;1;;;;1
21/02/2018;04:54:00;26;sem vítima;595;BR-324/BA;Leste;Colisão Traseira;;;;;;1;;;;1;3;;;;
21/02/2018;13:14:00;139;com vítima;580;BR-324/BA;Oeste;Colisão Traseira;1;;;1;;;;;;;1;;1;;
21/02/2018;18:34:00;205;sem vítima;612,2;BR-324/BA;Leste;Engavetamento;3;;;;;;;;;;3;;;;
21/02/2018;19:27:00;214;com vítima;461,8;BR-116/BA;Sul;Colisão Transversal;1;;;1;;;;;;;3;;2;;
22/02/2018;08:27:00;56;sem vítima;527;BR-324/BA;Oeste;Colisão Traseira;2;;;;;;;;;;5;;;;
22/02/2018;08:49:00;65;sem vítima;528,05;BR-324/BA;Oeste;Engavetamento;1;;2;;;;;;;;4;;;;
22/02/2018;21:24:00;232;com vítima;819,15;BR-116/BA;Norte;Queda de Moto;;;;1;;;;;;;0;;1;;
23/02/2018;06:39:00;31;sem vítima;610,15;BR-324/BA;Oeste;Engavetamento;3;;;;;1;;;;;4;;;;
23/02/2018;07:13:00;48;sem vítima;846;BR-116/BA;Norte;Colisão Traseira;;;;;2;;;;;;23;;;;
23/02/2018;08:14:00;74;sem vítima;621,1;BR-324/BA;Leste;Engavetamento;4;;1;;;;;;;;11;;;;
23/02/2018;08:23:00;75;sem vítima;621;BR-324/BA;Leste;Queda de Moto;;;;1;;;;;;;1;;;;
23/02/2018;08:40:00;83;sem vítima;4,9;BA-526;Norte;Tombamento;;;1;;;;;;;;2;;;;
23/02/2018;12:55:00;154;com vítima;803,5;BR-116/BA;Sul;Colisão Traseira;1;;1;;;;;;;;4;1;;;
23/02/2018;13:49:00;169;sem vítima;606,2;BR-324/BA;Oeste;Colisão Lateral;1;;;;1;;;;;;11;;;;
23/02/2018;13:49:00;173;sem vítima;606,2;BR-324/BA;Oeste;Colisão Traseira;2;;;;;;;;;;10;;;;
23/02/2018;17:48:00;223;com vítima;458,9;BR-116/BA;Sul;Sequência;;;1;1;;;;;;1;2;;;;1
24/02/2018;01:35:00;7;com vítima;789,2;BR-116/BA;Sul;Queda de Moto;;;;1;;;;;;;0;;1;;
24/02/2018;04:58:00;15;sem vítima;751;BR-116/BA;Sul;Colisão Lateral;;;2;;;;;;;;3;;;;
24/02/2018;05:29:00;21;sem vítima;580,2;BR-324/BA;Leste;Saida de Pista;;;1;;;;;;;;1;;;;
24/02/2018;09:52:00;87;com vítima;621,3;BR-324/BA;Leste;Engavetamento;2;;1;1;;;;;;;3;1;1;;
24/02/2018;10:53:00;99;com vítima;613,2;BR-324/BA;Oeste;Colisão Lateral;1;;;;1;;;;;;26;1;;;
24/02/2018;11:08:00;105;sem vítima;527,7;BR-116/BA;Norte;Colisão Traseira;1;;1;;;;;;;;4;;;;
24/02/2018;18:06:00;178;sem vítima;595;BR-324/BA;Leste;Colisão Traseira;2;;;;;;;;;;2;;;;
24/02/2018;22:15:00;227;sem vítima;543;BR-324/BA;Oeste;Saida de Pista;1;;;;;;;;;;2;;;;
24/02/2018;22:21:00;229;com vítima;626,2;BR-324/BA;Leste;Capotamento;1;;;;;;;;;;0;;1;;1
25/02/2018;02:17:00;13;sem vítima;818,8;BR-116/BA;Norte;Tombamento;;;1;;;;;;;;1;;;;
25/02/2018;02:18:00;14;sem vítima;645;BR-116/BA;Norte;Colisão Lateral;;;;;;2;;;;1;14;;;;
25/02/2018;06:39:00;39;sem vítima;835;BR-116/BA;Norte;Colisão Traseira;1;;;;;1;;;;;5;;;;
25/02/2018;10:05:00;84;sem vítima;560;BR-324/BA;Oeste;Queda de Moto;;;;1;;;;;;;1;;;;
25/02/2018;13:36:00;126;sem vítima;870;BR-116/BA;Norte;Colisão Traseira;1;;;;;1;;;;;2;;;;
25/02/2018;13:58:00;127;com vítima;623;BR-324/BA;Leste;Capotamento;1;;;;;;;;;;2;1;;;
25/02/2018;15:05:00;145;com vítima;5;BA-526;Norte;Choque Contra Objeto Fixo;1;;;;;;;;;;5;;;;1
25/02/2018;16:05:00;161;com vítima;619,2;BR-324/BA;Leste;Choque Contra Objeto Fixo;1;;;;;;;;;;3;1;;;
25/02/2018;16:25:00;165;sem vítima;584,2;BR-324/BA;Oeste;Colisão Traseira;1;;;;;1;;;;;2;;;;
25/02/2018;16:42:00;167;com vítima;451,2;BR-116/BA;Sul;Queda de Moto;;;;1;;;;;;;0;1;;;