data;horario;n_da_ocorrencia;tipo_de_ocorrencia;km;trecho;sentido;tipo_de_acidente;automovel;bicicleta;caminhao;moto;onibus;outros;tracao_animal;transporte_de_cargas_especiais;trator_maquinas;utilitarios;ilesos;levemente_feridos;moderadamente_feridos;gravemente_feridos;mortos
26/02/2018;03:59:00;12;sem vítima;588,3;BR-116/BA;Norte;Saida de Pista;;;1;;;;;;;;1;;;;
26/02/2018;05:53:00;20;sem vítima;606,1;BR-324/BA;Oeste;Saida de Pista;1;;;;;;;;;;1;;;;
26/02/2018;10:22:00;95;sem vítima;615,7;BR-324/BA;Leste;Engavetamento;3;;;;;;;;;;4;;;;
26/02/2018;11:16:00;105;com vítima;552,5;BR-324/BA;Oeste;Saida de Pista;1;;;;;;;;;;1;2;1;;
27/02/2018;04:58:00;16;sem vítima;577;BR-324/BA;Leste;Saida de Pista;;;;;;;;;;1;3;;;;
27/02/2018;07:00:00;30;sem vítima;622,5;BR-324/BA;Leste;Engavetamento;2;;1;;;;;;;;7;;;;
27/02/2018;07:51:00;39;sem vítima;532,2;BR-324/BA;Oeste;Colisão Traseira;2;;;;;;;;;;5;;;;
27/02/2018;09:07:00;56;sem vítima;518;BR-324/BA;Oeste;Colisão Lateral;1;;1;;;;;;;;3;;;;
27/02/2018;09:12:00;59;sem vítima;664,5;BR-116/BA;Norte;Colisão Traseira;1;;;;;1;;;;;4;;;;
27/02/2018;17:15:00;164;sem vítima;642,3;BR-116/BA;Norte;Colisão Traseira;;;2;;;;;;;;2;;;;
27/02/2018;21:50:00;194;sem vítima;556,3;BR-324/BA;Leste;Saida de Pista;;;;;;;;;;1;1;;;;
27/02/2018;21:51:00;195;sem vítima;543;BR-324/BA;Oeste;Saida de Pista;1;;;;;;;;;;1;;;;
27/02/2018;22:03:00;197;sem vítima;496;BR-116/BA;Norte;Colisão Traseira;;;1;;;1;;;;;2;;;;
28/02/2018;08:29:00;59;sem vítima;616,05;BR-324/BA;Leste;Engavetamento;3;;;;;;;;;1;6;;;;
28/02/2018;10:52:00;112;com vítima;561,8;BR-324/BA;Oeste;Saida de Pista;;;1;;;;;;;;2;1;;;
28/02/2018;15:54:00;191;com vítima;640;BR-116/BA;Sul;Colisão Lateral;;;3;;;;;;;;2;;1;;
28/02/2018;21:59:00;267;sem vítima;521;BR-116/BA;Sul;Atropelamento de Animal;;;;;;;;;;1;6;;;;
01/03/2018;05:27:00;18;com vítima;603;BR-324/BA;Leste;Colisão Traseira;;;1;;;;;;;1;1;;1;;1
01/03/2018;12:45:00;125;sem vítima;462,5;BR-116/BA;Sul;Saida de Pista;;;1;;;;;;;;2;;;;
01/03/2018;18:59:00;210;sem vítima;613,5;BR-324/BA;Leste;Colisão Traseira;1;;;;;1;;;;;3;;;;
01/03/2018;19:46:00;249;sem vítima;555;BR-116/BA;Norte;Tombamento;;;1;;;;;;;;1;;;;
02/03/2018;01:17:00;6;sem vítima;575,2;BR-324/BA;Leste;Atropelamento de Animal;;;1;;;;;;;;1;;;;
02/03/2018;03:08:00;10;sem vítima;606,5;BR-324/BA;Leste;Saida de Pista;1;;;;;;;;;;1;;;;
02/03/2018;04:07:00;11;sem vítima;656;BR-116/BA;Sul;Saida de Pista;;;1;;;;;;;;1;;;;
02/03/2018;09:07:00;62;com vítima;621,8;BR-324/BA;Leste;Engavetamento;2;;;1;;1;;;;;3;;1;;
02/03/2018;15:18:00;162;sem vítima;615;BR-324/BA;Oeste;Choque Contra Objeto Fixo;1;;;;;;;;;;1;;;;
02/03/2018;19:06:00;217;sem vítima;690;BR-116/BA;Norte;Colisão Traseira;;;1;;;;;;;1;8;;;;
02/03/2018;21:31:00;251;com vítima;922,6;BR-116/BA;Norte;Saida de Pista;1;;;;;;;;;;0;1;1;;
03/03/2018;04:34:00;18;sem vítima;566,4;BR-324/BA;Oeste;Colisão Traseira;2;;;;;;;;;;2;;;;
03/03/2018;07:34:00;56;com vítima;563,8;BR-324/BA;Oeste;Colisão Lateral;1;;1;;;;;;;;6;1;;;
03/03/2018;14:11:00;121;com vítima;554,2;BR-324/BA;Oeste;Saida de Pista;;;;;;;;;;1;0;;1;;
03/03/2018;15:02:00;131;com vítima;821,6;BR-116/BA;Norte;Colisão Transversal;1;;;1;;;;;;;1;1;;;
03/03/2018;15:21:00;134;com vítima;908;BR-116/BA;Sul;Engavetamento;;;2;;1;;;;;;39;;1;;
03/03/2018;18:05:00;174;com vítima;537,1;BR-324/BA;Oeste;Colisão Lateral;2;;;;;;;;;;4;1;;;
03/03/2018;18:25:00;178;sem vítima;680,2;BR-116/BA;Norte;Saida de Pista;1;;;;;;;;;;4;;;;
04/03/2018;02:04:00;7;sem vítima;588;BR-324/BA;Leste;Saida de Pista;1;;;;;;;;;;2;;;;
04/03/2018;05:44:00;17;sem vítima;570;BR-324/BA;Leste;Saida de Pista;1;;;;;;;;;;1;;;;
04/03/2018;17:56:00;147;sem vítima;570,05;BR-324/BA;Oeste;Saida de Pista;1;;;;;;;;;;4;;;;
04/03/2018;18:45:00;158;com vítima;561,7;BR-324/BA;Oeste;Queda de Moto;;;;1;;;;;;;1;;1;;
04/03/2018;20:31:00;181;sem vítima;16;BR-116/BA - Cont VC;Norte;Colisão Traseira;2;;;;;;;;;;4;;;;
04/03/2018;22:38:00;200;sem vítima;903;BR-116/BA;Norte;Saida de Pista;;;1;;;;;;;;1;;;;
05/03/2018;09:52:00;91;sem vítima;582,9;BR-324/BA;Leste;Saida de Pista;1;;;;;;;;;;1;;;;
06/03/2018;03:32:00;14;com vítima;544,1;BR-324/BA;Oeste;Atropelamento de Pedestre;;;;;;1;;;;;1;;;1;
06/03/2018;05:43:00;16;sem vítima;520,2;BR-324/BA;Leste;Saida de Pista;1;;;;;;;;;;2;;;;
06/03/2018;09:59:00;89;sem vítima;571,2;BR-116/BA;Sul;Colisão Lateral;;;2;;;1;;;;;3;;;;
06/03/2018;10:13:00;93;com vítima;561,8;BR-324/BA;Leste;Queda de Moto;;;;1;;1;;;;;1;1;;;
06/03/2018;14:30:00;167;sem vítima;631,6;BR-116/BA;Norte;Colisão Transversal;1;;1;;;;;;;;3;;;;
06/03/2018;14:34:00;171;sem vítima;610;BR-324/BA;Oeste;Colisão Lateral;;;1;;;1;;;;;2;;;;
07/03/2018;02:26:00;17;com vítima;495;BR-116/BA;Norte;Saida de Pista;;;;;;1;;;;1;11;;;;1
07/03/2018;05:03:00;27;com vítima;536,8;BR-324/BA;Leste;Tombamento;;;1;;;;;;;;0;1;;;
07/03/2018;19:41:00;244;sem vítima;625;BR-324/BA;Leste;Colisão Traseira;2;;;;;;;;;;2;;;;
07/03/2018;22:24:00;262;sem vítima;549;BR-116/BA;Norte;Saida de Pista;1;;;;;;;;;;3;;;;
08/03/2018;06:03:00;23;sem vítima;577,6;BR-116/BA;Norte;Saida de Pista;;;;;;1;;;;1;5;;;;
08/03/2018;11:28:00;121;sem vítima;845,5;BR-116/BA;Norte;Colisão Frontal;;;2;;;;;;;;2;;;;
08/03/2018;12:20:00;132;sem vítima;466,1;BR-116/BA;Sul;Colisão Traseira;1;;1;;;;;;;;2;;;;
08/03/2018;15:38:00;180;sem vítima;552,8;BR-324/BA;Oeste;Saida de Pista;1;;;;;;;;;;1;;;;
08/03/2018;17:08:00;202;sem vítima;521;BR-324/BA;Leste;Colisão Lateral;;;1;;;;;;;1;3;;;;
08/03/2018;19:04:00;231;sem vítima;452,2;BR-116/BA;Norte;Saida de Pista;1;;;;;;;;;;1;;;;
08/03/2018;22:13:00;257;sem vítima;903,3;BR-116/BA;Sul;Queda de Moto;;;;1;;;;;;;1;;;;
09/03/2018;09:19:00;85;sem vítima;614,1;BR-324/BA;Oeste;Colisão Traseira;2;;;;;;;;;;4;;;;
09/03/2018;11:08:00;124;sem vítima;438,6;BR-116/BA;Norte;Saida de Pista;1;;;;;;;;;;4;;;;
09/03/2018;11:15:00;126;sem vítima;547,5;BR-324/BA;Leste;Saida de Pista;1;;;;;;;;;;1;;;;
09/03/2018;15:38:00;197;sem vítima;570;BR-324/BA;Oeste;Sequência;1;;1;;;1;;;;1;4;;;;
09/03/2018;16:33:00;216;com vítima;612,6;BR-324/BA;Leste;Queda de Moto;;;;1;;;;;;;0;1;1;;
09/03/2018;19:00:00;254;com vítima;2,8;BR-116/BA - ContSuFS;Norte;Colisão Traseira;1;;;1;;;;;;;1;1;;;
09/03/2018;21:05:00;285;com vítima;3,2;BR-116/BA - Cont VC;Sul;Queda de Moto;;;;1;;;;;;;0;1;;;
09/03/2018;22:43:00;297;com vítima;12;BR-116/BA - Cont VC;Sul;Atropelamento - Ciclista;;1;;1;;;;;;;0;2;;;
10/03/2018;05:30:00;12;sem vítima;441,5;BR-116/BA;Sul;Tombamento;;;1;;;;;;;;1;;;;
10/03/2018;05:53:00;14;com vítima;534,05;BR-324/BA;Leste;Colisão Traseira;;;1;1;;;;;;;1;;1;;
10/03/2018;08:48:00;41;sem vítima;526,5;BR-324/BA;Oeste;Engavetamento;3;;;;;;;;;;8;;;;
10/03/2018;12:47:00;75;sem vítima;533,05;BR-324/BA;Oeste;Colisão Traseira;1;;1;;;;;;;;2;;;;
10/03/2018;17:02:00;123;sem vítima;614,7;BR-324/BA;Leste;Colisão Traseira;2;;;;;;;;;;5;;;;
10/03/2018;22:49:00;177;com vítima;760;BR-116/BA;Norte;Queda de Moto;;;;1;;;;;;;0;;;1;
11/03/2018;06:28:00;19;sem vítima;612;BR-324/BA;Oeste;Capotamento;1;;;;;;;;;;1;;;;
11/03/2018;07:08:00;26;sem vítima;482;BR-116/BA;Sul;Colisão Traseira;1;;1;;;;;;;;6;;;;
11/03/2018;07:17:00;32;com vítima;620;BR-324/BA;Leste;Queda de Moto;;;;1;;;;;;;0;2;;;
11/03/2018;10:15:00;64;sem vítima;557,5;BR-324/BA;Leste;Saida de Pista;1;;;;;;;;;;5;;;;
11/03/2018;16:45:00;128;com vítima;601;BR-324/BA;Leste;Saida de Pista;1;;;;;;;;;;2;1;;;1
12/03/2018;07:10:00;40;com vítima;563,3;BR-116/BA;Norte;Colisão Transversal;1;;1;;;;;;;;0;3;;;
12/03/2018;07:22:00;48;com vítima;607,1;BR-324/BA;Leste;Colisão Traseira;;;;1;;;;;;1;5;1;;;
12/03/2018;07:51:00;60;sem vítima;605;BR-324/BA;Leste;Colisão Lateral;1;;;1;;;;;;;6;;;;
12/03/2018;09:11:00;90;sem vítima;607,15;BR-324/BA;Leste;Colisão Traseira;1;;;;;;;;;1;2;;;;
12/03/2018;10:40:00;113;sem vítima;523,5;BR-324/BA;Oeste;Saida de Pista;;;1;;;;;;;;1;;;;
12/03/2018;17:08:00;213;sem vítima;551;BR-324/BA;Leste;Saida de Pista;;;1;;;;;;;;1;;;;
13/03/2018;04:30:00;7;com vítima;569;BR-324/BA;Leste;Saida de Pista;1;;;;;;;;;;1;3;;;
13/03/2018;04:54:00;9;com vítima;785;BR-116/BA;Sul;Colisão Lateral;1;;;;;1;;;;;3;2;;;
13/03/2018;05:50:00;14;sem vítima;598;BR-324/BA;Leste;Saida de Pista;1;;;;;;;;;;1;;;;
13/03/2018;06:05:00;17;sem vítima;605;BR-324/BA;Oeste;Saida de Pista;1;;;;;;;;;;1;;;;
13/03/2018;07:08:00;29;sem vítima;533;BR-324/BA;Oeste;Colisão Traseira;2;;;;;;;;;;7;;;;
13/03/2018;10:01:00;100;sem vítima;616;BR-324/BA;Oeste;Colisão Traseira;2;;;;;;;;;;2;;;;
13/03/2018;10:14:00;103;com vítima;589,9;BR-116/BA;Sul;Colisão Frontal;1;;1;;;;;;;;1;1;;1;
13/03/2018;18:33:00;202;sem vítima;615,1;BR-324/BA;Leste;Engavetamento;3;;;;;1;;;;;7;;;;
14/03/2018;08:02:00;40;com vítima;720;BR-116/BA;Sul;Queda de Moto;;;;1;;;;;;;0;;1;;
14/03/2018;13:25:00;129;sem vítima;756,4;BR-116/BA;Norte;Colisão Transversal;;;;1;;;;;;1;2;;;;
15/03/2018;06:06:00;24;sem vítima;616;BR-324/BA;Oeste;Colisão Lateral;1;;;;;;;;;1;4;;;;
15/03/2018;07:33:00;48;sem vítima;543;BR-324/BA;Oeste;Colisão Lateral;1;;1;;;;;;;;2;;;;
15/03/2018;08:45:00;72;sem vítima;443,8;BR-116/BA;Norte;Colisão Lateral;1;;1;;;;;;;;4;;;;
15/03/2018;14:43:00;147;sem vítima;615,1;BR-324/BA;Oeste;Colisão Traseira;1;;1;;;;;;;;2;;;;
15/03/2018;17:05:00;186;sem vítima;541;BR-324/BA;Leste;Saida de Pista;1;;;;;;;;;;1;;;;
15/03/2018;17:28:00;197;sem vítima;621,7;BR-324/BA;Leste;Colisão Lateral;1;;;1;;;;;;;2;;;;
15/03/2018;18:44:00;212;sem vítima;618;BR-324/BA;Leste;Colisão Traseira;2;;;;;;;;;;4;;;;
15/03/2018;23:21:00;246;sem vítima;623;BR-324/BA;Leste;Colisão Traseira;2;;;;;;;;;;2;;;;
16/03/2018;05:28:00;7;com vítima;913,8;BR-116/BA;Norte;Colisão Frontal;;;2;;;;;;;;0;;1;;1
16/03/2018;06:39:00;15;sem vítima;551;BR-324/BA;Leste;Colisão Traseira;;;2;;;;;;;;2;;;;
16/03/2018;07:00:00;21;sem vítima;620;BR-324/BA;Leste;Colisão Traseira;1;;;1;;;;;;;4;;;;
16/03/2018;07:54:00;43;sem vítima;614,2;BR-324/BA;Leste;Colisão Traseira;2;;;;;;;;;;2;;;;
16/03/2018;05:28:00;65;com vítima;913,857;BR-116/BA;Norte;Colisão Traseira;;;2;;;;;;;;1;;;;1
16/03/2018;11:53:00;121;sem vítima;764,9;BR-116/BA;Sul;Colisão Traseira;;;2;;;;;;;;2;;;;
16/03/2018;12:33:00;136;com vítima;15,2;BR-116/BA - Cont VC;Norte;Colisão Lateral;1;;;1;;;;;;;2;;1;;
16/03/2018;14:43:00;171;sem vítima;843,1;BR-116/BA;Norte;Engavetamento;;;1;;;;;;;2;8;;;;
16/03/2018;14:56:00;174;com vítima;843,8;BR-116/BA;Norte;Colisão Traseira;1;;1;;;;;;;;0;1;1;;
16/03/2018;17:21:00;213;sem vítima;614;BR-324/BA;Oeste;Colisão Traseira;2;;;;;;;;;;3;;;;
16/03/2018;17:31:00;219;sem vítima;572;BR-324/BA;Leste;Saida de Pista;1;;;;;;;;;;6;;;;
16/03/2018;18:47:00;251;com vítima;764,1;BR-116/BA;Sul;Colisão Transversal;2;;;;;;;;;;4;1;;;
16/03/2018;21:21:00;278;sem vítima;535;BR-324/BA;Oeste;Colisão Lateral;;;1;;;;;;;1;2;;;;
17/03/2018;05:55:00;24;sem vítima;803,5;BR-116/BA;Sul;Colisão Frontal;1;;1;;;;;;;;2;;;;
17/03/2018;08:04:00;50;com vítima;827,1;BR-116/BA;Sul;Colisão Transversal;2;;;;;;;;;;2;3;;;
17/03/2018;15:44:00;152;sem vítima;548,2;BR-324/BA;Leste;Saida de Pista;1;;;;;;;;;;3;;;;
17/03/2018;17:07:00;175;sem vítima;620,15;BR-324/BA;Oeste;Saida de Pista;1;;;;;;;;;;1;;;;
17/03/2018;17:18:00;180;com vítima;553,6;BR-324/BA;Leste;Queda de Moto;;;;1;;;;;;;1;1;;;
18/03/2018;04:12:00;7;sem vítima;711,4;BR-116/BA;Sul;Saida de Pista;1;;;;;;;;;;1;;;;
18/03/2018;05:08:00;12;sem vítima;750,4;BR-116/BA;Norte;Colisão Traseira;;;2;;;;;;;;2;;;;
18/03/2018;09:41:00;69;sem vítima;534,3;BR-324/BA;Oeste;Colisão Traseira;;;2;;;;;;;;2;;;;
18/03/2018;11:22:00;89;sem vítima;549,9;BR-116/BA;Sul;Colisão Frontal;;;2;;;;;;;;4;;;;
18/03/2018;13:41:00;110;com vítima;457,9;BR-116/BA;Sul;Atropelamento - Ciclista;;2;1;;;;;;;;3;;;;1
18/03/2018;16:51:00;140;sem vítima;543,5;BR-324/BA;Oeste;Colisão Lateral;;;;1;;1;;;;;2;;;;
18/03/2018;19:10:00;162;com vítima;611;BR-324/BA;Leste;Queda de Moto;;;;1;;;;;;;0;;2;;
18/03/2018;20:21:00;177;com vítima;462;BR-116/BA;Sul;Queda de Moto;;;;1;;;;;;;0;;1;;
18/03/2018;23:06:00;197;com vítima;632,3;BR-116/BA;Norte;Atropelamento de Pedestre;;;;;;1;;;;;1;1;;;
19/03/2018;00:01:00;1;com vítima;817,8;BR-116/BA;Norte;Queda de Moto;;;;1;;;;;;;0;1;;;
19/03/2018;04:07:00;18;sem vítima;520,5;BR-324/BA;Leste;Saida de Pista;;;1;;;;;;;;2;;;;
19/03/2018;06:30:00;33;sem vítima;747;BR-116/BA;Norte;Saida de Pista;1;;;;;;;;;;3;;;;
19/03/2018;07:24:00;51;com vítima;622,7;BR-324/BA;Leste;Colisão Traseira;;;;1;;1;;;;;1;1;;;
19/03/2018;08:04:00;65;sem vítima;528;BR-324/BA;Leste;Engavetamento;3;;;;;;;;;;7;;;;
19/03/2018;08:22:00;72;sem vítima;527;BR-324/BA;Leste;Engavetamento;2;;1;;;;;;;;4;;;;
19/03/2018;08:52:00;82;com vítima;616;BR-324/BA;Oeste;Colisão Traseira;1;;;1;;;;;;;1;1;;;
19/03/2018;09:26:00;93;sem vítima;621,6;BR-324/BA;Leste;Colisão Traseira;2;;;;;;;;;;5;;;;
19/03/2018;11:00:00;124;sem vítima;767;BR-116/BA;Sul;Colisão Traseira;;;2;;;;;;;;2;;;;
19/03/2018;11:19:00;129;sem vítima;754;BR-116/BA;Sul;Saida de Pista;1;;;;;;;;;;1;;;;
19/03/2018;14:17:00;159;sem vítima;597,3;BR-116/BA;Norte;Saida de Pista;;;1;;;;;;;;1;;;;
19/03/2018;21:50:00;264;sem vítima;543;BR-324/BA;Oeste;Saida de Pista;1;;;;;;;;;;4;;;;
20/03/2018;03:20:00;9;sem vítima;557,5;BR-324/BA;Leste;Saida de Pista;;;1;;;;;;;;1;;;;
20/03/2018;06:55:00;21;sem vítima;611;BR-324/BA;Oeste;Colisão Traseira;1;;;;;;;;;1;2;;;;
20/03/2018;07:35:00;36;sem vítima;621,1;BR-324/BA;Leste;Engavetamento;3;;;;;;;;;;5;;;;
20/03/2018;13:23:00;137;sem vítima;620;BR-324/BA;Oeste;Colisão Lateral;1;;;;;1;;;;;2;;;;
20/03/2018;17:45:00;189;sem vítima;542,8;BR-324/BA;Leste;Engavetamento;3;;;;;;;;;;9;;;;
21/03/2018;02:46:00;10;sem vítima;642,8;BR-116/BA;Norte;Saida de Pista;;;1;;;;;;;;1;;;;
21/03/2018;10:51:00;108;sem vítima;531,3;BR-324/BA;Leste;Colisão Traseira;1;;;;;;;;;1;5;;;;
21/03/2018;11:34:00;121;sem vítima;579,3;BR-324/BA;Oeste;Saida de Pista;;;;;;;;;;1;1;;;;
21/03/2018;16:45:00;176;sem vítima;581,1;BR-324/BA;Leste;Saida de Pista;;;1;;;;;;;;1;;;;
21/03/2018;18:28:00;187;com vítima;710,5;BR-116/BA;Sul;Colisão Traseira;;;1;1;;;;;;;1;1;;;
22/03/2018;00:10:00;1;sem vítima;598,4;BR-324/BA;Leste;Atropelamento de Animal;;;;;;;;;;1;3;;;;
22/03/2018;07:29:00;38;sem vítima;620,4;BR-324/BA;Leste;Colisão Lateral;1;;1;;;;;;;;3;;;;
22/03/2018;09:31:00;72;com vítima;529,2;BR-324/BA;Oeste;Queda de Moto;;;;1;;;;;;;0;2;;;
22/03/2018;15:28:00;173;com vítima;581,3;BR-324/BA;Oeste;Colisão Lateral;1;;1;;;;;;;;1;;;1;
23/03/2018;03:37:00;21;sem vítima;553;BR-324/BA;Oeste;Atropelamento de Animal;;;1;;;;;;;;1;;;;
23/03/2018;03:46:00;22;sem vítima;438;BR-116/BA;Norte;Atropelamento de Animal;;;1;;;;;;;;1;;;;
23/03/2018;09:44:00;101;sem vítima;614,8;BR-324/BA;Leste;Colisão Traseira;1;;;;;;;;;1;2;;;;
23/03/2018;11:21:00;128;sem vítima;557;BR-324/BA;Oeste;Saida de Pista;1;;;;;;;;;;1;;;;
23/03/2018;16:44:00;205;sem vítima;563;BR-324/BA;Oeste;Saida de Pista;;;1;;;;;;;;2;;;;
23/03/2018;23:40:00;258;com vítima;785,1;BR-116/BA;Sul;Atropelamento de Animal;1;;;;;;;;;;0;1;;;
24/03/2018;05:21:00;19;com vítima;514,1;BR-116/BA;Norte;Colisão Traseira;;;2;;;;;;;;2;1;;;
24/03/2018;07:17:00;33;sem vítima;865,8;BR-116/BA;Sul;Colisão Traseira;;;2;;;;;;;;2;;;;
24/03/2018;08:01:00;41;sem vítima;606;BR-324/BA;Leste;Outros;1;;1;;;;;;;;3;;;;
24/03/2018;11:05:00;80;com vítima;733,6;BR-116/BA;Sul;Queda de Moto;;;;1;;;;;;;0;;1;;
24/03/2018;13:22:00;111;sem vítima;576,2;BR-324/BA;Oeste;Saida de Pista;;;1;;;;;;;;2;;;;
24/03/2018;13:47:00;116;sem vítima;576,8;BR-324/BA;Oeste;Colisão Lateral;1;;2;;1;;;;;;6;;;;
24/03/2018;14:08:00;123;sem vítima;578;BR-324/BA;Oeste;Tombamento;;;1;;;;;;;;3;;;;
24/03/2018;14:14:00;125;sem vítima;578;BR-324/BA;Oeste;Colisão Traseira;1;;;;;;;;;1;9;;;;
24/03/2018;14:56:00;130;sem vítima;593,3;BR-116/BA;Sul;Capotamento;1;;;;;;;;;;1;;;;
24/03/2018;15:32:00;140;sem vítima;580;BR-324/BA;Oeste;Colisão Traseira;1;;1;;;;;;;;3;;;;
24/03/2018;23:06:00;221;sem vítima;620;BR-324/BA;Oeste;Saida de Pista;1;;;;;;;;;;3;;;;
25/03/2018;06:46:00;32;com vítima;621;BR-116/BA;Sul;Atropelamento de Pedestre;;;;;;1;;;;;1;;;1;
25/03/2018;08:30:00;52;sem vítima;599;BR-324/BA;Leste;Colisão Traseira;;;1;;1;;;;;;3;;;;
25/03/2018;16:34:00;128;sem vítima;622,7;BR-324/BA;Oeste;Colisão Traseira;2;;;;;;;;;;2;;;;
25/03/2018;17:21:00;138;sem vítima;624,8;BR-324/BA;Leste;Queda de Moto;;;;1;;;;;;;2;;;;
25/03/2018;21:54:00;172;com vítima;652;BR-116/BA;Norte;Atropelamento de Pedestre;1;;;;;;;;;;1;;;;1
26/03/2018;06:36:00;15;sem vítima;597,1;BR-324/BA;Leste;Saida de Pista;;;;;1;;;;;;70;;;;
26/03/2018;07:37:00;35;sem vítima;623;BR-324/BA;Leste;Engavetamento;3;;;;;;;;;;5;;;;
26/03/2018;07:41:00;38;sem vítima;856,6;BR-116/BA;Norte;Saida de Pista;;;1;;;;;;;;2;;;;
26/03/2018;07:48:00;43;sem vítima;616,3;BR-324/BA;Leste;Colisão Traseira;1;;;;;;;;;;2;;;;
26/03/2018;08:53:00;64;sem vítima;835,9;BR-116/BA;Norte;Colisão Traseira;1;;;;;1;;;;;3;;;;
26/03/2018;10:00:00;88;sem vítima;614,3;BR-324/BA;Leste;Engavetamento;3;;;;;;;;;;6;;;;
26/03/2018;10:11:00;90;sem vítima;613,3;BR-324/BA;Leste;Colisão Traseira;1;;1;;;;;;;;2;;;;
26/03/2018;11:24:00;121;sem vítima;440,7;BR-116/BA;Sul;Choque Contra Objeto Fixo;1;;;;;;;;;;1;;;;
26/03/2018;14:02:00;164;com vítima;626,1;BR-324/BA;Leste;Queda de Moto;;;;1;;;;;;;0;1;;;
26/03/2018;14:04:00;166;sem vítima;545,8;BR-324/BA;Oeste;Saida de Pista;1;;;;;;;;;;1;;;;
26/03/2018;14:47:00;179;com vítima;614,2;BR-324/BA;Oeste;Atropelamento de Pedestre;;;1;;;;;;;;1;1;;;
26/03/2018;17:44:00;214;sem vítima;620;BR-324/BA;Oeste;Colisão Lateral;2;;;;1;;;;;;5;;;;
26/03/2018;18:05:00;219;com vítima;621,85;BR-324/BA;Oeste;Colisão Lateral;;;;1;;1;;;;;1;1;;;1
26/03/2018;18:58:00;228;com vítima;805;BR-116/BA;Norte;Queda de Moto;;;;1;;;;;;;0;1;;;
27/03/2018;08:36:00;58;com vítima;521;BR-324/BA;Leste;Queda de Moto;;;;1;;;;;;;1;;1;;
27/03/2018;12:09:00;123;sem vítima;701;BR-116/BA;Sul;Saida de Pista;;;;;;;;;;1;1;;;;
27/03/2018;20:30:00;189;com vítima;6,8;BR-116/BA - ContSuFS;Sul;Saida de Pista;1;;;;;;;;;;0;;;1;
28/03/2018;08:23:00;64;sem vítima;645,2;BR-116/BA;Sul;Saida de Pista;;;1;;;;;;;;1;;;;
28/03/2018;15:00:00;178;sem vítima;559,9;BR-324/BA;Oeste;Colisão Traseira;;;2;;;;;;;;3;;;;
28/03/2018;15:03:00;179;sem vítima;460,05;BR-116/BA;Sul;Engavetamento;1;;1;;1;;;;;1;25;;;;
28/03/2018;16:19:00;203;sem vítima;565;BR-324/BA;Oeste;Colisão Traseira;1;;;;;;;;;1;2;;;;
28/03/2018;16:29:00;207;com vítima;624,2;BR-324/BA;Oeste;Queda de Moto;;;;1;;;;;;;0;2;;;
28/03/2018;17:58:00;225;sem vítima;624,8;BR-324/BA;Oeste;Colisão Traseira;2;;;;;;;;;;5;;;;
28/03/2018;20:06:00;262;sem vítima;578;BR-324/BA;Leste;Saida de Pista;1;;;;;;;;;;1;;;;
28/03/2018;21:33:00;279;com vítima;531,5;BR-324/BA;Oeste;Queda de Moto;;;;1;;;;;;;0;1;;;
29/03/2018;04:24:00;21;com vítima;897;BR-116/BA;Norte;Tombamento;;;1;;;;;;;;1;1;;;
29/03/2018;06:13:00;28;sem vítima;593,1;BR-324/BA;Oeste;Colisão Traseira;1;;;;;1;;;;;6;;;;
29/03/2018;06:59:00;43;sem vítima;440,3;BR-116/BA;Norte;Capotamento;1;;;;;;;;;;1;;;;
29/03/2018;07:22:00;57;sem vítima;552,4;BR-324/BA;Oeste;Saida de Pista;;;1;;;;;;;;1;;;;
29/03/2018;08:07:00;81;sem vítima;475;BR-116/BA;Sul;Capotamento;1;;;;;;;;;;4;;;;
29/03/2018;08:20:00;90;sem vítima;589,3;BR-324/BA;Oeste;Engavetamento;4;;;;;;;;;;15;;;;
29/03/2018;08:20:00;91;sem vítima;709;BR-116/BA;Sul;Colisão Traseira;2;;;;;;;;;;4;;;;
29/03/2018;10:29:00;128;sem vítima;483;BR-116/BA;Norte;Colisão Lateral;1;;1;;;;;;;;2;;;;
29/03/2018;11:08:00;136;sem vítima;569;BR-324/BA;Oeste;Engavetamento;2;;;;;;;;;1;7;;;;
29/03/2018;14:08:00;178;sem vítima;783,9;BR-116/BA;Norte;Colisão Transversal;1;;2;;;;;;;;3;;;;
29/03/2018;15:38:00;206;sem vítima;574;BR-324/BA;Oeste;Saida de Pista;1;;;;;;;;;;1;;;;
29/03/2018;15:39:00;207;sem vítima;564,1;BR-324/BA;Oeste;Engavetamento;3;;;;;;;;;;4;;;;
29/03/2018;16:17:00;216;sem vítima;553;BR-324/BA;Oeste;Engavetamento;3;;;;;;;;;;3;;;;
29/03/2018;17:14:00;238;sem vítima;558;BR-324/BA;Oeste;Engavetamento;3;;;;;;;;;;7;;;;
29/03/2018;17:19:00;240;sem vítima;574,3;BR-324/BA;Oeste;Colisão Traseira;1;;;;;1;;;;;6;;;;
29/03/2018;17:38:00;250;sem vítima;607;BR-324/BA;Oeste;Engavetamento;6;;;;;1;;;;;7;;;;
29/03/2018;18:20:00;257;com vítima;619;BR-324/BA;Leste;Atropelamento de Pedestre;;;;;1;;;;;;1;;;1;
29/03/2018;18:36:00;258;sem vítima;10,8;BR-116/BA - Cont VC;Norte;Atropelamento de Animal;1;;;;;;;;;;3;;;;
29/03/2018;19:23:00;266;sem vítima;626,08;BR-324/BA;Leste;Saida de Pista;1;;;;;;;;;;1;;;;
30/03/2018;05:50:00;16;sem vítima;531,6;BR-116/BA;Norte;Saida de Pista;;;1;;;;;;;;1;;;;