data;horario;n_da_ocorrencia;tipo_de_ocorrencia;km;trecho;sentido;tipo_de_acidente;automovel;bicicleta;caminhao;moto;onibus;outros;tracao_animal;transporte_de_cargas_especiais;trator_maquinas;utilitarios;ilesos;levemente_feridos;moderadamente_feridos;gravemente_feridos;mortos
30/03/2018;06:43:00;25;sem vítima;434,9;BR-116/BA;Norte;Saida de Pista;1;;;;;;;;;;1;;;;
30/03/2018;07:22:00;35;sem vítima;597,2;BR-324/BA;Oeste;Colisão Traseira;2;;;;;;;;;;10;;;;
30/03/2018;07:36:00;36;sem vítima;553,2;BR-324/BA;Oeste;Capotamento;1;;;;;;;;;;3;;;;
30/03/2018;08:32:00;49;sem vítima;557,1;BR-324/BA;Oeste;Colisão Traseira;2;;;;;;;;;;4;;;;
30/03/2018;09:44:00;72;sem vítima;554,5;BR-324/BA;Oeste;Colisão Traseira;2;;;;;;;;;;6;;;;
30/03/2018;09:52:00;74;sem vítima;554,2;BR-324/BA;Oeste;Colisão Traseira;1;;1;;;;;;;;2;;;;
30/03/2018;11:28:00;96;com vítima;529,4;BR-324/BA;Leste;Colisão Transversal;;;1;1;;;;;;;1;1;;;
30/03/2018;14:38:00;123;sem vítima;559,1;BR-324/BA;Oeste;Saida de Pista;1;;;;;;;;;;2;;;;
30/03/2018;21:01:00;179;sem vítima;585;BR-324/BA;Oeste;Capotamento;1;;;;;;;;;;1;;;;
31/03/2018;12:46:00;75;sem vítima;812;BR-116/BA;Norte;Colisão Traseira;;;1;;;;;;;1;2;;;;
31/03/2018;14:20:00;83;com vítima;619,7;BR-324/BA;Oeste;Queda de Moto;;;;1;;;;;;;0;;;;1
31/03/2018;20:49:00;155;sem vítima;619;BR-324/BA;Leste;Colisão Traseira;2;;;;;;;;;;2;;;;
01/04/2018;04:06:00;11;com vítima;20,1;BR-116/BA - Cont VC;Norte;Colisão Frontal;;;1;1;;;;;;;1;;;;1
01/04/2018;05:49:00;15;com vítima;640,2;BR-116/BA;Sul;Tombamento;;;1;;;;;;;;0;1;;;
01/04/2018;07:16:00;34;sem vítima;545,8;BR-324/BA;Oeste;Saida de Pista;1;;;;;;;;;;1;;;;
01/04/2018;10:22:00;70;sem vítima;599,4;BR-116/BA;Sul;Saida de Pista;1;;;;;;;;;;1;;;;
01/04/2018;10:24:00;72;sem vítima;548,15;BR-324/BA;Leste;Engavetamento;2;;;;;;;;;;6;;;;
01/04/2018;13:56:00;114;sem vítima;587,1;BR-324/BA;Leste;Engavetamento;2;;;;;;;;;1;11;;;;
01/04/2018;15:03:00;127;com vítima;533;BR-324/BA;Leste;Colisão Traseira;2;;1;;;1;;;;;5;1;;;
01/04/2018;15:27:00;132;sem vítima;582,9;BR-324/BA;Leste;Engavetamento;1;;;;1;1;;;;;28;;;;
01/04/2018;19:47:00;212;sem vítima;548,5;BR-324/BA;Leste;Colisão Lateral;2;;;;;;;;;;7;;;;
01/04/2018;19:52:00;214;sem vítima;558,7;BR-324/BA;Leste;Colisão Traseira;2;;;;;;;;;;10;;;;
01/04/2018;20:21:00;224;sem vítima;639;BR-116/BA;Sul;Saida de Pista;;;;;;;;;;1;1;;;;
01/04/2018;22:08:00;240;sem vítima;555,6;BR-324/BA;Leste;Saida de Pista;1;;;;;;;;;;1;;;;
02/04/2018;06:13:00;32;sem vítima;426,9;BR-116/BA;Norte;Tombamento;;;1;;;;;;;;1;;;;
02/04/2018;06:34:00;33;sem vítima;426,2;BR-116/BA;Norte;Choque Contra Objeto Fixo;1;;;;;;;;;;6;;;;
02/04/2018;06:40:00;34;sem vítima;606,5;BR-324/BA;Leste;Colisão Traseira;1;;;;;;;;;1;8;;;;
02/04/2018;06:44:00;35;com vítima;615,5;BR-324/BA;Leste;Engavetamento;3;;;;;;;;;;6;2;;;
02/04/2018;06:49:00;37;sem vítima;560;BR-324/BA;Leste;Colisão Traseira;2;;;;;;;;;;2;;;;
02/04/2018;06:50:00;38;sem vítima;622,5;BR-324/BA;Leste;Engavetamento;3;;;;;;;;;;7;;;;
02/04/2018;06:52:00;39;sem vítima;614,8;BR-116/BA;Sul;Atropelamento de Animal;;;1;;;;;;;;1;;;;
02/04/2018;07:22:00;50;com vítima;565,4;BR-324/BA;Oeste;Saida de Pista;1;;;;;;;;;;1;1;;;
02/04/2018;07:26:00;53;com vítima;461;BR-116/BA;Sul;Colisão Transversal;;;;1;;;;;;1;2;;1;;
02/04/2018;07:44:00;59;com vítima;673,3;BR-116/BA;Norte;Colisão Transversal;;;1;;;;;;;1;2;1;;;
02/04/2018;08:34:00;81;com vítima;600;BR-324/BA;Oeste;Colisão Frontal;2;;;;;;;;;;1;1;;;
02/04/2018;08:45:00;88;com vítima;624,4;BR-324/BA;Oeste;Colisão Traseira;1;;;1;;1;;;;;2;1;;;
02/04/2018;10:35:00;121;sem vítima;541;BR-324/BA;Leste;Colisão Traseira;1;;;;;1;;;;;5;;;;
02/04/2018;11:07:00;129;sem vítima;523;BR-324/BA;Leste;Colisão Traseira;1;;;;;1;;;;;4;;;;
02/04/2018;11:35:00;139;sem vítima;611;BR-324/BA;Leste;Engavetamento;4;;;;;;;;;;13;;;;
02/04/2018;11:57:00;148;com vítima;518;BR-324/BA;Oeste;Colisão Traseira;1;;;;;;;;;1;2;1;;;
02/04/2018;17:43:00;219;sem vítima;586;BR-324/BA;Oeste;Colisão Traseira;;;;;;;;;;2;3;;;;
02/04/2018;18:04:00;222;com vítima;462;BR-116/BA;Norte;Atropelamento de Pedestre;;;;;;1;;;;;1;;1;;
03/04/2018;12:09:00;141;sem vítima;648,2;BR-116/BA;Norte;Saida de Pista;1;;;;;;;;;;1;;;;
03/04/2018;16:51:00;197;com vítima;621;BR-324/BA;Oeste;Colisão Lateral;1;;;;;;;;;1;3;1;;;
03/04/2018;18:03:00;212;sem vítima;622;BR-324/BA;Oeste;Engavetamento;1;;;1;;1;;;;;3;;;;
03/04/2018;19:07:00;234;com vítima;1,3;BR-116/BA - ContSuFS;Norte;Colisão Lateral;;;;1;;1;;;;;1;1;;;
03/04/2018;22:41:00;263;sem vítima;804,5;BR-116/BA;Sul;Saida de Pista;1;;;;;;;;;1;5;;;;
03/04/2018;23:41:00;266;sem vítima;856,1;BR-116/BA;Sul;Colisão Traseira;;;1;;;;;;;;1;;;;
04/04/2018;07:30:00;40;sem vítima;621,5;BR-324/BA;Leste;Engavetamento;4;;;;;;;;;;6;;;;
04/04/2018;09:12:00;71;sem vítima;640;BR-116/BA;Norte;Colisão Traseira;;;2;;;;;;;;2;;;;
04/04/2018;12:31:00;137;com vítima;606,8;BR-324/BA;Leste;Colisão Traseira;1;;;1;;;;;;;3;1;;;
04/04/2018;13:33:00;155;sem vítima;10,7;BR-116/BA - Cont VC;Sul;Colisão Lateral;;;1;;1;;;;;;2;;;;
04/04/2018;16:39:00;203;sem vítima;527;BR-324/BA;Oeste;Colisão Lateral;;;1;;;;;;;1;2;;;;
04/04/2018;19:54:00;236;sem vítima;442,7;BR-116/BA;Sul;Colisão Lateral;;;2;;;;;;;;2;;;;
05/04/2018;10:46:00;116;com vítima;519,1;BR-324/BA;Oeste;Queda de Moto;;;;1;;;;;;;0;;1;;
05/04/2018;14:51:00;157;sem vítima;786;BR-116/BA;Norte;Colisão Traseira;;;2;;;;;;;;2;;;;
05/04/2018;20:08:00;222;com vítima;5,8;BR-116/BA - ContSuFS;Norte;Queda de Moto;;;;1;;;;;;;0;1;;;
05/04/2018;20:13:00;223;com vítima;623,8;BR-324/BA;Oeste;Colisão Lateral;1;;;;;1;;;;;3;1;;;
06/04/2018;01:52:00;10;sem vítima;558;BR-324/BA;Leste;Saida de Pista;;;1;;;;;;;;1;;;;
06/04/2018;04:02:00;18;sem vítima;608;BR-324/BA;Leste;Capotamento;1;;;;;;;;;;1;;;;
06/04/2018;05:56:00;23;com vítima;613;BR-324/BA;Oeste;Colisão Traseira;1;;;2;;;;;;;2;1;;;
06/04/2018;07:04:00;32;sem vítima;617,5;BR-324/BA;Oeste;Colisão Traseira;2;;;;;;;;;;2;;;;
06/04/2018;07:22:00;37;com vítima;551;BR-324/BA;Leste;Colisão Lateral;;;1;1;;;;;;;1;1;;;
06/04/2018;07:42:00;47;sem vítima;575;BR-324/BA;Oeste;Saida de Pista;1;;;;;;;;;;1;;;;
06/04/2018;08:03:00;52;sem vítima;617;BR-324/BA;Leste;Colisão Traseira;;;;;;1;;;;1;3;;;;
06/04/2018;10:49:00;99;com vítima;864;BR-116/BA;Norte;Tombamento;;;1;;;;;;;;0;1;;;
06/04/2018;11:08:00;104;com vítima;817,6;BR-116/BA;Sul;Colisão Transversal;1;;;1;;;;;;;1;1;;;
06/04/2018;12:31:00;110;sem vítima;554,6;BR-324/BA;Oeste;Colisão Traseira;1;;;;;1;;;;;2;;;;
06/04/2018;17:09:00;158;com vítima;826;BR-116/BA;Sul;Colisão Transversal;1;;;1;;;;;;;1;2;;;
06/04/2018;17:25:00;163;com vítima;817,3;BR-116/BA;Norte;Colisão Transversal;;;;1;;1;;;;;1;1;;;
06/04/2018;19:08:00;187;com vítima;561;BR-324/BA;Leste;Saida de Pista;1;;;;;;;;;;2;1;1;;
07/04/2018;06:43:00;26;com vítima;509;BR-116/BA;Sul;Colisão Transversal;;;;1;;;;;;1;2;1;;;
07/04/2018;08:06:00;45;com vítima;858,3;BR-116/BA;Sul;Colisão Transversal;1;;1;;;;;;;;2;2;;;
07/04/2018;10:25:00;83;sem vítima;469;BR-116/BA;Sul;Saida de Pista;1;;;;;;;;;;2;;;;
07/04/2018;11:00:00;91;com vítima;827,2;BR-116/BA;Norte;Colisão Transversal;1;;;1;;;;;;;2;;1;;
07/04/2018;16:30:00;178;sem vítima;585,15;BR-324/BA;Oeste;Saida de Pista;1;;;;;;;;;;2;;;;
07/04/2018;18:08:00;196;sem vítima;514,3;BR-116/BA;Norte;Colisão Frontal;2;;;;;;;;;;5;;;;
07/04/2018;19:57:00;224;sem vítima;9,4;BR-116/BA - Cont VC;Norte;Atropelamento de Animal;;;;;;;;;;1;5;;;;
07/04/2018;20:31:00;233;sem vítima;623;BR-324/BA;Leste;Engavetamento;3;;;;;;;;;;6;;;;
07/04/2018;20:55:00;235;sem vítima;652;BR-116/BA;Sul;Colisão Traseira;1;;;;;1;;;;;2;;;;
07/04/2018;22:20:00;240;com vítima;472,8;BR-116/BA;Norte;Atropelamento de Pedestre;;;1;;;;;;;;1;;;;1
08/04/2018;01:04:00;7;com vítima;17;BR-116/BA - Cont VC;Norte;Colisão Lateral;;;;2;;;;;;;1;1;;;
08/04/2018;10:41:00;76;sem vítima;565,8;BR-116/BA;Sul;Colisão Traseira;;;;;;1;;;;1;2;;;;
08/04/2018;17:08:00;137;sem vítima;639;BR-116/BA;Norte;Saida de Pista;;;1;;;;;;;;1;;;;
08/04/2018;17:21:00;141;sem vítima;541;BR-324/BA;Oeste;Queda de Moto;;;;1;;;;;;;2;;;;
08/04/2018;18:38:00;149;com vítima;9,3;BR-116/BA - Cont VC;Sul;Saida de Pista;1;;;;;;;;;;1;2;;;
08/04/2018;20:13:00;169;sem vítima;530,3;BR-324/BA;Oeste;Capotamento;1;;;;;;;;;;1;;;;
09/04/2018;06:09:00;16;sem vítima;561;BR-324/BA;Leste;Colisão Traseira;2;;;;;;;;;;2;;;;
09/04/2018;06:54:00;23;sem vítima;452,15;BR-116/BA;Sul;Queda de Moto;;;;1;;;;;;;1;;;;
09/04/2018;07:15:00;34;sem vítima;615,5;BR-324/BA;Leste;Engavetamento;1;;;;;1;;;;1;3;;;;
09/04/2018;07:49:00;42;sem vítima;527,5;BR-324/BA;Leste;Colisão Traseira;1;;1;;;;;;;;3;;;;
09/04/2018;11:50:00;136;com vítima;607;BR-324/BA;Oeste;Colisão Traseira;;;;1;;1;;;;;1;1;;;
09/04/2018;12:59:00;149;sem vítima;794,5;BR-116/BA;Norte;Colisão Traseira;2;;;;;;;;;;3;;;;
09/04/2018;13:43:00;157;com vítima;621;BR-324/BA;Leste;Queda de Moto;;;;1;;;;;;;0;2;;;
09/04/2018;13:59:00;160;sem vítima;635,2;BR-116/BA;Norte;Engavetamento;;;3;;;;;;;;3;;;;
09/04/2018;14:35:00;169;sem vítima;552;BR-324/BA;Oeste;Saida de Pista;;;1;;;;;;;;1;;;;
09/04/2018;17:41:00;205;sem vítima;483;BR-116/BA;Norte;Colisão Traseira;1;;1;;;;;;;;2;;;;
09/04/2018;20:18:00;232;sem vítima;562;BR-324/BA;Leste;Colisão Frontal;1;;;1;;;;;;;4;;;;
09/04/2018;20:45:00;238;com vítima;581;BR-324/BA;Leste;Colisão Traseira;;;1;;;;;;;1;1;;2;;
09/04/2018;21:16:00;240;sem vítima;616;BR-324/BA;Oeste;Colisão Lateral;1;;;;;1;;;;;2;;;;
10/04/2018;02:30:00;7;sem vítima;588,2;BR-116/BA;Sul;Saida de Pista;1;;;;;;;;;;1;;;;
10/04/2018;06:28:00;19;com vítima;539;BR-116/BA;Norte;Saida de Pista;;;1;;;;;;;;0;1;;;
10/04/2018;08:09:00;56;com vítima;703,5;BR-116/BA;Sul;Colisão Frontal;1;;1;;;;;;;;0;1;;;1
10/04/2018;11:38:00;117;com vítima;682;BR-116/BA;Norte;Colisão Lateral;1;;;1;;;;;;;1;1;;;
10/04/2018;12:33:00;129;sem vítima;551;BR-324/BA;Oeste;Colisão Lateral;;;1;;;;;;;1;2;;;;
10/04/2018;15:05:00;146;sem vítima;545;BR-324/BA;Leste;Colisão Transversal;1;;;;;1;;;;;2;;;;
10/04/2018;16:16:00;157;sem vítima;566,2;BR-116/BA;Norte;Colisão Traseira;;;2;;;;;;;;2;;;;
10/04/2018;16:21:00;159;com vítima;622;BR-324/BA;Leste;Colisão Traseira;1;;;;1;;;;;;30;1;;;
10/04/2018;17:25:00;178;sem vítima;16,5;BR-116/BA - Cont VC;Norte;Colisão Traseira;1;;;;;1;;;;;2;;;;
10/04/2018;17:29:00;180;sem vítima;622;BR-324/BA;Oeste;Colisão Traseira;1;;;;;1;;;;;2;;;;
11/04/2018;04:19:00;13;sem vítima;759,1;BR-116/BA;Sul;Atropelamento de Animal;;;1;;;;;;;;1;;;;
11/04/2018;05:15:00;17;com vítima;622;BR-324/BA;Leste;Atropelamento de Pedestre;;;;;;1;;;;;0;1;;1;
11/04/2018;06:36:00;32;sem vítima;590,9;BR-324/BA;Oeste;Saida de Pista;1;;;;;;;;;;1;;;;
11/04/2018;07:02:00;41;sem vítima;571,8;BR-324/BA;Leste;Saida de Pista;1;;;;;;;;;;1;;;;
11/04/2018;07:53:00;70;sem vítima;537;BR-324/BA;Oeste;Saida de Pista;;;1;;;;;;;;1;;;;
11/04/2018;08:43:00;87;sem vítima;442,2;BR-116/BA;Norte;Saida de Pista;1;;;;;;;;;;2;;;;
11/04/2018;09:36:00;105;sem vítima;620,7;BR-324/BA;Leste;Colisão Traseira;3;;;;;;;;;;5;;;;
11/04/2018;10:07:00;113;sem vítima;575,08;BR-324/BA;Oeste;Saida de Pista;1;;;;;;;;;;3;;;;
11/04/2018;20:03:00;247;com vítima;29;BR-116/BA - Cont VC;Sul;Colisão Traseira;;;2;;;;;;;;1;;1;;
12/04/2018;05:43:00;17;sem vítima;603,7;BR-324/BA;Leste;Queda de Moto;;;;1;;;;;;;2;;;;
12/04/2018;06:12:00;20;sem vítima;623;BR-324/BA;Oeste;Choque Contra Objeto Fixo;1;;;;;;;;;;1;;;;
12/04/2018;06:58:00;28;sem vítima;764;BR-116/BA;Sul;Colisão Traseira;;;2;;;;;;;;2;;;;
12/04/2018;07:39:00;40;sem vítima;645;BR-116/BA;Norte;Saida de Pista;;;1;;;;;;;;1;;;;
12/04/2018;14:45:00;160;com vítima;693,7;BR-116/BA;Sul;Capotamento;;;;;;;;;;1;1;2;;;
12/04/2018;17:41:00;215;com vítima;644,6;BR-116/BA;Norte;Colisão Lateral;;;1;;1;1;;;;;22;;1;;
12/04/2018;18:36:00;227;sem vítima;616,1;BR-324/BA;Leste;Colisão Traseira;2;;;;;;;;;;3;;;;
12/04/2018;21:41:00;253;sem vítima;532,2;BR-116/BA;Norte;Tombamento;;;1;;;;;;;;1;;;;
12/04/2018;23:38:00;265;sem vítima;867,3;BR-116/BA;Norte;Colisão Traseira;;;2;;;;;;;;2;;;;
12/04/2018;23:45:00;267;com vítima;615;BR-324/BA;Leste;Queda de Moto;;;;1;;;;;;;0;2;;;
13/04/2018;12:35:00;139;sem vítima;3,5;BA-526;Norte;Colisão Lateral;;;1;;1;;;;;;23;;;;
13/04/2018;16:00:00;195;sem vítima;532,2;BR-324/BA;Oeste;Colisão Traseira;2;;;;;;;;;;3;;;;
13/04/2018;16:23:00;201;sem vítima;619,4;BR-324/BA;Oeste;Colisão Traseira;1;;;1;;;;;;;2;;;;
13/04/2018;18:40:00;244;com vítima;829,7;BR-116/BA;Norte;Atropelamento de Pedestre;;;;;;1;;;;;1;1;;;
13/04/2018;23:02:00;273;com vítima;543,9;BR-324/BA;Leste;Queda de Moto;;;;1;;;;;;;0;2;;;
14/04/2018;08:06:00;42;sem vítima;621,7;BR-324/BA;Leste;Colisão Lateral;1;;;;;1;;;;;2;;;;
14/04/2018;08:13:00;45;sem vítima;551;BR-324/BA;Oeste;Engavetamento;1;;;;;2;;;;;3;;;;
14/04/2018;10:47:00;75;sem vítima;508;BR-116/BA;Sul;Colisão Lateral;;;2;;;;;;;;2;;;;
14/04/2018;11:52:00;91;com vítima;626;BR-324/BA;Oeste;Queda de Moto;;;;1;;;;;;;0;2;;;
14/04/2018;18:23:00;163;com vítima;530;BR-324/BA;Leste;Queda de Moto;;;;1;;;;;;;0;;1;;
14/04/2018;18:59:00;169;com vítima;854,7;BR-116/BA;Sul;Colisão Frontal;1;;1;;;;;;;;1;;;;1
14/04/2018;19:44:00;174;com vítima;535,2;BR-324/BA;Leste;Sequência;2;;;1;;;;;;;6;1;;;
14/04/2018;21:08:00;181;com vítima;463;BR-116/BA;Norte;Queda de Moto;;;;1;;;;;;;0;1;;;
15/04/2018;02:43:00;11;com vítima;612,2;BR-324/BA;Leste;Saida de Pista;1;;;;;;;;;;0;2;;;
15/04/2018;10:02:00;68;com vítima;829,5;BR-116/BA;Sul;Colisão Lateral;;;;1;;;;;;1;2;1;;;
15/04/2018;12:22:00;97;com vítima;612,1;BR-324/BA;Oeste;Saida de Pista;1;;;;;;;;;;0;1;;;
15/04/2018;14:33:00;121;com vítima;638,5;BR-116/BA;Norte;Tombamento;;;1;;;;;;;;0;1;;;
15/04/2018;14:41:00;126;sem vítima;777,6;BR-116/BA;Norte;Colisão Traseira;;;1;;1;;;;;;18;;;;
15/04/2018;16:23:00;146;sem vítima;593,15;BR-324/BA;Oeste;Colisão Traseira;2;;;;;;;;;;4;;;;
15/04/2018;16:53:00;150;sem vítima;834,9;BR-116/BA;Sul;Colisão Traseira;1;;1;;;;;;;;2;;;;
15/04/2018;18:22:00;176;sem vítima;438;BR-116/BA;Norte;Colisão Traseira;1;;;;;;;;;;1;;;;
15/04/2018;18:36:00;181;com vítima;601,1;BR-116/BA;Sul;Colisão Lateral;;;1;1;;;;;;;1;;;1;
15/04/2018;18:42:00;183;com vítima;890,4;BR-116/BA;Sul;Colisão Frontal;2;;1;;;;;;;;1;2;;2;1
15/04/2018;19:05:00;187;com vítima;807;BR-116/BA;Sul;Colisão Frontal;1;;1;;;;;;;;2;;;1;1
15/04/2018;20:19:00;195;com vítima;459,5;BR-116/BA;Sul;Colisão Transversal;;;;2;;;;;;;0;;3;;
15/04/2018;21:17:00;202;sem vítima;527;BR-324/BA;Oeste;Capotamento;1;;;;;;;;;;1;;;;
15/04/2018;21:58:00;208;sem vítima;632,3;BR-116/BA;Norte;Colisão Transversal;1;;1;;;;;;;;2;;;;
16/04/2018;04:54:00;18;sem vítima;509,5;BR-116/BA;Norte;Saida de Pista;;;1;;;;;;;;1;;;;
16/04/2018;06:12:00;26;sem vítima;617;BR-324/BA;Leste;Colisão Lateral;2;;;;;;;;;;3;;;;
16/04/2018;06:30:00;32;sem vítima;617;BR-324/BA;Oeste;Colisão Traseira;1;;;;;;;;;1;2;;;;
16/04/2018;06:43:00;38;sem vítima;551;BR-324/BA;Oeste;Colisão Lateral;1;;1;;;;;;;;5;;;;
16/04/2018;06:47:00;40;sem vítima;806,5;BR-116/BA;Sul;Saida de Pista;1;;;;;;;;;;1;;;;
16/04/2018;07:02:00;47;sem vítima;610,6;BR-324/BA;Oeste;Colisão Lateral;1;;;;;1;;;;;2;;;;
16/04/2018;15:33:00;198;sem vítima;593;BR-324/BA;Oeste;Colisão Traseira;;;;1;;;;;;;2;;;;
16/04/2018;16:56:00;214;sem vítima;667,6;BR-116/BA;Norte;Colisão Traseira;;;2;;;;;;;;2;;;;
16/04/2018;18:52:00;240;sem vítima;912,3;BR-116/BA;Sul;Atropelamento de Animal;;;1;;;;;;;;1;;;;
17/04/2018;01:54:00;9;sem vítima;491,5;BR-116/BA;Norte;Colisão Traseira;;;2;;;;;;;;2;;;;
17/04/2018;18:38:00;223;com vítima;526;BR-324/BA;Leste;Atropelamento de Pedestre;;;;1;;;;;;;0;1;1;;
17/04/2018;22:00:00;252;sem vítima;580;BR-324/BA;Oeste;Colisão Lateral;;;2;;;;;;;;2;;;;
17/04/2018;23:09:00;261;sem vítima;590,5;BR-116/BA;Norte;Saida de Pista;1;;;;;;;;;;1;;;;
18/04/2018;05:52:00;22;sem vítima;624;BR-324/BA;Oeste;Colisão Lateral;1;;;;;1;;;;;2;;;;
18/04/2018;08:57:00;94;sem vítima;25;BR-116/BA - Cont VC;Sul;Colisão Traseira;2;;;;;;;;;;2;;;;
19/04/2018;00:15:00;2;sem vítima;562,5;BR-324/BA;Oeste;Colisão Traseira;;;;;;1;;;;1;7;;;;
19/04/2018;06:00:00;11;sem vítima;532,6;BR-324/BA;Oeste;Engavetamento;2;;2;;;;;;;1;5;;;;
19/04/2018;06:14:00;14;sem vítima;450,7;BR-116/BA;Norte;Engavetamento;1;;1;;;1;;;;;8;;;;
19/04/2018;08:17:00;55;com vítima;439,4;BR-116/BA;Sul;Saida de Pista;1;;;;;;;;;;1;;1;;
19/04/2018;10:25:00;94;sem vítima;565,05;BR-324/BA;Leste;Saida de Pista;1;;;;;1;;;;;2;;;;
19/04/2018;16:08:00;160;com vítima;536,7;BR-324/BA;Oeste;Saida de Pista;;;;;1;;;;;;4;2;;;
19/04/2018;17:24:00;175;com vítima;675,2;BR-116/BA;Norte;Colisão Lateral;;;;1;;;;;;1;2;1;;;
20/04/2018;05:42:00;28;sem vítima;597,9;BR-324/BA;Leste;Saida de Pista;1;;;;;;;;;;3;;;;
20/04/2018;05:54:00;30;sem vítima;735,6;BR-116/BA;Sul;Colisão Traseira;;;2;;;;;;;;3;;;;
20/04/2018;07:18:00;48;sem vítima;613,1;BR-324/BA;Leste;Colisão Traseira;1;;1;;;;;;;;5;;;;
20/04/2018;08:09:00;74;sem vítima;440,1;BR-116/BA;Sul;Saida de Pista;1;;;;;;;;;;4;;;;
20/04/2018;09:40:00;107;com vítima;547,7;BR-324/BA;Oeste;Capotamento;1;;;;;;;;;;0;;1;;1
20/04/2018;10:53:00;128;sem vítima;439;BR-116/BA;Norte;Saida de Pista;1;;;;;;;;;;1;;;;
20/04/2018;11:28:00;142;sem vítima;532,8;BR-324/BA;Leste;Colisão Lateral;1;;;;;1;;;;;2;;;;
20/04/2018;14:43:00;178;com vítima;7;BR-116/BA - Cont VC;Sul;Atropelamento - Ciclista;;1;;;;1;;;;;1;;1;;
20/04/2018;14:44:00;179;sem vítima;616,2;BR-324/BA;Oeste;Engavetamento;3;;2;;1;1;;;;;7;;;;
20/04/2018;14:59:00;186;com vítima;537;BR-324/BA;Oeste;Colisão Traseira;;;2;;;;;;;;1;1;;;
20/04/2018;18:23:00;247;sem vítima;624;BR-324/BA;Oeste;Colisão Traseira;1;;;;;1;;;;;2;;;;
20/04/2018;18:58:00;257;sem vítima;605,9;BR-324/BA;Leste;Colisão Traseira;1;;;;;;;;;1;3;;;;
20/04/2018;19:28:00;262;sem vítima;569;BR-324/BA;Oeste;Saida de Pista;1;;;;;;;;;;1;;;;
20/04/2018;21:20:00;284;sem vítima;619;BR-324/BA;Oeste;Saida de Pista;;;;;;;;;;1;1;;;;
20/04/2018;23:56:00;312;com vítima;25,5;BR-116/BA - Cont VC;Norte;Queda de Moto;;;;1;;;;;;;0;;;;1
21/04/2018;11:54:00;135;com vítima;452,3;BR-116/BA;Sul;Atropelamento de Pedestre;;;1;;;;;;;;1;;;1;
21/04/2018;19:38:00;228;com vítima;16;BR-116/BA - Cont VC;Sul;Colisão Transversal;1;;;1;;;;;;;2;1;;;
21/04/2018;20:02:00;234;com vítima;675;BR-116/BA;Norte;Colisão Traseira;1;;;1;;;;;;;1;;1;1;
21/04/2018;21:30:00;244;com vítima;531,7;BR-324/BA;Oeste;Colisão Lateral;1;;1;;;;;;;;1;;1;;
22/04/2018;01:02:00;7;sem vítima;536,4;BR-324/BA;Oeste;Saida de Pista;1;;;;;;;;;;2;;;;
22/04/2018;15:36:00;123;com vítima;605;BR-324/BA;Oeste;Colisão Traseira;2;;;;;;;;;;6;1;;;
22/04/2018;15:57:00;132;com vítima;560,2;BR-324/BA;Oeste;Colisão Lateral;1;;;1;;;;;;;3;2;;;
22/04/2018;16:41:00;150;sem vítima;560,1;BR-324/BA;Oeste;Colisão Traseira;2;;;;;;;;;;2;;;;
22/04/2018;16:41:00;161;com vítima;560,12;BR-324/BA;Oeste;Colisão Traseira;2;;;;;;;;;;8;1;;;
22/04/2018;21:55:00;221;com vítima;2;BR-116/BA - Cont VC;Norte;Colisão Traseira;2;;;;;;;;;;0;2;;;
22/04/2018;22:11:00;222;sem vítima;537,3;BR-324/BA;Oeste;Saida de Pista;1;;;;;;;;;;1;;;;
23/04/2018;01:21:00;12;sem vítima;539;BR-116/BA;Sul;Colisão Traseira;;;1;;;1;;;;;2;;;;
23/04/2018;08:20:00;84;com vítima;575,2;BR-324/BA;Oeste;Saida de Pista;1;;;;;;;;;;2;;1;;
23/04/2018;08:36:00;91;sem vítima;619,7;BR-324/BA;Leste;;2;;;;;;;;;;2;;;;
23/04/2018;09:37:00;113;com vítima;611,8;BR-324/BA;Leste;Queda de Moto;;;;1;;;;;;;0;;2;;
23/04/2018;11:09:00;155;sem vítima;582;BR-116/BA;Norte;Saida de Pista;;;1;;;;;;;;1;;;;
23/04/2018;14:19:00;209;com vítima;820,4;BR-116/BA;Sul;Colisão Transversal;2;;;;;;;;;;1;5;;;
23/04/2018;20:26:00;281;sem vítima;571;BR-324/BA;Oeste;Saida de Pista;1;;;;;;;;;;5;;;;
23/04/2018;22:44:00;304;sem vítima;620;BR-324/BA;Oeste;Engavetamento;2;;1;;;;;;;;4;;;;
24/04/2018;06:26:00;21;sem vítima;624;BR-324/BA;Oeste;Saida de Pista;1;;;;;;;;;;1;;;;
24/04/2018;06:53:00;24;sem vítima;526;BR-324/BA;Leste;Colisão Transversal;;;2;;;;;;;;2;;;;
24/04/2018;06:56:00;25;sem vítima;615;BR-324/BA;Leste;Engavetamento;3;;;;;;;;;;9;;;;
24/04/2018;07:12:00;40;sem vítima;670;BR-116/BA;Sul;Colisão Lateral;1;;;;1;;;;;;16;;;;
24/04/2018;07:24:00;44;sem vítima;613;BR-324/BA;Leste;Engavetamento;5;;;;;1;;;;;6;;;;
24/04/2018;07:30:00;45;sem vítima;9;BA-526;Norte;Engavetamento;2;;;;;1;;;;;4;;;;
24/04/2018;08:52:00;78;sem vítima;518;BR-324/BA;Leste;Colisão Traseira;;;;;;1;;;;1;2;;;;
24/04/2018;10:08:00;101;sem vítima;562;BR-324/BA;Leste;Saida de Pista;;;1;;;;;;;;1;;;;
24/04/2018;13:26:00;131;sem vítima;564;BR-324/BA;Oeste;Saida de Pista;;;;;;;;;;1;1;;;;
24/04/2018;13:27:00;132;com vítima;0,7;BA-528;Sul;Colisão Traseira;1;;1;;;;;;;;1;1;;;