data;horario;n_da_ocorrencia;tipo_de_ocorrencia;km;trecho;sentido;tipo_de_acidente;automovel;bicicleta;caminhao;moto;onibus;outros;tracao_animal;transporte_de_cargas_especiais;trator_maquinas;utilitarios;ilesos;levemente_feridos;moderadamente_feridos;gravemente_feridos;mortos
24/04/2018;17:33:00;176;sem vítima;587,8;BR-324/BA;Oeste;Saida de Pista;;;;;;;;;;1;1;;;;
24/04/2018;18:16:00;184;sem vítima;518,8;BR-324/BA;Oeste;Colisão Traseira;1;;;1;;;;;;;2;;;;
24/04/2018;18:46:00;194;sem vítima;625,9;BR-324/BA;Oeste;Engavetamento;3;;;;;;;;;;7;;;;
24/04/2018;19:05:00;197;com vítima;473,4;BR-116/BA;Sul;Saida de Pista;;;1;;;;;;;;0;1;;;
24/04/2018;22:20:00;226;sem vítima;623;BR-324/BA;Oeste;Colisão Lateral;1;;;;;1;;;;;5;;;;
25/04/2018;05:03:00;20;sem vítima;700,5;BR-116/BA;Sul;Saida de Pista;;;1;;;;;;;;1;;;;
25/04/2018;06:16:00;29;sem vítima;577;BR-324/BA;Leste;Saida de Pista;1;;;;;;;;;;2;;;;
25/04/2018;06:27:00;33;sem vítima;434,7;BR-116/BA;Norte;Saida de Pista;;;;;;;;;;1;2;;;;
25/04/2018;06:53:00;41;sem vítima;544,2;BR-116/BA;Sul;Colisão Traseira;;;2;;;;;;;;2;;;;
25/04/2018;13:10:00;162;com vítima;608,2;BR-324/BA;Oeste;Atropelamento de Pedestre;;;;;;1;;;;;1;;;;1
26/04/2018;00:54:00;7;sem vítima;560,3;BR-324/BA;Leste;Capotamento;1;;;;;;;;;;1;;;;
26/04/2018;05:48:00;20;sem vítima;530,4;BR-324/BA;Oeste;Saida de Pista;1;;;;;;;;;;1;;;;
26/04/2018;07:13:00;42;sem vítima;599;BR-324/BA;Oeste;Colisão Lateral;1;;1;;;;;;;;2;;;;
26/04/2018;12:43:00;168;sem vítima;523;BR-324/BA;Oeste;Engavetamento;2;;;;;1;;;;1;6;;;;
26/04/2018;13:17:00;175;sem vítima;522;BR-324/BA;Oeste;Colisão Traseira;;;2;;;;;;;;2;;;;
26/04/2018;13:46:00;182;sem vítima;608;BR-324/BA;Oeste;Engavetamento;3;;;;;;;;;;3;;;;
26/04/2018;13:55:00;184;sem vítima;530;BR-324/BA;Leste;Saida de Pista;1;;;;;;;;;;1;;;;
26/04/2018;16:58:00;230;sem vítima;452;BR-116/BA;Sul;Colisão Lateral;;;1;;;;;;;1;2;;;;
26/04/2018;18:42:00;252;sem vítima;599,5;BR-324/BA;Oeste;Colisão Traseira;1;;1;;;;;;;;5;;;;
26/04/2018;22:11:00;282;sem vítima;587,4;BR-324/BA;Oeste;Saida de Pista;1;;;;;;;;;;2;;;;
26/04/2018;22:15:00;283;sem vítima;600,1;BR-324/BA;Oeste;Saida de Pista;;;;;;;;;;1;1;;;;
26/04/2018;23:32:00;294;sem vítima;578;BR-324/BA;Leste;Saida de Pista;;;1;;;;;;;;1;;;;
27/04/2018;08:13:00;78;sem vítima;622,2;BR-324/BA;Leste;Engavetamento;3;;;;;;;;;;3;;;;
27/04/2018;08:34:00;85;com vítima;621,9;BR-324/BA;Leste;Colisão Traseira;1;;;1;;;;;;;2;;1;;
27/04/2018;13:23:00;163;com vítima;846;BR-116/BA;Sul;Saida de Pista;;;1;;;;;;;;0;;;1;
27/04/2018;15:49:00;203;sem vítima;638,8;BR-116/BA;Norte;Colisão Traseira;1;;;;;1;;;;;4;;;;
27/04/2018;16:42:00;220;sem vítima;590,5;BR-324/BA;Oeste;Saida de Pista;1;;;;;;;;;;1;;;;
27/04/2018;18:11:00;245;sem vítima;586;BR-116/BA;Sul;Saida de Pista;;;1;;;;;;;;1;;;;
27/04/2018;23:11:00;307;com vítima;602;BR-324/BA;Oeste;Colisão Lateral;1;;;;;1;;;;;3;;3;;
28/04/2018;06:20:00;20;com vítima;554,9;BR-116/BA;Sul;Queda de Moto;;;;1;;;;;;;0;1;;;
28/04/2018;07:49:00;38;com vítima;17;BR-116/BA - Cont VC;Norte;Queda de Moto;;;;1;;;;;;;0;2;;;
28/04/2018;08:03:00;42;sem vítima;866;BR-116/BA;Sul;Colisão Lateral;1;;1;;;;;;;;5;;;;
28/04/2018;12:45:00;105;com vítima;617;BR-324/BA;Oeste;Colisão Traseira;1;;;1;;;;;;;1;1;;;
28/04/2018;18:23:00;179;com vítima;10,4;BR-116/BA - Cont VC;Norte;Colisão Frontal;1;;1;;;;;;;;1;;;1;
29/04/2018;04:26:00;16;sem vítima;427,1;BR-116/BA;Norte;Tombamento;;;1;;;;;;;;1;;;;
29/04/2018;04:56:00;17;sem vítima;537;BR-324/BA;Oeste;Saida de Pista;1;;;;;;;;;;1;;;;
29/04/2018;04:58:00;18;sem vítima;620;BR-324/BA;Leste;Queda de Moto;;;;;;1;;;;;1;;;;
29/04/2018;07:15:00;34;com vítima;566,6;BR-116/BA;Norte;Colisão Lateral;2;;;;;;;;;;1;1;1;;
29/04/2018;08:55:00;54;sem vítima;547;BR-324/BA;Oeste;Colisão Traseira;;;;1;;1;;;;;2;;;;
29/04/2018;11:18:00;72;sem vítima;617,8;BR-324/BA;Oeste;Choque Contra Objeto Fixo;1;;;;;;;;;;3;;;;
29/04/2018;13:29:00;87;com vítima;428,5;BR-116/BA;Sul;Queda de Moto;;;;1;;;;;;;0;1;;;
29/04/2018;14:23:00;97;sem vítima;529,1;BR-324/BA;Oeste;Queda de Moto;;;;1;;;;;;;1;;;;
29/04/2018;19:51:00;170;com vítima;428,5;BR-116/BA;Sul;Atropelamento de Pedestre;;;;;;1;;;;;1;;;;1
29/04/2018;20:29:00;179;sem vítima;576,1;BR-324/BA;Leste;Saida de Pista;1;;;;;;;;;;1;;;;
29/04/2018;22:18:00;191;com vítima;491;BR-116/BA;Sul;Queda de Moto;;;;1;;;;;;;0;1;;;
29/04/2018;22:54:00;196;sem vítima;526;BR-324/BA;Oeste;Queda de Moto;;;;1;;;;;;;2;;;;
30/04/2018;00:23:00;3;sem vítima;9,8;BR-116/BA - Cont VC;Sul;Atropelamento de Animal;1;;;;;;;;;;1;;;;
30/04/2018;00:58:00;12;sem vítima;559;BR-324/BA;Leste;Saida de Pista;1;;;;;;;;;;3;;;;
30/04/2018;02:04:00;21;com vítima;501,6;BR-116/BA;Norte;Colisão Frontal;1;;1;;;;;;;;1;;;;1
30/04/2018;02:21:00;22;sem vítima;549,2;BR-116/BA;Sul;Saida de Pista;;;;;;;;;;1;4;;;;
30/04/2018;02:38:00;24;sem vítima;572;BR-324/BA;Leste;Saida de Pista;1;;;;;;;;;;3;;;;
30/04/2018;04:30:00;31;sem vítima;621;BR-324/BA;Oeste;Atropelamento de Animal;;;1;;;;;;;;1;;;;
30/04/2018;09:56:00;85;sem vítima;619,3;BR-324/BA;Leste;Saida de Pista;1;;;;;;;;;;1;;;;
30/04/2018;12:37:00;112;sem vítima;552;BR-324/BA;Leste;Colisão Lateral;1;;1;;;;;;;;2;;;;
30/04/2018;12:40:00;113;sem vítima;551;BR-324/BA;Oeste;Colisão Traseira;2;;;;;;;;;;2;;;;
30/04/2018;15:07:00;142;sem vítima;431;BR-116/BA;Norte;Saida de Pista;1;;;;;;;;;;5;;;;
30/04/2018;15:36:00;148;com vítima;528,2;BR-324/BA;Oeste;Colisão Traseira;;;;1;;1;;;;;1;;1;;
30/04/2018;17:54:00;182;sem vítima;449;BR-116/BA;Sul;Colisão Traseira;1;;1;;;;;;;;5;;;;
30/04/2018;18:05:00;188;sem vítima;448,2;BR-116/BA;Sul;Engavetamento;2;;1;;;1;;;;;5;;;;
01/05/2018;04:56:00;16;com vítima;622,1;BR-324/BA;Leste;Colisão Traseira;1;;1;;;;;;;;2;1;;;
01/05/2018;11:43:00;87;com vítima;534,05;BR-324/BA;Oeste;Saida de Pista;1;;;;;;;;;;0;2;;;
01/05/2018;15:14:00;112;sem vítima;439,3;BR-116/BA;Sul;Saida de Pista;;;1;;;;;;;;2;;;;
01/05/2018;15:43:00;114;sem vítima;557,3;BR-324/BA;Leste;Colisão Traseira;1;;;;;1;;;;;4;;;;
01/05/2018;19:04:00;145;com vítima;832;BR-116/BA;Sul;Queda de Moto;;;;1;;;;;;;0;1;;;
01/05/2018;19:07:00;147;sem vítima;539,5;BR-324/BA;Leste;Saida de Pista;1;;;;;;;;;;6;;;;
01/05/2018;20:54:00;163;com vítima;441,7;BR-116/BA;Sul;Queda de Moto;;;;1;;;;;;;1;1;;;
02/05/2018;07:50:00;54;sem vítima;610;BR-324/BA;Oeste;Engavetamento;3;;;;;;;;;;3;;;;
02/05/2018;08:38:00;81;com vítima;559;BR-324/BA;Oeste;Saida de Pista;1;;;;;;;;;;0;;1;;
02/05/2018;09:19:00;96;sem vítima;439,9;BR-116/BA;Sul;Saida de Pista;1;;;;;;;;;;2;;;;
02/05/2018;13:18:00;159;sem vítima;473;BR-116/BA;Norte;Saida de Pista;1;;;;;;;;;;1;;;;
02/05/2018;17:49:00;224;sem vítima;552;BR-324/BA;Oeste;Colisão Lateral;;;1;;;;;;;;1;;;;
03/05/2018;08:01:00;46;com vítima;581,9;BR-324/BA;Leste;Queda de Moto;;;;1;;;;;;;0;1;;;
03/05/2018;10:11:00;83;sem vítima;608;BR-324/BA;Oeste;Saida de Pista;1;;;;;;;;;;1;;;;
03/05/2018;19:18:00;201;com vítima;16;BR-116/BA - Cont VC;Sul;Colisão Lateral;;;;1;;1;;;;;1;1;;;
03/05/2018;23:55:00;224;com vítima;454,6;BR-116/BA;Norte;Saida de Pista;;;1;;;;;;;;0;1;;;
04/05/2018;05:51:00;17;sem vítima;593;BR-324/BA;Oeste;Saida de Pista;1;;;;;;;;;;1;;;;
04/05/2018;06:38:00;25;com vítima;3;BA-528;Norte;Atropelamento - Ciclista;;1;1;;;;;;;;1;1;;;
04/05/2018;08:09:00;53;sem vítima;620;BR-324/BA;Leste;Colisão Traseira;2;;;;;;;;;;2;;;;
04/05/2018;08:38:00;64;sem vítima;614;BR-324/BA;Oeste;Colisão Traseira;2;;;;;;;;;;2;;;;
04/05/2018;14:00:00;148;sem vítima;616;BR-324/BA;Leste;Queda de Moto;;;;1;;;;;;;1;;;;
04/05/2018;15:43:00;171;sem vítima;583;BR-324/BA;Oeste;Colisão Traseira;2;;;;;;;;;;2;;;;
04/05/2018;20:56:00;227;com vítima;18,9;BR-116/BA - Cont VC;Sul;Colisão Frontal;1;;;1;;;;;;;1;;;1;
04/05/2018;23:53:00;239;sem vítima;543;BR-324/BA;Oeste;Saida de Pista;1;;;;;;;;;;2;;;;
05/05/2018;06:37:00;28;sem vítima;526;BR-116/BA;Sul;Engavetamento;;;3;;;;;;;;4;;;;
05/05/2018;07:22:00;47;sem vítima;524,1;BR-116/BA;Sul;Saida de Pista;1;;;;;;;;;;1;;;;
05/05/2018;10:05:00;71;sem vítima;613,85;BR-324/BA;Oeste;Colisão Lateral;1;;;1;;;;;;;4;;;;
05/05/2018;10:40:00;77;com vítima;622,4;BR-324/BA;Leste;Engavetamento;2;;;1;;;;;;;2;;1;;
05/05/2018;11:06:00;84;sem vítima;864,7;BR-116/BA;Sul;Colisão Traseira;;;2;;;;;;;;2;;;;
05/05/2018;11:36:00;92;com vítima;787;BR-116/BA;Sul;Colisão Transversal;;;;1;;1;;;;;1;;2;;
05/05/2018;13:11:00;107;sem vítima;587,455;BR-324/BA;Leste;Saida de Pista;1;;;;;;;;;;2;;;;
05/05/2018;16:56:00;171;com vítima;613,6;BR-324/BA;Leste;Saida de Pista;2;;1;;;;;;;;2;;;1;
05/05/2018;17:54:00;183;sem vítima;501;BR-116/BA;Sul;Saida de Pista;1;;;;;;;;;;1;;;;
06/05/2018;05:10:00;21;sem vítima;576;BR-324/BA;Oeste;Saida de Pista;1;;;;;;;;;;1;;;;
06/05/2018;05:47:00;25;sem vítima;537;BR-324/BA;Oeste;Saida de Pista;1;;;;;;;;;;1;;;;
06/05/2018;10:13:00;54;sem vítima;547;BR-324/BA;Oeste;Saida de Pista;;;;;;;;;;1;1;;;;
06/05/2018;12:47:00;76;sem vítima;530;BR-324/BA;Oeste;Saida de Pista;1;;;;;;;;;;1;;;;
06/05/2018;16:33:00;113;sem vítima;551;BR-324/BA;Oeste;Queda de Moto;;;;1;;;;;;;1;;;;
06/05/2018;22:46:00;161;com vítima;818;BR-116/BA;Sul;Colisão Frontal;1;;1;;;;;;;;1;;;;1
07/05/2018;03:30:00;10;sem vítima;547,8;BR-116/BA;Sul;Colisão Traseira;;;2;;;;;;;;4;;;;
07/05/2018;04:53:00;16;sem vítima;427,1;BR-116/BA;Norte;Saida de Pista;1;;;;;;;;;;1;;;;
07/05/2018;06:28:00;22;sem vítima;559,1;BR-324/BA;Leste;Saida de Pista;1;;;;;;;;;;3;;;;
07/05/2018;06:38:00;23;sem vítima;583;BR-324/BA;Oeste;Saida de Pista;;;;;;;;;;1;1;;;;
07/05/2018;08:44:00;73;com vítima;447,5;BR-116/BA;Sul;Saida de Pista;1;;;;;;;;;;1;;1;;
07/05/2018;08:49:00;76;sem vítima;616,4;BR-324/BA;Leste;Colisão Traseira;;;;1;1;;;;;;8;;;;
07/05/2018;12:02:00;125;sem vítima;582,1;BR-324/BA;Oeste;Colisão Traseira;;;2;;;;;;;;3;;;;
07/05/2018;14:01:00;147;sem vítima;557;BR-324/BA;Oeste;Saida de Pista;;;1;;;;;;;;2;;;;
07/05/2018;18:40:00;208;sem vítima;603;BR-324/BA;Oeste;Colisão Lateral;1;;1;;;;;;;;5;;;;
07/05/2018;21:09:00;238;sem vítima;3;BR-116/BA - ContSuFS;Sul;Atropelamento de Animal;1;;;;;1;;;;;2;;;;
08/05/2018;07:35:00;48;sem vítima;605,4;BR-324/BA;Oeste;Colisão Traseira;2;;;;;;;;;;2;;;;
08/05/2018;07:49:00;53;sem vítima;757;BR-116/BA;Sul;Colisão Transversal;1;;1;;;;;;;;2;;;;
08/05/2018;07:51:00;55;com vítima;622;BR-324/BA;Leste;Queda de Moto;;;;1;;;;;;;0;;1;;
08/05/2018;08:09:00;62;sem vítima;614,3;BR-324/BA;Leste;Saida de Pista;1;;;;;;;;;;1;;;;
08/05/2018;19:36:00;230;com vítima;591;BR-324/BA;Oeste;Atropelamento de Pedestre;;;;;;1;;;;;1;1;;;
09/05/2018;06:40:00;16;sem vítima;616,1;BR-324/BA;Oeste;Engavetamento;3;;;;;;;;;;5;;;;
09/05/2018;07:37:00;42;com vítima;909;BR-116/BA;Sul;Atropelamento - Ciclista;1;1;;;;;;;;;2;;;1;
09/05/2018;15:54:00;172;sem vítima;547,2;BR-324/BA;Oeste;Colisão Traseira;1;;;;;;;;;1;7;;;;
09/05/2018;17:11:00;191;sem vítima;623,6;BR-324/BA;Oeste;Engavetamento;3;;;;1;;;;;1;24;;;;
09/05/2018;17:31:00;195;sem vítima;597;BR-116/BA;Norte;Tombamento;;;1;;;;;;;;1;;;;
09/05/2018;21:43:00;232;com vítima;810,9;BR-116/BA;Norte;Colisão Transversal;1;;;;1;;;;;;42;;1;;
10/05/2018;04:36:00;12;sem vítima;477;BR-116/BA;Norte;Saida de Pista;;;1;;;;;;;;1;;;;
10/05/2018;07:42:00;47;com vítima;621;BR-324/BA;Leste;Colisão Traseira;1;;;1;;;;;;;1;2;;;
10/05/2018;09:21:00;80;sem vítima;568;BR-324/BA;Leste;Tombamento;;;1;;;;;;;;1;;;;
10/05/2018;12:04:00;120;sem vítima;773;BR-116/BA;Sul;Colisão Traseira;1;;;;;1;;;;;4;;;;
10/05/2018;14:23:00;145;sem vítima;565,8;BR-116/BA;Sul;Colisão Traseira;1;;1;;;;;;;;2;;;;
10/05/2018;15:50:00;161;sem vítima;461,2;BR-116/BA;Norte;Saida de Pista;1;;;;;;;;;;2;;;;
10/05/2018;19:16:00;201;sem vítima;602,8;BR-116/BA;Sul;Capotamento;1;;;;;;;;;;1;;;;
10/05/2018;19:50:00;206;sem vítima;622;BR-324/BA;Oeste;Engavetamento;2;;;;;;;;;1;7;;;;
11/05/2018;07:13:00;38;sem vítima;616;BR-324/BA;Oeste;Colisão Traseira;2;;;;;;;;;;2;;;;
11/05/2018;07:40:00;52;com vítima;818,5;BR-116/BA;Sul;Queda de Moto;;;;1;;;;;;;0;1;;;
11/05/2018;12:13:00;129;com vítima;620;BR-324/BA;Oeste;Capotamento;1;;;;;;;;;;0;1;;;
11/05/2018;16:30:00;189;sem vítima;518;BR-324/BA;Oeste;Colisão Traseira;;;2;;;;;;;;2;;;;
11/05/2018;18:15:00;214;sem vítima;619;BR-324/BA;Oeste;Colisão Traseira;1;;;;1;;;;;;36;;;;
11/05/2018;18:19:00;215;sem vítima;526;BR-324/BA;Oeste;Colisão Lateral;;;1;;;1;;;;;3;;;;
11/05/2018;18:35:00;218;sem vítima;624;BR-324/BA;Oeste;Colisão Traseira;1;;;;;1;;;;;2;;;;
11/05/2018;18:42:00;221;com vítima;529;BR-324/BA;Oeste;Colisão Traseira;1;;;;;1;;;;;4;1;;;
11/05/2018;21:02:00;251;sem vítima;611,8;BR-324/BA;Leste;Outros;1;;1;;;;;;;;2;;;;
11/05/2018;21:28:00;255;com vítima;530,7;BR-116/BA;Norte;Atropelamento de Pedestre;;;;;;1;;;;;1;;;;1
11/05/2018;21:34:00;257;sem vítima;520,2;BR-324/BA;Oeste;Outros;;;2;;;;;;;;2;;;;
11/05/2018;21:35:00;258;com vítima;442;BR-116/BA;Sul;Saida de Pista;;;1;;;;;;;;0;;1;;
12/05/2018;01:07:00;10;sem vítima;854,2;BR-116/BA;Norte;Saida de Pista;;;;;;;;;;1;1;;;;
12/05/2018;04:54:00;24;sem vítima;616;BR-324/BA;Leste;Colisão Lateral;1;;1;;;;;;;;3;;;;
12/05/2018;06:47:00;34;sem vítima;442;BR-116/BA;Sul;Saida de Pista;;;1;;;;;;;;1;;;;
12/05/2018;07:20:00;41;sem vítima;913;BR-116/BA;Sul;Colisão Traseira;;;1;;;1;;;;;2;;;;
12/05/2018;07:50:00;48;sem vítima;585;BR-324/BA;Leste;Saida de Pista;1;;;;;;;;;;1;;;;
12/05/2018;09:23:00;60;sem vítima;602;BR-324/BA;Oeste;Engavetamento;2;;1;;;;;;;;4;;;;
12/05/2018;10:02:00;72;com vítima;6,6;BR-116/BA - ContSuFS;Norte;Atropelamento de Pedestre;1;;;;;;;;;;2;;;1;
12/05/2018;14:41:00;133;sem vítima;623;BR-324/BA;Leste;Colisão Traseira;1;;;;;1;;;;;3;;;;
12/05/2018;15:14:00;143;sem vítima;814;BR-116/BA;Sul;Colisão Traseira;;;2;;;;;;;;2;;;;
13/05/2018;05:03:00;14;sem vítima;6,5;BR-116/BA - ContSuFS;Sul;Colisão Lateral;1;;;2;;;;;;;3;;;;
13/05/2018;06:00:00;20;sem vítima;485;BR-116/BA;Sul;Colisão Traseira;;;2;;;;;;;;2;;;;
13/05/2018;06:14:00;21;sem vítima;577,05;BR-324/BA;Oeste;Colisão Traseira;1;;;1;;;;;;;2;;;;
13/05/2018;12:49:00;93;sem vítima;584,1;BR-324/BA;Leste;Saida de Pista;1;;;;;;;;;;1;;;;
13/05/2018;15:11:00;109;com vítima;25;BR-116/BA - Cont VC;Sul;Queda de Moto;;;;1;;;;;;;0;1;;;
13/05/2018;17:02:00;135;sem vítima;814;BR-116/BA;Norte;Colisão Traseira;1;;;;;1;;;;;4;;;;
13/05/2018;18:19:00;149;sem vítima;607,4;BR-324/BA;Leste;Engavetamento;7;;;;;;;;;;10;;;;
13/05/2018;18:30:00;151;com vítima;460;BR-116/BA;Sul;Queda de Moto;;;;1;;;;;;;0;1;;;
13/05/2018;20:16:00;169;sem vítima;605,3;BR-324/BA;Leste;Colisão Traseira;2;;;;;;;;;;9;;;;
13/05/2018;20:49:00;175;com vítima;753,2;BR-116/BA;Norte;Saida de Pista;1;;;;;;;;;;0;1;;;
13/05/2018;20:50:00;176;com vítima;754;BR-116/BA;Sul;Colisão Traseira;;;2;;;;;;;;2;1;;;
13/05/2018;22:05:00;190;com vítima;619,1;BR-324/BA;Oeste;Colisão Traseira;;;;1;;;;;;;0;;;1;
14/05/2018;01:00:00;4;com vítima;528,9;BR-324/BA;Leste;Queda de Moto;;;;1;;;;;;;0;;1;;
14/05/2018;01:16:00;6;com vítima;455;BR-116/BA;Norte;Tombamento;;;1;;;;;;;;0;;;;1
14/05/2018;06:47:00;36;sem vítima;549,8;BR-116/BA;Sul;Saida de Pista;;;1;;;;;;;;1;;;;
14/05/2018;06:57:00;41;com vítima;580;BR-324/BA;Leste;Saida de Pista;1;;;;;;;;;;0;;1;;
14/05/2018;07:19:00;51;sem vítima;617,8;BR-324/BA;Leste;Colisão Traseira;2;;;;;;;;;;5;;;;
14/05/2018;07:22:00;54;com vítima;576;BR-324/BA;Leste;Saida de Pista;1;;;;;;;;;;0;3;;;
14/05/2018;08:13:00;75;com vítima;620,35;BR-324/BA;Leste;Colisão Lateral;;;;1;;1;;;;;1;1;;;
14/05/2018;08:28:00;82;com vítima;807,5;BR-116/BA;Norte;Atropelamento - Ciclista;;1;1;;;;;;;;1;;;1;
14/05/2018;10:06:00;122;sem vítima;619;BR-324/BA;Leste;Colisão Traseira;;;;1;;;;;;1;3;;;;
14/05/2018;10:14:00;124;sem vítima;551;BR-324/BA;Oeste;Colisão Traseira;2;;;;;;;;;;3;;;;
14/05/2018;10:22:00;126;sem vítima;569;BR-324/BA;Oeste;Colisão Traseira;1;;;;;1;;;;;3;;;;
14/05/2018;13:22:00;163;com vítima;16;BR-116/BA - Cont VC;Sul;Queda de Moto;;;1;1;;;;;;;1;2;;;
14/05/2018;14:02:00;170;sem vítima;600;BR-324/BA;Leste;Saida de Pista;1;;;;;;;;;;1;;;;
14/05/2018;15:45:00;197;sem vítima;551;BR-324/BA;Leste;Colisão Traseira;1;;1;;;;;;;;5;;;;
14/05/2018;19:54:00;243;com vítima;602;BR-324/BA;Oeste;Capotamento;1;;;;;;;;;;1;2;;1;
15/05/2018;02:47:00;7;sem vítima;520,5;BR-116/BA;Norte;Atropelamento de Animal;;;;;;;;;;1;16;;;;
15/05/2018;05:38:00;13;com vítima;575,4;BR-116/BA;Sul;Colisão Lateral;1;;;;;;;;;1;0;5;1;1;
15/05/2018;09:25:00;79;sem vítima;910,1;BR-116/BA;Norte;Saida de Pista;;;1;;;;;;;;1;;;;
15/05/2018;11:38:00;108;sem vítima;815,2;BR-116/BA;Norte;Colisão Lateral;1;;;1;;;;;;;2;;;;
15/05/2018;12:25:00;114;sem vítima;461;BR-116/BA;Sul;Colisão Traseira;2;;;;;;;;;;2;;;;
15/05/2018;16:06:00;185;sem vítima;560;BR-324/BA;Oeste;Sequência;2;;1;;;;;;;;4;;;;
15/05/2018;20:02:00;232;com vítima;621,45;BR-324/BA;Leste;Atropelamento de Pedestre;1;;;;;;;;;;1;;2;;
15/05/2018;22:19:00;249;com vítima;8;BR-116/BA - Cont VC;Sul;Queda de Moto;;;;1;;;;;;;0;1;;;
16/05/2018;03:32:00;35;sem vítima;587,2;BR-324/BA;Leste;Atropelamento de Animal;;;1;;;;;;;;1;;;;
16/05/2018;05:04:00;40;sem vítima;587;BR-324/BA;Leste;Atropelamento de Animal;;;;;;;;;;1;15;;;;
16/05/2018;06:51:00;50;sem vítima;576;BR-324/BA;Leste;Saida de Pista;1;;;;;;;;;;1;;;;
16/05/2018;07:14:00;65;sem vítima;442;BR-116/BA;Sul;Tombamento;;;1;;;;;;;;3;;;;
16/05/2018;07:27:00;72;sem vítima;518,3;BR-324/BA;Oeste;Atropelamento de Animal;;;;;;1;;;;;1;;;;
16/05/2018;07:45:00;76;sem vítima;654,8;BR-116/BA;Sul;Saida de Pista;1;;;;;;;;;;1;;;;
16/05/2018;08:14:00;86;sem vítima;530,3;BR-324/BA;Oeste;Saida de Pista;1;;;;;;;;;;1;;;;
16/05/2018;09:55:00;118;sem vítima;609,3;BR-324/BA;Leste;Colisão Traseira;2;;;;;;;;;;4;;;;
16/05/2018;10:25:00;126;sem vítima;522,8;BR-324/BA;Leste;Colisão Lateral;1;;1;;1;;;;;;13;;;;
16/05/2018;13:01:00;157;sem vítima;439;BR-116/BA;Sul;Saida de Pista;1;;;;;;;;;;1;;;;
16/05/2018;13:15:00;160;sem vítima;599;BR-324/BA;Oeste;Colisão Traseira;1;;;;;;;;;1;8;;;;
16/05/2018;13:58:00;170;com vítima;621,9;BR-324/BA;Oeste;Colisão Traseira;1;;;1;;;;;;1;2;1;;;
16/05/2018;17:56:00;213;sem vítima;537;BR-324/BA;Leste;Saida de Pista;1;;;;;;;;;;3;;;;
16/05/2018;20:21:00;239;sem vítima;465;BR-116/BA;Norte;Colisão Lateral;1;;1;;;;;;;;3;;;;
17/05/2018;13:52:00;162;com vítima;735;BR-116/BA;Sul;Tombamento;;;1;;;;;;;;0;;1;;
17/05/2018;14:00:00;163;sem vítima;546,1;BR-324/BA;Oeste;Saida de Pista;;;;;;;;;;1;1;;;;
18/05/2018;10:11:00;102;sem vítima;588;BR-324/BA;Oeste;Colisão Traseira;;;1;;;;;;;;1;;;;
18/05/2018;13:39:00;144;sem vítima;535;BR-116/BA;Norte;Colisão Traseira;;;2;;1;;;;;;16;;;;
18/05/2018;15:47:00;174;com vítima;610;BR-324/BA;Oeste;Engavetamento;1;;;;;4;;;;;5;;1;;
18/05/2018;16:36:00;185;sem vítima;610;BR-324/BA;Oeste;Colisão Traseira;2;;;;;;;;;;3;;;;
18/05/2018;20:01:00;237;com vítima;10;BR-116/BA - Cont VC;Sul;Atropelamento de Pedestre;;;;;;1;;;;;1;1;;;
18/05/2018;23:26:00;262;com vítima;571,9;BR-324/BA;Leste;Colisão Traseira;1;;;1;;;;;;;1;;2;;
19/05/2018;04:43:00;11;sem vítima;819,1;BR-116/BA;Norte;Saida de Pista;1;;;;;;;;;;1;;;;
19/05/2018;05:50:00;16;com vítima;728,1;BR-116/BA;Norte;Saida de Pista;1;;;;;;;;;;0;2;1;;
19/05/2018;09:16:00;54;sem vítima;815,4;BR-116/BA;Norte;Engavetamento;;;2;;;1;;;;;3;;;;
19/05/2018;10:32:00;73;sem vítima;533,1;BR-324/BA;Oeste;Capotamento;1;;;;;1;;;;;4;;;;
19/05/2018;15:14:00;119;com vítima;837,2;BR-116/BA;Sul;Colisão Transversal;;;1;;;;;;;1;1;;;1;
19/05/2018;15:15:00;120;sem vítima;815;BR-116/BA;Sul;Colisão Frontal;1;;1;;;;;;;;2;;;;
19/05/2018;17:17:00;143;com vítima;812;BR-116/BA;Norte;Queda de Moto;;;;1;;;;;;;0;1;;;
19/05/2018;18:36:00;165;sem vítima;623,5;BR-324/BA;Oeste;Colisão Traseira;1;;1;;;;;;;;3;;;;
19/05/2018;19:50:00;177;com vítima;617,7;BR-324/BA;Oeste;Colisão Traseira;;;;1;1;;;;;;2;;1;;
19/05/2018;21:49:00;183;sem vítima;12;BR-116/BA - Cont VC;Norte;Atropelamento de Animal;1;;;;;;;;;;1;;;;
20/05/2018;08:26:00;54;sem vítima;616,2;BR-116/BA;Sul;Tombamento;;;1;;;;;;;;1;;;;
20/05/2018;11:50:00;81;com vítima;587;BR-324/BA;Leste;Saida de Pista;;;;;;;;;;1;0;1;1;;
20/05/2018;20:25:00;164;sem vítima;4;BR-116/BA - ContSuFS;Norte;Colisão Traseira;1;;1;;;;;;;;2;;;;
20/05/2018;23:15:00;183;com vítima;537;BR-324/BA;Oeste;Queda de Moto;;;;1;;;;;;;0;;1;;
21/05/2018;01:03:00;3;sem vítima;529;BR-324/BA;Leste;Colisão Lateral;;;2;;;;;;;;2;;;;
21/05/2018;12:06:00;113;sem vítima;898,5;BR-116/BA;Sul;Saida de Pista;1;;;;;;;;;;3;;;;
21/05/2018;14:47:00;131;com vítima;603,15;BR-324/BA;Oeste;Outros;;;;1;;;;;;;0;1;;;
21/05/2018;18:15:00;173;sem vítima;588,3;BR-116/BA;Norte;Saida de Pista;1;;;;;;;;;;1;;;;