data;horario;n_da_ocorrencia;tipo_de_ocorrencia;km;trecho;sentido;tipo_de_acidente;automovel;bicicleta;caminhao;moto;onibus;outros;tracao_animal;transporte_de_cargas_especiais;trator_maquinas;utilitarios;ilesos;levemente_feridos;moderadamente_feridos;gravemente_feridos;mortos
22/05/2018;08:12:00;63;com vítima;843;BR-116/BA;Sul;Queda de Moto;;;;1;;;;;;;1;1;;;
22/05/2018;13:07:00;123;sem vítima;526;BR-324/BA;Oeste;Engavetamento;1;;1;;1;;;;;;3;;;;
22/05/2018;14:02:00;131;sem vítima;569;BR-324/BA;Leste;Saida de Pista;1;;;;;;;;;;1;;;;
23/05/2018;07:12:00;21;sem vítima;570;BR-324/BA;Oeste;Saida de Pista;1;;;;;;;;;;1;;;;
23/05/2018;08:00:00;33;sem vítima;458,2;BR-116/BA;Sul;Saida de Pista;1;;;;;;;;;;1;;;;
23/05/2018;08:09:00;38;sem vítima;584,12;BR-324/BA;Oeste;Saida de Pista;1;;;;;;;;;;1;;;;
23/05/2018;09:27:00;70;sem vítima;607,1;BR-324/BA;Oeste;Colisão Traseira;1;;1;;;;;;;;2;;;;
23/05/2018;10:01:00;85;sem vítima;601,1;BR-324/BA;Oeste;Colisão Traseira;2;;;;;;;;;;6;;;;
23/05/2018;11:34:00;101;com vítima;912,1;BR-116/BA;Norte;Queda de Moto;;;;1;;;;;;;0;;1;;
23/05/2018;13:11:00;109;com vítima;583,8;BR-116/BA;Sul;Saida de Pista;;;;;;;;;;1;0;;1;;
23/05/2018;15:30:00;124;com vítima;853;BR-116/BA;Norte;Capotamento;1;;;;;;;;;;0;2;1;1;
23/05/2018;15:59:00;127;sem vítima;601;BR-324/BA;Leste;Colisão Traseira;1;;;;1;;;;;;2;;;;
23/05/2018;17:06:00;135;sem vítima;854,5;BR-116/BA;Norte;Colisão Lateral;1;;;;;;;;;1;5;;;;
23/05/2018;20:19:00;165;com vítima;16,5;BR-116/BA - Cont VC;Sul;Colisão Lateral;1;;;1;;;;;;;1;1;;;
23/05/2018;20:53:00;168;sem vítima;702;BR-116/BA;Sul;Colisão Frontal;1;;;;;1;;;;;2;;;;
23/05/2018;21:14:00;169;com vítima;614;BR-324/BA;Leste;Colisão Traseira;1;;;;;;;;;1;3;;;1;
24/05/2018;01:20:00;3;sem vítima;585;BR-324/BA;Oeste;Saida de Pista;;;;;;1;;;;1;2;;;;
24/05/2018;08:25:00;61;com vítima;495,05;BR-116/BA;Norte;Capotamento;1;;;;;;;;;;3;1;;;
24/05/2018;12:41:00;96;com vítima;618;BR-324/BA;Oeste;Colisão Traseira;1;;;1;;;;;;;1;;1;;
24/05/2018;12:50:00;98;sem vítima;613;BR-324/BA;Oeste;Colisão Traseira;1;;;;;;;;;1;5;;;;
24/05/2018;23:42:00;150;com vítima;623;BR-324/BA;Oeste;Atropelamento de Pedestre;;;;;;;;;;;0;;;1;
25/05/2018;11:48:00;108;sem vítima;452;BR-116/BA;Norte;Saida de Pista;;;;;;;;;;1;2;;;;
25/05/2018;11:57:00;110;com vítima;574;BR-116/BA;Sul;Colisão Frontal;;;;2;;;;;;;0;1;1;;
25/05/2018;14:28:00;136;sem vítima;613;BR-324/BA;Oeste;Engavetamento;1;;;;;2;;;;;3;;;;
25/05/2018;17:20:00;162;com vítima;638,5;BR-116/BA;Sul;Saida de Pista;1;;;;;;;;;;0;1;;;
25/05/2018;18:14:00;174;com vítima;702;BR-116/BA;Norte;Choque Contra Objeto Fixo;;;;;;;;;;1;1;1;;;
25/05/2018;20:08:00;188;com vítima;12,1;BR-116/BA - Cont VC;Norte;Atropelamento de Animal;;;;1;;;;;;;0;1;;;
26/05/2018;05:50:00;27;com vítima;590;BR-324/BA;Oeste;Saida de Pista;1;;;;;;;;;;0;1;;;
26/05/2018;12:58:00;62;sem vítima;583;BR-324/BA;Leste;Saida de Pista;1;;;;;;;;;;2;;;;
26/05/2018;19:40:00;101;com vítima;459;BR-116/BA;Norte;Atropelamento de Pedestre;;;;;1;;;;;;30;;1;;
26/05/2018;22:35:00;112;sem vítima;766,5;BR-116/BA;Sul;Atropelamento de Animal;1;;;;;1;;;;;3;;;;
27/05/2018;15:24:00;76;com vítima;567;BR-324/BA;Oeste;Capotamento;1;;;;;;;;;;1;3;;1;
28/05/2018;09:13:00;57;sem vítima;619,1;BR-324/BA;Leste;Colisão Traseira;1;;;;;1;;;;1;3;;;;
28/05/2018;09:23:00;62;sem vítima;444;BR-116/BA;Norte;Capotamento;1;;;;;;;;;;1;;;;
28/05/2018;09:40:00;65;sem vítima;447,9;BR-116/BA;Norte;Capotamento;1;;;;;;;;;;3;;;;
29/05/2018;00:42:00;1;sem vítima;617,4;BR-324/BA;Oeste;Colisão Traseira;1;;;;1;;;;;;4;;;;
29/05/2018;06:59:00;180;com vítima;622,95;BR-324/BA;Leste;Queda de Moto;;;;1;;;;;;;0;1;1;;
29/05/2018;09:46:00;227;com vítima;818,5;BR-116/BA;Sul;Colisão Transversal;1;;;;;;;;;1;3;1;;;
30/05/2018;08:24:00;64;com vítima;562;BR-324/BA;Oeste;Tombamento;;;1;;;;;;;;0;;1;;
30/05/2018;10:50:00;93;sem vítima;580;BR-116/BA;Norte;Saida de Pista;1;;;;;;;;;;1;;;;
30/05/2018;11:33:00;99;sem vítima;620;BR-324/BA;Oeste;Engavetamento;1;;;;;;;;;2;4;;;;
30/05/2018;11:46:00;101;sem vítima;572;BR-324/BA;Leste;Saida de Pista;1;;;;;;;;;;4;;;;
30/05/2018;14:28:00;124;sem vítima;582;BR-324/BA;Leste;Saida de Pista;1;;;;;;;;;;1;;;;
30/05/2018;15:49:00;138;sem vítima;578;BR-324/BA;Leste;Capotamento;1;;;;;;;;;;2;;;;
30/05/2018;17:39:00;163;com vítima;817,2;BR-116/BA;Norte;Colisão Transversal;1;;;1;;;;;;;1;1;;;
30/05/2018;17:43:00;165;com vítima;798,1;BR-116/BA;Norte;Saida de Pista;;;1;;;;;;;;0;1;;;
30/05/2018;20:28:00;178;sem vítima;798,4;BR-116/BA;Norte;Saida de Pista;;;1;;;;;;;;1;;;;
30/05/2018;20:40:00;180;com vítima;530;BR-324/BA;Leste;Saida de Pista;1;;;;;;;;;;1;1;;;
30/05/2018;21:20:00;185;sem vítima;651;BR-116/BA;Sul;Colisão Traseira;2;;;;;;;;;;4;;;;
31/05/2018;07:58:00;29;sem vítima;590,8;BR-324/BA;Oeste;Colisão Lateral;2;;;;;;;;;;3;;;;
31/05/2018;08:22:00;37;com vítima;815,15;BR-116/BA;Norte;Colisão Traseira;;;;1;;;;;;;0;;1;;
31/05/2018;10:41:00;72;sem vítima;523,2;BR-324/BA;Leste;Colisão Lateral;;;2;;;;;;;;2;;;;
31/05/2018;18:11:00;151;sem vítima;534,7;BR-324/BA;Oeste;Atropelamento de Animal;1;;;;;;;;;;4;;;;
31/05/2018;18:18:00;155;com vítima;9,5;BR-116/BA - Cont VC;Norte;Colisão Transversal;;;;1;;;;;;1;3;1;;;
01/06/2018;03:42:00;16;sem vítima;521;BR-116/BA;Sul;Atropelamento de Animal;;;1;;;;;;;;1;;;;
01/06/2018;07:10:00;40;sem vítima;804;BR-116/BA;Norte;Engavetamento;;;2;;;1;;;;;3;;;;
01/06/2018;10:18:00;92;sem vítima;597;BR-324/BA;Oeste;Saida de Pista;1;;;;;1;;;;;2;;;;
01/06/2018;10:40:00;97;sem vítima;601,04;BR-324/BA;Leste;Engavetamento;;;2;;;;;;;1;8;;;;
01/06/2018;11:38:00;105;sem vítima;783,3;BR-116/BA;Norte;Colisão Transversal;2;;;;;;;;;;3;;;;
01/06/2018;15:57:00;149;sem vítima;565,6;BR-324/BA;Oeste;Saida de Pista;1;;;;;;;;;;1;;;;
01/06/2018;17:10:00;169;sem vítima;802;BR-116/BA;Sul;Colisão Traseira;;;2;;;;;;;;2;;;;
02/06/2018;04:28:00;17;sem vítima;626;BR-324/BA;Leste;Saida de Pista;;;;;;;;;;1;1;;;;
02/06/2018;07:30:00;33;sem vítima;439;BR-116/BA;Sul;Colisão Transversal;1;;1;;;;;;;;2;;;;
02/06/2018;16:04:00;113;sem vítima;439;BR-116/BA;Norte;Saida de Pista;;;1;;;;;;;;1;;;;
02/06/2018;19:39:00;169;com vítima;617;BR-324/BA;Oeste;Engavetamento;3;;;;;;;;;;5;;1;;
03/06/2018;02:23:00;5;sem vítima;590,8;BR-324/BA;Oeste;Saida de Pista;;;1;;;;;;;;1;;;;
03/06/2018;03:41:00;14;sem vítima;520,4;BR-324/BA;Leste;Saida de Pista;1;;;;;;;;;;4;;;;
03/06/2018;14:24:00;86;sem vítima;451;BR-116/BA;Sul;Colisão Frontal;1;;;;;;;;;1;7;;;;
03/06/2018;17:20:00;112;com vítima;537,8;BR-324/BA;Leste;Queda de Moto;;;;1;;;;;;;1;1;;;
03/06/2018;18:00:00;127;com vítima;573,6;BR-324/BA;Leste;Engavetamento;2;;;;;;;;;1;12;1;1;;
04/06/2018;06:03:00;19;sem vítima;603;BR-324/BA;Leste;;1;;1;;;;;;;;3;;;;
04/06/2018;08:52:00;78;sem vítima;613;BR-324/BA;Leste;Engavetamento;2;;;;;2;;;;1;5;;;;
04/06/2018;10:00:00;103;com vítima;623,6;BR-116/BA;Norte;Colisão Frontal;;;1;;;;;;;1;1;;1;;
04/06/2018;14:34:00;178;sem vítima;545;BR-324/BA;Leste;Colisão Transversal;1;;1;;;;;;;;3;;;;
04/06/2018;16:49:00;211;sem vítima;603;BR-324/BA;Oeste;Capotamento;;;;;;;;;;1;3;;;;
04/06/2018;17:22:00;219;sem vítima;442;BR-116/BA;Sul;Saida de Pista;;;1;;;;;;;;1;;;;
04/06/2018;19:06:00;241;sem vítima;8;BA-526;Norte;Colisão Lateral;1;;1;;;;;;;;2;;;;
04/06/2018;19:14:00;244;com vítima;519;BR-324/BA;Oeste;Queda de Moto;;;;1;;;;;;;0;1;;;
04/06/2018;21:07:00;265;sem vítima;577;BR-324/BA;Leste;Queda de Moto;;;;1;;;;;;;1;;;;
04/06/2018;23:42:00;276;sem vítima;518;BR-116/BA;Norte;Atropelamento de Animal;;;;;;;;;;1;1;;;;
05/06/2018;02:02:00;12;sem vítima;518;BR-116/BA;Sul;Atropelamento de Animal;;;1;;;;;;;;1;;;;
05/06/2018;04:48:00;20;sem vítima;518;BR-324/BA;Oeste;Saida de Pista;1;;;;;;;;;;4;;;;
05/06/2018;06:34:00;29;sem vítima;525;BR-116/BA;Norte;Colisão Lateral;1;;1;;;;;;;;3;;;;
05/06/2018;09:03:00;77;sem vítima;590;BR-324/BA;Oeste;Colisão Traseira;1;;;;;1;;;;;2;;;;
05/06/2018;10:12:00;97;sem vítima;624;BR-324/BA;Leste;Colisão Traseira;2;;;;;;;;;;2;;;;
05/06/2018;13:10:00;129;sem vítima;482;BR-116/BA;Norte;Colisão Traseira;1;;1;;;;;;;;6;;;;
05/06/2018;14:35:00;145;com vítima;588;BR-324/BA;Leste;Saida de Pista;;;;;;;;;;1;1;;1;;
05/06/2018;16:51:00;184;com vítima;5;BA-526;Sul;Saida de Pista;1;;;;;;;;;;1;3;;;
05/06/2018;18:28:00;211;sem vítima;520,3;BR-324/BA;Oeste;Engavetamento;2;;1;;;;;;;1;4;;;;
05/06/2018;18:38:00;219;sem vítima;537,2;BR-324/BA;Oeste;Saida de Pista;1;;;;;;;;;;4;;;;
05/06/2018;19:49:00;233;sem vítima;570;BR-324/BA;Leste;Colisão Traseira;;;1;;;;;;;1;3;;;;
05/06/2018;23:48:00;254;sem vítima;19,8;BR-116/BA - Cont VC;Norte;Atropelamento de Animal;;;;;;;;;;1;2;;;;
06/06/2018;01:06:00;12;sem vítima;594,8;BR-116/BA;Norte;Saida de Pista;;;1;;;;;;;;1;;;;
06/06/2018;05:04:00;31;com vítima;616,05;BR-324/BA;Leste;Colisão Traseira;1;;;;;;;;;;0;;1;;
06/06/2018;05:38:00;34;sem vítima;604,05;BR-324/BA;Oeste;Saida de Pista;1;;;;;;;;;;1;;;;
06/06/2018;07:22:00;61;sem vítima;909,7;BR-116/BA;Norte;Colisão Traseira;;;2;;;;;;;;2;;;;
06/06/2018;09:35:00;108;sem vítima;567,2;BR-116/BA;Sul;Colisão Lateral;2;;;;;;;;;;2;;;;
06/06/2018;11:32:00;149;sem vítima;905,9;BR-116/BA;Sul;Colisão Transversal;;;2;;;;;;;;2;;;;
06/06/2018;13:07:00;168;com vítima;860;BR-116/BA;Norte;Engavetamento;;;5;;;;;;;;4;1;;;
06/06/2018;18:47:00;243;com vítima;546;BR-324/BA;Leste;Tombamento;;;1;;;;;;;;0;;1;;
06/06/2018;20:07:00;260;com vítima;623;BR-324/BA;Leste;Colisão Lateral;;;;1;;1;;;;;1;;1;;
07/06/2018;04:27:00;30;com vítima;744;BR-116/BA;Sul;Colisão Traseira;;;1;;1;;;;;;38;1;1;;
07/06/2018;07:17:00;51;com vítima;619,7;BR-324/BA;Leste;Engavetamento;2;;1;;;;;;;;8;1;;;
07/06/2018;08:23:00;74;sem vítima;645;BR-116/BA;Norte;Saida de Pista;1;;;;;;;;;;2;;;;
07/06/2018;16:27:00;215;sem vítima;577;BR-324/BA;Oeste;Colisão Traseira;;;1;;;1;;;;1;3;;;;
07/06/2018;19:24:00;256;sem vítima;492,8;BR-116/BA;Norte;Tombamento;;;1;;;;;;;;1;;;;
07/06/2018;21:23:00;271;com vítima;7;BR-116/BA - ContSuFS;Sul;Colisão Traseira;1;;;1;;;;;;;1;1;;;
08/06/2018;05:38:00;25;com vítima;533,5;BR-324/BA;Oeste;Sequência;1;;;1;;1;;;;1;8;;;;1
08/06/2018;08:38:00;80;sem vítima;441,1;BR-116/BA;Norte;Colisão Lateral;1;;1;;;;;;;;5;;;;
08/06/2018;09:05:00;94;sem vítima;549,8;BR-116/BA;Sul;Colisão Traseira;;;1;;1;;;;;;21;;;;
08/06/2018;11:40:00;135;sem vítima;568,2;BR-324/BA;Oeste;Saida de Pista;1;;;;;;;;;;3;;;;
08/06/2018;13:02:00;160;sem vítima;538,2;BR-324/BA;Oeste;Colisão Traseira;2;;;;;;;;;;6;;;;
08/06/2018;13:25:00;169;com vítima;625;BR-324/BA;Oeste;Queda de Moto;;;;1;;;;;;;0;1;;;
08/06/2018;15:10:00;187;com vítima;610;BR-324/BA;Oeste;Atropelamento de Pedestre;1;;;;;;;;;;1;;;1;
08/06/2018;16:25:00;211;sem vítima;16,1;BR-116/BA - Cont VC;Norte;Colisão Traseira;;;;1;;;;;1;;2;;;;
08/06/2018;16:58:00;217;sem vítima;573;BR-324/BA;Oeste;Saida de Pista;1;;;;;;;;;;1;;;;
08/06/2018;17:38:00;231;com vítima;608,5;BR-324/BA;Oeste;Atropelamento de Pedestre;;;;1;;;;;;;1;1;;;
08/06/2018;19:37:00;260;com vítima;777;BR-116/BA;Sul;Colisão Transversal;;;;2;;;;;;;0;1;2;;
08/06/2018;20:05:00;273;sem vítima;495,8;BR-116/BA;Sul;Colisão Traseira;;;1;;;;;;;1;2;;;;
09/06/2018;02:39:00;26;sem vítima;565;BR-324/BA;Oeste;Atropelamento de Animal;;;1;;;;;;;;1;;;;
09/06/2018;07:50:00;75;com vítima;778,1;BR-116/BA;Norte;Colisão Traseira;2;;;;;;;;;;1;1;1;;
09/06/2018;08:22:00;92;sem vítima;583;BR-324/BA;Oeste;Queda de Moto;;;;1;;;;;;;2;;;;
09/06/2018;09:03:00;103;sem vítima;571;BR-324/BA;Oeste;Engavetamento;4;;;;;;;;;;11;;;;
09/06/2018;11:19:00;126;sem vítima;571;BR-324/BA;Oeste;Saida de Pista;;;1;;;;;;;;1;;;;
09/06/2018;11:43:00;130;sem vítima;625,3;BR-324/BA;Leste;Colisão Traseira;2;;;;;;;;;;4;;;;
09/06/2018;16:23:00;190;com vítima;8,3;BR-116/BA - Cont VC;Sul;Atropelamento de Pedestre;;;1;;;;;;;;1;;;;1
09/06/2018;17:06:00;202;com vítima;461,9;BR-116/BA;Norte;Colisão Transversal;;;;1;;1;;;;;1;1;;;
09/06/2018;18:08:00;218;com vítima;573,5;BR-116/BA;Sul;Queda de Moto;;;;1;;;;;;;0;1;;;
09/06/2018;19:02:00;229;sem vítima;614;BR-324/BA;Oeste;Saida de Pista;;;1;;;;;;;;1;;;;
09/06/2018;20:58:00;248;sem vítima;577,4;BR-116/BA;Sul;Colisão Lateral;;;1;;;1;;;;;2;;;;
10/06/2018;08:59:00;57;sem vítima;547;BR-116/BA;Norte;Colisão Traseira;;;2;;;;;;;;2;;;;
10/06/2018;11:41:00;91;sem vítima;571,1;BR-324/BA;Leste;Saida de Pista;;;;;;;;;;1;1;;;;
10/06/2018;13:31:00;112;sem vítima;914,2;BR-116/BA;Sul;Colisão Lateral;1;;1;;;;;;;;6;;;;
10/06/2018;15:12:00;128;sem vítima;766;BR-116/BA;Norte;Colisão Traseira;;;2;;;;;;;;2;;;;
10/06/2018;16:22:00;142;sem vítima;24;BR-116/BA - Cont VC;Sul;Colisão Transversal;1;;1;;;;;;;;3;;;;
10/06/2018;16:43:00;147;sem vítima;3;BR-116/BA - ContSuFS;Norte;Saida de Pista;1;;;;;;;;;;1;;;;
10/06/2018;18:15:00;156;sem vítima;838,3;BR-116/BA;Sul;Saida de Pista;;;1;;;;;;;;1;;;;
10/06/2018;19:30:00;168;sem vítima;873;BR-116/BA;Norte;Colisão Traseira;;;2;;;;;;;;2;;;;
10/06/2018;20:07:00;173;com vítima;543;BR-324/BA;Leste;Saida de Pista;1;;;;;;;;;;0;1;;;
10/06/2018;20:57:00;177;sem vítima;2;BR-116/BA - ContSuFS;Sul;Colisão Traseira;1;;1;;;;;;;;3;;;;
10/06/2018;23:03:00;199;sem vítima;456,3;BR-116/BA;Sul;Saida de Pista;;;1;;;;;;;;1;;;;
11/06/2018;04:00:00;24;sem vítima;600;BR-324/BA;Oeste;Colisão Traseira;;;1;;;;;;;;1;;;;
11/06/2018;06:26:00;41;sem vítima;583;BR-324/BA;Leste;Colisão Lateral;1;;1;;;;;;;;2;;;;
11/06/2018;08:12:00;84;sem vítima;615,2;BR-324/BA;Leste;Colisão Traseira;1;;;;;1;;;;;2;;;;
11/06/2018;11:33:00;131;sem vítima;615,8;BR-324/BA;Leste;Engavetamento;3;;;;;;;;;;3;;;;
11/06/2018;12:07:00;139;sem vítima;16,5;BR-116/BA - Cont VC;Sul;Colisão Transversal;1;;1;;;;;;;;3;;;;
11/06/2018;13:51:00;162;sem vítima;528;BR-324/BA;Oeste;Saida de Pista;1;;;;;;;;;;1;;;;
11/06/2018;13:57:00;165;sem vítima;546;BR-324/BA;Leste;Capotamento;;;;;;;;;;1;1;;;;
11/06/2018;14:14:00;171;sem vítima;626;BR-324/BA;Leste;Saida de Pista;1;;;;;;;;;;1;;;;
11/06/2018;15:00:00;181;sem vítima;614;BR-324/BA;Leste;Capotamento;1;;;;;;;;;;1;;;;
11/06/2018;15:45:00;186;sem vítima;619,8;BR-324/BA;Oeste;Engavetamento;2;;;;;1;;;;;4;;;;
11/06/2018;16:07:00;194;com vítima;574,3;BR-116/BA;Norte;Colisão Traseira;;;1;1;;;;;;;1;;;;1
11/06/2018;16:41:00;200;sem vítima;777;BR-116/BA;Norte;Colisão Traseira;;;2;;;;;;;;2;;;;
11/06/2018;17:48:00;215;sem vítima;607,6;BR-324/BA;Leste;Engavetamento;3;;;;;;;;;1;7;;;;
11/06/2018;18:47:00;226;com vítima;522,8;BR-324/BA;Oeste;Colisão Lateral;;;;;;2;;;;1;4;1;;;
12/06/2018;14:54:00;155;sem vítima;546;BR-324/BA;Oeste;Colisão Traseira;1;;;;;1;;;;;4;;;;
12/06/2018;17:18:00;183;sem vítima;813,1;BR-116/BA;Sul;Colisão Traseira;1;;1;;;;;;;;5;;;;
12/06/2018;23:38:00;243;sem vítima;495,7;BR-116/BA;Norte;Saida de Pista;;;;;;;;;;1;2;;;;
13/06/2018;04:21:00;18;sem vítima;580;BR-324/BA;Leste;Saida de Pista;1;;;;;;;;;;1;;;;
13/06/2018;04:55:00;29;com vítima;663;BR-116/BA;Norte;Colisão Frontal;;;2;;;;;;;;1;;;1;
13/06/2018;07:00:00;49;sem vítima;436;BR-116/BA;Sul;Choque Contra Objeto Fixo;;;1;;;;;;;;1;;;;
13/06/2018;07:43:00;55;sem vítima;620,3;BR-324/BA;Leste;Engavetamento;2;;;;;1;;;;;3;;;;
13/06/2018;10:02:00;108;sem vítima;526;BR-324/BA;Oeste;Colisão Traseira;1;;1;;;;;;;;2;;;;
13/06/2018;10:25:00;116;sem vítima;595;BR-324/BA;Leste;Colisão Transversal;;;;;;1;;;;1;2;;;;
13/06/2018;16:09:00;186;sem vítima;539,4;BR-324/BA;Oeste;Colisão Lateral;1;;2;;;;;;;;3;;;;
13/06/2018;17:08:00;196;sem vítima;550;BR-324/BA;Leste;Colisão Traseira;1;;;;;1;;;;;5;;;;
13/06/2018;18:57:00;215;com vítima;632,4;BR-116/BA;Sul;Atropelamento de Pedestre;;;;;;1;;;;;1;;;;1
13/06/2018;19:23:00;220;sem vítima;493,8;BR-116/BA;Sul;Colisão Traseira;2;;;;;;;;;;6;;;;
14/06/2018;01:24:00;9;sem vítima;528,5;BR-324/BA;Leste;Atropelamento de Animal;;;;;;;;;;1;2;;;;
14/06/2018;09:02:00;99;sem vítima;616,05;BR-324/BA;Oeste;Colisão Lateral;;;2;;;;;;;;2;;;;
14/06/2018;12:16:00;154;sem vítima;922;BR-116/BA;Sul;Colisão Lateral;;;2;;;;;;;;2;;;;
14/06/2018;14:14:00;183;sem vítima;582,1;BR-324/BA;Leste;Colisão Lateral;1;;1;;;;;;;;3;;;;
14/06/2018;15:32:00;198;sem vítima;581,5;BR-324/BA;Leste;Saida de Pista;;;;;;;;;;1;1;;;;
14/06/2018;15:44:00;203;sem vítima;459;BR-116/BA;Sul;Colisão Traseira;2;;;;;;;;;;6;;;;
14/06/2018;22:32:00;284;sem vítima;590,2;BR-324/BA;Leste;Colisão Traseira;;;;;;1;;;;1;16;;;;
14/06/2018;23:36:00;293;sem vítima;729,5;BR-116/BA;Sul;Colisão Frontal;;;2;;;;;;;;2;;;;
15/06/2018;00:48:00;5;com vítima;15;BR-116/BA - Cont VC;Norte;Outros;;2;;;;;;;;;1;;1;;
15/06/2018;09:33:00;122;com vítima;557,5;BR-324/BA;Leste;Saida de Pista;1;;;;;;;;;;1;1;;;
15/06/2018;09:37:00;125;com vítima;544;BR-116/BA;Sul;Colisão Traseira;2;;;;;;;;;;5;1;;;
15/06/2018;11:40:00;171;com vítima;569;BR-324/BA;Oeste;Saida de Pista;;;;;;;;;;1;1;;1;;
15/06/2018;15:59:00;235;com vítima;426,9;BR-116/BA;Sul;Colisão Traseira;1;;;;;;;;;;0;1;;;
15/06/2018;17:17:00;258;sem vítima;495,3;BR-116/BA;Norte;Colisão Transversal;1;;1;;;;;;;1;5;;;;
15/06/2018;18:06:00;273;sem vítima;543;BR-324/BA;Leste;Saida de Pista;1;;;;;;;;;;1;;;;
15/06/2018;18:49:00;283;sem vítima;613;BR-324/BA;Leste;Choque Contra Objeto Fixo;;;;;;;;;;1;1;;;;
15/06/2018;20:10:00;295;sem vítima;672,4;BR-116/BA;Sul;Atropelamento de Animal;;;1;;;;;;;;1;;;;
15/06/2018;21:00:00;306;com vítima;870;BR-116/BA;Sul;Atropelamento de Pedestre;;;;;;1;;;;;1;1;;;
15/06/2018;23:45:00;331;sem vítima;466,1;BR-116/BA;Sul;Colisão Traseira;;;2;;;;;;;;2;;;;
16/06/2018;00:12:00;1;com vítima;931,9;BR-116/BA;Sul;Colisão Traseira;1;;1;;;1;;;;;8;2;;;
16/06/2018;02:22:00;11;sem vítima;617,6;BR-324/BA;Oeste;Colisão Traseira;2;;;;;;;;;;3;;;;
16/06/2018;08:06:00;64;sem vítima;533,1;BR-324/BA;Oeste;Colisão Lateral;1;;;;;1;;;;;2;;;;
16/06/2018;09:22:00;88;sem vítima;567,5;BR-324/BA;Leste;Tombamento;;;1;;;;;;;;1;;;;
16/06/2018;15:31:00;176;sem vítima;626,2;BR-324/BA;Oeste;Colisão Lateral;1;;;;;;;;;1;4;;;;
16/06/2018;16:37:00;188;sem vítima;548;BR-324/BA;Oeste;Saida de Pista;1;;;;;;;;;;1;;;;
16/06/2018;19:48:00;237;sem vítima;439;BR-116/BA;Sul;Saida de Pista;1;;;;;;;;;;2;;;;
16/06/2018;22:59:00;272;sem vítima;609;BR-324/BA;Leste;Colisão Traseira;;;;1;;;;;;;1;;;;
17/06/2018;00:21:00;2;sem vítima;569;BR-324/BA;Oeste;Saida de Pista;1;;;;;;;;;;1;;;;
17/06/2018;06:03:00;28;sem vítima;582,95;BR-324/BA;Leste;Saida de Pista;1;;;;;;;;;;2;;;;
17/06/2018;09:13:00;67;sem vítima;593;BR-324/BA;Oeste;Saida de Pista;1;;;;;;;;;;1;;;;
17/06/2018;15:45:00;131;sem vítima;569,2;BR-324/BA;Leste;Saida de Pista;1;;;;;;;;;;1;;;;
17/06/2018;17:16:00;143;com vítima;631,5;BR-116/BA;Sul;Colisão Transversal;1;;1;;;;;;;;2;1;;;
17/06/2018;17:46:00;150;com vítima;617;BR-324/BA;Leste;Atropelamento de Pedestre;;;;;;1;;;;;1;;;1;
17/06/2018;18:07:00;155;sem vítima;559,2;BR-324/BA;Leste;Colisão Lateral;2;;;;;;;;;;7;;;;
17/06/2018;19:59:00;177;com vítima;1,3;BR-116/BA - ContSuFS;Sul;Queda de Moto;;;;1;;;;;;;0;2;;;
17/06/2018;22:39:00;189;sem vítima;540,2;BR-116/BA;Sul;Saida de Pista;1;;;;;;;;;;1;;;;
17/06/2018;22:54:00;191;com vítima;612;BR-324/BA;Oeste;Saida de Pista;1;;;;;;;;;;0;;;1;
17/06/2018;23:20:00;194;com vítima;550,2;BR-324/BA;Leste;Queda de Moto;;;;1;;;;;;;0;1;;;
18/06/2018;04:53:00;23;sem vítima;579,5;BR-324/BA;Leste;Saida de Pista;;;1;;;;;;;;2;;;;
18/06/2018;07:10:00;50;sem vítima;624,1;BR-324/BA;Leste;Colisão Lateral;1;;;;;;;;;;1;;;;
18/06/2018;07:36:00;60;sem vítima;622,1;BR-324/BA;Leste;Engavetamento;2;;;;;;;;;1;3;;;;
18/06/2018;08:27:00;90;sem vítima;613,1;BR-324/BA;Leste;Engavetamento;3;;;;;;;;;;4;;;;
18/06/2018;13:10:00;172;com vítima;617,2;BR-324/BA;Leste;Queda de Moto;;;;1;;;;;;;0;1;1;;
18/06/2018;16:32:00;222;com vítima;622,5;BR-324/BA;Oeste;Queda de Moto;;;;1;;;;;;;0;2;;;
18/06/2018;17:25:00;231;sem vítima;551;BR-324/BA;Leste;Colisão Traseira;;;2;;;;;;;;2;;;;
18/06/2018;19:06:00;251;sem vítima;0;BR-116/BA - ContSuFS;Norte;Colisão Traseira;1;;1;;;;;;;;2;;;;
19/06/2018;09:38:00;94;sem vítima;551;BR-324/BA;Leste;Colisão Lateral;1;;1;;;;;;;;2;;;;
19/06/2018;11:31:00;120;sem vítima;623,8;BR-324/BA;Leste;Colisão Lateral;1;;;;;;;;;;1;;;;
19/06/2018;13:08:00;137;com vítima;699,9;BR-116/BA;Sul;Saida de Pista;1;;;;;;;;;;0;1;;;
19/06/2018;14:36:00;152;sem vítima;562;BR-324/BA;Leste;Saida de Pista;1;;;;;;;;;;1;;;;
19/06/2018;17:43:00;200;com vítima;609;BR-324/BA;Oeste;Queda de Moto;;;;1;;;;;;;0;1;;;
19/06/2018;18:20:00;205;sem vítima;808,2;BR-116/BA;Norte;Colisão Traseira;3;;;;;1;;;;;6;;;;
19/06/2018;18:21:00;206;sem vítima;602,4;BR-324/BA;Oeste;Atropelamento de Animal;1;;;;;;;;;;1;;;;