data;horario;n_da_ocorrencia;tipo_de_ocorrencia;km;trecho;sentido;tipo_de_acidente;automovel;bicicleta;caminhao;moto;onibus;outros;tracao_animal;transporte_de_cargas_especiais;trator_maquinas;utilitarios;ilesos;levemente_feridos;moderadamente_feridos;gravemente_feridos;mortos
19/06/2018;18:42:00;212;sem vítima;637,3;BR-116/BA;Sul;Saida de Pista;;;;;;;;;;1;3;;;;
19/06/2018;21:46:00;239;sem vítima;551;BR-324/BA;Oeste;Colisão Traseira;;;2;;;;;;;;2;;;;
20/06/2018;05:35:00;22;sem vítima;575;BR-324/BA;Leste;Tombamento;;;1;;;;;;;;2;;;;
20/06/2018;09:05:00;88;com vítima;20,8;BR-116/BA - Cont VC;Sul;Saida de Pista;;;1;;;;;;;1;1;;1;;
20/06/2018;11:03:00;123;sem vítima;600;BR-324/BA;Oeste;Colisão Traseira;1;;1;;;;;;;;2;;;;
20/06/2018;11:19:00;130;sem vítima;466,1;BR-116/BA;Sul;Saida de Pista;1;;;;;;;;;;4;;;;
20/06/2018;17:40:00;213;sem vítima;545;BR-324/BA;Leste;Colisão Lateral;1;;1;;;;;;;;2;;;;
20/06/2018;19:11:00;242;sem vítima;617;BR-116/BA;Norte;Colisão Traseira;;;1;;;;;;;;1;;;;
20/06/2018;23:00:00;283;sem vítima;436;BR-116/BA;Norte;Atropelamento de Animal;;;;;1;;;;;;40;;;;
21/06/2018;00:01:00;1;sem vítima;537;BR-324/BA;Leste;Saida de Pista;1;;;;;;;;;;2;;;;
21/06/2018;06:18:00;45;sem vítima;607;BR-324/BA;Oeste;Colisão Traseira;1;;;;;1;;;;;4;;;;
21/06/2018;06:41:00;51;com vítima;577;BR-324/BA;Oeste;Engavetamento;2;;;;;1;;;;;7;1;;;
21/06/2018;07:37:00;70;sem vítima;545;BR-324/BA;Oeste;Colisão Traseira;2;;;;;;;;;;6;;;;
21/06/2018;08:58:00;91;sem vítima;597;BR-324/BA;Oeste;Colisão Traseira;1;;;;;1;;;;;2;;;;
21/06/2018;09:22:00;107;sem vítima;580;BR-324/BA;Oeste;Colisão Traseira;2;;;;;;;;;;6;;;;
21/06/2018;10:29:00;132;sem vítima;12,15;BR-116/BA - Cont VC;Norte;Colisão Traseira;1;;1;;;;;;;;2;;;;
21/06/2018;12:15:00;160;sem vítima;603;BR-324/BA;Oeste;Colisão Traseira;1;;;;;1;;;;;2;;;;
21/06/2018;12:51:00;173;sem vítima;608;BR-324/BA;Oeste;Engavetamento;3;;;;;;;;;;3;;;;
21/06/2018;13:10:00;179;sem vítima;816;BR-116/BA;Sul;Colisão Transversal;1;;1;;;;;;;;6;;;;
21/06/2018;13:47:00;196;sem vítima;572;BR-116/BA;Norte;Colisão Traseira;2;;;;;;;;;;4;;;;
21/06/2018;13:49:00;198;sem vítima;588;BR-324/BA;Oeste;Engavetamento;2;;;;;1;;;;;6;;;;
21/06/2018;14:46:00;218;sem vítima;577;BR-324/BA;Oeste;Colisão Traseira;1;;;;;1;;;;;4;;;;
21/06/2018;15:16:00;234;sem vítima;547;BR-324/BA;Oeste;Engavetamento;2;;;;;;;;;1;12;;;;
21/06/2018;15:53:00;253;sem vítima;596;BR-324/BA;Oeste;Colisão Traseira;1;;;;;1;;;;;2;;;;
21/06/2018;16:37:00;265;sem vítima;587,3;BR-324/BA;Oeste;Engavetamento;3;;;;;;;;;;3;;;;
21/06/2018;18:57:00;307;sem vítima;484;BR-116/BA;Sul;Queda de Moto;;;;1;;;;;;;1;;;;
21/06/2018;19:42:00;316;sem vítima;573,4;BR-324/BA;Oeste;Engavetamento;3;;;;;1;;;;;12;;;;
21/06/2018;19:51:00;320;sem vítima;521,1;BR-324/BA;Oeste;Engavetamento;2;;2;;;;;;;;8;;;;
22/06/2018;00:49:00;12;sem vítima;554;BR-324/BA;Oeste;Colisão Traseira;;;2;;;;;;;;2;;;;
22/06/2018;05:49:00;43;sem vítima;599,05;BR-324/BA;Oeste;Colisão Lateral;1;;;;;;;;;;5;;;;
22/06/2018;05:56:00;46;com vítima;489,95;BR-116/BA;Norte;Colisão Traseira;;;2;;;;;;;;4;1;;;
22/06/2018;07:17:00;77;sem vítima;605,1;BR-324/BA;Oeste;Engavetamento;2;;;;;;;;;;2;;;;
22/06/2018;08:02:00;90;com vítima;458,9;BR-116/BA;Sul;Colisão Frontal;1;;;1;;;;;;;1;1;;;
22/06/2018;08:31:00;95;sem vítima;679;BR-116/BA;Sul;Colisão Traseira;;;2;;;;;;;;2;;;;
22/06/2018;08:32:00;97;sem vítima;556,2;BR-324/BA;Oeste;Colisão Traseira;1;;1;;;;;;;;2;;;;
22/06/2018;11:31:00;173;sem vítima;757,5;BR-116/BA;Sul;Colisão Transversal;1;;;;;1;;;;;2;;;;
22/06/2018;11:58:00;181;com vítima;518;BR-324/BA;Oeste;Queda de Moto;;;;1;;;;;;;0;1;;;
22/06/2018;12:00:00;183;sem vítima;584,15;BR-324/BA;Oeste;Colisão Traseira;2;;;;;;;;;;6;;;;
22/06/2018;14:42:00;234;sem vítima;565,05;BR-324/BA;Oeste;Engavetamento;4;;;;;;;;;;8;;;;
22/06/2018;15:17:00;243;sem vítima;571,1;BR-324/BA;Oeste;Engavetamento;2;;;;;;;;;1;3;;;;
22/06/2018;15:31:00;253;sem vítima;574;BR-324/BA;Oeste;Engavetamento;2;;1;;;;;;;;5;;;;
22/06/2018;16:17:00;271;com vítima;578;BR-324/BA;Oeste;Colisão Traseira;1;;;1;;;;;;;1;;;1;
22/06/2018;18:33:00;338;sem vítima;578;BR-116/BA;Sul;Saida de Pista;1;;;;;;;;;;1;;;;
22/06/2018;22:14:00;392;sem vítima;537;BR-324/BA;Oeste;Saida de Pista;1;;;;;;;;;;3;;;;
23/06/2018;00:14:00;4;sem vítima;603,9;BR-324/BA;Oeste;Choque Contra Objeto Fixo;1;;;;;;;;;;1;;;;
23/06/2018;02:07:00;23;com vítima;900,4;BR-116/BA;Sul;Saida de Pista;;;1;;;;;;;;0;1;;;
23/06/2018;03:44:00;32;com vítima;575;BR-324/BA;Leste;Tombamento;;;1;;;;;;;;0;;;;1
23/06/2018;06:14:00;53;sem vítima;531,5;BR-116/BA;Sul;Saida de Pista;;;;;;;;;;1;2;;;;
23/06/2018;07:44:00;78;sem vítima;618;BR-324/BA;Oeste;Colisão Traseira;1;;;;;;;;;1;2;;;;
23/06/2018;08:44:00;94;com vítima;645;BR-116/BA;Norte;Queda de Moto;;;;1;;;;;;;1;1;;;
23/06/2018;09:11:00;101;sem vítima;540;BR-324/BA;Oeste;Colisão Lateral;1;;;;;1;;;;;6;;;;
23/06/2018;12:42:00;162;com vítima;782,1;BR-116/BA;Norte;Colisão Transversal;1;;;;;;;;;1;8;1;;;
23/06/2018;13:00:00;167;com vítima;818;BR-116/BA;Sul;Colisão Transversal;;;;2;;;;;;;0;1;1;;
23/06/2018;13:17:00;173;sem vítima;16,1;BR-116/BA - Cont VC;Sul;Colisão Transversal;2;;;;;;;;;;3;;;;
23/06/2018;18:38:00;247;com vítima;27;BR-116/BA - Cont VC;Norte;Colisão Transversal;;;;;;1;1;;;;1;;1;;
23/06/2018;18:50:00;249;sem vítima;474;BR-116/BA;Norte;Saida de Pista;;;1;;;;;;;;1;;;;
24/06/2018;05:06:00;17;sem vítima;608;BR-324/BA;Leste;Saida de Pista;1;;;;;;;;;;1;;;;
24/06/2018;05:22:00;18;sem vítima;893,2;BR-116/BA;Sul;Saida de Pista;1;;;;;;;;;;1;;;;
24/06/2018;07:02:00;29;sem vítima;616,1;BR-324/BA;Leste;Colisão Traseira;1;;;;1;;;;;;6;;;;
24/06/2018;12:52:00;95;sem vítima;842,1;BR-116/BA;Norte;Saida de Pista;;;1;;;;;;;;1;;;;
24/06/2018;14:41:00;120;sem vítima;475,2;BR-116/BA;Sul;Atropelamento de Animal;;;1;;;;;;;;1;;;;
24/06/2018;15:40:00;152;com vítima;718,1;BR-116/BA;Norte;Colisão Lateral;1;;1;;;;;;;;2;2;;;
24/06/2018;20:40:00;239;com vítima;537,5;BR-116/BA;Sul;Saida de Pista;1;;;;;;;;;;4;;1;;
25/06/2018;00:34:00;1;sem vítima;618,9;BR-324/BA;Leste;Saida de Pista;1;;;;;;;;;;1;;;;
25/06/2018;05:40:00;47;sem vítima;535;BR-324/BA;Leste;Colisão Lateral;1;;;;;;;;;;1;;;;
25/06/2018;07:27:00;84;sem vítima;593;BR-324/BA;Leste;Colisão Traseira;1;;;;;1;;;;;5;;;;
25/06/2018;07:52:00;88;com vítima;587;BR-324/BA;Leste;Colisão Lateral;;;;1;;1;;;;;1;2;;;
25/06/2018;08:41:00;106;com vítima;448,8;BR-116/BA;Sul;Colisão Traseira;1;;;1;;;;;;;2;;1;;
25/06/2018;08:46:00;107;sem vítima;610,4;BR-324/BA;Leste;Colisão Traseira;;;2;;;;;;;;2;;;;
25/06/2018;10:27:00;139;sem vítima;582;BR-324/BA;Leste;Colisão Traseira;1;;;;;;;;;1;2;;;;
25/06/2018;12:14:00;179;sem vítima;567;BR-324/BA;Leste;Colisão Traseira;1;;;;;1;;;;;2;;;;
25/06/2018;12:36:00;183;sem vítima;563,3;BR-324/BA;Leste;Colisão Traseira;2;;;;;;;;;;5;;;;
25/06/2018;14:19:00;207;sem vítima;585,7;BR-324/BA;Leste;Colisão Traseira;2;;;;;;;;;;2;;;;
25/06/2018;14:44:00;214;sem vítima;578,07;BR-324/BA;Leste;Engavetamento;3;;;;;;;;;;9;;;;
25/06/2018;14:56:00;219;com vítima;462,2;BR-116/BA;Norte;Atropelamento de Pedestre;;;;;;1;;;;;1;;1;;
25/06/2018;15:24:00;230;sem vítima;598,3;BR-324/BA;Leste;Queda de Moto;;;;1;;;;;;;2;;;;
25/06/2018;18:06:00;294;sem vítima;537,3;BR-324/BA;Leste;Colisão Traseira;;;;;;;;;;2;3;;;;
25/06/2018;18:38:00;312;sem vítima;552,3;BR-324/BA;Leste;Engavetamento;3;;1;;;;;;;;13;;;;
25/06/2018;20:05:00;339;sem vítima;552;BR-324/BA;Leste;;1;;1;;;;;;;;2;;;;
25/06/2018;22:09:00;375;sem vítima;599,5;BR-324/BA;Leste;Colisão Lateral;1;;1;;;;;;;;3;;;;
25/06/2018;22:28:00;379;com vítima;584,8;BR-116/BA;Sul;Saida de Pista;;;1;;;;;;;;0;1;;;
25/06/2018;22:43:00;383;com vítima;623;BR-324/BA;Leste;Queda de Moto;1;;;1;;1;;;;1;8;2;;;
26/06/2018;00:36:00;5;com vítima;16,4;BR-116/BA - Cont VC;Sul;Colisão Transversal;;;;1;;1;;;;;2;1;;;
26/06/2018;03:40:00;32;com vítima;542,9;BR-324/BA;Oeste;Saida de Pista;1;;;;;;;;;;2;1;;;
26/06/2018;08:28:00;96;sem vítima;584,1;BR-324/BA;Leste;Saida de Pista;1;;;;;;;;;;1;;;;
26/06/2018;09:57:00;131;sem vítima;613,1;BR-324/BA;Leste;Colisão Traseira;2;;;;;;;;;;3;;;;
26/06/2018;11:41:00;167;sem vítima;612,3;BR-324/BA;Leste;Colisão Traseira;2;;;;;;;;;;8;;;;
26/06/2018;12:58:00;190;sem vítima;593,1;BR-116/BA;Norte;Saida de Pista;1;;;;;;;;;;1;;;;
26/06/2018;15:58:00;229;sem vítima;606,1;BR-324/BA;Leste;Engavetamento;3;;;;;;;;;;10;;;;
26/06/2018;17:12:00;254;sem vítima;833,4;BR-116/BA;Norte;Colisão Traseira;2;;;;;;;;;;6;;;;
26/06/2018;17:44:00;262;com vítima;522,7;BR-324/BA;Oeste;Atropelamento de Pedestre;;;;1;;;;;;;0;2;;;
26/06/2018;18:51:00;287;com vítima;817,5;BR-116/BA;Norte;Colisão Transversal;;;3;;;;;;;;2;2;;;
26/06/2018;21:46:00;314;sem vítima;551;BR-324/BA;Leste;Atropelamento de Animal;1;;;;;;;;;;6;;;;
26/06/2018;21:56:00;317;com vítima;613,8;BR-324/BA;Oeste;Outros;1;;;1;;;;;;;2;;1;;
27/06/2018;07:02:00;49;sem vítima;662,1;BR-116/BA;Sul;Saida de Pista;;;;;;;;;;1;1;;;;
27/06/2018;07:46:00;64;sem vítima;611,5;BR-324/BA;Oeste;Engavetamento;3;;;;;;;;;;5;;;;
27/06/2018;08:17:00;74;sem vítima;614;BR-324/BA;Oeste;Saida de Pista;1;;;;;;;;;;1;;;;
27/06/2018;09:17:00;90;com vítima;620,3;BR-324/BA;Oeste;Atropelamento de Pedestre;;;1;;;;;;;;1;;;1;
27/06/2018;09:42:00;98;sem vítima;817,8;BR-116/BA;Sul;Colisão Transversal;1;;;;;1;;;;;6;;;;
27/06/2018;15:38:00;175;com vítima;904,1;BR-116/BA;Sul;Saida de Pista;;;1;;;;;;;;0;1;;;
27/06/2018;15:49:00;176;sem vítima;551;BR-324/BA;Oeste;Choque Contra Objeto Fixo;1;;;;;;;;;;1;;;;
27/06/2018;19:23:00;214;sem vítima;569,8;BR-116/BA;Norte;Saida de Pista;;;1;;;;;;;;1;;;;
27/06/2018;20:03:00;223;sem vítima;589;BR-324/BA;Leste;Saida de Pista;1;;;;;;;;;;1;;;;
28/06/2018;06:18:00;21;sem vítima;483,2;BR-116/BA;Norte;Engavetamento;;;2;;;1;;;;;5;;;;
28/06/2018;07:35:00;46;sem vítima;1;BR-116/BA - ContSuFS;Norte;Choque Contra Objeto Fixo;;;1;;;;;;;;1;;;;
28/06/2018;08:18:00;59;sem vítima;1;BR-116/BA - Cont VC;Norte;Sequência;;;1;1;;;;;;;2;;;;
28/06/2018;08:50:00;69;com vítima;605;BR-324/BA;Oeste;Atropelamento de Pedestre;;;1;;;;;;;;1;;;;1
28/06/2018;15:24:00;142;sem vítima;458,3;BR-116/BA;Sul;Colisão Traseira;;;2;;;;;;;;4;;;;
28/06/2018;18:19:00;178;sem vítima;583;BR-324/BA;Oeste;Tombamento;;;1;;;;;;;;1;;;;
28/06/2018;19:55:00;191;sem vítima;471,4;BR-116/BA;Norte;Saida de Pista;1;;;;;;;;;;1;;;;
28/06/2018;22:49:00;213;sem vítima;562;BR-324/BA;Oeste;Atropelamento de Animal;;;1;;;;;;;;1;;;;
29/06/2018;01:55:00;14;sem vítima;562;BR-324/BA;Oeste;Colisão Traseira;;;2;;;;;;;;2;;;;
29/06/2018;07:07:00;47;sem vítima;632;BR-116/BA;Sul;Colisão Lateral;1;;1;;;;;;;;2;;;;
29/06/2018;08:00:00;66;com vítima;530,2;BR-324/BA;Leste;Saida de Pista;;;;;;;;;;1;0;;;1;
29/06/2018;09:28:00;93;com vítima;529,3;BR-324/BA;Leste;Colisão Traseira;1;;;1;;;;;;;2;;1;;
29/06/2018;09:39:00;98;sem vítima;598,3;BR-324/BA;Leste;Saida de Pista;1;;;;;;;;;;1;;;;
29/06/2018;09:42:00;99;sem vítima;1;BR-116/BA - ContSuFS;Norte;Colisão Traseira;1;;;;;1;;;;;3;;;;
29/06/2018;15:29:00;180;com vítima;518;BR-324/BA;Oeste;Atropelamento de Pedestre;;;;;;1;;;;;1;2;;;
29/06/2018;15:58:00;187;sem vítima;547,3;BR-324/BA;Oeste;Engavetamento;2;;1;;1;1;;;;1;18;;;;
29/06/2018;16:57:00;198;com vítima;441,6;BR-116/BA;Norte;Queda de Moto;;;;1;;;;;;;0;;1;;
29/06/2018;17:03:00;199;sem vítima;14;BR-116/BA - Cont VC;Norte;Saida de Pista;1;;;;;;;;;;1;;;;
29/06/2018;17:51:00;207;com vítima;562,3;BR-324/BA;Leste;Colisão Lateral;;;;1;;1;;;;;1;;1;;
29/06/2018;18:13:00;214;sem vítima;611;BR-324/BA;Oeste;Engavetamento;1;;;;;2;;;;;6;;;;
29/06/2018;18:47:00;225;sem vítima;624,1;BR-324/BA;Oeste;Engavetamento;3;;;;;;;;;;4;;;;
29/06/2018;19:48:00;237;sem vítima;562;BR-324/BA;Oeste;Engavetamento;;;1;;;;;;;2;4;;;;
29/06/2018;20:26:00;248;sem vítima;562,3;BR-324/BA;Oeste;Engavetamento;2;;;;1;;;;;;52;;;;
30/06/2018;00:21:00;4;com vítima;840;BR-116/BA;Norte;Colisão Traseira;;;;1;;1;;;;;1;2;;;
30/06/2018;01:44:00;11;sem vítima;534,2;BR-324/BA;Leste;Capotamento;1;;;;;;;;;;3;;;;
30/06/2018;07:09:00;45;sem vítima;912,5;BR-116/BA;Norte;Colisão Traseira;;;1;;1;;;;;;33;;;;
30/06/2018;08:27:00;73;sem vítima;577,1;BR-324/BA;Oeste;Colisão Traseira;2;;;;;;;;;;3;;;;
30/06/2018;10:41:00;101;com vítima;751;BR-116/BA;Sul;Colisão Lateral;;;1;;;1;;;;;1;1;;;
30/06/2018;10:44:00;102;sem vítima;580,1;BR-324/BA;Oeste;Engavetamento;4;;;;;;;;;;7;;;;
30/06/2018;10:46:00;103;com vítima;5,05;BR-116/BA - ContSuFS;Sul;Colisão Traseira;1;;1;;;;;;;;1;;;1;
30/06/2018;11:32:00;115;com vítima;531;BR-116/BA;Norte;Queda de Moto;;;;1;;;;;;;0;1;;;
30/06/2018;16:22:00;183;sem vítima;533,3;BR-324/BA;Oeste;Colisão Lateral;2;;;;;;;;;;2;;;;
30/06/2018;17:33:00;202;sem vítima;623;BR-324/BA;Leste;Queda de Moto;;;;1;;;;;;;2;;;;
30/06/2018;18:21:00;215;sem vítima;592;BR-324/BA;Oeste;Colisão Lateral;1;;1;;;;;;;;2;;;;
30/06/2018;19:35:00;231;sem vítima;611,1;BR-116/BA;Sul;Colisão Traseira;1;;;;;;;;;;3;;;;
30/06/2018;20:02:00;238;sem vítima;4;BR-116/BA - Cont VC;Norte;Colisão Traseira;1;;1;;;;;;;;7;;;;
01/07/2018;01:38:00;5;com vítima;813,4;BR-116/BA;Norte;Colisão Frontal;;;1;1;;;;;;;1;;;;1
01/07/2018;05:03:00;27;sem vítima;570,4;BR-324/BA;Oeste;Saida de Pista;1;;;;;;;;;;1;;;;
01/07/2018;08:26:00;53;sem vítima;596;BR-324/BA;Oeste;Saida de Pista;1;;;;;;;;;;1;;;;
01/07/2018;12:59:00;102;sem vítima;621,15;BR-324/BA;Oeste;Colisão Traseira;2;;;;;;;;;;5;;;;
01/07/2018;13:18:00;103;sem vítima;579;BR-324/BA;Leste;Saida de Pista;1;;;;;;;;;;1;;;;
01/07/2018;13:36:00;106;sem vítima;814,5;BR-116/BA;Sul;Engavetamento;3;;;;;;;;;;6;;;;
01/07/2018;17:42:00;151;sem vítima;545;BR-324/BA;Leste;Colisão Traseira;2;;;;;;;;;;7;;;;
01/07/2018;19:10:00;167;com vítima;699,9;BR-116/BA;Norte;Tombamento;;;1;;;;;;;;0;1;;;
01/07/2018;20:33:00;179;com vítima;484,5;BR-116/BA;Norte;Colisão Frontal;1;;;1;;;;;;;1;;1;1;
02/07/2018;05:50:00;24;sem vítima;828;BR-116/BA;Sul;Atropelamento de Pedestre;;;;1;;;;;;;2;;;;
02/07/2018;06:49:00;32;sem vítima;595,15;BR-324/BA;Oeste;Saida de Pista;;;;;;;;;;1;15;;;;
02/07/2018;07:32:00;44;com vítima;572,15;BR-324/BA;Leste;Colisão Lateral;2;;;;;;;;;;1;2;;;
02/07/2018;18:37:00;191;sem vítima;587;BR-324/BA;Leste;Saida de Pista;1;;;;;;;;;;3;;;;
02/07/2018;19:50:00;208;sem vítima;463,4;BR-116/BA;Norte;Colisão Traseira;2;;;;;;;;;;6;;;;
02/07/2018;22:18:00;226;com vítima;625,7;BR-324/BA;Leste;Colisão Traseira;1;;;;;;;;;1;0;1;;;
03/07/2018;05:00:00;34;sem vítima;429,4;BR-116/BA;Norte;Colisão Traseira;;;1;;;1;;;;;2;;;;
03/07/2018;05:15:00;36;sem vítima;588;BR-324/BA;Leste;Saida de Pista;1;;;;;;;;;;2;;;;
03/07/2018;05:41:00;40;com vítima;800;BR-116/BA;Norte;Sequência;1;;1;1;;;;;;;4;;;1;
03/07/2018;06:52:00;49;sem vítima;616;BR-324/BA;Leste;Engavetamento;2;;;;;;;;;1;4;;;;
03/07/2018;07:34:00;64;sem vítima;616,8;BR-324/BA;Oeste;Colisão Lateral;;;;1;;1;;;;;2;;;;
03/07/2018;07:52:00;74;com vítima;609;BR-324/BA;Leste;Colisão Traseira;1;;;1;;;;;;;5;;1;;
03/07/2018;05:41:00;107;sem vítima;800;BR-116/BA;Norte;Saida de Pista;;;1;;;;;;;;1;;;;
03/07/2018;09:51:00;121;sem vítima;593;BR-324/BA;Oeste;Colisão Traseira;2;;;;;;;;;;4;;;;
03/07/2018;10:27:00;129;sem vítima;607,6;BR-324/BA;Leste;Engavetamento;5;;;;;;;;;;5;;;;
03/07/2018;12:33:00;158;sem vítima;605;BR-324/BA;Leste;Colisão Lateral;1;;1;;;;;;;;3;;;;
03/07/2018;14:50:00;190;sem vítima;546,1;BR-324/BA;Oeste;Colisão Traseira;2;;;;;;;;;;2;;;;
03/07/2018;15:52:00;217;sem vítima;518;BR-324/BA;Oeste;Colisão Traseira;;;1;;;1;;;;;2;;;;
03/07/2018;17:35:00;237;sem vítima;815,6;BR-116/BA;Sul;Colisão Transversal;;;1;;;;;;;1;2;;;;
03/07/2018;19:53:00;265;com vítima;921;BR-116/BA;Sul;Saida de Pista;;;1;;;;;;;;0;;;;1
03/07/2018;21:37:00;277;com vítima;827;BR-116/BA;Norte;Saida de Pista;1;;;;;;;;;;0;;;1;
04/07/2018;12:38:00;136;sem vítima;547,1;BR-324/BA;Oeste;Saida de Pista;;;;;;;;;;1;2;;;;
04/07/2018;13:39:00;152;sem vítima;455,9;BR-116/BA;Sul;Colisão Traseira;1;;1;;;;;;;;3;;;;
04/07/2018;16:44:00;193;sem vítima;549;BR-324/BA;Oeste;Colisão Lateral;2;;;;;;;;;;5;;;;
04/07/2018;18:13:00;212;com vítima;771;BR-116/BA;Norte;Tombamento;1;;;;1;;;;;;34;5;2;1;1
04/07/2018;19:43:00;229;com vítima;617,1;BR-324/BA;Leste;Atropelamento de Pedestre;;;;;1;;;;;;30;;1;;
05/07/2018;04:43:00;23;com vítima;804,4;BR-116/BA;Sul;Colisão Transversal;1;;1;;;;;;;;1;;;2;2
05/07/2018;05:48:00;29;sem vítima;870;BR-116/BA;Sul;Saida de Pista;1;;;;;;;;;;5;;;;
05/07/2018;07:29:00;59;sem vítima;461,4;BR-116/BA;Norte;Colisão Traseira;;;1;;;1;;;;1;14;;;;
05/07/2018;07:31:00;61;sem vítima;686;BR-116/BA;Sul;Engavetamento;;;2;;;1;;;;;3;;;;
05/07/2018;07:39:00;63;sem vítima;599;BR-324/BA;Leste;Colisão Traseira;1;;;;1;;;;;;2;;;;
05/07/2018;17:05:00;203;com vítima;20,2;BR-116/BA - Cont VC;Sul;Colisão Frontal;;;1;;;;;;;1;1;;;1;
05/07/2018;19:08:00;229;com vítima;12,5;BR-116/BA - Cont VC;Norte;Colisão Transversal;;1;;1;;;;;;;1;2;;;
05/07/2018;20:11:00;239;sem vítima;699,8;BR-116/BA;Sul;Saida de Pista;;;;;;;;;;1;1;;;;
05/07/2018;23:05:00;262;sem vítima;8;BA-526;Norte;Saida de Pista;;;;;;;;;;1;1;;;;
06/07/2018;09:05:00;103;sem vítima;618;BR-324/BA;Leste;Queda de Moto;;;;1;;;;;;;1;;;;
06/07/2018;09:56:00;122;sem vítima;462,1;BR-116/BA;Sul;Colisão Transversal;2;;;;;;;;;;5;;;;
06/07/2018;12:26:00;158;sem vítima;596;BR-324/BA;Oeste;Saida de Pista;1;;;;;;;;;;3;;;;
06/07/2018;13:01:00;166;sem vítima;613;BR-324/BA;Leste;Colisão Traseira;2;;;;;;;;;;3;;;;
06/07/2018;14:14:00;182;sem vítima;16,5;BR-116/BA - Cont VC;Sul;Colisão Lateral;1;;;;;;;;;1;2;;;;
06/07/2018;14:32:00;187;sem vítima;551;BR-324/BA;Oeste;Colisão Traseira;2;;;;;;;;;;4;;;;
06/07/2018;16:15:00;205;sem vítima;557;BR-324/BA;Oeste;Saida de Pista;1;;;;;;;;;;2;;;;
06/07/2018;18:43:00;227;com vítima;492;BR-116/BA;Norte;Queda de Moto;;;;1;;;;;;;0;1;;;
07/07/2018;02:57:00;14;sem vítima;495,8;BR-116/BA;Norte;Saida de Pista;;;;;;;;;;1;3;;;;
07/07/2018;04:12:00;28;sem vítima;581,8;BR-324/BA;Leste;Tombamento;;;1;;;;;;;;1;;;;
07/07/2018;05:28:00;32;com vítima;596;BR-324/BA;Oeste;Queda de Moto;;;;1;;;;;;;0;1;;;
07/07/2018;06:41:00;40;com vítima;14;BR-116/BA - Cont VC;Norte;Saida de Pista;1;;;;;;;;;;0;;;;1
07/07/2018;08:33:00;54;sem vítima;529,4;BR-324/BA;Oeste;Saida de Pista;;;;;;;;;;1;5;;;;
07/07/2018;09:23:00;68;sem vítima;518;BR-324/BA;Oeste;Saida de Pista;;;1;;;;;;;;1;;;;
07/07/2018;12:58:00;109;sem vítima;592;BR-324/BA;Leste;Capotamento;1;;;;;;;;;;1;;;;
07/07/2018;15:15:00;129;sem vítima;616;BR-324/BA;Leste;Saida de Pista;1;;;;;;;;;;1;;;;
08/07/2018;04:03:00;17;sem vítima;469;BR-116/BA;Norte;Saida de Pista;1;;;;;;;;;;4;;;;
08/07/2018;07:00:00;32;sem vítima;616;BR-324/BA;Oeste;Colisão Traseira;2;;;;;;;;;;14;;;;
08/07/2018;10:21:00;70;sem vítima;695;BR-116/BA;Sul;Colisão Traseira;;;1;;;1;;;;;2;;;;
08/07/2018;12:28:00;89;com vítima;757;BR-116/BA;Norte;Atropelamento - Ciclista;;1;1;;;;;;;;2;1;;;
08/07/2018;19:25:00;179;com vítima;720,2;BR-116/BA;Norte;Atropelamento de Pedestre;;;1;;;;;;;;1;;;;1
08/07/2018;20:39:00;191;sem vítima;625;BR-324/BA;Oeste;Saida de Pista;1;;;;;;;;;;1;;;;
09/07/2018;05:33:00;37;sem vítima;785,6;BR-116/BA;Sul;Tombamento;;;1;;;;;;;;1;;;;
09/07/2018;06:02:00;45;com vítima;574;BR-324/BA;Leste;Tombamento;;;1;;;;;;;;0;;1;1;
10/07/2018;09:11:00;80;sem vítima;621,8;BR-324/BA;Leste;Engavetamento;4;;;;;;;;;;4;;;;
10/07/2018;11:37:00;119;sem vítima;570;BR-324/BA;Leste;Capotamento;;;;;;;;;;1;2;;;;
10/07/2018;14:17:00;141;com vítima;551;BR-324/BA;Oeste;Colisão Traseira;1;;1;;;;;;;;1;;1;;
10/07/2018;14:25:00;143;sem vítima;833,5;BR-116/BA;Sul;Colisão Traseira;1;;;;;1;;;;;6;;;;
10/07/2018;14:59:00;154;com vítima;818,8;BR-116/BA;Norte;Tombamento;;;1;;;;;;;;0;;;1;
10/07/2018;17:13:00;177;sem vítima;517,1;BR-116/BA;Sul;Colisão Traseira;;;2;;;;;;;;2;;;;
11/07/2018;19:08:00;209;sem vítima;772,9;BR-116/BA;Sul;Engavetamento;;;1;;;3;;;;1;13;;;;
12/07/2018;05:07:00;24;sem vítima;579,2;BR-324/BA;Leste;Saida de Pista;;;;;;;;;;1;1;;;;
12/07/2018;05:22:00;26;sem vítima;623;BR-324/BA;Leste;Atropelamento de Animal;1;;;;;;;;;;1;;;;
12/07/2018;05:50:00;30;sem vítima;921,9;BR-116/BA;Norte;Colisão Lateral;;;2;;;;;;;;2;;;;
12/07/2018;08:28:00;82;sem vítima;622;BR-324/BA;Leste;Colisão Traseira;2;;;;;;;;;;5;;;;
12/07/2018;16:38:00;185;com vítima;16,5;BR-116/BA - Cont VC;Norte;Colisão Transversal;1;;;1;;;;;;;1;1;;;
12/07/2018;19:19:00;216;com vítima;610;BR-324/BA;Leste;Atropelamento de Pedestre;;;;;;;;;;;0;;;;1
12/07/2018;19:32:00;220;sem vítima;568;BR-324/BA;Oeste;Saida de Pista;1;;;;;;;;;;1;;;;