data;horario;n_da_ocorrencia;tipo_de_ocorrencia;km;trecho;sentido;tipo_de_acidente;automovel;bicicleta;caminhao;moto;onibus;outros;tracao_animal;transporte_de_cargas_especiais;trator_maquinas;utilitarios;ilesos;levemente_feridos;moderadamente_feridos;gravemente_feridos;mortos
13/07/2018;02:07:00;4;sem vítima;563,2;BR-324/BA;Oeste;Saida de Pista;;;1;;;;;;;;1;;;;
13/07/2018;11:09:00;139;sem vítima;845;BR-116/BA;Norte;Colisão Traseira;;;2;;;;;;;;2;;;;
13/07/2018;16:31:00;204;sem vítima;530,9;BR-324/BA;Leste;Saida de Pista;;;1;;;;;;;;1;;;;
13/07/2018;21:23:00;264;com vítima;595;BR-324/BA;Oeste;Capotamento;1;;;;;;;;;;0;;;1;
14/07/2018;08:14:00;66;com vítima;770,4;BR-116/BA;Norte;Saida de Pista;1;;;;;;;;;;2;1;;1;
14/07/2018;10:08:00;96;sem vítima;731,1;BR-116/BA;Norte;Colisão Traseira;;;2;;;;;;;;2;;;;
14/07/2018;16:27:00;178;sem vítima;578;BR-324/BA;Leste;Colisão Traseira;2;;;;;1;;;;;5;;;;
14/07/2018;18:05:00;206;sem vítima;623,8;BR-324/BA;Leste;Saida de Pista;1;;;;;;;;;;1;;;;
14/07/2018;18:27:00;214;com vítima;3;BR-116/BA - ContSuFS;Norte;Colisão Traseira;2;;;;;;;;;;1;2;;;
14/07/2018;20:05:00;237;com vítima;614;BR-324/BA;Oeste;Atropelamento de Pedestre;;;;1;;;;;;;2;;;1;
15/07/2018;03:23:00;13;sem vítima;607;BR-324/BA;Leste;Saida de Pista;1;;;;;;;;;;1;;;;
15/07/2018;06:32:00;23;sem vítima;494;BR-116/BA;Sul;Colisão Traseira;;;2;;;;;;;;2;;;;
15/07/2018;15:31:00;119;sem vítima;768;BR-116/BA;Norte;Colisão Traseira;1;;1;;;;;;;;7;;;;
15/07/2018;21:05:00;173;sem vítima;0;BR-116/BA - ContSuFS;Sul;Queda de Moto;;;;1;;;;;;;1;;;;
15/07/2018;21:27:00;177;sem vítima;616;BR-324/BA;Leste;Atropelamento de Animal;;;;;1;;;;;;15;;;;
16/07/2018;05:45:00;11;sem vítima;588,5;BR-116/BA;Norte;Saida de Pista;1;;;;;;;;;;3;;;;
16/07/2018;06:07:00;13;sem vítima;428;BR-116/BA;Norte;Choque Contra Objeto Fixo;1;;;;;;;;;;3;;;;
16/07/2018;08:01:00;57;sem vítima;613,6;BR-324/BA;Leste;Colisão Lateral;1;;1;;;;;;;;2;;;;
16/07/2018;09:50:00;90;sem vítima;724;BR-116/BA;Sul;Engavetamento;1;;2;;;;;;;;3;;;;
16/07/2018;11:15:00;109;sem vítima;616,1;BR-116/BA;Norte;Saida de Pista;1;;;;;;;;;;1;;;;
16/07/2018;11:40:00;120;sem vítima;625,3;BR-324/BA;Leste;Engavetamento;4;;2;;;;;;;;6;;;;
16/07/2018;15:32:00;167;sem vítima;886,6;BR-116/BA;Norte;Sequência;1;;2;;;;;;;;5;;;;
16/07/2018;19:03:00;232;sem vítima;610;BR-324/BA;Leste;Capotamento;;;;;;;;;;1;4;;;;
16/07/2018;19:17:00;235;com vítima;587;BR-324/BA;Oeste;Saida de Pista;1;;;;;;;;;;0;2;;;
17/07/2018;06:09:00;20;sem vítima;550;BR-324/BA;Leste;Colisão Lateral;1;;1;;;;;;;;4;;;;
17/07/2018;09:57:00;93;sem vítima;528;BR-116/BA;Sul;Saida de Pista;1;;;;;;;;;;1;;;;
17/07/2018;16:47:00;195;sem vítima;838;BR-116/BA;Norte;Colisão Traseira;;;2;;;;;;;;2;;;;
17/07/2018;17:27:00;202;sem vítima;595,8;BR-324/BA;Oeste;Saida de Pista;;;;;;;;;;1;3;;;;
17/07/2018;19:48:00;225;com vítima;788;BR-116/BA;Norte;Atropelamento - Ciclista;;1;;;;1;;;;;1;1;;;
18/07/2018;06:00:00;26;sem vítima;581,1;BR-116/BA;Sul;Colisão Traseira;2;;;;;;;;;;7;;;;
18/07/2018;14:33:00;148;sem vítima;615,9;BR-324/BA;Leste;Colisão Traseira;2;;;;;;;;;;2;;;;
18/07/2018;18:43:00;211;sem vítima;614,8;BR-324/BA;Leste;Engavetamento;2;;;;;;;;;1;3;;;;
19/07/2018;04:59:00;33;sem vítima;579,9;BR-324/BA;Leste;Colisão Lateral;1;;;;;;;;;;5;;;;
19/07/2018;07:54:00;69;com vítima;621;BR-324/BA;Leste;Engavetamento;2;;;;1;;;;;;37;1;;;
19/07/2018;19:16:00;211;com vítima;900;BR-116/BA;Sul;Colisão Transversal;2;;;;;;;;;;2;;1;;
20/07/2018;04:48:00;9;sem vítima;493,7;BR-116/BA;Sul;Saida de Pista;;;1;;;;;;;;2;;;;
20/07/2018;05:12:00;14;sem vítima;428,3;BR-116/BA;Norte;Saida de Pista;1;;;;;;;;;;2;;;;
20/07/2018;07:12:00;49;sem vítima;438;BR-116/BA;Sul;Saida de Pista;1;;;;;;;;;;2;;;;
20/07/2018;07:17:00;53;sem vítima;558,5;BR-324/BA;Oeste;Engavetamento;3;;;;;;;;;1;10;;;;
20/07/2018;07:21:00;56;com vítima;535;BR-324/BA;Leste;Colisão Traseira;;;2;;;;;;;1;2;1;;;
20/07/2018;08:14:00;74;sem vítima;433,5;BR-116/BA;Norte;Saida de Pista;;;;;;;;;;1;1;;;;
20/07/2018;08:25:00;76;com vítima;438;BR-116/BA;Sul;Saida de Pista;1;;;;;;;;;;2;;1;;
20/07/2018;10:12:00;103;com vítima;13;BR-116/BA - Cont VC;Norte;Colisão Traseira;;;;1;;;;;;1;2;2;;;
20/07/2018;10:30:00;108;sem vítima;530;BR-324/BA;Leste;Colisão Traseira;1;;;;;1;;;;;2;;;;
20/07/2018;10:25:00;122;sem vítima;13;BR-116/BA - Cont VC;Norte;Atropelamento de Animal;1;;;;;;;;;;1;;;;
20/07/2018;15:40:00;176;com vítima;555;BR-324/BA;Oeste;Colisão Traseira;1;;;1;;1;;;;;2;;1;1;
20/07/2018;19:56:00;235;sem vítima;603,4;BR-116/BA;Sul;Colisão Lateral;1;;1;;;;;;;;2;;;;
20/07/2018;21:55:00;256;com vítima;6,7;BR-116/BA - ContSuFS;Sul;Colisão Frontal;;;;2;;;;;;;0;;;;2
21/07/2018;06:47:00;27;sem vítima;540;BR-116/BA;Sul;Queda de Moto;;;;1;;;;;;;1;;;;
21/07/2018;20:50:00;204;com vítima;525;BR-324/BA;Leste;Atropelamento - Ciclista;1;1;;;;;;;;;1;;1;;
22/07/2018;01:07:00;8;com vítima;819,9;BR-116/BA;Sul;Queda de Moto;;;;1;;;;;;;0;;1;;
22/07/2018;16:42:00;119;com vítima;587;BR-324/BA;Oeste;Saida de Pista;1;;;;;;;;;;2;1;2;;
22/07/2018;21:50:00;164;com vítima;1;BR-116/BA - ContSuFS;Norte;Queda de Moto;1;;;;;;;;;;0;1;;;
22/07/2018;21:51:00;165;sem vítima;619,4;BR-324/BA;Leste;Saida de Pista;1;;;;;;;;;;1;;;;
23/07/2018;05:54:00;21;com vítima;1;BR-116/BA - ContSuFS;Norte;Colisão Lateral;;;;1;;1;;;;;1;1;;;
23/07/2018;15:19:00;210;sem vítima;682,6;BR-116/BA;Sul;Saida de Pista;1;;;;;;;;;;4;;;;
23/07/2018;16:49:00;229;com vítima;466;BR-116/BA;Sul;Colisão Traseira;1;;;1;;;;;;;1;2;1;;
23/07/2018;18:24:00;246;com vítima;612,1;BR-324/BA;Leste;Engavetamento;1;;;;;2;;;;1;3;1;;;
23/07/2018;18:26:00;247;com vítima;9;BA-526;Sul;Queda de Moto;;;;1;;;;;;;0;1;;;
23/07/2018;18:31:00;249;com vítima;814;BR-116/BA;Norte;Atropelamento - Ciclista;;;;1;;1;;;;;2;1;;;
24/07/2018;08:47:00;66;sem vítima;624;BR-324/BA;Leste;Queda de Moto;;;;1;;;;;;;1;;;;
24/07/2018;14:46:00;160;sem vítima;581;BR-324/BA;Leste;Saida de Pista;1;;;;;;;;;;2;;;;
24/07/2018;17:40:00;195;sem vítima;614,9;BR-324/BA;Leste;Colisão Traseira;;;2;;;;;;;;2;;;;
25/07/2018;08:22:00;65;com vítima;431,3;BR-116/BA;Norte;Colisão Traseira;;;;1;;1;;;;;1;2;;;
25/07/2018;09:55:00;97;sem vítima;713;BR-116/BA;Norte;Queda de Moto;;;;1;;;;;;;1;;;;
25/07/2018;11:56:00;119;sem vítima;543;BR-116/BA;Norte;Colisão Traseira;1;;1;;;;;;;;2;;;;
25/07/2018;15:32:00;165;sem vítima;865;BR-116/BA;Sul;Colisão Traseira;;;2;;;;;;;;2;;;;
25/07/2018;16:18:00;181;sem vítima;599;BR-324/BA;Leste;Colisão Lateral;;;;;;;;;;2;4;;;;
26/07/2018;11:19:00;106;sem vítima;777;BR-116/BA;Norte;Colisão Traseira;;;2;;;;;;;;2;;;;
26/07/2018;12:11:00;118;sem vítima;588;BR-324/BA;Leste;Saida de Pista;1;;;;;;;;;;1;;;;
26/07/2018;14:55:00;156;com vítima;585,5;BR-116/BA;Sul;Saida de Pista;1;;;;;;;;;;3;2;;;
26/07/2018;15:57:00;170;sem vítima;620;BR-324/BA;Oeste;Colisão Traseira;1;;;;;1;;;;;4;;;;
26/07/2018;17:01:00;185;sem vítima;568,5;BR-324/BA;Oeste;Saida de Pista;1;;;;;;;;;;1;;;;
26/07/2018;18:59:00;217;sem vítima;849,2;BR-116/BA;Sul;Colisão Lateral;1;;1;;;;;;;;4;;;;
27/07/2018;18:17:00;232;sem vítima;793,5;BR-116/BA;Sul;Colisão Lateral;1;;1;;;;;;;;4;;;;
28/07/2018;00:48:00;8;sem vítima;588,1;BR-324/BA;Leste;Colisão Traseira;;;2;;;;;;;;6;;;;
28/07/2018;08:27:00;53;sem vítima;21,8;BR-116/BA - Cont VC;Norte;Colisão Lateral;1;;1;;;;;;;;4;;;;
28/07/2018;11:11:00;88;com vítima;617;BR-324/BA;Oeste;Colisão Lateral;1;;;1;;1;;;;;3;1;;;
28/07/2018;14:47:00;128;sem vítima;607;BR-324/BA;Oeste;Colisão Traseira;1;;1;;;;;;;;4;;;;
28/07/2018;15:30:00;136;sem vítima;608,2;BR-324/BA;Oeste;Colisão Traseira;1;;;;;;;;;1;5;;;;
28/07/2018;17:13:00;158;sem vítima;521,6;BR-116/BA;Norte;Colisão Lateral;1;;1;;;;;;;;2;;;;
29/07/2018;08:48:00;33;sem vítima;883;BR-116/BA;Sul;Tombamento;;;1;;;;;;;;1;;;;
29/07/2018;10:22:00;55;com vítima;623;BR-324/BA;Leste;Colisão Traseira;2;;;1;;;;;;;6;1;;;
29/07/2018;16:07:00;126;sem vítima;618,8;BR-324/BA;Oeste;Colisão Lateral;2;;;;;;;;;;8;;;;
29/07/2018;16:12:00;128;sem vítima;589,3;BR-324/BA;Leste;Saida de Pista;1;;;;;;;;;;1;;;;
29/07/2018;18:46:00;163;com vítima;428;BR-116/BA;Norte;Engavetamento;;;;1;;;;;;2;7;1;;;
29/07/2018;21:07:00;194;sem vítima;593,2;BR-116/BA;Norte;Atropelamento de Animal;;;1;;;;;;;;1;;;;
30/07/2018;00:50:00;4;sem vítima;568;BR-324/BA;Leste;Colisão Lateral;;;1;;;1;;;;;2;;;;
30/07/2018;03:50:00;16;sem vítima;537;BR-324/BA;Oeste;Saida de Pista;1;;;;;;;;;;3;;;;
30/07/2018;06:51:00;34;sem vítima;579;BR-324/BA;Leste;Saida de Pista;1;;;;;;;;;;1;;;;
30/07/2018;08:15:00;75;sem vítima;612;BR-324/BA;Leste;Colisão Traseira;1;;;;;1;;;;;2;;;;
30/07/2018;09:17:00;108;sem vítima;599;BR-324/BA;Oeste;Colisão Lateral;2;;;;;;;;;;2;;;;
30/07/2018;12:01:00;160;sem vítima;565;BR-324/BA;Oeste;Saida de Pista;1;;;;;;;;;;1;;;;
30/07/2018;16:29:00;233;com vítima;15,4;BR-116/BA - Cont VC;Norte;Queda de Moto;;;;1;;;;;;;0;1;;;
30/07/2018;16:31:00;234;sem vítima;647,3;BR-116/BA;Sul;Saida de Pista;;;;;;;;;;1;2;;;;
31/07/2018;06:45:00;38;com vítima;833;BR-116/BA;Sul;Colisão Traseira;;;;2;;;;;;;0;2;;;
31/07/2018;07:05:00;44;sem vítima;616;BR-324/BA;Leste;Engavetamento;5;;;;;;;;;;10;;;;
31/07/2018;07:05:00;69;sem vítima;616;BR-324/BA;Leste;Colisão Traseira;2;;;;;;;;;;3;;;;
31/07/2018;10:49:00;123;com vítima;805;BR-116/BA;Sul;Colisão Transversal;;;;1;;;;;;1;1;1;;;
31/07/2018;13:49:00;149;sem vítima;445,3;BR-116/BA;Sul;Saida de Pista;1;;;;;;;;;;1;;;;
31/07/2018;15:16:00;174;sem vítima;459;BR-116/BA;Sul;Colisão Traseira;2;;;;;;;;;;7;;;;
31/07/2018;17:18:00;206;sem vítima;778,7;BR-116/BA;Sul;Colisão Lateral;;;1;;;;;;;1;2;;;;
31/07/2018;17:34:00;210;com vítima;537;BR-324/BA;Oeste;Atropelamento - Ciclista;;1;;;;;;;;1;4;;;;1
31/07/2018;18:30:00;226;sem vítima;530;BR-324/BA;Leste;Saida de Pista;1;;;;;;;;;;1;;;;
01/08/2018;03:29:00;8;sem vítima;594,8;BR-324/BA;Oeste;Colisão Lateral;1;;;;;1;;;;;2;;;;
01/08/2018;07:01:00;28;com vítima;558,5;BR-116/BA;Sul;Saida de Pista;;;1;;;;;;;;0;;1;;
01/08/2018;09:12:00;67;sem vítima;551,6;BR-324/BA;Leste;Engavetamento;3;;;;;;;;;;7;;;;
01/08/2018;11:31:00;112;com vítima;608;BR-324/BA;Oeste;Queda de Moto;;;;1;;;;;;;0;;1;;
01/08/2018;13:14:00;137;sem vítima;573,8;BR-324/BA;Leste;Saida de Pista;1;;;;;;;;;;1;;;;
01/08/2018;13:56:00;149;com vítima;549;BR-324/BA;Leste;Saida de Pista;1;;;;;;;;;;0;1;;;
01/08/2018;15:10:00;174;sem vítima;551;BR-324/BA;Oeste;Colisão Traseira;;;2;;;;;;;;2;;;;
01/08/2018;15:30:00;181;sem vítima;574;BR-324/BA;Leste;Saida de Pista;;;;;;;;;;1;2;;;;
01/08/2018;16:33:00;204;com vítima;738,7;BR-116/BA;Norte;Colisão Traseira;;;2;;;;;;;;1;;1;;
01/08/2018;18:15:00;229;sem vítima;620,3;BR-324/BA;Oeste;Colisão Traseira;1;;;;;;;;;1;7;;;;
02/08/2018;07:15:00;49;com vítima;820,3;BR-116/BA;Sul;Colisão Frontal;1;;;1;;;;;;;1;1;;;
02/08/2018;12:25:00;166;com vítima;449;BR-116/BA;Norte;Colisão Traseira;1;;2;;;;;;;;2;;;1;5
02/08/2018;17:52:00;240;com vítima;603,4;BR-324/BA;Oeste;Atropelamento de Pedestre;;;;;;;;;;1;1;;1;;
02/08/2018;20:52:00;274;sem vítima;617,4;BR-324/BA;Leste;Colisão Lateral;1;;;;1;;;;;;5;;;;
02/08/2018;22:38:00;289;com vítima;610;BR-324/BA;Leste;Saida de Pista;1;;;;;;;;;;1;;1;;
03/08/2018;06:45:00;26;sem vítima;609,2;BR-324/BA;Oeste;Colisão Traseira;1;;;;;;;;;;2;;;;
03/08/2018;08:04:00;77;sem vítima;544;BR-116/BA;Sul;Colisão Traseira;;;2;;;;;;;;2;;;;
03/08/2018;08:38:00;85;sem vítima;621,45;BR-324/BA;Oeste;Engavetamento;2;;;;;;;;;1;7;;;;
03/08/2018;15:37:00;183;sem vítima;547;BR-324/BA;Oeste;Colisão Lateral;;;1;;;;;;;1;2;;;;
03/08/2018;16:43:00;197;com vítima;622;BR-324/BA;Leste;Queda de Moto;;;;1;;;;;;;0;1;;;
03/08/2018;16:49:00;199;com vítima;818,9;BR-116/BA;Norte;Queda de Moto;;;;1;;;;;;;0;;1;;
03/08/2018;17:40:00;219;sem vítima;673;BR-116/BA;Sul;Colisão Lateral;;;2;;;;;;;;3;;;;
03/08/2018;18:50:00;232;sem vítima;0;BR-116/BA - ContSuFS;Norte;Colisão Lateral;1;;1;;;;;;;;6;;;;
03/08/2018;19:04:00;241;com vítima;520,5;BR-324/BA;Oeste;Colisão Traseira;;;;1;;;;;;1;1;1;;;
03/08/2018;19:44:00;256;com vítima;818,9;BR-116/BA;Sul;Queda de Moto;;;;1;;;;;;;0;1;;;
03/08/2018;19:45:00;257;sem vítima;624,7;BR-324/BA;Oeste;Colisão Traseira;2;;;;;;;;;;4;;;;
04/08/2018;03:10:00;14;sem vítima;554,4;BR-324/BA;Oeste;Saida de Pista;;;;;;;;;;1;2;;;;
04/08/2018;03:58:00;17;sem vítima;524;BR-324/BA;Leste;Colisão Traseira;;;1;;;;;;;1;4;;;;
04/08/2018;14:26:00;107;com vítima;673;BR-116/BA;Sul;Colisão Lateral;;1;;;1;;;;;;24;1;;;
04/08/2018;15:44:00;126;sem vítima;584;BR-324/BA;Oeste;Colisão Traseira;1;;;;;1;;;;;6;;;;
04/08/2018;18:52:00;175;sem vítima;20;BR-116/BA - Cont VC;Sul;Saida de Pista;1;;;;;;;;;;2;;;;
05/08/2018;02:38:00;7;com vítima;622,2;BR-324/BA;Oeste;Queda de Moto;;;;1;;;;;;;0;;1;;
05/08/2018;05:57:00;15;com vítima;524,1;BR-116/BA;Norte;Saida de Pista;;;1;;;;;;;;1;1;;;
05/08/2018;09:46:00;45;com vítima;809,1;BR-116/BA;Sul;Colisão Lateral;1;;1;;;;;;;;2;2;;;
05/08/2018;15:17:00;111;sem vítima;642;BR-116/BA;Norte;Colisão Traseira;;;2;;;;;;;;2;;;;
05/08/2018;18:36:00;159;com vítima;817;BR-116/BA;Sul;Colisão Lateral;1;;1;;;;;;;;2;2;1;;
05/08/2018;19:30:00;174;sem vítima;14;BR-116/BA - Cont VC;Norte;Colisão Traseira;1;;;;;;;;;;2;;;;
05/08/2018;19:37:00;175;com vítima;3;BR-116/BA - ContSuFS;Norte;Atropelamento de Pedestre;;;;1;;;;;;;1;;2;;
05/08/2018;21:03:00;180;sem vítima;593,4;BR-324/BA;Leste;Saida de Pista;1;;;;;;;;;;2;;;;
05/08/2018;22:51:00;189;sem vítima;7;BR-116/BA - ContSuFS;Norte;Saida de Pista;1;;;;;;;;;;2;;;;
06/08/2018;00:43:00;8;sem vítima;622;BR-324/BA;Leste;Saida de Pista;1;;1;;;;;;;;3;;;;
06/08/2018;09:10:00;71;sem vítima;537,2;BR-116/BA;Sul;Saida de Pista;1;;;;;;;;;;1;;;;
06/08/2018;12:07:00;122;sem vítima;454,9;BR-116/BA;Norte;Choque Contra Objeto Fixo;;;1;;;;;;;;1;;;;
06/08/2018;12:12:00;123;sem vítima;595;BR-324/BA;Leste;Colisão Traseira;1;;;;;1;;;;;2;;;;
06/08/2018;16:20:00;179;sem vítima;532;BR-324/BA;Leste;Saida de Pista;1;;;;;;;;;;1;;;;
06/08/2018;16:45:00;187;com vítima;434;BR-116/BA;Norte;Saida de Pista;;;1;;;;;;;;0;;1;;
07/08/2018;01:39:00;9;com vítima;924;BR-116/BA;Sul;Colisão Traseira;;;2;;;;;;;;1;1;;;
07/08/2018;07:42:00;47;sem vítima;493,6;BR-116/BA;Norte;Colisão Lateral;;;2;;;;;;;;5;;;;
07/08/2018;12:50:00;163;sem vítima;639,1;BR-116/BA;Sul;Engavetamento;;;;;;2;;;;1;3;;;;
07/08/2018;17:46:00;224;sem vítima;564;BR-324/BA;Leste;Queda de Moto;;;;1;;;;;;;2;;;;
07/08/2018;18:02:00;231;com vítima;495;BR-116/BA;Norte;Saida de Pista;1;;;;;;;;;;0;1;;;
08/08/2018;05:15:00;15;sem vítima;613;BR-324/BA;Oeste;Colisão Lateral;1;;;;;;;;;;1;;;;
08/08/2018;07:14:00;37;sem vítima;4;BA-528;Norte;Colisão Traseira;1;;;1;;;;;;;2;;;;
08/08/2018;08:31:00;72;sem vítima;613;BR-324/BA;Oeste;Colisão Traseira;5;;;;;;;;;;5;;;;
08/08/2018;09:00:00;78;sem vítima;605,2;BR-324/BA;Leste;Colisão Lateral;1;;;;;;;;;;1;;;;
08/08/2018;13:09:00;140;sem vítima;612,9;BR-324/BA;Leste;Colisão Lateral;;;2;;;;;;;;2;;;;
09/08/2018;06:26:00;14;sem vítima;548,2;BR-324/BA;Leste;Choque Contra Objeto Fixo;1;;;;;;;;;;1;;;;
09/08/2018;08:16:00;55;sem vítima;626,15;BR-324/BA;Oeste;Colisão Traseira;1;;;1;;;;;;;2;;;;
09/08/2018;10:22:00;98;sem vítima;590,7;BR-324/BA;Leste;Outros;;;2;;;;;;;;2;;;;
09/08/2018;11:33:00;127;com vítima;817,9;BR-116/BA;Sul;Colisão Transversal;;;;1;;;;;;1;1;1;;;
09/08/2018;15:05:00;177;sem vítima;16,1;BR-116/BA - Cont VC;Sul;Colisão Transversal;2;;;;;;;;;;5;;;;
09/08/2018;15:18:00;182;com vítima;460,8;BR-116/BA;Sul;Colisão Traseira;;;1;1;;;;;;;1;;1;;
09/08/2018;20:56:00;248;sem vítima;523;BR-324/BA;Leste;Choque Contra Objeto Fixo;1;;;;;;;;;;1;;;;
09/08/2018;22:21:00;256;sem vítima;533,3;BR-324/BA;Leste;Atropelamento de Animal;1;;;;;;;;;;1;;;;
10/08/2018;03:09:00;8;sem vítima;466,7;BR-116/BA;Norte;Saida de Pista;;;1;;;;;;;;1;;;;
10/08/2018;07:06:00;31;com vítima;461;BR-116/BA;Norte;Colisão Transversal;1;;;1;;;;;;;1;1;;;
10/08/2018;08:02:00;44;sem vítima;614;BR-324/BA;Leste;;1;;;;;;;;;1;2;;;;
10/08/2018;12:45:00;115;sem vítima;568,7;BR-116/BA;Sul;Tombamento;;;1;;;;;;;;1;;;;
10/08/2018;16:46:00;171;sem vítima;615;BR-324/BA;Leste;Queda de Moto;;;;1;;1;;;;;2;;;;
10/08/2018;20:48:00;219;sem vítima;912;BR-116/BA;Norte;Colisão Lateral;1;;1;;;;;;;;2;;;;
10/08/2018;22:31:00;229;sem vítima;445,9;BR-116/BA;Sul;Saida de Pista;;;1;;;;;;;;1;;;;
11/08/2018;08:10:00;36;com vítima;542,1;BR-324/BA;Oeste;Engavetamento;4;;2;;;;;;;2;19;3;;;
11/08/2018;14:42:00;108;com vítima;870,5;BR-116/BA;Norte;Colisão Transversal;1;;1;;;;;;;;4;1;1;;1
11/08/2018;15:49:00;125;sem vítima;532,8;BR-324/BA;Leste;Colisão Lateral;1;;;;;;;;;1;2;;;;
11/08/2018;21:11:00;202;sem vítima;477;BR-116/BA;Norte;Colisão Traseira;1;;;;;1;;;;;5;;;;
11/08/2018;23:29:00;214;com vítima;437,8;BR-116/BA;Sul;Colisão Lateral;;;;1;;1;;;;;1;;1;;
12/08/2018;05:57:00;13;com vítima;827;BR-116/BA;Sul;Colisão Traseira;;;;1;;1;;;;;1;1;;;
12/08/2018;08:48:00;32;sem vítima;570;BR-324/BA;Leste;Saida de Pista;1;;;;;;;;;;1;;;;
12/08/2018;09:56:00;44;com vítima;718;BR-116/BA;Sul;Tombamento;;;1;;;;;;;;0;1;;;
12/08/2018;10:43:00;50;sem vítima;570;BR-324/BA;Oeste;Saida de Pista;1;;;;;;;;;;2;;;;
12/08/2018;17:54:00;128;sem vítima;531,9;BR-324/BA;Oeste;Colisão Traseira;2;;;;;;;;;;2;;;;
12/08/2018;18:32:00;141;sem vítima;580,1;BR-324/BA;Leste;Engavetamento;2;;;;;;;;;1;6;;;;
12/08/2018;19:42:00;161;com vítima;838;BR-116/BA;Norte;Colisão Lateral;;;1;1;;;;;;;1;;;;2
12/08/2018;19:55:00;165;sem vítima;523;BR-324/BA;Oeste;Colisão Traseira;1;;;;;1;;;;;2;;;;
12/08/2018;22:17:00;182;sem vítima;457;BR-116/BA;Sul;Saida de Pista;1;;;;;;;;;;1;;;;
13/08/2018;01:35:00;13;sem vítima;447,6;BR-116/BA;Sul;Saida de Pista;;;1;;;;;;;;1;;;;
13/08/2018;04:59:00;26;com vítima;462,5;BR-116/BA;Sul;Queda de Moto;;;;1;;;;;;;0;1;;;
13/08/2018;06:57:00;55;sem vítima;537;BR-324/BA;Leste;Colisão Traseira;2;;;;;;;;;;3;;;;
13/08/2018;08:18:00;88;com vítima;828;BR-116/BA;Sul;Colisão Lateral;1;;;1;;;;;;;1;1;;;
13/08/2018;08:33:00;98;sem vítima;563;BR-324/BA;Oeste;Saida de Pista;1;;;;;;;;;;1;;;;
13/08/2018;08:39:00;101;sem vítima;609,45;BR-324/BA;Leste;Colisão Traseira;2;;;;;;;;;;3;;;;
13/08/2018;08:52:00;108;sem vítima;609,5;BR-324/BA;Leste;Colisão Traseira;;;;;;1;;;;1;3;;;;
13/08/2018;10:10:00;132;sem vítima;619;BR-324/BA;Oeste;Colisão Traseira;;;;1;1;;;;;;2;;;;
13/08/2018;14:31:00;192;com vítima;574;BR-324/BA;Oeste;Saida de Pista;;;1;;;;;;;;0;1;1;2;
13/08/2018;18:05:00;244;com vítima;521;BR-324/BA;Leste;Atropelamento de Pedestre;;;;;;;;;;;0;;1;;
14/08/2018;01:07:00;3;sem vítima;543;BR-324/BA;Oeste;Saida de Pista;1;;;;;;;;;;3;;;;
14/08/2018;07:51:00;43;com vítima;618,8;BR-324/BA;Leste;Queda de Moto;;;;1;;;;;;;0;2;;;
14/08/2018;08:32:00;53;com vítima;5;BA-526;Norte;Choque Contra Objeto Fixo;1;;;;;;;;;;0;1;;;
14/08/2018;10:21:00;87;sem vítima;636,5;BR-116/BA;Norte;Engavetamento;;;2;;;;;;;1;3;;;;
14/08/2018;10:43:00;93;com vítima;5;BR-116/BA - ContSuFS;Sul;Colisão Lateral;1;;1;;;;;;;;2;;1;;
14/08/2018;13:03:00;126;com vítima;485;BR-116/BA;Sul;Colisão Lateral;;;1;1;;;;;;;1;;1;;
14/08/2018;15:36:00;158;sem vítima;553;BR-324/BA;Oeste;Saida de Pista;1;;;;;;;;;;1;;;;
14/08/2018;17:55:00;182;com vítima;618,3;BR-324/BA;Leste;Queda de Moto;;;;1;;;;;;;0;1;1;;
14/08/2018;18:07:00;185;sem vítima;610,8;BR-324/BA;Leste;Engavetamento;3;;;;;;;;;;5;;;;
14/08/2018;19:01:00;194;sem vítima;5,2;BR-116/BA - ContSuFS;Sul;Engavetamento;2;;1;;;;;;;;6;;;;
14/08/2018;19:16:00;195;sem vítima;623,7;BR-324/BA;Oeste;Colisão Lateral;1;;;1;;;;;;;4;;;;
14/08/2018;19:21:00;197;com vítima;464,3;BR-116/BA;Sul;Colisão Frontal;2;;;;;;;;;;5;1;;;
14/08/2018;20:54:00;212;com vítima;619,2;BR-324/BA;Oeste;Queda de Moto;;;;1;;;;;;;0;1;;;
15/08/2018;05:47:00;17;com vítima;620,2;BR-324/BA;Oeste;Queda de Moto;;;;1;;;;;;;0;;1;;
15/08/2018;07:48:00;55;sem vítima;609,15;BR-324/BA;Oeste;Engavetamento;2;;;;2;;;;;;4;;;;
15/08/2018;11:39:00;123;sem vítima;562,2;BR-324/BA;Oeste;Saida de Pista;1;;;;;;;;;;1;;;;
15/08/2018;12:29:00;129;sem vítima;620,8;BR-324/BA;Oeste;Saida de Pista;1;;;;;;;;;;2;;;;
16/08/2018;05:51:00;12;sem vítima;583;BR-116/BA;Norte;Saida de Pista;;;1;;;;;;;;1;;;;
16/08/2018;06:58:00;23;sem vítima;565;BR-324/BA;Oeste;Colisão Lateral;1;;1;;;;;;;;2;;;;
16/08/2018;08:39:00;68;sem vítima;447,7;BR-116/BA;Norte;Colisão Lateral;2;;1;;;;;;;;3;;;;
16/08/2018;16:06:00;178;sem vítima;879;BR-116/BA;Norte;Saida de Pista;1;;;;;;;;;;3;;;;
16/08/2018;16:28:00;186;sem vítima;525;BR-324/BA;Oeste;Colisão Traseira;2;;;;;;;;;;2;;;;
16/08/2018;16:30:00;188;sem vítima;1,2;BA-528;Norte;Saida de Pista;1;;;;;;;;;;1;;;;
17/08/2018;01:07:00;5;sem vítima;621,6;BR-324/BA;Leste;Colisão Traseira;2;;;;;;;;;;2;;;;