data;horario;n_da_ocorrencia;tipo_de_ocorrencia;km;trecho;sentido;tipo_de_acidente;automovel;bicicleta;caminhao;moto;onibus;outros;tracao_animal;transporte_de_cargas_especiais;trator_maquinas;utilitarios;ilesos;levemente_feridos;moderadamente_feridos;gravemente_feridos;mortos
17/08/2018;05:35:00;14;sem vítima;610;BR-324/BA;Oeste;Tombamento;;;1;;;;;;;;1;;;;
17/08/2018;06:24:00;20;com vítima;603;BR-324/BA;Oeste;Queda de Moto;;;;1;;;;;;;0;2;;;
17/08/2018;07:49:00;58;com vítima;9,1;BR-116/BA - Cont VC;Sul;Outros;;1;;;;1;;;;;1;;1;;
17/08/2018;10:09:00;104;com vítima;805,95;BR-116/BA;Sul;Queda de Moto;;;;1;;;;;;;1;1;;;
17/08/2018;13:21:00;156;sem vítima;556,7;BR-324/BA;Leste;Saida de Pista;;;1;;;;;;;;1;;;;
17/08/2018;18:35:00;243;sem vítima;625;BR-324/BA;Oeste;Colisão Traseira;1;;;;1;;;;;;29;;;;
18/08/2018;00:12:00;2;com vítima;746;BR-116/BA;Norte;Colisão Lateral;1;;1;;;;;;;;1;;1;;
18/08/2018;08:29:00;52;sem vítima;872;BR-116/BA;Norte;Colisão Transversal;;;3;;;;;;;;3;;;;
18/08/2018;09:53:00;66;com vítima;764,9;BR-116/BA;Sul;Engavetamento;1;;1;;1;;;;;;12;1;;;
18/08/2018;10:53:00;83;sem vítima;861,5;BR-116/BA;Sul;Engavetamento;;;3;;;;;;;;3;;;;
18/08/2018;17:29:00;166;sem vítima;543;BR-324/BA;Oeste;Colisão Traseira;1;;;1;;;;;;;2;;;;
19/08/2018;07:36:00;19;sem vítima;685,8;BR-116/BA;Sul;Engavetamento;;;3;;;1;;;;;4;;;;
19/08/2018;12:30:00;62;com vítima;607,1;BR-324/BA;Leste;Queda de Moto;;;;1;;;;;;;0;;;1;
19/08/2018;12:35:00;63;sem vítima;904,5;BR-116/BA;Norte;Colisão Traseira;;;1;;;;;;;1;3;;;;
19/08/2018;13:10:00;68;sem vítima;621,5;BR-324/BA;Leste;Choque Contra Objeto Fixo;1;;;;;;;;;;1;;;;
19/08/2018;14:02:00;73;sem vítima;27,5;BR-116/BA - Cont VC;Norte;Colisão Traseira;;;1;;1;;;;;;43;;;;
19/08/2018;15:33:00;95;sem vítima;434,2;BR-116/BA;Norte;Saida de Pista;1;;;;;;;;;;5;;;;
19/08/2018;15:50:00;104;sem vítima;543;BR-324/BA;Leste;Choque Contra Objeto Fixo;1;;;;;;;;;;5;;;;
19/08/2018;19:31:00;152;com vítima;778,5;BR-116/BA;Sul;Atropelamento de Pedestre;;;;;;1;;;;;1;1;;;
19/08/2018;19:41:00;156;sem vítima;593,8;BR-324/BA;Leste;Colisão Traseira;2;;;;;;;;;;9;;;;
19/08/2018;20:24:00;160;sem vítima;543,1;BR-324/BA;Oeste;Saida de Pista;1;;;;;;;;;;3;;;;
19/08/2018;21:11:00;169;sem vítima;614,3;BR-324/BA;Leste;Capotamento;1;;;;;;;;;;1;;;;
19/08/2018;22:30:00;175;com vítima;16;BR-116/BA - Cont VC;Norte;Colisão Lateral;;;1;1;;;;;;;1;;1;;
19/08/2018;22:36:00;177;sem vítima;616;BR-324/BA;Oeste;Saida de Pista;1;;;;;;;;;;3;;;;
19/08/2018;23:44:00;181;sem vítima;599;BR-324/BA;Leste;Colisão Traseira;1;;;;;;;;;;2;;;;
20/08/2018;01:23:00;8;sem vítima;27;BR-116/BA - Cont VC;Sul;Colisão Frontal;1;;1;;;;;;;;2;;;;
20/08/2018;05:39:00;25;sem vítima;599;BR-324/BA;Oeste;Choque Contra Objeto Fixo;1;;;;;;;;;;1;;;;
20/08/2018;06:31:00;33;sem vítima;604,7;BR-324/BA;Leste;Colisão Traseira;1;;1;;;;;;;;2;;;;
20/08/2018;07:20:00;53;sem vítima;453;BR-116/BA;Norte;Saida de Pista;;;;;;;;;;1;4;;;;
20/08/2018;07:49:00;71;sem vítima;453;BR-116/BA;Norte;Colisão Traseira;2;;;;;;;;;;2;;;;
20/08/2018;12:15:00;146;sem vítima;586;BR-116/BA;Norte;Colisão Lateral;1;;;;;1;;;;;3;;;;
20/08/2018;12:58:00;151;com vítima;562;BR-324/BA;Oeste;Saida de Pista;;;1;;;;;;;;1;2;;;
20/08/2018;13:28:00;161;sem vítima;582;BR-324/BA;Leste;Saida de Pista;1;;;;;;;;;;4;;;;
20/08/2018;19:16:00;240;sem vítima;537,2;BR-324/BA;Leste;Saida de Pista;1;;;;;;;;;;2;;;;
20/08/2018;20:45:00;253;sem vítima;550;BR-324/BA;Oeste;Colisão Traseira;1;;;;;;;;;1;3;;;;
21/08/2018;01:30:00;7;sem vítima;881,3;BR-116/BA;Norte;Saida de Pista;;;1;;;;;;;;1;;;;
21/08/2018;05:07:00;16;sem vítima;531;BR-116/BA;Norte;Saida de Pista;;;;;;;;;;1;3;;;;
21/08/2018;06:48:00;35;sem vítima;608,2;BR-324/BA;Oeste;Colisão Traseira;;;;1;;;;;;;1;;;;
21/08/2018;09:17:00;94;sem vítima;614,1;BR-324/BA;Oeste;Engavetamento;3;;;;;;;;;;4;;;;
21/08/2018;12:12:00;142;sem vítima;530,9;BR-116/BA;Sul;Saida de Pista;;;1;;;;;;;;1;;;;
21/08/2018;13:51:00;168;sem vítima;580;BR-116/BA;Norte;Tombamento;;;1;;;;;;;;1;;;;
21/08/2018;17:06:00;221;com vítima;809;BR-116/BA;Sul;Colisão Transversal;1;;;1;;;;;;;1;1;;;
21/08/2018;19:43:00;258;sem vítima;622,6;BR-324/BA;Oeste;Engavetamento;5;;;;;;;;;;8;;;;
22/08/2018;16:46:00;174;sem vítima;565,2;BR-324/BA;Oeste;Colisão Lateral;1;;1;;;;;;;;4;;;;
22/08/2018;18:56:00;203;com vítima;613,2;BR-116/BA;Sul;Colisão Lateral;;;2;;;;;;;;1;;1;;
23/08/2018;05:16:00;14;sem vítima;546;BR-324/BA;Oeste;Colisão Traseira;1;;;;;1;;;;;2;;;;
23/08/2018;11:10:00;113;sem vítima;559,2;BR-116/BA;Sul;Queda de Moto;;;;1;;;;;;;1;;;;
23/08/2018;15:00:00;174;com vítima;541;BR-324/BA;Leste;Colisão Traseira;3;;;;;;;;;;3;1;;;
23/08/2018;16:00:00;182;sem vítima;24,8;BR-116/BA - Cont VC;Sul;Colisão Traseira;1;;1;;;;;;;;2;;;;
23/08/2018;16:03:00;183;sem vítima;540,2;BR-324/BA;Leste;Colisão Traseira;2;;;;;;;;;;2;;;;
23/08/2018;18:59:00;220;sem vítima;866;BR-116/BA;Norte;Colisão Lateral;;;4;;;;;;;;5;;;;
23/08/2018;23:28:00;253;sem vítima;626;BR-324/BA;Oeste;Colisão Traseira;2;;;;;;;;;;3;;;;
24/08/2018;00:21:00;7;sem vítima;427,7;BR-116/BA;Norte;Saida de Pista;1;;;;;;;;;;1;;;;
24/08/2018;06:54:00;42;sem vítima;617;BR-324/BA;Oeste;Engavetamento;3;;;;;;;;;;3;;;;
24/08/2018;07:09:00;49;com vítima;618;BR-324/BA;Leste;Queda de Moto;;;;1;;;;;;;0;1;;;
24/08/2018;07:41:00;65;sem vítima;623,5;BR-324/BA;Leste;Colisão Traseira;2;;;;;;;;;;3;;;;
24/08/2018;09:04:00;103;sem vítima;511,4;BR-116/BA;Sul;Tombamento;;;1;;;;;;;;1;;;;
24/08/2018;09:41:00;124;sem vítima;3,1;BA-528;Sul;Colisão Traseira;1;;;;;1;;;;;2;;;;
24/08/2018;15:21:00;183;sem vítima;614;BR-324/BA;Leste;Colisão Traseira;1;;;;;;;;;1;2;;;;
24/08/2018;20:49:00;246;com vítima;534,5;BR-324/BA;Leste;Saida de Pista;1;;;;;;;;;;0;;1;;1
24/08/2018;20:56:00;248;sem vítima;737,5;BR-116/BA;Sul;Saida de Pista;;;1;;;;;;;;1;;;;
24/08/2018;22:37:00;262;sem vítima;903;BR-116/BA;Norte;Colisão Lateral;1;;1;;;;;;;;2;;;;
24/08/2018;22:40:00;264;sem vítima;738;BR-116/BA;Norte;Colisão Traseira;;;1;;;1;;;;;2;;;;
25/08/2018;07:54:00;40;com vítima;4,05;BR-116/BA - ContSuFS;Norte;Saida de Pista;1;;;;;;;;;;0;;3;;
25/08/2018;11:32:00;85;com vítima;775;BR-116/BA;Norte;Atropelamento - Ciclista;1;1;;;;;;;;;3;1;;;
25/08/2018;15:19:00;116;sem vítima;603;BR-324/BA;Leste;Colisão Lateral;1;;;;1;;;;;;2;;;;
25/08/2018;16:14:00;130;com vítima;526,1;BR-324/BA;Oeste;Queda de Moto;;;;1;;;;;;;0;1;;;
25/08/2018;18:35:00;156;com vítima;632;BR-116/BA;Norte;Atropelamento de Pedestre;;;;;;;;;;;0;;1;;
25/08/2018;20:27:00;178;com vítima;15;BR-116/BA - Cont VC;Norte;Saida de Pista;;;;1;;;;;;;0;2;;;
26/08/2018;06:19:00;19;sem vítima;571;BR-324/BA;Leste;Saida de Pista;1;;;;;;;;;;5;;;;
26/08/2018;17:25:00;121;sem vítima;541,9;BR-116/BA;Sul;Colisão Traseira;1;;1;;;;;;;;5;;;;
26/08/2018;22:07:00;171;com vítima;719,5;BR-116/BA;Norte;Saida de Pista;;;1;;;;;;;;0;1;;;
26/08/2018;22:11:00;172;com vítima;5;BR-116/BA - ContSuFS;Sul;Colisão Traseira;1;;1;;;;;;;;4;1;;;
26/08/2018;23:52:00;179;com vítima;536,8;BR-324/BA;Oeste;Saida de Pista;;;;;1;;;;;;24;1;;;
27/08/2018;04:04:00;8;com vítima;762,5;BR-116/BA;Sul;Saida de Pista;;;1;;;;;;;;0;1;;;
27/08/2018;04:16:00;9;sem vítima;530;BR-324/BA;Leste;Saida de Pista;;;;;;;;;;1;1;;;;
27/08/2018;05:26:00;12;sem vítima;567;BR-324/BA;Leste;Capotamento;1;;;;;;;;;;4;;;;
27/08/2018;07:02:00;33;com vítima;588,1;BR-324/BA;Leste;Saida de Pista;2;;;;;;;;;;2;3;1;;
27/08/2018;07:12:00;39;sem vítima;619,7;BR-324/BA;Leste;Engavetamento;4;;;;;;;;;;4;;;;
27/08/2018;07:21:00;45;com vítima;614,9;BR-324/BA;Oeste;Colisão Traseira;1;;;1;;;;;;;1;1;;;
27/08/2018;14:21:00;188;sem vítima;558;BR-324/BA;Oeste;Saida de Pista;1;;1;;;;;;;;2;;;;
27/08/2018;15:31:00;220;sem vítima;597,8;BR-324/BA;Oeste;Colisão Traseira;1;;;;;;;;;;4;;;;
27/08/2018;17:54:00;258;sem vítima;542;BR-324/BA;Leste;Colisão Traseira;1;;1;;;;;;;;5;;;;
27/08/2018;20:09:00;280;com vítima;615;BR-324/BA;Leste;Atropelamento de Pedestre;;;;;;;;;;;0;;;1;
27/08/2018;23:11:00;304;sem vítima;575;BR-116/BA;Sul;Colisão Traseira;;;2;;;;;;;;2;;;;
28/08/2018;03:38:00;10;sem vítima;602;BR-324/BA;Leste;Atropelamento de Animal;1;;;;;;;;;;6;;;;
28/08/2018;05:52:00;25;com vítima;610;BR-116/BA;Sul;Saida de Pista;1;;;;;;;;;;0;;2;;
28/08/2018;06:06:00;27;sem vítima;638,5;BR-116/BA;Sul;Saida de Pista;;;1;;;;;;;;2;;;;
28/08/2018;17:59:00;199;sem vítima;494,8;BR-116/BA;Norte;Colisão Traseira;;;1;;;1;;;;;2;;;;
29/08/2018;07:13:00;42;sem vítima;620;BR-324/BA;Oeste;Colisão Traseira;1;;;;;1;;;;;2;;;;
29/08/2018;08:06:00;69;sem vítima;622;BR-324/BA;Leste;Engavetamento;3;;;;;;;;;;4;;;;
29/08/2018;08:15:00;72;sem vítima;618;BR-324/BA;Leste;Colisão Lateral;1;;1;;;;;;;;4;;;;
29/08/2018;08:16:00;73;sem vítima;617,7;BR-324/BA;Leste;Engavetamento;3;;;;;;;;;;8;;;;
29/08/2018;18:06:00;198;com vítima;709;BR-116/BA;Sul;Atropelamento de Pedestre;;;;1;;;;;;;1;1;;;
29/08/2018;19:22:00;219;sem vítima;743,8;BR-116/BA;Sul;Colisão Traseira;2;;;;;;;;;;2;;;;
30/08/2018;04:18:00;11;sem vítima;617,13;BR-324/BA;Leste;Atropelamento de Animal;;;;;1;;;;;;4;;;;
30/08/2018;06:58:00;31;sem vítima;29,6;BR-116/BA - Cont VC;Sul;Tombamento;;;1;;;;;;;;1;;;;
30/08/2018;07:44:00;48;sem vítima;561;BR-324/BA;Leste;Saida de Pista;;;;;;;;;;1;1;;;;
30/08/2018;07:49:00;49;com vítima;828,3;BR-116/BA;Sul;Colisão Transversal;;1;;1;;;;;;;2;1;;;
30/08/2018;08:06:00;55;sem vítima;619,3;BR-324/BA;Leste;Colisão Lateral;1;;;;;1;;;;;2;;;;
30/08/2018;08:12:00;59;sem vítima;566,405;BR-116/BA;Norte;Colisão Traseira;;;2;;;;;;;;3;;;;
30/08/2018;08:20:00;64;com vítima;618;BR-324/BA;Leste;Colisão Traseira;2;;;1;;;;;;;2;;1;;
30/08/2018;09:38:00;97;sem vítima;617,8;BR-324/BA;Leste;Colisão Traseira;1;;;;;1;;;;;2;;;;
30/08/2018;18:55:00;246;sem vítima;608,6;BR-324/BA;Leste;Engavetamento;;;;;;2;;;;1;4;;;;
31/08/2018;00:49:00;7;sem vítima;584;BR-324/BA;Oeste;Atropelamento de Animal;;;1;;;;;;;;1;;;;
31/08/2018;00:49:00;8;sem vítima;609,5;BR-116/BA;Sul;Saida de Pista;1;;;;;;;;;;1;;;;
31/08/2018;08:14:00;80;sem vítima;462,1;BR-116/BA;Norte;Colisão Transversal;1;;;;;;;;;1;11;;;;
31/08/2018;09:23:00;114;sem vítima;618,1;BR-324/BA;Leste;Engavetamento;2;;1;;;;;;;;3;;;;
31/08/2018;16:40:00;265;sem vítima;540,2;BR-324/BA;Oeste;Choque Contra Objeto Fixo;2;;;;;;;;;1;5;;;;
31/08/2018;19:34:00;300;sem vítima;429,9;BR-116/BA;Norte;Saida de Pista;;;;1;;;;;;;1;;;;
31/08/2018;21:32:00;322;com vítima;713,7;BR-116/BA;Sul;Atropelamento de Pedestre;1;;;;;;;;;;5;;1;;
31/08/2018;22:05:00;326;com vítima;468;BR-116/BA;Norte;Saida de Pista;;;;1;;;;;;;0;1;;;
01/09/2018;01:50:00;9;sem vítima;613,8;BR-116/BA;Norte;Colisão Traseira;1;;;;;;;;;;2;;;;
01/09/2018;04:07:00;17;sem vítima;614,6;BR-324/BA;Leste;Saida de Pista;1;;;;;;;;;;1;;;;
01/09/2018;08:39:00;59;com vítima;495,1;BR-116/BA;Norte;Sequência;2;;;;;;;;;1;4;2;;;
01/09/2018;16:56:00;155;com vítima;786;BR-116/BA;Norte;Saida de Pista;;;;;;;;;;1;0;1;1;;
01/09/2018;17:23:00;159;com vítima;781;BR-116/BA;Sul;Colisão Lateral;;;;1;;;;;;1;1;1;1;;
01/09/2018;19:02:00;178;sem vítima;616,5;BR-324/BA;Oeste;Capotamento;1;;;;;;;;;;2;;;;
01/09/2018;19:49:00;184;sem vítima;613;BR-324/BA;Leste;Colisão Traseira;;;2;;;;;;;;2;;;;
01/09/2018;20:40:00;189;sem vítima;760;BR-116/BA;Norte;Colisão Traseira;2;;;;;;;;;;8;;;;
01/09/2018;21:15:00;196;sem vítima;805,3;BR-116/BA;Sul;Saida de Pista;;;;;;;;;;1;2;;;;
02/09/2018;06:58:00;20;sem vítima;525,9;BR-116/BA;Sul;Colisão Traseira;;;2;;;;;;;;2;;;;
02/09/2018;11:26:00;77;sem vítima;590;BR-324/BA;Leste;Saida de Pista;1;;;;;;;;;;1;;;;
02/09/2018;13:36:00;96;com vítima;675,9;BR-116/BA;Norte;Colisão Transversal;;;1;1;;;;;;;1;;;;1
02/09/2018;17:28:00;156;com vítima;530;BR-324/BA;Oeste;Colisão Lateral;;;;2;;;;;;;1;1;1;;
02/09/2018;17:40:00;159;com vítima;618,6;BR-116/BA;Norte;Saida de Pista;1;;;;;;;;;;0;;1;;
02/09/2018;18:04:00;164;sem vítima;568;BR-116/BA;Sul;Colisão Lateral;1;;1;;;;;;;;2;;;;
02/09/2018;18:41:00;179;com vítima;11;BR-116/BA - Cont VC;Norte;Colisão Frontal;1;;;1;;;;;;;1;1;;;
02/09/2018;19:15:00;188;com vítima;759;BR-116/BA;Norte;Atropelamento - Ciclista;;1;1;;;;;;;;1;1;;;
02/09/2018;19:39:00;191;sem vítima;607,9;BR-324/BA;Leste;Saida de Pista;1;;;;;;;;;;3;;;;
03/09/2018;05:19:00;17;sem vítima;522;BR-324/BA;Leste;Saida de Pista;1;;;;;;;;;;2;;;;
03/09/2018;06:03:00;20;sem vítima;566;BR-116/BA;Sul;Choque Contra Objeto Fixo;;;1;;;;;;;;1;;;;
03/09/2018;07:47:00;64;com vítima;506;BR-116/BA;Sul;Saida de Pista;;;1;;;;;;;;0;;1;;
03/09/2018;07:48:00;65;sem vítima;799,6;BR-116/BA;Norte;Saida de Pista;;;;;;;;;;1;1;;;;
03/09/2018;08:52:00;88;sem vítima;615,2;BR-324/BA;Leste;Engavetamento;1;;;1;;2;;;;;4;;;;
03/09/2018;17:06:00;210;sem vítima;923;BR-116/BA;Sul;Saida de Pista;1;;;;;;;;;;3;;;;
04/09/2018;00:33:00;1;sem vítima;607,85;BR-324/BA;Leste;Colisão Traseira;1;;1;;;;;;;;5;;;;
04/09/2018;00:53:00;3;sem vítima;466,3;BR-116/BA;Sul;Choque Contra Objeto Fixo;1;;;;;;;;;;1;;;;
04/09/2018;02:59:00;8;com vítima;623;BR-324/BA;Oeste;Atropelamento de Pedestre;;;;;1;;;;;;4;;;;1
04/09/2018;06:50:00;27;sem vítima;620,1;BR-324/BA;Leste;Engavetamento;3;;;;;;;;;1;6;;;;
04/09/2018;07:07:00;33;sem vítima;608,8;BR-324/BA;Leste;Colisão Traseira;1;;1;;;;;;;;4;;;;
04/09/2018;08:19:00;62;com vítima;621,4;BR-324/BA;Leste;Colisão Traseira;1;;;1;;;;;;;3;1;;;
04/09/2018;14:11:00;176;sem vítima;544;BR-324/BA;Oeste;Saida de Pista;1;;;;;;;;;;1;;;;
04/09/2018;15:32:00;208;com vítima;494;BR-116/BA;Sul;Queda de Moto;;;;1;;;;;;;0;;1;;
04/09/2018;16:12:00;221;sem vítima;592;BR-324/BA;Oeste;Saida de Pista;1;;;;;;;;;;1;;;;
04/09/2018;17:51:00;243;com vítima;593;BR-324/BA;Leste;Atropelamento de Pedestre;;;1;;;;;;;;1;;;;1
04/09/2018;23:31:00;306;com vítima;441,8;BR-116/BA;Sul;Tombamento;;;1;;;;;;;;1;1;;;
05/09/2018;04:23:00;26;sem vítima;613;BR-324/BA;Leste;Atropelamento de Animal;;;1;;;;;;;;3;;;;
05/09/2018;10:19:00;115;sem vítima;440,5;BR-116/BA;Sul;Colisão Traseira;;;2;;1;;;;;;30;;;;
05/09/2018;15:23:00;186;sem vítima;524,9;BR-324/BA;Oeste;Colisão Lateral;;;2;;;;;;;;2;;;;
05/09/2018;18:26:00;236;com vítima;817;BR-116/BA;Norte;Atropelamento de Pedestre;;;;;;1;;;;;1;;;1;
05/09/2018;18:38:00;238;com vítima;547;BR-324/BA;Oeste;Colisão Traseira;1;;;;;1;;;;;1;2;;;
05/09/2018;20:52:00;254;sem vítima;549,8;BR-324/BA;Leste;Colisão Lateral;1;;;;;1;;;;;2;;;;
05/09/2018;23:02:00;263;com vítima;465;BR-116/BA;Norte;Queda de Moto;;;;1;;;;;;;0;1;;;
06/09/2018;09:10:00;68;sem vítima;808,5;BR-116/BA;Sul;Colisão Lateral;1;;1;;;;;;;;2;;;;
06/09/2018;11:37:00;115;sem vítima;427,2;BR-116/BA;Norte;Saida de Pista;;;1;;;;;;;;1;;;;
06/09/2018;17:03:00;204;sem vítima;569;BR-324/BA;Oeste;Engavetamento;6;;;;;;;;;;20;;;;
06/09/2018;19:33:00;255;sem vítima;544;BR-324/BA;Oeste;Colisão Traseira;1;;1;;;;;;;;2;;;;
06/09/2018;20:10:00;266;sem vítima;592;BR-324/BA;Oeste;Engavetamento;3;;;;;;;;;;5;;;;
06/09/2018;22:17:00;297;sem vítima;12;BR-116/BA - Cont VC;Sul;Colisão Transversal;1;;;;;1;;;;;3;;;;
07/09/2018;06:00:00;41;sem vítima;559;BR-324/BA;Oeste;Colisão Traseira;1;;;;;1;;;;;4;;;;
07/09/2018;06:11:00;42;sem vítima;551;BR-324/BA;Oeste;Engavetamento;2;;;;;1;;;;;5;;;;
07/09/2018;07:39:00;70;sem vítima;605;BR-324/BA;Leste;Saida de Pista;;;1;;;;;;;;1;;;;
07/09/2018;09:21:00;100;sem vítima;616;BR-324/BA;Oeste;Colisão Traseira;2;;;;;1;;;;;3;;;;
07/09/2018;10:17:00;115;sem vítima;458;BR-116/BA;Sul;Colisão Traseira;;;1;;;1;;;;;3;;;;
07/09/2018;11:06:00;123;com vítima;614;BR-324/BA;Oeste;Engavetamento;4;;;;;1;;;;;12;1;;;
07/09/2018;11:11:00;125;sem vítima;549;BR-324/BA;Oeste;Engavetamento;3;;;;;1;;;;;8;;;;
07/09/2018;16:20:00;169;sem vítima;533,7;BR-324/BA;Oeste;Saida de Pista;;;;;;;;;;1;1;;;;
07/09/2018;16:50:00;178;sem vítima;585,2;BR-116/BA;Norte;Saida de Pista;1;;;;;;;;;;3;;;;
07/09/2018;17:49:00;186;sem vítima;517;BR-116/BA;Sul;Saida de Pista;;;1;;;;;;;;1;;;;
07/09/2018;20:41:00;212;sem vítima;814;BR-116/BA;Norte;Engavetamento;2;;;;;1;;;;;3;;;;
07/09/2018;22:43:00;217;com vítima;518,5;BR-324/BA;Oeste;Saida de Pista;1;;;;;;;;;;0;3;1;;
08/09/2018;01:32:00;8;sem vítima;539,5;BR-116/BA;Norte;Saida de Pista;1;;;;;;;;;;1;;;;
08/09/2018;04:12:00;16;sem vítima;776,8;BR-116/BA;Sul;Saida de Pista;1;;;;;;;;;;1;;;;
08/09/2018;05:09:00;18;sem vítima;619,3;BR-324/BA;Oeste;Queda de Moto;;;;1;;;;;;;1;;;;
08/09/2018;08:23:00;44;sem vítima;864,4;BR-116/BA;Sul;Colisão Traseira;;;3;;;;;;;;3;;;;
08/09/2018;23:32:00;197;sem vítima;9;BA-526;Sul;Colisão Frontal;2;;;;;;;;;;4;;;;
09/09/2018;11:50:00;108;com vítima;545;BR-324/BA;Leste;Colisão Transversal;;;;1;;1;;;;;1;1;;;
09/09/2018;14:09:00;130;com vítima;558;BR-324/BA;Leste;Saida de Pista;1;;;;;;;;;1;0;2;2;1;
09/09/2018;14:30:00;136;com vítima;778,2;BR-116/BA;Norte;Saida de Pista;1;;;;1;;;;;;20;;1;;
09/09/2018;15:13:00;151;sem vítima;553;BR-324/BA;Leste;Saida de Pista;1;;;;;1;;;;;2;;;;
09/09/2018;16:53:00;179;com vítima;583,95;BR-116/BA;Norte;Colisão Lateral;1;;1;;;;;;;;1;;1;;
09/09/2018;17:52:00;201;sem vítima;640;BR-116/BA;Sul;Saida de Pista;1;;;;;;;;;;1;;;;
09/09/2018;18:03:00;207;sem vítima;541,4;BR-324/BA;Leste;Engavetamento;3;;;;;;;;;;9;;;;
09/09/2018;18:34:00;222;sem vítima;617;BR-324/BA;Oeste;Colisão Traseira;2;;;;;;;;;;2;;;;
09/09/2018;18:42:00;226;com vítima;663,8;BR-116/BA;Sul;Colisão Lateral;;;;2;;;;;;;0;2;1;;
09/09/2018;19:29:00;244;sem vítima;550;BR-324/BA;Leste;Colisão Traseira;;;;;;;;;;2;19;;;;
09/09/2018;20:09:00;257;com vítima;618;BR-324/BA;Leste;Queda de Moto;;;;1;;;;;;;0;;;1;
10/09/2018;00:22:00;2;sem vítima;618,2;BR-324/BA;Leste;Capotamento;1;;;;;;;;;;1;;;;
10/09/2018;07:02:00;50;sem vítima;611,5;BR-324/BA;Leste;Colisão Traseira;2;;;;;;;;;;2;;;;
10/09/2018;08:57:00;92;com vítima;573;BR-116/BA;Sul;Queda de Moto;;;;1;;;;;;;0;1;;;
10/09/2018;08:59:00;93;sem vítima;601,1;BR-324/BA;Leste;Saida de Pista;1;;;;;;;;;;4;;;;
10/09/2018;15:51:00;186;sem vítima;26,2;BR-116/BA - Cont VC;Norte;Colisão Traseira;;;1;;;;;;;1;3;;;;
10/09/2018;15:55:00;190;sem vítima;674,1;BR-116/BA;Norte;Colisão Transversal;;;2;;;;;;;;2;;;;
10/09/2018;18:09:00;223;sem vítima;623,3;BR-324/BA;Oeste;Engavetamento;1;;;;;1;;;;1;6;;;;
10/09/2018;18:32:00;228;com vítima;619;BR-324/BA;Leste;Colisão Lateral;1;;1;;;;;;;;1;1;;;
11/09/2018;06:49:00;33;com vítima;623,4;BR-324/BA;Leste;Atropelamento - Ciclista;;1;;;;1;;;;;1;1;;;
11/09/2018;09:38:00;94;sem vítima;530;BR-324/BA;Oeste;Saida de Pista;1;;1;;;;;;;;2;;;;
11/09/2018;13:29:00;154;sem vítima;461;BR-116/BA;Norte;Engavetamento;1;;1;;;;;;;1;3;;;;
11/09/2018;13:52:00;157;com vítima;621;BR-324/BA;Oeste;Colisão Traseira;1;;;1;;;;;;;2;1;;;
11/09/2018;22:57:00;253;sem vítima;26,9;BR-116/BA - Cont VC;Sul;Saida de Pista;1;;;;;;;;;;1;;;;
12/09/2018;08:13:00;47;com vítima;619,6;BR-324/BA;Leste;Colisão Lateral;;;;1;;;;;;;0;;1;;
12/09/2018;12:44:00;134;com vítima;654,05;BR-116/BA;Norte;Colisão Lateral;2;;;;;;;;;;1;;1;;
12/09/2018;18:21:00;218;com vítima;624,8;BR-324/BA;Oeste;Colisão Lateral;;;;1;;;;;;;0;1;;;
12/09/2018;23:00:00;263;sem vítima;613,8;BR-116/BA;Norte;Saida de Pista;1;;;;;;;;;;1;;;;
13/09/2018;08:14:00;58;sem vítima;616,4;BR-324/BA;Leste;Engavetamento;3;;;;;;;;;;6;;;;
13/09/2018;12:51:00;153;sem vítima;629;BR-116/BA;Sul;Colisão Frontal;;;2;;;;;;;;2;;;;
13/09/2018;18:36:00;226;sem vítima;603;BR-324/BA;Leste;Colisão Lateral;1;;1;;;;;;;;3;;;;
13/09/2018;21:25:00;250;com vítima;14;BR-116/BA - Cont VC;Sul;Queda de Moto;;;;1;;;;;;;0;1;;;
13/09/2018;21:56:00;253;com vítima;9;BR-116/BA - Cont VC;Norte;Saida de Pista;1;;;;;;;;;;2;4;;;
13/09/2018;23:35:00;267;com vítima;728;BR-116/BA;Sul;Tombamento;;;1;;;;;;;;0;;;;1
14/09/2018;01:55:00;11;com vítima;696;BR-116/BA;Sul;Saida de Pista;;;1;;;;;;;;0;1;1;;
14/09/2018;03:26:00;14;sem vítima;915;BR-116/BA;Norte;Saida de Pista;1;;;;;;;;;;1;;;;
14/09/2018;07:23:00;50;sem vítima;725,1;BR-116/BA;Sul;Saida de Pista;;;1;;;;;;;;1;;;;
14/09/2018;07:34:00;58;sem vítima;617,2;BR-324/BA;Oeste;Colisão Traseira;1;;1;;;;;;;;5;;;;
14/09/2018;08:18:00;80;sem vítima;735,6;BR-116/BA;Sul;Colisão Traseira;;;;;;;;;;1;1;;;;
14/09/2018;08:31:00;86;com vítima;0,5;BR-116/BA - ContSuFS;Sul;Queda de Moto;;;;1;;;;;;;0;;1;;
14/09/2018;09:15:00;100;sem vítima;581;BR-324/BA;Leste;Colisão Lateral;1;;;;;;;;;1;6;;;;
14/09/2018;14:43:00;163;sem vítima;773;BR-116/BA;Sul;Saida de Pista;1;;;;;;;;;;3;;;;
14/09/2018;18:25:00;229;sem vítima;551,3;BR-324/BA;Oeste;Saida de Pista;1;;;;;1;;;;;2;;;;
14/09/2018;23:00:00;286;com vítima;626;BR-324/BA;Oeste;Colisão Traseira;2;;;;;;;;;;3;2;;;