data;horario;n_da_ocorrencia;tipo_de_ocorrencia;km;trecho;sentido;tipo_de_acidente;automovel;bicicleta;caminhao;moto;onibus;outros;tracao_animal;transporte_de_cargas_especiais;trator_maquinas;utilitarios;ilesos;levemente_feridos;moderadamente_feridos;gravemente_feridos;mortos
15/09/2018;22:03:00;214;com vítima;620;BR-324/BA;Leste;Queda de Moto;;;;1;;;;;;;1;;1;;
16/09/2018;04:45:00;7;com vítima;518,05;BR-324/BA;Leste;Queda de Moto;;;;1;;;;;;;0;;1;;
16/09/2018;10:06:00;55;sem vítima;3,7;BR-116/BA - ContSuFS;Sul;Saida de Pista;1;;;;;;;;;;1;;;;
16/09/2018;16:14:00;134;com vítima;619,5;BR-324/BA;Leste;Colisão Traseira;1;;;1;;;;;;;4;1;;;
16/09/2018;20:28:00;185;sem vítima;5,15;BR-116/BA - ContSuFS;Sul;Atropelamento de Animal;;;1;;;;;;;;1;;;;
16/09/2018;21:08:00;194;sem vítima;616;BR-324/BA;Oeste;Capotamento;1;;;;;;;;;;8;;;;
16/09/2018;23:05:00;220;sem vítima;427,3;BR-116/BA;Sul;Atropelamento de Animal;;;;;1;;;;;;1;;;;
17/09/2018;02:52:00;9;com vítima;600,9;BR-324/BA;Leste;Tombamento;;;1;;;;;;;;1;;3;;
17/09/2018;06:29:00;22;com vítima;847;BR-116/BA;Norte;Queda de Moto;;;;1;;;;;;;0;;;1;
17/09/2018;14:34:00;177;sem vítima;611;BR-324/BA;Leste;Choque Contra Objeto Fixo;;;1;;;;;;;;1;;;;
17/09/2018;19:28:00;266;sem vítima;0;BR-116/BA - ContSuFS;Sul;Colisão Lateral;1;;1;;;;;;;;2;;;;
17/09/2018;22:55:00;290;com vítima;623,6;BR-324/BA;Oeste;Sequência;1;;;;1;1;;;;;4;;;1;
18/09/2018;13:47:00;139;com vítima;461,5;BR-116/BA;Norte;Colisão Traseira;2;;1;;;;;;;;1;2;1;;
18/09/2018;16:04:00;180;sem vítima;533,9;BR-324/BA;Leste;Colisão Traseira;1;;;;;;;;;;1;;;;
18/09/2018;17:26:00;214;sem vítima;566,5;BR-324/BA;Oeste;Colisão Lateral;1;;;;;1;;;;;2;;;;
18/09/2018;17:48:00;218;sem vítima;661,5;BR-116/BA;Sul;Colisão Traseira;;;1;;;1;;;;;3;;;;
18/09/2018;20:46:00;249;com vítima;528;BR-324/BA;Oeste;Sequência;1;;;1;;;;;;1;2;1;;;
18/09/2018;21:57:00;265;com vítima;754,9;BR-116/BA;Sul;Colisão Frontal;1;;1;;;;;;;;1;1;;;
19/09/2018;00:10:00;2;sem vítima;553;BR-116/BA;Norte;Saida de Pista;;;1;;;;;;;;1;;;;
19/09/2018;08:42:00;80;com vítima;3;BR-116/BA - Cont VC;Norte;Queda de Moto;;;;1;;;;;;;0;1;;;
19/09/2018;09:00:00;87;sem vítima;614,8;BR-324/BA;Leste;Colisão Traseira;;;2;;;;;;;;2;;;;
19/09/2018;12:35:00;141;com vítima;644,4;BR-116/BA;Sul;Saida de Pista;;;1;;;;;;;;0;1;;;
19/09/2018;15:51:00;188;com vítima;6,6;BR-116/BA - Cont VC;Sul;Colisão Transversal;1;;1;;;;;;;;1;;;;1
19/09/2018;16:26:00;195;sem vítima;436,5;BR-116/BA;Sul;Colisão Traseira;1;;;;;1;;;;;2;;;;
20/09/2018;07:37:00;51;com vítima;643,5;BR-116/BA;Sul;Saida de Pista;;;1;;;;;;;;0;1;;;
20/09/2018;08:56:00;79;sem vítima;736,73;BR-116/BA;Norte;Saida de Pista;1;;;;;;;;;;5;;;;
20/09/2018;14:09:00;152;sem vítima;518,5;BR-324/BA;Oeste;Colisão Traseira;1;;;1;;;;;;;2;;;;
20/09/2018;15:10:00;163;com vítima;518,5;BR-324/BA;Oeste;Colisão Traseira;1;;;1;;;;;;;1;1;;;
20/09/2018;17:13:00;190;sem vítima;608;BR-324/BA;Leste;Colisão Lateral;1;;1;;;;;;;;3;;;;
20/09/2018;20:57:00;227;com vítima;486,5;BR-116/BA;Norte;Atropelamento de Pedestre;;;;;;1;;;;;1;;;;1
21/09/2018;03:32:00;15;sem vítima;564;BR-116/BA;Sul;Saida de Pista;;;1;;;;;;;;3;;;;
21/09/2018;04:46:00;17;sem vítima;554;BR-324/BA;Oeste;Atropelamento de Animal;1;;1;;;1;;;;;5;;;;
21/09/2018;16:16:00;203;sem vítima;668;BR-116/BA;Norte;Colisão Lateral;1;;1;;;;;;;;3;;;;
21/09/2018;19:26:00;259;com vítima;744;BR-116/BA;Sul;Colisão Lateral;;;2;;;;;;;;1;1;;;
22/09/2018;03:16:00;16;sem vítima;534;BR-324/BA;Leste;Colisão Traseira;2;;;;;;;;;;4;;;;
22/09/2018;12:15:00;100;com vítima;621;BR-324/BA;Leste;Queda de Moto;;;;1;;;;;;;0;2;;;
22/09/2018;12:27:00;104;com vítima;530,2;BR-324/BA;Leste;Queda de Moto;;;;1;;;;;;;0;1;;;
22/09/2018;13:07:00;115;com vítima;619,3;BR-324/BA;Leste;Queda de Moto;;;;1;;;;;;;0;1;;;
22/09/2018;13:51:00;132;sem vítima;580;BR-324/BA;Oeste;Colisão Traseira;1;;1;;;;;;;;3;;;;
22/09/2018;18:54:00;206;sem vítima;496,3;BR-116/BA;Sul;Atropelamento de Animal;1;;1;;;;;;;;2;;;;
23/09/2018;03:26:00;13;sem vítima;551;BR-324/BA;Oeste;Colisão Traseira;;;2;;;;;;;;2;;;;
23/09/2018;04:07:00;14;com vítima;620,8;BR-324/BA;Leste;Queda de Moto;;;;;;1;;;;;1;;;1;1
23/09/2018;09:50:00;49;sem vítima;578;BR-324/BA;Oeste;Saida de Pista;1;;;;;;;;;;1;;;;
23/09/2018;19:05:00;158;com vítima;674;BR-116/BA;Sul;Colisão Traseira;;;;1;;1;;;;;2;;1;;
23/09/2018;21:12:00;182;sem vítima;618,7;BR-324/BA;Leste;Atropelamento de Animal;1;;;;;;;;;;1;;;;
24/09/2018;00:11:00;2;com vítima;496,5;BR-116/BA;Norte;Saida de Pista;1;;;;;;;;;;0;1;;;
24/09/2018;09:16:00;82;com vítima;460,7;BR-116/BA;Norte;Colisão Lateral;;;1;1;;;;;;;1;1;;;
24/09/2018;14:50:00;163;sem vítima;590,1;BR-116/BA;Sul;Colisão Lateral;1;;1;;;;;;;;3;;;;
24/09/2018;15:46:00;181;sem vítima;559,2;BR-324/BA;Leste;Saida de Pista;1;;;;;;;;;;1;;;;
24/09/2018;16:35:00;194;com vítima;584;BR-324/BA;Oeste;Queda de Moto;;;;1;;;;;;;0;1;;;
24/09/2018;21:38:00;254;sem vítima;675;BR-116/BA;Sul;Atropelamento de Animal;;;1;;;;;;;;2;;;;
24/09/2018;22:10:00;259;sem vítima;672;BR-116/BA;Norte;Atropelamento de Animal;;;1;;;;;;;;1;;;;
24/09/2018;22:47:00;264;sem vítima;520;BR-116/BA;Norte;Atropelamento de Animal;;;1;;;;;;;;1;;;;
25/09/2018;08:59:00;78;sem vítima;551;BR-324/BA;Oeste;Colisão Traseira;1;;;;;;;;;1;5;;;;
25/09/2018;09:10:00;80;sem vítima;620,2;BR-324/BA;Leste;Queda de Moto;;;;1;;;;;;;1;;;;
25/09/2018;21:09:00;248;com vítima;613;BR-324/BA;Oeste;Colisão Frontal;1;;;1;;;;;;;1;1;;;
26/09/2018;11:34:00;111;com vítima;616,2;BR-116/BA;Norte;Colisão Traseira;;;;;;1;;;;1;1;1;;;
26/09/2018;17:53:00;187;com vítima;470;BR-116/BA;Sul;Saida de Pista;1;;;;;;;;;;0;1;;;
26/09/2018;17:58:00;188;sem vítima;612,3;BR-324/BA;Leste;Engavetamento;3;;;;;;;;;;4;;;;
26/09/2018;21:36:00;234;com vítima;468;BR-116/BA;Norte;Colisão Traseira;;;3;;;1;;;;;5;;2;;
27/09/2018;08:17:00;50;com vítima;623,5;BR-324/BA;Oeste;Colisão Traseira;1;;;1;;;;;;;1;1;;;
27/09/2018;09:11:00;64;sem vítima;622,6;BR-324/BA;Leste;Engavetamento;2;;;;;;;;;1;7;;;;
27/09/2018;09:13:00;66;com vítima;13;BR-116/BA - Cont VC;Sul;Colisão Transversal;;;;1;;1;;;;;1;1;;;
27/09/2018;09:44:00;70;com vítima;548,8;BR-324/BA;Leste;Colisão Traseira;1;;2;;;;;;;;2;;;1;
27/09/2018;12:27:00;99;sem vítima;538,4;BR-324/BA;Leste;Colisão Traseira;1;;1;;;;;;;1;4;;;;
27/09/2018;12:55:00;105;sem vítima;615;BR-324/BA;Leste;Saida de Pista;;;;;;;;;;1;2;;;;
27/09/2018;14:44:00;132;sem vítima;472,2;BR-116/BA;Sul;Saida de Pista;1;;;;;;;;;;3;;;;
28/09/2018;03:32:00;10;com vítima;486;BR-116/BA;Sul;Colisão Traseira;;;2;;;;;;;;2;1;;;
28/09/2018;08:24:00;51;sem vítima;621,2;BR-324/BA;Leste;Colisão Traseira;1;;1;;;;;;;;2;;;;
28/09/2018;09:12:00;70;com vítima;616,1;BR-116/BA;Sul;Colisão Traseira;;;2;;;;;;;;1;;1;;
28/09/2018;10:03:00;84;sem vítima;602,4;BR-324/BA;Leste;Capotamento;1;;;;;;;;;;4;;;;
28/09/2018;17:14:00;187;sem vítima;560;BR-324/BA;Oeste;Colisão Lateral;2;;;;;;;;;;5;;;;
29/09/2018;07:11:00;22;sem vítima;571;BR-324/BA;Oeste;Queda de Moto;;;;1;;;;;;;2;;;;
29/09/2018;12:29:00;79;sem vítima;621,7;BR-324/BA;Oeste;Colisão Traseira;1;;;;;1;;;;;5;;;;
29/09/2018;13:48:00;90;sem vítima;795,9;BR-116/BA;Norte;Saida de Pista;1;;;;;;;;;;3;;;;
29/09/2018;16:51:00;130;com vítima;757,3;BR-116/BA;Norte;Queda de Moto;;;;1;;;;;;;0;1;;;
29/09/2018;18:43:00;151;sem vítima;523;BR-324/BA;Oeste;Colisão Traseira;1;;1;;;;;;;;4;;;;
29/09/2018;19:50:00;158;sem vítima;598,6;BR-324/BA;Oeste;Saida de Pista;1;;;;;;;;;;2;;;;
30/09/2018;00:07:00;3;sem vítima;749;BR-116/BA;Sul;Saida de Pista;;;1;;;;;;;;1;;;;
30/09/2018;02:10:00;16;sem vítima;614;BR-324/BA;Oeste;Saida de Pista;1;;;;;;;;;;1;;;;
30/09/2018;11:09:00;63;sem vítima;616,8;BR-116/BA;Sul;Colisão Traseira;;;2;;;;;;;;2;;;;
30/09/2018;11:28:00;66;sem vítima;745,3;BR-116/BA;Sul;Colisão Traseira;;;;;;;;;;2;4;;;;
30/09/2018;12:28:00;77;com vítima;546;BR-116/BA;Sul;Colisão Lateral;;;;2;;;;;;;0;;2;;
30/09/2018;14:52:00;97;sem vítima;583,5;BR-324/BA;Oeste;Saida de Pista;1;;;;;;;;;;1;;;;
30/09/2018;18:21:00;142;com vítima;621;BR-324/BA;Leste;Atropelamento de Pedestre;;;;;;1;;;;;1;;;1;
30/09/2018;20:05:00;169;sem vítima;621,8;BR-324/BA;Oeste;Engavetamento;4;;;;;;;;;;5;;;;
30/09/2018;20:56:00;177;com vítima;523,8;BR-324/BA;Leste;Queda de Moto;;;;1;;;;;;;0;;1;;
30/09/2018;22:14:00;184;sem vítima;602,8;BR-324/BA;Leste;Capotamento;1;;;;;;;;;;4;;;;
01/10/2018;00:00:00;1;sem vítima;619;BR-324/BA;Leste;Colisão Traseira;2;;;;;;;;;;2;;;;
01/10/2018;06:22:00;33;sem vítima;540,9;BR-324/BA;Leste;Colisão Traseira;;;2;;;;;;;;2;;;;
01/10/2018;08:08:00;69;sem vítima;539;BR-324/BA;Leste;Engavetamento;2;;;;;;;;;1;4;;;;
01/10/2018;18:55:00;230;sem vítima;530,05;BR-324/BA;Leste;Saida de Pista;1;;;;;;;;;;1;;;;
02/10/2018;06:25:00;22;com vítima;811,5;BR-116/BA;Sul;Queda de Moto;;;;1;;;;;;;0;2;;;
02/10/2018;07:11:00;37;sem vítima;622,2;BR-324/BA;Leste;Colisão Traseira;1;;1;;;;;;;;2;;;;
02/10/2018;08:31:00;73;sem vítima;614;BR-324/BA;Leste;Engavetamento;2;;;;;1;;;;;3;;;;
02/10/2018;19:57:00;193;sem vítima;562,2;BR-324/BA;Leste;Colisão Traseira;2;;;;;;;;;;3;;;;
02/10/2018;22:07:00;207;sem vítima;829,4;BR-116/BA;Sul;Atropelamento de Animal;;;1;;;;;;;;1;;;;
03/10/2018;05:29:00;14;com vítima;885,7;BR-116/BA;Norte;Saida de Pista;1;;;;;;;;;;0;;3;;
03/10/2018;06:37:00;28;sem vítima;597,2;BR-324/BA;Oeste;Colisão Traseira;1;;;;;;;;;1;2;;;;
03/10/2018;08:00:00;54;com vítima;547,9;BR-324/BA;Oeste;Colisão Traseira;;;2;;;;;;;;1;;1;;
03/10/2018;09:49:00;87;com vítima;10;BR-116/BA - Cont VC;Sul;Colisão Transversal;1;;;1;;;;;;;1;1;;;
04/10/2018;00:01:00;1;sem vítima;546,3;BR-324/BA;Oeste;Colisão Lateral;1;;;;;1;;;;;2;;;;
04/10/2018;15:22:00;180;sem vítima;495,1;BR-116/BA;Norte;Colisão Lateral;1;;1;;;;;;;;2;;;;
04/10/2018;16:24:00;208;sem vítima;482,05;BR-116/BA;Norte;Colisão Traseira;;;2;;;;;;;;2;;;;
04/10/2018;17:57:00;228;com vítima;819,9;BR-116/BA;Norte;Colisão Lateral;1;;;1;;;;;;;2;;1;;
04/10/2018;19:47:00;250;sem vítima;608;BR-324/BA;Leste;Engavetamento;1;;;;;1;;;;1;3;;;;
04/10/2018;20:26:00;258;com vítima;549;BR-116/BA;Norte;Queda de Moto;;;;1;;;;;;;0;1;;;
04/10/2018;21:13:00;264;sem vítima;535;BR-116/BA;Norte;Colisão Traseira;;;2;;;;;;;;3;;;;
04/10/2018;22:28:00;280;sem vítima;472,5;BR-116/BA;Sul;Saida de Pista;;;1;;;;;;;;2;;;;
04/10/2018;22:38:00;282;sem vítima;442;BR-116/BA;Norte;Saida de Pista;;;1;;;;;;;;1;;;;
05/10/2018;07:43:00;43;com vítima;23;BR-116/BA - Cont VC;Norte;Colisão Traseira;;;;1;;1;;;;;1;2;;;
05/10/2018;11:26:00;118;sem vítima;599,2;BR-324/BA;Oeste;Colisão Traseira;;;2;;;;;;;;2;;;;
05/10/2018;15:03:00;161;sem vítima;622,2;BR-324/BA;Oeste;Colisão Traseira;2;;;;;;;;;;6;;;;
05/10/2018;15:27:00;172;com vítima;633;BR-116/BA;Norte;Colisão Transversal;;;;;1;;;;;1;20;1;1;;
05/10/2018;16:29:00;200;com vítima;461,5;BR-116/BA;Norte;Colisão Traseira;2;;;;;;;;;;1;3;;;
05/10/2018;19:02:00;231;com vítima;462;BR-116/BA;Sul;Atropelamento - Ciclista;;1;;;;1;;;;;1;1;;;
05/10/2018;19:09:00;232;sem vítima;615,25;BR-324/BA;Leste;Colisão Traseira;1;;;;;;;;;;1;;;;
05/10/2018;20:50:00;251;sem vítima;583;BR-324/BA;Oeste;Saida de Pista;1;;;;;;;;;;1;;;;
06/10/2018;03:10:00;12;sem vítima;742,5;BR-116/BA;Sul;Saida de Pista;;;1;;;;;;;;1;;;;
06/10/2018;07:54:00;31;sem vítima;822,2;BR-116/BA;Sul;Colisão Lateral;1;;1;;;;;;;1;4;;;;
06/10/2018;09:03:00;45;sem vítima;555;BR-324/BA;Oeste;Colisão Traseira;1;;;;;;;;;1;3;;;;
06/10/2018;09:21:00;49;com vítima;633,1;BR-116/BA;Sul;Colisão Traseira;1;;;1;;;;;;;1;;1;;
06/10/2018;10:22:00;55;com vítima;560;BR-324/BA;Oeste;Colisão Transversal;1;;;1;;;;;;;4;1;;;
06/10/2018;13:43:00;98;sem vítima;780,5;BR-116/BA;Sul;Capotamento;1;;;;;;;;;;5;;;;
06/10/2018;15:07:00;113;com vítima;562;BR-116/BA;Norte;Colisão Frontal;1;;1;;;;;;;;1;;;1;1
06/10/2018;15:33:00;120;sem vítima;695;BR-116/BA;Norte;Tombamento;;;1;;;;;;;;1;;;;
06/10/2018;18:03:00;163;com vítima;613,95;BR-324/BA;Oeste;Atropelamento de Pedestre;;;;1;;;;;;;0;;1;;1
06/10/2018;20:18:00;187;sem vítima;617;BR-324/BA;Oeste;Choque Contra Objeto Fixo;1;;;;;;;;;;4;;;;
07/10/2018;02:00:00;14;sem vítima;617,3;BR-324/BA;Oeste;Colisão Traseira;1;;;;1;;;;;;6;;;;
07/10/2018;12:02:00;82;sem vítima;534,5;BR-324/BA;Oeste;Saida de Pista;1;;;;;;;;;;1;;;;
07/10/2018;13:14:00;95;com vítima;9;BA-526;Sul;Colisão Frontal;1;;;1;;;;;;;1;1;;;
08/10/2018;02:50:00;12;com vítima;636,95;BR-116/BA;Sul;Capotamento;1;;;;;;;;;;0;;1;;
08/10/2018;07:36:00;56;sem vítima;476,6;BR-116/BA;Norte;Saida de Pista;;;1;;;;;;;;2;;;;
08/10/2018;18:45:00;235;com vítima;612,05;BR-324/BA;Oeste;Atropelamento de Pedestre;1;;;;;;;;;;1;;;1;
08/10/2018;18:56:00;239;sem vítima;614,1;BR-324/BA;Leste;Engavetamento;2;;;;;;;;;1;6;;;;
09/10/2018;02:44:00;7;sem vítima;564,8;BR-324/BA;Oeste;Atropelamento de Animal;;;1;;;;;;;;1;;;;
09/10/2018;04:03:00;17;com vítima;588;BR-324/BA;Leste;Saida de Pista;1;;;;;;;;;;0;;1;;
09/10/2018;07:27:00;51;sem vítima;819;BR-116/BA;Sul;Tombamento;;;1;;;;;;;;1;;;;
09/10/2018;11:22:00;102;sem vítima;555;BR-324/BA;Oeste;Colisão Lateral;;;2;;;;;;;;2;;;;
09/10/2018;11:50:00;105;com vítima;589,8;BR-324/BA;Leste;Saida de Pista;1;;;;;;;;;;2;1;;;
09/10/2018;14:24:00;134;sem vítima;568,1;BR-324/BA;Leste;Colisão Lateral;1;;;;1;;;;;;4;;;;
09/10/2018;17:27:00;171;com vítima;540;BR-324/BA;Leste;Queda de Moto;;;;1;;;;;;;1;1;;;
09/10/2018;17:36:00;173;com vítima;15,2;BR-116/BA - Cont VC;Norte;Atropelamento - Ciclista;1;1;;;;;;;;;1;1;;;
09/10/2018;18:18:00;180;com vítima;581;BR-324/BA;Oeste;Saida de Pista;;;;;1;;;;;;8;6;;;
09/10/2018;21:05:00;208;sem vítima;618,7;BR-324/BA;Leste;Colisão Traseira;1;;;1;;;;;;;2;;;;
09/10/2018;21:23:00;214;sem vítima;473,4;BR-116/BA;Sul;Colisão Lateral;;;2;;;;;;;;2;;;;
10/10/2018;11:42:00;124;sem vítima;581;BR-324/BA;Leste;Saida de Pista;;;1;;;;;;;;1;;;;
10/10/2018;12:04:00;128;sem vítima;444;BR-116/BA;Sul;Colisão Lateral;;;1;;;;;;;1;3;;;;
10/10/2018;14:23:00;158;sem vítima;616;BR-324/BA;Leste;Colisão Traseira;2;;;;;;;;;;2;;;;
10/10/2018;18:54:00;205;sem vítima;579;BR-116/BA;Norte;Saida de Pista;;;1;;;;;;;;1;;;;
11/10/2018;04:48:00;13;sem vítima;720,5;BR-116/BA;Sul;Saida de Pista;1;;;;;;;;;;2;;;;
11/10/2018;09:11:00;71;com vítima;617,2;BR-324/BA;Leste;Engavetamento;4;;;;;;;;;1;9;;2;;
11/10/2018;10:29:00;98;com vítima;626,1;BR-324/BA;Oeste;Colisão Traseira;;;;1;;;;;;1;2;1;;;
11/10/2018;14:45:00;159;sem vítima;453,9;BR-116/BA;Norte;Saida de Pista;1;;;;;;;;;;2;;;;
11/10/2018;16:42:00;192;com vítima;611,9;BR-324/BA;Oeste;Colisão Lateral;;;;1;;1;;;;;1;;;;1
11/10/2018;18:38:00;224;sem vítima;623;BR-324/BA;Leste;Colisão Traseira;1;;;;;1;;;;;6;;;;
11/10/2018;20:07:00;238;sem vítima;616;BR-324/BA;Oeste;Queda de Moto;;;;1;;;;;;;1;;;;
11/10/2018;20:45:00;250;com vítima;28;BR-116/BA - Cont VC;Norte;Colisão Transversal;1;;;1;;;;;;;2;1;2;;
11/10/2018;21:20:00;260;sem vítima;623,7;BR-324/BA;Oeste;Colisão Traseira;1;;;;;1;;;;;2;;;;
12/10/2018;02:40:00;12;sem vítima;543;BR-324/BA;Oeste;Tombamento;;;1;;;;;;;;1;;;;
12/10/2018;03:45:00;18;com vítima;467,4;BR-116/BA;Norte;Colisão Traseira;;;1;;;;;;;1;1;1;;;
12/10/2018;06:04:00;25;com vítima;460;BR-116/BA;Norte;Tombamento;;;1;;;;;;;;0;1;;;
12/10/2018;07:07:00;42;sem vítima;548;BR-324/BA;Oeste;Engavetamento;2;;;;;;;;;1;3;;;;
12/10/2018;07:58:00;55;sem vítima;575;BR-324/BA;Oeste;Engavetamento;2;;;;;1;;;;;3;;;;
12/10/2018;08:24:00;64;sem vítima;578,8;BR-324/BA;Oeste;Colisão Traseira;1;;;;;1;;;;;6;;;;
12/10/2018;09:35:00;79;sem vítima;547;BR-324/BA;Oeste;Engavetamento;3;;;;;;;;;;7;;;;
12/10/2018;09:42:00;85;sem vítima;547;BR-324/BA;Leste;Colisão Traseira;2;;;;;1;;;;;6;;;;
12/10/2018;09:35:00;109;sem vítima;547;BR-324/BA;Oeste;Engavetamento;3;;;;;;;;;;7;;;;
12/10/2018;14:17:00;136;com vítima;567;BR-324/BA;Oeste;Atropelamento - Ciclista;;1;;;;1;;;;;1;;;1;
12/10/2018;15:33:00;159;sem vítima;7;BR-116/BA - ContSuFS;Sul;Capotamento;2;;;;;;;;;;2;;;;
12/10/2018;15:34:00;160;sem vítima;599;BR-324/BA;Oeste;Colisão Traseira;2;;;;;;;;;;6;;;;
12/10/2018;16:07:00;166;sem vítima;4;BR-116/BA - ContSuFS;Sul;Colisão Traseira;;;;;;1;;;;1;2;;;;
12/10/2018;19:45:00;215;com vítima;617;BR-324/BA;Oeste;Saida de Pista;1;;;;;;;;;;0;1;;;
12/10/2018;19:46:00;216;sem vítima;534;BR-324/BA;Oeste;Saida de Pista;1;;;;;;;;;;1;;;;
12/10/2018;22:34:00;240;sem vítima;585,25;BR-324/BA;Oeste;Saida de Pista;1;;;;;;;;;;2;;;;
13/10/2018;00:43:00;2;sem vítima;10;BR-116/BA - Cont VC;Norte;Colisão Lateral;2;;;;;;;;;;2;;;;
13/10/2018;06:40:00;21;com vítima;613,9;BR-324/BA;Oeste;Queda de Moto;;;;1;;;;;;;0;;1;;
13/10/2018;10:06:00;66;sem vítima;826,9;BR-116/BA;Norte;Colisão Traseira;2;;;;;;;;;;3;;;;
13/10/2018;17:14:00;155;com vítima;878;BR-116/BA;Norte;Colisão Traseira;;;2;;;;;;;;2;1;;;
13/10/2018;18:16:00;164;sem vítima;567,2;BR-324/BA;Oeste;Saida de Pista;1;;;;;;;;;;1;;;;
13/10/2018;18:22:00;166;sem vítima;493,7;BR-116/BA;Norte;Saida de Pista;;;1;;;;;;;;1;;;;
13/10/2018;19:33:00;176;com vítima;526,1;BR-324/BA;Oeste;Atropelamento de Pedestre;;;;;;1;;;;;1;1;;;
14/10/2018;10:18:00;57;com vítima;462;BR-116/BA;Norte;Colisão Traseira;1;;;1;;;;;;;3;;1;;
14/10/2018;14:47:00;116;com vítima;735,8;BR-116/BA;Sul;Colisão Traseira;;;;1;;1;;;;;1;;1;;
14/10/2018;20:40:00;224;sem vítima;525;BR-116/BA;Norte;Colisão Traseira;1;;1;;;;;;;;5;;;;
15/10/2018;00:25:00;7;com vítima;484;BR-116/BA;Sul;Queda de Moto;;;;1;;;;;;;0;;2;;
15/10/2018;06:37:00;45;sem vítima;604,3;BR-116/BA;Sul;Colisão Lateral;2;;;;;;;;;;6;;;;
15/10/2018;07:03:00;54;sem vítima;541,5;BR-324/BA;Leste;Colisão Traseira;;;;1;;;;;;1;6;;;;
15/10/2018;10:51:00;129;sem vítima;527,5;BR-324/BA;Oeste;Colisão Traseira;;;2;;;;;;;;2;;;;
15/10/2018;11:22:00;143;com vítima;605;BR-324/BA;Oeste;Queda de Moto;;;;1;;;;;;;0;2;;;
15/10/2018;13:02:00;164;sem vítima;546;BR-324/BA;Oeste;Saida de Pista;1;;;;;;;;;;3;;;;
15/10/2018;15:25:00;216;sem vítima;817,9;BR-116/BA;Sul;Colisão Lateral;2;;;;;;;;;;2;;;;
15/10/2018;17:37:00;247;sem vítima;461;BR-116/BA;Sul;Atropelamento de Animal;;;1;;;;;;;;1;;;;
16/10/2018;05:53:00;27;sem vítima;441,5;BR-116/BA;Sul;Tombamento;;;1;;;;;;;;1;;;;
16/10/2018;06:10:00;29;com vítima;597,15;BR-324/BA;Leste;Queda de Moto;;;;1;;1;;;;;1;;1;;
16/10/2018;07:50:00;63;sem vítima;904,1;BR-116/BA;Norte;Saida de Pista;;;1;;;;;;;;1;;;;
16/10/2018;15:50:00;188;sem vítima;532,3;BR-324/BA;Leste;Tombamento;;;1;;;;;;;;1;;;;
17/10/2018;06:20:00;31;com vítima;620;BR-324/BA;Oeste;Colisão Lateral;1;;;1;;;;;;;3;1;;;
17/10/2018;07:24:00;53;sem vítima;518;BR-324/BA;Oeste;Engavetamento;3;;;;;;;;;;3;;;;
17/10/2018;14:37:00;175;sem vítima;439;BR-116/BA;Sul;Saida de Pista;;;;;;;;;;1;1;;;;
17/10/2018;17:01:00;213;com vítima;833;BR-116/BA;Sul;Queda de Moto;;;;1;;;;;;;0;1;;;
17/10/2018;18:21:00;231;com vítima;791,3;BR-116/BA;Norte;Colisão Traseira;;;;1;;1;;;;;1;;;1;
17/10/2018;20:31:00;255;com vítima;624,3;BR-324/BA;Oeste;Saida de Pista;1;;;;;;;;;;0;1;;;
17/10/2018;23:18:00;281;sem vítima;927;BR-116/BA;Sul;Saida de Pista;;;1;;;;;;;;1;;;;
18/10/2018;13:44:00;118;com vítima;3;BR-116/BA - ContSuFS;Sul;Sequência;;;1;;;;;;;1;1;1;;;
18/10/2018;16:07:00;146;com vítima;579;BR-116/BA;Norte;Colisão Lateral;;;2;;;;;;;;1;1;;;
19/10/2018;07:57:00;56;com vítima;786,8;BR-116/BA;Sul;Colisão Frontal;;;1;;;;;;;1;2;;1;;
19/10/2018;09:49:00;77;com vítima;571,3;BR-324/BA;Oeste;Saida de Pista;1;;;;;;;;;;1;;1;1;
19/10/2018;11:14:00;99;com vítima;559;BR-324/BA;Leste;Saida de Pista;;;1;;;;;;;;0;;1;;
19/10/2018;13:09:00;129;com vítima;11;BR-116/BA - Cont VC;Sul;Colisão Transversal;1;;;;;1;;;;;1;1;;;
19/10/2018;16:52:00;189;sem vítima;673;BR-116/BA;Norte;Queda de Moto;;;;1;;;;;;;1;;;;
19/10/2018;19:22:00;219;com vítima;426,9;BR-116/BA;Norte;Colisão Frontal;1;;;1;;;;;;;5;1;;;
20/10/2018;07:05:00;32;sem vítima;539,1;BR-116/BA;Sul;Saida de Pista;;;1;;;;;;;;1;;;;
20/10/2018;08:03:00;45;sem vítima;1;BR-116/BA - ContSuFS;Norte;Queda de Moto;;;;1;;;;;;;1;;;;
20/10/2018;12:36:00;98;sem vítima;543;BR-324/BA;Oeste;Colisão Lateral;1;;;;;1;;;;;2;;;;
20/10/2018;13:56:00;109;com vítima;674;BR-116/BA;Norte;Atropelamento de Pedestre;;;;;;1;;;;;1;1;;;
20/10/2018;21:00:00;201;sem vítima;461;BR-116/BA;Sul;Engavetamento;2;;2;;;;;;;;7;;;;
20/10/2018;22:25:00;213;com vítima;612,9;BR-324/BA;Oeste;Colisão Frontal;;1;;;;1;;;;;1;;1;;
20/10/2018;22:46:00;219;sem vítima;434;BR-116/BA;Norte;Saida de Pista;1;;;;;;;;;;2;;;;
20/10/2018;22:57:00;224;sem vítima;613;BR-324/BA;Oeste;Saida de Pista;1;;;;;;;;;;1;;;;
21/10/2018;00:12:00;2;sem vítima;586;BR-324/BA;Leste;Saida de Pista;1;;;;;;;;;;1;;;;
21/10/2018;06:35:00;31;sem vítima;530,02;BR-324/BA;Oeste;Saida de Pista;1;;;;;;;;;;1;;;;