data;horario;n_da_ocorrencia;tipo_de_ocorrencia;km;trecho;sentido;tipo_de_acidente;automovel;bicicleta;caminhao;moto;onibus;outros;tracao_animal;transporte_de_cargas_especiais;trator_maquinas;utilitarios;ilesos;levemente_feridos;moderadamente_feridos;gravemente_feridos;mortos
21/10/2018;07:44:00;43;com vítima;843;BR-116/BA;Sul;Colisão Traseira;1;;1;;;;;;;;2;2;;;
21/10/2018;08:05:00;47;sem vítima;574,3;BR-324/BA;Leste;Saida de Pista;1;;;;;;;;;;5;;;;
21/10/2018;08:17:00;52;sem vítima;530,5;BR-324/BA;Oeste;Saida de Pista;1;;;;;;;;;;4;;;;
21/10/2018;14:31:00;98;sem vítima;530;BR-324/BA;Oeste;Saida de Pista;1;;;;;;;;;;1;;;;
21/10/2018;16:56:00;124;sem vítima;849;BR-116/BA;Norte;Colisão Traseira;1;;;;;1;;;;;6;;;;
21/10/2018;18:05:00;141;sem vítima;831,1;BR-116/BA;Sul;Engavetamento;2;;1;;;;;;;;6;;;;
21/10/2018;18:37:00;149;com vítima;474,8;BR-116/BA;Sul;Queda de Moto;;;;1;;;;;;;0;;2;;
21/10/2018;23:02:00;178;sem vítima;535;BR-116/BA;Norte;Tombamento;;;1;;;;;;;;1;;;;
22/10/2018;16:49:00;149;sem vítima;530;BR-324/BA;Oeste;Colisão Traseira;1;;1;;;;;;;;3;;;;
22/10/2018;17:26:00;157;com vítima;777,1;BR-116/BA;Norte;Colisão Lateral;;;;1;;1;;;;;1;1;;;
22/10/2018;18:17:00;172;sem vítima;632;BR-116/BA;Sul;Colisão Lateral;1;;1;;;;;;;;2;;;;
23/10/2018;07:36:00;44;sem vítima;571,2;BR-324/BA;Leste;Saida de Pista;;;;;;;;;;1;1;;;;
23/10/2018;08:00:00;47;sem vítima;518,5;BR-324/BA;Oeste;Engavetamento;2;;;1;;1;;;;;7;;;;
23/10/2018;08:14:00;52;sem vítima;519;BR-324/BA;Oeste;Engavetamento;5;;;;;1;;;;;9;;;;
23/10/2018;09:32:00;74;sem vítima;611,7;BR-324/BA;Leste;Colisão Traseira;2;;;;;;;;;;4;;;;
23/10/2018;10:42:00;91;sem vítima;619,3;BR-324/BA;Leste;Colisão Lateral;1;;;;;;;;;1;2;;;;
23/10/2018;11:23:00;99;sem vítima;531,3;BR-324/BA;Oeste;Saida de Pista;;;;;;;;;;1;1;;;;
23/10/2018;15:41:00;149;sem vítima;523;BR-324/BA;Leste;Choque Contra Objeto Fixo;;;1;;;;;;;;1;;;;
23/10/2018;18:40:00;183;sem vítima;518;BR-116/BA;Sul;Atropelamento de Animal;;;1;;;;;;;;1;;;;
23/10/2018;19:30:00;189;sem vítima;528,1;BR-324/BA;Leste;Engavetamento;;;3;;;;;;;;3;;;;
23/10/2018;21:44:00;202;sem vítima;683,9;BR-116/BA;Sul;Tombamento;;;1;;;;;;;;1;;;;
24/10/2018;01:31:00;6;com vítima;527;BR-324/BA;Oeste;Capotamento;;;;;;;;;;1;0;2;;;
24/10/2018;06:40:00;21;sem vítima;526,7;BR-324/BA;Leste;Engavetamento;1;;1;;;1;;;;;7;;;;
24/10/2018;07:16:00;33;com vítima;5,5;BR-116/BA - Cont VC;Sul;Queda de Moto;;;;1;;;;;;;0;2;;;
24/10/2018;08:23:00;54;sem vítima;583;BR-324/BA;Leste;Capotamento;1;;;;;;;;;;1;;;;
24/10/2018;09:23:00;71;sem vítima;819;BR-116/BA;Sul;Colisão Traseira;2;;;;;;;;;;4;;;;
24/10/2018;11:55:00;96;sem vítima;526;BR-324/BA;Leste;Saida de Pista;1;;;;;;;;;;1;;;;
24/10/2018;20:25:00;188;com vítima;778,9;BR-116/BA;Sul;Atropelamento de Pedestre;;;1;;;;;;;;1;1;;;
25/10/2018;06:31:00;33;sem vítima;609,009;BR-324/BA;Leste;Saida de Pista;;;1;;;;;;;;1;;;;
25/10/2018;06:57:00;40;com vítima;756;BR-116/BA;Sul;Atropelamento de Pedestre;;;;;;1;;;;;1;;1;;
25/10/2018;11:20:00;98;sem vítima;827;BR-116/BA;Norte;Colisão Frontal;2;;;;;;;;;;2;;;;
25/10/2018;11:32:00;100;sem vítima;563;BR-324/BA;Leste;Tombamento;;;1;;;;;;;;1;;;;
25/10/2018;19:11:00;190;sem vítima;586;BR-324/BA;Leste;Saida de Pista;;;1;;;;;;;;1;;;;
25/10/2018;20:14:00;200;sem vítima;643,5;BR-116/BA;Norte;Saida de Pista;;;1;;;;;;;;1;;;;
26/10/2018;07:48:00;36;com vítima;621;BR-324/BA;Leste;Queda de Moto;;;;1;;;;;;;1;1;;;
26/10/2018;08:16:00;47;sem vítima;618;BR-324/BA;Leste;Colisão Traseira;2;;;;;;;;;;2;;;;
26/10/2018;10:19:00;81;sem vítima;526;BR-324/BA;Leste;Colisão Traseira;1;;1;;;1;;;;;6;;;;
26/10/2018;15:58:00;152;sem vítima;653,7;BR-116/BA;Norte;Colisão Traseira;;;2;;;;;;;;2;;;;
26/10/2018;18:11:00;183;sem vítima;545;BR-324/BA;Oeste;Engavetamento;2;;;;;;;;;1;3;;;;
26/10/2018;18:35:00;192;sem vítima;616;BR-324/BA;Oeste;Colisão Lateral;;;;1;;1;;;;;2;;;;
26/10/2018;19:08:00;200;sem vítima;615,3;BR-324/BA;Leste;Engavetamento;3;;;;;;;;;;6;;;;
26/10/2018;20:48:00;214;sem vítima;563,4;BR-324/BA;Leste;Colisão Traseira;1;;;;;;;;;1;3;;;;
26/10/2018;21:42:00;225;sem vítima;479,1;BR-116/BA;Sul;Saida de Pista;;;1;;;;;;;;1;;;;
27/10/2018;06:56:00;32;com vítima;583,6;BR-116/BA;Norte;Saida de Pista;;;1;;;;;;;;0;;1;;
27/10/2018;09:40:00;63;com vítima;547,1;BR-116/BA;Norte;Saida de Pista;;;1;;;;;;;;0;;1;;
27/10/2018;14:14:00;103;com vítima;560,1;BR-116/BA;Norte;Atropelamento de Animal;;;;1;;;;;;;0;1;;;
27/10/2018;15:52:00;128;sem vítima;569;BR-324/BA;Oeste;Saida de Pista;1;;;;;;;;;;5;;;;
27/10/2018;16:02:00;131;sem vítima;532;BR-324/BA;Oeste;Colisão Traseira;1;;;;;;;;;;4;;;;
27/10/2018;21:27:00;173;com vítima;452;BR-116/BA;Norte;Queda de Moto;;;;1;;;;;;;1;;1;;
28/10/2018;07:22:00;26;sem vítima;911,2;BR-116/BA;Norte;Outros;;;1;;;;;;;;1;;;;
28/10/2018;08:11:00;31;sem vítima;806;BR-116/BA;Sul;Colisão Transversal;3;;;;;1;;;;;14;;;;
28/10/2018;08:39:00;35;sem vítima;577,4;BR-116/BA;Sul;Tombamento;;;1;;;;;;;;1;;;;
28/10/2018;09:34:00;49;sem vítima;599;BR-324/BA;Leste;Colisão Transversal;1;;1;;;;;;;;4;;;;
28/10/2018;09:41:00;50;com vítima;438,6;BR-116/BA;Sul;Sequência;;;1;1;;;;;;;1;;;;1
28/10/2018;11:34:00;70;sem vítima;874,1;BR-116/BA;Norte;Colisão Traseira;;;2;;;1;;;;;5;;;;
28/10/2018;17:04:00;134;sem vítima;626;BR-324/BA;Leste;Colisão Traseira;2;;;;;;;;;;2;;;;
29/10/2018;01:39:00;2;sem vítima;889;BR-116/BA;Norte;Saida de Pista;;;1;;;;;;;;1;;;;
29/10/2018;07:43:00;42;com vítima;583;BR-324/BA;Leste;Queda de Moto;;;;1;;;;;;;0;1;;;
29/10/2018;09:13:00;71;sem vítima;614,5;BR-324/BA;Leste;Colisão Traseira;3;;;;;;;;;1;10;;;;
29/10/2018;09:25:00;74;com vítima;530,8;BR-324/BA;Oeste;Queda de Moto;;;;;;1;;;;;0;1;;;
29/10/2018;10:19:00;93;sem vítima;673,5;BR-116/BA;Norte;Engavetamento;;;3;;;;;;;;3;;;;
29/10/2018;14:43:00;164;sem vítima;626,2;BR-324/BA;Oeste;Saida de Pista;1;;;;;;;;;;1;;;;
29/10/2018;20:02:00;243;com vítima;590;BR-324/BA;Leste;Engavetamento;3;;;;;;;;;;7;1;;;
30/10/2018;03:29:00;2;sem vítima;596;BR-324/BA;Leste;Saida de Pista;1;;;;;;;;;;1;;;;
30/10/2018;05:17:00;5;sem vítima;596,3;BR-116/BA;Norte;Saida de Pista;;;;;;;;;;1;2;;;;
30/10/2018;06:30:00;11;sem vítima;553,3;BR-324/BA;Leste;Saida de Pista;;;1;;;;;;;;2;;;;
30/10/2018;07:22:00;30;sem vítima;563,5;BR-324/BA;Leste;Saida de Pista;;;;;;;;;;1;1;;;;
30/10/2018;07:35:00;37;com vítima;619,4;BR-324/BA;Oeste;Colisão Traseira;;;;1;;;;;;1;13;;;1;
30/10/2018;10:13:00;93;com vítima;778,5;BR-116/BA;Norte;Atropelamento - Ciclista;;1;1;;;;;;;;1;;;1;
30/10/2018;10:50:00;99;sem vítima;530;BR-324/BA;Leste;Queda de Moto;;;;1;;;;;;;1;;;;
30/10/2018;19:42:00;212;com vítima;567;BR-116/BA;Sul;Colisão Transversal;1;;1;;;;;;;;3;;1;;
30/10/2018;21:54:00;225;sem vítima;458;BR-116/BA;Sul;Saida de Pista;1;;;;;1;;;;;2;;;;
30/10/2018;23:22:00;239;com vítima;851;BR-116/BA;Norte;Queda de Moto;;;;1;;;;;;;0;1;1;;
31/10/2018;07:38:00;56;sem vítima;606,3;BR-324/BA;Oeste;Colisão Lateral;1;;1;;;;;;;;3;;;;
31/10/2018;07:45:00;58;sem vítima;613,4;BR-324/BA;Oeste;Colisão Traseira;2;;;;;;;;;;6;;;;
31/10/2018;09:15:00;92;sem vítima;678,4;BR-116/BA;Sul;Colisão Lateral;;;2;;;;;;;;2;;;;
31/10/2018;12:00:00;129;sem vítima;459,4;BR-116/BA;Norte;Tombamento;;;2;;;;;;;;3;;;;
31/10/2018;14:47:00;161;sem vítima;427;BR-116/BA;Sul;Saida de Pista;;;1;;;;;;;;2;;;;
31/10/2018;17:09:00;205;sem vítima;614;BR-324/BA;Leste;Engavetamento;2;;1;;;;;;;;3;;;;
31/10/2018;19:24:00;233;com vítima;10,5;BR-116/BA - Cont VC;Sul;Atropelamento de Pedestre;;;;1;;;;;;;0;1;1;;
01/11/2018;06:41:00;21;sem vítima;434;BR-116/BA;Sul;Saida de Pista;1;;;;;;;;;;2;;;;
01/11/2018;06:46:00;27;sem vítima;527,1;BR-324/BA;Leste;Colisão Transversal;;;1;;;;;;;1;2;;;;
01/11/2018;07:41:00;47;sem vítima;617;BR-116/BA;Norte;Tombamento;;;1;;;;;;;;1;;;;
01/11/2018;16:41:00;173;sem vítima;624;BR-324/BA;Oeste;Saida de Pista;1;;;;;1;;;;;2;;;;
01/11/2018;23:27:00;245;com vítima;10,6;BR-116/BA - Cont VC;Norte;Colisão Frontal;1;;;1;;;;;;;1;1;;;
02/11/2018;05:21:00;25;sem vítima;599,1;BR-324/BA;Oeste;Queda de Moto;;;;1;;;;;;;1;;;;
02/11/2018;09:29:00;78;com vítima;579,2;BR-324/BA;Oeste;Saida de Pista;1;;;;;;;;;;0;5;;;
02/11/2018;15:07:00;142;com vítima;620,8;BR-324/BA;Leste;Atropelamento de Pedestre;;;;;;1;;;;;1;;1;;
02/11/2018;15:27:00;147;sem vítima;632;BR-116/BA;Norte;Colisão Transversal;;;2;;;;;;;;3;;;;
02/11/2018;15:50:00;151;sem vítima;657;BR-116/BA;Sul;Colisão Traseira;;;1;;;1;;;;;2;;;;
02/11/2018;22:59:00;219;sem vítima;537;BR-324/BA;Oeste;Saida de Pista;1;;;;;;;;;;2;;;;
03/11/2018;07:02:00;31;sem vítima;548,5;BR-324/BA;Leste;Saida de Pista;1;;;;;;;;;;1;;;;
03/11/2018;07:33:00;42;sem vítima;672,5;BR-116/BA;Sul;Colisão Transversal;;;;;;;;;;2;2;;;;
03/11/2018;16:05:00;130;sem vítima;559;BR-324/BA;Leste;Tombamento;;;1;;;;;;;;1;;;;
03/11/2018;20:43:00;161;sem vítima;864;BR-116/BA;Sul;Colisão Lateral;;;;;;1;;;;1;3;;;;
04/11/2018;00:54:00;6;com vítima;15;BR-116/BA - Cont VC;Norte;Colisão Lateral;1;;;1;;;;;;;2;;;2;
04/11/2018;01:42:00;10;com vítima;24;BR-116/BA - Cont VC;Sul;Capotamento;;;;;;;;;;1;0;;;2;
04/11/2018;07:46:00;30;sem vítima;815,7;BR-116/BA;Sul;Colisão Traseira;;;1;;;1;;;;;2;;;;
04/11/2018;14:39:00;91;com vítima;461,9;BR-116/BA;Sul;Colisão Transversal;;1;;1;;;;;;;1;1;1;;
04/11/2018;16:47:00;129;com vítima;587;BR-324/BA;Leste;Saida de Pista;1;;;;;;;;;;0;1;;;
04/11/2018;18:21:00;154;sem vítima;478;BR-116/BA;Sul;Colisão Traseira;1;;1;;;;;;;;5;;;;
04/11/2018;19:26:00;169;sem vítima;621;BR-324/BA;Oeste;Colisão Traseira;1;;;;;1;;;;;2;;;;
04/11/2018;20:44:00;180;sem vítima;638,3;BR-116/BA;Norte;Saida de Pista;;;1;;;;;;;;1;;;;
05/11/2018;07:00:00;35;com vítima;15,8;BR-116/BA - Cont VC;Sul;Colisão Lateral;;;1;1;;;;;;;1;1;;;
05/11/2018;09:11:00;88;sem vítima;576,3;BR-324/BA;Leste;Colisão Lateral;1;;;;;1;;;;;2;;;;
05/11/2018;11:18:00;126;com vítima;568,9;BR-324/BA;Oeste;Saida de Pista;1;;;;;;;;;;2;;3;;
05/11/2018;12:06:00;141;sem vítima;572;BR-324/BA;Leste;Queda de Moto;;;;1;;;;;;;2;;;;
05/11/2018;13:13:00;162;com vítima;621;BR-324/BA;Oeste;Queda de Moto;;;;1;;;;;;;0;1;;;
05/11/2018;15:22:00;190;sem vítima;576;BR-324/BA;Oeste;Colisão Traseira;1;;1;;;;;;;;4;;;;
05/11/2018;18:43:00;234;com vítima;467;BR-116/BA;Sul;Colisão Traseira;1;;1;;;;;;;;1;2;;;
06/11/2018;07:40:00;61;sem vítima;748,1;BR-116/BA;Sul;Colisão Traseira;;;2;;;;;;;;2;;;;
06/11/2018;17:50:00;196;sem vítima;621;BR-324/BA;Oeste;Colisão Lateral;1;;;;;2;;;;;3;;;;
06/11/2018;20:53:00;212;com vítima;621,2;BR-324/BA;Oeste;Colisão Lateral;1;;;1;;;;;;;1;;1;1;
06/11/2018;21:03:00;216;sem vítima;458;BR-116/BA;Norte;Atropelamento de Animal;;;1;;;;;;;;1;;;;
07/11/2018;03:27:00;9;sem vítima;513,6;BR-116/BA;Sul;Tombamento;;;1;;;;;;;;1;;;;
07/11/2018;07:11:00;37;com vítima;478,5;BR-116/BA;Norte;Saida de Pista;1;;;;;;;;;;2;1;;;
07/11/2018;07:44:00;52;sem vítima;873,02;BR-116/BA;Norte;Colisão Traseira;1;;;;;1;;;;;5;;;;
07/11/2018;08:00:00;58;com vítima;619;BR-324/BA;Leste;Colisão Lateral;1;;;1;;;;;;;1;1;;;
07/11/2018;09:45:00;85;com vítima;814,8;BR-116/BA;Norte;Colisão Traseira;;;;1;;1;;;;;1;1;;;
07/11/2018;15:01:00;141;sem vítima;533,1;BR-324/BA;Oeste;Engavetamento;;;3;;;1;;;;;5;;;;
07/11/2018;16:09:00;153;sem vítima;606,3;BR-324/BA;Oeste;Colisão Traseira;2;;;;;;;;;;5;;;;
07/11/2018;20:02:00;198;sem vítima;579,9;BR-324/BA;Leste;Saida de Pista;;;;;;;;;;1;2;;;;
08/11/2018;05:30:00;14;sem vítima;545,2;BR-324/BA;Leste;Colisão Lateral;1;;;;;;;;;1;4;;;;
08/11/2018;06:57:00;30;sem vítima;611,3;BR-324/BA;Oeste;Engavetamento;4;;2;;;;;;;;10;;;;
08/11/2018;09:21:00;60;sem vítima;619,25;BR-324/BA;Oeste;Colisão Lateral;1;;1;;;;;;;;3;;;;
08/11/2018;09:34:00;65;sem vítima;618;BR-324/BA;Leste;Queda de Moto;;;;1;;;;;;;1;;;;
08/11/2018;10:12:00;79;sem vítima;612;BR-324/BA;Oeste;Colisão Traseira;1;;1;;;;;;;;3;;;;
08/11/2018;11:28:00;100;sem vítima;608,3;BR-324/BA;Leste;Engavetamento;1;;;;;;;;;2;3;;;;
08/11/2018;11:33:00;104;com vítima;564;BR-324/BA;Oeste;Sequência;;;1;;;;;;;;0;;3;1;
08/11/2018;12:45:00;120;sem vítima;548;BR-324/BA;Leste;Saida de Pista;;;;;;;;;;1;1;;;;
08/11/2018;13:31:00;129;sem vítima;584;BR-324/BA;Leste;Saida de Pista;1;;;;;;;;;;1;;;;
08/11/2018;17:13:00;170;com vítima;817;BR-116/BA;Sul;Queda de Moto;;;;1;;;;;;;0;2;;;
08/11/2018;17:21:00;174;com vítima;736;BR-116/BA;Sul;Colisão Frontal;2;;;;;;;;;;1;2;2;;
08/11/2018;19:00:00;194;sem vítima;537,1;BR-324/BA;Leste;Colisão Traseira;1;;;;;1;;;;;2;;;;
08/11/2018;19:53:00;202;com vítima;9,6;BR-116/BA - Cont VC;Sul;Colisão Traseira;1;;;1;;;;;;;2;1;;;
08/11/2018;20:57:00;211;com vítima;795,8;BR-116/BA;Sul;Colisão Traseira;1;;3;;;;;;;;1;2;;;1
09/11/2018;00:42:00;3;sem vítima;564,2;BR-116/BA;Sul;Saida de Pista;;;1;;;;;;;;1;;;;
09/11/2018;01:56:00;8;com vítima;847;BR-116/BA;Norte;Saida de Pista;1;;;;;;;;;;0;;1;;
09/11/2018;03:03:00;14;sem vítima;585;BR-324/BA;Oeste;Saida de Pista;;;1;;;;;;;;1;;;;
09/11/2018;06:17:00;31;com vítima;623,9;BR-324/BA;Leste;Queda de Moto;;;;1;;1;;;;;1;1;;;
09/11/2018;10:45:00;119;sem vítima;625;BR-324/BA;Oeste;Colisão Traseira;;;;1;;;;;;;1;;;;
09/11/2018;11:23:00;127;sem vítima;571,8;BR-116/BA;Sul;Colisão Traseira;1;;1;;;;;;;;2;;;;
09/11/2018;12:39:00;141;sem vítima;599;BR-324/BA;Oeste;Colisão Traseira;1;;1;;;;;;;;2;;;;
09/11/2018;14:15:00;160;sem vítima;565;BR-324/BA;Leste;Saida de Pista;1;;;;;;;;;;1;;;;
09/11/2018;14:46:00;167;sem vítima;535;BR-324/BA;Oeste;Saida de Pista;1;;;;;1;;;;;2;;;;
09/11/2018;17:30:00;212;sem vítima;526;BR-324/BA;Oeste;Engavetamento;2;;;;;1;;;;;5;;;;
09/11/2018;17:49:00;215;com vítima;0,5;BR-116/BA - ContSuFS;Sul;Queda de Moto;;;;1;;;;;;;0;1;;;
09/11/2018;19:52:00;246;com vítima;524;BR-324/BA;Oeste;Queda de Moto;;;;1;;;;;;;0;;1;;
09/11/2018;22:09:00;264;sem vítima;669,1;BR-116/BA;Sul;Atropelamento de Animal;;;;;;;;;;1;1;;;;
09/11/2018;22:20:00;266;sem vítima;669,1;BR-116/BA;Norte;Atropelamento de Animal;1;;;;;;;;;;1;;;;
09/11/2018;22:32:00;272;sem vítima;669,3;BR-116/BA;Sul;Atropelamento de Animal;;;1;;;;;;;;1;;;;
09/11/2018;23:12:00;276;sem vítima;624,5;BR-324/BA;Oeste;Colisão Traseira;1;;;;;1;;;;;4;;;;
10/11/2018;02:52:00;8;com vítima;842;BR-116/BA;Sul;Saida de Pista;;;1;;;;;;;;0;;;1;
10/11/2018;03:36:00;10;com vítima;838,7;BR-116/BA;Sul;Colisão Traseira;;;;1;;1;;;;;1;;;1;
10/11/2018;05:27:00;16;com vítima;663,15;BR-116/BA;Norte;Atropelamento de Pedestre;;;;;;1;;;;;1;;;1;
10/11/2018;06:13:00;21;sem vítima;438,9;BR-116/BA;Sul;Saida de Pista;;;;;;;;;;1;1;;;;
10/11/2018;07:44:00;47;sem vítima;529,5;BR-324/BA;Oeste;Colisão Lateral;1;;1;;;;;;;;3;;;;
10/11/2018;09:35:00;74;com vítima;591,5;BR-324/BA;Oeste;Sequência;1;;1;;;1;;;;;3;;1;;
10/11/2018;10:22:00;93;com vítima;595;BR-324/BA;Oeste;Colisão Lateral;;;;2;;;;;;;0;3;;;
10/11/2018;11:20:00;113;com vítima;16,4;BR-116/BA - Cont VC;Sul;Colisão Traseira;1;;;1;;;;;;;3;1;;;
10/11/2018;15:18:00;160;sem vítima;494;BR-116/BA;Norte;Colisão Traseira;1;;;;;1;;;;;3;;;;
10/11/2018;16:51:00;174;com vítima;623,6;BR-324/BA;Leste;Atropelamento de Pedestre;1;;;;;;;;;;2;1;;;
10/11/2018;19:06:00;197;com vítima;615,3;BR-324/BA;Oeste;Colisão Traseira;1;;;1;;;;;;;2;1;;;
10/11/2018;20:24:00;211;sem vítima;547;BR-324/BA;Oeste;Incêndio;1;;;;;;;;;;1;;;;
10/11/2018;20:24:00;212;sem vítima;456;BR-116/BA;Norte;Saida de Pista;;;1;;;;;;;;1;;;;
11/11/2018;16:11:00;107;sem vítima;20;BR-116/BA - Cont VC;Sul;Queda de Moto;;;;1;;;;;;;2;;;;
11/11/2018;17:17:00;118;sem vítima;791;BR-116/BA;Sul;Colisão Traseira;1;;;;;1;;;;;2;;;;
11/11/2018;18:39:00;137;sem vítima;600,7;BR-324/BA;Leste;Sequência;3;;;;;1;;;;;7;;;;
11/11/2018;19:00:00;138;com vítima;521,5;BR-116/BA;Sul;Colisão Lateral;;;;1;;1;;;;;1;;;;1
11/11/2018;21:21:00;164;com vítima;621,2;BR-324/BA;Oeste;Atropelamento de Pedestre;;;;;;1;;;;;1;;;;1
11/11/2018;21:46:00;165;com vítima;621,5;BR-324/BA;Oeste;Colisão Traseira;;;;1;;1;;;;;1;;;1;
11/11/2018;21:56:00;167;sem vítima;621;BR-324/BA;Oeste;Colisão Traseira;2;;;;;;;;;;2;;;;
11/11/2018;23:05:00;178;com vítima;3;BA-526;Norte;Sequência;1;;2;;;;;;;;5;;;;1
12/11/2018;00:59:00;7;sem vítima;847;BR-116/BA;Norte;Saida de Pista;;;1;;;;;;;;1;;;;
12/11/2018;01:02:00;8;sem vítima;642;BR-116/BA;Norte;Saida de Pista;;;1;;;;;;;;1;;;;
12/11/2018;05:06:00;20;sem vítima;589,3;BR-116/BA;Sul;Colisão Traseira;1;;1;;;;;;;;2;;;;
12/11/2018;05:23:00;21;sem vítima;562;BR-324/BA;Oeste;Colisão Traseira;2;;;;;;;;;;7;;;;
12/11/2018;07:32:00;44;sem vítima;624,6;BR-324/BA;Oeste;Saida de Pista;1;;;;;;;;;;1;;;;
12/11/2018;09:19:00;77;sem vítima;466,2;BR-116/BA;Sul;Colisão Frontal;1;;1;;;;;;;;4;;;;
12/11/2018;12:58:00;134;sem vítima;622;BR-324/BA;Leste;Colisão Traseira;2;;;;;;;;;;2;;;;
12/11/2018;15:06:00;166;sem vítima;719;BR-116/BA;Norte;Colisão Lateral;;;2;;;;;;;;2;;;;
12/11/2018;18:49:00;214;com vítima;822;BR-116/BA;Sul;Atropelamento de Pedestre;;;;1;;;;;;;0;2;;;
13/11/2018;07:29:00;44;sem vítima;571,1;BR-324/BA;Oeste;Colisão Lateral;;;1;;1;;;;;;13;;;;
13/11/2018;09:28:00;84;sem vítima;616,05;BR-324/BA;Oeste;Colisão Traseira;2;;;;;;;;;;3;;;;
13/11/2018;15:21:00;182;sem vítima;1;BR-116/BA - ContSuFS;Norte;Choque Contra Objeto Fixo;;;1;;;;;;;;1;;;;
13/11/2018;17:31:00;203;sem vítima;1;BR-116/BA - ContSuFS;Norte;Colisão Lateral;1;;1;;;;;;;;2;;;;
14/11/2018;06:35:00;27;sem vítima;615;BR-324/BA;Leste;Colisão Traseira;2;;;;;;;;;;2;;;;
14/11/2018;06:58:00;31;com vítima;805;BR-116/BA;Sul;Colisão Transversal;1;;;1;;;;;;;1;;1;;
14/11/2018;09:28:00;84;com vítima;588,2;BR-324/BA;Oeste;Queda de Moto;;;;1;;;;;;;0;2;;;
14/11/2018;10:17:00;97;sem vítima;3;BR-116/BA - ContSuFS;Norte;Colisão Traseira;;;;;1;1;;;;;26;;;;
14/11/2018;11:53:00;128;sem vítima;594,4;BR-116/BA;Norte;Saida de Pista;;;1;;;;;;;;1;;;;
14/11/2018;12:29:00;136;com vítima;736;BR-116/BA;Sul;Colisão Transversal;1;;;;;;;;;1;2;1;1;1;
14/11/2018;15:48:00;176;sem vítima;518;BR-324/BA;Oeste;Colisão Traseira;;;2;;;;;;;;2;;;;
14/11/2018;18:59:00;222;sem vítima;518;BR-324/BA;Oeste;Engavetamento;4;;;;;;;;;;4;;;;
14/11/2018;21:23:00;243;sem vítima;0;BR-116/BA - ContSuFS;Norte;Colisão Lateral;1;;;1;;;;;;;2;;;;
14/11/2018;21:45:00;246;com vítima;543;BR-324/BA;Oeste;Saida de Pista;;;;;;;;;;1;15;1;;;
15/11/2018;05:12:00;14;sem vítima;817,2;BR-116/BA;Sul;Colisão Transversal;2;;;;;;;;;;2;;;;
15/11/2018;05:26:00;17;sem vítima;547,5;BR-324/BA;Oeste;Colisão Traseira;1;;;;;1;;;;;6;;;;
15/11/2018;08:00:00;33;sem vítima;559,2;BR-324/BA;Leste;Queda de Moto;;;;1;;;;;;;2;;;;
15/11/2018;16:39:00;123;com vítima;464,2;BR-116/BA;Sul;Queda de Moto;;;;1;;;;;;;0;1;;;
16/11/2018;11:00:00;91;com vítima;704;BR-116/BA;Norte;Saida de Pista;1;;;;;;;;;;0;;1;;
16/11/2018;12:07:00;109;sem vítima;483;BR-116/BA;Sul;Colisão Traseira;;;1;;;;;;;1;3;;;;
16/11/2018;12:17:00;111;com vítima;908,7;BR-116/BA;Norte;Colisão Transversal;;;;1;;;;;;1;1;1;;;
16/11/2018;18:37:00;183;sem vítima;601,5;BR-324/BA;Leste;Saida de Pista;1;;;;;;;;;;1;;;;
16/11/2018;20:11:00;194;com vítima;519,5;BR-324/BA;Oeste;Colisão Traseira;1;;;1;;;;;;;1;1;;;
16/11/2018;22:52:00;214;sem vítima;528;BR-324/BA;Leste;Colisão Lateral;1;;1;;;;;;;;2;;;;
17/11/2018;00:21:00;3;sem vítima;468,8;BR-116/BA;Sul;Saida de Pista;;;1;;;;;;;;1;;;;
17/11/2018;05:34:00;10;sem vítima;437;BR-116/BA;Sul;Tombamento;;;1;;;;;;;;1;;;;
17/11/2018;07:16:00;22;sem vítima;847;BR-116/BA;Norte;Queda de Moto;;;;1;;;;;;;2;;;;
17/11/2018;19:55:00;186;com vítima;557;BR-324/BA;Leste;Saida de Pista;1;;;;;;;;;;0;1;;;
17/11/2018;21:12:00;196;com vítima;761;BR-116/BA;Norte;Colisão Traseira;1;;;1;;;;;;;1;;;1;1
17/11/2018;22:28:00;200;com vítima;7;BA-526;Sul;Saida de Pista;1;;;;;;;;;;0;1;;;
18/11/2018;01:55:00;11;sem vítima;579,6;BR-324/BA;Leste;Colisão Lateral;;;;;;1;;;;1;2;;;;
18/11/2018;02:28:00;12;sem vítima;608,6;BR-324/BA;Leste;Colisão Traseira;1;;;;;1;;;;;2;;;;
18/11/2018;15:40:00;120;com vítima;708;BR-116/BA;Sul;Colisão Frontal;1;;1;;;;;;;;1;;;;1
18/11/2018;17:31:00;150;sem vítima;456,5;BR-116/BA;Sul;Colisão Lateral;;;2;;;;;;;;2;;;;
18/11/2018;21:22:00;186;com vítima;431;BR-116/BA;Norte;Queda de Moto;;;;1;;;;;;;0;1;;;
18/11/2018;21:43:00;189;sem vítima;613;BR-324/BA;Leste;Colisão Traseira;2;;;;;;;;;;5;;;;
19/11/2018;05:07:00;21;sem vítima;546;BR-324/BA;Leste;Colisão Traseira;1;;;;;1;;;;;4;;;;
19/11/2018;08:17:00;93;com vítima;617;BR-324/BA;Leste;Queda de Moto;;;;1;;;;;;;0;1;;;
19/11/2018;08:46:00;101;com vítima;621,3;BR-324/BA;Leste;Colisão Lateral;1;;;1;;1;;;;;2;2;;;
19/11/2018;13:22:00;163;sem vítima;9;BR-116/BA - Cont VC;Sul;Colisão Transversal;1;;;;;;;;;1;3;;;;