data;horario;n_da_ocorrencia;tipo_de_ocorrencia;km;trecho;sentido;tipo_de_acidente;automovel;bicicleta;caminhao;moto;onibus;outros;tracao_animal;transporte_de_cargas_especiais;trator_maquinas;utilitarios;ilesos;levemente_feridos;moderadamente_feridos;gravemente_feridos;mortos
19/11/2018;18:06:00;220;sem vítima;655,3;BR-116/BA;Norte;Engavetamento;;;3;;;;;;;;3;;;;
19/11/2018;18:11:00;222;sem vítima;523;BR-324/BA;Leste;Tombamento;;;1;;;;;;;;1;;;;
19/11/2018;18:22:00;224;sem vítima;610;BR-324/BA;Leste;Colisão Traseira;1;;;;;;;;;;1;;;;
19/11/2018;21:03:00;254;sem vítima;510,8;BR-116/BA;Norte;Saida de Pista;1;;;;;;;;;;4;;;;
20/11/2018;07:37:00;34;sem vítima;620;BR-324/BA;Oeste;Colisão Lateral;1;;1;;;;;;;;2;;;;
20/11/2018;08:00:00;45;sem vítima;622,8;BR-324/BA;Leste;Colisão Traseira;2;;;;;;;;;;2;;;;
20/11/2018;08:09:00;54;sem vítima;599,5;BR-324/BA;Oeste;Colisão Traseira;;;1;;;;;;;1;4;;;;
20/11/2018;08:11:00;55;sem vítima;608;BR-324/BA;Oeste;Colisão Traseira;2;;;;;;;;;;2;;;;
20/11/2018;08:24:00;58;com vítima;614;BR-324/BA;Leste;Tombamento;;;2;;;;;;;;1;;;1;
20/11/2018;14:23:00;142;sem vítima;479,3;BR-116/BA;Sul;Tombamento;;;1;;;;;;;;1;;;;
20/11/2018;14:56:00;152;com vítima;571;BR-324/BA;Oeste;Saida de Pista;;;;;;;;;;1;0;1;;;
20/11/2018;17:24:00;185;sem vítima;879,3;BR-116/BA;Norte;Colisão Traseira;;;2;;;;;;;;2;;;;
20/11/2018;21:05:00;221;sem vítima;650;BR-116/BA;Norte;Colisão Traseira;;;1;;;1;;;;1;9;;;;
20/11/2018;23:47:00;236;com vítima;620;BR-324/BA;Leste;Atropelamento de Animal;;;;1;;;;;;;0;1;;;
21/11/2018;00:21:00;4;com vítima;581,4;BR-116/BA;Sul;Saida de Pista;;;1;;;;;;;;0;;1;;
21/11/2018;04:58:00;12;sem vítima;590;BR-324/BA;Oeste;Colisão Traseira;;;2;;;;;;;;2;;;;
21/11/2018;11:55:00;118;sem vítima;574;BR-324/BA;Leste;Saida de Pista;;;1;;;;;;;;1;;;;
21/11/2018;19:05:00;201;sem vítima;856,5;BR-116/BA;Sul;Colisão Lateral;;;2;;;;;;;;2;;;;
22/11/2018;07:36:00;50;sem vítima;518,5;BR-324/BA;Leste;Colisão Traseira;3;;;;;1;;;;;4;;;;
22/11/2018;09:31:00;101;com vítima;828;BR-116/BA;Sul;Tombamento;;;1;;;;;;;;0;2;;;
22/11/2018;10:49:00;123;sem vítima;554;BR-324/BA;Oeste;Saida de Pista;;;1;;;;;;;;2;;;;
22/11/2018;15:49:00;185;sem vítima;804;BR-116/BA;Norte;Colisão Traseira;;;2;;;;;;;;2;;;;
22/11/2018;17:02:00;204;com vítima;618;BR-324/BA;Oeste;Colisão Lateral;1;;;1;;;;;;;1;1;;;
22/11/2018;23:03:00;254;sem vítima;525,9;BR-116/BA;Sul;Colisão Frontal;;;2;;;;;;;;2;;;;
23/11/2018;04:13:00;11;sem vítima;604,2;BR-324/BA;Leste;Capotamento;;;;;;;;;;1;2;;;;
23/11/2018;06:06:00;15;sem vítima;574;BR-324/BA;Leste;Colisão Traseira;;;2;;;;;;;;3;;;;
23/11/2018;07:05:00;37;sem vítima;610;BR-324/BA;Oeste;Engavetamento;1;;2;;1;;;;;1;12;;;;
23/11/2018;07:18:00;40;sem vítima;609;BR-324/BA;Leste;Colisão Traseira;;;;;;;;;;2;2;;;;
23/11/2018;10:16:00;87;com vítima;526;BR-324/BA;Oeste;Saida de Pista;;;1;;;;;;;;1;3;;;
23/11/2018;12:43:00;119;com vítima;602,8;BR-116/BA;Norte;Colisão Traseira;;;1;;1;;;;;;10;;2;1;1
23/11/2018;13:52:00;131;sem vítima;2;BA-526;Sul;Atropelamento de Pedestre;1;;;;;;;;;;2;;;;
23/11/2018;14:49:00;140;sem vítima;862;BR-116/BA;Sul;Saida de Pista;1;;;;;;;;;;1;;;;
23/11/2018;17:16:00;180;com vítima;612;BR-324/BA;Leste;Colisão Traseira;1;;1;;;;;;;;1;;1;;
23/11/2018;18:34:00;199;sem vítima;569;BR-116/BA;Sul;Saida de Pista;;;1;;;;;;;;1;;;;
23/11/2018;18:49:00;204;com vítima;699,8;BR-116/BA;Sul;Colisão Frontal;;;1;1;;;;;;;1;;;;1
23/11/2018;19:08:00;208;sem vítima;2;BR-116/BA - Cont VC;Norte;Atropelamento de Animal;;;1;;;;;;;;1;;;;
23/11/2018;19:30:00;216;com vítima;817;BR-116/BA;Norte;Colisão Traseira;;;;2;;;;;;;1;2;;;
23/11/2018;20:42:00;229;com vítima;814;BR-116/BA;Sul;Colisão Traseira;2;;;;;;;;;;1;1;;;
24/11/2018;10:26:00;72;com vítima;547,2;BR-324/BA;Leste;Queda de Moto;;;;1;;;;;;;0;2;;;
24/11/2018;14:05:00;113;sem vítima;546,3;BR-324/BA;Oeste;Colisão Traseira;1;;;;;1;;;;;2;;;;
24/11/2018;17:08:00;157;com vítima;624;BR-324/BA;Leste;Colisão Traseira;1;;;1;;;;;;;2;1;;;
24/11/2018;19:39:00;185;com vítima;673;BR-116/BA;Norte;Atropelamento de Pedestre;;;;;;1;;;;;1;1;;;
24/11/2018;20:25:00;190;sem vítima;25;BR-116/BA - Cont VC;Norte;Colisão Lateral;2;;;;;;;;;;4;;;;
24/11/2018;21:11:00;196;sem vítima;19;BR-116/BA - Cont VC;Sul;Saida de Pista;1;;;;;;;;;;1;;;;
25/11/2018;09:21:00;53;sem vítima;623;BR-324/BA;Leste;Colisão Traseira;2;;;;;;;;;;2;;;;
25/11/2018;10:19:00;68;sem vítima;598;BR-324/BA;Leste;Capotamento;;;;;;;;;;1;5;;;;
25/11/2018;11:14:00;78;sem vítima;0,5;BR-116/BA - Cont VC;Sul;Colisão Lateral;;;1;1;;;;;;;2;;;;
25/11/2018;14:30:00;97;com vítima;547;BR-324/BA;Oeste;Saida de Pista;1;;;;;;;;;;0;1;;;
25/11/2018;15:34:00;118;sem vítima;839;BR-116/BA;Norte;Colisão Traseira;1;;;;;1;;;;;6;;;;
25/11/2018;15:55:00;121;sem vítima;839;BR-116/BA;Norte;Colisão Traseira;2;;;;;;;;;;2;;;;
25/11/2018;16:22:00;128;sem vítima;530;BR-324/BA;Leste;Saida de Pista;1;;;;;;;;;;1;;;;
25/11/2018;17:14:00;140;sem vítima;883;BR-116/BA;Norte;Colisão Lateral;2;;;;;;;;;;8;;;;
25/11/2018;18:07:00;145;sem vítima;530,05;BR-324/BA;Oeste;Saida de Pista;1;;;;;;;;;;3;;;;
25/11/2018;18:10:00;146;sem vítima;790;BR-116/BA;Sul;Saida de Pista;;;1;;;;;;;;1;;;;
25/11/2018;20:21:00;172;sem vítima;7;BR-116/BA - Cont VC;Sul;Colisão Lateral;1;;;1;;;;;;;3;;;;
25/11/2018;20:37:00;174;com vítima;11;BR-116/BA - Cont VC;Sul;Atropelamento - Ciclista;;;;1;;1;;;;;1;1;;;
26/11/2018;06:55:00;39;sem vítima;608;BR-324/BA;Oeste;Engavetamento;5;;;;;;;;;;6;;;;
26/11/2018;13:40:00;142;sem vítima;563,4;BR-116/BA;Norte;Saida de Pista;;;;;;;;;;1;1;;;;
26/11/2018;14:49:00;154;sem vítima;488;BR-116/BA;Norte;Saida de Pista;;;;;;;;;;1;2;;;;
26/11/2018;15:45:00;173;sem vítima;599;BR-324/BA;Leste;Colisão Traseira;1;;;;;;;;;1;4;;;;
26/11/2018;18:42:00;197;sem vítima;602;BR-324/BA;Oeste;Colisão Frontal;2;;;;;;;;;;4;;;;
26/11/2018;18:45:00;198;sem vítima;537;BR-324/BA;Oeste;Saida de Pista;1;;;;;;;;;;1;;;;
27/11/2018;02:33:00;9;com vítima;609,2;BR-116/BA;Norte;Saida de Pista;1;;;;;;;;;;1;1;;;
27/11/2018;08:06:00;52;sem vítima;625;BR-324/BA;Leste;Engavetamento;3;;;;;;;;;;3;;;;
27/11/2018;09:27:00;75;sem vítima;621,6;BR-324/BA;Leste;Engavetamento;2;;1;;;;;;;1;5;;;;
27/11/2018;09:33:00;77;com vítima;595,5;BR-324/BA;Leste;Saida de Pista;1;;;;;;;;;;0;3;;;
27/11/2018;11:40:00;107;sem vítima;877,5;BR-116/BA;Sul;Colisão Transversal;1;;1;;;;;;;;2;;;;
27/11/2018;19:12:00;183;sem vítima;525,1;BR-324/BA;Oeste;Colisão Traseira;;;;1;;;;;;;1;;;;
27/11/2018;23:58:00;226;sem vítima;621,4;BR-324/BA;Leste;Saida de Pista;1;;;;;;;;;;1;;;;
28/11/2018;06:16:00;12;com vítima;441,7;BR-116/BA;Sul;Saida de Pista;1;;;;;;;;;;0;1;;;
28/11/2018;06:58:00;19;com vítima;624,7;BR-324/BA;Leste;Colisão Lateral;1;;;1;;1;;;;;2;;1;;
28/11/2018;08:03:00;36;com vítima;668,2;BR-116/BA;Sul;Colisão Traseira;;;2;;;;;;;;1;1;;;
28/11/2018;09:51:00;78;sem vítima;695;BR-116/BA;Sul;Colisão Traseira;;;2;;;;;;;;2;;;;
28/11/2018;10:41:00;88;com vítima;561,1;BR-324/BA;Leste;Saida de Pista;;;;;;;;;;1;0;1;;;
28/11/2018;16:39:00;158;sem vítima;584;BR-116/BA;Sul;Colisão Traseira;;;2;;;;;;;;2;;;;
28/11/2018;19:44:00;187;sem vítima;597;BR-324/BA;Leste;Saida de Pista;;;;;;;;;;1;1;;;;
28/11/2018;22:21:00;208;sem vítima;588;BR-324/BA;Leste;Saida de Pista;1;;;;;;;;;;1;;;;
28/11/2018;22:41:00;212;sem vítima;551;BR-324/BA;Oeste;Colisão Lateral;;;2;;;;;;;;2;;;;
29/11/2018;00:29:00;3;sem vítima;1;BA-526;Sul;Colisão Traseira;2;;;1;;;;;;;3;;;;
29/11/2018;02:03:00;11;sem vítima;596;BR-324/BA;Oeste;Atropelamento de Animal;;;1;;;;;;;;2;;;;
29/11/2018;07:40:00;39;sem vítima;12,1;BR-116/BA - Cont VC;Sul;Colisão Transversal;;;1;;;;;;;1;2;;;;
29/11/2018;11:05:00;91;com vítima;713;BR-116/BA;Sul;Saida de Pista;1;;;;;;;;;;0;1;;;
29/11/2018;14:40:00;136;sem vítima;656;BR-116/BA;Norte;Colisão Traseira;;;2;;;;;;;1;4;;;;
29/11/2018;18:57:00;194;com vítima;476,4;BR-116/BA;Sul;Atropelamento de Pedestre;;;;;;1;;;;;1;;;;1
30/11/2018;04:45:00;14;sem vítima;624;BR-324/BA;Leste;Colisão Lateral;;;;;1;;;;;1;19;;;;
30/11/2018;08:31:00;61;sem vítima;618;BR-324/BA;Leste;Colisão Traseira;1;;1;;;;;;;;5;;;;
30/11/2018;08:49:00;70;sem vítima;675,2;BR-116/BA;Sul;Saida de Pista;1;;;;;;;;;;2;;;;
30/11/2018;11:13:00;107;sem vítima;556,5;BR-324/BA;Leste;Saida de Pista;1;;;;;;;;;;2;;;;
30/11/2018;12:18:00;121;com vítima;911;BR-116/BA;Sul;Colisão Transversal;2;;;;;;;;;;0;4;;;
30/11/2018;13:12:00;137;sem vítima;768,8;BR-116/BA;Sul;Saida de Pista;;;1;;;;;;;;1;;;;
30/11/2018;14:33:00;152;sem vítima;786,4;BR-116/BA;Sul;Colisão Traseira;;;2;;;;;;;;2;;;;
30/11/2018;19:12:00;217;sem vítima;442;BR-116/BA;Sul;Atropelamento de Animal;;;;;;;;;;1;1;;;;
30/11/2018;19:57:00;225;com vítima;606;BR-324/BA;Oeste;Atropelamento de Pedestre;;;;;;1;;;;;1;;;;1
30/11/2018;20:02:00;226;com vítima;817;BR-116/BA;Sul;Colisão Frontal;1;;;1;;;;;;;1;;1;1;
01/12/2018;08:17:00;48;sem vítima;4,1;BR-116/BA - Cont VC;Sul;Colisão Transversal;;;;;;;;;;1;1;;;;
01/12/2018;09:12:00;56;sem vítima;818,2;BR-116/BA;Norte;Colisão Transversal;2;;;;;;;;;;6;;;;
01/12/2018;10:56:00;72;sem vítima;600;BR-116/BA;Norte;Saida de Pista;;;1;;;;;;;;1;;;;
01/12/2018;11:23:00;75;com vítima;623,8;BR-116/BA;Sul;Colisão Lateral;1;;1;;;;;;;;1;2;;;1
01/12/2018;11:55:00;79;com vítima;775;BR-116/BA;Sul;Colisão Traseira;;;1;1;;;;;;;1;;1;;
01/12/2018;13:56:00;103;com vítima;814;BR-116/BA;Norte;Colisão Lateral;;;1;;;;;;;1;1;1;;;
01/12/2018;19:13:00;165;com vítima;798;BR-116/BA;Sul;Colisão Frontal;1;;1;;;;;;;;2;;1;;
02/12/2018;18:01:00;149;sem vítima;447,1;BR-116/BA;Norte;Saida de Pista;;;;;;;;;;1;1;;;;
02/12/2018;18:11:00;156;sem vítima;560;BR-324/BA;Oeste;Saida de Pista;1;;;;;;;;;;1;;;;
02/12/2018;19:17:00;169;sem vítima;457;BR-116/BA;Sul;Tombamento;;;1;;;;;;;;1;;;;
02/12/2018;19:51:00;174;sem vítima;466;BR-116/BA;Sul;Colisão Traseira;;;2;;;;;;;;2;;;;
03/12/2018;00:33:00;6;sem vítima;819,2;BR-116/BA;Norte;Saida de Pista;1;;;;;;;;;;1;;;;
03/12/2018;04:46:00;23;sem vítima;551;BR-324/BA;Leste;Engavetamento;2;;1;1;;;;;;;8;;;;
03/12/2018;07:42:00;80;com vítima;617;BR-324/BA;Leste;Engavetamento;3;;;;;;;;;;5;;1;;
03/12/2018;10:34:00;127;com vítima;537;BR-324/BA;Oeste;Saida de Pista;1;;;;;;;;;;1;3;;;
03/12/2018;12:43:00;154;sem vítima;553;BR-324/BA;Oeste;Saida de Pista;1;;;;;;;;;;1;;;;
03/12/2018;13:12:00;158;sem vítima;564;BR-324/BA;Oeste;Saida de Pista;;;1;;;;;;;;2;;;;
03/12/2018;13:19:00;160;sem vítima;539;BR-324/BA;Leste;Colisão Traseira;1;;1;;;;;;;;5;;;;
03/12/2018;13:51:00;172;sem vítima;547,1;BR-324/BA;Oeste;Outros;1;;;;;1;;;;;2;;;;
03/12/2018;16:35:00;204;com vítima;877,2;BR-116/BA;Norte;Colisão Lateral;1;;1;;;;;;;;2;1;;;
03/12/2018;16:42:00;206;com vítima;3;BR-116/BA - ContSuFS;Norte;Colisão Traseira;1;;1;;;;;;;;2;1;;;
03/12/2018;17:23:00;215;com vítima;14;BR-116/BA - Cont VC;Norte;Colisão Traseira;;;;1;;1;;;;;1;1;;;
03/12/2018;18:24:00;231;com vítima;5,3;BA-526;Sul;Sequência;2;;;;;;;;;;4;1;2;;
03/12/2018;20:14:00;254;sem vítima;493,5;BR-116/BA;Sul;Saida de Pista;1;;;;;;;;;;1;;;;
03/12/2018;22:30:00;270;com vítima;532;BR-116/BA;Norte;Saida de Pista;;;1;;;;;;;;0;1;;;
03/12/2018;23:36:00;279;sem vítima;818,6;BR-116/BA;Sul;Tombamento;;;1;;;;;;;;1;;;;
04/12/2018;03:59:00;6;sem vítima;562,05;BR-324/BA;Leste;Tombamento;;;1;;;;;;;;1;;;;
04/12/2018;07:45:00;62;sem vítima;621,6;BR-324/BA;Leste;Engavetamento;2;;;;;1;;;;1;4;;;;
04/12/2018;10:59:00;100;com vítima;621;BR-324/BA;Oeste;Colisão Traseira;1;;;1;;;;;;;1;;1;;
04/12/2018;13:08:00;129;sem vítima;459,2;BR-116/BA;Sul;Colisão Traseira;1;;;;;1;;;;;3;;;;
04/12/2018;15:26:00;153;sem vítima;584;BR-116/BA;Sul;Saida de Pista;;;1;;;;;;;;1;;;;
04/12/2018;17:18:00;176;sem vítima;818,5;BR-116/BA;Sul;Colisão Traseira;1;;1;;;;;;;;2;;;;
04/12/2018;17:42:00;182;sem vítima;524;BR-116/BA;Sul;Colisão Lateral;;;2;;;;;;;;2;;;;
04/12/2018;18:46:00;209;sem vítima;552,1;BR-324/BA;Leste;Saida de Pista;1;;;;;;;;;;1;;;;
04/12/2018;18:56:00;211;com vítima;518,5;BR-324/BA;Oeste;Atropelamento - Ciclista;;1;;;;1;;;;;1;;;;1
04/12/2018;20:30:00;232;sem vítima;495;BR-116/BA;Sul;Colisão Traseira;1;;;;;;;;;1;2;;;;
05/12/2018;12:35:00;125;sem vítima;590;BR-324/BA;Oeste;Saida de Pista;1;;;;;;;;;;1;;;;
05/12/2018;13:09:00;146;sem vítima;558;BR-324/BA;Leste;Colisão Lateral;1;;;;;1;;;;;2;;;;
05/12/2018;14:57:00;171;sem vítima;831;BR-116/BA;Norte;Saida de Pista;1;;;;;;;;;;1;;;;
05/12/2018;19:06:00;226;sem vítima;532;BR-116/BA;Norte;Saida de Pista;;;1;;;;;;;;1;;;;
05/12/2018;22:42:00;266;sem vítima;458;BR-116/BA;Norte;Saida de Pista;;;;;;;;;;1;1;;;;
06/12/2018;00:11:00;2;com vítima;655;BR-116/BA;Norte;Saida de Pista;;;1;;;;;;;;0;;2;;
06/12/2018;01:53:00;13;sem vítima;885;BR-116/BA;Norte;Tombamento;;;1;;;;;;;;1;;;;
06/12/2018;15:46:00;207;sem vítima;615,2;BR-324/BA;Leste;Engavetamento;3;;;;;;;;;;4;;;;
06/12/2018;17:21:00;229;sem vítima;623,1;BR-324/BA;Oeste;Colisão Lateral;1;;1;;;;;;;;2;;;;
06/12/2018;17:57:00;235;com vítima;447,7;BR-116/BA;Sul;Colisão Transversal;;;1;1;;;;;;;1;1;;;
07/12/2018;03:05:00;13;sem vítima;596;BR-116/BA;Norte;Tombamento;;;1;;;;;;;;1;;;;
07/12/2018;04:10:00;15;com vítima;534;BR-116/BA;Sul;Colisão Traseira;;;;1;;;;;;;0;;;1;
07/12/2018;08:15:00;48;sem vítima;623,5;BR-324/BA;Leste;Engavetamento;4;;;;;;;;;;7;;;;
07/12/2018;08:28:00;57;sem vítima;550;BR-324/BA;Leste;Colisão Traseira;2;;;;;;;;;;4;;;;
07/12/2018;10:01:00;82;sem vítima;623,45;BR-324/BA;Oeste;Engavetamento;3;;;;;1;;;;;4;;;;
07/12/2018;11:26:00;95;sem vítima;845,9;BR-116/BA;Sul;Saida de Pista;;;1;;;;;;;;1;;;;
07/12/2018;14:03:00;126;com vítima;643,7;BR-116/BA;Norte;Saida de Pista;;;1;;;;;;;;0;;;;1
07/12/2018;15:48:00;159;com vítima;618,1;BR-324/BA;Leste;Engavetamento;2;;1;;;;;;;;4;1;;;
07/12/2018;16:22:00;166;com vítima;615,06;BR-324/BA;Leste;Colisão Lateral;;;;1;;1;;;;;1;1;;;
07/12/2018;16:24:00;167;com vítima;633,6;BR-116/BA;Norte;Colisão Traseira;;;1;1;;;;;;;2;1;;;
07/12/2018;16:49:00;174;sem vítima;622;BR-324/BA;Leste;Queda de Moto;;;;1;;;;;;;1;;;;
07/12/2018;18:10:00;195;sem vítima;623;BR-324/BA;Oeste;Colisão Lateral;1;;;1;;;;;;;2;;;;
07/12/2018;18:30:00;201;com vítima;819,9;BR-116/BA;Norte;Colisão Traseira;;1;;1;;;;;;;0;2;1;;
07/12/2018;18:52:00;205;sem vítima;610;BR-324/BA;Leste;Colisão Traseira;2;;;;;;;;;;3;;;;
07/12/2018;19:12:00;214;com vítima;496;BR-116/BA;Norte;Atropelamento de Animal;1;;;;;;;;;;0;1;;;
08/12/2018;01:26:00;9;sem vítima;598;BR-324/BA;Leste;Engavetamento;2;;1;;;;;;;;5;;;;
08/12/2018;09:20:00;68;sem vítima;559,9;BR-324/BA;Oeste;Colisão Transversal;2;;;;;;;;;;8;;;;
08/12/2018;10:17:00;80;sem vítima;586,5;BR-324/BA;Leste;Saida de Pista;1;;;;;;;;;;1;;;;
08/12/2018;10:40:00;90;com vítima;592;BR-324/BA;Leste;Colisão Traseira;1;;1;;;;;;;;1;;1;;
08/12/2018;11:20:00;100;sem vítima;843,5;BR-116/BA;Sul;Saida de Pista;1;;;;;;;;;;1;;;;
08/12/2018;19:03:00;206;com vítima;460;BR-116/BA;Sul;Queda de Moto;;;;1;;;;;;;0;;1;;
09/12/2018;07:29:00;24;sem vítima;623,9;BR-324/BA;Leste;Colisão Lateral;2;;;;;;;;;;4;;;;
09/12/2018;07:37:00;27;sem vítima;904,5;BR-116/BA;Norte;Colisão Traseira;;;2;;;;;;;;2;;;;
09/12/2018;13:24:00;101;sem vítima;530;BR-324/BA;Leste;Choque Contra Objeto Fixo;1;;;;;;;;;;1;;;;
09/12/2018;14:11:00;107;sem vítima;909,7;BR-116/BA;Norte;Engavetamento;1;;2;;;;;;;;3;;;;
09/12/2018;15:52:00;137;sem vítima;836,9;BR-116/BA;Norte;Engavetamento;2;;1;;;;;;;;3;;;;
09/12/2018;17:10:00;162;sem vítima;563,9;BR-324/BA;Leste;Saida de Pista;;;1;;;;;;;;1;;;;
09/12/2018;17:33:00;169;sem vítima;533;BR-324/BA;Oeste;Colisão Lateral;2;;;;;;;;;;5;;;;
09/12/2018;18:58:00;186;sem vítima;564;BR-324/BA;Leste;Colisão Traseira;2;;;;;;;;;;3;;;;
09/12/2018;19:21:00;192;sem vítima;562,8;BR-324/BA;Leste;Saida de Pista;1;;;;;;;;;;1;;;;
09/12/2018;21:58:00;212;com vítima;641,7;BR-116/BA;Sul;Saida de Pista;;;1;;;;;;;;0;1;;;
10/12/2018;06:08:00;30;sem vítima;614,5;BR-324/BA;Oeste;Colisão Traseira;1;;;;;;;;;1;7;;;;
10/12/2018;06:09:00;31;com vítima;809;BR-116/BA;Sul;Queda de Moto;;;;1;;;;;;;0;1;;;
10/12/2018;06:27:00;38;com vítima;575,3;BR-324/BA;Leste;Colisão Lateral;;;;1;;1;;;;;1;;1;;
10/12/2018;07:46:00;66;com vítima;610;BR-324/BA;Oeste;Colisão Lateral;;;;1;;1;;;;;1;;1;;
10/12/2018;08:15:00;88;com vítima;526,1;BR-324/BA;Leste;Engavetamento;2;;1;;1;;;;;;3;2;;;
10/12/2018;08:17:00;89;sem vítima;607,2;BR-324/BA;Leste;Engavetamento;3;;;;;;;;;1;6;;;;
10/12/2018;09:23:00;114;sem vítima;610,8;BR-324/BA;Leste;Engavetamento;4;;;;;1;;;;;9;;;;
10/12/2018;10:06:00;121;sem vítima;624,2;BR-324/BA;Leste;Colisão Traseira;;;;;;;;;;2;2;;;;
10/12/2018;13:57:00;167;com vítima;541,8;BR-324/BA;Leste;Colisão Lateral;1;;;;;;;;;;0;1;;;
10/12/2018;15:12:00;184;com vítima;623,3;BR-324/BA;Oeste;Queda de Moto;;;;1;;;;;;;0;1;;;
10/12/2018;18:34:00;230;sem vítima;465,9;BR-116/BA;Sul;Atropelamento de Animal;1;;;;;;;;;;4;;;;
10/12/2018;19:39:00;241;com vítima;623,5;BR-324/BA;Leste;Queda de Moto;;;;1;;;;;;;1;1;;;
10/12/2018;21:04:00;253;sem vítima;561,5;BR-324/BA;Oeste;Saida de Pista;;;3;;;;;;;;3;;;;
11/12/2018;07:59:00;47;com vítima;0,5;BR-116/BA - ContSuFS;Norte;Atropelamento de Pedestre;;;;1;;;;;;;0;2;;;
11/12/2018;08:06:00;49;sem vítima;529;BR-324/BA;Oeste;Engavetamento;3;;;;;;;;;;11;;;;
11/12/2018;08:55:00;57;sem vítima;614;BR-324/BA;Leste;Colisão Lateral;1;;1;;;;;;;;4;;;;
11/12/2018;12:01:00;88;sem vítima;614;BR-324/BA;Leste;Colisão Traseira;1;;;1;;;;;;;2;;;;
11/12/2018;13:59:00;111;sem vítima;847,1;BR-116/BA;Norte;Saida de Pista;1;;;;;;;;;;1;;;;
11/12/2018;14:07:00;114;com vítima;611;BR-324/BA;Leste;Sequência;2;;1;;;;;;;;3;;1;;
11/12/2018;14:11:00;115;sem vítima;448,5;BR-116/BA;Sul;Colisão Traseira;;;;;;;;;;1;1;;;;
11/12/2018;14:36:00;119;com vítima;845,1;BR-116/BA;Norte;Colisão Lateral;;;2;;;;;;;;0;1;;;1
11/12/2018;15:52:00;135;sem vítima;14,2;BR-116/BA - Cont VC;Norte;Colisão Traseira;2;;;;;;;;;;2;;;;
11/12/2018;15:57:00;136;sem vítima;594;BR-116/BA;Norte;Saida de Pista;1;;;;;;;;;;1;;;;
11/12/2018;16:00:00;138;com vítima;777,9;BR-116/BA;Sul;Colisão Lateral;;;;1;;1;;;;;1;1;;;
11/12/2018;16:45:00;150;sem vítima;828,2;BR-116/BA;Norte;Colisão Traseira;1;;1;;;;;;;;2;;;;
11/12/2018;23:11:00;209;sem vítima;750;BR-116/BA;Norte;Atropelamento de Animal;;;1;;;;;;;;1;;;;
12/12/2018;05:35:00;17;sem vítima;715,2;BR-116/BA;Sul;Saida de Pista;1;;;;;;;;;;2;;;;
12/12/2018;08:03:00;61;sem vítima;532;BR-324/BA;Leste;Colisão Traseira;;;;;;1;;;;1;2;;;;
12/12/2018;13:20:00;126;sem vítima;592,1;BR-116/BA;Sul;Saida de Pista;1;;;;;;;;;;1;;;;
12/12/2018;13:42:00;129;sem vítima;521,2;BR-324/BA;Oeste;Colisão Lateral;;;;;;;;;;2;11;;;;
12/12/2018;16:50:00;172;sem vítima;615,2;BR-324/BA;Leste;Engavetamento;3;;;;;;;;;;3;;;;
12/12/2018;21:00:00;230;sem vítima;457,1;BR-116/BA;Norte;Saida de Pista;1;;;;;;;;;;1;;;;
13/12/2018;01:07:00;7;com vítima;623,5;BR-324/BA;Leste;Colisão Traseira;1;;;;;;;;;1;2;1;;;
13/12/2018;08:52:00;72;sem vítima;561;BR-324/BA;Leste;Colisão Transversal;1;;1;;;;;;;;2;;;;
13/12/2018;10:29:00;104;sem vítima;524,5;BR-324/BA;Leste;Colisão Traseira;2;;;;;;;;;;2;;;;
13/12/2018;11:36:00;116;com vítima;771,7;BR-116/BA;Sul;Saida de Pista;1;;;;;;;;;;0;2;;;
13/12/2018;16:57:00;179;sem vítima;841;BR-116/BA;Sul;Colisão Lateral;;;2;;;;;;;;2;;;;
13/12/2018;17:18:00;185;com vítima;604;BR-116/BA;Norte;Colisão Lateral;;;2;;;;;;;;1;1;;;
13/12/2018;18:13:00;196;com vítima;615,3;BR-324/BA;Leste;Colisão Traseira;1;;;1;;;;;;;1;;1;;
13/12/2018;19:30:00;212;sem vítima;752,6;BR-116/BA;Sul;Atropelamento de Animal;;;;;;;;;;1;2;;;;
13/12/2018;20:01:00;218;sem vítima;0;BR-116/BA - ContSuFS;Norte;Colisão Traseira;1;;;;;;;;;1;2;;;;
14/12/2018;03:21:00;9;sem vítima;574;BR-324/BA;Oeste;Saida de Pista;1;;;;;;;;;;1;;;;
14/12/2018;04:20:00;12;sem vítima;581;BR-116/BA;Sul;Colisão Traseira;1;;1;;;;;;;;3;;;;
14/12/2018;04:44:00;15;com vítima;450;BR-116/BA;Sul;Colisão Frontal;;;2;;;;;;;;1;;2;;
14/12/2018;08:06:00;54;sem vítima;729,3;BR-116/BA;Sul;Engavetamento;;;1;;;2;;;;;3;;;;
14/12/2018;08:45:00;72;com vítima;786,9;BR-116/BA;Norte;Atropelamento de Pedestre;;;1;;;;;;;;1;;;1;
14/12/2018;09:00:00;78;com vítima;618,2;BR-324/BA;Oeste;Colisão Transversal;1;;1;;;;;;;;5;2;;;
14/12/2018;11:17:00;125;sem vítima;585;BR-324/BA;Oeste;Engavetamento;2;;1;;;;;;;;3;;;;
14/12/2018;12:58:00;145;sem vítima;612;BR-324/BA;Oeste;Engavetamento;;;;;2;;;;1;;20;;;;
14/12/2018;16:15:00;187;sem vítima;685,6;BR-116/BA;Sul;Engavetamento;;;3;;;;;;;;3;;;;
14/12/2018;16:41:00;193;sem vítima;599;BR-324/BA;Leste;Colisão Traseira;1;;;;;;;;;1;4;;;;
14/12/2018;18:06:00;219;sem vítima;608;BR-324/BA;Oeste;Colisão Traseira;1;;;1;;;;;;;3;;;;