data;horario;n_da_ocorrencia;tipo_de_ocorrencia;km;trecho;sentido;tipo_de_acidente;automovel;bicicleta;caminhao;moto;onibus;outros;tracao_animal;transporte_de_cargas_especiais;trator_maquinas;utilitarios;ilesos;levemente_feridos;moderadamente_feridos;gravemente_feridos;mortos
14/12/2018;18:15:00;227;sem vítima;459;BR-116/BA;Sul;Saida de Pista;;;1;;;;;;;;1;;;;
14/12/2018;18:57:00;237;sem vítima;520;BR-324/BA;Oeste;Engavetamento;4;;;;;;;;;;5;;;;
14/12/2018;20:17:00;257;com vítima;9,2;BA-526;Sul;Colisão Lateral;1;;;1;;;;;;;1;;1;;
14/12/2018;21:02:00;265;sem vítima;555,3;BR-324/BA;Leste;Colisão Traseira;1;;;;;1;;;;;2;;;;
15/12/2018;03:23:00;14;sem vítima;636;BR-116/BA;Norte;Colisão Traseira;1;;1;;;;;;;;2;;;;
15/12/2018;05:21:00;21;com vítima;614,2;BR-116/BA;Sul;Atropelamento de Pedestre;;;;;;1;;;;;1;;;;1
15/12/2018;10:13:00;96;sem vítima;547;BR-324/BA;Leste;Saida de Pista;1;;;;;;;;;;1;;;;
15/12/2018;10:56:00;104;sem vítima;532,7;BR-324/BA;Oeste;Choque Contra Objeto Fixo;1;;;;;;;;;;2;;;;
15/12/2018;12:16:00;124;sem vítima;522,8;BR-324/BA;Leste;Tombamento;;;1;;;;;;;;1;;;;
15/12/2018;13:22:00;139;com vítima;814,5;BR-116/BA;Sul;Colisão Lateral;;;2;;;;;;;;1;;;;1
15/12/2018;13:46:00;143;sem vítima;591;BR-324/BA;Oeste;Colisão Traseira;1;;;;;1;;;;;2;;;;
15/12/2018;14:05:00;147;com vítima;815,1;BR-116/BA;Norte;Colisão Lateral;;;;1;;;;;;1;1;1;;;
15/12/2018;14:45:00;157;sem vítima;931;BR-116/BA;Sul;Colisão Traseira;;;;;;;;;;1;1;;;;
15/12/2018;15:07:00;161;sem vítima;518;BR-324/BA;Leste;Colisão Traseira;1;;;1;;;;;;;6;;;;
15/12/2018;16:56:00;180;sem vítima;522;BR-324/BA;Leste;Colisão Lateral;1;;;;1;;;;;;29;;;;
15/12/2018;18:29:00;195;com vítima;523;BR-324/BA;Leste;Queda de Moto;;;;1;;;;;;;0;;1;;
15/12/2018;18:29:00;196;sem vítima;560;BR-324/BA;Oeste;Colisão Transversal;;;;;;1;;;;1;4;;;;
15/12/2018;22:01:00;239;com vítima;758;BR-116/BA;Norte;Atropelamento de Pedestre;;1;;;;1;;;;;1;;;;1
15/12/2018;22:30:00;247;sem vítima;523,2;BR-324/BA;Leste;Colisão Lateral;1;;1;;;;;;;;5;;;;
16/12/2018;03:25:00;4;com vítima;4;BR-116/BA - ContSuFS;Sul;Colisão Traseira;2;;;;;1;;;;;3;1;;;
16/12/2018;04:15:00;6;sem vítima;800,5;BR-116/BA;Sul;Saida de Pista;1;;;;;;;;;;5;;;;
16/12/2018;05:38:00;10;com vítima;606,1;BR-324/BA;Leste;Queda de Moto;;;;1;;;;;;;0;;1;;
16/12/2018;06:10:00;13;sem vítima;796,9;BR-116/BA;Sul;Colisão Lateral;;;2;;;;;;;;2;;;;
16/12/2018;10:13:00;60;sem vítima;496,5;BR-116/BA;Norte;Colisão Traseira;1;;1;;;;;;;;3;;;;
16/12/2018;11:01:00;72;sem vítima;864;BR-116/BA;Sul;Colisão Traseira;;;2;;;;;;;;2;;;;
16/12/2018;12:59:00;103;com vítima;818;BR-116/BA;Norte;Colisão Lateral;;;1;1;;;;;;;1;1;;;
16/12/2018;14:52:00;128;com vítima;577;BR-324/BA;Leste;Colisão Lateral;1;;;1;;;;;;;3;1;;;
16/12/2018;15:29:00;136;sem vítima;794;BR-116/BA;Norte;Engavetamento;2;;;;;1;;;;;11;;;;
16/12/2018;15:58:00;143;sem vítima;845;BR-116/BA;Norte;Colisão Traseira;;;2;;;;;;;;2;;;;
16/12/2018;17:10:00;163;sem vítima;608;BR-324/BA;Oeste;Atropelamento - Ciclista;;1;;1;;;;;;;2;;;;
16/12/2018;18:25:00;178;com vítima;560;BR-324/BA;Oeste;Saida de Pista;;;;1;;1;;;;;1;;;1;1
16/12/2018;19:22:00;194;com vítima;830,5;BR-116/BA;Sul;Colisão Transversal;;;;1;;1;;;;;1;1;;;
16/12/2018;19:34:00;199;sem vítima;560;BR-324/BA;Oeste;Saida de Pista;;;;;;;;;;1;2;;;;
16/12/2018;20:38:00;209;com vítima;774;BR-116/BA;Sul;Atropelamento - Ciclista;;1;;1;;;;;;;0;2;;;
16/12/2018;21:28:00;214;com vítima;777,9;BR-116/BA;Norte;Colisão Transversal;2;;;;;;;;;;0;3;;;
16/12/2018;21:32:00;215;com vítima;892;BR-116/BA;Norte;Colisão Transversal;;;2;;;;;;;;1;1;;;
16/12/2018;22:37:00;223;sem vítima;597;BR-324/BA;Leste;Saida de Pista;1;;;;;;;;;;1;;;;
17/12/2018;00:33:00;2;sem vítima;643;BR-116/BA;Norte;Saida de Pista;;;1;;;;;;;;1;;;;
17/12/2018;06:12:00;20;sem vítima;521;BR-324/BA;Leste;Colisão Traseira;2;;;;;;;;;;7;;;;
17/12/2018;06:38:00;28;sem vítima;613;BR-324/BA;Leste;Engavetamento;2;;;;;1;;;;;6;;;;
17/12/2018;07:14:00;36;sem vítima;612,9;BR-324/BA;Leste;Engavetamento;2;;;;;1;;;;;5;;;;
17/12/2018;10:05:00;85;com vítima;815,6;BR-116/BA;Norte;Atropelamento de Pedestre;;;;1;;;;;;;0;3;;;
17/12/2018;11:55:00;119;sem vítima;607;BR-324/BA;Oeste;Colisão Traseira;2;;;;;;;;;;2;;;;
17/12/2018;16:11:00;197;com vítima;859,2;BR-116/BA;Sul;Colisão Lateral;;;;2;;;;;;;0;2;;;
17/12/2018;17:13:00;218;sem vítima;621;BR-324/BA;Oeste;Engavetamento;3;;;;;;;;;;6;;;;
17/12/2018;18:23:00;239;sem vítima;582,9;BR-324/BA;Leste;Capotamento;1;;;;;;;;;;1;;;;
17/12/2018;22:09:00;270;sem vítima;495;BR-116/BA;Sul;Tombamento;;;1;;;;;;;;1;;;;
18/12/2018;00:12:00;1;com vítima;719;BR-116/BA;Norte;Tombamento;;;1;;;;;;;;0;;;;1
18/12/2018;02:33:00;15;sem vítima;531,5;BR-116/BA;Sul;Colisão Traseira;1;;1;;;;;;;;5;;;;
18/12/2018;13:02:00;137;com vítima;907;BR-116/BA;Norte;Colisão Traseira;1;;1;;;;;;;;3;1;;;
18/12/2018;17:25:00;191;sem vítima;678,5;BR-116/BA;Norte;Colisão Traseira;;;2;;;;;;;;2;;;;
18/12/2018;21:44:00;236;sem vítima;543;BR-116/BA;Sul;Queda de Moto;;;;1;;;;;;;1;;;;
18/12/2018;22:37:00;243;sem vítima;505;BR-116/BA;Sul;Engavetamento;2;;1;;;;;;;;4;;;;
19/12/2018;07:44:00;47;sem vítima;519;BR-324/BA;Oeste;Engavetamento;4;;;;;;;;;;7;;;;
19/12/2018;09:26:00;80;sem vítima;619,8;BR-324/BA;Leste;Engavetamento;1;;1;;1;;;;;;5;;;;
19/12/2018;09:41:00;81;com vítima;531;BR-116/BA;Norte;Saida de Pista;1;;;;;;;;;;1;1;;;
19/12/2018;13:53:00;135;com vítima;561,2;BR-324/BA;Leste;Colisão Traseira;1;;;;;1;;;;;3;4;;;
19/12/2018;14:05:00;137;com vítima;461;BR-116/BA;Sul;Colisão Transversal;;;1;1;;;;;;;2;;;;1
19/12/2018;17:47:00;191;sem vítima;801;BR-116/BA;Norte;Colisão Traseira;;;2;;;;;;;;2;;;;
19/12/2018;18:28:00;207;sem vítima;608,4;BR-324/BA;Leste;Colisão Traseira;2;;;;;;;;;;4;;;;
20/12/2018;03:05:00;11;com vítima;919,5;BR-116/BA;Sul;Colisão Frontal;1;;;;;1;;;;;1;1;1;;
20/12/2018;05:32:00;17;sem vítima;851,1;BR-116/BA;Norte;Engavetamento;;;2;;;2;;;;;4;;;;
20/12/2018;06:21:00;24;com vítima;588,5;BR-324/BA;Leste;Colisão Traseira;;;2;;;;;;;;2;1;1;1;
20/12/2018;11:49:00;118;com vítima;616,2;BR-116/BA;Sul;Colisão Traseira;;;2;;;;;;;;2;1;;;
20/12/2018;12:40:00;127;com vítima;438,9;BR-116/BA;Sul;Colisão Traseira;1;;;;;1;;;;;5;;;;1
20/12/2018;14:43:00;153;sem vítima;551;BR-324/BA;Oeste;Colisão Traseira;1;;1;;;;;;;;3;;;;
20/12/2018;16:58:00;192;com vítima;25,8;BR-116/BA - Cont VC;Sul;Atropelamento de Pedestre;;;1;;;;;;;;1;;;;1
20/12/2018;18:58:00;221;sem vítima;551;BR-324/BA;Leste;Engavetamento;1;;;;;;;;;2;5;;;;
20/12/2018;20:41:00;241;sem vítima;716,5;BR-116/BA;Norte;Atropelamento de Animal;1;;;;;;;;;;1;;;;
20/12/2018;22:25:00;253;sem vítima;555;BR-324/BA;Oeste;Colisão Lateral;1;;1;;;;;;;;3;;;;
21/12/2018;07:28:00;73;sem vítima;527;BR-116/BA;Norte;Engavetamento;;;2;;;1;;;;1;4;;;;
21/12/2018;07:50:00;78;com vítima;0;BR-116/BA - ContSuFS;Norte;Colisão Traseira;;;;1;;1;;;;;1;1;;;
21/12/2018;08:59:00;100;com vítima;622;BR-324/BA;Leste;Queda de Moto;;;;1;;;;;;;0;1;;;
21/12/2018;09:10:00;103;sem vítima;545;BR-324/BA;Leste;Colisão Transversal;2;;;;;;;;;;2;;;;
21/12/2018;09:42:00;109;com vítima;676;BR-116/BA;Sul;Sequência;1;;3;;;1;;;;;4;;1;;
21/12/2018;09:44:00;110;sem vítima;757,5;BR-116/BA;Sul;Colisão Traseira;2;;;;;;;;;;2;;;;
21/12/2018;10:48:00;123;sem vítima;572;BR-324/BA;Leste;Saida de Pista;1;;;;;;;;;;1;;;;
21/12/2018;13:07:00;161;sem vítima;563;BR-324/BA;Oeste;Saida de Pista;;;;;;;;;;1;2;;;;
21/12/2018;14:18:00;176;sem vítima;546,7;BR-324/BA;Oeste;Colisão Traseira;2;;;;;;;;;;8;;;;
21/12/2018;14:40:00;184;sem vítima;540,2;BR-324/BA;Oeste;Engavetamento;2;;1;;;;;;;;5;;;;
21/12/2018;16:35:00;229;sem vítima;613;BR-324/BA;Leste;Engavetamento;3;;;;;;;;;;5;;;;
21/12/2018;16:49:00;233;sem vítima;605,1;BR-324/BA;Oeste;Engavetamento;2;;;;;1;;;;;8;;;;
21/12/2018;20:13:00;286;com vítima;7;BR-116/BA - ContSuFS;Sul;Colisão Traseira;1;;;1;;;;;;;3;1;;;
21/12/2018;21:17:00;301;sem vítima;495;BR-116/BA;Norte;Saida de Pista;1;;;;;;;;;;5;;;;
22/12/2018;00:36:00;5;sem vítima;618;BR-324/BA;Leste;Saida de Pista;1;;;;;;;;;;1;;;;
22/12/2018;03:01:00;20;sem vítima;768;BR-116/BA;Norte;Saida de Pista;1;;;;;;;;;;4;;;;
22/12/2018;05:43:00;34;sem vítima;448;BR-116/BA;Sul;Colisão Lateral;1;;1;;;;;;;;2;;;;
22/12/2018;06:15:00;39;sem vítima;540,3;BR-116/BA;Sul;Engavetamento;;;3;;;;;;;;3;;;;
22/12/2018;06:33:00;47;sem vítima;626,09;BR-324/BA;Leste;Colisão Traseira;1;;;;;1;;;;;5;;;;
22/12/2018;06:56:00;57;sem vítima;599,3;BR-324/BA;Oeste;Colisão Traseira;2;;;;;;;;;;5;;;;
22/12/2018;09:51:00;103;sem vítima;610,9;BR-324/BA;Oeste;Engavetamento;4;;;;;;;;;;7;;;;
22/12/2018;10:31:00;111;sem vítima;625,3;BR-116/BA;Sul;Saida de Pista;1;;;;;;;;;;1;;;;
22/12/2018;10:59:00;119;com vítima;545,8;BR-116/BA;Norte;Engavetamento;4;;;;;;;;;;12;1;;;
22/12/2018;12:09:00;138;sem vítima;461;BR-116/BA;Norte;Colisão Traseira;2;;;;;;;;;;4;;;;
22/12/2018;15:02:00;177;com vítima;462;BR-116/BA;Sul;Queda de Moto;;;;1;;;;;;;0;;1;;
22/12/2018;18:07:00;229;com vítima;622;BR-324/BA;Leste;Choque Contra Objeto Fixo;1;;;;;;;;;;0;1;;;
22/12/2018;20:15:00;254;sem vítima;480,1;BR-116/BA;Sul;Saida de Pista;1;;;;;;;;;;2;;;;
23/12/2018;04:49:00;27;sem vítima;1;BR-116/BA - ContSuFS;Norte;Colisão Traseira;1;;;;;1;;;;;5;;;;
23/12/2018;05:31:00;33;sem vítima;537;BR-324/BA;Oeste;Colisão Traseira;1;;;;;;;;;;3;;;;
23/12/2018;05:46:00;38;sem vítima;565;BR-324/BA;Oeste;Saida de Pista;1;;;;;;;;;;4;;;;
23/12/2018;06:46:00;49;sem vítima;863,1;BR-116/BA;Sul;Engavetamento;;;2;;1;1;;;;;5;;;;
23/12/2018;08:54:00;82;sem vítima;623,5;BR-324/BA;Oeste;Colisão Traseira;2;;;;;;;;;;6;;;;
23/12/2018;15:43:00;160;sem vítima;619;BR-324/BA;Oeste;Queda de Moto;;;;1;;;;;;;2;;;;
23/12/2018;16:54:00;176;sem vítima;560;BR-324/BA;Oeste;Saida de Pista;1;;;;;;;;;;1;;;;
23/12/2018;17:14:00;179;sem vítima;579,1;BR-116/BA;Norte;Saida de Pista;1;;;;;;;;;;1;;;;
23/12/2018;18:35:00;202;com vítima;808,5;BR-116/BA;Norte;Saida de Pista;1;;;;;;;;;;0;;1;;
23/12/2018;19:20:00;217;sem vítima;593;BR-324/BA;Leste;Colisão Traseira;1;;;;;1;;;;;2;;;;
23/12/2018;20:09:00;226;sem vítima;820,5;BR-116/BA;Sul;Colisão Lateral;1;;;1;;;;;;;2;;;;
23/12/2018;21:12:00;237;com vítima;539,2;BR-116/BA;Sul;Queda de Moto;;;;1;;;;;;;0;2;;;
23/12/2018;21:26:00;242;com vítima;827,1;BR-116/BA;Sul;Colisão Frontal;;;;1;;;;;;1;2;;1;;
23/12/2018;21:28:00;244;sem vítima;439;BR-116/BA;Sul;Saida de Pista;1;;;;;;;;;;1;;;;
23/12/2018;22:27:00;253;sem vítima;835;BR-116/BA;Norte;Colisão Lateral;;;1;;;;;;;1;5;;;;
24/12/2018;07:35:00;41;sem vítima;551,3;BR-324/BA;Oeste;Colisão Traseira;2;;;;;;;;;;5;;;;
24/12/2018;07:38:00;44;com vítima;17;BR-116/BA - Cont VC;Norte;Queda de Moto;;;;1;;1;;;;;1;;1;;
24/12/2018;07:43:00;46;com vítima;673,2;BR-116/BA;Norte;Engavetamento;2;;2;;;;;;;;6;1;;;
24/12/2018;12:28:00;118;sem vítima;530,15;BR-324/BA;Leste;Saida de Pista;1;;;;;;;;;;1;;;;
24/12/2018;16:21:00;161;com vítima;643,4;BR-116/BA;Sul;Queda de Moto;;;;1;;;;;;;1;1;;;
24/12/2018;17:25:00;176;sem vítima;520,8;BR-324/BA;Leste;Saida de Pista;1;;;;;;;;;;3;;;;
24/12/2018;19:01:00;198;sem vítima;598,05;BR-324/BA;Oeste;Atropelamento de Animal;1;;;;;;;;;;1;;;;
24/12/2018;22:38:00;227;sem vítima;530;BR-324/BA;Oeste;Colisão Lateral;1;;;;;;;;;1;7;;;;
25/12/2018;05:13:00;12;com vítima;582;BR-324/BA;Oeste;Saida de Pista;1;;;;;;;;;;0;1;;;
25/12/2018;09:57:00;40;com vítima;574;BR-324/BA;Leste;Saida de Pista;1;;;;;;;;;;2;2;;1;
25/12/2018;15:27:00;77;com vítima;439;BR-116/BA;Sul;Saida de Pista;;;1;;;;;;;;0;;1;;
26/12/2018;00:08:00;2;sem vítima;821;BR-116/BA;Sul;Saida de Pista;1;;;;;;;;;;2;;;;
26/12/2018;06:11:00;24;sem vítima;563,2;BR-324/BA;Leste;Colisão Traseira;2;;;;;;;;;;8;;;;
26/12/2018;06:43:00;36;com vítima;560,5;BR-324/BA;Leste;Colisão Traseira;1;;;1;;;;;;;2;;1;;
26/12/2018;06:43:00;37;sem vítima;767;BR-116/BA;Sul;Colisão Traseira;2;;;;;;;;;;8;;;;
26/12/2018;10:36:00;104;sem vítima;632,3;BR-116/BA;Sul;Saida de Pista;1;;;;;;;;;;1;;;;
26/12/2018;12:59:00;142;sem vítima;585,1;BR-324/BA;Leste;Colisão Traseira;2;;;;;;;;;;8;;;;
26/12/2018;15:46:00;188;sem vítima;558,9;BR-324/BA;Oeste;Saida de Pista;1;;;;;;;;;;1;;;;
26/12/2018;17:28:00;218;sem vítima;598;BR-324/BA;Oeste;Colisão Traseira;1;;1;;;;;;;;6;;;;
26/12/2018;20:50:00;251;sem vítima;20;BR-116/BA - Cont VC;Norte;Atropelamento de Animal;2;;;;;;;;;;3;;;;
26/12/2018;22:30:00;265;com vítima;572;BR-324/BA;Oeste;Saida de Pista;;;2;;;;;;;;1;1;;;
27/12/2018;09:50:00;80;sem vítima;529,2;BR-324/BA;Leste;Colisão Traseira;2;;;;;;;;;;7;;;;
27/12/2018;15:21:00;140;sem vítima;0;BR-116/BA - ContSuFS;Norte;Colisão Lateral;1;;1;;;;;;;;3;;;;
27/12/2018;16:03:00;152;sem vítima;567;BR-116/BA;Sul;Colisão Transversal;1;;;;;;;;;1;4;;;;
28/12/2018;01:39:00;4;sem vítima;592;BR-324/BA;Oeste;Saida de Pista;;;;;;;;;;1;1;;;;
28/12/2018;06:55:00;30;sem vítima;541,7;BR-324/BA;Leste;Colisão Traseira;1;;1;;;;;;;;5;;;;
28/12/2018;06:56:00;31;com vítima;561,5;BR-116/BA;Norte;Saida de Pista;1;;;;;;;;;;2;2;;;
28/12/2018;09:13:00;73;sem vítima;567,1;BR-116/BA;Norte;Colisão Transversal;1;;;;;;;;;1;8;;;;
28/12/2018;15:49:00;140;sem vítima;580,1;BR-324/BA;Leste;Saida de Pista;1;;;;;;;;;;1;;;;
28/12/2018;16:51:00;155;com vítima;537;BR-324/BA;Leste;Atropelamento de Pedestre;;;;;;1;;;;;1;1;;;
28/12/2018;17:43:00;166;com vítima;673;BR-116/BA;Sul;Colisão Lateral;1;;;1;;;;;;;1;1;;;
28/12/2018;19:08:00;186;com vítima;525;BR-324/BA;Leste;Queda de Moto;;;;1;;;;;;;0;2;;;
28/12/2018;20:17:00;204;com vítima;912,6;BR-116/BA;Sul;Atropelamento - Ciclista;;1;;;;1;;;;;1;;;;1
29/12/2018;07:06:00;30;sem vítima;521;BR-324/BA;Leste;Saida de Pista;1;;;;;;;;;;1;;;;
29/12/2018;12:30:00;92;sem vítima;530;BR-324/BA;Leste;Saida de Pista;1;;;;;;;;;;5;;;;
29/12/2018;12:33:00;94;com vítima;459;BR-116/BA;Norte;Capotamento;1;;;;;;;;;;1;4;;;
29/12/2018;15:34:00;132;sem vítima;551;BR-324/BA;Leste;Engavetamento;1;;1;1;;;;;;;3;;;;
29/12/2018;16:10:00;139;sem vítima;523;BR-324/BA;Leste;Engavetamento;3;;1;;;;;;;;8;;;;
29/12/2018;18:34:00;165;sem vítima;585,5;BR-324/BA;Leste;Atropelamento de Animal;;;;;;;;;;1;1;;;;
29/12/2018;19:29:00;179;sem vítima;858;BR-116/BA;Sul;Colisão Transversal;2;;;;;;;;;;10;;;;
30/12/2018;06:11:00;25;com vítima;670;BR-116/BA;Norte;Saida de Pista;1;;;;;;;;;;1;;2;;1
30/12/2018;08:39:00;60;com vítima;549,6;BR-324/BA;Leste;Atropelamento de Pedestre;;;;;;;;;;1;1;;1;;
30/12/2018;14:31:00;111;sem vítima;466;BR-116/BA;Sul;Saida de Pista;1;;;;;;;;;;1;;;;
30/12/2018;16:13:00;123;com vítima;561;BR-324/BA;Oeste;Colisão Transversal;1;;;1;;;;;;;1;;1;;
31/12/2018;01:21:00;6;sem vítima;547;BR-116/BA;Norte;Saida de Pista;1;;;;;;;;;;1;;;;
31/12/2018;11:04:00;75;sem vítima;757;BR-116/BA;Norte;Colisão Lateral;;;1;;;;;;;1;3;;;;
31/12/2018;18:28:00;145;com vítima;523,2;BR-324/BA;Leste;Queda de Moto;;;;1;;;;;;;0;;;1;
31/12/2018;19:02:00;155;com vítima;783;BR-116/BA;Sul;Colisão Frontal;2;;;;;;;;;;0;1;1;;
01/02/2019;05:33:00;13;sem vítima;585,3;BR-116/BA;Sul;Saida de Pista;1;;;;;;;;;;1;;;;
01/02/2019;08:19:00;56;sem vítima;621,4;BR-324/BA;Leste;Engavetamento;4;;;;;;;;;;6;;;;
01/02/2019;15:25:00;162;sem vítima;460;BR-116/BA;Sul;Engavetamento;2;;1;;;;;;;;6;;;;
01/02/2019;16:12:00;177;com vítima;858,5;BR-116/BA;Sul;Colisão Transversal;1;;;1;;;;;;;2;;1;;
01/02/2019;16:47:00;189;sem vítima;833;BR-116/BA;Sul;Colisão Traseira;1;;1;;;;;;;;5;;;;
01/02/2019;17:27:00;200;sem vítima;526;BR-324/BA;Leste;Colisão Traseira;2;;;;;;;;;;2;;;;
01/02/2019;19:51:00;231;com vítima;565;BR-324/BA;Oeste;Tombamento;;;1;;;;;;;;0;;;1;
01/02/2019;20:57:00;244;sem vítima;604;BR-324/BA;Leste;Colisão Lateral;2;;;;;1;;;;;4;;;;
02/02/2019;04:38:00;16;sem vítima;545;BR-324/BA;Leste;Colisão Transversal;1;;;;;1;;;;;2;;;;
02/02/2019;08:33:00;58;com vítima;611;BR-324/BA;Oeste;Queda de Moto;;;;1;;;;;;;0;;1;;
02/02/2019;12:20:00;97;com vítima;748;BR-116/BA;Norte;Colisão Frontal;;;;1;1;;;;;;43;;;;1
02/02/2019;20:16:00;186;sem vítima;517;BR-116/BA;Sul;Colisão Traseira;1;;1;;;;;;;;3;;;;
02/02/2019;22:02:00;193;sem vítima;624,1;BR-324/BA;Oeste;Saida de Pista;1;;;;;;;;;;1;;;;
03/02/2019;05:29:00;9;sem vítima;793,5;BR-116/BA;Sul;Saida de Pista;1;;;;;;;;;;1;;;;
03/02/2019;08:33:00;32;sem vítima;611,3;BR-116/BA;Norte;Colisão Traseira;;;1;;;1;;;;;2;;;;
03/02/2019;09:55:00;52;com vítima;909,4;BR-116/BA;Sul;Colisão Traseira;;;2;;;;;;;;3;3;;;
03/02/2019;17:40:00;142;com vítima;520;BR-324/BA;Oeste;Queda de Moto;;;;1;;;;;;;0;;2;;
03/02/2019;18:51:00;159;com vítima;463;BR-116/BA;Norte;Queda de Moto;;;;1;;;;;;;0;;1;;
03/02/2019;19:02:00;162;sem vítima;9;BA-526;Norte;Colisão Frontal;2;;;;;;;;;;5;;;;
03/02/2019;19:58:00;171;com vítima;574,6;BR-116/BA;Norte;Saida de Pista;1;;;;;;;;;;0;1;;;
04/02/2019;01:43:00;8;sem vítima;539,1;BR-324/BA;Oeste;Saida de Pista;1;;;;;;;;;;1;;;;
04/02/2019;06:10:00;27;sem vítima;599;BR-324/BA;Leste;Engavetamento;1;;1;2;;;;;;;8;;;;
04/02/2019;07:34:00;50;sem vítima;524;BR-324/BA;Oeste;Colisão Traseira;1;;1;;;;;;;;2;;;;
04/02/2019;08:18:00;65;sem vítima;15,3;BR-116/BA - Cont VC;Norte;Colisão Traseira;1;;1;;;;;;;;2;;;;
04/02/2019;17:51:00;201;sem vítima;521;BR-324/BA;Leste;Colisão Traseira;1;;;;;1;;;;;2;;;;
05/02/2019;06:47:00;28;sem vítima;614;BR-324/BA;Oeste;Colisão Traseira;2;;;;;;;;;;2;;;;
05/02/2019;07:38:00;46;sem vítima;687,5;BR-116/BA;Norte;Engavetamento;1;;2;;;;;;;;3;;;;
05/02/2019;09:00:00;68;com vítima;616;BR-324/BA;Leste;Colisão Traseira;;;1;1;;;;;;;2;1;;;
05/02/2019;09:02:00;69;com vítima;673,1;BR-116/BA;Sul;Atropelamento de Pedestre;;;;;;1;;;;;1;;;1;
05/02/2019;12:10:00;111;sem vítima;461;BR-116/BA;Sul;Colisão Traseira;;;1;;;1;;;;;5;;;;
05/02/2019;14:40:00;137;sem vítima;616;BR-324/BA;Oeste;Colisão Traseira;;;2;;;;;;;;2;;;;
05/02/2019;21:25:00;224;sem vítima;461,9;BR-116/BA;Norte;Colisão Transversal;2;;;;;;;;;;8;;;;
06/02/2019;05:54:00;12;sem vítima;461;BR-116/BA;Sul;Colisão Lateral;1;;1;;;;;;;;3;;;;
06/02/2019;10:56:00;85;sem vítima;849,3;BR-116/BA;Norte;Saida de Pista;1;;;;;;;;;;5;;;;
06/02/2019;11:53:00;100;com vítima;828;BR-116/BA;Sul;Colisão Traseira;;;;1;;1;;;;;1;1;;;
06/02/2019;11:57:00;103;sem vítima;449;BR-116/BA;Sul;Colisão Traseira;;;2;;;;;;;;2;;;;
06/02/2019;16:36:00;160;sem vítima;518,5;BR-324/BA;Oeste;Tombamento;;;1;;;;;;;;1;;;;
06/02/2019;17:52:00;179;sem vítima;569;BR-324/BA;Oeste;Colisão Lateral;1;;1;;;;;;;;3;;;;
06/02/2019;18:39:00;190;sem vítima;565;BR-324/BA;Oeste;Atropelamento de Animal;;;1;;;;;;;;2;;;;
06/02/2019;19:20:00;201;com vítima;812;BR-116/BA;Sul;Colisão Traseira;2;;;;;1;;;;;8;2;;;
06/02/2019;21:30:00;226;sem vítima;426,2;BR-116/BA;Norte;Saida de Pista;;;1;;;;;;;;1;;;;
07/02/2019;07:56:00;42;com vítima;16;BR-116/BA - Cont VC;Sul;Saida de Pista;1;;;;;;;;;;0;1;;;
07/02/2019;14:10:00;135;com vítima;613;BR-324/BA;Oeste;Queda de Moto;;;;1;;;;;;;0;1;;;
07/02/2019;18:19:00;175;sem vítima;533,9;BR-324/BA;Oeste;Colisão Traseira;1;;1;;;;;;;;2;;;;
07/02/2019;18:52:00;182;com vítima;465,3;BR-116/BA;Sul;Queda de Moto;;;;1;;;;;;;0;1;;;
08/02/2019;08:09:00;38;sem vítima;5,1;BR-116/BA - ContSuFS;Norte;Colisão Lateral;1;;1;;;;;;;;2;;;;
08/02/2019;09:37:00;68;sem vítima;738,7;BR-116/BA;Norte;Engavetamento;;;2;;;;;;;1;8;;;;
08/02/2019;09:56:00;71;com vítima;579,2;BR-324/BA;Oeste;Saida de Pista;;;;;;;;;;1;2;;1;;
08/02/2019;13:33:00;121;com vítima;538,5;BR-116/BA;Norte;Colisão Frontal;3;;;;;;;;;;1;3;;1;
08/02/2019;15:03:00;139;sem vítima;745;BR-116/BA;Norte;Saida de Pista;1;;;;;;;;;;1;;;;
08/02/2019;18:48:00;193;com vítima;9,5;BR-116/BA - Cont VC;Norte;Colisão Frontal;;;1;1;;;;;;;1;;;;1
09/02/2019;02:53:00;9;com vítima;806;BR-116/BA;Norte;Queda de Moto;;;;1;;;;;;;0;1;;;
09/02/2019;04:32:00;14;com vítima;551;BR-324/BA;Oeste;Colisão Traseira;;;1;1;;;;;;;1;;1;;
09/02/2019;04:54:00;16;com vítima;541;BR-116/BA;Sul;Colisão Traseira;;;1;;1;;;;;;39;;;;2
09/02/2019;11:44:00;94;sem vítima;557,2;BR-324/BA;Oeste;Colisão Traseira;2;;;;;;;;;;5;;;;
09/02/2019;13:13:00;105;sem vítima;777,2;BR-116/BA;Norte;Colisão Traseira;1;;;;;1;;;;;4;;;;
09/02/2019;13:29:00;110;sem vítima;593;BR-116/BA;Sul;Saida de Pista;;;;;;;;;;1;1;;;;
09/02/2019;16:21:00;148;com vítima;665,2;BR-116/BA;Norte;Atropelamento de Pedestre;;;;;1;;;;;;23;;;;1
09/02/2019;20:56:00;198;com vítima;859;BR-116/BA;Norte;Queda de Moto;;;;1;;;;;;;0;1;;;
09/02/2019;22:14:00;200;sem vítima;582;BR-324/BA;Leste;Saida de Pista;;;;;;;;;;1;1;;;;
09/02/2019;22:41:00;205;com vítima;828,2;BR-116/BA;Sul;Saida de Pista;1;;;;;;;;;;0;;1;;
10/02/2019;08:21:00;43;sem vítima;556,5;BR-324/BA;Leste;Saida de Pista;1;;;;;;;;;;5;;;;