data;horario;n_da_ocorrencia;tipo_de_ocorrencia;km;trecho;sentido;tipo_de_acidente;automovel;bicicleta;caminhao;moto;onibus;outros;tracao_animal;transporte_de_cargas_especiais;trator_maquinas;utilitarios;ilesos;levemente_feridos;moderadamente_feridos;gravemente_feridos;mortos
10/02/2019;10:24:00;62;sem vítima;574;BR-324/BA;Oeste;Colisão Traseira;1;;;1;;;;;;;3;;;;
10/02/2019;13:28:00;99;com vítima;523;BR-116/BA;Sul;Colisão Traseira;;;;1;;;;;;1;1;2;;;
10/02/2019;16:59:00;140;sem vítima;8;BR-116/BA - Cont VC;Sul;Tombamento;;;1;;;;;;;;1;;;;
10/02/2019;19:45:00;170;sem vítima;508;BR-116/BA;Norte;Saida de Pista;;;1;;;;;;;;1;;;;
10/02/2019;20:16:00;175;com vítima;913;BR-116/BA;Norte;Sequência;2;;;;;;;;;;1;1;;;
10/02/2019;20:38:00;183;sem vítima;599;BR-324/BA;Leste;Colisão Lateral;;;;;1;;;;;1;33;;;;
11/02/2019;01:18:00;5;com vítima;814,5;BR-116/BA;Norte;Colisão Traseira;1;;1;1;;;;;;;4;;;;1
11/02/2019;02:38:00;10;com vítima;429,5;BR-116/BA;Norte;Colisão Lateral;1;;1;;;;;;;;2;1;;;
11/02/2019;07:05:00;41;sem vítima;620,8;BR-324/BA;Leste;Engavetamento;2;;;;;;;;;1;5;;;;
11/02/2019;07:17:00;46;sem vítima;615;BR-324/BA;Leste;Colisão Traseira;2;;;;;;;;;;2;;;;
11/02/2019;07:44:00;53;com vítima;614,3;BR-324/BA;Oeste;Colisão Traseira;;;1;1;;;;;;;3;1;;;
11/02/2019;07:49:00;56;com vítima;670,4;BR-116/BA;Sul;Colisão Lateral;1;;;1;;;;;;;1;1;1;;
11/02/2019;08:42:00;71;com vítima;619;BR-324/BA;Leste;Queda de Moto;;;;1;;;;;;;1;1;;;
11/02/2019;09:25:00;91;com vítima;623,6;BR-324/BA;Leste;Queda de Moto;;;;1;;1;;;;;1;1;;;
11/02/2019;12:57:00;141;com vítima;747;BR-116/BA;Sul;Colisão Traseira;;;1;;;;;;;1;1;1;;;
11/02/2019;15:17:00;182;com vítima;572,8;BR-116/BA;Norte;Colisão Frontal;1;;1;;1;;;;;;26;;;2;
11/02/2019;15:57:00;192;com vítima;557;BR-324/BA;Oeste;Engavetamento;3;;;;1;;;;;1;31;;1;;
12/02/2019;06:28:00;23;sem vítima;562,1;BR-324/BA;Oeste;Queda de Moto;;;;1;;;;;;;2;;;;
12/02/2019;09:06:00;78;sem vítima;819;BR-116/BA;Norte;Tombamento;;;1;;;;;;;;1;;;;
12/02/2019;13:56:00;160;sem vítima;477;BR-116/BA;Norte;Saida de Pista;1;;;;;;;;;;2;;;;
12/02/2019;16:55:00;202;sem vítima;518;BR-324/BA;Leste;Colisão Traseira;2;;;;;;;;;;3;;;;
13/02/2019;07:12:00;22;sem vítima;520;BR-324/BA;Leste;Saida de Pista;;;1;;;;;;;;1;;;;
13/02/2019;10:33:00;70;com vítima;495,5;BR-116/BA;Sul;Queda de Moto;;;;1;;;;;;;0;1;;;
13/02/2019;12:03:00;79;sem vítima;606;BR-324/BA;Leste;Colisão Traseira;1;;;;;;;;;;2;;;;
13/02/2019;12:24:00;83;sem vítima;537;BR-324/BA;Oeste;Colisão Traseira;2;;;;;;;;;;3;;;;
13/02/2019;13:02:00;92;sem vítima;615,8;BR-324/BA;Leste;Queda de Moto;;;;1;;;;;;;1;;;;
13/02/2019;19:08:00;190;com vítima;624,3;BR-324/BA;Oeste;Queda de Moto;;;;1;;;;;;;0;2;;;
14/02/2019;11:26:00;96;sem vítima;612,1;BR-324/BA;Leste;Saida de Pista;1;;;;;;;;;;2;;;;
14/02/2019;12:37:00;107;sem vítima;610,4;BR-324/BA;Oeste;Tombamento;;;;;;;;;;1;1;;;;
14/02/2019;14:51:00;130;sem vítima;9;BA-526;Sul;Colisão Frontal;;;;1;;;;;;1;2;;;;
14/02/2019;15:57:00;141;sem vítima;559;BR-324/BA;Oeste;Saida de Pista;1;;;;;1;;;;;3;;;;
14/02/2019;16:37:00;152;sem vítima;1;BR-116/BA - ContSuFS;Norte;Choque Contra Objeto Fixo;1;;1;;;;;;;;3;;;;
14/02/2019;22:15:00;203;sem vítima;615,75;BR-324/BA;Oeste;Saida de Pista;1;;;;;;;;;;1;;;;
15/02/2019;08:38:00;63;sem vítima;6,5;BR-116/BA - ContSuFS;Norte;Colisão Lateral;1;;1;;;;;;;;3;;;;
15/02/2019;09:11:00;72;sem vítima;6,5;BR-116/BA - ContSuFS;Norte;Colisão Lateral;1;;1;;;;;;;;2;;;;
15/02/2019;09:46:00;80;com vítima;0;BR-116/BA - ContSuFS;Norte;Queda de Moto;;;;1;;;;;;;0;1;;;
15/02/2019;10:46:00;92;sem vítima;626;BR-324/BA;Oeste;Colisão Traseira;2;;;;;;;;;;2;;;;
15/02/2019;12:37:00;111;sem vítima;609;BR-324/BA;Oeste;Colisão Traseira;1;;;;;1;;;;;2;;;;
15/02/2019;18:13:00;183;com vítima;612;BR-324/BA;Leste;Colisão Traseira;;;1;;;;;;;1;1;2;;;
16/02/2019;19:36:00;190;com vítima;567,4;BR-116/BA;Norte;Saida de Pista;;;1;;;;;;;;0;1;;;
16/02/2019;20:54:00;200;com vítima;810,5;BR-116/BA;Sul;Queda de Moto;;;;1;;;;;;;1;1;;;
16/02/2019;23:46:00;212;com vítima;460;BR-116/BA;Sul;Queda de Moto;;;;1;;;;;;;0;2;;;
17/02/2019;00:45:00;3;sem vítima;610,2;BR-324/BA;Leste;Colisão Traseira;1;;;;;1;;;;;2;;;;
17/02/2019;05:07:00;18;com vítima;622;BR-324/BA;Oeste;Atropelamento de Pedestre;;;;;;1;;;;;1;;;1;
17/02/2019;16:01:00;138;com vítima;673,3;BR-116/BA;Sul;Colisão Lateral;1;;;1;;;;;;;1;1;1;;
17/02/2019;16:55:00;148;sem vítima;560;BR-324/BA;Oeste;Saida de Pista;1;;;;;;;;;;4;;;;
17/02/2019;19:04:00;178;com vítima;11;BR-116/BA - Cont VC;Sul;Colisão Traseira;;;;1;;1;;;;;1;;1;;
18/02/2019;07:11:00;50;sem vítima;614,8;BR-324/BA;Leste;Engavetamento;2;;;;;1;;;;;5;;;;
18/02/2019;07:59:00;65;com vítima;463,8;BR-116/BA;Norte;Queda de Moto;;;;1;;;;;;;0;1;;;
18/02/2019;08:05:00;68;sem vítima;611;BR-324/BA;Leste;Colisão Traseira;2;;;;;;;;;;4;;;;
18/02/2019;09:00:00;83;sem vítima;640,6;BR-116/BA;Norte;Saida de Pista;;;1;;;;;;;;1;;;;
18/02/2019;10:32:00;129;sem vítima;570,8;BR-324/BA;Leste;Tombamento;;;1;;;;;;;;1;;;;
18/02/2019;11:41:00;158;sem vítima;927;BR-116/BA;Sul;Colisão Transversal;1;;;;;;;;;1;2;;;;
18/02/2019;15:58:00;227;sem vítima;616;BR-324/BA;Leste;Capotamento;1;;;;;;;;;;4;;;;
18/02/2019;16:42:00;233;sem vítima;571;BR-324/BA;Oeste;Colisão Traseira;;;2;;;;;;;;2;;;;
18/02/2019;19:05:00;263;com vítima;821,3;BR-116/BA;Sul;Atropelamento de Pedestre;;;;1;;;;;;;1;1;;;
18/02/2019;23:23:00;305;sem vítima;807,4;BR-116/BA;Norte;Saida de Pista;;;1;;;;;;;;1;;;;
19/02/2019;10:09:00;88;com vítima;625,7;BR-324/BA;Oeste;Atropelamento de Pedestre;1;;1;;;;;;;;1;;;1;
19/02/2019;13:57:00;128;sem vítima;567;BR-116/BA;Norte;Colisão Transversal;1;;1;;;;;;;;3;;;;
19/02/2019;14:35:00;134;sem vítima;551;BR-324/BA;Oeste;Colisão Traseira;1;;1;;;;;;;;2;;;;
19/02/2019;17:35:00;190;com vítima;673;BR-116/BA;Norte;Colisão Lateral;1;;;1;;;;;;;1;;2;;
19/02/2019;21:20:00;242;sem vítima;427;BR-116/BA;Norte;Tombamento;;;1;;;;;;;;2;;;;
20/02/2019;04:07:00;18;sem vítima;28;BR-116/BA - Cont VC;Sul;Atropelamento de Animal;;;1;;;;;;;;1;;;;
20/02/2019;11:24:00;129;sem vítima;587;BR-324/BA;Leste;Saida de Pista;1;;;;;;;;;;3;;;;
20/02/2019;12:18:00;137;sem vítima;615,8;BR-324/BA;Leste;Colisão Lateral;1;;;;;1;;;;;4;;;;
20/02/2019;16:31:00;196;sem vítima;626;BR-324/BA;Oeste;Engavetamento;3;;;;;;;;;;7;;;;
21/02/2019;05:11:00;25;com vítima;579;BR-116/BA;Sul;Colisão Traseira;;;2;;;;;;;;6;1;;;
21/02/2019;09:53:00;92;sem vítima;815,3;BR-116/BA;Sul;Engavetamento;2;;2;;;;;;;;5;;;;
21/02/2019;17:24:00;197;sem vítima;433;BR-116/BA;Norte;Saida de Pista;1;;;;;;;;;;1;;;;
21/02/2019;17:27:00;198;sem vítima;612,5;BR-324/BA;Leste;Colisão Traseira;;;;;;1;;;;1;2;;;;
21/02/2019;20:35:00;248;sem vítima;813;BR-116/BA;Sul;Colisão Traseira;2;;;;;;;;;;9;;;;
22/02/2019;11:28:00;100;sem vítima;586,5;BR-324/BA;Oeste;Colisão Traseira;1;;1;;;;;;;;2;;;;
22/02/2019;19:38:00;222;com vítima;805,6;BR-116/BA;Sul;Saida de Pista;;;;;;;;;;1;1;1;;;
23/02/2019;04:01:00;24;com vítima;602;BR-324/BA;Leste;Atropelamento de Pedestre;1;;;;;;;;;;3;;;;1
23/02/2019;07:06:00;38;sem vítima;607,8;BR-324/BA;Leste;Engavetamento;1;;;;;2;;;;;3;;;;
23/02/2019;12:34:00;97;com vítima;559;BR-324/BA;Oeste;Saida de Pista;1;;;;;;;;;;1;;2;;
23/02/2019;14:40:00;123;com vítima;12;BR-116/BA - Cont VC;Sul;Queda de Moto;;;;1;;;;;;;0;1;;;
23/02/2019;15:18:00;127;sem vítima;571;BR-324/BA;Oeste;Saida de Pista;1;;;;;;;;;;3;;;;
23/02/2019;16:03:00;136;com vítima;622;BR-324/BA;Oeste;Queda de Moto;;;;1;;;;;;;1;1;;;
23/02/2019;18:32:00;165;com vítima;10,3;BR-116/BA - Cont VC;Sul;Colisão Frontal;1;;;1;;;;;;;1;1;1;;
23/02/2019;18:55:00;171;sem vítima;608;BR-324/BA;Oeste;Colisão Traseira;1;;;;1;;;;;;16;;;;
23/02/2019;20:26:00;187;sem vítima;624,5;BR-324/BA;Leste;Colisão Traseira;2;;;;;;;;;;2;;;;
24/02/2019;03:11:00;7;sem vítima;617;BR-324/BA;Oeste;Saida de Pista;;;1;;;;;;;;1;;;;
24/02/2019;04:28:00;12;com vítima;638,5;BR-116/BA;Sul;Tombamento;;;1;;;;;;;;0;;1;;
24/02/2019;10:15:00;58;sem vítima;798;BR-116/BA;Norte;Queda de Moto;;;;1;;;;;;;1;;;;
24/02/2019;15:47:00;106;sem vítima;557;BR-324/BA;Leste;Saida de Pista;1;;;;;;;;;;2;;;;
25/02/2019;05:45:00;20;sem vítima;572,7;BR-324/BA;Oeste;Saida de Pista;1;;;;;;;;;;1;;;;
25/02/2019;08:06:00;66;sem vítima;882,9;BR-116/BA;Norte;Capotamento;1;;;;;;;;;;5;;;;
25/02/2019;09:23:00;100;com vítima;543;BR-324/BA;Oeste;Colisão Transversal;;;;;;;;;;2;1;1;;;
25/02/2019;11:27:00;151;sem vítima;626,2;BR-324/BA;Oeste;Colisão Traseira;1;;1;;;;;;;;2;;;;
25/02/2019;12:39:00;166;com vítima;565,8;BR-324/BA;Oeste;Tombamento;;;1;;;;;;;;1;1;;;
25/02/2019;13:30:00;175;sem vítima;613,9;BR-324/BA;Leste;Choque Contra Objeto Fixo;;;1;;;;;;;;1;;;;
25/02/2019;14:49:00;201;sem vítima;615;BR-324/BA;Leste;Colisão Traseira;2;;;;;;;;;;3;;;;
25/02/2019;14:53:00;205;sem vítima;525;BR-116/BA;Sul;Tombamento;;;1;;;;;;;;1;;;;
25/02/2019;15:53:00;223;sem vítima;624;BR-324/BA;Oeste;Colisão Traseira;2;;;;;;;;;;2;;;;
25/02/2019;18:53:00;276;com vítima;618;BR-324/BA;Oeste;Queda de Moto;;;;1;;;;;;;1;1;;;
26/02/2019;12:21:00;116;sem vítima;491;BR-116/BA;Norte;Saida de Pista;1;;;;;;;;;;1;;;;
26/02/2019;13:47:00;136;sem vítima;622,8;BR-324/BA;Leste;Saida de Pista;1;;;;;;;;;;1;;;;
26/02/2019;14:34:00;149;sem vítima;557;BR-324/BA;Oeste;Choque Contra Objeto Fixo;1;;;;;1;;;;;2;;;;
26/02/2019;16:04:00;170;com vítima;520;BR-324/BA;Leste;Saida de Pista;1;;;;;;;;;;0;;1;;
27/02/2019;01:42:00;13;sem vítima;623,7;BR-324/BA;Oeste;Colisão Traseira;2;;;;;;;;;;6;;;;
27/02/2019;03:30:00;19;com vítima;460,9;BR-116/BA;Norte;Queda de Moto;;;;1;;;;;;;0;;;;1
27/02/2019;07:45:00;53;sem vítima;619,7;BR-324/BA;Leste;Engavetamento;3;;1;;;;;;;;5;;;;
27/02/2019;08:44:00;68;sem vítima;616;BR-324/BA;Leste;Engavetamento;;;2;;1;;;;;1;8;;;;
27/02/2019;11:00:00;119;sem vítima;614;BR-324/BA;Leste;Colisão Lateral;1;;1;;;;;;;;2;;;;
27/02/2019;11:33:00;123;sem vítima;613;BR-324/BA;Leste;Colisão Traseira;1;;;;;1;;;;;2;;;;
27/02/2019;11:35:00;124;sem vítima;537;BR-324/BA;Oeste;Colisão Lateral;;;2;;;;;;;;3;;;;
27/02/2019;13:14:00;150;com vítima;842,2;BR-116/BA;Sul;Saida de Pista;1;;;;;;;;;;3;1;;;
27/02/2019;16:52:00;198;com vítima;611;BR-324/BA;Leste;Queda de Moto;;;;1;;;;;;;0;1;;;
27/02/2019;16:59:00;200;sem vítima;5;BA-526;Sul;Colisão Traseira;1;;1;;;;;;;;2;;;;
28/02/2019;05:54:00;14;sem vítima;598;BR-324/BA;Oeste;Colisão Traseira;1;;1;;;;;;;;5;;;;
28/02/2019;09:46:00;72;sem vítima;574;BR-324/BA;Leste;Colisão Lateral;1;;1;;;;;;;;2;;;;
28/02/2019;18:59:00;233;com vítima;624;BR-324/BA;Leste;Colisão Traseira;;;;2;;;;;;;1;1;;;
28/02/2019;20:57:00;255;com vítima;620;BR-324/BA;Oeste;Capotamento;1;;;;;;;;;;0;;1;;
01/03/2019;04:44:00;20;sem vítima;605;BR-324/BA;Oeste;Colisão Lateral;2;;;;;;;;;;2;;;;
01/03/2019;07:02:00;50;sem vítima;617;BR-324/BA;Oeste;Engavetamento;3;;;;;;;;;;3;;;;
01/03/2019;07:31:00;58;sem vítima;617;BR-324/BA;Oeste;Colisão Traseira;2;;;;;;;;;;3;;;;
01/03/2019;07:32:00;59;sem vítima;617;BR-324/BA;Oeste;Colisão Traseira;2;;;;;;;;;;3;;;;
01/03/2019;09:51:00;103;sem vítima;26,5;BR-116/BA - Cont VC;Norte;Colisão Lateral;;;1;1;;;;;;;2;;;;
01/03/2019;13:43:00;139;sem vítima;551;BR-324/BA;Leste;Colisão Traseira;1;;;;;1;;;;;2;;;;
01/03/2019;13:47:00;140;sem vítima;551;BR-324/BA;Leste;Colisão Traseira;2;;;;;;;;;;5;;;;
01/03/2019;14:00:00;141;com vítima;551;BR-324/BA;Leste;Queda de Moto;;;;1;;;;;;;0;;1;;
01/03/2019;14:34:00;150;sem vítima;589;BR-324/BA;Oeste;Saida de Pista;;;;;;;;;;1;1;;;;
01/03/2019;15:51:00;173;com vítima;467;BR-116/BA;Norte;Colisão Traseira;1;;;;;;;;;;3;1;;;
01/03/2019;16:22:00;187;sem vítima;578;BR-324/BA;Oeste;Saida de Pista;1;;;;;;;;;;1;;;;
02/03/2019;05:01:00;20;sem vítima;756;BR-116/BA;Sul;Capotamento;1;;;;;;;;;;2;;;;
02/03/2019;10:32:00;66;sem vítima;646,8;BR-116/BA;Norte;Colisão Traseira;2;;;;;;;;;;4;;;;
02/03/2019;10:51:00;67;com vítima;735;BR-116/BA;Sul;Sequência;2;;;;;;;;;1;3;2;;;
02/03/2019;14:15:00;99;sem vítima;519,5;BR-324/BA;Leste;Colisão Lateral;1;;1;;;;;;;;2;;;;
02/03/2019;14:49:00;106;sem vítima;613;BR-116/BA;Sul;Colisão Traseira;1;;;;;1;;;;;2;;;;
02/03/2019;16:34:00;138;com vítima;609,4;BR-324/BA;Leste;Atropelamento de Pedestre;1;;;;;;;;;;1;;;;1
02/03/2019;18:59:00;160;com vítima;609;BR-324/BA;Leste;Colisão Traseira;1;;;1;;;;;;;3;1;;;
02/03/2019;20:01:00;170;com vítima;790,9;BR-116/BA;Norte;Queda de Moto;;;;1;;;;;;;0;2;;;
03/03/2019;08:26:00;52;com vítima;545;BR-116/BA;Sul;Colisão Frontal;1;;;1;;;;;;;2;1;;;
03/03/2019;08:34:00;56;sem vítima;624;BR-324/BA;Leste;Saida de Pista;;;;;;;;;;1;1;;;;
03/03/2019;08:43:00;59;sem vítima;537;BR-324/BA;Leste;Saida de Pista;2;;;;;;;;;;2;;;;
03/03/2019;14:54:00;116;sem vítima;556,5;BR-324/BA;Leste;Saida de Pista;1;;;;;;;;;;1;;;;
03/03/2019;16:17:00;131;com vítima;468,7;BR-116/BA;Sul;Saida de Pista;1;;;;;;;;;;0;;1;;
03/03/2019;16:40:00;133;sem vítima;597,2;BR-116/BA;Norte;Saida de Pista;;;1;;;;;;;;1;;;;
03/03/2019;19:14:00;153;com vítima;9,7;BR-116/BA - Cont VC;Norte;Colisão Traseira;;;;2;;;;;;;1;3;;;
03/03/2019;19:25:00;154;sem vítima;776,3;BR-116/BA;Sul;Capotamento;;;;;;;;;;1;3;;;;
03/03/2019;20:35:00;159;com vítima;784;BR-116/BA;Norte;Colisão Transversal;1;;1;;;;;;;;1;1;;;
03/03/2019;23:44:00;177;com vítima;7;BR-116/BA - ContSuFS;Sul;Choque Contra Objeto Fixo;;;;1;;;;;;;0;;1;;
04/03/2019;04:57:00;20;com vítima;597;BR-116/BA;Sul;Saida de Pista;1;;;;;;;;;;0;1;;;
04/03/2019;05:14:00;21;sem vítima;623,6;BR-324/BA;Oeste;Colisão Traseira;1;;;;;1;;;;;2;;;;
04/03/2019;08:37:00;51;sem vítima;551;BR-324/BA;Oeste;Colisão Traseira;1;;;;;;;;;1;2;;;;
04/03/2019;15:13:00;130;sem vítima;494;BR-116/BA;Norte;Colisão Lateral;;;2;;;;;;;;2;;;;
04/03/2019;20:23:00;183;sem vítima;6;BR-116/BA - ContSuFS;Norte;Colisão Traseira;2;;;;;;;;;;3;;;;
05/03/2019;03:23:00;6;sem vítima;606,3;BR-324/BA;Oeste;Capotamento;1;;;;;;;;;;1;;;;
05/03/2019;12:20:00;80;sem vítima;623;BR-324/BA;Leste;Colisão Traseira;2;;;;;;;;;;5;;;;
05/03/2019;15:05:00;118;com vítima;560;BR-324/BA;Oeste;Colisão Transversal;2;;;;;;;;;;3;3;1;;
05/03/2019;21:36:00;205;sem vítima;537;BR-324/BA;Leste;Queda de Moto;;;;1;;;;;;;1;;;;
06/03/2019;00:37:00;6;com vítima;596,7;BR-324/BA;Leste;Colisão Traseira;1;;1;;;;;;;;1;1;;;
06/03/2019;02:24:00;211;sem vítima;621;BR-324/BA;Leste;Capotamento;1;;;;;;;;;;1;;;;
06/03/2019;09:48:00;274;com vítima;440,1;BR-116/BA;Sul;Saida de Pista;1;;;;;;;;;;3;;1;;
06/03/2019;10:59:00;291;sem vítima;597;BR-324/BA;Oeste;Colisão Traseira;1;;;;;1;;;;;2;;;;
06/03/2019;12:43:00;318;com vítima;620;BR-324/BA;Oeste;Colisão Traseira;;;;1;;1;;;;;2;1;;;
06/03/2019;15:58:00;360;sem vítima;572;BR-116/BA;Sul;Colisão Lateral;1;;;;;2;;;;;3;;;;
06/03/2019;17:10:00;374;sem vítima;616,1;BR-324/BA;Oeste;Engavetamento;1;;;;;;;;;1;2;;;;
07/03/2019;07:47:00;47;sem vítima;507,4;BR-116/BA;Norte;Saida de Pista;1;;;;;1;;;;;2;;;;
07/03/2019;15:13:00;150;com vítima;553,8;BR-324/BA;Oeste;Colisão Traseira;1;;;;;1;;;;;2;;;3;
07/03/2019;16:43:00;167;sem vítima;623;BR-324/BA;Oeste;Engavetamento;4;;;;;;;;;;5;;;;
07/03/2019;19:03:00;198;sem vítima;622;BR-324/BA;Leste;Colisão Lateral;1;;1;;;;;;;;2;;;;
08/03/2019;07:21:00;42;sem vítima;535;BR-324/BA;Leste;Colisão Traseira;1;;;;;1;;;;;2;;;;
08/03/2019;11:59:00;112;sem vítima;558;BR-324/BA;Oeste;Colisão Traseira;2;;;;;;;;;;4;;;;
08/03/2019;14:18:00;134;sem vítima;434,5;BR-116/BA;Sul;Saida de Pista;1;;;;;;;;;;1;;;;
08/03/2019;16:01:00;161;sem vítima;29;BR-116/BA - Cont VC;Norte;Colisão Traseira;1;;1;;;1;;;;;3;;;;
08/03/2019;20:14:00;206;com vítima;621,5;BR-324/BA;Oeste;Colisão Traseira;2;;;;;;;;;;3;1;;;
08/03/2019;21:45:00;219;com vítima;561,5;BR-324/BA;Leste;Colisão Traseira;1;;;;;1;;;;;1;1;3;;
09/03/2019;00:06:00;1;com vítima;466;BR-116/BA;Sul;Atropelamento - Ciclista;;1;;1;;;;;;;1;;2;;
09/03/2019;08:59:00;56;com vítima;597,2;BR-116/BA;Sul;Saida de Pista;1;;;;;;;;;;0;2;;;
09/03/2019;10:57:00;80;sem vítima;585;BR-324/BA;Leste;Colisão Traseira;2;;;;;;;;;;2;;;;
09/03/2019;11:02:00;82;sem vítima;603,8;BR-324/BA;Oeste;Queda de Moto;;;;1;;;;;;;1;;;;
09/03/2019;13:10:00;98;com vítima;623;BR-324/BA;Oeste;Sequência;;;;2;;1;;;;;2;1;;;
09/03/2019;13:16:00;99;sem vítima;597,05;BR-116/BA;Norte;Saida de Pista;;;1;;;;;;;;1;;;;
09/03/2019;14:16:00;111;com vítima;552,3;BR-116/BA;Sul;Saida de Pista;;;1;;;;;;;;3;1;;;
09/03/2019;18:50:00;167;com vítima;527;BR-324/BA;Oeste;Queda de Moto;;;;1;;;;;;;0;1;;;
10/03/2019;00:22:00;4;com vítima;457,5;BR-116/BA;Norte;Atropelamento - Ciclista;;1;;;;1;;;;;1;;;;1
10/03/2019;02:51:00;15;sem vítima;530;BR-324/BA;Oeste;Tombamento;;;1;;;;;;;;1;;;;
10/03/2019;12:16:00;84;sem vítima;625;BR-324/BA;Leste;Queda de Moto;;;;1;;;;;;;1;;;;
10/03/2019;18:37:00;155;sem vítima;620,4;BR-324/BA;Leste;Tombamento;;;1;;;;;;;;2;;;;
11/03/2019;06:29:00;29;sem vítima;468,6;BR-116/BA;Norte;Colisão Lateral;;;1;;;1;;;;;2;;;;
11/03/2019;08:25:00;78;sem vítima;618,8;BR-324/BA;Leste;Queda de Moto;;;;1;;;;;;;1;;;;
11/03/2019;08:49:00;84;sem vítima;608;BR-324/BA;Leste;Colisão Traseira;;;2;;;;;;;;2;;;;
11/03/2019;09:02:00;90;sem vítima;626;BR-324/BA;Leste;Engavetamento;3;;;;;;;;;;3;;;;
11/03/2019;18:20:00;222;com vítima;625,4;BR-324/BA;Oeste;Engavetamento;3;;;;;;;;;1;6;;;1;
12/03/2019;06:32:00;31;sem vítima;610,9;BR-324/BA;Leste;Colisão Traseira;2;;;;;;;;;;4;;;;
12/03/2019;06:44:00;34;sem vítima;611,1;BR-324/BA;Leste;Colisão Traseira;2;;;;;;;;;;3;;;;
12/03/2019;06:47:00;35;sem vítima;611;BR-324/BA;Oeste;Colisão Traseira;1;;;;;1;;;;;2;;;;
12/03/2019;07:57:00;52;sem vítima;765;BR-116/BA;Sul;Colisão Traseira;1;;3;;;;;;;;6;;;;
12/03/2019;08:09:00;55;sem vítima;581;BR-324/BA;Leste;Colisão Lateral;1;;1;;;;;;;;2;;;;
12/03/2019;10:52:00;107;sem vítima;574;BR-324/BA;Leste;Saida de Pista;1;;;;;;;;;;1;;;;
12/03/2019;12:24:00;135;sem vítima;587,2;BR-324/BA;Oeste;Colisão Traseira;;;1;;;;;;;1;2;;;;
12/03/2019;12:43:00;137;sem vítima;521;BR-324/BA;Leste;Saida de Pista;1;;;;;;;;;;1;;;;
12/03/2019;15:44:00;175;com vítima;12;BR-116/BA - Cont VC;Sul;Colisão Traseira;;;;2;;;;;;;1;1;;;
12/03/2019;16:28:00;183;com vítima;435;BR-116/BA;Norte;Saida de Pista;1;;;;;;;;;;0;;1;;
12/03/2019;18:10:00;203;sem vítima;626;BR-324/BA;Oeste;Colisão Lateral;1;;;1;;;;;;;4;;;;
12/03/2019;18:35:00;214;sem vítima;540,8;BR-116/BA;Sul;Colisão Lateral;1;;1;;;;;;;;2;;;;
12/03/2019;19:12:00;222;com vítima;673,8;BR-116/BA;Norte;Colisão Traseira;2;;;;;;;;;;5;1;;;
13/03/2019;04:46:00;21;sem vítima;600,8;BR-324/BA;Oeste;Atropelamento de Animal;;;;;;;;;;1;2;;;;
13/03/2019;04:53:00;23;sem vítima;600,8;BR-324/BA;Oeste;Atropelamento de Animal;1;;;;;;;;;;2;;;;
13/03/2019;04:53:00;25;sem vítima;600,8;BR-324/BA;Oeste;Atropelamento de Animal;;;;;;;;;;1;1;;;;
13/03/2019;04:53:00;26;com vítima;600,8;BR-324/BA;Oeste;Atropelamento de Animal;;;;;;;;;;1;0;1;;;
13/03/2019;06:55:00;46;sem vítima;615,6;BR-324/BA;Leste;Saida de Pista;;;1;;;;;;;;1;;;;
13/03/2019;07:10:00;62;com vítima;615,6;BR-324/BA;Leste;Queda de Moto;;;;1;;;;;;;0;;1;;
13/03/2019;10:53:00;110;com vítima;16;BR-116/BA - Cont VC;Sul;Colisão Transversal;;;1;1;;;;;;;1;;1;;
13/03/2019;15:08:00;174;sem vítima;873;BR-116/BA;Sul;Colisão Traseira;;;1;;1;;;;;;17;;;;
14/03/2019;05:14:00;22;com vítima;735,6;BR-116/BA;Sul;Colisão Frontal;1;;1;;;;;;;;1;2;1;1;
14/03/2019;06:26:00;28;sem vítima;728;BR-116/BA;Sul;Saida de Pista;;;;;;1;;;;1;2;;;;
14/03/2019;08:22:00;83;sem vítima;520;BR-324/BA;Leste;;1;;1;;;;;;;;2;;;;
14/03/2019;08:27:00;84;sem vítima;619;BR-324/BA;Leste;Colisão Traseira;1;;;1;;;;;;;3;;;;
15/03/2019;07:46:00;45;com vítima;827;BR-116/BA;Norte;Colisão Transversal;;;;1;;1;;;;;1;1;;;
15/03/2019;17:08:00;187;sem vítima;615;BR-324/BA;Oeste;Colisão Traseira;;;2;;;;;;;;5;;;;
15/03/2019;23:26:00;262;com vítima;518,2;BR-324/BA;Leste;Atropelamento - Ciclista;;1;;1;;;;;;;1;;1;;
16/03/2019;05:59:00;20;sem vítima;469;BR-116/BA;Sul;Choque Contra Objeto Fixo;;;1;;;;;;;;1;;;;
16/03/2019;06:11:00;24;sem vítima;595;BR-324/BA;Oeste;Saida de Pista;1;;;;;;;;;;1;;;;
16/03/2019;07:22:00;31;sem vítima;819;BR-116/BA;Norte;Tombamento;;;1;;;;;;;;1;;;;
16/03/2019;09:48:00;57;sem vítima;533;BR-324/BA;Leste;Colisão Traseira;;;2;;;;;;;;3;;;;
16/03/2019;10:22:00;68;com vítima;621,7;BR-324/BA;Leste;Queda de Moto;;;;1;;;;;;;0;1;1;;
16/03/2019;11:47:00;94;sem vítima;583,1;BR-324/BA;Oeste;Colisão Lateral;1;;1;;;;;;;;3;;;;
16/03/2019;12:31:00;101;sem vítima;587,1;BR-324/BA;Leste;Colisão Traseira;1;;;;;1;;;;;2;;;;
16/03/2019;15:18:00;131;sem vítima;558,95;BR-324/BA;Oeste;Engavetamento;6;;;;;;;;;;16;;;;