data;horario;n_da_ocorrencia;tipo_de_ocorrencia;km;trecho;sentido;tipo_de_acidente;automovel;bicicleta;caminhao;moto;onibus;outros;tracao_animal;transporte_de_cargas_especiais;trator_maquinas;utilitarios;ilesos;levemente_feridos;moderadamente_feridos;gravemente_feridos;mortos
16/03/2019;15:47:00;142;sem vítima;559,1;BR-324/BA;Oeste;Colisão Traseira;1;;;;;;;;;1;3;;;;
16/03/2019;16:23:00;151;sem vítima;578,6;BR-324/BA;Leste;Colisão Lateral;2;;;;;;;;;;4;;;;
16/03/2019;17:25:00;168;com vítima;929,4;BR-116/BA;Norte;Colisão Transversal;1;;1;;;;;;;;1;;;;1
16/03/2019;19:34:00;196;com vítima;576;BR-324/BA;Oeste;Queda de Moto;;;;1;;;;;;;0;;1;;
17/03/2019;13:31:00;72;sem vítima;564;BR-324/BA;Oeste;Saida de Pista;1;;;;;;;;;;2;;;;
17/03/2019;13:53:00;76;com vítima;448,9;BR-116/BA;Sul;Saida de Pista;1;;;;;;;;;;0;2;1;;
17/03/2019;14:52:00;87;com vítima;778,9;BR-116/BA;Sul;Colisão Frontal;1;;1;;;;;;;;1;;1;;
17/03/2019;16:03:00;105;com vítima;578,2;BR-324/BA;Leste;Colisão Traseira;;;;1;;1;;;;;1;;1;;
17/03/2019;16:09:00;106;com vítima;571;BR-324/BA;Oeste;Saida de Pista;1;;;;;;;;;;2;2;;;
17/03/2019;16:12:00;107;sem vítima;546;BR-324/BA;Oeste;Saida de Pista;1;;;;;;;;;;1;;;;
17/03/2019;16:41:00;112;sem vítima;779;BR-116/BA;Norte;Engavetamento;;;2;;1;;;;;;41;;;;
17/03/2019;17:04:00;120;sem vítima;592;BR-324/BA;Leste;Colisão Traseira;;;1;;;;;;;1;6;;;;
17/03/2019;19:56:00;165;sem vítima;535;BR-324/BA;Oeste;Capotamento;1;;;;;;;;;;1;;;;
17/03/2019;20:20:00;169;com vítima;588;BR-324/BA;Leste;Saida de Pista;1;;;;;;;;;;3;;2;;
17/03/2019;20:23:00;170;com vítima;522;BR-324/BA;Leste;Queda de Moto;;;;1;;;;;;;0;;1;;
17/03/2019;20:42:00;173;com vítima;749;BR-116/BA;Norte;Saida de Pista;1;;;;;;;;;;0;1;;;
17/03/2019;21:33:00;179;com vítima;550,8;BR-116/BA;Sul;Colisão Lateral;;;;1;;1;;;;;1;;;1;
17/03/2019;22:26:00;186;sem vítima;465,8;BR-116/BA;Sul;Colisão Lateral;2;;;;;;;;;;2;;;;
18/03/2019;02:01:00;14;com vítima;619;BR-324/BA;Leste;Queda de Moto;;;;1;;;;;;;0;;1;;
18/03/2019;04:03:00;17;com vítima;888;BR-116/BA;Sul;Saida de Pista;;;1;;;;;;;;0;1;;;
18/03/2019;05:23:00;23;com vítima;554;BR-324/BA;Oeste;Saida de Pista;1;;;;;;;;;;1;1;;;
18/03/2019;07:07:00;49;sem vítima;580,2;BR-324/BA;Leste;Saida de Pista;1;;;;;;;;;;1;;;;
18/03/2019;07:49:00;57;com vítima;874,1;BR-116/BA;Norte;Saida de Pista;1;;;;;;;;;;0;1;;;
18/03/2019;08:18:00;64;com vítima;617;BR-324/BA;Leste;Colisão Traseira;1;;;1;;;;;;;1;;1;;
18/03/2019;08:30:00;68;com vítima;858,4;BR-116/BA;Sul;Colisão Transversal;2;;;;;;;;;;1;2;;;
18/03/2019;09:19:00;77;sem vítima;613,5;BR-324/BA;Leste;Colisão Lateral;1;;1;;;;;;;;2;;;;
18/03/2019;12:41:00;137;com vítima;540,7;BR-116/BA;Sul;Sequência;2;;2;;;1;;;;;4;;1;;1
18/03/2019;13:06:00;143;com vítima;821,4;BR-116/BA;Norte;Queda de Moto;;;;1;;;;;;;0;1;;;
18/03/2019;13:40:00;149;sem vítima;570,7;BR-324/BA;Leste;Saida de Pista;;;;;;;;;;1;1;;;;
18/03/2019;15:01:00;181;sem vítima;803,5;BR-116/BA;Sul;Saida de Pista;;;1;;;;;;;;1;;;;
19/03/2019;06:43:00;33;com vítima;14;BR-116/BA - Cont VC;Sul;Colisão Transversal;1;1;;;;;;;;;1;1;;;
19/03/2019;09:09:00;79;sem vítima;559;BR-324/BA;Leste;Colisão Lateral;;;1;;;1;;;;;3;;;;
19/03/2019;12:20:00;141;com vítima;613;BR-324/BA;Leste;Colisão Traseira;1;;1;;;;;;;;1;1;;;
19/03/2019;13:58:00;162;com vítima;521;BR-324/BA;Oeste;Colisão Traseira;1;;;;;1;;;;;2;1;;;
19/03/2019;16:15:00;201;sem vítima;907;BR-116/BA;Norte;Saida de Pista;;;;;;;;;;1;2;;;;
19/03/2019;16:30:00;205;com vítima;818,05;BR-116/BA;Sul;Colisão Frontal;1;;1;;;;;;;;1;;1;;
19/03/2019;18:23:00;229;com vítima;597,2;BR-116/BA;Norte;Saida de Pista;1;;;;;1;;;;;3;;1;;
19/03/2019;18:49:00;234;com vítima;611,3;BR-116/BA;Sul;Saida de Pista;;;1;;;;;;;;0;;;;1
19/03/2019;20:42:00;250;sem vítima;616;BR-324/BA;Leste;Colisão Traseira;;;;;;1;;;;1;2;;;;
20/03/2019;04:20:00;21;sem vítima;618;BR-116/BA;Sul;Colisão Lateral;1;;;;;1;;;;;5;;;;
20/03/2019;12:16:00;140;sem vítima;606,5;BR-324/BA;Leste;Queda de Moto;;;;1;;;;;;;2;;;;
20/03/2019;12:39:00;148;sem vítima;556,4;BR-324/BA;Oeste;Colisão Lateral;1;;1;;;;;;;;5;;;;
20/03/2019;14:55:00;177;com vítima;542;BR-116/BA;Norte;Colisão Transversal;1;;;;;;;;;1;0;6;;;
20/03/2019;22:42:00;257;sem vítima;564;BR-324/BA;Oeste;Saida de Pista;1;;;;;;;;;;1;;;;
21/03/2019;07:16:00;46;sem vítima;578,8;BR-324/BA;Oeste;Saida de Pista;1;;;;;;;;;;1;;;;
21/03/2019;16:19:00;199;com vítima;16;BR-116/BA - Cont VC;Sul;Colisão Transversal;1;;;1;;;;;;;1;1;;;
21/03/2019;17:28:00;214;com vítima;614,7;BR-324/BA;Leste;Queda de Moto;;;;1;;;;;;;0;1;;;
21/03/2019;18:52:00;240;com vítima;548;BR-324/BA;Leste;Tombamento;;;1;;;;;;;;1;1;;;
21/03/2019;19:11:00;243;sem vítima;548;BR-324/BA;Leste;Engavetamento;;;3;;;;;;;;3;;;;
22/03/2019;05:54:00;10;com vítima;622;BR-324/BA;Leste;Colisão Traseira;;;;1;;1;;;;;1;1;;;
22/03/2019;08:00:00;41;sem vítima;617,2;BR-324/BA;Leste;Colisão Traseira;2;;;;;;;;;;6;;;;
22/03/2019;08:22:00;51;sem vítima;620;BR-324/BA;Leste;Colisão Traseira;2;;;;;;;;;;7;;;;
22/03/2019;08:25:00;52;com vítima;620;BR-324/BA;Leste;Colisão Traseira;;;;1;;1;;;;;1;1;;;
22/03/2019;08:38:00;57;sem vítima;613,5;BR-324/BA;Leste;Colisão Traseira;1;;;;;1;;;;;2;;;;
22/03/2019;09:48:00;84;sem vítima;627,2;BR-116/BA;Sul;Colisão Traseira;;;2;;;;;;;;2;;;;
22/03/2019;12:50:00;132;com vítima;921;BR-116/BA;Norte;Sequência;1;;3;;1;;;;;;26;3;;;
22/03/2019;12:53:00;133;sem vítima;650,2;BR-116/BA;Sul;Capotamento;1;;;;;;;;;;2;;;;
22/03/2019;15:18:00;166;sem vítima;518,3;BR-324/BA;Leste;Saida de Pista;1;;;;;;;;;;1;;;;
22/03/2019;15:43:00;176;sem vítima;440;BR-116/BA;Sul;Tombamento;;;1;;;;;;;;1;;;;
22/03/2019;16:16:00;183;com vítima;462,8;BR-116/BA;Sul;Atropelamento de Pedestre;;;1;;;;;;;;1;;;1;
22/03/2019;18:15:00;203;sem vítima;578;BR-324/BA;Oeste;Colisão Traseira;1;;1;;;;;;;;2;;;;
22/03/2019;22:18:00;235;com vítima;19;BR-116/BA - Cont VC;Sul;Colisão Frontal;1;;1;;;;;;;;2;;;;1
22/03/2019;23:26:00;245;sem vítima;427;BR-116/BA;Sul;Colisão Traseira;;;1;;1;;;;;;32;;;;
23/03/2019;02:33:00;14;sem vítima;602;BR-116/BA;Norte;Colisão Lateral;;;1;;;;;;;1;6;;;;
23/03/2019;08:12:00;41;sem vítima;873;BR-116/BA;Norte;Colisão Lateral;2;;;;;;;;;;4;;;;
23/03/2019;14:38:00;133;com vítima;525;BR-324/BA;Oeste;Saida de Pista;1;;1;;;;;;;;1;;;1;
23/03/2019;15:03:00;140;sem vítima;596;BR-324/BA;Oeste;Capotamento;1;;;;;;;;;;5;;;;
23/03/2019;16:44:00;170;sem vítima;610;BR-324/BA;Oeste;Colisão Traseira;2;;;;;;;;;;4;;;;
23/03/2019;16:53:00;173;sem vítima;610;BR-324/BA;Oeste;Colisão Traseira;1;;;;;1;;;;;6;;;;
23/03/2019;20:15:00;219;sem vítima;621;BR-324/BA;Leste;Engavetamento;2;;;;1;;;;;;14;;;;
23/03/2019;20:24:00;224;com vítima;808;BR-116/BA;Norte;Queda de Moto;;;;1;;;;;;;0;1;;;
24/03/2019;06:54:00;39;sem vítima;530;BR-324/BA;Oeste;Saida de Pista;1;;;;;;;;;;1;;;;
24/03/2019;07:01:00;42;sem vítima;518;BR-324/BA;Oeste;Choque Contra Objeto Fixo;1;;;;;;;;;;1;;;;
24/03/2019;07:55:00;55;sem vítima;565;BR-324/BA;Oeste;Saida de Pista;;;1;;;;;;;;3;;;;
24/03/2019;08:14:00;58;sem vítima;803,1;BR-116/BA;Sul;Saida de Pista;;;1;;;;;;;;1;;;;
24/03/2019;09:08:00;67;com vítima;589,5;BR-324/BA;Oeste;Saida de Pista;;;;;;;;;;1;0;2;1;;
24/03/2019;09:21:00;71;sem vítima;584,3;BR-324/BA;Leste;Saida de Pista;;;;;;;;;;1;1;;;;
24/03/2019;09:30:00;72;sem vítima;804;BR-116/BA;Sul;Colisão Traseira;;;2;;;;;;;;3;;;;
24/03/2019;11:20:00;87;sem vítima;578;BR-324/BA;Leste;Saida de Pista;1;;;;;;;;;;1;;;;
24/03/2019;12:30:00;100;sem vítima;551;BR-324/BA;Oeste;Saida de Pista;1;;;;;;;;;;2;;;;
24/03/2019;14:45:00;122;sem vítima;609;BR-324/BA;Oeste;Choque Contra Objeto Fixo;1;;;;;;;;;;1;;;;
24/03/2019;17:10:00;163;sem vítima;502,2;BR-116/BA;Norte;Saida de Pista;;;1;;;;;;;;1;;;;
24/03/2019;18:47:00;191;sem vítima;777,2;BR-116/BA;Norte;Colisão Transversal;;;;;;;;;;2;2;;;;
24/03/2019;22:26:00;223;com vítima;621;BR-324/BA;Oeste;Capotamento;1;;;;;;;;;;0;2;;;
25/03/2019;03:28:00;12;com vítima;670,8;BR-116/BA;Norte;Colisão Traseira;1;;1;;;;;;;;2;;;;1
25/03/2019;07:54:00;43;com vítima;827,1;BR-116/BA;Norte;Engavetamento;2;;;1;;;;;;;3;2;;;
25/03/2019;08:38:00;54;sem vítima;571,8;BR-324/BA;Leste;Saida de Pista;;;;;;;;;;1;1;;;;
25/03/2019;09:48:00;74;sem vítima;551,8;BR-324/BA;Leste;Saida de Pista;;;1;;;;;;;;1;;;;
25/03/2019;10:12:00;80;sem vítima;591,5;BR-324/BA;Oeste;Engavetamento;3;;;;;;;;;;3;;;;
25/03/2019;17:30:00;191;sem vítima;657,1;BR-116/BA;Norte;Saida de Pista;;;;;;;;;;1;1;;;;
25/03/2019;18:35:00;199;sem vítima;859,8;BR-116/BA;Norte;Engavetamento;2;;1;;;;;;;;6;;;;
25/03/2019;19:50:00;224;sem vítima;523,8;BR-116/BA;Norte;Atropelamento de Animal;;;;;;;;;;1;1;;;;
26/03/2019;06:00:00;18;com vítima;568;BR-324/BA;Oeste;Queda de Moto;;;;1;;;;;;;0;1;;;
26/03/2019;09:46:00;75;sem vítima;807;BR-116/BA;Norte;Saida de Pista;;;1;;;;;;;;1;;;;
26/03/2019;11:51:00;111;sem vítima;606,7;BR-324/BA;Oeste;Colisão Traseira;1;;;;;;;;;1;3;;;;
26/03/2019;16:32:00;174;com vítima;454;BR-116/BA;Sul;Colisão Transversal;;;1;1;;;;;;;1;;2;;
26/03/2019;18:28:00;204;com vítima;490,1;BR-116/BA;Norte;Colisão Traseira;1;;1;;;;;;;;1;;1;;
26/03/2019;18:33:00;205;sem vítima;625,6;BR-324/BA;Leste;Queda de Moto;;;;1;;;;;;;2;;;;
26/03/2019;19:08:00;209;com vítima;16,8;BR-116/BA - Cont VC;Sul;Queda de Moto;;;;1;;;;;;;0;1;;;
26/03/2019;20:51:00;228;com vítima;868,8;BR-116/BA;Sul;Colisão Frontal;2;;;;;;;;;;1;3;2;;
27/03/2019;15:59:00;187;sem vítima;3;BR-116/BA - Cont VC;Sul;Colisão Transversal;1;;1;;;;;;;;2;;;;
27/03/2019;16:42:00;202;sem vítima;614;BR-116/BA;Sul;Saida de Pista;;;1;;;;;;;;1;;;;
27/03/2019;18:08:00;224;com vítima;809;BR-116/BA;Sul;Colisão Transversal;;;;2;;;;;;;0;2;;;
27/03/2019;16:42:00;231;sem vítima;614;BR-116/BA;Sul;Saida de Pista;;;1;;;;;;;;1;;;;
27/03/2019;19:20:00;238;com vítima;605;BR-324/BA;Leste;Atropelamento de Pedestre;1;;;;;;;;;;1;;;1;
28/03/2019;08:05:00;68;sem vítima;550;BR-324/BA;Leste;Colisão Lateral;1;;1;;;;;;;;3;;;;
28/03/2019;11:25:00;124;sem vítima;610;BR-324/BA;Oeste;Colisão Traseira;1;;;;;;;;;1;2;;;;
28/03/2019;15:20:00;186;sem vítima;553,8;BR-324/BA;Oeste;Saida de Pista;1;;;;;;;;;;1;;;;
28/03/2019;16:13:00;198;com vítima;545,5;BR-116/BA;Sul;Colisão Lateral;1;;1;;;;;;;;3;2;;;
29/03/2019;07:16:00;41;sem vítima;574;BR-324/BA;Leste;Tombamento;;;1;;;;;;;;1;;;;
29/03/2019;07:25:00;45;com vítima;789;BR-116/BA;Sul;Colisão Traseira;;;;;;;;;;2;1;2;;;
29/03/2019;10:41:00;98;sem vítima;775;BR-116/BA;Sul;Colisão Transversal;;;1;;;1;;;;;2;;;;
29/03/2019;11:40:00;110;sem vítima;494;BR-116/BA;Sul;Colisão Lateral;;;1;;;1;;;;;3;;;;
29/03/2019;13:24:00;127;sem vítima;582;BR-324/BA;Oeste;Saida de Pista;1;;;;;;;;;;1;;;;
29/03/2019;15:17:00;158;sem vítima;559;BR-324/BA;Leste;Colisão Lateral;1;;1;;;;;;;;2;;;;
29/03/2019;16:00:00;170;sem vítima;571;BR-324/BA;Oeste;Saida de Pista;;;1;;;;;;;;1;;;;
29/03/2019;16:18:00;174;sem vítima;582,2;BR-324/BA;Oeste;Colisão Lateral;1;;;;;;;;;1;4;;;;
29/03/2019;16:43:00;186;sem vítima;527;BR-324/BA;Leste;Colisão Traseira;2;;;;;;;;;;2;;;;
29/03/2019;21:16:00;239;sem vítima;3,5;BR-116/BA - ContSuFS;Sul;Tombamento;;;1;;;;;;;;1;;;;
29/03/2019;23:24:00;256;sem vítima;615;BR-324/BA;Leste;Colisão Traseira;;;2;;;;;;;;3;;;;
30/03/2019;06:10:00;12;sem vítima;804,5;BR-116/BA;Sul;Tombamento;;;1;;;;;;;;1;;;;
30/03/2019;06:53:00;21;sem vítima;922,5;BR-116/BA;Sul;Colisão Traseira;;;2;;;;;;;;2;;;;
30/03/2019;07:08:00;23;com vítima;778;BR-116/BA;Sul;Colisão Lateral;;;;1;;1;;;;;1;1;;;
30/03/2019;07:17:00;28;sem vítima;922,5;BR-116/BA;Norte;Colisão Lateral;;;3;;;;;;;;4;;;;
30/03/2019;07:46:00;37;com vítima;728,6;BR-116/BA;Sul;Tombamento;;;;;;;;;;1;4;3;;;
30/03/2019;08:34:00;47;sem vítima;565;BR-324/BA;Oeste;Saida de Pista;;;1;;;;;;;;3;;;;
30/03/2019;10:08:00;66;sem vítima;576;BR-324/BA;Leste;Saida de Pista;;;1;;;;;;;;1;;;;
30/03/2019;11:00:00;77;sem vítima;598;BR-324/BA;Leste;Saida de Pista;1;;;;;;;;;;1;;;;
30/03/2019;11:30:00;88;sem vítima;547;BR-324/BA;Leste;Colisão Lateral;2;;;;;;;;;;7;;;;
30/03/2019;22:09:00;221;com vítima;633,027;BR-116/BA;Sul;Atropelamento de Pedestre;;;;;;1;;;;;1;;;;1
31/03/2019;01:31:00;8;sem vítima;619,4;BR-324/BA;Oeste;Colisão Traseira;2;;;;;;;;;;2;;;;
31/03/2019;03:16:00;15;sem vítima;433;BR-116/BA;Norte;Tombamento;;;1;;;;;;;;1;;;;
31/03/2019;16:18:00;119;com vítima;914;BR-116/BA;Norte;Queda de Moto;;;;1;;;;;;;0;2;;;
31/03/2019;17:46:00;141;sem vítima;8;BR-116/BA - Cont VC;Sul;Queda de Moto;;;;1;;;;;;;1;;;;
31/03/2019;18:42:00;156;sem vítima;532;BR-324/BA;Leste;Colisão Lateral;1;;1;;;;;;;;2;;;;
31/03/2019;19:00:00;161;sem vítima;533,8;BR-324/BA;Oeste;Saida de Pista;1;;;;;;;;;;1;;;;
31/03/2019;19:23:00;167;com vítima;17,5;BR-116/BA - Cont VC;Norte;Atropelamento de Pedestre;;;;1;;;;;;;1;1;;;
31/03/2019;21:13:00;182;com vítima;545;BR-324/BA;Oeste;Atropelamento de Pedestre;;;;;1;;;;;;10;;;;1
01/01/2019;12:25:00;59;com vítima;553;BR-324/BA;Oeste;Queda de Moto;;;;1;;;;;;;1;1;;;
01/01/2019;14:18:00;71;com vítima;440,5;BR-116/BA;Sul;Saida de Pista;;;1;;;;;;;;1;;1;;
01/01/2019;15:10:00;86;com vítima;524;BR-324/BA;Leste;Colisão Lateral;1;;;;;1;;;;;3;4;;;
01/01/2019;16:42:00;103;com vítima;674,6;BR-116/BA;Norte;Atropelamento de Pedestre;;;;;;1;;;;;1;;1;;
01/01/2019;17:16:00;115;sem vítima;543,5;BR-324/BA;Oeste;Engavetamento;3;;;;;;;;;;7;;;;
01/01/2019;17:23:00;117;sem vítima;535,1;BR-324/BA;Oeste;Saida de Pista;1;;;;;;;;;;1;;;;
02/01/2019;01:15:00;14;com vítima;9;BR-116/BA - Cont VC;Norte;Atropelamento de Animal;;;;;;;;;;1;4;3;;;
02/01/2019;07:40:00;71;sem vítima;532;BR-324/BA;Oeste;Colisão Traseira;2;;;;;;;;;;3;;;;
02/01/2019;07:57:00;74;sem vítima;533;BR-324/BA;Oeste;Engavetamento;3;;;;;;;;;;3;;;;
02/01/2019;09:25:00;98;sem vítima;527,5;BR-324/BA;Oeste;Colisão Traseira;2;;;;;;;;;;3;;;;
02/01/2019;11:18:00;127;com vítima;794;BR-116/BA;Sul;Saida de Pista;1;;;;;;;;;;3;1;;;
02/01/2019;11:37:00;131;sem vítima;595;BR-324/BA;Oeste;Colisão Lateral;;;1;;;;;;;1;2;;;;
02/01/2019;13:34:00;164;sem vítima;599;BR-324/BA;Oeste;Colisão Traseira;1;;1;;;;;;;;6;;;;
02/01/2019;14:07:00;170;com vítima;597;BR-324/BA;Oeste;Atropelamento de Pedestre;1;;;;;;;;;;1;1;;;
02/01/2019;16:44:00;209;sem vítima;3;BA-526;Sul;Saida de Pista;1;;;;;;;;;;1;;;;
03/01/2019;06:39:00;25;com vítima;548,2;BR-324/BA;Leste;Queda de Moto;;;;1;;;;;;;0;;2;;
03/01/2019;09:10:00;71;sem vítima;577;BR-116/BA;Norte;Colisão Transversal;;;1;;;1;;;;;2;;;;
03/01/2019;10:27:00;82;com vítima;526,1;BR-324/BA;Oeste;Colisão Lateral;1;;;1;;;;;;;6;1;;;
03/01/2019;10:44:00;85;sem vítima;447,5;BR-116/BA;Sul;Engavetamento;2;;;;;;;;;1;10;;;;
03/01/2019;12:13:00;109;com vítima;15,4;BR-116/BA - Cont VC;Sul;Colisão Traseira;1;;;1;;;;;;;2;;;1;
03/01/2019;17:12:00;190;sem vítima;510,3;BR-116/BA;Norte;Colisão Traseira;;;1;;1;;;;;;2;;;;
03/01/2019;17:20:00;193;com vítima;620,5;BR-324/BA;Oeste;Queda de Moto;;;;1;;;;;;;1;1;;;
03/01/2019;19:47:00;215;com vítima;900;BR-116/BA;Sul;Colisão Transversal;2;;;;;;;;;;1;2;3;;
03/01/2019;20:08:00;217;sem vítima;572;BR-324/BA;Oeste;Colisão Lateral;2;;;;;;;;;;5;;;;
04/01/2019;12:31:00;113;com vítima;619,95;BR-324/BA;Oeste;Queda de Moto;;;;1;;;;;;;1;1;;;
04/01/2019;13:56:00;131;sem vítima;459;BR-116/BA;Sul;Colisão Traseira;2;;;;;;;;;;5;;;;
04/01/2019;13:56:00;132;sem vítima;447;BR-116/BA;Sul;Colisão Traseira;1;;1;;;;;;;;3;;;;
04/01/2019;14:39:00;148;com vítima;601,7;BR-324/BA;Leste;Engavetamento;;;2;1;;;;;;;1;;;3;
05/01/2019;12:35:00;82;sem vítima;760;BR-116/BA;Sul;Engavetamento;3;;;;;;;;;1;15;;;;
05/01/2019;14:20:00;96;com vítima;905,9;BR-116/BA;Norte;Queda de Moto;;;;1;;;;;;;0;;2;;
05/01/2019;14:31:00;97;com vítima;599;BR-324/BA;Oeste;Choque Contra Objeto Fixo;1;;;;;;;;;;0;3;;;
05/01/2019;15:05:00;106;sem vítima;527,15;BR-324/BA;Leste;Colisão Traseira;1;;1;;;;;;;;2;;;;
05/01/2019;15:26:00;112;com vítima;575,3;BR-324/BA;Leste;Saida de Pista;1;;;;;;;;;;0;2;;;
05/01/2019;16:19:00;125;sem vítima;575,3;BR-116/BA;Norte;Colisão Lateral;1;;;;;;;;;1;5;;;;
05/01/2019;19:22:00;161;sem vítima;556;BR-116/BA;Sul;Tombamento;;;1;;;;;;;;1;;;;
05/01/2019;21:23:00;173;sem vítima;574;BR-324/BA;Leste;Saida de Pista;1;;;;;;;;;;2;;;;
05/01/2019;22:12:00;179;sem vítima;626,1;BR-324/BA;Oeste;Saida de Pista;1;;;;;;;;;;3;;;;
06/01/2019;03:24:00;11;sem vítima;493;BR-116/BA;Sul;Saida de Pista;1;;;;;;;;;;2;;;;
06/01/2019;10:37:00;64;com vítima;805,08;BR-116/BA;Sul;Queda de Moto;;;;1;;;;;;;0;2;;;
06/01/2019;13:28:00;103;com vítima;586,3;BR-324/BA;Oeste;Saida de Pista;1;;;;;;;;;;0;2;;;
06/01/2019;19:12:00;166;com vítima;670,2;BR-116/BA;Sul;Queda de Moto;;;;1;;;;;;;0;;1;;
06/01/2019;19:39:00;169;sem vítima;461,7;BR-116/BA;Sul;Colisão Transversal;1;;;;;1;;;;;2;;;;
06/01/2019;21:10:00;178;com vítima;453,5;BR-116/BA;Sul;Colisão Lateral;1;;1;;;1;;;;1;21;;1;;
06/01/2019;21:29:00;183;com vítima;777;BR-116/BA;Sul;Atropelamento de Pedestre;;;;;;1;;;;;1;1;;;
07/01/2019;00:37:00;2;sem vítima;779;BR-116/BA;Sul;Colisão Lateral;;;2;;;;;;;;2;;;;
07/01/2019;06:38:00;25;com vítima;624;BR-324/BA;Oeste;Queda de Moto;;;;1;;;;;;;0;1;;;
07/01/2019;08:18:00;60;sem vítima;622;BR-324/BA;Leste;Engavetamento;1;;1;;;;;;;1;4;;;;
07/01/2019;08:47:00;71;sem vítima;460;BR-116/BA;Sul;Colisão Transversal;;;1;;;1;;;;;2;;;;
07/01/2019;17:32:00;182;com vítima;797,5;BR-116/BA;Norte;Colisão Lateral;1;;1;;1;;;;;;2;1;;;
08/01/2019;06:45:00;19;sem vítima;525,5;BR-324/BA;Oeste;Engavetamento;3;;;;;;;;;;12;;;;
08/01/2019;07:46:00;36;sem vítima;526,5;BR-324/BA;Oeste;Colisão Transversal;1;;1;;;;;;;;3;;;;
08/01/2019;08:36:00;58;com vítima;547,1;BR-324/BA;Oeste;Saida de Pista;2;;;;;;;;;;5;1;;;
08/01/2019;09:52:00;83;sem vítima;807;BR-116/BA;Sul;Colisão Lateral;1;;;;;1;;;;;6;;;;
08/01/2019;10:56:00;99;com vítima;544;BR-324/BA;Oeste;Colisão Transversal;1;;;1;;;;;;;3;;1;;
08/01/2019;11:42:00;106;sem vítima;549;BR-324/BA;Oeste;Saida de Pista;1;;;;;;;;;;4;;;;
09/01/2019;06:09:00;18;com vítima;892;BR-116/BA;Sul;Colisão Lateral;1;;;;;1;;;;;1;1;;;
09/01/2019;13:08:00;141;sem vítima;559,15;BR-116/BA;Sul;Colisão Lateral;2;;;;;;;;;;5;;;;
09/01/2019;15:41:00;173;com vítima;549,7;BR-116/BA;Sul;Saida de Pista;;;;1;;;;;;;0;1;;;
09/01/2019;19:22:00;214;sem vítima;589;BR-324/BA;Leste;Choque Contra Objeto Fixo;1;;;;;;;;;;2;;;;
10/01/2019;00:13:00;2;com vítima;893,4;BR-116/BA;Norte;Saida de Pista;1;;;;;;;;;;0;2;;1;
10/01/2019;03:05:00;7;sem vítima;516;BR-116/BA;Sul;Colisão Lateral;;;2;;;;;;;;2;;;;
10/01/2019;07:41:00;39;sem vítima;0;BR-116/BA - ContSuFS;Norte;Colisão Traseira;1;;;;;;;;;1;2;;;;
10/01/2019;14:44:00;154;sem vítima;595;BR-324/BA;Leste;Colisão Traseira;1;;1;;;;;;;;2;;;;
10/01/2019;17:39:00;189;com vítima;791;BR-116/BA;Norte;Capotamento;1;;;;;;;;;;3;;1;;
10/01/2019;17:45:00;193;sem vítima;614,96;BR-324/BA;Leste;Colisão Traseira;2;;;;;;;;;;3;;;;
10/01/2019;23:53:00;236;sem vítima;620,5;BR-116/BA;Norte;Saida de Pista;1;;;;;1;;;;1;7;;;;
11/01/2019;06:58:00;38;com vítima;585,2;BR-324/BA;Oeste;Colisão Traseira;1;;1;;;;;;;;2;1;;;
11/01/2019;09:48:00;92;sem vítima;602,5;BR-324/BA;Leste;Saida de Pista;;;;;;;;;;1;1;;;;
11/01/2019;10:40:00;107;sem vítima;601,2;BR-324/BA;Leste;Colisão Traseira;1;;;;;1;;;;;3;;;;
11/01/2019;12:31:00;131;sem vítima;521,4;BR-324/BA;Oeste;Colisão Traseira;;;;;;1;;;;2;4;;;;
11/01/2019;17:10:00;188;sem vítima;566;BR-116/BA;Sul;Colisão Traseira;;;2;;;;;;;;2;;;;
12/01/2019;05:47:00;22;com vítima;652,6;BR-116/BA;Sul;Colisão Transversal;1;;;;;;;;;1;0;;5;;
12/01/2019;10:53:00;82;com vítima;9,4;BR-116/BA - Cont VC;Sul;Colisão Transversal;1;;;;1;;;;;;1;1;;;
12/01/2019;11:18:00;88;sem vítima;16,5;BR-116/BA - Cont VC;Norte;Colisão Transversal;1;;1;;;;;;;;2;;;;
12/01/2019;18:49:00;174;com vítima;609;BR-324/BA;Leste;Queda de Moto;;;;1;;;;;;;0;2;;;
12/01/2019;21:30:00;194;sem vítima;759;BR-116/BA;Sul;Colisão Traseira;;;2;;;;;;;;2;;;;
12/01/2019;21:45:00;198;sem vítima;508;BR-116/BA;Sul;Saida de Pista;;;1;;;;;;;;1;;;;
13/01/2019;08:42:00;45;sem vítima;586,9;BR-324/BA;Leste;Saida de Pista;1;;;;;;;;;;1;;;;
13/01/2019;09:55:00;57;sem vítima;797;BR-116/BA;Sul;Colisão Traseira;;;2;;;;;;;;2;;;;
13/01/2019;15:22:00;117;sem vítima;477,3;BR-116/BA;Sul;Colisão Lateral;1;;;;;;;;;;2;;;;
13/01/2019;15:31:00;120;com vítima;642,3;BR-116/BA;Sul;Engavetamento;;;3;;;;;;;;1;;;2;
13/01/2019;19:35:00;164;com vítima;542,5;BR-324/BA;Oeste;Atropelamento de Pedestre;;;;;;1;;;;;1;;1;;
14/01/2019;00:51:00;9;sem vítima;551;BR-324/BA;Leste;Saida de Pista;;;1;;;;;;;;3;;;;
14/01/2019;05:32:00;19;sem vítima;835;BR-116/BA;Norte;Colisão Lateral;2;;;;;;;;;;2;;;;