data;horario;n_da_ocorrencia;tipo_de_ocorrencia;km;trecho;sentido;tipo_de_acidente;automovel;bicicleta;caminhao;moto;onibus;outros;tracao_animal;transporte_de_cargas_especiais;trator_maquinas;utilitarios;ilesos;levemente_feridos;moderadamente_feridos;gravemente_feridos;mortos
14/01/2019;06:52:00;44;sem vítima;605;BR-324/BA;Oeste;Engavetamento;3;;;;;;;;;;3;;;;
14/01/2019;10:57:00;122;sem vítima;459,4;BR-116/BA;Sul;Colisão Traseira;1;;;;;;;;;1;6;;;;
14/01/2019;11:28:00;132;sem vítima;837;BR-116/BA;Norte;Colisão Traseira;2;;;;;;;;;;6;;;;
14/01/2019;11:47:00;136;sem vítima;461,8;BR-116/BA;Sul;Colisão Transversal;;;;;;;;;;2;2;;;;
14/01/2019;12:52:00;148;sem vítima;431;BR-116/BA;Norte;Colisão Traseira;1;;;;;;;;;1;4;;;;
14/01/2019;14:03:00;163;sem vítima;607,6;BR-324/BA;Oeste;Colisão Traseira;1;;1;;;;;;;;4;;;;
14/01/2019;14:43:00;170;sem vítima;463;BR-116/BA;Sul;Colisão Traseira;1;;;;;;;;;1;2;;;;
14/01/2019;14:49:00;174;sem vítima;521;BR-324/BA;Oeste;Colisão Traseira;2;;;;;;;;;;6;;;;
15/01/2019;06:18:00;18;sem vítima;843;BR-116/BA;Sul;Colisão Lateral;;;1;;;;;;;1;7;;;;
15/01/2019;06:58:00;34;sem vítima;615;BR-324/BA;Oeste;Engavetamento;;;1;;;2;;;;1;4;;;;
15/01/2019;07:39:00;47;sem vítima;618;BR-324/BA;Leste;Queda de Moto;;;;1;;;;;;;1;;;;
15/01/2019;08:42:00;67;sem vítima;528,3;BR-116/BA;Norte;Saida de Pista;1;;;;;;;;;;2;;;;
15/01/2019;09:28:00;80;com vítima;588,2;BR-324/BA;Leste;Colisão Traseira;1;;;;;;;;;1;1;1;;;
15/01/2019;10:03:00;92;sem vítima;615,3;BR-324/BA;Leste;Engavetamento;3;;;;;;;;;;3;;;;
15/01/2019;17:14:00;181;com vítima;570,8;BR-324/BA;Leste;Saida de Pista;1;;;;;;;;;;0;2;;;
16/01/2019;04:21:00;6;sem vítima;585;BR-324/BA;Leste;Colisão Traseira;1;;;;;1;;;;;4;;;;
16/01/2019;08:18:00;45;sem vítima;619,7;BR-324/BA;Leste;Colisão Traseira;2;;;;;;;;;;2;;;;
16/01/2019;12:51:00;115;com vítima;668;BR-116/BA;Sul;Colisão Transversal;1;;;1;;;;;;;2;1;;;
16/01/2019;14:31:00;137;sem vítima;616;BR-324/BA;Leste;Colisão Traseira;2;;;;;;;;;;2;;;;
16/01/2019;16:38:00;171;sem vítima;518;BR-324/BA;Oeste;Colisão Traseira;2;;;;;;;;;;3;;;;
16/01/2019;17:01:00;174;sem vítima;610;BR-324/BA;Oeste;Colisão Traseira;1;;;;;1;;;;;2;;;;
16/01/2019;18:55:00;203;com vítima;910;BR-116/BA;Norte;Atropelamento de Pedestre;;1;;;;;;;;;0;1;1;;
16/01/2019;20:12:00;217;com vítima;635,2;BR-116/BA;Sul;Colisão Frontal;;;1;1;;;;;;;0;1;;1;1
17/01/2019;06:39:00;19;com vítima;623,1;BR-324/BA;Leste;Colisão Lateral;2;;;;;1;;;;;3;;1;;
17/01/2019;07:39:00;38;sem vítima;518;BR-324/BA;Leste;Tombamento;;;1;;;;;;;;1;;;;
17/01/2019;10:08:00;73;com vítima;756;BR-116/BA;Sul;Atropelamento de Pedestre;1;;;;;;;;;;2;1;;;
17/01/2019;19:29:00;216;com vítima;617;BR-324/BA;Oeste;Colisão Traseira;;;;1;;1;;;;;1;1;;;
17/01/2019;20:33:00;228;sem vítima;456;BR-116/BA;Sul;Colisão Traseira;;;2;;;;;;;;2;;;;
18/01/2019;07:49:00;37;sem vítima;623,4;BR-324/BA;Oeste;Engavetamento;2;;;;;;;;;1;4;;;;
18/01/2019;08:14:00;43;com vítima;621,2;BR-324/BA;Leste;Colisão Traseira;1;;;1;;;;;;;1;2;;;
18/01/2019;06:21:00;45;com vítima;541;BR-324/BA;Oeste;Colisão Traseira;2;;;;;;;;;;4;2;;;
18/01/2019;09:43:00;75;sem vítima;828,3;BR-116/BA;Sul;Colisão Traseira;;;;;;1;;;;1;2;;;;
18/01/2019;13:19:00;128;com vítima;610;BR-324/BA;Oeste;Queda de Moto;;;;1;;;;;;;0;2;;;
18/01/2019;13:44:00;134;sem vítima;584,7;BR-324/BA;Oeste;Colisão Traseira;2;;;;;;;;;;4;;;;
18/01/2019;16:03:00;166;sem vítima;483;BR-116/BA;Norte;Colisão Lateral;1;;1;;;;;;;;5;;;;
18/01/2019;17:35:00;196;sem vítima;527;BR-324/BA;Oeste;Colisão Transversal;1;;1;;;;;;;;3;;;;
18/01/2019;18:38:00;209;sem vítima;623,5;BR-324/BA;Oeste;Colisão Traseira;1;;;;;;;;;;1;;;;
18/01/2019;21:54:00;249;com vítima;510,9;BR-116/BA;Sul;Colisão Traseira;;;;1;1;1;;;;;15;;;1;
19/01/2019;10:25:00;92;sem vítima;603;BR-324/BA;Oeste;Engavetamento;3;;;;;;;;;;9;;;;
19/01/2019;12:08:00;120;com vítima;583;BR-324/BA;Oeste;Atropelamento de Pedestre;;;;;;1;;;;;1;1;;;
19/01/2019;13:14:00;129;sem vítima;833,5;BR-116/BA;Sul;Colisão Traseira;2;;;;;;;;;;5;;;;
19/01/2019;18:12:00;199;sem vítima;516,7;BR-116/BA;Norte;Colisão Lateral;;;1;;;1;;;;;2;;;;
19/01/2019;19:17:00;214;com vítima;816,5;BR-116/BA;Sul;Atropelamento de Pedestre;;;;;;;;;;;0;;1;;
19/01/2019;23:04:00;231;com vítima;464;BR-116/BA;Sul;Queda de Moto;;;;1;;;;;;;0;;1;1;
20/01/2019;13:36:00;108;sem vítima;484;BR-116/BA;Norte;Saida de Pista;;;1;;;;;;;;3;;;;
21/01/2019;07:26:00;49;sem vítima;605;BR-116/BA;Sul;Engavetamento;2;;1;;;;;;;;4;;;;
21/01/2019;07:42:00;52;com vítima;572,2;BR-324/BA;Leste;Saida de Pista;1;;;;;;;;;;3;;1;;
21/01/2019;08:13:00;67;sem vítima;609;BR-324/BA;Leste;Colisão Traseira;1;;;;;1;;;;;2;;;;
21/01/2019;12:01:00;116;com vítima;618;BR-324/BA;Leste;Queda de Moto;;;;1;;;;;;;1;;1;;
21/01/2019;12:19:00;120;com vítima;779;BR-116/BA;Norte;Colisão Lateral;1;;1;;;;;;;;1;2;;;
21/01/2019;17:46:00;190;sem vítima;613;BR-324/BA;Leste;Engavetamento;3;;;;;;;;;;4;;;;
21/01/2019;19:05:00;212;sem vítima;794,6;BR-116/BA;Norte;Colisão Traseira;1;;;;;;;;;;2;;;;
21/01/2019;20:02:00;222;sem vítima;591;BR-324/BA;Leste;Colisão Lateral;1;;;;;;;;;;1;;;;
22/01/2019;04:50:00;12;sem vítima;545;BR-324/BA;Leste;Atropelamento de Animal;;;;;;;;;;1;1;;;;
22/01/2019;08:12:00;55;com vítima;487;BR-116/BA;Norte;Saida de Pista;1;;;;;;;;;;1;2;1;1;
22/01/2019;10:42:00;92;sem vítima;562;BR-324/BA;Oeste;Colisão Lateral;1;;1;;;;;;;;2;;;;
22/01/2019;12:49:00;112;com vítima;554;BR-324/BA;Leste;Saida de Pista;;;1;;;;;;;;2;1;;;
22/01/2019;16:19:00;148;sem vítima;885;BR-116/BA;Norte;Colisão Traseira;1;;;;;1;;;;;6;;;;
22/01/2019;18:45:00;179;com vítima;521;BR-324/BA;Oeste;Colisão Traseira;;;;1;;2;;;;;2;1;;;
23/01/2019;06:46:00;32;sem vítima;610;BR-324/BA;Oeste;Engavetamento;;;1;;;1;;;;1;8;;;;
23/01/2019;08:58:00;74;com vítima;603;BR-324/BA;Oeste;Colisão Traseira;;;1;1;;;;;;;1;1;;;
23/01/2019;15:24:00;177;com vítima;555,8;BR-116/BA;Sul;Saida de Pista;;;1;;;;;;;;0;1;;1;
24/01/2019;06:25:00;17;sem vítima;620,4;BR-324/BA;Leste;Colisão Lateral;1;;;;1;;;;;;69;;;;
24/01/2019;12:57:00;140;com vítima;611,5;BR-324/BA;Oeste;Colisão Lateral;;;;1;;;;;;;0;1;;;
24/01/2019;15:08:00;166;com vítima;672;BR-116/BA;Norte;Colisão Traseira;;;1;1;;;;;;;1;1;;1;
24/01/2019;15:41:00;174;sem vítima;613,5;BR-324/BA;Oeste;Queda de Moto;;;;1;;;;;;;1;;;;
24/01/2019;18:38:00;204;com vítima;621;BR-324/BA;Oeste;Atropelamento de Pedestre;;;;;1;;;;;;1;;;1;
24/01/2019;21:24:00;232;sem vítima;603;BR-324/BA;Leste;Tombamento;;;1;;;;;;;;1;;;;
24/01/2019;22:37:00;242;com vítima;530;BR-116/BA;Norte;Colisão Lateral;;;1;;;1;;;;;1;1;;;
25/01/2019;06:51:00;34;sem vítima;623,8;BR-324/BA;Leste;Engavetamento;3;;;;;1;;;;;4;;;;
25/01/2019;08:09:00;65;com vítima;621;BR-324/BA;Leste;Engavetamento;1;;1;2;;;;;;1;5;2;;;
25/01/2019;12:24:00;131;sem vítima;676,3;BR-116/BA;Norte;Saida de Pista;;;1;;;;;;;;1;;;;
25/01/2019;13:12:00;142;sem vítima;599,9;BR-324/BA;Leste;Colisão Traseira;1;;1;;;;;;;;7;;;;
25/01/2019;13:31:00;148;sem vítima;616;BR-324/BA;Leste;Engavetamento;1;;;;1;1;;;;;3;;;;
25/01/2019;13:58:00;155;sem vítima;560;BR-324/BA;Oeste;Incêndio;1;;;;;;;;;;2;;;;
25/01/2019;14:48:00;162;com vítima;846;BR-116/BA;Sul;Saida de Pista;1;;;;;;;;;;2;1;;;
25/01/2019;16:33:00;186;sem vítima;622,5;BR-324/BA;Leste;Saida de Pista;1;;;;;;;;;;1;;;;
25/01/2019;17:11:00;194;sem vítima;528;BR-324/BA;Oeste;Colisão Traseira;1;;;;;1;;;;;5;;;;
26/01/2019;04:58:00;7;sem vítima;582;BR-324/BA;Leste;Colisão Lateral;2;;;;;;;;;;3;;;;
26/01/2019;09:56:00;59;com vítima;485,2;BR-116/BA;Norte;Colisão Lateral;1;;;1;;;;;;;0;1;1;;
26/01/2019;12:34:00;93;sem vítima;605;BR-324/BA;Leste;Saida de Pista;1;;;;;;;;;;1;;;;
26/01/2019;15:58:00;136;com vítima;11;BR-116/BA - Cont VC;Norte;Colisão Transversal;1;;;1;;;;;;;1;2;;;
26/01/2019;18:44:00;174;sem vítima;904;BR-116/BA;Sul;Atropelamento de Animal;1;;;;;;;;;;3;;;;
26/01/2019;20:21:00;190;sem vítima;519;BR-116/BA;Norte;Atropelamento de Animal;1;;;;;;;;;;1;;;;
26/01/2019;20:46:00;194;sem vítima;518;BR-116/BA;Sul;Saida de Pista;;;1;;;;;;;;1;;;;
27/01/2019;05:04:00;16;sem vítima;0;BR-116/BA - ContSuFS;Sul;Saida de Pista;1;;;;;;;;;;2;;;;
27/01/2019;05:50:00;18;sem vítima;617,6;BR-324/BA;Oeste;Colisão Lateral;2;;1;;;;;;;;3;;;;
27/01/2019;06:05:00;21;com vítima;860,9;BR-116/BA;Norte;Colisão Frontal;;;2;;;;;;;;2;1;1;;
27/01/2019;10:17:00;54;sem vítima;560,25;BR-324/BA;Oeste;Saida de Pista;1;;;;;;;;;;4;;;;
27/01/2019;11:51:00;68;sem vítima;609;BR-324/BA;Oeste;Colisão Traseira;3;;;;;;;;;;9;;;;
27/01/2019;12:11:00;72;com vítima;808,1;BR-116/BA;Norte;Queda de Moto;;;;1;;;;;;;0;1;;;
27/01/2019;12:28:00;74;sem vítima;543;BR-324/BA;Leste;Colisão Lateral;2;;;;;;;;;1;8;;;;
27/01/2019;15:35:00;116;sem vítima;562;BR-324/BA;Oeste;Colisão Traseira;2;;;;;;;;;;4;;;;
27/01/2019;16:30:00;125;com vítima;543;BR-324/BA;Oeste;Saida de Pista;1;;;;;;;;;;4;1;;;
27/01/2019;22:38:00;182;com vítima;571,7;BR-116/BA;Norte;Saida de Pista;;;1;;;;;;;;0;;1;;
27/01/2019;23:05:00;187;sem vítima;461,8;BR-116/BA;Norte;Saida de Pista;1;;;;;;;;;;1;;;;
28/01/2019;05:44:00;9;sem vítima;551;BR-324/BA;Oeste;Colisão Traseira;2;;;;;;;;;;5;;;;
28/01/2019;09:40:00;94;sem vítima;539,5;BR-324/BA;Leste;Colisão Lateral;1;;;;;1;;;;;4;;;;
28/01/2019;16:00:00;190;sem vítima;640;BR-116/BA;Sul;Colisão Lateral;2;;;;;;;;;;2;;;;
28/01/2019;16:06:00;194;sem vítima;714,4;BR-116/BA;Norte;Colisão Lateral;1;;1;;;;;;;;5;;;;
28/01/2019;16:08:00;195;sem vítima;541;BR-324/BA;Leste;Choque Contra Objeto Fixo;1;;;;;;;;;;1;;;;
28/01/2019;17:03:00;215;sem vítima;610,6;BR-324/BA;Oeste;Colisão Traseira;1;;;;1;;;;;;36;;;;
28/01/2019;17:55:00;235;sem vítima;607;BR-324/BA;Leste;Colisão Traseira;2;;;;;;;;;;2;;;;
28/01/2019;21:11:00;275;sem vítima;620;BR-324/BA;Oeste;Colisão Traseira;1;;;;;1;;;;;5;;;;
29/01/2019;00:32:00;1;sem vítima;933;BR-116/BA;Sul;Saida de Pista;;;1;;;;;;;;1;;;;
29/01/2019;11:00:00;89;sem vítima;537,1;BR-324/BA;Oeste;Saida de Pista;1;;;;;;;;;;4;;;;
29/01/2019;14:07:00;118;sem vítima;588;BR-324/BA;Oeste;Sequência;;;;;;1;;;;1;2;;;;
29/01/2019;16:01:00;147;sem vítima;607;BR-324/BA;Oeste;Tombamento;;;1;;;;;;;;1;;;;
29/01/2019;18:31:00;183;com vítima;619;BR-324/BA;Oeste;Queda de Moto;;;;1;;;;;;;0;2;;;
30/01/2019;00:57:00;4;sem vítima;520;BR-324/BA;Leste;Atropelamento de Animal;1;;;;;;;;;;2;;;;
30/01/2019;05:44:00;18;com vítima;17;BR-116/BA - Cont VC;Sul;Queda de Moto;;;;1;;;;;;;0;1;;;
30/01/2019;06:34:00;27;com vítima;10;BR-116/BA - Cont VC;Sul;Atropelamento de Animal;;;;1;;;;;;;0;2;;;
30/01/2019;10:04:00;91;sem vítima;12,9;BR-116/BA - Cont VC;Norte;Colisão Traseira;;;1;;;;;;;1;5;;;;
30/01/2019;15:03:00;152;sem vítima;550;BR-324/BA;Oeste;Colisão Lateral;1;;1;;;;;;;;2;;;;
30/01/2019;15:28:00;163;sem vítima;550;BR-324/BA;Oeste;Colisão Lateral;1;;1;;;;;;;;3;;;;
31/01/2019;05:53:00;5;sem vítima;547,5;BR-116/BA;Sul;Saida de Pista;;;1;;;;;;;;1;;;;
31/01/2019;07:21:00;29;com vítima;623,2;BR-324/BA;Leste;Queda de Moto;;;;1;;;;;;;0;1;;;
31/01/2019;07:33:00;31;sem vítima;590;BR-324/BA;Oeste;Colisão Lateral;2;;;;;;;;;;3;;;;
31/01/2019;08:12:00;44;sem vítima;620,5;BR-324/BA;Oeste;Colisão Lateral;2;;;;;1;;;;;3;;;;
31/01/2019;09:32:00;68;sem vítima;547;BR-324/BA;Oeste;Colisão Traseira;1;;;;;;;;;1;2;;;;
31/01/2019;16:15:00;142;sem vítima;809,5;BR-116/BA;Sul;Colisão Traseira;;;1;;;;;;;1;4;;;;
31/01/2019;20:59:00;182;sem vítima;735;BR-116/BA;Sul;Colisão Traseira;;;1;;;1;;;;;2;;;;
31/01/2019;23:19:00;198;com vítima;657;BR-116/BA;Sul;Colisão Frontal;;;3;;;;;;;;4;;;;1
01/08/2019;05:24:00;23;sem vítima;562;BR-324/BA;Leste;Saida de Pista;1;;;;;;;;;;4;;;;
01/08/2019;08:38:00;76;sem vítima;538;BR-324/BA;Oeste;Colisão Traseira;;;2;1;;;;;;;3;;;;
01/08/2019;09:56:00;99;sem vítima;582,5;BR-324/BA;Leste;Colisão Traseira;;;1;;;;;;;1;3;;;;
01/08/2019;14:21:00;144;com vítima;546,6;BR-116/BA;Sul;Atropelamento - Ciclista;;;;;;1;;;;;1;;;;1
01/08/2019;18:29:00;207;sem vítima;622,4;BR-324/BA;Oeste;Engavetamento;3;;1;;;;;;;;9;;;;
02/08/2019;05:41:00;13;com vítima;543,8;BR-324/BA;Leste;Queda de Moto;;;;1;;;;;;;0;;1;;
02/08/2019;08:07:00;59;com vítima;617;BR-324/BA;Oeste;Engavetamento;3;;;;;;;;;;3;;1;;
02/08/2019;08:23:00;63;com vítima;827,1;BR-116/BA;Sul;Colisão Lateral;1;;;1;;;;;;;1;1;;;
02/08/2019;12:28:00;117;sem vítima;593,1;BR-324/BA;Oeste;Saida de Pista;;;;;;;;;;1;2;;;;
02/08/2019;16:25:00;176;sem vítima;526;BR-324/BA;Leste;Colisão Lateral;1;;1;;;;;;;;5;;;;
03/08/2019;00:48:00;3;sem vítima;508,4;BR-116/BA;Norte;Saida de Pista;;;1;;;;;;;;1;;;;
03/08/2019;00:55:00;4;com vítima;0;BR-116/BA - ContSuFS;Norte;Queda de Moto;1;;;1;;;;;;;1;1;;;
03/08/2019;08:06:00;46;sem vítima;921,8;BR-116/BA;Norte;Saida de Pista;;;1;;;;;;;;1;;;;
03/08/2019;08:32:00;51;sem vítima;804;BR-116/BA;Norte;Colisão Traseira;;;2;;;;;;;;2;;;;
03/08/2019;09:03:00;58;sem vítima;607;BR-324/BA;Oeste;Colisão Lateral;;;;1;;1;;;;;3;;;;
03/08/2019;09:42:00;67;sem vítima;540;BR-324/BA;Oeste;Colisão Traseira;1;;;;;2;;;;;3;;;;
03/08/2019;15:02:00;140;sem vítima;623,3;BR-324/BA;Leste;Colisão Traseira;1;;;;;1;;;;;2;;;;
03/08/2019;15:20:00;143;sem vítima;623,7;BR-324/BA;Leste;Colisão Traseira;1;;;1;;;;;;;2;;;;
03/08/2019;15:39:00;145;sem vítima;607,5;BR-324/BA;Oeste;Saida de Pista;1;;;;;;;;;;5;;;;
03/08/2019;16:05:00;154;sem vítima;865;BR-116/BA;Norte;Colisão Traseira;;;2;;;;;;;;2;;;;
03/08/2019;16:31:00;160;sem vítima;510,5;BR-116/BA;Sul;Tombamento;;;1;;;;;;;;1;;;;
03/08/2019;18:12:00;179;sem vítima;505,2;BR-116/BA;Sul;Colisão Traseira;1;;;;;1;;;;;6;;;;
03/08/2019;19:59:00;192;com vítima;870,7;BR-116/BA;Norte;Atropelamento - Ciclista;;1;;;;1;;;;;1;;;1;
03/08/2019;22:41:00;215;sem vítima;619;BR-324/BA;Leste;Saida de Pista;2;;;;;;;;;;2;;;;
04/08/2019;00:00:00;8;sem vítima;619;BR-324/BA;Leste;Engavetamento;2;;;;;;;;;1;5;;;;
04/08/2019;01:40:00;10;sem vítima;828;BR-116/BA;Sul;Saida de Pista;1;;;;;;;;;;3;;;;
04/08/2019;08:07:00;39;com vítima;611;BR-324/BA;Leste;Colisão Traseira;1;;;;;1;;;;;3;;1;;
04/08/2019;12:17:00;85;sem vítima;641,6;BR-116/BA;Norte;Tombamento;;;1;;;;;;;;1;;;;
04/08/2019;18:09:00;150;com vítima;520,7;BR-324/BA;Leste;Colisão Traseira;2;;;;;;;;;;6;3;1;;
04/08/2019;19:13:00;166;com vítima;587;BR-324/BA;Oeste;Saida de Pista;1;;;;;;;;;;0;1;;;
04/08/2019;20:04:00;173;sem vítima;836,4;BR-116/BA;Norte;Colisão Frontal;1;;1;;;;;;;;2;;;;
04/08/2019;20:11:00;175;sem vítima;556;BR-324/BA;Leste;Capotamento;1;;;;;;;;;;1;;;;
04/08/2019;23:19:00;190;com vítima;871,5;BR-116/BA;Norte;Queda de Moto;;;;1;;;;;;;0;1;1;;
05/08/2019;06:28:00;21;com vítima;807,3;BR-116/BA;Norte;Queda de Moto;;;;1;;;;;;;0;2;;;
05/08/2019;06:50:00;30;sem vítima;613,1;BR-324/BA;Leste;Engavetamento;3;;;;;;;;;;6;;;;
05/08/2019;07:28:00;42;sem vítima;683;BR-116/BA;Norte;Saida de Pista;1;;;;;;;;;;1;;;;
05/08/2019;07:57:00;55;com vítima;670;BR-116/BA;Norte;Colisão Lateral;;;;1;;1;;;;;1;1;;;
05/08/2019;08:20:00;62;com vítima;620,15;BR-324/BA;Oeste;Colisão Lateral;;;;1;;;;;;1;1;1;;;
05/08/2019;11:34:00;135;com vítima;7;BR-116/BA - ContSuFS;Sul;Queda de Moto;;;;1;;;;;;;0;;1;;
05/08/2019;11:40:00;137;com vítima;565;BR-324/BA;Oeste;Saida de Pista;1;;;;;;;;;;1;;2;;
05/08/2019;13:26:00;155;com vítima;512;BR-116/BA;Norte;Saida de Pista;1;;;;;;;;;;1;3;1;;
05/08/2019;14:57:00;182;sem vítima;595;BR-324/BA;Leste;Colisão Traseira;1;;;;;1;;;;;2;;;;
05/08/2019;18:41:00;244;sem vítima;531,5;BR-324/BA;Oeste;Colisão Lateral;1;;1;;;;;;;;3;;;;
05/08/2019;23:07:00;275;sem vítima;574,1;BR-324/BA;Oeste;Saida de Pista;1;;;;;1;;;;;2;;;;
06/08/2019;00:01:00;1;com vítima;576,02;BR-116/BA;Sul;Colisão Lateral;;;;1;;;;;;1;3;;;;1
06/08/2019;04:31:00;15;sem vítima;562;BR-324/BA;Leste;Colisão Lateral;;;2;;;;;;;;3;;;;
06/08/2019;09:13:00;80;sem vítima;612,2;BR-324/BA;Oeste;Colisão Traseira;2;;;;;;;;;;5;;;;
06/08/2019;13:53:00;136;com vítima;816,05;BR-116/BA;Sul;Colisão Traseira;1;;;1;;;;;;;0;2;;;
06/08/2019;15:59:00;161;com vítima;16,1;BR-116/BA - Cont VC;Norte;Atropelamento - Ciclista;1;1;;;;;;;;;2;1;;;
06/08/2019;17:37:00;199;sem vítima;814,5;BR-116/BA;Sul;Colisão Traseira;2;;;;;;;;;;5;;;;
06/08/2019;17:41:00;201;sem vítima;614,35;BR-324/BA;Leste;Sequência;;;;2;;1;;;;;3;;;;
06/08/2019;20:45:00;241;com vítima;624;BR-324/BA;Oeste;Queda de Moto;;;;1;;;;;;;0;2;;;
07/08/2019;03:15:00;12;sem vítima;557,6;BR-324/BA;Oeste;Colisão Lateral;;;1;;;1;;;;;5;;;;
07/08/2019;11:02:00;103;sem vítima;611,7;BR-324/BA;Leste;Tombamento;;;1;;;;;;;;1;;;;
07/08/2019;13:35:00;139;sem vítima;607;BR-324/BA;Leste;Colisão Traseira;1;;1;;;;;;;;3;;;;
07/08/2019;15:38:00;169;sem vítima;519;BR-324/BA;Oeste;Saida de Pista;;;1;;;;;;;;1;;;;
07/08/2019;19:47:00;230;sem vítima;24,8;BR-116/BA - Cont VC;Norte;Colisão Lateral;1;;;;;;;;;;1;;;;
07/08/2019;20:39:00;242;sem vítima;594,1;BR-324/BA;Leste;Saida de Pista;1;;;;;;;;;;4;;;;
08/08/2019;06:59:00;28;sem vítima;450,9;BR-116/BA;Norte;Colisão Traseira;1;;;;;;;;;1;6;;;;
08/08/2019;08:06:00;50;sem vítima;618;BR-324/BA;Leste;Colisão Traseira;1;;;1;;;;;;;2;;;;
08/08/2019;08:26:00;57;sem vítima;817,9;BR-116/BA;Norte;Colisão Transversal;;;;1;;1;;;;;2;;;;
08/08/2019;11:32:00;99;sem vítima;579,5;BR-324/BA;Leste;Saida de Pista;;;1;;;;;;;;1;;;;
08/08/2019;11:58:00;103;sem vítima;518,3;BR-324/BA;Oeste;Colisão Traseira;;;2;;;;;;;;2;;;;
08/08/2019;14:15:00;121;com vítima;704,05;BR-116/BA;Sul;Saida de Pista;1;;;;;;;;;;0;3;1;;
08/08/2019;15:56:00;153;sem vítima;777,6;BR-116/BA;Norte;Colisão Lateral;;;1;;;;;;;1;2;;;;
08/08/2019;16:38:00;168;sem vítima;595,9;BR-324/BA;Leste;Saida de Pista;1;;;;;;;;;;1;;;;
09/08/2019;01:18:00;8;sem vítima;559;BR-324/BA;Oeste;Saida de Pista;1;;;;;;;;;;1;;;;
09/08/2019;03:44:00;19;sem vítima;590;BR-324/BA;Leste;Saida de Pista;;;1;;;;;;;;1;;;;
09/08/2019;04:38:00;21;sem vítima;463;BR-116/BA;Norte;Saida de Pista;;;1;;;;;;;;1;;;;
09/08/2019;07:32:00;50;sem vítima;547;BR-324/BA;Leste;Engavetamento;2;;1;;;;;;;;3;;;;
09/08/2019;08:18:00;68;sem vítima;816;BR-116/BA;Norte;Colisão Traseira;1;;;;;;;;;1;6;;;;
09/08/2019;12:52:00;131;com vítima;546,5;BR-324/BA;Oeste;Capotamento;;;;;;;;;;1;1;2;1;;
09/08/2019;15:19:00;159;sem vítima;534;BR-324/BA;Oeste;Engavetamento;4;;;;;;;;;;12;;;;
09/08/2019;19:15:00;207;com vítima;443,7;BR-116/BA;Sul;Colisão Traseira;;;1;1;;;;;;;1;;;1;
09/08/2019;20:14:00;216;sem vítima;585,8;BR-116/BA;Sul;Saida de Pista;;;1;;;;;;;;1;;;;
09/08/2019;22:15:00;237;sem vítima;626;BR-324/BA;Leste;Saida de Pista;1;;;;;;;;;;4;;;;
09/08/2019;23:03:00;244;sem vítima;470;BR-116/BA;Norte;Capotamento;1;;;;;;;;;;1;;;;
10/08/2019;04:41:00;13;sem vítima;583;BR-324/BA;Oeste;Saida de Pista;1;;;;;;;;;;2;;;;
10/08/2019;07:56:00;47;sem vítima;584,5;BR-324/BA;Oeste;Saida de Pista;;;1;;;;;;;;1;;;;
10/08/2019;08:33:00;56;sem vítima;585;BR-324/BA;Oeste;Engavetamento;3;;;;;;;;;;3;;;;
10/08/2019;15:21:00;143;sem vítima;543,3;BR-324/BA;Oeste;Colisão Lateral;1;;1;;;1;;;;;3;;;;
10/08/2019;18:25:00;182;sem vítima;609;BR-324/BA;Leste;Colisão Lateral;;;;;;1;;;;1;5;;;;
11/08/2019;01:22:00;9;sem vítima;639,4;BR-116/BA;Norte;Colisão Traseira;2;;;;;;;;;;3;;;;
11/08/2019;02:36:00;12;sem vítima;620,1;BR-324/BA;Oeste;Outros;1;;;;;;;;;;1;;;;
11/08/2019;10:31:00;60;sem vítima;619;BR-324/BA;Leste;Colisão Traseira;2;;;;;;;;;;2;;;;
11/08/2019;13:49:00;85;com vítima;14;BR-116/BA - Cont VC;Norte;Queda de Moto;;;;1;;;;;;;0;;;1;
11/08/2019;15:12:00;93;sem vítima;551,2;BR-324/BA;Oeste;Colisão Traseira;1;;;;;1;;;;;3;;;;
11/08/2019;17:29:00;116;sem vítima;828;BR-116/BA;Norte;Colisão Transversal;1;;1;;;;;;;;2;;;;
11/08/2019;18:53:00;130;sem vítima;6,5;BR-116/BA - ContSuFS;Norte;Saida de Pista;;;;;;;;;;1;1;;;;
11/08/2019;21:22:00;148;sem vítima;696;BR-116/BA;Norte;Saida de Pista;1;;;;;;;;;;1;;;;
11/08/2019;21:56:00;152;com vítima;487;BR-116/BA;Norte;Queda de Moto;;;;1;;;;;;;0;1;;;
11/08/2019;22:27:00;154;com vítima;7;BR-116/BA - ContSuFS;Norte;Saida de Pista;1;;;;;;;;;;0;;1;;
12/08/2019;02:06:00;11;sem vítima;622;BR-324/BA;Leste;Saida de Pista;1;;;;;;;;;;1;;;;
12/08/2019;03:34:00;15;com vítima;672,3;BR-116/BA;Norte;Colisão Lateral;1;;;;;1;;;;;2;2;;;
12/08/2019;05:27:00;24;sem vítima;563;BR-324/BA;Leste;Queda de Moto;;;;1;;;;;;;2;;;;
12/08/2019;07:29:00;57;sem vítima;605,8;BR-324/BA;Leste;Colisão Traseira;2;;;;;;;;;;3;;;;
12/08/2019;13:54:00;178;com vítima;541;BR-324/BA;Leste;Saida de Pista;;;;;;;;;;1;2;1;;;
12/08/2019;15:02:00;190;com vítima;601;BR-324/BA;Oeste;Saida de Pista;1;;;;;;;;;;1;2;;;
12/08/2019;22:35:00;272;com vítima;815,3;BR-116/BA;Norte;Colisão Traseira;1;;;;;;;;;1;3;1;;;
13/08/2019;09:34:00;94;sem vítima;554;BR-324/BA;Leste;Queda de Moto;;;;1;;;;;;;2;;;;