data;horario;n_da_ocorrencia;tipo_de_ocorrencia;km;trecho;sentido;tipo_de_acidente;automovel;bicicleta;caminhao;moto;onibus;outros;tracao_animal;transporte_de_cargas_especiais;trator_maquinas;utilitarios;ilesos;levemente_feridos;moderadamente_feridos;gravemente_feridos;mortos
13/08/2019;15:43:00;198;sem vítima;604,8;BR-116/BA;Sul;Colisão Traseira;;;2;;;;;;;;2;;;;
14/08/2019;01:42:00;5;com vítima;7,6;BR-116/BA - ContSuFS;Norte;Colisão Traseira;;;1;;1;;;;;;3;1;;;
14/08/2019;08:07:00;53;com vítima;615;BR-324/BA;Oeste;Colisão Lateral;1;;;1;;;;;;;1;;1;;
14/08/2019;09:16:00;75;com vítima;544,25;BR-116/BA;Norte;Colisão Traseira;1;;;;;;;;;1;4;1;;;
14/08/2019;13:16:00;117;sem vítima;624;BR-324/BA;Oeste;Colisão Traseira;2;;;;;;;;;;4;;;;
14/08/2019;14:36:00;136;sem vítima;459,1;BR-116/BA;Sul;Colisão Traseira;2;;;;;;;;;;2;;;;
14/08/2019;16:17:00;171;sem vítima;580,4;BR-324/BA;Oeste;Saida de Pista;1;;;;;;;;;;1;;;;
15/08/2019;04:52:00;26;sem vítima;581;BR-324/BA;Oeste;Saida de Pista;1;;;;;;;;;;2;;;;
15/08/2019;08:10:00;69;sem vítima;530,5;BR-324/BA;Oeste;Queda de Moto;;;;1;;;;;;;1;;;;
15/08/2019;09:02:00;81;com vítima;625,9;BR-324/BA;Leste;Colisão Lateral;;;;1;;1;;;;;1;1;;;
15/08/2019;09:21:00;91;sem vítima;569;BR-324/BA;Leste;Saida de Pista;1;;;;;;;;;;1;;;;
15/08/2019;13:21:00;130;sem vítima;16,5;BR-116/BA - Cont VC;Sul;Colisão Transversal;;;;1;;;;;;1;2;;;;
15/08/2019;14:09:00;141;sem vítima;530,15;BR-324/BA;Leste;Saida de Pista;1;;;;;;;;;;1;;;;
15/08/2019;20:34:00;228;com vítima;9,5;BR-116/BA - Cont VC;Norte;Colisão Traseira;1;;;;;;;;;1;4;1;;;
16/08/2019;02:25:00;17;sem vítima;461,7;BR-116/BA;Norte;Saida de Pista;1;;;;;;;;;;1;;;;
16/08/2019;06:25:00;33;sem vítima;528,8;BR-324/BA;Leste;Colisão Traseira;;;2;;;;;;;;2;;;;
16/08/2019;06:30:00;36;sem vítima;541;BR-324/BA;Oeste;Queda de Moto;;;;1;;;;;;;1;;;;
16/08/2019;07:03:00;42;sem vítima;586;BR-324/BA;Leste;Colisão Traseira;1;;1;;;;;;;;2;;;;
16/08/2019;08:17:00;62;sem vítima;571;BR-324/BA;Oeste;Saida de Pista;1;;;;;;;;;;1;;;;
16/08/2019;08:20:00;64;sem vítima;619;BR-324/BA;Leste;Engavetamento;1;;;;;2;;;;;3;;;;
16/08/2019;13:10:00;131;sem vítima;529;BR-324/BA;Oeste;Colisão Lateral;1;;1;;;;;;;;3;;;;
16/08/2019;13:57:00;145;com vítima;493,9;BR-116/BA;Sul;Queda de Moto;;;;1;;;;;;;0;;;1;
16/08/2019;15:21:00;172;com vítima;700;BR-116/BA;Norte;Colisão Lateral;1;;2;;;;;;;;2;;1;1;2
16/08/2019;16:59:00;197;sem vítima;578;BR-324/BA;Leste;Colisão Lateral;;;1;;1;;;;;;21;;;;
16/08/2019;17:00:00;198;com vítima;820;BR-116/BA;Norte;Colisão Traseira;1;;;1;;;;;;;2;1;;;
16/08/2019;18:39:00;221;com vítima;526;BR-324/BA;Oeste;Colisão Traseira;;;;1;;1;;;;;1;;2;;
16/08/2019;20:49:00;243;com vítima;600;BR-324/BA;Leste;Queda de Moto;;;;1;;;;;;;0;1;;1;
17/08/2019;00:53:00;7;sem vítima;552;BR-324/BA;Leste;Saida de Pista;1;;;;;;;;;;3;;;;
17/08/2019;10:16:00;64;sem vítima;559,5;BR-324/BA;Oeste;Saida de Pista;1;;;;;;;;;;1;;;;
17/08/2019;10:20:00;66;sem vítima;923,1;BR-116/BA;Norte;Colisão Traseira;;;2;;;;;;;;2;;;;
17/08/2019;12:08:00;89;sem vítima;576;BR-324/BA;Leste;Saida de Pista;;;1;;;;;;;;1;;;;
17/08/2019;12:43:00;96;sem vítima;564,3;BR-324/BA;Leste;Saida de Pista;1;;;;;;;;;;1;;;;
17/08/2019;13:13:00;100;sem vítima;573;BR-324/BA;Oeste;Saida de Pista;1;;;;;;;;;;1;;;;
17/08/2019;14:46:00;116;sem vítima;548;BR-324/BA;Oeste;Saida de Pista;1;;;;;;;;;;4;;;;
17/08/2019;16:00:00;135;sem vítima;524,4;BR-116/BA;Sul;Saida de Pista;1;;;;;;;;;;1;;;;
17/08/2019;16:32:00;139;com vítima;808,1;BR-116/BA;Sul;Saida de Pista;;;;;;;;;;1;0;1;;;
17/08/2019;21:09:00;194;com vítima;8;BR-116/BA - Cont VC;Sul;Saida de Pista;;;1;;;;;;;;0;1;1;;
18/08/2019;06:05:00;21;sem vítima;433;BR-116/BA;Norte;Saida de Pista;;;1;;;;;;;;1;;;;
18/08/2019;07:17:00;31;sem vítima;0;BR-116/BA - ContSuFS;Sul;Colisão Lateral;1;;1;;;;;;;;2;;;;
18/08/2019;07:20:00;33;com vítima;780,5;BR-116/BA;Sul;Saida de Pista;1;;;;;;;;;;0;1;;;
18/08/2019;10:22:00;63;sem vítima;578,4;BR-324/BA;Leste;Saida de Pista;1;;;;;;;;;;3;;;;
18/08/2019;11:49:00;75;sem vítima;626;BR-324/BA;Leste;Saida de Pista;1;;;;;;;;;;1;;;;
18/08/2019;18:54:00;152;sem vítima;547;BR-324/BA;Leste;Queda de Moto;;;;1;;;;;;;2;;;;
18/08/2019;20:55:00;180;sem vítima;555;BR-324/BA;Leste;Engavetamento;3;;;;;;;;;;8;;;;
18/08/2019;23:11:00;198;sem vítima;466;BR-116/BA;Sul;Colisão Lateral;1;;;;;1;;;;;5;;;;
19/08/2019;00:38:00;5;com vítima;623;BR-324/BA;Leste;Colisão Traseira;1;;;1;;;;;;;3;1;;;
19/08/2019;02:04:00;11;sem vítima;516,3;BR-116/BA;Norte;Saida de Pista;;;1;;;;;;;;1;;;;
19/08/2019;06:21:00;32;sem vítima;553;BR-116/BA;Sul;Saida de Pista;1;;;;;;;;;;4;;;;
19/08/2019;06:40:00;37;com vítima;809,9;BR-116/BA;Norte;Colisão Lateral;;;;2;;;;;;;1;1;;;
19/08/2019;07:58:00;75;sem vítima;1,4;BR-116/BA - ContSuFS;Norte;Colisão Traseira;1;;;;;;;;;1;2;;;;
19/08/2019;07:59:00;76;com vítima;1,6;BR-116/BA - ContSuFS;Norte;Queda de Moto;;;;1;;;;;;;0;1;;;
19/08/2019;08:55:00;98;sem vítima;522,95;BR-324/BA;Leste;Tombamento;;;1;;;1;;;;;2;;;;
19/08/2019;14:26:00;194;sem vítima;508,6;BR-116/BA;Norte;Saida de Pista;;;1;;;;;;;;1;;;;
19/08/2019;16:20:00;225;sem vítima;611,7;BR-324/BA;Leste;Colisão Traseira;1;;;;;;;;;1;2;;;;
20/08/2019;02:53:00;18;sem vítima;588;BR-324/BA;Leste;Saida de Pista;;;1;;;;;;;;1;;;;
20/08/2019;07:11:00;46;sem vítima;732,5;BR-116/BA;Sul;Colisão Lateral;1;;1;;;;;;;;4;;;;
20/08/2019;07:40:00;59;sem vítima;620;BR-324/BA;Leste;Colisão Traseira;1;;;1;;;;;;;2;;;;
20/08/2019;07:59:00;68;sem vítima;619,6;BR-324/BA;Leste;Engavetamento;3;;;;;;;;;;5;;;;
20/08/2019;08:43:00;83;sem vítima;609;BR-324/BA;Oeste;Colisão Traseira;1;;;;;;;;;1;2;;;;
20/08/2019;20:27:00;273;com vítima;600,9;BR-324/BA;Leste;Saida de Pista;1;;;;;;;;;;0;1;;;
20/08/2019;21:54:00;283;com vítima;674,25;BR-116/BA;Norte;Colisão Frontal;;;1;1;;;;;;;1;;;1;
21/08/2019;09:12:00;94;com vítima;542,8;BR-324/BA;Oeste;Saida de Pista;;;1;;;;;;;;1;;;1;
21/08/2019;16:57:00;204;sem vítima;435;BR-116/BA;Sul;Saida de Pista;;;1;;;;;;;;1;;;;
21/08/2019;18:30:00;223;sem vítima;27;BR-116/BA - Cont VC;Norte;Atropelamento de Animal;1;;;;;;;;;;1;;;;
22/08/2019;00:04:00;1;com vítima;665,2;BR-116/BA;Norte;Saida de Pista;1;;;;;;;;;;0;;1;;
22/08/2019;00:22:00;4;sem vítima;575,4;BR-324/BA;Oeste;Atropelamento de Animal;1;;;;;;;;;;1;;;;
22/08/2019;00:29:00;5;sem vítima;575,35;BR-324/BA;Oeste;Atropelamento de Animal;;;1;;;;;;;;1;;;;
22/08/2019;01:36:00;14;com vítima;709,2;BR-116/BA;Sul;Colisão Traseira;;;1;;;;;;;1;1;1;;;
22/08/2019;06:53:00;40;com vítima;739;BR-116/BA;Norte;Colisão Lateral;1;;1;;;;;;;;1;2;;;
22/08/2019;07:05:00;43;sem vítima;817,9;BR-116/BA;Norte;Colisão Transversal;1;;;;1;;;;;;2;;;;
22/08/2019;13:04:00;133;sem vítima;586,6;BR-116/BA;Sul;Saida de Pista;;;1;;;;;;;;1;;;;
23/08/2019;06:51:00;39;sem vítima;616;BR-324/BA;Oeste;Colisão Traseira;1;;;;;1;;;;;2;;;;
23/08/2019;09:09:00;87;sem vítima;619;BR-324/BA;Leste;Colisão Traseira;2;;;;;;;;;;4;;;;
23/08/2019;17:18:00;198;com vítima;572;BR-324/BA;Oeste;Saida de Pista;1;;;;;;;;;;0;1;2;;
23/08/2019;18:33:00;217;sem vítima;612;BR-324/BA;Oeste;Colisão Lateral;1;;1;;;;;;;;5;;;;
23/08/2019;20:41:00;249;com vítima;661,5;BR-116/BA;Sul;Saida de Pista;;;1;;;;;;;;0;;1;;
24/08/2019;05:47:00;17;sem vítima;853,6;BR-116/BA;Norte;Saida de Pista;;;1;;;;;;;;2;;;;
24/08/2019;11:10:00;71;com vítima;594,2;BR-116/BA;Norte;Colisão Frontal;;;2;;;;;;;;1;;;;1
24/08/2019;11:29:00;75;sem vítima;475;BR-116/BA;Sul;Colisão Traseira;;;2;;;;;;;;2;;;;
24/08/2019;17:45:00;128;sem vítima;551;BR-324/BA;Leste;Colisão Traseira;1;;1;;;;;;;;5;;;;
24/08/2019;19:04:00;138;sem vítima;551;BR-324/BA;Oeste;Colisão Traseira;1;;1;;;;;;;;2;;;;
24/08/2019;23:14:00;167;com vítima;558;BR-116/BA;Sul;Saida de Pista;;;;1;;;;;;;0;1;;;
25/08/2019;00:49:00;6;sem vítima;619;BR-324/BA;Leste;Colisão Traseira;2;;;;;;;;;;3;;;;
25/08/2019;05:14:00;16;sem vítima;927;BR-116/BA;Sul;Colisão Lateral;;;1;;1;;;;;;4;;;;
25/08/2019;07:27:00;33;sem vítima;597,3;BR-116/BA;Norte;Saida de Pista;;;1;;;;;;;;1;;;;
25/08/2019;09:46:00;58;sem vítima;622,7;BR-324/BA;Leste;Engavetamento;3;;;;;;;;;;4;;;;
25/08/2019;16:30:00;127;sem vítima;560,1;BR-324/BA;Oeste;Engavetamento;2;;;;;1;;;;;4;;;;
25/08/2019;16:47:00;131;com vítima;562;BR-324/BA;Leste;Colisão Transversal;1;;;;1;;;;;;51;;1;;
25/08/2019;18:31:00;153;sem vítima;518,3;BR-116/BA;Sul;Atropelamento de Animal;;;1;;;;;;;;1;;;;
25/08/2019;23:06:00;196;com vítima;2;BA-526;Norte;Queda de Moto;;;;1;;;;;;;0;;;1;
26/08/2019;04:27:00;20;com vítima;568,8;BR-324/BA;Leste;Capotamento;1;;;;;;;;;;3;2;;;
26/08/2019;06:42:00;34;sem vítima;8;BA-526;Norte;Colisão Traseira;1;;;;;1;;;;;5;;;;
26/08/2019;07:02:00;46;sem vítima;7;BR-116/BA - ContSuFS;Sul;Tombamento;;;1;;;;;;;;1;;;;
26/08/2019;07:41:00;58;sem vítima;529,9;BR-324/BA;Oeste;Saida de Pista;1;;;;;;;;;;2;;;;
26/08/2019;09:44:00;104;com vítima;696,2;BR-116/BA;Norte;Saida de Pista;1;;;;;;;;;;0;1;;;
26/08/2019;11:20:00;124;com vítima;529;BR-116/BA;Norte;Colisão Traseira;1;;1;;;;;;;;2;1;;;
26/08/2019;14:56:00;159;sem vítima;599;BR-324/BA;Oeste;Colisão Traseira;1;;1;;;;;;;;2;;;;
26/08/2019;15:51:00;182;sem vítima;520;BR-324/BA;Oeste;Colisão Traseira;;;1;;;;;;;1;2;;;;
26/08/2019;16:21:00;195;com vítima;589;BR-324/BA;Leste;Colisão Lateral;1;;;;1;;;;;;36;1;;;
26/08/2019;22:05:00;266;com vítima;612,5;BR-324/BA;Oeste;Colisão Traseira;;;;1;;1;;;;;1;;1;;
27/08/2019;14:12:00;152;sem vítima;599,6;BR-324/BA;Oeste;Colisão Traseira;1;;;;;1;;;;;2;;;;
27/08/2019;16:03:00;173;sem vítima;623,2;BR-324/BA;Oeste;Colisão Traseira;;;;1;;1;;;;;2;;;;
27/08/2019;18:33:00;210;sem vítima;674,5;BR-116/BA;Norte;Colisão Transversal;1;;;;;;;;;1;2;;;;
27/08/2019;22:53:00;245;sem vítima;849;BR-116/BA;Sul;Colisão Traseira;1;;1;;;;;;;;2;;;;
28/08/2019;08:11:00;47;sem vítima;459;BR-116/BA;Sul;Engavetamento;1;;2;;;;;;;;4;;;;
28/08/2019;12:10:00;116;com vítima;541;BR-324/BA;Oeste;Colisão Traseira;1;;;;;;;;;1;8;2;;;
28/08/2019;12:56:00;126;sem vítima;547;BR-324/BA;Oeste;Saida de Pista;1;;;;;;;;;;1;;;;
28/08/2019;16:11:00;167;sem vítima;623;BR-324/BA;Oeste;Colisão Traseira;1;;;;1;;;;;;24;;;;
28/08/2019;16:44:00;170;sem vítima;560;BR-324/BA;Oeste;Saida de Pista;1;;;;;;;;;;1;;;;
28/08/2019;17:15:00;180;sem vítima;526;BR-324/BA;Leste;Colisão Traseira;2;;;;;;;;;;3;;;;
29/08/2019;11:24:00;107;sem vítima;562;BR-324/BA;Leste;Saida de Pista;1;;;;;;;;;;1;;;;
29/08/2019;14:23:00;141;sem vítima;537,05;BR-324/BA;Oeste;Saida de Pista;3;;;;;;;;;;5;;;;
29/08/2019;16:13:00;169;sem vítima;16;BR-116/BA - Cont VC;Sul;Colisão Transversal;;;1;;;;;;;1;3;;;;
29/08/2019;16:35:00;173;sem vítima;583;BR-324/BA;Leste;Choque Contra Objeto Fixo;1;;;;;;;;;;1;;;;
29/08/2019;19:30:00;214;sem vítima;3;BR-116/BA - Cont VC;Norte;Atropelamento de Animal;;;;;;;;;;1;1;;;;
29/08/2019;22:43:00;247;sem vítima;523;BR-324/BA;Oeste;Colisão Traseira;;;2;;;;;;;;2;;;;
30/08/2019;07:29:00;35;sem vítima;827;BR-116/BA;Sul;Colisão Traseira;2;;;;;1;;;;;4;;;;
30/08/2019;09:58:00;81;sem vítima;519;BR-324/BA;Leste;Choque Contra Objeto Fixo;1;;;;;;;;;;1;;;;
30/08/2019;10:30:00;91;sem vítima;519;BR-324/BA;Leste;Colisão Traseira;;;2;;;;;;;;4;;;;
30/08/2019;14:21:00;139;sem vítima;565;BR-324/BA;Oeste;Saida de Pista;1;;;;;;;;;;1;;;;
30/08/2019;15:49:00;160;sem vítima;9,2;BA-526;Norte;Colisão Traseira;1;;1;;;;;;;;2;;;;
30/08/2019;16:16:00;174;com vítima;565,2;BR-324/BA;Oeste;Saida de Pista;1;;;;;;;;;;0;;1;;
30/08/2019;17:21:00;189;sem vítima;607;BR-324/BA;Leste;Colisão Traseira;1;;;;;1;;;;;4;;;;
30/08/2019;18:01:00;202;sem vítima;608,3;BR-324/BA;Oeste;Engavetamento;4;;;;;;;;;;6;;;;
30/08/2019;18:39:00;210;sem vítima;522;BR-324/BA;Oeste;Engavetamento;1;;1;;;1;;;;;7;;;;
31/08/2019;04:02:00;26;sem vítima;575;BR-324/BA;Leste;Saida de Pista;;;1;;;;;;;;1;;;;
31/08/2019;04:52:00;29;com vítima;27;BR-116/BA - Cont VC;Sul;Atropelamento de Animal;;;;1;;;;;;;0;1;;;
31/08/2019;04:59:00;31;sem vítima;593;BR-324/BA;Leste;Saida de Pista;1;;;;;;;;;;1;;;;
31/08/2019;07:31:00;53;sem vítima;787,9;BR-116/BA;Sul;Colisão Traseira;2;;;;;;;;;;5;;;;
31/08/2019;08:34:00;67;com vítima;819;BR-116/BA;Sul;Sequência;2;;;1;;;;;;;3;1;;;1
31/08/2019;10:11:00;87;sem vítima;626;BR-324/BA;Oeste;Colisão Lateral;1;;;;;;;;;1;2;;;;
31/08/2019;12:29:00;110;com vítima;669;BR-116/BA;Norte;Colisão Lateral;1;;;1;;;;;;;2;1;;;
31/08/2019;14:05:00;129;sem vítima;873;BR-116/BA;Sul;Colisão Traseira;;;2;;;;;;;;2;;;;
31/08/2019;16:42:00;163;com vítima;437;BR-116/BA;Norte;Atropelamento de Animal;;;;1;;;;;;;0;1;;;
31/08/2019;18:23:00;181;sem vítima;578,3;BR-324/BA;Leste;Saida de Pista;;;;;;;;;;1;1;;;;
01/06/2019;01:18:00;2;sem vítima;479,5;BR-116/BA;Sul;Colisão Traseira;1;;1;;;;;;;;5;;;;
01/06/2019;08:52:00;65;sem vítima;888;BR-116/BA;Sul;Saida de Pista;;;1;;;;;;;;1;;;;
01/06/2019;08:56:00;68;sem vítima;612,15;BR-324/BA;Oeste;Engavetamento;3;;;;;1;;;;;9;;;;
01/06/2019;11:34:00;114;sem vítima;426,5;BR-116/BA;Norte;Tombamento;;;1;;;;;;;;3;;;;
01/06/2019;19:21:00;201;com vítima;626;BR-324/BA;Leste;Atropelamento de Pedestre;;;;;1;;;;;;1;;;1;
01/06/2019;19:46:00;204;com vítima;696;BR-116/BA;Sul;Saida de Pista;;;1;;;;;;;;0;;;1;
01/06/2019;21:35:00;219;com vítima;524;BR-324/BA;Oeste;Queda de Moto;;;;1;;;;;;;0;1;;;
01/06/2019;22:29:00;224;com vítima;530;BR-324/BA;Oeste;Atropelamento de Pedestre;1;;;;;;;;;;1;;;;1
01/06/2019;22:44:00;226;sem vítima;469,5;BR-116/BA;Sul;Capotamento;1;;;;;;;;;;1;;;;
02/06/2019;01:38:00;9;com vítima;525;BR-116/BA;Sul;Saida de Pista;;;1;;;;;;;;0;;1;;
02/06/2019;03:35:00;16;com vítima;748;BR-116/BA;Norte;Queda de Moto;;;;1;;;;;;;0;1;;;
02/06/2019;16:12:00;156;com vítima;902;BR-116/BA;Sul;Colisão Traseira;;;2;;;;;;;;2;1;;;
02/06/2019;16:33:00;161;sem vítima;491;BR-116/BA;Sul;Saida de Pista;;;;;;1;;;;1;3;;;;
02/06/2019;16:37:00;162;sem vítima;687,4;BR-116/BA;Norte;Colisão Traseira;;;2;;;;;;;;2;;;;
02/06/2019;17:28:00;172;com vítima;485;BR-116/BA;Sul;Queda de Moto;;;;1;;;;;;;0;2;;;
02/06/2019;18:17:00;185;sem vítima;526,5;BR-116/BA;Sul;Colisão Lateral;2;;;;;;;;;;4;;;;
02/06/2019;19:31:00;198;com vítima;25,8;BR-116/BA - Cont VC;Norte;Colisão Traseira;;;;2;;;;;;;2;1;;;
02/06/2019;21:47:00;223;sem vítima;612,1;BR-324/BA;Leste;Saida de Pista;1;;;;;1;;;;;2;;;;
02/06/2019;22:29:00;232;com vítima;626;BR-324/BA;Leste;Queda de Moto;;;;1;;;;;;;0;;;1;
02/06/2019;23:39:00;239;sem vítima;617,8;BR-324/BA;Oeste;Saida de Pista;;;;;1;;;;;;2;;;;
03/06/2019;07:17:00;41;com vítima;518;BR-324/BA;Oeste;Engavetamento;;;2;1;;;;;;;2;1;;;
03/06/2019;07:29:00;46;sem vítima;613;BR-324/BA;Leste;Engavetamento;4;;;;;;;;;;4;;;;
03/06/2019;07:32:00;47;sem vítima;830,1;BR-116/BA;Sul;Colisão Transversal;1;;1;;;;;;;;2;;;;
03/06/2019;07:52:00;52;sem vítima;609;BR-324/BA;Oeste;Colisão Traseira;1;;;;;1;;;;;2;;;;
03/06/2019;08:28:00;65;com vítima;673,1;BR-116/BA;Norte;Colisão Transversal;;;;1;;;;;;1;1;2;;;
03/06/2019;08:50:00;69;com vítima;613,1;BR-324/BA;Leste;Engavetamento;2;;;;;1;;;;;3;;1;;
03/06/2019;09:44:00;83;com vítima;16,2;BR-116/BA - Cont VC;Norte;Colisão Transversal;2;;;;;;;;;;4;1;1;;
03/06/2019;09:49:00;85;sem vítima;613;BR-324/BA;Oeste;Colisão Traseira;1;;;;;1;;;;;2;;;;
03/06/2019;23:26:00;248;sem vítima;570,6;BR-324/BA;Leste;Saida de Pista;1;;;;;;;;;;1;;;;
04/06/2019;07:20:00;39;sem vítima;554,8;BR-116/BA;Norte;Saida de Pista;1;;;;;;;;;;2;;;;
04/06/2019;08:00:00;59;sem vítima;619,7;BR-324/BA;Leste;Colisão Traseira;1;;;1;;;;;;;4;;;;
04/06/2019;19:08:00;195;sem vítima;561,3;BR-324/BA;Leste;Colisão Traseira;2;;;;;;;;;;2;;;;
04/06/2019;20:28:00;204;com vítima;576,5;BR-116/BA;Sul;Saida de Pista;1;;;;;;;;;;0;1;;;
05/06/2019;06:29:00;30;sem vítima;622,7;BR-324/BA;Leste;Engavetamento;3;;1;1;;;;;;;8;;;;
05/06/2019;16:34:00;166;sem vítima;922,9;BR-116/BA;Norte;Colisão Lateral;;;1;;;;;;;;1;;;;
05/06/2019;17:25:00;179;sem vítima;564;BR-324/BA;Oeste;Saida de Pista;1;;;;;;;;;;1;;;;
05/06/2019;17:47:00;183;sem vítima;623;BR-324/BA;Oeste;Colisão Traseira;2;;;;;;;;;;6;;;;
05/06/2019;17:51:00;185;sem vítima;451;BR-116/BA;Norte;Tombamento;;;1;;;;;;;;1;;;;
05/06/2019;21:32:00;218;com vítima;669;BR-116/BA;Norte;Atropelamento de Animal;;;;;;;;;;1;2;1;;;
05/06/2019;22:35:00;225;sem vítima;618,05;BR-324/BA;Oeste;Choque - Defensa, barreira ou "submarino";;;;;;;;;;1;2;;;;
05/06/2019;23:00:00;228;sem vítima;618,05;BR-324/BA;Oeste;Colisão Traseira;2;;;;;;;;;;2;;;;
06/06/2019;02:03:00;4;sem vítima;540;BR-116/BA;Sul;Saida de Pista;1;;;;;;;;;;3;;;;
06/06/2019;05:42:00;12;sem vítima;771;BR-116/BA;Norte;Saida de Pista;;;1;;;;;;;;1;;;;
06/06/2019;08:29:00;45;com vítima;621,5;BR-324/BA;Leste;Sequência;;;;1;;;;;;;0;1;;;
06/06/2019;08:35:00;48;sem vítima;611,3;BR-324/BA;Oeste;Colisão Traseira;;;2;;;;;;;;3;;;;
06/06/2019;09:23:00;62;sem vítima;432,9;BR-116/BA;Sul;Saida de Pista;1;;;;;;;;;;1;;;;
06/06/2019;09:46:00;72;sem vítima;442;BR-116/BA;Sul;Outros;1;;;;;;;;;;1;;;;
06/06/2019;09:56:00;74;sem vítima;439,9;BR-116/BA;Sul;Saida de Pista;1;;;;;;;;;;2;;;;
06/06/2019;10:04:00;77;sem vítima;440;BR-116/BA;Sul;Saida de Pista;1;;;;;;;;;;2;;;;
06/06/2019;11:15:00;91;sem vítima;441;BR-116/BA;Sul;Saida de Pista;1;;;;;;;;;;1;;;;
06/06/2019;11:56:00;101;sem vítima;819,3;BR-116/BA;Norte;Colisão Traseira;;;;1;;1;;;;;2;;;;
06/06/2019;14:50:00;137;sem vítima;827,1;BR-116/BA;Norte;Colisão Transversal;2;;;;;;;;;;3;;;;
06/06/2019;15:17:00;145;sem vítima;438;BR-116/BA;Sul;Colisão Lateral;2;;;;;;;;;;6;;;;
06/06/2019;16:21:00;158;com vítima;819;BR-116/BA;Sul;Atropelamento - Ciclista;;1;;1;;;;;;;0;2;;;
06/06/2019;18:57:00;188;sem vítima;537;BR-324/BA;Oeste;Saida de Pista;1;;;;;;;;;;1;;;;
06/06/2019;20:14:00;198;sem vítima;465;BR-116/BA;Norte;Colisão Lateral;;;;;1;;;;;1;33;;;;
07/06/2019;04:53:00;21;sem vítima;576;BR-324/BA;Leste;Colisão Lateral;;;1;;1;;;;;;9;;;;
07/06/2019;06:08:00;25;sem vítima;803;BR-116/BA;Norte;Saida de Pista;;;1;;;;;;;1;4;;;;
07/06/2019;12:35:00;120;sem vítima;739;BR-116/BA;Sul;Saida de Pista;;;1;;;1;;;;;2;;;;
07/06/2019;17:51:00;189;com vítima;516,3;BR-116/BA;Sul;Queda de Moto;;;;1;;;;;;;0;1;1;;
07/06/2019;18:35:00;195;sem vítima;759;BR-116/BA;Sul;Colisão Traseira;;;;;1;1;;;;;31;;;;
07/06/2019;23:33:00;230;com vítima;588,2;BR-116/BA;Norte;Saida de Pista;;;;;;;;;;1;13;;1;;
08/06/2019;05:02:00;11;sem vítima;427,1;BR-116/BA;Norte;Saida de Pista;1;;;;;;;;;;2;;;;
08/06/2019;07:11:00;22;sem vítima;837,5;BR-116/BA;Sul;Saida de Pista;;;1;;;;;;;;1;;;;
08/06/2019;12:35:00;106;sem vítima;729,3;BR-116/BA;Sul;Colisão Traseira;;;2;;;;;;;;2;;;;
08/06/2019;14:44:00;140;com vítima;15;BR-116/BA - Cont VC;Sul;Colisão Transversal;2;;;;;;;;;;1;4;;;
08/06/2019;17:33:00;177;sem vítima;613,3;BR-324/BA;Leste;Queda de Moto;;;;1;;;;;;;2;;;;
08/06/2019;18:35:00;188;sem vítima;570,3;BR-324/BA;Oeste;Saida de Pista;1;;;;;;;;;;5;;;;
08/06/2019;19:22:00;197;com vítima;524,2;BR-324/BA;Oeste;Sequência;1;;;;;;;;;;1;1;;;
08/06/2019;20:45:00;207;com vítima;537;BR-324/BA;Oeste;Saida de Pista;;;;1;;;;;;;0;;;1;1
08/06/2019;22:20:00;220;sem vítima;615,7;BR-324/BA;Oeste;Colisão Traseira;1;;;;;1;;;;;2;;;;
09/06/2019;04:04:00;13;sem vítima;537;BR-324/BA;Oeste;Saida de Pista;1;;;;;;;;;;1;;;;
09/06/2019;06:15:00;26;sem vítima;554;BR-324/BA;Oeste;Sequência;;;;;;1;;;;;2;;;;
09/06/2019;07:16:00;37;com vítima;776;BR-116/BA;Sul;Saida de Pista;;;;1;;;;;;;0;1;1;;
09/06/2019;08:00:00;44;sem vítima;854,4;BR-116/BA;Sul;Colisão Traseira;1;;;;;;;;;1;5;;;;
09/06/2019;08:56:00;51;sem vítima;615;BR-116/BA;Sul;Colisão Traseira;;;1;;;1;;;;;2;;;;
09/06/2019;10:54:00;73;sem vítima;441;BR-116/BA;Sul;Saida de Pista;1;;;;;;;;;;1;;;;
10/06/2019;03:39:00;13;sem vítima;619;BR-324/BA;Oeste;Saida de Pista;1;;;;;;;;;;1;;;;
10/06/2019;06:09:00;23;sem vítima;588;BR-324/BA;Leste;Engavetamento;2;;;;;4;;;;;6;;;;
10/06/2019;06:44:00;34;sem vítima;585,9;BR-324/BA;Oeste;Saida de Pista;1;;;;;;;;;;1;;;;
10/06/2019;07:21:00;49;sem vítima;439;BR-116/BA;Sul;Choque Contra Objeto Fixo;1;;;;;;;;;;1;;;;
10/06/2019;08:27:00;65;com vítima;1;BR-116/BA - ContSuFS;Norte;Choque Contra Objeto Fixo;;;1;1;;;;;;;3;;1;;
10/06/2019;10:01:00;94;sem vítima;582,25;BR-324/BA;Oeste;Saida de Pista;;;;;;;;;;1;2;;;;
10/06/2019;13:32:00;140;sem vítima;441,9;BR-116/BA;Sul;Saida de Pista;1;;;;;;;;;;1;;;;
10/06/2019;20:30:00;240;sem vítima;530;BR-116/BA;Sul;Saida de Pista;1;;;;;;;;;;3;;;;
11/06/2019;00:09:00;2;sem vítima;614;BR-324/BA;Oeste;Choque Contra Objeto Fixo;;;1;;1;;;;;;3;;;;
11/06/2019;07:40:00;48;sem vítima;617,5;BR-324/BA;Leste;Engavetamento;;;;;;4;;;;1;5;;;;