data;horario;n_da_ocorrencia;tipo_de_ocorrencia;km;trecho;sentido;tipo_de_acidente;automovel;bicicleta;caminhao;moto;onibus;outros;tracao_animal;transporte_de_cargas_especiais;trator_maquinas;utilitarios;ilesos;levemente_feridos;moderadamente_feridos;gravemente_feridos;mortos
07/05/2019;18:45:00;169;sem vítima;530;BR-324/BA;Oeste;Colisão Lateral;2;;;;;;;;;;3;;;;
07/05/2019;18:46:00;170;com vítima;615;BR-324/BA;Leste;Queda de Moto;;;;1;;;;;;;0;1;;;
08/05/2019;00:03:00;1;com vítima;466,2;BR-116/BA;Sul;Saida de Pista;;;;;1;;;;;;19;6;1;;
08/05/2019;03:55:00;15;sem vítima;675,4;BR-116/BA;Norte;Atropelamento de Animal;;;1;;;;;;;;1;;;;
08/05/2019;08:59:00;79;com vítima;817,9;BR-116/BA;Sul;Colisão Transversal;;;;1;;;;;;1;2;1;;;
08/05/2019;11:07:00;112;sem vítima;448,5;BR-116/BA;Norte;Colisão Traseira;;;;;;1;;;;1;2;;;;
08/05/2019;11:38:00;119;sem vítima;602;BR-324/BA;Oeste;Saida de Pista;1;;;;;;;;;;1;;;;
08/05/2019;20:30:00;205;sem vítima;800,5;BR-116/BA;Sul;Saida de Pista;;;;;;;;;;1;1;;;;
09/05/2019;00:55:00;6;sem vítima;2;BR-116/BA - ContSuFS;Norte;Saida de Pista;1;;;;;;;;;;1;;;;
09/05/2019;07:28:00;46;sem vítima;526;BR-324/BA;Oeste;Colisão Lateral;1;;1;;;1;;;;1;11;;;;
09/05/2019;08:20:00;63;com vítima;594,4;BR-116/BA;Norte;Atropelamento de Pedestre;;;;1;;;;;;;1;1;;;
09/05/2019;09:03:00;71;sem vítima;620;BR-324/BA;Leste;Engavetamento;3;;;;;1;;;;;4;;;;
09/05/2019;11:02:00;96;sem vítima;567;BR-116/BA;Sul;Colisão Transversal;2;;;;;;;;;;2;;;;
09/05/2019;11:45:00;108;sem vítima;586;BR-324/BA;Leste;Saida de Pista;;;;;;;;;;1;1;;;;
09/05/2019;11:55:00;110;sem vítima;619;BR-324/BA;Oeste;Colisão Traseira;1;;1;;;;;;;;2;;;;
09/05/2019;13:11:00;129;sem vítima;565,3;BR-324/BA;Leste;Saida de Pista;;;1;;;;;;;;1;;;;
09/05/2019;13:33:00;132;sem vítima;580,1;BR-324/BA;Oeste;Colisão Traseira;1;;;;;1;;;;;2;;;;
09/05/2019;13:55:00;137;sem vítima;592,05;BR-324/BA;Oeste;Saida de Pista;1;;;;;;;;;;1;;;;
10/05/2019;01:33:00;4;sem vítima;626,2;BR-324/BA;Leste;Choque Contra Objeto Fixo;;;;;;;;;;1;4;;;;
10/05/2019;04:15:00;11;com vítima;434,9;BR-116/BA;Sul;Saida de Pista;;;1;;;;;;;;0;;;1;
10/05/2019;08:02:00;42;sem vítima;614,4;BR-324/BA;Oeste;Engavetamento;5;;;;;;;;;;7;;;;
10/05/2019;08:20:00;45;sem vítima;613;BR-116/BA;Norte;Saida de Pista;1;;;;;;;;;;1;;;;
10/05/2019;08:46:00;55;sem vítima;615,2;BR-324/BA;Oeste;Colisão Traseira;1;;;;;1;;;;;2;;;;
10/05/2019;08:58:00;61;sem vítima;793;BR-116/BA;Norte;Colisão Traseira;1;;;;;;;;;1;4;;;;
10/05/2019;12:17:00;114;com vítima;612;BR-324/BA;Oeste;Engavetamento;1;;;;;1;;;;3;7;2;;;
10/05/2019;12:46:00;121;sem vítima;621,8;BR-324/BA;Oeste;Colisão Traseira;1;;;;1;;;;;;3;;;;
10/05/2019;16:54:00;179;sem vítima;579,1;BR-324/BA;Oeste;Engavetamento;3;;;;;1;;;;;10;;;;
10/05/2019;16:59:00;182;com vítima;578,8;BR-324/BA;Oeste;Colisão Traseira;1;;;1;;;;;;;5;;;1;
10/05/2019;18:17:00;199;sem vítima;459,3;BR-116/BA;Norte;Colisão Lateral;;;2;;;;;;;;2;;;;
10/05/2019;18:33:00;206;sem vítima;562;BR-324/BA;Oeste;Colisão Lateral;2;;;;;;;;;;3;;;;
10/05/2019;20:03:00;220;sem vítima;615,5;BR-324/BA;Leste;Colisão Traseira;1;;;;;1;;;;;2;;;;
10/05/2019;22:05:00;235;sem vítima;572;BR-324/BA;Leste;Saida de Pista;1;;;;;;;;;;1;;;;
11/05/2019;02:05:00;12;sem vítima;564,3;BR-324/BA;Oeste;Saida de Pista;;;1;;;;;;;;1;;;;
11/05/2019;05:59:00;26;com vítima;438,9;BR-116/BA;Sul;Choque Contra Objeto Fixo;1;;;;;;;;;;1;1;;;
11/05/2019;06:37:00;32;com vítima;546;BR-324/BA;Oeste;Saida de Pista;;;;;;;;;;1;1;2;;;
11/05/2019;06:42:00;34;sem vítima;598;BR-324/BA;Leste;Saida de Pista;1;;;;;;;;;;1;;;;
11/05/2019;07:53:00;52;sem vítima;546,2;BR-324/BA;Leste;Colisão Traseira;1;;;;;;;;;1;20;;;;
11/05/2019;08:12:00;56;sem vítima;548;BR-324/BA;Oeste;Colisão Traseira;2;;;;;;;;;;6;;;;
11/05/2019;09:56:00;79;com vítima;870,9;BR-116/BA;Norte;Colisão Frontal;1;;1;;;;;;;;2;;;;1
11/05/2019;12:19:00;115;sem vítima;3,05;BA-526;Sul;Sequência;1;;2;;;;;;;;4;;;;
11/05/2019;14:03:00;140;sem vítima;547;BR-116/BA;Sul;Colisão Traseira;;;2;;;;;;;;2;;;;
11/05/2019;16:35:00;181;sem vítima;547,3;BR-324/BA;Oeste;Saida de Pista;1;;;;;;;;;;3;;;;
11/05/2019;17:33:00;195;com vítima;746;BR-116/BA;Sul;Queda de Moto;;;;1;;;;;;;0;1;;;
11/05/2019;22:22:00;234;com vítima;538,5;BR-324/BA;Oeste;Saida de Pista;;;1;;;;;;;;0;1;;;
12/05/2019;00:51:00;4;sem vítima;745,5;BR-116/BA;Sul;Colisão Lateral;1;;1;;;;;;;;2;;;;
12/05/2019;12:05:00;69;com vítima;544,4;BR-324/BA;Oeste;Atropelamento de Animal;;;;;;;;;;1;0;1;;;
12/05/2019;13:58:00;79;com vítima;927;BR-116/BA;Sul;Saida de Pista;;;1;;;;;;;1;1;3;2;;
12/05/2019;18:44:00;143;sem vítima;615;BR-324/BA;Leste;Engavetamento;2;;;;;;;;;1;8;;;;
12/05/2019;18:49:00;144;sem vítima;483;BR-116/BA;Norte;Choque Contra Objeto Fixo;;;1;;1;;;;;;24;;;;
12/05/2019;20:19:00;161;sem vítima;0;BR-116/BA - ContSuFS;Norte;Tombamento;;;1;;;;;;;;1;;;;
12/05/2019;21:33:00;172;sem vítima;611,9;BR-324/BA;Leste;Saida de Pista;;;;;;;;;;1;1;;;;
13/05/2019;05:25:00;25;sem vítima;741;BR-116/BA;Sul;Colisão Lateral;1;;;;;;;;;1;2;;;;
13/05/2019;06:53:00;49;sem vítima;542,4;BR-116/BA;Norte;Colisão Lateral;1;;1;;;;;;;;2;;;;
13/05/2019;07:04:00;59;sem vítima;612,4;BR-324/BA;Leste;Colisão Lateral;1;;;;;1;;;;;6;;;;
13/05/2019;07:09:00;62;sem vítima;613,6;BR-324/BA;Leste;Engavetamento;3;;;;;;;;;;10;;;;
13/05/2019;07:27:00;71;sem vítima;610;BR-324/BA;Leste;Colisão Traseira;2;;;;;;;;;;6;;;;
13/05/2019;08:02:00;87;com vítima;916;BR-116/BA;Sul;Saida de Pista;;;1;;;;;;;;0;1;;;
13/05/2019;09:33:00;115;sem vítima;615,5;BR-324/BA;Leste;Colisão Traseira;2;;;;;;;;;;2;;;;
13/05/2019;12:40:00;150;sem vítima;543,2;BR-324/BA;Oeste;Colisão Transversal;2;;;;;;;;;;3;;;;
13/05/2019;13:10:00;155;com vítima;583,1;BR-116/BA;Sul;Capotamento;1;;;;;;;;;;0;;1;;
13/05/2019;18:22:00;226;com vítima;578,9;BR-324/BA;Oeste;Colisão Lateral;1;;1;;;;;;;;2;2;;;
13/05/2019;20:06:00;249;sem vítima;912;BR-116/BA;Norte;Atropelamento de Animal;;;1;;;;;;;;1;;;;
13/05/2019;21:54:00;272;sem vítima;896;BR-116/BA;Sul;Colisão Traseira;1;;1;;;;;;;;3;;;;
14/05/2019;06:40:00;30;sem vítima;571,7;BR-324/BA;Oeste;Queda de Moto;;;;1;;;;;;;2;;;;
14/05/2019;10:56:00;106;com vítima;614;BR-324/BA;Oeste;Colisão Traseira;1;;;1;;;;;;;1;1;;;
14/05/2019;14:07:00;153;sem vítima;549,2;BR-116/BA;Sul;Saida de Pista;1;;;;;;;;;;1;;;;
14/05/2019;15:09:00;166;com vítima;604,3;BR-116/BA;Sul;Colisão Traseira;;;2;;;;;;;;1;;1;;
14/05/2019;15:28:00;173;com vítima;615,1;BR-116/BA;Sul;Colisão Lateral;1;;;;;1;;;;;3;1;;;
14/05/2019;19:41:00;197;sem vítima;0,3;BR-116/BA - Cont VC;Norte;Colisão Transversal;;;;;;1;;;;1;2;;;;
14/05/2019;22:20:00;212;sem vítima;498;BR-116/BA;Norte;Choque Contra Objeto Fixo;;;;;;;;;;1;3;;;;
15/05/2019;05:17:00;7;sem vítima;588,4;BR-324/BA;Oeste;Saida de Pista;1;;;;;;;;;;5;;;;
15/05/2019;09:49:00;71;sem vítima;623,1;BR-324/BA;Oeste;Sequência;3;;;;;;;;;;3;;;;
15/05/2019;12:46:00;106;com vítima;602;BR-324/BA;Oeste;Capotamento;1;;;;;;;;;;0;1;;;
15/05/2019;14:25:00;123;sem vítima;542,4;BR-324/BA;Oeste;Saida de Pista;;;1;;;;;;;;1;;;;
15/05/2019;18:20:00;183;sem vítima;601,75;BR-324/BA;Oeste;Saida de Pista;1;;;;;;;;;;1;;;;
16/05/2019;11:48:00;103;sem vítima;532;BR-324/BA;Leste;Colisão Lateral;1;;1;;;;;;;;3;;;;
16/05/2019;11:52:00;105;sem vítima;916;BR-116/BA;Sul;Saida de Pista;1;;;;;;;;;;1;;;;
16/05/2019;18:32:00;188;com vítima;495,5;BR-116/BA;Norte;Saida de Pista;1;;;;;;;;;;1;4;;;
16/05/2019;19:04:00;196;sem vítima;608;BR-324/BA;Oeste;Saida de Pista;1;;;;;;;;;;1;;;;
17/05/2019;06:09:00;15;sem vítima;618;BR-324/BA;Leste;Queda de Moto;;;;1;;;;;;;1;;;;
17/05/2019;06:21:00;17;com vítima;621,8;BR-324/BA;Leste;Queda de Moto;;;;1;;;;;;;1;1;;;
17/05/2019;14:46:00;136;com vítima;619;BR-324/BA;Oeste;Saida de Pista;;;1;;;;;;;;1;1;;;
17/05/2019;17:57:00;176;sem vítima;574;BR-324/BA;Leste;Colisão Lateral;1;;1;;;;;;;;2;;;;
18/05/2019;02:17:00;10;com vítima;8;BA-526;Norte;Saida de Pista;;;;;;;;;;1;0;1;;;
18/05/2019;06:52:00;29;sem vítima;861;BR-116/BA;Norte;Colisão Traseira;;;2;;;;;;;;2;;;;
18/05/2019;07:45:00;41;com vítima;831,6;BR-116/BA;Norte;Colisão Transversal;;;1;;;;;;;1;8;1;;;
18/05/2019;10:43:00;74;sem vítima;545;BR-324/BA;Leste;Colisão Lateral;1;;1;;;;;;;;2;;;;
18/05/2019;11:30:00;85;sem vítima;686;BR-116/BA;Norte;Colisão Traseira;;;2;;;;;;;;2;;;;
18/05/2019;13:38:00;100;sem vítima;833,2;BR-116/BA;Sul;Colisão Lateral;;;1;;;;;;;1;2;;;;
18/05/2019;14:05:00;104;com vítima;496;BR-116/BA;Norte;Queda de Moto;;;;1;;;;;;;0;;1;;
18/05/2019;15:46:00;118;sem vítima;541;BR-324/BA;Oeste;Colisão Traseira;1;;;;;;;;;1;5;;;;
19/05/2019;13:32:00;98;sem vítima;599;BR-324/BA;Leste;Colisão Lateral;;;;;1;;;;;1;2;;;;
19/05/2019;14:38:00;114;com vítima;615;BR-116/BA;Sul;Tombamento;;;1;;;;;;;1;1;1;;;
19/05/2019;21:16:00;211;sem vítima;693;BR-116/BA;Norte;Colisão Lateral;1;;1;;;;;;;;4;;;;
20/05/2019;01:13:00;7;com vítima;819,9;BR-116/BA;Sul;Queda de Moto;;;;1;;;;;;;0;;;;1
20/05/2019;13:37:00;110;com vítima;616,7;BR-324/BA;Leste;Colisão Traseira;;;;1;;1;;;;;2;;1;;
20/05/2019;13:54:00;118;sem vítima;550;BR-324/BA;Oeste;Colisão Lateral;1;;1;;;;;;;;3;;;;
20/05/2019;16:33:00;159;com vítima;605;BR-324/BA;Oeste;Colisão Traseira;;;;1;;1;;;;;1;;;1;
20/05/2019;17:16:00;165;sem vítima;599;BR-324/BA;Leste;Colisão Traseira;1;;;;1;;;;;;3;;;;
20/05/2019;18:18:00;181;sem vítima;434,2;BR-116/BA;Sul;Atropelamento de Animal;2;;;;;;;;;;7;;;;
20/05/2019;18:59:00;193;com vítima;816;BR-116/BA;Sul;Colisão Lateral;;;1;1;;;;;;;1;;;;1
21/05/2019;06:43:00;39;com vítima;792;BR-116/BA;Sul;Queda de Moto;;;;1;;;;;;;0;1;;;
21/05/2019;08:26:00;68;sem vítima;617,4;BR-324/BA;Leste;Queda de Moto;;;;1;;;;;;;1;;;;
21/05/2019;09:19:00;79;sem vítima;623,5;BR-324/BA;Leste;Engavetamento;1;;;;;1;;;;1;5;;;;
21/05/2019;09:38:00;81;sem vítima;622;BR-324/BA;Oeste;Sequência;1;;;;;3;;;;1;5;;;;
21/05/2019;09:57:00;85;sem vítima;670;BR-116/BA;Sul;Saida de Pista;1;;;;;;;;;;1;;;;
21/05/2019;10:49:00;94;com vítima;503,4;BR-116/BA;Norte;Tombamento;;;3;;;;;;;;2;;1;;
21/05/2019;15:28:00;150;sem vítima;583,2;BR-324/BA;Leste;Saida de Pista;1;;;;;;;;;;1;;;;
21/05/2019;17:03:00;172;com vítima;585;BR-116/BA;Norte;Colisão Lateral;1;;1;;;;;;;;1;1;;;
21/05/2019;17:27:00;181;com vítima;9,8;BR-116/BA - Cont VC;Norte;Colisão Transversal;1;;;1;;;;;;;1;;1;;
21/05/2019;19:41:00;199;com vítima;607;BR-324/BA;Leste;Queda de Moto;;;;1;;;;;;;0;1;;;
22/05/2019;14:15:00;142;sem vítima;614,7;BR-116/BA;Sul;Colisão Lateral;;;1;;;;;;;1;2;;;;
23/05/2019;08:02:00;50;com vítima;596;BR-324/BA;Oeste;Saida de Pista;;;1;;;;;;;;0;;1;;
23/05/2019;10:09:00;79;com vítima;649,4;BR-116/BA;Norte;Engavetamento;;;2;;;;;;;1;13;4;;;
23/05/2019;12:57:00;110;sem vítima;4,8;BA-526;Sul;Colisão Lateral;1;;;;;1;;;;;2;;;;
23/05/2019;15:49:00;135;sem vítima;567;BR-116/BA;Sul;Colisão Transversal;1;;;;;1;;;;;2;;;;
23/05/2019;18:01:00;159;sem vítima;593,3;BR-324/BA;Leste;Colisão Lateral;1;;;;;1;;;;;2;;;;
23/05/2019;18:06:00;163;com vítima;591;BR-324/BA;Oeste;Queda de Moto;;;;1;;1;;;;;1;;;1;
24/05/2019;07:51:00;48;sem vítima;620;BR-324/BA;Leste;Engavetamento;1;;;;;2;;;;;3;;;;
24/05/2019;08:05:00;54;sem vítima;607;BR-324/BA;Oeste;Engavetamento;3;;;;;;;;;;3;;;;
24/05/2019;15:32:00;159;com vítima;896,5;BR-116/BA;Sul;Colisão Frontal;1;;;1;;;;;;;2;2;;;1
24/05/2019;19:01:00;215;sem vítima;3;BR-116/BA - ContSuFS;Norte;Engavetamento;2;;;;;1;;;;;4;;;;
24/05/2019;22:49:00;251;sem vítima;622;BR-324/BA;Oeste;Colisão Lateral;;;;1;;1;;;;;2;;;;
25/05/2019;00:03:00;2;com vítima;14,5;BR-116/BA - Cont VC;Norte;Atropelamento - Ciclista;;1;;;;;;;;;0;1;;;
25/05/2019;05:26:00;19;sem vítima;794;BR-116/BA;Norte;Sequência;1;;;;;;;;;;3;;;;
25/05/2019;11:42:00;98;sem vítima;623,5;BR-324/BA;Leste;Queda de Moto;;;;1;;;;;;;1;;;;
25/05/2019;22:20:00;232;com vítima;10,5;BR-116/BA - Cont VC;Norte;Colisão Transversal;;;;2;;;;;;;1;1;;;
25/05/2019;23:07:00;237;com vítima;620,5;BR-324/BA;Leste;Atropelamento de Pedestre;;;;;;1;;;;;1;;1;;
26/05/2019;02:35:00;10;com vítima;673,8;BR-116/BA;Norte;Queda de Moto;;;;1;;;;;;;0;;;1;
26/05/2019;10:35:00;59;sem vítima;765;BR-116/BA;Norte;Engavetamento;;;3;;;;;;;;3;;;;
26/05/2019;12:16:00;70;sem vítima;659,1;BR-116/BA;Norte;Colisão Lateral;1;;1;;;;;;;;3;;;;
26/05/2019;16:43:00;130;com vítima;495,05;BR-116/BA;Norte;Saida de Pista;;;;;;;;;;1;1;1;;1;
26/05/2019;17:50:00;150;sem vítima;623,5;BR-116/BA;Norte;Colisão Traseira;;;2;;;;;;;;3;;;;
27/05/2019;12:58:00;136;com vítima;599;BR-324/BA;Leste;Choque Contra Objeto Fixo;1;;;;;;;;;;2;1;;;
27/05/2019;16:44:00;203;sem vítima;445,5;BR-116/BA;Sul;Colisão Traseira;1;;1;;;;;;;;4;;;;
27/05/2019;18:01:00;230;sem vítima;608,1;BR-324/BA;Leste;Colisão Traseira;2;;;;;;;;;;2;;;;
27/05/2019;19:08:00;248;com vítima;929;BR-116/BA;Norte;Atropelamento - Ciclista;;1;;;;1;;;;;1;;1;;
27/05/2019;19:10:00;251;sem vítima;588;BR-324/BA;Oeste;Saida de Pista;1;;;;;;;;;;1;;;;
28/05/2019;00:05:00;2;com vítima;594,25;BR-116/BA;Sul;Colisão Traseira;1;;1;;;;;;;;1;;1;1;
28/05/2019;01:03:00;10;sem vítima;537;BR-324/BA;Oeste;Saida de Pista;;;;;;;;;;1;5;;;;
28/05/2019;06:40:00;31;sem vítima;575;BR-324/BA;Leste;Saida de Pista;;;1;;;;;;;;1;;;;
28/05/2019;07:21:00;41;sem vítima;626;BR-324/BA;Oeste;Colisão Traseira;2;;;;;;;;;;2;;;;
28/05/2019;08:12:00;62;com vítima;618;BR-324/BA;Leste;Colisão Lateral;2;;;1;;;;;;;4;2;;;
28/05/2019;08:26:00;67;sem vítima;530;BR-324/BA;Oeste;Saida de Pista;1;;;;;;;;;;1;;;;
28/05/2019;16:57:00;156;sem vítima;572,3;BR-116/BA;Sul;Saida de Pista;;;1;;;;;;;;1;;;;
28/05/2019;18:46:00;176;sem vítima;0;BR-116/BA - ContSuFS;Sul;Saida de Pista;;;;;;;;;;1;2;;;;
28/05/2019;19:36:00;186;com vítima;550;BR-324/BA;Leste;Colisão Traseira;;;;;1;;;;;1;25;;1;;
28/05/2019;21:17:00;200;com vítima;608;BR-324/BA;Leste;Colisão Frontal;1;;1;1;;;;;;;2;;;1;
29/05/2019;13:20:00;124;com vítima;614,7;BR-116/BA;Sul;Engavetamento;;;2;;;;;;;1;3;1;;;
29/05/2019;16:57:00;174;sem vítima;525,9;BR-324/BA;Oeste;Colisão Lateral;1;;;;;1;;;;;2;;;;
29/05/2019;23:23:00;254;sem vítima;585;BR-324/BA;Oeste;Saida de Pista;1;;;;;;;;;;1;;;;
30/05/2019;11:28:00;113;com vítima;865,5;BR-116/BA;Norte;Colisão Traseira;;;1;;1;;;;;;46;1;;;
30/05/2019;11:35:00;119;com vítima;433,4;BR-116/BA;Norte;Tombamento;;;1;;;;;;;;0;;1;;
30/05/2019;16:01:00;173;sem vítima;558;BR-324/BA;Oeste;Saida de Pista;;;;;;;;;;1;2;;;;
30/05/2019;16:13:00;176;sem vítima;694,8;BR-116/BA;Sul;Colisão Traseira;;;1;;;1;;;;;2;;;;
30/05/2019;16:41:00;180;com vítima;626;BR-324/BA;Oeste;Colisão Lateral;;;;1;;1;;;;;1;1;;;
30/05/2019;17:39:00;189;com vítima;462;BR-116/BA;Norte;Colisão Traseira;;;1;1;;;;;;;1;;;1;
30/05/2019;18:21:00;197;com vítima;557;BR-324/BA;Oeste;Queda de Moto;;;;1;;;;;;;0;2;;;
31/05/2019;02:47:00;13;sem vítima;583;BR-324/BA;Leste;Saida de Pista;;;1;;;;;;;;1;;;;
31/05/2019;04:23:00;17;sem vítima;616;BR-116/BA;Norte;Tombamento;;;1;;;;;;;;1;;;;
31/05/2019;08:10:00;72;sem vítima;618;BR-324/BA;Leste;Tombamento;;;1;;;;;;;;3;;;;
31/05/2019;11:42:00;132;sem vítima;523,8;BR-324/BA;Leste;Colisão Traseira;6;;;;;;;;;;8;;;;
31/05/2019;12:15:00;135;sem vítima;454;BR-116/BA;Sul;Colisão Traseira;1;;1;;;;;;;;3;;;;
31/05/2019;15:44:00;186;sem vítima;561,2;BR-324/BA;Oeste;Engavetamento;3;;;;;;;;;;7;;;;
31/05/2019;17:11:00;202;sem vítima;518;BR-324/BA;Oeste;Engavetamento;3;;;;;;;;;;3;;;;
31/05/2019;19:12:00;235;sem vítima;599;BR-324/BA;Leste;Colisão Traseira;2;;;;;;;;;;4;;;;
31/05/2019;23:19:00;263;sem vítima;614;BR-324/BA;Leste;Colisão Traseira;2;;;;;;;;;;3;;;;
01/04/2019;01:05:00;8;sem vítima;578;BR-324/BA;Leste;Saida de Pista;;;1;;;;;;;;1;;;;
01/04/2019;01:28:00;9;sem vítima;601;BR-324/BA;Leste;Choque Contra Objeto Fixo;1;;;;;;;;;;1;;;;
01/04/2019;06:37:00;45;sem vítima;548,3;BR-116/BA;Norte;Saida de Pista;1;;;;;;;;;;1;;;;
01/04/2019;06:44:00;46;sem vítima;537;BR-324/BA;Leste;Colisão Traseira;1;;;;;;;;;1;2;;;;
01/04/2019;06:52:00;50;sem vítima;590;BR-324/BA;Leste;Saida de Pista;1;;;;;;;;;;5;;;;
01/04/2019;07:04:00;54;sem vítima;547;BR-324/BA;Oeste;Colisão Lateral;1;;1;;;;;;;;2;;;;
01/04/2019;10:16:00;104;sem vítima;564;BR-324/BA;Oeste;Saida de Pista;;;1;;;;;;;;1;;;;
01/04/2019;10:30:00;110;sem vítima;552;BR-324/BA;Leste;Colisão Traseira;;;2;;;;;;;;2;;;;
01/04/2019;11:01:00;124;sem vítima;546,9;BR-324/BA;Oeste;Saida de Pista;1;;;;;;;;;;1;;;;
01/04/2019;17:39:00;225;sem vítima;609,4;BR-116/BA;Norte;Saida de Pista;1;;;;;;;;;;3;;;;
01/04/2019;17:42:00;226;com vítima;764,5;BR-116/BA;Sul;Engavetamento;;;2;;;;;;;1;2;1;;;
01/04/2019;18:24:00;240;com vítima;461;BR-116/BA;Norte;Colisão Traseira;;;1;1;;;;;;;2;;;;1
01/04/2019;23:26:00;283;sem vítima;622,4;BR-324/BA;Oeste;Colisão Lateral;1;;;;;;;;;1;2;;;;
02/04/2019;04:36:00;12;sem vítima;653,2;BR-116/BA;Norte;Saida de Pista;;;1;;;;;;;;1;;;;
02/04/2019;04:44:00;13;com vítima;606;BR-324/BA;Leste;Queda de Moto;;;;1;;;;;;;1;;1;;
02/04/2019;06:29:00;22;com vítima;830,9;BR-116/BA;Norte;Outros;;1;;;;;;;;;0;;1;;
02/04/2019;07:26:00;36;com vítima;821;BR-116/BA;Sul;Colisão Transversal;;;;1;;;;;;1;1;1;;;
02/04/2019;07:29:00;37;com vítima;620,9;BR-324/BA;Leste;Colisão Traseira;1;;;1;;;;;;;1;;1;;
02/04/2019;08:55:00;55;com vítima;623;BR-324/BA;Leste;Colisão Traseira;;;;1;;1;;;;;1;1;;;
02/04/2019;16:53:00;147;sem vítima;532,05;BR-116/BA;Sul;Colisão Traseira;2;;;;;;;;;;3;;;;
02/04/2019;19:58:00;187;com vítima;596;BR-324/BA;Leste;Atropelamento de Pedestre;;;1;;;;;;;;1;;;;1
03/04/2019;00:31:00;4;com vítima;464;BR-116/BA;Sul;Queda de Moto;;;;1;;;;;;;0;1;;;
03/04/2019;12:04:00;125;com vítima;564,1;BR-324/BA;Oeste;Saida de Pista;;;1;;;;;;;;1;2;;;
03/04/2019;13:33:00;141;sem vítima;582,2;BR-324/BA;Leste;Saida de Pista;1;;;;;;;;;;2;;;;
03/04/2019;15:06:00;158;com vítima;532,5;BR-324/BA;Oeste;Queda de Moto;;;;1;;;;;;;0;2;;;
04/04/2019;08:54:00;82;com vítima;617;BR-324/BA;Leste;Colisão Traseira;2;;;;;;;;;;1;1;;;
04/04/2019;08:58:00;85;sem vítima;555;BR-324/BA;Oeste;Saida de Pista;1;;;;;;;;;;1;;;;
04/04/2019;11:06:00;139;com vítima;920,6;BR-116/BA;Norte;Saida de Pista;1;;;;;;;;;;0;2;;;
04/04/2019;12:11:00;157;com vítima;565;BR-324/BA;Oeste;Tombamento;;;1;;;;;;;;0;1;;;
04/04/2019;12:57:00;166;com vítima;624;BR-324/BA;Oeste;Colisão Traseira;;;;1;;1;;;;;1;;1;;
04/04/2019;17:40:00;231;sem vítima;818;BR-116/BA;Norte;Colisão Frontal;1;1;1;;;;;;;;3;;;;
05/04/2019;02:12:00;16;com vítima;468;BR-116/BA;Sul;Saida de Pista;;;1;;;;;;;;0;;1;;
05/04/2019;08:53:00;79;sem vítima;616;BR-324/BA;Leste;Colisão Traseira;2;;;;;;;;;;2;;;;
05/04/2019;09:10:00;85;com vítima;620;BR-324/BA;Leste;Colisão Lateral;1;;;1;;;;;;;1;1;;;
05/04/2019;10:53:00;106;sem vítima;448;BR-116/BA;Norte;Colisão Traseira;2;;;;;;;;;;7;;;;
05/04/2019;11:32:00;123;sem vítima;439;BR-116/BA;Sul;Saida de Pista;1;;;;;;;;;;2;;;;
05/04/2019;11:52:00;133;sem vítima;607;BR-324/BA;Oeste;Engavetamento;3;;;;;;;;;;10;;;;
05/04/2019;11:58:00;134;sem vítima;736;BR-116/BA;Norte;Tombamento;;;1;;;;;;;;1;;;;
05/04/2019;16:11:00;190;sem vítima;555;BR-324/BA;Oeste;Saida de Pista;;;1;;;;;;;;1;;;;
05/04/2019;18:56:00;238;sem vítima;623,5;BR-324/BA;Oeste;Colisão Traseira;2;;;;;;;;;;6;;;;
05/04/2019;20:09:00;250;com vítima;813;BR-116/BA;Sul;Saida de Pista;;;;;;;;;;1;1;2;;;
06/04/2019;07:32:00;47;sem vítima;446,1;BR-116/BA;Norte;Colisão Traseira;1;;;;1;;;;;;36;;;;
06/04/2019;08:53:00;69;sem vítima;614;BR-324/BA;Oeste;Atropelamento de Animal;1;;;;;;;;;;1;;;;
06/04/2019;10:55:00;104;com vítima;619,9;BR-324/BA;Leste;Engavetamento;3;;;;;;;;;;3;2;1;;
06/04/2019;11:08:00;107;com vítima;18;BR-116/BA - Cont VC;Sul;Colisão Transversal;;;;2;;;;;;;2;1;;;
06/04/2019;11:17:00;108;com vítima;625;BR-324/BA;Leste;Colisão Traseira;1;;;1;;;;;;;1;1;;;
06/04/2019;11:18:00;109;com vítima;625;BR-324/BA;Leste;Colisão Lateral;;;;1;;;;;;1;2;1;;;
06/04/2019;16:11:00;167;com vítima;587,05;BR-116/BA;Norte;Colisão Traseira;;;2;;;;;;;;0;1;;;1
07/04/2019;10:12:00;68;sem vítima;633,3;BR-116/BA;Sul;Colisão Transversal;1;;1;;;;;;;;4;;;;
07/04/2019;13:56:00;106;sem vítima;801;BR-116/BA;Norte;Colisão Traseira;2;;;;;;;;;;3;;;;
07/04/2019;14:46:00;115;sem vítima;785;BR-116/BA;Sul;Choque Contra Objeto Fixo;1;;;;;;;;;;3;;;;
07/04/2019;18:09:00;155;sem vítima;781;BR-116/BA;Norte;Atropelamento de Animal;1;;;;;;;;;;1;;;;
07/04/2019;19:09:00;164;sem vítima;11;BR-116/BA - Cont VC;Norte;Colisão Lateral;2;;;;;;;;;;2;;;;
07/04/2019;21:26:00;183;com vítima;919,4;BR-116/BA;Sul;Choque Contra Objeto Fixo;;;1;;;;;;;;0;1;;;
07/04/2019;21:51:00;187;sem vítima;1;BR-116/BA - ContSuFS;Norte;Saida de Pista;1;;;;;;;;;;3;;;;
07/04/2019;22:15:00;190;com vítima;452;BR-116/BA;Sul;Colisão Frontal;;;2;;;;;;;;3;;1;;