data;horario;n_da_ocorrencia;tipo_de_ocorrencia;km;trecho;sentido;tipo_de_acidente;automovel;bicicleta;caminhao;moto;onibus;outros;tracao_animal;transporte_de_cargas_especiais;trator_maquinas;utilitarios;ilesos;levemente_feridos;moderadamente_feridos;gravemente_feridos;mortos
07/04/2019;22:20:00;192;sem vítima;622,5;BR-324/BA;Leste;Saida de Pista;1;;;;;;;;;;1;;;;
07/04/2019;22:23:00;194;sem vítima;622,3;BR-324/BA;Leste;Saida de Pista;1;;;;;;;;;;1;;;;
08/04/2019;01:05:00;8;sem vítima;558,2;BR-324/BA;Oeste;Saida de Pista;;;1;;;;;;;;1;;;;
08/04/2019;04:10:00;18;sem vítima;829,95;BR-116/BA;Sul;Atropelamento de Animal;;;1;;;;;;;;1;;;;
08/04/2019;09:28:00;82;com vítima;829,9;BR-116/BA;Sul;Engavetamento;3;;;;1;;;;;;32;4;;;
08/04/2019;12:24:00;130;sem vítima;557,7;BR-324/BA;Leste;Colisão Traseira;;;2;;;1;;;;;3;;;;
08/04/2019;16:20:00;202;sem vítima;807,9;BR-116/BA;Norte;Saida de Pista;1;;;;;;;;;;1;;;;
08/04/2019;17:02:00;210;com vítima;608;BR-324/BA;Oeste;Queda de Moto;;;;1;;;;;;;0;;1;;
08/04/2019;23:15:00;275;sem vítima;779,5;BR-116/BA;Sul;Colisão Lateral;;;1;;;;;;;1;2;;;;
09/04/2019;02:48:00;14;sem vítima;15;BR-116/BA - Cont VC;Sul;Atropelamento de Animal;;;;;;;;;;1;1;;;;
09/04/2019;07:56:00;58;com vítima;778,6;BR-116/BA;Sul;Queda de Moto;;;;1;;;;;;;0;1;;;
09/04/2019;10:38:00;106;sem vítima;664,2;BR-116/BA;Sul;Colisão Lateral;1;;1;;;;;;;;6;;;;
09/04/2019;15:40:00;181;sem vítima;790,9;BR-116/BA;Sul;Queda de Moto;;;;1;;;;;;;1;;;;
09/04/2019;16:11:00;190;sem vítima;582,3;BR-324/BA;Leste;Saida de Pista;1;;;;;;;;;;1;;;;
10/04/2019;04:57:00;24;com vítima;623;BR-324/BA;Leste;Queda de Moto;;;;1;;;;;;;1;;1;;
10/04/2019;06:38:00;37;sem vítima;705;BR-116/BA;Norte;Saida de Pista;;;1;;;;;;;;1;;;;
10/04/2019;06:45:00;39;sem vítima;429;BR-116/BA;Sul;Colisão Lateral;1;;1;;;;;;;;2;;;;
10/04/2019;10:12:00;106;com vítima;750;BR-116/BA;Norte;Colisão Transversal;;;1;;;;;;;1;1;1;;;
10/04/2019;10:38:00;114;sem vítima;675,9;BR-116/BA;Norte;Colisão Transversal;1;;1;;;;;;;;2;;;;
10/04/2019;16:29:00;193;sem vítima;448,5;BR-116/BA;Norte;Colisão Traseira;;;1;;;;;;;1;2;;;;
10/04/2019;16:31:00;195;sem vítima;618;BR-324/BA;Leste;Colisão Lateral;1;;1;;;;;;;;2;;;;
10/04/2019;20:59:00;249;sem vítima;608;BR-324/BA;Oeste;Queda de Moto;;;;1;;;;;;;1;;;;
10/04/2019;23:12:00;261;sem vítima;718,1;BR-116/BA;Norte;Saida de Pista;1;;;;;1;;;;;2;;;;
10/04/2019;23:28:00;263;sem vítima;542,9;BR-324/BA;Leste;Choque Contra Objeto Fixo;;;1;;;;;;;;1;;;;
11/04/2019;05:13:00;18;sem vítima;817;BR-116/BA;Sul;Colisão Transversal;1;;;;;1;;;;;2;;;;
11/04/2019;11:22:00;113;sem vítima;620;BR-324/BA;Leste;Colisão Traseira;;;1;;;1;;;;;2;;;;
11/04/2019;12:31:00;122;sem vítima;639;BR-116/BA;Sul;Tombamento;;;1;;;;;;;;1;;;;
11/04/2019;18:58:00;218;sem vítima;624,1;BR-324/BA;Oeste;Colisão Traseira;2;;;;;;;;;;5;;;;
12/04/2019;02:12:00;5;sem vítima;575,2;BR-324/BA;Leste;Saida de Pista;;;1;;;;;;;;1;;;;
12/04/2019;05:01:00;10;sem vítima;812;BR-116/BA;Sul;Saida de Pista;;;1;;;;;;;;1;;;;
12/04/2019;06:37:00;21;sem vítima;618;BR-324/BA;Oeste;Colisão Lateral;1;;;;;1;;;;;2;;;;
12/04/2019;10:52:00;105;sem vítima;663,9;BR-116/BA;Sul;Saida de Pista;1;;;;;;;;;;3;;;;
12/04/2019;11:58:00;115;sem vítima;461;BR-116/BA;Sul;Colisão Lateral;1;;1;;;;;;;;2;;;;
12/04/2019;22:38:00;227;com vítima;15,9;BR-116/BA - Cont VC;Norte;Atropelamento de Pedestre;1;;;;;;;;;;1;1;;;
12/04/2019;23:36:00;233;com vítima;7;BR-116/BA - ContSuFS;Norte;Saida de Pista;1;;;;;;;;;;1;;1;;
13/04/2019;09:01:00;66;com vítima;596;BR-116/BA;Sul;Tombamento;;;1;;;;;;;;1;1;;;
13/04/2019;15:58:00;127;sem vítima;877;BR-116/BA;Norte;Colisão Traseira;1;;1;;;;;;;;3;;;;
13/04/2019;17:56:00;155;com vítima;906;BR-116/BA;Sul;Atropelamento de Pedestre;1;;;;;;;;;;1;;1;;
13/04/2019;21:14:00;184;sem vítima;778,3;BR-116/BA;Sul;Colisão Lateral;1;;1;;;;;;;;2;;;;
13/04/2019;21:24:00;187;com vítima;524,5;BR-324/BA;Leste;Colisão Transversal;1;;;1;;;;;;;1;;;1;
14/04/2019;10:42:00;95;sem vítima;665;BR-116/BA;Norte;Colisão Traseira;;;2;;;;;;;;3;;;;
14/04/2019;17:43:00;174;sem vítima;621;BR-324/BA;Leste;Queda de Moto;;;;1;;;;;;;1;;;;
14/04/2019;19:23:00;204;sem vítima;626;BR-324/BA;Oeste;Capotamento;1;;;;;;;;;;1;;;;
14/04/2019;21:15:00;223;com vítima;466,4;BR-116/BA;Sul;Colisão Transversal;;;;1;;1;;;;;2;;;1;
15/04/2019;02:50:00;10;com vítima;732;BR-116/BA;Norte;Saida de Pista;1;;;;;;;;;;2;2;;;
15/04/2019;03:18:00;11;sem vítima;513,3;BR-116/BA;Norte;Saida de Pista;;;1;;;;;;;;1;;;;
15/04/2019;04:40:00;12;sem vítima;718,5;BR-116/BA;Norte;Capotamento;;;;;;;;;;1;3;;;;
15/04/2019;05:38:00;20;com vítima;690;BR-116/BA;Norte;Colisão Traseira;;;2;;;;;;;;1;2;;;
15/04/2019;07:29:00;50;sem vítima;599;BR-324/BA;Leste;Colisão Lateral;2;;;;;;;;;;2;;;;
15/04/2019;08:19:00;64;sem vítima;619;BR-324/BA;Leste;Colisão Traseira;2;;;;;;;;;;5;;;;
15/04/2019;10:36:00;108;sem vítima;608;BR-324/BA;Oeste;Colisão Lateral;1;;1;;;;;;;;2;;;;
15/04/2019;10:43:00;111;sem vítima;612,45;BR-324/BA;Oeste;Engavetamento;3;;;;;;;;;;3;;;;
15/04/2019;12:46:00;138;sem vítima;587;BR-324/BA;Leste;Queda de Moto;;;;1;;;;;;;2;;;;
15/04/2019;13:01:00;144;sem vítima;585,8;BR-324/BA;Oeste;Saida de Pista;1;;;;;;;;;;3;;;;
15/04/2019;20:48:00;250;com vítima;866,4;BR-116/BA;Sul;Colisão Frontal;1;;1;;;;;;;;1;;;1;1
16/04/2019;02:53:00;5;sem vítima;562,7;BR-324/BA;Leste;Saida de Pista;1;;;;;;;;;;1;;;;
16/04/2019;06:06:00;12;sem vítima;582;BR-324/BA;Oeste;Saida de Pista;1;;;;;;;;;;5;;;;
16/04/2019;09:27:00;84;sem vítima;615;BR-324/BA;Leste;Colisão Lateral;1;;1;;;;;;;;4;;;;
16/04/2019;11:24:00;110;sem vítima;612;BR-324/BA;Leste;Engavetamento;2;;;;;1;;;;;4;;;;
16/04/2019;13:08:00;134;sem vítima;583;BR-324/BA;Leste;Saida de Pista;1;;;;;;;;;;1;;;;
16/04/2019;14:32:00;148;sem vítima;925,8;BR-116/BA;Norte;Tombamento;;;;;;;;;;1;3;;;;
16/04/2019;15:55:00;166;sem vítima;586,9;BR-324/BA;Leste;Saida de Pista;;;1;;;;;;;;1;;;;
16/04/2019;21:04:00;223;com vítima;528;BR-324/BA;Leste;Atropelamento de Animal;1;;;;;;;;;;0;2;;;
17/04/2019;01:05:00;6;com vítima;518,3;BR-324/BA;Oeste;Colisão Traseira;;;2;;;;;;;;1;;;;1
17/04/2019;05:03:00;19;com vítima;646;BR-116/BA;Sul;Saida de Pista;;;1;;;;;;;;0;1;;;
17/04/2019;09:15:00;87;sem vítima;664,5;BR-116/BA;Sul;Saida de Pista;;;;;;;;;;1;1;;;;
17/04/2019;09:32:00;101;sem vítima;615,8;BR-324/BA;Leste;Engavetamento;2;;;;1;;;;;;4;;;;
17/04/2019;09:44:00;106;sem vítima;616,9;BR-324/BA;Leste;Choque Contra Objeto Fixo;1;;;;;;;;;;1;;;;
17/04/2019;09:47:00;109;sem vítima;603;BR-324/BA;Leste;Colisão Lateral;1;;;;1;;;;;;3;;;;
17/04/2019;15:06:00;172;sem vítima;895,5;BR-116/BA;Sul;Colisão Lateral;1;;;;;;;;;1;6;;;;
17/04/2019;15:32:00;182;com vítima;831,5;BR-116/BA;Sul;Sequência;2;;;1;;;;;;;8;;;;1
17/04/2019;15:58:00;186;sem vítima;714,8;BR-116/BA;Norte;Queda de Moto;;;;1;;;;;;;1;;;;
17/04/2019;16:56:00;204;sem vítima;579,4;BR-324/BA;Leste;Saida de Pista;;;1;;;;;;;;1;;;;
17/04/2019;19:00:00;229;com vítima;17;BR-116/BA - Cont VC;Norte;Colisão Lateral;1;;;1;;;;;;;2;1;;;
18/04/2019;03:58:00;20;sem vítima;603;BR-324/BA;Leste;Saida de Pista;1;;;;;;;;;;1;;;;
18/04/2019;06:57:00;52;com vítima;29,6;BR-116/BA - Cont VC;Norte;Outros;;1;;;;1;;;;;1;1;;;
18/04/2019;07:25:00;60;sem vítima;531;BR-324/BA;Oeste;Engavetamento;2;;;;;;;;;1;3;;;;
18/04/2019;08:25:00;77;com vítima;920;BR-116/BA;Sul;Saida de Pista;;;2;;;;;;;;1;1;;;
18/04/2019;13:39:00;143;sem vítima;580;BR-324/BA;Oeste;Engavetamento;3;;;;;;;;;;8;;;;
18/04/2019;13:50:00;150;com vítima;535;BR-324/BA;Leste;Saida de Pista;2;;;;;;;;;;1;6;;1;
18/04/2019;14:34:00;157;sem vítima;535,1;BR-324/BA;Oeste;Colisão Traseira;2;;;;;;;;;;2;;;;
18/04/2019;14:35:00;158;sem vítima;574;BR-324/BA;Oeste;Colisão Traseira;2;;;;;;;;;;6;;;;
18/04/2019;15:07:00;175;sem vítima;585,5;BR-324/BA;Oeste;Engavetamento;2;;;;;;;;;1;8;;;;
18/04/2019;13:50:00;191;sem vítima;535;BR-324/BA;Oeste;Saida de Pista;1;;;;;;;;;;1;;;;
18/04/2019;16:12:00;204;sem vítima;608;BR-324/BA;Oeste;Engavetamento;3;;;;;;;;;;6;;;;
18/04/2019;16:31:00;212;sem vítima;617;BR-324/BA;Oeste;Engavetamento;2;;1;;1;;;;;;4;;;;
18/04/2019;17:41:00;239;sem vítima;572;BR-324/BA;Oeste;Engavetamento;2;;;;;1;;;;;7;;;;
18/04/2019;18:06:00;244;sem vítima;574;BR-324/BA;Oeste;Colisão Traseira;1;;;;;1;;;;;5;;;;
18/04/2019;18:23:00;248;sem vítima;850,15;BR-116/BA;Norte;Colisão Traseira;;;2;;;;;;;;2;;;;
18/04/2019;18:31:00;254;sem vítima;612,8;BR-324/BA;Oeste;Engavetamento;4;;;;;;;;;;9;;;;
18/04/2019;18:34:00;256;sem vítima;576;BR-324/BA;Oeste;Colisão Traseira;2;;;;;;;;;;2;;;;
18/04/2019;18:55:00;267;com vítima;15,1;BR-116/BA - Cont VC;Norte;Atropelamento - Ciclista;1;1;;;;;;;;;1;1;1;;
18/04/2019;19:41:00;280;sem vítima;572;BR-324/BA;Oeste;Engavetamento;3;;;;;;;;;1;12;;;;
18/04/2019;22:55:00;312;com vítima;602,3;BR-116/BA;Sul;Atropelamento de Pedestre;;;;;;1;;;;;1;;;1;
19/04/2019;00:42:00;5;sem vítima;702,1;BR-116/BA;Sul;Saida de Pista;1;;;;;;;;;;2;;;;
19/04/2019;04:15:00;13;sem vítima;625;BR-324/BA;Leste;Queda de Moto;;;;1;;;;;;;1;;;;
19/04/2019;04:59:00;15;sem vítima;427,3;BR-116/BA;Sul;Saida de Pista;1;;;;;;;;;;3;;;;
19/04/2019;06:20:00;21;sem vítima;562,3;BR-324/BA;Oeste;Engavetamento;3;;;;;;;;;;7;;;;
19/04/2019;07:17:00;33;sem vítima;585;BR-324/BA;Oeste;Colisão Traseira;2;;;;;;;;;;6;;;;
19/04/2019;07:26:00;35;sem vítima;566;BR-324/BA;Oeste;Colisão Traseira;1;;;;;1;;;;;4;;;;
19/04/2019;08:09:00;48;sem vítima;589;BR-324/BA;Oeste;Engavetamento;3;;;;;;;;;;8;;;;
19/04/2019;16:48:00;134;com vítima;618,5;BR-324/BA;Oeste;Atropelamento de Pedestre;;;;1;;;;;;;0;1;;1;
19/04/2019;21:18:00;170;com vítima;616,6;BR-324/BA;Leste;Atropelamento de Pedestre;;;;;1;;;;;;1;;;;1
19/04/2019;21:36:00;171;com vítima;827,8;BR-116/BA;Sul;Tombamento;;;;;1;;;;;;7;1;;;
20/04/2019;05:21:00;12;sem vítima;600;BR-324/BA;Oeste;Saida de Pista;1;;;;;;;;;;4;;;;
20/04/2019;07:03:00;21;sem vítima;839;BR-116/BA;Sul;Colisão Lateral;1;;1;;;;;;;;6;;;;
20/04/2019;08:17:00;32;sem vítima;693,9;BR-116/BA;Norte;Saida de Pista;;;1;;;;;;;;1;;;;
20/04/2019;10:48:00;59;sem vítima;533,4;BR-324/BA;Leste;Queda de Moto;;;;1;;;;;;;2;;;;
20/04/2019;11:18:00;67;sem vítima;640,5;BR-116/BA;Norte;Saida de Pista;1;;;;;;;;;;1;;;;
20/04/2019;16:02:00;112;com vítima;704;BR-116/BA;Sul;Colisão Lateral;;;2;;1;;;;;;6;;1;;1
20/04/2019;17:22:00;129;sem vítima;562;BR-324/BA;Leste;Saida de Pista;;;;;;;;;;1;1;;;;
20/04/2019;23:55:00;166;sem vítima;585,3;BR-324/BA;Leste;Saida de Pista;1;;;;;;;;;;1;;;;
21/04/2019;04:12:00;16;sem vítima;14;BR-116/BA - Cont VC;Sul;Saida de Pista;1;;;;;;;;;;2;;;;
21/04/2019;05:50:00;20;com vítima;546,5;BR-324/BA;Oeste;Choque Contra Objeto Fixo;;;;;;;;;;1;0;1;1;;
21/04/2019;06:24:00;22;com vítima;614;BR-324/BA;Leste;Colisão Traseira;1;;;;1;;;;;;18;;1;;
21/04/2019;11:31:00;70;sem vítima;643,9;BR-116/BA;Sul;Saida de Pista;;;1;;;;;;;;1;;;;
21/04/2019;12:39:00;85;sem vítima;599;BR-324/BA;Leste;Colisão Traseira;2;;;;;;;;;;8;;;;
21/04/2019;12:49:00;86;sem vítima;566,4;BR-324/BA;Leste;Queda de Moto;;;;1;;;;;;;2;;;;
21/04/2019;13:10:00;89;com vítima;561,2;BR-324/BA;Leste;Queda de Moto;;;;1;;;;;;;1;;1;;
21/04/2019;14:30:00;105;sem vítima;548,3;BR-324/BA;Leste;Engavetamento;5;;;;;;;;;1;15;;;;
21/04/2019;14:42:00;109;sem vítima;537,4;BR-324/BA;Oeste;Saida de Pista;1;;;;;;;;;;1;;;;
21/04/2019;14:48:00;111;sem vítima;550,8;BR-324/BA;Leste;Colisão Lateral;2;;;;;;;;;;4;;;;
21/04/2019;14:52:00;112;sem vítima;585,6;BR-324/BA;Leste;Engavetamento;6;;;;;;;;;;13;;;;
21/04/2019;16:21:00;142;sem vítima;569,5;BR-324/BA;Oeste;Saida de Pista;;;;;;;;;;1;2;;;;
21/04/2019;17:57:00;170;sem vítima;552,6;BR-324/BA;Leste;Engavetamento;3;;;;1;;;;;;52;;;;
21/04/2019;18:21:00;180;sem vítima;525,5;BR-324/BA;Leste;Colisão Frontal;;;;1;;1;;;;;3;;;;
21/04/2019;18:56:00;190;com vítima;796;BR-116/BA;Sul;Queda de Moto;;;;1;;;;;;;0;1;;;
21/04/2019;21:51:00;242;com vítima;10,5;BR-116/BA - Cont VC;Norte;Colisão Traseira;;;;1;;1;;;;;1;;;1;
21/04/2019;23:30:00;260;sem vítima;601;BR-324/BA;Leste;Engavetamento;2;;;;;1;;;;;7;;;;
22/04/2019;05:01:00;19;com vítima;560;BR-324/BA;Oeste;Colisão Lateral;1;;;;;;;;;;1;2;;;
22/04/2019;06:01:00;26;com vítima;551;BR-324/BA;Oeste;Colisão Lateral;1;;;1;;;;;;;1;2;;;
22/04/2019;06:24:00;30;sem vítima;592;BR-324/BA;Leste;Engavetamento;3;;;;;;;;;;7;;;;
22/04/2019;07:27:00;55;sem vítima;617;BR-324/BA;Oeste;Sequência;2;;;;;;;;;;2;;;;
22/04/2019;13:32:00;146;sem vítima;615,6;BR-324/BA;Oeste;Colisão Lateral;;;2;;;;;;;;2;;;;
23/04/2019;06:59:00;36;com vítima;17;BR-116/BA - Cont VC;Norte;Colisão Transversal;;1;;1;;;;;;;0;2;;;
23/04/2019;10:12:00;102;com vítima;590,8;BR-324/BA;Oeste;Queda de Moto;;;;1;;;;;;;0;2;;;
23/04/2019;10:17:00;107;sem vítima;775,3;BR-116/BA;Sul;Colisão Transversal;1;;1;;;;;;;;2;;;;
23/04/2019;11:50:00;129;sem vítima;537,4;BR-324/BA;Leste;Saida de Pista;1;;;;;;;;;;1;;;;
24/04/2019;02:49:00;11;com vítima;816,5;BR-116/BA;Sul;Atropelamento de Pedestre;;;1;;;;;;;;1;;;;1
24/04/2019;07:09:00;37;com vítima;1;BR-116/BA - ContSuFS;Norte;Colisão Traseira;1;;;1;;;;;;;2;1;;;
24/04/2019;07:57:00;53;com vítima;8,8;BR-116/BA - Cont VC;Sul;Colisão Transversal;1;;;1;;;;;;;4;1;;;
24/04/2019;08:08:00;60;sem vítima;673;BR-116/BA;Sul;Colisão Traseira;;;1;;;;;;;1;3;;;;
24/04/2019;14:30:00;153;com vítima;865,15;BR-116/BA;Norte;Colisão Lateral;1;;1;;;;;;;;3;1;;;
24/04/2019;15:24:00;164;com vítima;525,8;BR-324/BA;Leste;Colisão Traseira;;;;1;;;;;;1;1;1;;;
24/04/2019;15:36:00;166;sem vítima;527;BR-324/BA;Oeste;Colisão Traseira;1;;;;;1;;;;;2;;;;
24/04/2019;20:19:00;224;com vítima;519;BR-324/BA;Leste;Atropelamento de Animal;;;;1;;;;;;;0;2;;;
25/04/2019;11:25:00;144;sem vítima;613,9;BR-324/BA;Oeste;Colisão Lateral;1;;1;;;;;;;;4;;;;
25/04/2019;14:41:00;188;sem vítima;509;BR-116/BA;Norte;Saida de Pista;;;1;;;;;;;;1;;;;
25/04/2019;15:37:00;205;com vítima;596;BR-116/BA;Sul;Capotamento;;;;;;;;;;1;0;2;;;
25/04/2019;18:37:00;243;sem vítima;463;BR-116/BA;Norte;Saida de Pista;1;;;;;;;;;;1;;;;
25/04/2019;19:19:00;246;com vítima;617,9;BR-324/BA;Leste;Colisão Lateral;;;;2;;;;;;;0;3;;;
26/04/2019;01:54:00;7;sem vítima;582;BR-324/BA;Leste;Saida de Pista;;;1;;;;;;;;1;;;;
26/04/2019;08:33:00;58;com vítima;530;BR-324/BA;Oeste;Engavetamento;;;1;;1;;;;;1;21;;1;;
26/04/2019;12:44:00;116;sem vítima;596,9;BR-324/BA;Leste;Saida de Pista;1;;;;;;;;;;1;;;;
26/04/2019;15:57:00;165;sem vítima;616;BR-324/BA;Leste;Colisão Lateral;;;;;;1;;;;1;2;;;;
26/04/2019;16:30:00;174;sem vítima;539;BR-324/BA;Leste;Colisão Lateral;2;;;;;;;;;;7;;;;
26/04/2019;18:07:00;204;com vítima;526;BR-324/BA;Leste;Atropelamento de Pedestre;;;;;;1;;;;;1;;;;1
26/04/2019;18:44:00;212;sem vítima;9,9;BR-116/BA - Cont VC;Norte;Colisão Transversal;1;;;;;1;;;;;3;;;;
26/04/2019;21:10:00;231;sem vítima;529;BR-324/BA;Leste;Colisão Traseira;1;;1;;;;;;;;2;;;;
27/04/2019;07:06:00;34;com vítima;542,8;BR-324/BA;Oeste;Queda de Moto;;;;1;;;;;;;0;1;;;
27/04/2019;10:14:00;65;com vítima;616,1;BR-324/BA;Oeste;Colisão Traseira;1;;;1;;;;;;;2;1;;;
27/04/2019;12:28:00;86;sem vítima;624;BR-324/BA;Oeste;Colisão Traseira;1;;;1;;1;;;;;3;;;;
27/04/2019;15:49:00;120;sem vítima;638,1;BR-116/BA;Norte;Colisão Lateral;1;;;;;;;;;;1;;;;
27/04/2019;18:38:00;161;sem vítima;590;BR-324/BA;Oeste;Saida de Pista;1;;;;;;;;;;1;;;;
27/04/2019;19:20:00;164;com vítima;827,7;BR-116/BA;Norte;Atropelamento de Pedestre;1;;;;;;;;;;1;2;;;
27/04/2019;21:46:00;187;com vítima;586;BR-324/BA;Oeste;Colisão Transversal;1;;;1;;;;;;;1;;;1;
28/04/2019;05:50:00;16;com vítima;636;BR-116/BA;Sul;Colisão Lateral;1;;;;;1;;;;;2;1;;;
28/04/2019;13:13:00;87;sem vítima;610;BR-324/BA;Leste;Saida de Pista;1;;;;;;;;;;1;;;;
28/04/2019;14:39:00;106;sem vítima;601;BR-324/BA;Oeste;Saida de Pista;1;;;;;;;;;;2;;;;
28/04/2019;18:42:00;148;sem vítima;499,2;BR-116/BA;Norte;Colisão Traseira;;;1;;;;;;;;1;;;;
28/04/2019;20:12:00;163;com vítima;757,95;BR-116/BA;Norte;Colisão Transversal;;;1;1;;;;;;;1;;;;1
28/04/2019;20:17:00;164;com vítima;674,4;BR-116/BA;Norte;Atropelamento de Pedestre;;;1;;;;;;;;1;;1;;
28/04/2019;20:33:00;169;com vítima;737,8;BR-116/BA;Sul;Saida de Pista;1;;;;;;;;;;0;1;2;1;1
28/04/2019;22:10:00;177;sem vítima;579,2;BR-116/BA;Norte;Tombamento;;;1;;;;;;;;1;;;;
28/04/2019;23:45:00;187;sem vítima;495;BR-116/BA;Sul;Choque Contra Objeto Fixo;1;;;;;;;;;;1;;;;
29/04/2019;03:59:00;30;com vítima;628,2;BR-116/BA;Sul;Colisão Frontal;2;;;;;;;;;;0;2;1;1;2
29/04/2019;04:18:00;31;com vítima;805,9;BR-116/BA;Sul;Saida de Pista;;;;;1;;;;;;40;4;1;;
29/04/2019;04:58:00;36;sem vítima;594,4;BR-324/BA;Leste;Saida de Pista;1;;;;;;;;;;1;;;;
29/04/2019;05:59:00;45;com vítima;626,6;BR-116/BA;Sul;Saida de Pista;1;;;;;;;;;;4;1;;;
29/04/2019;07:43:00;76;sem vítima;613;BR-324/BA;Leste;Colisão Traseira;2;;;;;;;;;;2;;;;
30/04/2019;16:18:00;181;com vítima;524,6;BR-324/BA;Leste;Colisão Traseira;1;;1;;;;;;;;2;2;;;
30/04/2019;16:27:00;186;sem vítima;610;BR-324/BA;Leste;Queda de Moto;;;;1;;;;;;;2;;;;
30/04/2019;19:42:00;222;sem vítima;527;BR-324/BA;Leste;Colisão Lateral;;;;1;;1;;;;;2;;;;
30/04/2019;20:40:00;233;sem vítima;518;BR-116/BA;Sul;Atropelamento de Animal;;;1;;;;;;;;1;;;;
30/04/2019;21:31:00;242;sem vítima;558;BR-116/BA;Sul;Colisão Traseira;;;1;;;;;;;1;3;;;;
30/04/2019;22:33:00;247;com vítima;530;BR-324/BA;Oeste;Saida de Pista;1;;;;;;;;;;0;3;1;;
01/07/2019;06:44:00;27;com vítima;462;BR-116/BA;Norte;Colisão Traseira;;;2;;;;;;;;1;1;;;
01/07/2019;06:55:00;32;sem vítima;538;BR-324/BA;Leste;Saida de Pista;;;;;;;;;;1;1;;;;
01/07/2019;07:01:00;33;com vítima;460;BR-116/BA;Sul;Colisão Transversal;;;;2;;;;;;;1;1;;;
01/07/2019;07:28:00;39;sem vítima;463;BR-116/BA;Norte;Colisão Traseira;1;;1;;;;;;;;4;;;;
01/07/2019;08:00:00;50;sem vítima;537;BR-324/BA;Oeste;Colisão Traseira;1;;;1;;;;;;;2;;;;
01/07/2019;09:42:00;92;sem vítima;508;BR-116/BA;Sul;Saida de Pista;;;1;;;;;;;;1;;;;
01/07/2019;11:44:00;120;sem vítima;593;BR-324/BA;Leste;Colisão Traseira;2;;;;;;;;;;6;;;;
01/07/2019;15:01:00;160;sem vítima;576;BR-324/BA;Leste;Colisão Lateral;1;;;;1;;;;;;33;;;;
01/07/2019;15:30:00;166;sem vítima;616;BR-324/BA;Oeste;Colisão Traseira;2;;;;;;;;;;2;;;;
01/07/2019;15:59:00;172;sem vítima;604,6;BR-116/BA;Sul;Colisão Traseira;1;;1;;;;;;;;3;;;;
01/07/2019;18:34:00;207;com vítima;518;BR-324/BA;Leste;Queda de Moto;;;;1;;;;;;;0;1;;;
01/07/2019;23:17:00;251;com vítima;537;BR-324/BA;Oeste;Saida de Pista;;;;;1;;;;;;29;;1;;
02/07/2019;06:53:00;20;sem vítima;594;BR-324/BA;Leste;Saida de Pista;1;;;;;;;;;;2;;;;
02/07/2019;06:56:00;21;sem vítima;582;BR-116/BA;Sul;Saida de Pista;;;1;;;;;;;;1;;;;
02/07/2019;14:45:00;115;sem vítima;587,2;BR-324/BA;Leste;Sequência;1;;;;;;;;;;3;;;;
02/07/2019;15:07:00;121;com vítima;651,9;BR-116/BA;Sul;Queda de Moto;;;;1;;;;;;;0;1;1;;
02/07/2019;15:45:00;128;sem vítima;582,7;BR-116/BA;Sul;Colisão Traseira;2;;;;;;;;;;5;;;;
02/07/2019;19:47:00;171;sem vítima;609;BR-324/BA;Leste;Saida de Pista;1;;;;;;;;;;3;;;;
02/07/2019;20:16:00;177;com vítima;673;BR-116/BA;Sul;Queda de Moto;;;;1;;;;;;;0;;1;;
03/07/2019;06:47:00;32;sem vítima;533;BR-324/BA;Oeste;Colisão Transversal;1;;;;;;;;;;1;;;;
03/07/2019;06:48:00;33;sem vítima;615,8;BR-324/BA;Leste;Colisão Traseira;1;;;;;;;;;1;6;;;;
03/07/2019;08:20:00;68;com vítima;620;BR-324/BA;Leste;Colisão Traseira;1;;;;;1;;;;;2;1;;;
03/07/2019;08:52:00;77;sem vítima;614;BR-324/BA;Leste;Queda de Moto;;;;1;;;;;;;1;;;;
03/07/2019;16:35:00;202;com vítima;863,8;BR-116/BA;Sul;Saida de Pista;1;;;;;;;;;;1;2;;;
03/07/2019;16:41:00;205;sem vítima;757;BR-116/BA;Norte;Saida de Pista;;;1;;;;;;;;1;;;;
03/07/2019;17:24:00;219;com vítima;615,3;BR-324/BA;Leste;Colisão Traseira;;;;1;;1;;;;;1;;1;;
03/07/2019;17:58:00;226;com vítima;13;BR-116/BA - Cont VC;Norte;Colisão Lateral;1;;;1;;;;;;;1;1;;;
04/07/2019;05:12:00;12;com vítima;792,5;BR-116/BA;Norte;Colisão Lateral;1;;1;;;;;;;;1;4;1;;
04/07/2019;05:36:00;14;sem vítima;470;BR-116/BA;Sul;Saida de Pista;1;;;;;;;;;;2;;;;
04/07/2019;15:36:00;164;sem vítima;576;BR-324/BA;Oeste;Saida de Pista;1;;;;;;;;;;1;;;;
04/07/2019;16:57:00;183;sem vítima;441;BR-116/BA;Norte;Tombamento;;;1;;;;;;;;1;;;;
04/07/2019;18:20:00;210;com vítima;712;BR-116/BA;Norte;Colisão Lateral;;;;1;;1;;;;;1;;;1;
04/07/2019;19:26:00;224;sem vítima;622,4;BR-324/BA;Oeste;Engavetamento;1;;;1;;2;;;;;5;;;;
05/07/2019;06:40:00;14;sem vítima;834,8;BR-116/BA;Sul;Colisão Traseira;1;;;;;;;;;1;2;;;;
05/07/2019;08:19:00;48;sem vítima;622;BR-324/BA;Oeste;Colisão Traseira;1;;;;;1;;;;;2;;;;
05/07/2019;09:32:00;68;sem vítima;623;BR-324/BA;Leste;Engavetamento;3;;;;;;;;;1;5;;;;