data;horario;n_da_ocorrencia;tipo_de_ocorrencia;km;trecho;sentido;tipo_de_acidente;automovel;bicicleta;caminhao;moto;onibus;outros;tracao_animal;transporte_de_cargas_especiais;trator_maquinas;utilitarios;ilesos;levemente_feridos;moderadamente_feridos;gravemente_feridos;mortos
05/07/2019;11:42:00;102;com vítima;875;BR-116/BA;Sul;Colisão Lateral;1;;1;;;;;;;;4;1;1;;
05/07/2019;14:51:00;145;sem vítima;534;BR-324/BA;Oeste;Colisão Lateral;;;1;;1;;;;;;2;;;;
05/07/2019;17:22:00;183;sem vítima;7,9;BR-116/BA - Cont VC;Norte;Colisão Traseira;;;;2;;;;;;;2;;;;
05/07/2019;18:24:00;203;com vítima;636;BR-116/BA;Sul;Colisão Transversal;;;2;1;;;;;;;2;;;1;
05/07/2019;18:29:00;206;sem vítima;606;BR-324/BA;Oeste;Colisão Traseira;1;;;;;;;;;1;3;;;;
06/07/2019;01:02:00;8;sem vítima;561,5;BR-324/BA;Oeste;Choque Contra Objeto Fixo;1;;;;;1;;;;;3;;;;
06/07/2019;09:53:00;94;com vítima;523;BR-116/BA;Sul;Colisão Frontal;;;2;;;;;;;;0;;1;1;1
06/07/2019;11:20:00;108;com vítima;458,8;BR-116/BA;Sul;Colisão Frontal;1;;;1;;;;;;;4;;1;;
06/07/2019;15:01:00;142;sem vítima;842;BR-116/BA;Sul;Colisão Traseira;;;;1;;1;;;;;2;;;;
06/07/2019;17:29:00;174;com vítima;817;BR-116/BA;Sul;Colisão Frontal;1;;1;;;;;;;;1;;1;;
06/07/2019;19:41:00;192;sem vítima;587,3;BR-116/BA;Norte;Colisão Frontal;1;;2;;;;;;;;5;;;;
07/07/2019;06:50:00;33;sem vítima;858;BR-116/BA;Norte;Saida de Pista;1;;;;;;;;;;1;;;;
07/07/2019;07:49:00;41;sem vítima;560;BR-324/BA;Oeste;Colisão Lateral;2;;;;;;;;;;6;;;;
07/07/2019;10:02:00;60;sem vítima;511,9;BR-116/BA;Sul;Colisão Lateral;;;;;;1;;;;1;4;;;;
07/07/2019;13:49:00;89;sem vítima;568,9;BR-116/BA;Sul;Saida de Pista;;;1;;;;;;;;1;;;;
07/07/2019;15:02:00;102;com vítima;18,8;BR-116/BA - Cont VC;Norte;Colisão Transversal;;;1;;;;;;;1;1;;1;;
07/07/2019;15:12:00;106;sem vítima;568,2;BR-324/BA;Leste;Saida de Pista;1;;;;;;;;;;1;;;;
07/07/2019;16:29:00;126;com vítima;530;BR-324/BA;Oeste;Capotamento;1;;;;;;;;;;0;1;;;
07/07/2019;16:36:00;127;sem vítima;546,7;BR-324/BA;Oeste;Saida de Pista;1;;;;;;;;;;1;;;;
07/07/2019;16:48:00;131;sem vítima;534;BR-324/BA;Oeste;Engavetamento;2;;;;;1;;;;;7;;;;
07/07/2019;17:08:00;137;sem vítima;546;BR-324/BA;Oeste;Colisão Traseira;1;;;;1;;;;;1;20;;;;
07/07/2019;17:23:00;140;sem vítima;551;BR-324/BA;Oeste;Saida de Pista;;;;;;;;;;1;1;;;;
07/07/2019;17:25:00;141;sem vítima;533;BR-324/BA;Oeste;Saida de Pista;1;;;;;;;;;;1;;;;
07/07/2019;20:13:00;173;sem vítima;508;BR-116/BA;Norte;Colisão Lateral;1;;;;1;;;;;;39;;;;
07/07/2019;21:13:00;181;com vítima;859;BR-116/BA;Norte;Colisão Traseira;1;;1;;;;;;;;1;;;1;
07/07/2019;22:54:00;201;sem vítima;620,7;BR-324/BA;Leste;Saida de Pista;1;;;;;;;;;;2;;;;
08/07/2019;01:19:00;12;sem vítima;519;BR-324/BA;Oeste;Atropelamento de Animal;1;;;;;;;;;;1;;;;
08/07/2019;07:22:00;60;sem vítima;555,5;BR-324/BA;Oeste;Saida de Pista;1;;;;;;;;;;5;;;;
08/07/2019;07:42:00;69;sem vítima;612;BR-324/BA;Leste;Colisão Traseira;1;;;1;;;;;;;3;;;;
08/07/2019;09:24:00;104;sem vítima;546;BR-324/BA;Oeste;Colisão Lateral;2;;;;;;;;;;2;;;;
08/07/2019;09:52:00;107;sem vítima;439;BR-116/BA;Sul;Saida de Pista;1;;;;;;;;;;2;;;;
08/07/2019;12:02:00;134;sem vítima;551;BR-324/BA;Oeste;Colisão Traseira;2;;;;;;;;;;6;;;;
08/07/2019;12:03:00;136;sem vítima;559;BR-324/BA;Oeste;Saida de Pista;;;;;;;;;;1;1;;;;
08/07/2019;14:37:00;167;sem vítima;528;BR-116/BA;Norte;Engavetamento;;;3;;;;;;;;3;;;;
09/07/2019;08:06:00;62;sem vítima;614;BR-324/BA;Leste;Colisão Traseira;2;;;;;;;;;;4;;;;
09/07/2019;19:16:00;209;sem vítima;5;BR-116/BA - ContSuFS;Sul;Colisão Traseira;1;;1;;;;;;;;2;;;;
10/07/2019;06:47:00;35;sem vítima;560;BR-324/BA;Oeste;Colisão Transversal;2;;;;;;;;;;2;;;;
10/07/2019;07:42:00;55;sem vítima;552;BR-324/BA;Leste;Saida de Pista;;;;;;;;;;1;2;;;;
10/07/2019;09:57:00;98;sem vítima;623,8;BR-324/BA;Leste;Engavetamento;3;;;;;1;;;;;7;;;;
10/07/2019;12:10:00;128;sem vítima;828,5;BR-116/BA;Norte;Colisão Traseira;2;;;;;;;;;;3;;;;
10/07/2019;17:29:00;200;sem vítima;23,7;BR-116/BA - Cont VC;Norte;Saida de Pista;1;;;;;;;;;;1;;;;
10/07/2019;19:36:00;226;sem vítima;531,6;BR-324/BA;Oeste;Saida de Pista;1;;;;;;;;;;5;;;;
10/07/2019;19:56:00;230;sem vítima;572,3;BR-324/BA;Oeste;Colisão Lateral;1;;1;;;;;;;;2;;;;
10/07/2019;21:31:00;237;com vítima;522,2;BR-324/BA;Oeste;Queda de Moto;;;;1;;;;;;;0;;;1;
11/07/2019;00:24:00;2;sem vítima;561;BR-324/BA;Oeste;Saida de Pista;1;;;;;;;;;;1;;;;
11/07/2019;12:24:00;117;com vítima;0;BR-116/BA - ContSuFS;Norte;Colisão Lateral;;;;1;;;;;;;0;;1;;
11/07/2019;13:53:00;133;sem vítima;619,7;BR-324/BA;Leste;Colisão Traseira;2;;;;;;;;;;3;;;;
11/07/2019;17:26:00;186;com vítima;835;BR-116/BA;Norte;Colisão Traseira;;;1;1;;;;;;;1;1;;;
11/07/2019;19:30:00;219;com vítima;623;BR-324/BA;Leste;Colisão Lateral;1;;;1;;;;;;;2;;1;;
11/07/2019;22:53:00;236;sem vítima;812;BR-116/BA;Norte;Colisão Frontal;;;;;;;;;;2;2;;;;
12/07/2019;02:42:00;8;com vítima;846,5;BR-116/BA;Sul;Saida de Pista;1;;;;;;;;;;0;;1;;
12/07/2019;08:19:00;56;sem vítima;566;BR-116/BA;Sul;Colisão Traseira;;;2;;;;;;;;3;;;;
12/07/2019;09:43:00;87;sem vítima;783,5;BR-116/BA;Sul;Colisão Traseira;1;;;;;1;;;;;6;;;;
12/07/2019;11:11:00;110;sem vítima;557;BR-324/BA;Leste;Colisão Traseira;1;;1;;;;;;;;2;;;;
12/07/2019;11:40:00;119;sem vítima;701;BR-116/BA;Sul;Saida de Pista;;;1;;;;;;;;1;;;;
12/07/2019;16:13:00;200;sem vítima;616;BR-324/BA;Leste;Colisão Traseira;2;;;;;;;;;;2;;;;
12/07/2019;17:09:00;220;sem vítima;612,8;BR-324/BA;Leste;Colisão Traseira;1;;;;;;;;;1;3;;;;
12/07/2019;17:30:00;227;com vítima;523,3;BR-324/BA;Oeste;Atropelamento de Pedestre;;;;1;;;;;;;1;;;1;
12/07/2019;17:41:00;228;sem vítima;612;BR-324/BA;Leste;Queda de Moto;;;;1;;;;;;;1;;;;
12/07/2019;17:55:00;234;sem vítima;559;BR-324/BA;Oeste;Saida de Pista;1;;;;;;;;;;2;;;;
12/07/2019;19:09:00;253;com vítima;524;BR-324/BA;Oeste;Queda de Moto;;;;1;;;;;;;0;;1;;
12/07/2019;19:16:00;256;sem vítima;15;BR-116/BA - Cont VC;Norte;Engavetamento;3;;;;;;;;;;4;;;;
12/07/2019;19:20:00;257;sem vítima;673,1;BR-116/BA;Norte;Colisão Lateral;;;;;;1;;;;1;5;;;;
12/07/2019;19:45:00;260;sem vítima;674,45;BR-116/BA;Sul;Colisão Lateral;1;;;;;1;;;;;2;;;;
12/07/2019;20:17:00;275;com vítima;529;BR-116/BA;Sul;Atropelamento de Pedestre;;;;;;1;;;;;1;;1;;
12/07/2019;22:19:00;293;sem vítima;851,3;BR-116/BA;Sul;Colisão Lateral;1;;;;;1;;;;;6;;;;
13/07/2019;07:43:00;24;com vítima;612,4;BR-324/BA;Oeste;Engavetamento;4;;2;;;;;;;;13;;1;;
13/07/2019;13:25:00;73;sem vítima;581;BR-324/BA;Leste;Colisão Lateral;2;;;;;;;;;;5;;;;
13/07/2019;14:23:00;83;sem vítima;459,7;BR-116/BA;Sul;Saida de Pista;;;1;;;;;;;;1;;;;
13/07/2019;23:38:00;190;sem vítima;609;BR-324/BA;Oeste;Saida de Pista;1;;;;;;;;;;1;;;;
14/07/2019;02:37:00;22;sem vítima;816;BR-116/BA;Sul;Colisão Lateral;1;;1;;;;;;;;2;;;;
14/07/2019;05:36:00;32;sem vítima;2;BR-116/BA - ContSuFS;Norte;Engavetamento;3;;;;;;;;;;4;;;;
14/07/2019;07:04:00;40;sem vítima;747,4;BR-116/BA;Norte;Tombamento;;;1;;;;;;;;1;;;;
14/07/2019;07:30:00;47;com vítima;814;BR-116/BA;Sul;Colisão Lateral;;1;1;;;;;;;;2;1;;;
14/07/2019;12:52:00;100;sem vítima;529,9;BR-324/BA;Oeste;Saida de Pista;1;;;;;;;;;;1;;;;
14/07/2019;14:40:00;123;sem vítima;555;BR-116/BA;Norte;Colisão Lateral;1;;1;;;1;;;;;5;;;;
14/07/2019;15:24:00;133;sem vítima;837;BR-116/BA;Norte;Colisão Traseira;;;1;;1;;;;;;51;;;;
14/07/2019;16:01:00;141;sem vítima;640,9;BR-116/BA;Norte;Saida de Pista;;;1;;;;;;;;1;;;;
14/07/2019;17:13:00;155;sem vítima;0;BR-116/BA - ContSuFS;Norte;Colisão Lateral;1;;;1;;;;;;;2;;;;
14/07/2019;18:40:00;179;sem vítima;816,5;BR-116/BA;Sul;Engavetamento;3;;;;;1;;;;;8;;;;
14/07/2019;20:26:00;200;com vítima;6,5;BR-116/BA - Cont VC;Sul;Capotamento;1;;;;;;;;;;0;3;;;
14/07/2019;20:39:00;204;com vítima;465;BR-116/BA;Sul;Queda de Moto;;;;1;;;;;;;0;;;1;
15/07/2019;01:04:00;7;sem vítima;527,2;BR-324/BA;Leste;Atropelamento de Animal;;;1;;;;;;;;1;;;;
15/07/2019;05:29:00;25;com vítima;576;BR-324/BA;Leste;Colisão Traseira;2;;;;;;;;;;2;;1;1;
15/07/2019;06:22:00;34;sem vítima;575;BR-324/BA;Leste;Colisão Traseira;1;;;;;1;;;;;4;;;;
15/07/2019;06:34:00;37;sem vítima;574;BR-324/BA;Leste;Colisão Traseira;2;;;;;1;;;;;3;;;;
15/07/2019;18:03:00;200;com vítima;452,9;BR-116/BA;Norte;Queda de Moto;;;;1;;;;;;;0;1;;;
15/07/2019;18:45:00;207;sem vítima;618,4;BR-324/BA;Oeste;Engavetamento;2;;;1;;;;;;;5;;;;
15/07/2019;19:04:00;211;sem vítima;835;BR-116/BA;Norte;Colisão Transversal;;;;1;;1;;;;;2;;;;
16/07/2019;06:25:00;20;com vítima;921;BR-116/BA;Norte;Tombamento;;;1;;;;;;;;1;;;1;
16/07/2019;06:45:00;26;sem vítima;633;BR-116/BA;Sul;Tombamento;;;1;;;;;;;;1;;;;
16/07/2019;06:50:00;29;sem vítima;891,4;BR-116/BA;Sul;Saida de Pista;;;;;;;;;;1;13;;;;
16/07/2019;08:06:00;57;com vítima;523;BR-324/BA;Leste;Tombamento;;;1;;;;;;;;0;;;1;
16/07/2019;10:05:00;86;sem vítima;599;BR-324/BA;Oeste;Colisão Lateral;1;;1;;;;;;;;6;;;;
16/07/2019;13:59:00;126;sem vítima;438;BR-116/BA;Norte;Colisão Traseira;;;2;;;;;;;;2;;;;
16/07/2019;14:27:00;136;sem vítima;618,3;BR-324/BA;Oeste;Colisão Traseira;1;;;;;;;;;1;3;;;;
16/07/2019;17:28:00;179;com vítima;16,8;BR-116/BA - Cont VC;Sul;Colisão Transversal;1;;;;;;;;;1;4;2;;;
16/07/2019;18:55:00;205;com vítima;9,9;BR-116/BA - Cont VC;Norte;Atropelamento de Animal;1;;;;;;;;;;1;;1;;
17/07/2019;07:26:00;38;sem vítima;545,1;BR-324/BA;Leste;Colisão Lateral;2;;;;;;;;;;4;;;;
17/07/2019;07:52:00;46;sem vítima;617,7;BR-324/BA;Leste;Colisão Traseira;2;;;;;;;;;;2;;;;
17/07/2019;10:30:00;107;sem vítima;609;BR-324/BA;Leste;Colisão Traseira;2;;;;;1;;;;;7;;;;
17/07/2019;10:42:00;110;sem vítima;609;BR-324/BA;Leste;Colisão Traseira;2;;;;;;;;;;3;;;;
17/07/2019;10:59:00;112;com vítima;546,2;BR-324/BA;Leste;Queda de Moto;;;;1;;;;;;;1;;1;;
17/07/2019;13:23:00;137;sem vítima;560;BR-324/BA;Oeste;Colisão Traseira;2;;;;;;;;;;7;;;;
17/07/2019;13:56:00;144;com vítima;809,8;BR-116/BA;Norte;Saida de Pista;;;;;;;;;;1;0;1;;;1
17/07/2019;17:42:00;199;com vítima;10,5;BR-116/BA - Cont VC;Sul;Colisão Traseira;1;;;1;;;;;;;1;1;;;
17/07/2019;18:01:00;206;sem vítima;614;BR-324/BA;Leste;Colisão Traseira;1;;1;;;;;;;;2;;;;
17/07/2019;18:37:00;209;sem vítima;601;BR-324/BA;Leste;Saida de Pista;1;;;;;;;;;;1;;;;
17/07/2019;20:45:00;234;sem vítima;452;BR-116/BA;Norte;Queda de Moto;;;;1;;;;;;;1;;;;
17/07/2019;21:45:00;244;com vítima;719;BR-116/BA;Norte;Queda de Moto;;;;1;;;;;;;0;;2;;
18/07/2019;05:25:00;12;sem vítima;574;BR-324/BA;Leste;Saida de Pista;1;;;;;;;;;;2;;;;
18/07/2019;05:46:00;15;sem vítima;821;BR-116/BA;Sul;Atropelamento de Animal;;;;;;;;;;1;9;;;;
18/07/2019;06:39:00;24;sem vítima;530;BR-324/BA;Leste;Colisão Lateral;;;2;;;;;;;;3;;;;
18/07/2019;07:28:00;44;sem vítima;529;BR-324/BA;Leste;Colisão Traseira;1;;;;;1;;;;;5;;;;
18/07/2019;08:19:00;52;sem vítima;439;BR-116/BA;Sul;Saida de Pista;1;;;;;;;;;;1;;;;
18/07/2019;09:37:00;75;sem vítima;625,6;BR-324/BA;Leste;Colisão Lateral;1;;1;;;;;;;;2;;;;
18/07/2019;11:04:00;102;sem vítima;612,5;BR-324/BA;Oeste;Colisão Traseira;1;;1;;;;;;;;3;;;;
18/07/2019;18:56:00;184;com vítima;465,3;BR-116/BA;Norte;Atropelamento de Pedestre;;;;;;1;;;;;1;;;1;
19/07/2019;08:21:00;63;com vítima;621;BR-324/BA;Leste;Colisão Lateral;1;;;1;;;;;;;5;1;;;
19/07/2019;14:42:00;176;sem vítima;588;BR-324/BA;Oeste;Colisão Traseira;1;;1;;;;;;;;3;;;;
19/07/2019;16:15:00;200;com vítima;596;BR-324/BA;Oeste;Engavetamento;2;;;;;;;;;2;19;1;;;
19/07/2019;17:13:00;214;sem vítima;578;BR-324/BA;Oeste;Engavetamento;2;;;;;1;;;;;3;;;;
19/07/2019;17:31:00;217;sem vítima;531;BR-324/BA;Oeste;Colisão Traseira;1;;;;;1;;;;;6;;;;
19/07/2019;17:40:00;219;com vítima;612;BR-324/BA;Leste;Colisão Traseira;3;;;;;;;;;;5;1;;;
19/07/2019;17:53:00;223;sem vítima;533,7;BR-324/BA;Oeste;Engavetamento;4;;;;;;;;;;7;;;;
19/07/2019;18:18:00;230;sem vítima;532,5;BR-324/BA;Oeste;Colisão Traseira;1;;1;;;;;;;;6;;;;
19/07/2019;18:31:00;233;sem vítima;16;BR-116/BA - Cont VC;Sul;Colisão Lateral;1;;;;;1;;;;;4;;;;
19/07/2019;18:36:00;235;sem vítima;574;BR-324/BA;Leste;Tombamento;;;1;;;;;;;;1;;;;
19/07/2019;18:54:00;240;sem vítima;520,1;BR-324/BA;Oeste;Colisão Traseira;1;;;;;;;;;1;9;;;;
19/07/2019;21:00:00;261;sem vítima;588;BR-116/BA;Sul;Saida de Pista;1;;;;;;;;;;4;;;;
19/07/2019;22:08:00;269;sem vítima;559,5;BR-324/BA;Oeste;Saida de Pista;1;;;;;;;;;;1;;;;
20/07/2019;05:25:00;14;sem vítima;589;BR-324/BA;Leste;Atropelamento de Animal;;;1;;;;;;;;1;;;;
20/07/2019;06:16:00;21;com vítima;543,2;BR-116/BA;Norte;Colisão Transversal;1;;1;;;;;;;;1;3;;1;
20/07/2019;06:37:00;26;sem vítima;434,5;BR-116/BA;Norte;Saida de Pista;;;;;;;;;;1;1;;;;
20/07/2019;07:09:00;36;com vítima;537;BR-324/BA;Leste;Colisão Transversal;;;;1;;1;;;;;1;;1;;
20/07/2019;13:51:00;125;com vítima;829,1;BR-116/BA;Sul;Colisão Traseira;1;;3;;;;;;;;3;;;;1
20/07/2019;14:12:00;128;sem vítima;581;BR-324/BA;Oeste;Saida de Pista;1;;;;;;;;;;1;;;;
20/07/2019;15:22:00;139;sem vítima;620;BR-324/BA;Leste;Colisão Traseira;2;;;;;;;;;;5;;;;
20/07/2019;22:04:00;215;sem vítima;616;BR-324/BA;Leste;Colisão Traseira;;;2;;;;;;;;2;;;;
20/07/2019;23:51:00;224;com vítima;840;BR-116/BA;Norte;Queda de Moto;;;;1;;;;;;;0;2;;;
21/07/2019;03:19:00;15;com vítima;610;BR-324/BA;Oeste;Atropelamento de Pedestre;1;;;;;;;;;;1;;1;;
21/07/2019;07:23:00;31;sem vítima;890,6;BR-116/BA;Sul;Colisão Lateral;1;;1;;;;;;;;4;;;;
21/07/2019;07:41:00;33;com vítima;456;BR-116/BA;Norte;Colisão Traseira;;;2;;;;;;;;1;;1;;
21/07/2019;09:56:00;54;com vítima;696;BR-116/BA;Sul;Saida de Pista;;;1;;;;;;;;0;;1;;
21/07/2019;10:36:00;62;sem vítima;812;BR-116/BA;Norte;Saida de Pista;;;;;;;;;;1;1;;;;
21/07/2019;10:38:00;63;com vítima;704;BR-116/BA;Norte;Colisão Frontal;1;;1;;;;;;;;1;3;;;1
21/07/2019;11:01:00;73;com vítima;812;BR-116/BA;Norte;Colisão Lateral;;;1;;;;;;;1;2;2;;;1
21/07/2019;15:29:00;118;com vítima;672,5;BR-116/BA;Sul;Colisão Lateral;;;;;;2;;;;;0;1;1;;
21/07/2019;15:55:00;125;sem vítima;461;BR-116/BA;Norte;Colisão Traseira;;;1;;;;;;;1;3;;;;
21/07/2019;18:27:00;153;sem vítima;632;BR-116/BA;Norte;Saida de Pista;1;;;;;;;;;;1;;;;
22/07/2019;05:06:00;12;sem vítima;461;BR-116/BA;Norte;Saida de Pista;1;;;;;1;;;;;4;;;;
22/07/2019;06:45:00;28;sem vítima;445,5;BR-116/BA;Norte;Saida de Pista;;;;;1;;;;;;1;;;;
22/07/2019;07:41:00;47;sem vítima;822;BR-116/BA;Norte;Colisão Traseira;1;;;1;;;;;;;2;;;;
22/07/2019;09:53:00;88;sem vítima;4;BA-526;Norte;Saida de Pista;1;;;;;;;;;;1;;;;
22/07/2019;10:49:00;112;sem vítima;524;BR-324/BA;Leste;Saida de Pista;1;;;;;;;;;;1;;;;
22/07/2019;12:15:00;130;sem vítima;827;BR-116/BA;Sul;Colisão Transversal;2;;;;;;;;;;2;;;;
22/07/2019;15:00:00;164;sem vítima;563;BR-324/BA;Oeste;Colisão Lateral;;;;;;1;;;;1;21;;;;
22/07/2019;16:16:00;190;sem vítima;525;BR-324/BA;Oeste;Engavetamento;;;2;;1;;;;;;8;;;;
22/07/2019;16:26:00;197;sem vítima;527;BR-324/BA;Leste;Colisão Lateral;1;;;;;1;;;;;2;;;;
22/07/2019;16:49:00;203;sem vítima;595;BR-324/BA;Oeste;Colisão Lateral;1;;1;;1;;;;;;22;;;;
22/07/2019;18:13:00;226;sem vítima;674;BR-116/BA;Norte;Colisão Transversal;;;2;;;;;;;;2;;;;
22/07/2019;23:19:00;271;sem vítima;543;BR-324/BA;Oeste;Choque Contra Objeto Fixo;;;;;;;;;;1;1;;;;
23/07/2019;05:06:00;12;sem vítima;735,9;BR-116/BA;Norte;Colisão Lateral;;;2;;;;;;;;2;;;;
23/07/2019;07:14:00;34;sem vítima;484,9;BR-116/BA;Norte;Colisão Lateral;1;;;;;1;;;;;3;;;;
23/07/2019;07:29:00;41;com vítima;521;BR-324/BA;Leste;Colisão Traseira;;;;1;;1;;;;;1;1;;;
23/07/2019;09:46:00;73;sem vítima;622,7;BR-324/BA;Leste;Engavetamento;6;;;;;;;;;;9;;;;
23/07/2019;11:39:00;102;sem vítima;582;BR-324/BA;Leste;Saida de Pista;;;1;;;;;;;;1;;;;
23/07/2019;13:54:00;136;sem vítima;830;BR-116/BA;Norte;Colisão Traseira;;;;1;;;;;;1;2;;;;
23/07/2019;14:36:00;143;com vítima;574;BR-324/BA;Oeste;Colisão Traseira;2;;;;;;;;;;1;;1;;
23/07/2019;17:54:00;187;com vítima;542,1;BR-324/BA;Oeste;Atropelamento de Pedestre;;;;;;1;;;;;1;1;;;
23/07/2019;18:58:00;197;sem vítima;615;BR-324/BA;Leste;Colisão Traseira;2;;;;;;;;;;6;;;;
23/07/2019;21:01:00;209;sem vítima;609;BR-324/BA;Oeste;Saida de Pista;1;;;;;;;;;;4;;;;
23/07/2019;21:03:00;210;sem vítima;519,5;BR-116/BA;Norte;Atropelamento de Animal;1;;;;;;;;;;1;;;;
24/07/2019;04:06:00;8;sem vítima;696;BR-116/BA;Sul;Choque Contra Objeto Fixo;1;;;;;;;;;;1;;;;
24/07/2019;07:21:00;31;sem vítima;9,8;BR-116/BA - Cont VC;Norte;Colisão Lateral;1;;;;;1;;;;;2;;;;
24/07/2019;07:35:00;35;sem vítima;616,7;BR-324/BA;Oeste;Engavetamento;2;;;;;1;;;;1;4;;;;
24/07/2019;08:25:00;56;sem vítima;617;BR-324/BA;Oeste;Engavetamento;1;;;;;;;;;2;4;;;;
24/07/2019;09:50:00;80;sem vítima;842;BR-116/BA;Norte;Queda de Moto;;;;1;;1;;;;;3;;;;
24/07/2019;10:10:00;84;sem vítima;588;BR-324/BA;Leste;Saida de Pista;1;;;;;;;;;;2;;;;
24/07/2019;12:28:00;108;com vítima;3;BR-116/BA - ContSuFS;Sul;Colisão Traseira;1;;;;;1;;;;;1;2;;;
24/07/2019;12:53:00;113;sem vítima;486,8;BR-116/BA;Norte;Tombamento;;;1;;;;;;;;1;;;;
24/07/2019;16:21:00;163;sem vítima;613,7;BR-324/BA;Leste;Colisão Traseira;1;;1;;;;;;;;4;;;;
24/07/2019;16:31:00;164;com vítima;702;BR-116/BA;Norte;Saida de Pista;;;1;;;;;;;;0;;;1;
24/07/2019;19:42:00;202;com vítima;516,5;BR-116/BA;Sul;Colisão Transversal;1;;;1;;;;;;;2;1;;;1
24/07/2019;19:56:00;204;sem vítima;520;BR-324/BA;Leste;Colisão Lateral;1;;1;;;;;;;;6;;;;
24/07/2019;20:08:00;209;com vítima;648;BR-116/BA;Norte;Tombamento;;;1;;;;;;;;0;1;;;
24/07/2019;22:07:00;220;sem vítima;0,3;BR-116/BA - Cont VC;Norte;Capotamento;1;;;;;;;;;;1;;;;
25/07/2019;05:44:00;15;sem vítima;621,96;BR-324/BA;Leste;Colisão Lateral;1;;;;1;;;;;;30;;;;
25/07/2019;07:02:00;28;sem vítima;616,5;BR-324/BA;Oeste;Engavetamento;3;;;;;;;;;;3;;;;
25/07/2019;07:07:00;31;com vítima;441,8;BR-116/BA;Sul;Saida de Pista;;;1;;;;;;;;1;;1;;1
25/07/2019;08:27:00;56;com vítima;620;BR-324/BA;Leste;Colisão Traseira;;;;2;;;;;;;1;1;;;
25/07/2019;09:03:00;65;sem vítima;619;BR-324/BA;Leste;Engavetamento;1;;;;;1;;;;1;2;;;;
25/07/2019;09:14:00;67;com vítima;532;BR-324/BA;Oeste;Colisão Traseira;1;;;1;;;;;;;2;1;;;
25/07/2019;16:05:00;155;sem vítima;461;BR-116/BA;Sul;Colisão Traseira;;;;;;1;;;;1;2;;;;
25/07/2019;18:27:00;182;sem vítima;904,9;BR-116/BA;Sul;Saida de Pista;;;1;;;;;;;;1;;;;
26/07/2019;05:42:00;16;sem vítima;614;BR-324/BA;Oeste;Colisão Traseira;1;;;;;;;;;1;3;;;;
26/07/2019;06:10:00;18;sem vítima;537;BR-324/BA;Oeste;Saida de Pista;1;;;;;;;;;;1;;;;
26/07/2019;12:36:00;125;sem vítima;485;BR-116/BA;Norte;Colisão Traseira;2;;;;;;;;;;2;;;;
26/07/2019;14:40:00;156;com vítima;613;BR-116/BA;Norte;Queda de Moto;;;;1;;;;;;;0;1;;;
26/07/2019;17:04:00;186;sem vítima;623,4;BR-324/BA;Oeste;Engavetamento;3;;;;;1;;;;;9;;;;
26/07/2019;17:31:00;193;com vítima;28;BR-116/BA - Cont VC;Sul;Atropelamento - Ciclista;;1;;;;;;;;1;1;;1;;
26/07/2019;17:44:00;198;sem vítima;586;BR-324/BA;Leste;Saida de Pista;;;1;;;;;;;;2;;;;
26/07/2019;20:29:00;230;com vítima;529,3;BR-324/BA;Oeste;Colisão Lateral;;;;1;;1;;;;;1;;;1;
26/07/2019;21:04:00;237;sem vítima;796;BR-116/BA;Norte;Colisão Traseira;1;;;;;1;;;;;2;;;;
26/07/2019;23:38:00;263;sem vítima;539;BR-324/BA;Oeste;Colisão Traseira;2;;;;;;;;;;3;;;;
27/07/2019;01:10:00;6;sem vítima;551,5;BR-324/BA;Leste;Saida de Pista;1;;;;;;;;;;2;;;;
27/07/2019;03:04:00;14;sem vítima;593,8;BR-116/BA;Sul;Saida de Pista;;;;;1;;;;;;50;;;;
27/07/2019;05:42:00;19;sem vítima;873;BR-116/BA;Norte;Colisão Traseira;1;;;;;;;;;1;11;;;;
27/07/2019;06:06:00;21;com vítima;15,3;BR-116/BA - Cont VC;Sul;Colisão Traseira;2;;1;;;;;;;;4;;2;;
27/07/2019;06:19:00;22;sem vítima;612;BR-324/BA;Oeste;Colisão Traseira;2;;;;;;;;;;6;;;;
27/07/2019;08:08:00;48;com vítima;695;BR-116/BA;Norte;Engavetamento;1;;4;;;;;;;;4;1;2;1;
27/07/2019;09:29:00;68;com vítima;447,5;BR-116/BA;Sul;Colisão Traseira;;;1;;;;;;;1;17;1;;;
27/07/2019;14:49:00;141;sem vítima;776;BR-116/BA;Sul;Colisão Traseira;;;2;;;;;;;;2;;;;
27/07/2019;18:22:00;199;sem vítima;524,6;BR-324/BA;Oeste;Colisão Traseira;1;;;;;1;;;;;5;;;;
27/07/2019;20:07:00;212;com vítima;540,1;BR-324/BA;Leste;Choque Contra Objeto Fixo;1;;;;;;;;;;0;1;;;
28/07/2019;01:59:00;12;com vítima;696,8;BR-116/BA;Sul;Tombamento;;;1;;;;;;;;0;;;;1
28/07/2019;07:57:00;50;sem vítima;532;BR-116/BA;Norte;Capotamento;;;;;;;;;;1;2;;;;
28/07/2019;09:05:00;62;sem vítima;675;BR-116/BA;Norte;Colisão Lateral;1;;1;;;;;;;;4;;;;
28/07/2019;14:37:00;118;com vítima;817,9;BR-116/BA;Norte;Colisão Transversal;1;;;1;;;;;;;2;1;;;
28/07/2019;15:56:00;135;sem vítima;15,3;BR-116/BA - Cont VC;Norte;Colisão Lateral;2;;;;;;;;;;7;;;;
28/07/2019;17:21:00;158;sem vítima;537;BR-324/BA;Leste;Colisão Transversal;1;;;;;1;;;;;4;;;;