data;horario;n_da_ocorrencia;tipo_de_ocorrencia;km;trecho;sentido;tipo_de_acidente;automovel;bicicleta;caminhao;moto;onibus;outros;tracao_animal;transporte_de_cargas_especiais;trator_maquinas;utilitarios;ilesos;levemente_feridos;moderadamente_feridos;gravemente_feridos;mortos
28/07/2019;17:53:00;167;com vítima;811;BR-116/BA;Norte;Queda de Moto;;;;1;;;;;;;0;1;;;
28/07/2019;18:07:00;170;sem vítima;501;BR-116/BA;Sul;Colisão Traseira;1;;1;;;;;;;;4;;;;
29/07/2019;08:12:00;74;com vítima;614;BR-324/BA;Leste;Colisão Traseira;;;;1;;1;;;;;1;2;;;
29/07/2019;09:48:00;101;sem vítima;734;BR-116/BA;Sul;Engavetamento;;;2;;;;;;;1;4;;;;
29/07/2019;13:59:00;162;sem vítima;576;BR-324/BA;Oeste;Saida de Pista;1;;1;;;;;;;;4;;;;
29/07/2019;16:33:00;199;sem vítima;607;BR-324/BA;Oeste;Colisão Traseira;;;1;;1;;;;;;30;;;;
29/07/2019;17:00:00;210;com vítima;618;BR-324/BA;Leste;Queda de Moto;;;;1;;;;;;;0;1;;;
29/07/2019;17:17:00;218;com vítima;562;BR-324/BA;Oeste;Saida de Pista;1;;;;;;;;;;0;1;;;
29/07/2019;17:43:00;223;com vítima;618;BR-324/BA;Leste;Queda de Moto;;;;1;;;;;;;1;1;;;
29/07/2019;18:16:00;226;sem vítima;612;BR-324/BA;Leste;Colisão Traseira;1;;;;;1;;;;;3;;;;
29/07/2019;18:31:00;230;sem vítima;581;BR-324/BA;Oeste;Saida de Pista;1;;;;;;;;;;4;;;;
29/07/2019;18:50:00;233;com vítima;779,2;BR-116/BA;Norte;Atropelamento de Pedestre;;;;1;;;;;;;0;;1;1;
29/07/2019;18:58:00;236;com vítima;15,3;BR-116/BA - Cont VC;Sul;Queda de Moto;;;;1;;;;;;;0;1;;;
29/07/2019;21:05:00;274;sem vítima;546;BR-116/BA;Norte;Colisão Lateral;;;1;;1;;;;;;43;;;;
29/07/2019;23:38:00;288;com vítima;503;BR-116/BA;Norte;Tombamento;;;1;;;;;;;;0;;;;1
30/07/2019;08:48:00;58;com vítima;29;BR-116/BA - Cont VC;Norte;Queda de Moto;;;;1;;;;;;;0;1;;;
30/07/2019;11:02:00;92;sem vítima;600,9;BR-324/BA;Leste;Saida de Pista;1;;;;;;;;;;5;;;;
30/07/2019;14:34:00;149;sem vítima;536,7;BR-324/BA;Leste;Colisão Traseira;1;;;;;;;;;1;2;;;;
30/07/2019;17:29:00;189;sem vítima;614;BR-324/BA;Oeste;Saida de Pista;1;;;;;;;;;;1;;;;
30/07/2019;20:46:00;244;sem vítima;529;BR-324/BA;Oeste;Colisão Traseira;;;2;;;;;;;;3;;;;
30/07/2019;23:11:00;259;com vítima;546;BR-324/BA;Oeste;Colisão Traseira;;;2;;;;;;;;2;;1;;
30/07/2019;23:14:00;260;sem vítima;605;BR-324/BA;Oeste;Atropelamento de Animal;1;;;;;;;;;;1;;;;
31/07/2019;07:07:00;41;sem vítima;620;BR-324/BA;Leste;Engavetamento;3;;1;;;;;;;;4;;;;
31/07/2019;08:18:00;65;sem vítima;818,5;BR-116/BA;Norte;Colisão Traseira;1;;;;;;;;;1;3;;;;
31/07/2019;10:38:00;94;sem vítima;817,7;BR-116/BA;Sul;Colisão Lateral;;;2;;;;;;;;2;;;;
31/07/2019;12:00:00;109;com vítima;597;BR-324/BA;Leste;Colisão Traseira;2;;;;;;;;;;1;;;1;
31/07/2019;12:24:00;115;sem vítima;522;BR-324/BA;Oeste;Colisão Traseira;;;1;;1;;;;;;25;;;;
31/07/2019;13:20:00;127;sem vítima;595;BR-324/BA;Oeste;Colisão Lateral;1;;;;;;;;;;1;;;;
31/07/2019;16:43:00;175;sem vítima;493;BR-116/BA;Sul;Colisão Lateral;1;;1;;;;;;;;2;;;;
31/07/2019;17:05:00;181;com vítima;546,8;BR-324/BA;Leste;Capotamento;;;;;;;;;;1;3;1;;;
31/07/2019;17:09:00;182;sem vítima;608,3;BR-324/BA;Leste;Engavetamento;3;;;;;;;;;;5;;;;
31/07/2019;18:10:00;193;com vítima;854;BR-116/BA;Norte;Queda de Moto;;;;1;;1;;;;;1;1;;;
31/07/2019;21:29:00;216;sem vítima;533,7;BR-324/BA;Leste;Colisão Traseira;;;1;;;1;;;;;2;;;;
01/10/2019;00:34:00;5;sem vítima;684,7;BR-116/BA;Sul;Saida de Pista;1;;;;;;;;;;4;;;;
01/10/2019;01:48:00;12;sem vítima;464;BR-116/BA;Sul;Atropelamento de Animal;;;1;;;;;;;;2;;;;
01/10/2019;05:55:00;28;sem vítima;623,4;BR-324/BA;Leste;Colisão Lateral;1;;1;;;;;;;;2;;;;
01/10/2019;09:21:00;105;sem vítima;619;BR-324/BA;Leste;Colisão Traseira;2;;;;;;;;;;3;;;;
01/10/2019;16:53:00;217;sem vítima;555,1;BR-116/BA;Norte;Tombamento;;;1;;;;;;;;1;;;;
02/10/2019;06:23:00;26;sem vítima;533;BR-324/BA;Oeste;Colisão Traseira;;;;;;1;;;;1;4;;;;
02/10/2019;08:16:00;62;sem vítima;636;BR-116/BA;Sul;Colisão Transversal;1;;1;;;;;;;;7;;;;
02/10/2019;09:11:00;85;sem vítima;613;BR-324/BA;Leste;Colisão Traseira;1;;;;;;;;;1;6;;;;
02/10/2019;12:15:00;126;sem vítima;564;BR-324/BA;Oeste;Saida de Pista;;;1;;;;;;;;1;;;;
02/10/2019;13:28:00;137;sem vítima;587,1;BR-324/BA;Oeste;Saida de Pista;;;1;;;;;;;;1;;;;
02/10/2019;17:32:00;199;sem vítima;569;BR-324/BA;Leste;Colisão Traseira;1;;1;;;;;;;;8;;;;
02/10/2019;19:25:00;233;sem vítima;555;BR-116/BA;Sul;Colisão Traseira;2;;;;;;;;;;5;;;;
02/10/2019;20:19:00;241;com vítima;616;BR-324/BA;Leste;Queda de Moto;;;;1;;;;;;;0;1;;;
03/10/2019;02:25:00;14;sem vítima;551;BR-324/BA;Oeste;Atropelamento de Animal;1;;;;;;;;;;1;;;;
03/10/2019;07:33:00;50;sem vítima;582;BR-324/BA;Oeste;Saida de Pista;1;;;;;;;;;;1;;;;
03/10/2019;12:09:00;125;com vítima;459;BR-116/BA;Norte;Queda de Moto;;;;1;;;;;;;1;2;;;
03/10/2019;18:50:00;213;sem vítima;599;BR-324/BA;Oeste;Colisão Lateral;1;;;;;1;;;;;3;;;;
03/10/2019;19:30:00;218;com vítima;1;BR-116/BA - ContSuFS;Sul;Colisão Lateral;;;;1;;1;;;;;1;1;;;
04/10/2019;07:33:00;45;com vítima;588,1;BR-324/BA;Oeste;Atropelamento de Pedestre;1;;;;;1;;;;;1;;;;1
04/10/2019;07:38:00;52;sem vítima;550,2;BR-324/BA;Leste;Colisão Lateral;;;2;;;;;;;;2;;;;
04/10/2019;07:57:00;54;sem vítima;531,7;BR-324/BA;Leste;Colisão Lateral;1;;1;;;;;;;;3;;;;
04/10/2019;14:38:00;123;sem vítima;530,1;BR-324/BA;Oeste;Choque Contra Objeto Fixo;1;;;;;;;;;;1;;;;
04/10/2019;15:37:00;143;sem vítima;588;BR-116/BA;Sul;Queda de Moto;;;;1;;;;;;;1;;;;
04/10/2019;17:51:00;182;com vítima;615,4;BR-324/BA;Leste;Colisão Lateral;1;;;1;;;;;;;1;;1;;
04/10/2019;20:38:00;225;sem vítima;1;BR-116/BA - ContSuFS;Norte;Saida de Pista;;;;;;;;;;1;1;;;;
04/10/2019;21:45:00;235;sem vítima;494;BR-116/BA;Norte;Colisão Traseira;1;;1;;;;;;;;2;;;;
04/10/2019;23:33:00;241;sem vítima;710;BR-116/BA;Norte;Colisão Traseira;;;;;2;;;;;;2;;;;
05/10/2019;05:16:00;19;sem vítima;574;BR-324/BA;Leste;Colisão Traseira;;;;;;1;;;;1;2;;;;
05/10/2019;07:05:00;31;com vítima;588,5;BR-324/BA;Oeste;Tombamento;;;1;;;;;;;;0;;1;;
05/10/2019;13:44:00;101;sem vítima;591;BR-324/BA;Oeste;Colisão Traseira;1;;;;;1;;;;;3;;;;
05/10/2019;15:20:00;133;sem vítima;604,7;BR-116/BA;Sul;Saida de Pista;;;1;;;;;;;;1;;;;
05/10/2019;19:49:00;192;com vítima;15;BR-116/BA - Cont VC;Norte;Colisão Transversal;;;;1;;1;;;;;1;1;;;
05/10/2019;20:21:00;195;sem vítima;9,7;BR-116/BA - Cont VC;Norte;Atropelamento de Animal;;;;;;;;;;1;2;;;;
05/10/2019;22:27:00;209;com vítima;827;BR-116/BA;Norte;Colisão Lateral;1;;;1;;;;;;;1;1;;;
06/10/2019;02:34:00;13;sem vítima;555,1;BR-116/BA;Norte;Tombamento;;;1;;;;;;;;1;;;;
06/10/2019;15:58:00;115;com vítima;5;BR-116/BA - ContSuFS;Norte;Queda de Moto;;;;1;;;;;;;0;;;;1
06/10/2019;16:56:00;128;sem vítima;518;BR-116/BA;Sul;Colisão Transversal;2;;;;;;;;;;2;;;;
06/10/2019;17:20:00;134;sem vítima;547,1;BR-116/BA;Sul;Colisão Lateral;;;1;;1;;;;;;18;;;;
06/10/2019;17:29:00;137;sem vítima;578,2;BR-324/BA;Leste;Colisão Lateral;2;;;;;;;;;;2;;;;
06/10/2019;18:01:00;148;sem vítima;623;BR-324/BA;Leste;Choque Contra Objeto Fixo;1;;;;;;;;;;2;;;;
06/10/2019;22:04:00;188;sem vítima;599;BR-324/BA;Leste;Colisão Traseira;;;;1;;;;;;;2;;;;
06/10/2019;22:38:00;190;com vítima;795,2;BR-116/BA;Norte;Colisão Frontal;;;1;1;;;;;;;1;;;;1
07/10/2019;01:54:00;6;sem vítima;611;BR-324/BA;Leste;Saida de Pista;1;;;;;;;;;;1;;;;
07/10/2019;06:10:00;25;sem vítima;550;BR-324/BA;Leste;Saida de Pista;1;;;;;;;;;;1;;;;
07/10/2019;06:50:00;41;sem vítima;613,3;BR-324/BA;Leste;Colisão Traseira;2;;;;;;;;;;9;;;;
07/10/2019;06:53:00;44;sem vítima;611,2;BR-324/BA;Leste;Colisão Traseira;2;;;;;;;;;;3;;;;
07/10/2019;06:53:00;55;sem vítima;611,2;BR-324/BA;Leste;Colisão Traseira;2;;;;;;;;;;2;;;;
07/10/2019;08:56:00;94;sem vítima;829,6;BR-116/BA;Sul;Saida de Pista;1;;;;;1;;;;;2;;;;
07/10/2019;09:15:00;99;sem vítima;607,8;BR-324/BA;Leste;Engavetamento;;;1;;;1;;;;1;3;;;;
07/10/2019;09:20:00;102;sem vítima;608,4;BR-324/BA;Leste;Engavetamento;2;;;;;;;;;;5;;;;
07/10/2019;10:44:00;125;sem vítima;551;BR-324/BA;Oeste;Colisão Traseira;2;;;;;;;;;;2;;;;
07/10/2019;12:14:00;151;sem vítima;566;BR-324/BA;Leste;Colisão Lateral;2;;;;;;;;;;6;;;;
07/10/2019;14:39:00;173;sem vítima;820,05;BR-116/BA;Norte;Colisão Lateral;;;;1;;;;;;1;2;;;;
07/10/2019;14:58:00;178;sem vítima;607;BR-324/BA;Leste;Colisão Lateral;1;;;;;1;;;;;2;;;;
07/10/2019;14:59:00;180;com vítima;595;BR-116/BA;Sul;Saida de Pista;;;1;;;;;;;;0;1;;;
07/10/2019;17:44:00;225;com vítima;8;BA-526;Norte;Queda de Moto;;;;1;;;;;;;1;1;;;
07/10/2019;18:17:00;233;sem vítima;613;BR-324/BA;Leste;Colisão Lateral;2;;;;;;;;;;2;;;;
08/10/2019;08:15:00;59;sem vítima;612,5;BR-324/BA;Oeste;Colisão Traseira;1;;1;;;;;;;;2;;;;
08/10/2019;13:02:00;132;com vítima;894;BR-116/BA;Norte;Capotamento;;;;;;;;;;1;0;;1;;
08/10/2019;15:47:00;180;sem vítima;623;BR-324/BA;Oeste;Colisão Traseira;1;;1;;;;;;;;3;;;;
08/10/2019;17:44:00;205;sem vítima;767;BR-116/BA;Norte;Saida de Pista;;;1;;;;;;;;1;;;;
08/10/2019;18:28:00;214;com vítima;769;BR-116/BA;Sul;Atropelamento de Pedestre;;;;;;1;;;;;1;;;;1
09/10/2019;00:06:00;1;sem vítima;547,5;BR-324/BA;Leste;Saida de Pista;1;;;;;;;;;;1;;;;
09/10/2019;11:15:00;90;sem vítima;728;BR-116/BA;Sul;Saida de Pista;;;1;;;;;;;;1;;;;
09/10/2019;12:49:00;102;sem vítima;575,5;BR-324/BA;Leste;Saida de Pista;1;;;;;;;;;;1;;;;
09/10/2019;20:46:00;220;sem vítima;565,8;BR-324/BA;Leste;Saida de Pista;1;;;;;;;;;;1;;;;
09/10/2019;23:09:00;236;sem vítima;427,8;BR-116/BA;Norte;Capotamento;1;;;;;;;;;;2;;;;
10/10/2019;02:15:00;13;sem vítima;648;BR-116/BA;Norte;Colisão Lateral;1;;1;;;;;;;;3;;;;
10/10/2019;05:00:00;24;com vítima;585;BR-324/BA;Oeste;Saida de Pista;1;;;;;;;;;;0;;1;;
10/10/2019;06:39:00;42;sem vítima;593;BR-116/BA;Sul;Saida de Pista;;;1;;;;;;;;1;;;;
10/10/2019;07:42:00;68;sem vítima;622,7;BR-324/BA;Leste;Queda de Moto;;;;1;;;;;;;2;;;;
10/10/2019;13:15:00;158;sem vítima;625,6;BR-324/BA;Leste;Engavetamento;2;;1;;;;;;;;3;;;;
10/10/2019;16:37:00;227;sem vítima;589,4;BR-324/BA;Oeste;Colisão Traseira;;;;1;;;;;;1;2;;;;
10/10/2019;18:02:00;250;sem vítima;587,3;BR-324/BA;Leste;Saida de Pista;1;;;;;;;;;;1;;;;
11/10/2019;03:42:00;6;sem vítima;614,2;BR-116/BA;Sul;Saida de Pista;1;;;;;;;;;;1;;;;
11/10/2019;13:04:00;105;sem vítima;461,6;BR-116/BA;Sul;Colisão Traseira;;;1;;;;;;;1;2;;;;
11/10/2019;13:54:00;111;sem vítima;8;BA-526;Norte;Colisão Transversal;1;;;;;;;;;1;7;;;;
11/10/2019;14:27:00;114;sem vítima;537;BR-324/BA;Oeste;Colisão Transversal;2;;;;;;;;;;3;;;;
11/10/2019;15:32:00;132;sem vítima;587;BR-324/BA;Oeste;Colisão Lateral;1;;;;;1;;;;;3;;;;
11/10/2019;15:36:00;133;sem vítima;564;BR-324/BA;Oeste;Saida de Pista;;;1;;;;;;;;1;;;;
11/10/2019;17:06:00;161;sem vítima;827,2;BR-116/BA;Sul;Colisão Transversal;1;;;1;;;;;;;2;;;;
11/10/2019;18:13:00;179;sem vítima;588;BR-324/BA;Oeste;Engavetamento;3;;1;;;;;;;;7;;;;
11/10/2019;18:49:00;190;sem vítima;660,1;BR-116/BA;Norte;Saida de Pista;;;;;;;;;;1;2;;;;
12/10/2019;08:11:00;54;sem vítima;566;BR-324/BA;Oeste;Saida de Pista;;;1;;;;;;;;2;;;;
12/10/2019;08:36:00;61;sem vítima;3;BA-526;Sul;Colisão Transversal;1;;;;;;;;;1;2;;;;
12/10/2019;08:58:00;66;com vítima;624,5;BR-324/BA;Leste;Colisão Traseira;1;;;1;;;;;;;4;2;;;
12/10/2019;13:17:00;112;sem vítima;587,3;BR-324/BA;Oeste;Saida de Pista;1;;;;;;;;;;4;;;;
12/10/2019;15:16:00;137;sem vítima;621,9;BR-324/BA;Oeste;Colisão Traseira;;;;1;;;;;;;1;;;;
12/10/2019;18:33:00;177;sem vítima;924;BR-116/BA;Sul;Colisão Lateral;;;2;;;;;;;;2;;;;
12/10/2019;19:42:00;185;sem vítima;621;BR-324/BA;Leste;Colisão Traseira;2;;;;;;;;;;2;;;;
12/10/2019;20:25:00;191;sem vítima;547;BR-324/BA;Leste;Queda de Moto;;;;1;;;;;;;1;;;;
12/10/2019;22:35:00;216;sem vítima;849,1;BR-116/BA;Sul;Tombamento;;;1;;;;;;;;1;;;;
13/10/2019;20:54:00;170;com vítima;468;BR-116/BA;Sul;Saida de Pista;;;;;;;;;;1;0;;;1;
13/10/2019;21:05:00;173;sem vítima;605;BR-324/BA;Leste;Queda de Moto;;;;1;;;;;;;2;;;;
14/10/2019;08:03:00;73;sem vítima;608,3;BR-324/BA;Leste;Colisão Traseira;1;;;;;;;;;1;2;;;;
14/10/2019;08:39:00;88;sem vítima;817,9;BR-116/BA;Norte;Colisão Transversal;;;1;;;;;;;1;2;;;;
14/10/2019;11:57:00;142;com vítima;623;BR-324/BA;Leste;Colisão Lateral;;;;1;;1;;;;;1;1;;;
14/10/2019;13:33:00;157;com vítima;583;BR-324/BA;Leste;Tombamento;;;1;;;;;;;;1;1;1;;
14/10/2019;17:50:00;213;com vítima;633;BR-116/BA;Norte;Colisão Transversal;;;;1;;;;;;1;1;1;;;
14/10/2019;23:24:00;260;sem vítima;621,4;BR-324/BA;Oeste;Saida de Pista;1;;;;;;;;;;1;;;;
15/10/2019;03:37:00;11;com vítima;616,7;BR-324/BA;Oeste;Tombamento;;;1;;;;;;;;0;1;;;
15/10/2019;07:01:00;31;sem vítima;597,8;BR-324/BA;Leste;Choque Contra Objeto Fixo;1;;;;;;;;;;4;;;;
15/10/2019;08:29:00;55;com vítima;818;BR-116/BA;Sul;Colisão Transversal;2;;;;;;;;;;2;1;;;
15/10/2019;13:17:00;131;com vítima;593,5;BR-324/BA;Leste;Capotamento;;;;;;;;;;1;2;;2;;
15/10/2019;15:23:00;165;sem vítima;607;BR-324/BA;Leste;Colisão Traseira;;;2;;;;;;;;2;;;;
15/10/2019;15:55:00;177;com vítima;668;BR-116/BA;Norte;Colisão Transversal;2;;;;;;;;;;4;1;;;
15/10/2019;19:58:00;243;sem vítima;483;BR-116/BA;Sul;Saida de Pista;1;;;;;;;;;;1;;;;
15/10/2019;20:31:00;248;com vítima;462,5;BR-116/BA;Sul;Atropelamento de Pedestre;;;;;;;;;;1;4;;1;;
16/10/2019;09:47:00;91;sem vítima;804;BR-116/BA;Sul;Engavetamento;;;1;;1;;;;;1;25;;;;
16/10/2019;10:37:00;107;sem vítima;604,2;BR-324/BA;Oeste;Engavetamento;2;;1;;;;;;;2;5;;;;
16/10/2019;14:17:00;154;com vítima;612,1;BR-324/BA;Leste;Saida de Pista;1;;;;;;;;;;0;1;;;
16/10/2019;19:52:00;241;com vítima;500;BR-116/BA;Norte;Colisão Frontal;1;;4;;;;;;;;4;;1;;2
17/10/2019;10:55:00;106;sem vítima;525;BR-324/BA;Leste;Saida de Pista;;;1;;;;;;;;1;;;;
17/10/2019;14:55:00;152;com vítima;758,1;BR-116/BA;Sul;Colisão Traseira;1;;;1;;;;;;;1;;1;;
18/10/2019;09:13:00;92;com vítima;538;BR-324/BA;Oeste;Atropelamento de Pedestre;;;1;;;;;;;;1;1;;;
18/10/2019;14:12:00;173;com vítima;828;BR-116/BA;Norte;Colisão Transversal;;;;1;;1;;;;;1;1;;;
18/10/2019;15:37:00;203;sem vítima;470;BR-116/BA;Norte;Saida de Pista;1;;;;;;;;;;5;;;;
18/10/2019;17:57:00;232;sem vítima;622,1;BR-324/BA;Oeste;Engavetamento;2;;1;;;;;;;;3;;;;
18/10/2019;20:15:00;260;sem vítima;756,5;BR-116/BA;Sul;Colisão Lateral;;;1;;;1;;;;;2;;;;
18/10/2019;22:39:00;285;com vítima;556;BR-324/BA;Leste;Saida de Pista;1;;;;;;;;;;0;;1;;
18/10/2019;23:11:00;293;com vítima;777,5;BR-116/BA;Sul;Atropelamento de Pedestre;;;;;;1;;;;;1;;1;;
19/10/2019;05:28:00;24;sem vítima;622,8;BR-324/BA;Leste;Colisão Lateral;1;;;;1;1;;;;;4;;;;
19/10/2019;06:56:00;34;sem vítima;847,2;BR-116/BA;Norte;Engavetamento;;;2;;;;;;;1;12;;;;
19/10/2019;07:44:00;44;sem vítima;534,9;BR-324/BA;Oeste;Colisão Traseira;1;;;;;1;;;;;2;;;;
19/10/2019;10:59:00;72;sem vítima;929;BR-116/BA;Sul;Colisão Traseira;1;;1;;;;;;;;5;;;;
19/10/2019;12:55:00;95;sem vítima;526;BR-324/BA;Oeste;Colisão Lateral;;;1;;;;;;;1;2;;;;
19/10/2019;14:30:00;112;sem vítima;615,5;BR-324/BA;Oeste;Colisão Lateral;1;;1;;;;;;;;3;;;;
19/10/2019;14:54:00;115;sem vítima;913,5;BR-116/BA;Sul;Colisão Traseira;;;2;;;;;;;;2;;;;
19/10/2019;15:55:00;126;sem vítima;607,4;BR-324/BA;Oeste;Colisão Traseira;2;;;;;;;;;;3;;;;
20/10/2019;03:23:00;17;com vítima;814,1;BR-116/BA;Sul;Queda de Moto;;;;1;;;;;;;0;;1;;
20/10/2019;05:11:00;25;com vítima;580,5;BR-116/BA;Sul;Saida de Pista;1;;;;;;;;;;0;1;;;
20/10/2019;09:45:00;62;sem vítima;862,2;BR-116/BA;Norte;Sequência;;;4;;;;;;;;4;;;;
20/10/2019;15:20:00;127;com vítima;25,8;BR-116/BA - Cont VC;Norte;Colisão Transversal;1;;;1;;;;;;;2;1;;;
20/10/2019;16:51:00;156;sem vítima;837;BR-116/BA;Norte;Colisão Traseira;1;;1;;;;;;;;2;;;;
20/10/2019;19:15:00;186;com vítima;27;BR-116/BA - Cont VC;Sul;Colisão Lateral;1;;;1;;;;;;;1;;1;;
20/10/2019;20:08:00;192;sem vítima;676;BR-116/BA;Norte;Saida de Pista;1;;;;;;;;;;1;;;;
20/10/2019;23:47:00;213;sem vítima;566;BR-324/BA;Leste;Atropelamento de Animal;1;;;;;;;;;;1;;;;
21/10/2019;01:18:00;10;sem vítima;579;BR-324/BA;Leste;Saida de Pista;1;;;;;;;;;;1;;;;
21/10/2019;07:11:00;66;sem vítima;569;BR-324/BA;Leste;Saida de Pista;1;;;;;;;;;;1;;;;
21/10/2019;16:56:00;209;com vítima;816,3;BR-116/BA;Norte;Outros;;1;;;;;;;;;0;;1;;
21/10/2019;18:51:00;240;sem vítima;458,3;BR-116/BA;Sul;Colisão Traseira;;;2;;;;;;;;2;;;;
21/10/2019;23:04:00;279;sem vítima;819;BR-116/BA;Norte;Colisão Lateral;;;1;;;;;;;1;3;;;;
22/10/2019;00:32:00;1;sem vítima;463;BR-116/BA;Norte;Choque Contra Objeto Fixo;1;;;;;;;;;;1;;;;
22/10/2019;06:14:00;14;sem vítima;544,7;BR-116/BA;Norte;Colisão Traseira;1;;1;;;;;;;;3;;;;
22/10/2019;07:27:00;40;sem vítima;827;BR-116/BA;Norte;Colisão Frontal;1;;1;;;;;;;;3;;;;
22/10/2019;07:57:00;48;com vítima;683,8;BR-116/BA;Sul;Saida de Pista;1;;;;;;;;;;0;;1;;
22/10/2019;10:22:00;94;com vítima;613;BR-324/BA;Leste;Choque Contra Objeto Fixo;;;;;;;;;;1;0;;1;;
22/10/2019;12:35:00;128;com vítima;14;BR-116/BA - Cont VC;Sul;Queda de Moto;;;;1;;;;;;;0;1;;;
22/10/2019;13:59:00;148;com vítima;717;BR-116/BA;Norte;Tombamento;;;1;;;;;;;;0;1;;;
22/10/2019;18:18:00;196;sem vítima;611,5;BR-324/BA;Leste;Engavetamento;4;;;;;;;;;;4;;;;
22/10/2019;19:10:00;207;com vítima;819;BR-116/BA;Norte;Colisão Transversal;;;;1;;1;;;;;1;1;;;
22/10/2019;19:22:00;210;com vítima;6,2;BR-116/BA - ContSuFS;Norte;Colisão Traseira;;;;1;;1;;;;;1;1;;;
23/10/2019;05:54:00;16;sem vítima;910,4;BR-116/BA;Sul;Saida de Pista;;;1;;;;;;;;2;;;;
23/10/2019;13:59:00;140;sem vítima;586,9;BR-324/BA;Leste;Saida de Pista;;;1;;;;;;;;1;;;;
23/10/2019;23:15:00;254;com vítima;638,7;BR-116/BA;Sul;Queda de Moto;;;;1;;;;;;;0;;1;;
24/10/2019;09:06:00;74;com vítima;591,7;BR-116/BA;Sul;Colisão Frontal;;;;;;1;;;;2;4;1;;;
24/10/2019;09:10:00;78;com vítima;594;BR-324/BA;Oeste;Queda de Moto;;;;1;;;;;;;0;1;;;
24/10/2019;12:38:00;116;sem vítima;518;BR-324/BA;Oeste;Engavetamento;1;;1;;;;;;;1;5;;;;
24/10/2019;13:07:00;124;com vítima;778;BR-116/BA;Sul;Colisão Frontal;1;;1;;;;;;;;1;;;;1
24/10/2019;15:46:00;162;sem vítima;619,5;BR-324/BA;Leste;Colisão Lateral;1;;1;;;;;;;;2;;;;
24/10/2019;16:44:00;174;sem vítima;470;BR-116/BA;Norte;Saida de Pista;1;;;;;;;;;;1;;;;
24/10/2019;17:18:00;185;sem vítima;598;BR-324/BA;Leste;Engavetamento;3;;;;;;;;;;3;;;;
25/10/2019;04:57:00;14;sem vítima;623;BR-324/BA;Leste;Colisão Lateral;1;;1;;1;;;;;;4;;;;
25/10/2019;05:49:00;17;sem vítima;561,8;BR-324/BA;Leste;Colisão Traseira;1;;;;;;;;;1;8;;;;
25/10/2019;06:58:00;28;sem vítima;616;BR-324/BA;Oeste;Colisão Lateral;;;;1;;1;;;;;3;;;;
25/10/2019;09:45:00;93;sem vítima;529,5;BR-116/BA;Norte;Engavetamento;3;;;;;;;;;;15;;;;
25/10/2019;09:54:00;97;sem vítima;608,2;BR-324/BA;Oeste;Tombamento;;;1;;;;;;;;1;;;;
25/10/2019;15:58:00;176;com vítima;625;BR-324/BA;Oeste;Queda de Moto;;;;1;;;;;;;1;1;;;
25/10/2019;16:46:00;185;com vítima;817,85;BR-116/BA;Norte;Colisão Transversal;1;;;1;;;;;;;1;1;;;
25/10/2019;22:32:00;252;com vítima;790,2;BR-116/BA;Sul;Colisão Frontal;1;;2;;;;;;;;2;2;;;1
26/10/2019;05:01:00;25;sem vítima;605;BR-324/BA;Oeste;Saida de Pista;1;;;;;;;;;;1;;;;
26/10/2019;07:26:00;44;sem vítima;573,5;BR-324/BA;Leste;Saida de Pista;;;1;;;;;;;;2;;;;
26/10/2019;10:00:00;86;sem vítima;548;BR-116/BA;Sul;Saida de Pista;;;1;;;;;;;;1;;;;
26/10/2019;11:51:00;106;com vítima;577;BR-324/BA;Leste;Colisão Traseira;2;;;;;;;;;;1;;1;;
26/10/2019;15:10:00;154;com vítima;852,1;BR-116/BA;Norte;Engavetamento;;;3;;;;;;;;2;;1;;
26/10/2019;17:07:00;185;sem vítima;518;BR-324/BA;Leste;Colisão Lateral;2;;;;;;;;;;4;;;;
26/10/2019;17:43:00;194;com vítima;621;BR-324/BA;Leste;Choque Contra Objeto Fixo;;;;1;;;;;;;0;;1;;
26/10/2019;23:37:00;258;sem vítima;471;BR-116/BA;Norte;Saida de Pista;;;1;;;;;;;;2;;;;
27/10/2019;00:10:00;3;com vítima;530;BR-324/BA;Oeste;Tombamento;;;1;;;;;;;;0;2;;;
27/10/2019;06:07:00;28;sem vítima;671,7;BR-116/BA;Norte;Saida de Pista;;;;;;;;;;1;1;;;;
27/10/2019;18:42:00;156;com vítima;507,9;BR-116/BA;Norte;Colisão Frontal;;;;1;1;;;;;;27;;;;1
27/10/2019;19:01:00;162;com vítima;9,9;BR-116/BA - Cont VC;Norte;Colisão Transversal;1;;;1;;;;;;;1;1;1;;
27/10/2019;20:04:00;170;sem vítima;638,2;BR-116/BA;Sul;Tombamento;;;1;;;;;;;;1;;;;
28/10/2019;02:33:00;11;sem vítima;533,2;BR-324/BA;Leste;Tombamento;;;1;;;;;;;;1;;;;
28/10/2019;06:10:00;22;com vítima;566;BR-324/BA;Leste;Atropelamento de Pedestre;1;;;;;;;;;;1;;1;;
28/10/2019;10:01:00;96;sem vítima;599;BR-324/BA;Oeste;Colisão Traseira;1;;1;;;;;;;;4;;;;
28/10/2019;12:27:00;125;sem vítima;553,1;BR-324/BA;Oeste;Saida de Pista;1;;;;;;;;;;1;;;;
28/10/2019;13:40:00;136;sem vítima;626;BR-116/BA;Sul;Saida de Pista;1;;;;;;;;;;1;;;;
28/10/2019;14:49:00;154;sem vítima;551,1;BR-324/BA;Oeste;Colisão Traseira;1;;;;;;;;;1;7;;;;