data;horario;n_da_ocorrencia;tipo_de_ocorrencia;km;trecho;sentido;tipo_de_acidente;automovel;bicicleta;caminhao;moto;onibus;outros;tracao_animal;transporte_de_cargas_especiais;trator_maquinas;utilitarios;ilesos;levemente_feridos;moderadamente_feridos;gravemente_feridos;mortos
28/10/2019;15:01:00;158;com vítima;894,4;BR-116/BA;Sul;Colisão Transversal;;;1;;;;;;;1;2;1;;;
28/10/2019;16:13:00;171;sem vítima;531;BR-324/BA;Leste;Colisão Lateral;1;;1;;;;;;;;4;;;;
28/10/2019;17:50:00;194;sem vítima;605,8;BR-324/BA;Leste;Colisão Traseira;1;;;;;;;;;1;5;;;;
29/10/2019;03:55:00;12;com vítima;433,2;BR-116/BA;Norte;Tombamento;;;1;;;;;;;;1;1;;;
29/10/2019;08:08:00;71;com vítima;433;BR-116/BA;Sul;Saida de Pista;1;;;;;1;;;;;5;1;;;
29/10/2019;13:59:00;161;sem vítima;493,7;BR-116/BA;Sul;Saida de Pista;1;;;;;;;;;;1;;;;
29/10/2019;16:55:00;194;sem vítima;9;BA-526;Norte;Colisão Traseira;2;;;;;;;;;;2;;;;
29/10/2019;18:26:00;210;sem vítima;427;BR-116/BA;Sul;Colisão Lateral;1;;;;;1;;;;;2;;;;
29/10/2019;20:40:00;231;com vítima;616;BR-324/BA;Oeste;Atropelamento de Pedestre;;;;1;;;;;;;0;3;;;
30/10/2019;07:08:00;46;com vítima;788,1;BR-116/BA;Sul;Queda de Moto;;;;1;;1;;;;;1;1;;;
30/10/2019;09:01:00;84;com vítima;622;BR-324/BA;Leste;Queda de Moto;;;;1;;;;;;;0;;1;;
30/10/2019;14:46:00;174;sem vítima;9;BA-526;Sul;Saida de Pista;;;;;;;;;;1;2;;;;
30/10/2019;15:39:00;181;com vítima;521,3;BR-324/BA;Leste;Colisão Traseira;1;;1;;;;;;;;2;;2;;
30/10/2019;17:44:00;212;sem vítima;551,1;BR-324/BA;Oeste;Colisão Traseira;1;;1;;;;;;;;2;;;;
30/10/2019;18:57:00;222;com vítima;524,6;BR-324/BA;Oeste;Queda de Moto;;;;1;;;;;;;0;1;;;
30/10/2019;19:20:00;227;sem vítima;625,5;BR-324/BA;Oeste;Colisão Traseira;2;;;;;;;;;;4;;;;
30/10/2019;19:35:00;231;com vítima;800;BR-116/BA;Norte;Saida de Pista;1;;;;;;;;;;0;4;1;;
31/10/2019;05:32:00;16;sem vítima;584;BR-116/BA;Sul;Colisão Lateral;;;2;;;1;;;;;3;;;;
31/10/2019;05:59:00;20;sem vítima;566;BR-116/BA;Sul;Colisão Lateral;1;;1;;;;;;;;2;;;;
31/10/2019;09:21:00;94;sem vítima;442;BR-116/BA;Norte;Saida de Pista;;;1;;;;;;;;1;;;;
31/10/2019;10:16:00;107;sem vítima;442;BR-116/BA;Sul;Colisão Lateral;1;;1;;;;;;;;2;;;;
31/10/2019;15:29:00;172;sem vítima;545;BR-324/BA;Oeste;Choque Contra Objeto Fixo;1;;;;;;;;;;1;;;;
31/10/2019;19:36:00;246;sem vítima;616;BR-324/BA;Oeste;Colisão Lateral;1;;1;;;;;;;;2;;;;
31/10/2019;23:43:00;274;com vítima;8;BA-526;Norte;Saida de Pista;1;;;;;;;;;;0;;1;;
01/11/2019;07:19:00;47;sem vítima;901,3;BR-116/BA;Norte;Colisão Lateral;1;;;;;1;;;;;3;;;;
01/11/2019;21:55:00;277;sem vítima;0;BA-526;Sul;Atropelamento de Animal;;;;;1;;;;;;2;;;;
02/11/2019;05:48:00;22;sem vítima;623,6;BR-324/BA;Oeste;Saida de Pista;1;;;;;;;;;;1;;;;
02/11/2019;06:04:00;23;sem vítima;524,1;BR-116/BA;Norte;Saida de Pista;;;1;;;;;;;;1;;;;
02/11/2019;07:46:00;51;sem vítima;842;BR-116/BA;Norte;Colisão Traseira;1;;1;;;;;;;;4;;;;
02/11/2019;08:07:00;55;com vítima;8,1;BR-116/BA - Cont VC;Sul;Colisão Lateral;;;1;1;;;;;;;1;1;;;
02/11/2019;16:06:00;154;sem vítima;570;BR-324/BA;Leste;Saida de Pista;1;;;;;;;;;;2;;;;
02/11/2019;21:26:00;213;com vítima;908,4;BR-116/BA;Norte;Colisão Transversal;2;;;;;;;;;;1;2;;;
03/11/2019;08:53:00;54;com vítima;430;BR-116/BA;Sul;Queda de Moto;;;;1;;;;;;;0;;;1;1
03/11/2019;16:20:00;157;sem vítima;1;BR-116/BA - ContSuFS;Norte;Colisão Traseira;2;;;;;;;;;;2;;;;
03/11/2019;18:29:00;190;sem vítima;783;BR-116/BA;Sul;Engavetamento;;;2;;;1;;;;;3;;;;
03/11/2019;20:10:00;212;sem vítima;930;BR-116/BA;Sul;Atropelamento de Animal;;;;;;;;;;1;3;;;;
03/11/2019;20:13:00;215;com vítima;15;BR-116/BA - Cont VC;Norte;Colisão Traseira;1;;;;;;;;;1;1;2;;;
03/11/2019;23:09:00;239;sem vítima;624,05;BR-324/BA;Leste;Colisão Traseira;2;;;;;;;;;;3;;;;
04/11/2019;03:53:00;20;com vítima;571,6;BR-116/BA;Sul;Tombamento;;;1;;;;;;;;0;1;;;
04/11/2019;06:40:00;45;com vítima;460,7;BR-116/BA;Sul;Colisão Frontal;1;;1;;;;;;;;1;;;1;1
04/11/2019;06:48:00;48;sem vítima;604;BR-324/BA;Oeste;Engavetamento;1;;;;;2;;;;1;18;;;;
04/11/2019;08:44:00;81;sem vítima;584;BR-324/BA;Oeste;Saida de Pista;1;;;;;;;;;;1;;;;
04/11/2019;11:49:00;138;com vítima;5;BR-116/BA - ContSuFS;Sul;Colisão Traseira;1;;;1;;;;;;;1;1;;;
04/11/2019;12:19:00;142;sem vítima;606;BR-324/BA;Leste;Colisão Traseira;;;1;;;;;;;1;2;;;;
04/11/2019;15:15:00;180;sem vítima;575,5;BR-324/BA;Oeste;Saida de Pista;1;;;;;;;;;;1;;;;
04/11/2019;19:19:00;257;sem vítima;537;BR-324/BA;Oeste;Colisão Traseira;;;1;;;;;;;1;3;;;;
05/11/2019;05:00:00;13;com vítima;615,7;BR-324/BA;Leste;Colisão Traseira;;;1;;;;;;;1;1;;1;1;
05/11/2019;06:50:00;35;sem vítima;713,8;BR-116/BA;Norte;Colisão Traseira;;;2;;;;;;;;2;;;;
05/11/2019;06:55:00;38;sem vítima;612,5;BR-324/BA;Oeste;Colisão Traseira;1;;;;;1;;;;;3;;;;
05/11/2019;17:56:00;239;sem vítima;622,1;BR-324/BA;Oeste;Colisão Lateral;;;;1;;;;;;;1;;;;
05/11/2019;17:56:00;240;sem vítima;622;BR-324/BA;Oeste;Engavetamento;2;;;;;;;;;;2;;;;
05/11/2019;19:38:00;271;sem vítima;2,2;BA-526;Norte;Atropelamento de Animal;1;;;;;;;;;;1;;;;
06/11/2019;02:03:00;11;sem vítima;555,5;BR-116/BA;Norte;Saida de Pista;;;1;;;;;;;;2;;;;
06/11/2019;08:12:00;66;com vítima;614,3;BR-324/BA;Leste;Colisão Traseira;;;1;;;;;;;1;4;1;;;
06/11/2019;09:31:00;86;com vítima;518;BR-324/BA;Oeste;Colisão Traseira;1;;;1;;;;;;;1;;1;;
06/11/2019;09:55:00;100;sem vítima;460,2;BR-116/BA;Norte;Colisão Transversal;1;;1;;;;;;;;3;;;;
06/11/2019;11:20:00;121;sem vítima;909,5;BR-116/BA;Norte;Saida de Pista;;;;;1;;;;;;44;;;;
06/11/2019;12:13:00;134;com vítima;561;BR-324/BA;Leste;Saida de Pista;;;1;;;;;;;;0;;1;;
06/11/2019;13:56:00;153;sem vítima;581,2;BR-116/BA;Norte;Saida de Pista;;;;;;;;;;1;1;;;;
06/11/2019;14:58:00;174;sem vítima;1;BR-116/BA - ContSuFS;Norte;Colisão Traseira;;;1;;;;;;;1;3;;;;
07/11/2019;00:45:00;4;sem vítima;495,8;BR-116/BA;Norte;Choque Contra Objeto Fixo;1;;;;;;;;;;1;;;;
07/11/2019;02:39:00;11;sem vítima;7;BR-116/BA - ContSuFS;Sul;Colisão Traseira;1;;;;;;;;;1;3;;;;
07/11/2019;05:32:00;23;sem vítima;551;BR-324/BA;Leste;Colisão Lateral;;;1;;1;;;;;;2;;;;
07/11/2019;07:02:00;40;sem vítima;622,8;BR-324/BA;Leste;Colisão Traseira;1;;;1;;;;;;;4;;;;
07/11/2019;09:53:00;102;sem vítima;548,5;BR-324/BA;Oeste;Colisão Traseira;;;;1;;;;;;1;2;;;;
07/11/2019;16:06:00;198;sem vítima;624,25;BR-324/BA;Leste;Engavetamento;3;;;;;;;;;;6;;;;
07/11/2019;16:07:00;199;sem vítima;600;BR-324/BA;Oeste;Colisão Lateral;1;;1;;;;;;;;2;;;;
07/11/2019;17:22:00;228;com vítima;604;BR-324/BA;Leste;Colisão Lateral;;;;1;1;1;;;;;31;1;;;
07/11/2019;21:52:00;279;com vítima;470;BR-116/BA;Sul;Queda de Moto;;;;1;;;;;;;0;;1;;
07/11/2019;22:31:00;284;com vítima;614,5;BR-324/BA;Oeste;Colisão Traseira;1;;;1;;;;;;;0;;;2;1
07/11/2019;23:10:00;292;com vítima;487;BR-116/BA;Sul;Colisão Traseira;;;2;;;;;;;;1;1;;;
08/11/2019;07:06:00;27;sem vítima;623,45;BR-324/BA;Oeste;Colisão Traseira;1;;;;;1;;;;;3;;;;
08/11/2019;07:16:00;33;sem vítima;518;BR-324/BA;Oeste;Colisão Traseira;1;;;;;;;;;1;2;;;;
08/11/2019;07:45:00;47;com vítima;613;BR-324/BA;Leste;Engavetamento;2;;;;;;;;;1;1;;6;;
08/11/2019;10:20:00;94;sem vítima;613;BR-324/BA;Leste;Colisão Traseira;;;1;;;;;;;1;2;;;;
08/11/2019;11:44:00;117;sem vítima;426,95;BR-116/BA;Norte;Colisão Traseira;;;1;;;1;;;;;2;;;;
08/11/2019;14:42:00;166;sem vítima;623,7;BR-324/BA;Oeste;Queda de Moto;;;;1;;;;;;;1;;;;
08/11/2019;15:47:00;180;sem vítima;599;BR-324/BA;Oeste;Colisão Traseira;1;;;;1;;;;;;2;;;;
08/11/2019;16:29:00;195;sem vítima;623,3;BR-324/BA;Oeste;Colisão Traseira;1;;;;;1;;;;;2;;;;
08/11/2019;18:04:00;230;com vítima;426,2;BR-116/BA;Norte;Atropelamento - Ciclista;;;;1;;;;;;;1;1;;;
08/11/2019;23:41:00;292;com vítima;542,8;BR-324/BA;Leste;Atropelamento de Pedestre;1;;;;;;;;;;1;;;;1
09/11/2019;03:50:00;13;com vítima;600;BR-324/BA;Oeste;Colisão Traseira;1;;;;;1;;;;;2;1;;;
09/11/2019;03:54:00;14;sem vítima;570;BR-324/BA;Leste;Saida de Pista;1;;;;;;;;;;1;;;;
09/11/2019;07:41:00;43;com vítima;10;BR-116/BA - Cont VC;Sul;Atropelamento de Pedestre;;;;;;1;;;;;1;;;1;
09/11/2019;08:02:00;54;com vítima;644;BR-116/BA;Sul;Colisão Traseira;;;2;;;;;;;;1;;1;;
09/11/2019;10:48:00;88;sem vítima;614;BR-324/BA;Oeste;Engavetamento;1;;;;;;;;;2;3;;;;
09/11/2019;10:55:00;89;sem vítima;688;BR-116/BA;Sul;Colisão Lateral;;;;;;1;;;;1;2;;;;
09/11/2019;15:41:00;162;sem vítima;587;BR-324/BA;Leste;Saida de Pista;1;;;;;;;;;;1;;;;
09/11/2019;15:56:00;171;sem vítima;494,3;BR-116/BA;Sul;Engavetamento;1;;;;;2;;;;;5;;;;
09/11/2019;20:06:00;218;sem vítima;858;BR-116/BA;Sul;Colisão Lateral;1;;1;;;;;;;;3;;;;
09/11/2019;20:54:00;227;com vítima;610,7;BR-324/BA;Leste;Queda de Moto;;;;1;;;;;;;0;;2;;
09/11/2019;22:36:00;242;com vítima;518,5;BR-116/BA;Norte;Colisão Transversal;;;;;1;;;;;1;22;1;;;
10/11/2019;01:05:00;9;com vítima;428,9;BR-116/BA;Norte;Queda de Moto;;;;1;;1;;;;;1;;;;1
10/11/2019;03:28:00;19;com vítima;6;BR-116/BA - Cont VC;Sul;Queda de Moto;;;;1;;;;;;;0;1;;;
10/11/2019;06:51:00;28;com vítima;546,1;BR-116/BA;Norte;Colisão Traseira;;;1;1;;;;;;;2;;;1;
10/11/2019;09:26:00;60;sem vítima;585;BR-324/BA;Oeste;Saida de Pista;1;;;;;;;;;;4;;;;
10/11/2019;13:12:00;117;sem vítima;908,5;BR-116/BA;Norte;Colisão Traseira;;;2;;;;;;;;2;;;;
10/11/2019;17:22:00;180;com vítima;27;BR-116/BA - Cont VC;Norte;Colisão Lateral;1;;;1;;;;;;;3;1;;;
10/11/2019;18:44:00;193;sem vítima;608;BR-324/BA;Leste;Queda de Moto;;;;1;;;;;;;2;;;;
10/11/2019;18:58:00;197;sem vítima;575;BR-324/BA;Oeste;Saida de Pista;1;;;;;;;;;;1;;;;
10/11/2019;20:15:00;207;sem vítima;537;BR-324/BA;Leste;Colisão Transversal;1;;;;;1;;;;;2;;;;
11/11/2019;01:17:00;11;sem vítima;537;BR-324/BA;Oeste;Saida de Pista;1;;;;;;;;;;1;;;;
11/11/2019;06:36:00;33;sem vítima;614,4;BR-324/BA;Leste;Colisão Traseira;1;;1;;;;;;;;3;;;;
11/11/2019;10:55:00;122;com vítima;487;BR-116/BA;Norte;Saida de Pista;1;;;;;;;;;;0;1;;;
11/11/2019;16:41:00;233;sem vítima;818;BR-116/BA;Norte;Colisão Transversal;1;;;;;1;;;;;3;;;;
11/11/2019;17:19:00;247;sem vítima;526;BR-116/BA;Sul;Saida de Pista;;;;;;;;;;1;1;;;;
12/11/2019;03:32:00;15;sem vítima;618,25;BR-324/BA;Leste;Capotamento;1;;;;;;;;;;1;;;;
12/11/2019;06:59:00;40;com vítima;827,2;BR-116/BA;Sul;Colisão Transversal;;1;;1;;;;;;;0;1;1;;
12/11/2019;07:24:00;50;sem vítima;523,4;BR-324/BA;Oeste;Engavetamento;1;;;;;2;;;;;3;;;;
12/11/2019;08:10:00;69;sem vítima;595,4;BR-324/BA;Oeste;Queda de Moto;;;;1;;;;;;;2;;;;
12/11/2019;12:31:00;155;com vítima;560;BR-324/BA;Oeste;Saida de Pista;1;;;;;;;;;;3;1;;;
12/11/2019;15:35:00;201;sem vítima;588;BR-324/BA;Leste;Queda de Moto;;;;1;;;;;;;1;;;;
12/11/2019;17:32:00;238;sem vítima;608;BR-324/BA;Leste;Colisão Traseira;2;;;;;;;;;;2;;;;
13/11/2019;07:17:00;54;sem vítima;526,2;BR-324/BA;Leste;Colisão Lateral;;;1;1;;;;;;;2;;;;
13/11/2019;07:39:00;63;com vítima;618,2;BR-324/BA;Leste;Sequência;;;;2;;;;;;;0;1;2;;
13/11/2019;08:19:00;76;sem vítima;618;BR-324/BA;Leste;Colisão Transversal;1;;1;;;;;;;;5;;;;
13/11/2019;14:55:00;170;sem vítima;575,8;BR-324/BA;Oeste;Saida de Pista;1;;;;;;;;;;1;;;;
13/11/2019;15:03:00;172;sem vítima;548;BR-324/BA;Leste;Saida de Pista;;;1;;;;;;;;1;;;;
13/11/2019;16:44:00;198;sem vítima;626;BR-324/BA;Oeste;Colisão Traseira;2;;;;;;;;;;4;;;;
13/11/2019;18:34:00;233;com vítima;16,5;BR-116/BA - Cont VC;Norte;Colisão Transversal;1;;;1;;;;;;;3;1;;;
14/11/2019;07:10:00;55;com vítima;626;BR-324/BA;Leste;Colisão Traseira;1;;;1;;;;;;;1;1;;;
14/11/2019;18:53:00;256;sem vítima;626;BR-324/BA;Oeste;Engavetamento;3;;;;1;;;;;;50;;;;
14/11/2019;21:34:00;287;sem vítima;571,8;BR-116/BA;Sul;Saida de Pista;;;1;;;;;;;;1;;;;
14/11/2019;22:23:00;293;com vítima;747;BR-116/BA;Sul;Queda de Moto;;;;1;;;;;;;0;1;;;
15/11/2019;01:23:00;14;sem vítima;586;BR-324/BA;Leste;Saida de Pista;1;;;;;;;;;;1;;;;
15/11/2019;07:37:00;55;sem vítima;546;BR-324/BA;Oeste;Colisão Traseira;2;;;;;;;;;;2;;;;
15/11/2019;08:48:00;70;sem vítima;476,9;BR-116/BA;Sul;Choque Contra Objeto Fixo;1;;;;;;;;;;4;;;;
15/11/2019;09:17:00;83;sem vítima;571;BR-324/BA;Oeste;Colisão Traseira;1;;;;;;;;;1;5;;;;
15/11/2019;12:09:00;129;sem vítima;555,15;BR-324/BA;Oeste;Colisão Traseira;1;;;;;1;;;;;3;;;;
15/11/2019;14:18:00;165;sem vítima;555;BR-324/BA;Leste;Colisão Lateral;1;;1;;;;;;;;2;;;;
16/11/2019;03:00:00;11;com vítima;579,5;BR-116/BA;Norte;Saida de Pista;;;1;;;;;;;;0;1;;;
16/11/2019;09:42:00;69;sem vítima;481,8;BR-116/BA;Norte;Saida de Pista;;;1;;;;;;;;1;;;;
16/11/2019;15:50:00;157;sem vítima;813,1;BR-116/BA;Norte;Capotamento;1;;;;;;;;;;2;;;;
16/11/2019;16:25:00;164;com vítima;589;BR-324/BA;Leste;Queda de Moto;;;;1;;;;;;;0;2;;;
16/11/2019;20:06:00;221;com vítima;7,8;BA-526;Sul;Saida de Pista;1;;;;;;;;;;0;4;;;
16/11/2019;22:39:00;236;sem vítima;5,5;BR-116/BA - ContSuFS;Sul;Saida de Pista;;;;;;;;;;1;1;;;;
17/11/2019;05:15:00;11;sem vítima;586,5;BR-324/BA;Oeste;Saida de Pista;;;;;;;;;;1;1;;;;
17/11/2019;06:14:00;16;com vítima;891,9;BR-116/BA;Sul;Saida de Pista;;;1;;;;;;;;0;1;;;
17/11/2019;13:30:00;126;sem vítima;563,3;BR-116/BA;Sul;Saida de Pista;1;;;;;;;;;;1;;;;
17/11/2019;17:55:00;217;sem vítima;5;BR-116/BA - Cont VC;Norte;Saida de Pista;1;;;;;;;;;;1;;;;
17/11/2019;18:47:00;247;sem vítima;600;BR-324/BA;Leste;Colisão Traseira;2;;;;;;;;;;3;;;;
17/11/2019;19:04:00;249;com vítima;618,5;BR-324/BA;Leste;Queda de Moto;;;;1;;;;;;;0;;1;;
17/11/2019;19:20:00;256;com vítima;595;BR-324/BA;Leste;Colisão Traseira;1;;;1;;;;;;;1;;;1;
17/11/2019;20:57:00;277;sem vítima;817,4;BR-116/BA;Sul;Queda de Moto;;;;1;;;;;;;1;;;;
17/11/2019;23:10:00;297;sem vítima;616,3;BR-324/BA;Leste;Saida de Pista;1;;;;;;;;;;4;;;;
17/11/2019;23:47:00;301;sem vítima;617;BR-324/BA;Oeste;Saida de Pista;1;;;;;;;;;;1;;;;
18/11/2019;07:08:00;55;com vítima;618,4;BR-324/BA;Leste;Sequência;1;;;2;;;;;;;2;3;;;
18/11/2019;07:57:00;84;sem vítima;607;BR-324/BA;Leste;Colisão Traseira;2;;;;;;;;;;2;;;;
18/11/2019;11:15:00;139;sem vítima;618;BR-324/BA;Oeste;Colisão Traseira;2;;;;;;;;;;4;;;;
18/11/2019;19:24:00;266;com vítima;544,5;BR-324/BA;Oeste;Atropelamento de Pedestre;1;;;;;;;;;;1;;;;1
18/11/2019;21:32:00;283;com vítima;816;BR-116/BA;Sul;Queda de Moto;;;;1;;;;;;;0;2;;;
19/11/2019;01:29:00;11;sem vítima;576;BR-324/BA;Leste;Colisão Traseira;1;;;;1;1;;;;;11;;;;
19/11/2019;07:27:00;64;sem vítima;521,5;BR-324/BA;Leste;Colisão Lateral;1;;1;;;;;;;;4;;;;
19/11/2019;11:22:00;142;sem vítima;559,2;BR-324/BA;Leste;Saida de Pista;;;1;;;;;;;;1;;;;
19/11/2019;12:49:00;166;sem vítima;817,9;BR-116/BA;Norte;Colisão Transversal;1;;;;;;;;;1;4;;;;
19/11/2019;14:37:00;200;sem vítima;587;BR-324/BA;Leste;Choque Contra Objeto Fixo;;;1;;;;;;;;1;;;;
19/11/2019;17:41:00;241;sem vítima;836,9;BR-116/BA;Norte;Saida de Pista;1;;;;;;;;;;1;;;;
19/11/2019;22:30:00;277;com vítima;525,1;BR-324/BA;Oeste;Colisão Traseira;;;;1;;1;;;;;1;;1;;1
20/11/2019;11:07:00;105;sem vítima;910,1;BR-116/BA;Norte;Saida de Pista;;;1;;;;;;;;1;;;;
21/11/2019;05:13:00;15;sem vítima;859,5;BR-116/BA;Norte;Colisão Lateral;1;;1;;;;;;;;5;;;;
21/11/2019;07:20:00;42;com vítima;622;BR-324/BA;Leste;Colisão Traseira;;;;1;;1;;;;;2;;1;;
21/11/2019;10:58:00;105;com vítima;24,9;BR-116/BA - Cont VC;Sul;Colisão Transversal;;;1;1;;;;;;;1;1;;;
21/11/2019;17:51:00;188;sem vítima;621,7;BR-324/BA;Leste;Colisão Lateral;1;;;;;;;;;;1;;;;
21/11/2019;22:52:00;230;com vítima;461,85;BR-116/BA;Sul;Saida de Pista;;;1;;;;;;;;0;1;;;
22/11/2019;06:09:00;25;sem vítima;696,4;BR-116/BA;Norte;Saida de Pista;1;;;;;;;;;;4;;;;
22/11/2019;11:55:00;136;com vítima;457;BR-116/BA;Sul;Saida de Pista;;;;;;;;;;1;0;1;;;
22/11/2019;13:50:00;158;sem vítima;551;BR-324/BA;Oeste;Saida de Pista;;;;;;;;;;1;5;;;;
22/11/2019;17:30:00;220;sem vítima;670,9;BR-116/BA;Sul;Colisão Traseira;;;2;;;;;;;;2;;;;
23/11/2019;09:45:00;66;com vítima;563,8;BR-324/BA;Leste;Saida de Pista;1;;;;;;;;;;2;;1;;
23/11/2019;14:22:00;137;sem vítima;562;BR-324/BA;Oeste;Colisão Traseira;2;;;;;;;;;;5;;;;
23/11/2019;19:53:00;200;sem vítima;3,5;BR-116/BA - ContSuFS;Sul;Saida de Pista;1;;;;;;;;;;1;;;;
23/11/2019;20:01:00;202;sem vítima;623;BR-324/BA;Oeste;Colisão Traseira;2;;;;;;;;;;2;;;;
23/11/2019;21:50:00;213;sem vítima;625;BR-324/BA;Oeste;Colisão Traseira;;;;1;;1;;;;;2;;;;
23/11/2019;22:30:00;220;com vítima;11,5;BR-116/BA - Cont VC;Sul;Colisão Traseira;1;;;1;;;;;;;1;;1;;
24/11/2019;05:22:00;17;sem vítima;583;BR-324/BA;Oeste;Saida de Pista;1;;;;;;;;;;1;;;;
24/11/2019;09:05:00;50;com vítima;910,5;BR-116/BA;Sul;Atropelamento - Ciclista;;1;1;;;;;;;;1;;;1;
24/11/2019;12:26:00;93;sem vítima;568,8;BR-324/BA;Leste;Saida de Pista;1;;;;;;;;;;1;;;;
24/11/2019;13:12:00;103;com vítima;506;BR-116/BA;Sul;Queda de Moto;;;;1;;;;;;;0;1;;;
24/11/2019;14:26:00;119;sem vítima;538;BR-324/BA;Oeste;Saida de Pista;1;;;;;;;;;;1;;;;
24/11/2019;14:28:00;120;com vítima;526;BR-324/BA;Leste;Atropelamento de Pedestre;;;;;;1;;;;;1;;1;;
24/11/2019;16:26:00;149;com vítima;574,4;BR-324/BA;Leste;Colisão Lateral;;;1;;1;;;;;;30;1;;1;
24/11/2019;17:38:00;168;sem vítima;579;BR-324/BA;Leste;Saida de Pista;1;;;;;;;;;;5;;;;
24/11/2019;18:40:00;180;sem vítima;546;BR-116/BA;Sul;Colisão Lateral;;;2;;;;;;;;2;;;;
24/11/2019;18:49:00;181;sem vítima;611;BR-324/BA;Leste;Saida de Pista;1;;;;;;;;;;1;;;;
24/11/2019;22:56:00;211;sem vítima;470,3;BR-116/BA;Norte;Saida de Pista;;;1;;;;;;;;1;;;;
25/11/2019;01:17:00;9;sem vítima;575;BR-324/BA;Leste;Saida de Pista;1;;;;;;;;;;5;;;;
25/11/2019;03:19:00;12;sem vítima;859;BR-116/BA;Norte;Atropelamento de Animal;;;1;;;;;;;;1;;;;
25/11/2019;06:01:00;30;com vítima;818;BR-116/BA;Sul;Colisão Transversal;;;;1;;1;;;;;1;1;;;
25/11/2019;08:42:00;100;sem vítima;619;BR-324/BA;Leste;Colisão Traseira;1;;1;;;;;;;;2;;;;
25/11/2019;11:17:00;144;sem vítima;624,1;BR-324/BA;Oeste;Colisão Lateral;1;;;;;1;;;;;3;;;;
25/11/2019;11:36:00;149;sem vítima;542;BR-324/BA;Oeste;Colisão Traseira;1;;1;;;;;;;;3;;;;
25/11/2019;15:05:00;191;sem vítima;588;BR-324/BA;Leste;Colisão Traseira;1;;;;;;;;;;1;;;;
25/11/2019;18:04:00;255;sem vítima;742,3;BR-116/BA;Norte;Tombamento;;;1;;;;;;;;1;;;;
26/11/2019;03:33:00;7;sem vítima;543;BR-324/BA;Oeste;Saida de Pista;;;;;;;;;;1;1;;;;
26/11/2019;06:16:00;19;sem vítima;580;BR-324/BA;Oeste;Saida de Pista;;;1;;;;;;;;1;;;;
26/11/2019;06:59:00;37;sem vítima;586;BR-324/BA;Leste;Colisão Lateral;;;2;;;1;;;;;3;;;;
26/11/2019;09:22:00;103;sem vítima;565,5;BR-324/BA;Oeste;Saida de Pista;;;1;;;;;;;;4;;;;
26/11/2019;10:30:00;120;sem vítima;547;BR-324/BA;Leste;Saida de Pista;1;;;;;;;;;;1;;;;
26/11/2019;11:32:00;137;sem vítima;623;BR-324/BA;Oeste;Colisão Traseira;1;;;;;;;;;1;3;;;;
26/11/2019;11:37:00;138;sem vítima;527;BR-324/BA;Oeste;Saida de Pista;;;1;;;;;;;;1;;;;
26/11/2019;12:10:00;147;sem vítima;562;BR-324/BA;Oeste;Saida de Pista;1;;;;;;;;;;1;;;;
26/11/2019;14:02:00;175;sem vítima;585;BR-324/BA;Leste;Saida de Pista;1;;;;;;;;;;1;;;;
27/11/2019;01:41:00;5;sem vítima;0;BR-116/BA - ContSuFS;Sul;Colisão Transversal;;;1;;;;;;;1;2;;;;
27/11/2019;03:05:00;7;sem vítima;485;BR-116/BA;Norte;Saida de Pista;;;;;;;;;;1;1;;;;
27/11/2019;06:14:00;25;sem vítima;560;BR-324/BA;Oeste;Colisão Lateral;1;;1;;;;;;;;2;;;;
27/11/2019;11:22:00;120;sem vítima;603;BR-324/BA;Oeste;Colisão Lateral;1;;;;;;;;;;1;;;;
27/11/2019;16:57:00;192;sem vítima;615,3;BR-324/BA;Leste;Engavetamento;2;;;;;;;;;1;21;;;;
28/11/2019;09:32:00;92;sem vítima;696,4;BR-116/BA;Sul;Saida de Pista;;;1;;;1;;;;;2;;;;
28/11/2019;10:56:00;115;com vítima;896,5;BR-116/BA;Sul;Saida de Pista;;;1;;;1;;;;;1;1;;;
28/11/2019;11:29:00;123;sem vítima;814,1;BR-116/BA;Sul;Engavetamento;4;;2;;;;;;;;10;;;;
28/11/2019;15:17:00;160;sem vítima;626,1;BR-324/BA;Oeste;Colisão Traseira;2;;;;;;;;;;4;;;;
28/11/2019;18:56:00;196;com vítima;5;BR-116/BA - ContSuFS;Sul;Queda de Moto;;;;1;;;;;;;0;1;;;
28/11/2019;19:21:00;200;com vítima;543;BR-324/BA;Oeste;Saida de Pista;;;;;;1;;;;;0;;2;;
28/11/2019;20:50:00;218;com vítima;618;BR-324/BA;Leste;Atropelamento de Pedestre;1;;;;;;;;;;1;;;;1
29/11/2019;05:22:00;24;sem vítima;433,4;BR-116/BA;Norte;Saida de Pista;1;;;;;;;;;;1;;;;
29/11/2019;12:45:00;110;com vítima;609;BR-324/BA;Leste;Sequência;;;1;1;;;;;;;1;;;;1
29/11/2019;13:07:00;117;com vítima;647;BR-116/BA;Sul;Engavetamento;;;3;;;;;;;;1;;1;;1
29/11/2019;15:19:00;151;com vítima;1;BR-116/BA - ContSuFS;Norte;Queda de Moto;;;;1;;;;;;;0;1;;;
29/11/2019;18:55:00;214;sem vítima;599;BR-324/BA;Oeste;Colisão Lateral;1;;;;1;;;;;;33;;;;
29/11/2019;20:57:00;235;sem vítima;524,5;BR-116/BA;Sul;Saida de Pista;;;1;;;;;;;;1;;;;
30/11/2019;10:42:00;78;sem vítima;587;BR-324/BA;Oeste;Saida de Pista;;;;;;;;;;1;15;;;;
30/11/2019;12:10:00;104;sem vítima;547;BR-324/BA;Oeste;Saida de Pista;1;;;;;;;;;;1;;;;