data;horario;n_da_ocorrencia;tipo_de_ocorrencia;km;trecho;sentido;tipo_de_acidente;automovel;bicicleta;caminhao;moto;onibus;outros;tracao_animal;transporte_de_cargas_especiais;trator_maquinas;utilitarios;ilesos;levemente_feridos;moderadamente_feridos;gravemente_feridos;mortos
30/11/2019;13:24:00;120;sem vítima;561;BR-324/BA;Oeste;Colisão Traseira;;;2;;;1;;;;;3;;;;
30/11/2019;14:07:00;132;com vítima;783,5;BR-116/BA;Sul;Colisão Transversal;1;;;1;;;;;;;1;1;;;
30/11/2019;18:05:00;181;com vítima;869;BR-116/BA;Sul;Colisão Transversal;;;;1;;1;;;;;1;1;1;;
30/11/2019;22:46:00;219;com vítima;594;BR-324/BA;Leste;Capotamento;2;;;;;;;;;;4;;1;;1
30/11/2019;23:04:00;221;sem vítima;669;BR-116/BA;Sul;Atropelamento de Animal;;;1;;;;;;;;1;;;;
01/12/2019;03:08:00;7;sem vítima;652;BR-116/BA;Sul;Colisão Lateral;1;;1;;;;;;;;4;;;;
01/12/2019;03:12:00;8;sem vítima;813;BR-116/BA;Sul;Colisão Frontal;2;;;;;;;;;;6;;;;
01/12/2019;09:21:00;56;sem vítima;618,7;BR-324/BA;Oeste;Queda de Moto;;;;1;;;;;;;1;;;;
01/12/2019;10:45:00;73;sem vítima;840;BR-116/BA;Norte;Engavetamento;1;;3;;;;;;;;7;;;;
01/12/2019;12:21:00;90;sem vítima;850;BR-116/BA;Norte;Colisão Traseira;;;1;;;1;;;;;2;;;;
01/12/2019;14:26:00;113;sem vítima;614;BR-324/BA;Oeste;Colisão Frontal;;;;;1;;;;;1;43;;;;
01/12/2019;14:40:00;117;com vítima;528,2;BR-116/BA;Norte;Engavetamento;2;;2;;;;;;;1;10;;1;;
01/12/2019;17:27:00;144;sem vítima;474,9;BR-116/BA;Sul;Choque Contra Objeto Fixo;1;;;;;;;;;;2;;;;
01/12/2019;19:10:00;168;com vítima;620;BR-324/BA;Leste;Queda de Moto;;;;1;;;;;;;0;1;;;
01/12/2019;20:08:00;179;com vítima;774;BR-116/BA;Norte;Colisão Traseira;1;;1;;;;;;;;1;1;;;
01/12/2019;23:11:00;214;sem vítima;447;BR-116/BA;Sul;Atropelamento de Animal;;;1;;;;;;;;1;;;;
02/12/2019;04:52:00;19;com vítima;810,05;BR-116/BA;Sul;Atropelamento de Animal;;;;1;;;;;;;0;;1;;
02/12/2019;07:29:00;62;com vítima;815;BR-116/BA;Sul;Queda de Moto;;;;1;;;;;;;0;2;;;
02/12/2019;07:53:00;71;sem vítima;532;BR-324/BA;Oeste;Engavetamento;4;;;;;;;;;;9;;;;
02/12/2019;08:56:00;96;sem vítima;613;BR-324/BA;Leste;Colisão Traseira;2;;;;;1;;;;;5;;;;
02/12/2019;10:01:00;112;sem vítima;817;BR-116/BA;Sul;Colisão Transversal;;;2;;;;;;;;3;;;;
02/12/2019;10:39:00;123;com vítima;616;BR-324/BA;Oeste;Outros;;;;1;;;;;;;0;1;;;
02/12/2019;13:28:00;167;com vítima;458,05;BR-116/BA;Sul;Capotamento;;;;;;;;;;1;0;1;;;
02/12/2019;13:52:00;177;sem vítima;667,1;BR-116/BA;Norte;Engavetamento;;;3;;1;;;;;;33;;;;
02/12/2019;17:25:00;241;com vítima;431;BR-116/BA;Sul;Colisão Traseira;1;;;1;;;;;;;1;;;1;
02/12/2019;20:36:00;278;com vítima;449;BR-116/BA;Sul;Capotamento;1;;;;;;;;;;1;2;;;
03/12/2019;04:11:00;21;sem vítima;588;BR-324/BA;Leste;Saida de Pista;;;1;;;;;;;;1;;;;
03/12/2019;05:54:00;30;sem vítima;704,4;BR-116/BA;Norte;Saida de Pista;1;;;;;;;;;;2;;;;
03/12/2019;08:00:00;69;sem vítima;543;BR-116/BA;Norte;Colisão Lateral;;;2;;;;;;;;2;;;;
03/12/2019;13:17:00;136;sem vítima;546;BR-116/BA;Sul;Colisão Traseira;1;;;;;1;;;;;2;;;;
03/12/2019;14:22:00;151;com vítima;14;BR-116/BA - Cont VC;Norte;Colisão Traseira;;;1;1;;;;;;;2;1;;;
03/12/2019;14:43:00;158;com vítima;477;BR-116/BA;Norte;Colisão Traseira;;;;;;1;;;;1;2;1;;;
03/12/2019;15:22:00;172;sem vítima;525,5;BR-324/BA;Oeste;Colisão Lateral;;;2;;;;;;;;2;;;;
03/12/2019;17:08:00;212;sem vítima;532,5;BR-324/BA;Oeste;Engavetamento;2;;;;;;;;;;2;;;;
04/12/2019;06:07:00;19;com vítima;833;BR-116/BA;Norte;Queda de Moto;;;;1;;;;;;;1;;1;;
04/12/2019;10:06:00;85;sem vítima;591,5;BR-116/BA;Norte;Colisão Lateral;;;2;;;;;;;;2;;;;
04/12/2019;10:10:00;89;sem vítima;534;BR-324/BA;Oeste;Colisão Traseira;;;2;;;;;;;;2;;;;
04/12/2019;10:54:00;101;com vítima;577;BR-324/BA;Leste;Saida de Pista;;;1;;;;;;;;0;;1;;
04/12/2019;14:59:00;149;sem vítima;602;BR-324/BA;Oeste;Colisão Lateral;1;;1;;;;;;;;7;;;;
05/12/2019;06:50:00;39;com vítima;621,9;BR-324/BA;Leste;Engavetamento;2;;;1;;;;;;;2;;;1;
05/12/2019;08:35:00;68;sem vítima;922,1;BR-116/BA;Sul;Engavetamento;;;1;;1;;;;;1;31;;;;
05/12/2019;08:40:00;71;com vítima;621;BR-324/BA;Leste;Colisão Traseira;1;;;1;;;;;;;1;1;;;
05/12/2019;20:33:00;289;com vítima;908,4;BR-116/BA;Sul;Atropelamento de Animal;;;;1;;;;;;;0;1;;;
06/12/2019;07:29:00;55;sem vítima;843;BR-116/BA;Sul;Colisão Traseira;;;2;;;;;;;;2;;;;
06/12/2019;09:17:00;83;sem vítima;616;BR-324/BA;Leste;Colisão Traseira;1;;1;;;;;;;;3;;;;
06/12/2019;11:06:00;115;sem vítima;554;BR-324/BA;Oeste;Saida de Pista;1;;;;;;;;;;4;;;;
06/12/2019;15:33:00;179;sem vítima;615;BR-324/BA;Leste;Engavetamento;4;;;;;;;;;;5;;;;
06/12/2019;18:09:00;231;com vítima;605;BR-324/BA;Leste;Colisão Traseira;1;;;1;;;;;;;1;;1;;
06/12/2019;22:17:00;287;sem vítima;543;BR-324/BA;Oeste;Choque Contra Objeto Fixo;1;;;;;;;;;;4;;;;
07/12/2019;02:21:00;17;com vítima;790,9;BR-116/BA;Sul;Capotamento;1;;;;;;;;;;0;1;;;
07/12/2019;05:30:00;26;sem vítima;760;BR-116/BA;Sul;Engavetamento;;;2;;1;;;;;;3;;;;
07/12/2019;10:07:00;108;com vítima;827,4;BR-116/BA;Norte;Colisão Transversal;;;;1;;;;;;1;1;;;1;
07/12/2019;10:46:00;113;sem vítima;923,1;BR-116/BA;Sul;Engavetamento;;;1;;1;;;;;1;37;;;;
07/12/2019;16:57:00;205;sem vítima;528,2;BR-116/BA;Norte;Colisão Traseira;;;1;;;1;;;;;2;;;;
07/12/2019;18:09:00;220;com vítima;768;BR-116/BA;Sul;Queda de Moto;;;;1;;;;;;;0;2;;;
07/12/2019;18:10:00;221;sem vítima;613;BR-324/BA;Oeste;Saida de Pista;1;;;;;;;;;;1;;;;
07/12/2019;18:34:00;228;com vítima;12;BR-116/BA - Cont VC;Sul;Queda de Moto;;;;1;;;;;;;0;1;;;
07/12/2019;22:52:00;262;com vítima;543;BR-324/BA;Oeste;Choque Contra Objeto Fixo;1;;;;;;;;;;2;;3;;
07/12/2019;23:58:00;271;com vítima;742,1;BR-116/BA;Norte;Atropelamento de Pedestre;1;;;;;;;;;;2;;;;1
08/12/2019;00:07:00;2;com vítima;487;BR-116/BA;Norte;Colisão Traseira;;;;1;;1;;;;;1;;1;;
08/12/2019;06:57:00;30;sem vítima;7;BR-116/BA - ContSuFS;Sul;Choque Contra Objeto Fixo;1;;;;;;;;;;4;;;;
08/12/2019;08:04:00;47;com vítima;468;BR-116/BA;Norte;Saida de Pista;1;;;;;;;;;;2;1;1;;
08/12/2019;10:43:00;98;sem vítima;549;BR-324/BA;Oeste;Saida de Pista;;;;;;;;;;1;1;;;;
08/12/2019;17:05:00;180;sem vítima;689,2;BR-116/BA;Norte;Engavetamento;1;;;;;2;;;;;6;;;;
08/12/2019;17:20:00;183;com vítima;618;BR-324/BA;Oeste;Colisão Lateral;2;;;;;1;;;;;3;1;;;
08/12/2019;19:29:00;207;com vítima;812,5;BR-116/BA;Norte;Saida de Pista;1;;;;;;;;;;2;1;;;
08/12/2019;22:57:00;239;sem vítima;578,2;BR-324/BA;Leste;Saida de Pista;;;;;;;;;;1;2;;;;
09/12/2019;00:03:00;2;sem vítima;483;BR-116/BA;Sul;Colisão Lateral;;;1;;1;;;;;;33;;;;
09/12/2019;05:43:00;20;sem vítima;551,1;BR-324/BA;Leste;Colisão Traseira;2;;;;;;;;;;2;;;;
09/12/2019;09:25:00;97;sem vítima;830;BR-116/BA;Sul;Colisão Lateral;1;;1;;;;;;;;2;;;;
09/12/2019;10:45:00;123;sem vítima;612;BR-324/BA;Oeste;Colisão Traseira;1;;;;;1;;;;;4;;;;
09/12/2019;12:08:00;143;com vítima;620,15;BR-116/BA;Sul;Saida de Pista;1;;;;;;;;;;2;;1;;
09/12/2019;16:00:00;193;com vítima;616,8;BR-116/BA;Sul;Saida de Pista;1;;;;;;;;;;0;2;;;
09/12/2019;16:42:00;199;sem vítima;597,25;BR-324/BA;Leste;Colisão Traseira;1;;;;;1;;;;;5;;;;
09/12/2019;17:07:00;206;sem vítima;506,03;BR-116/BA;Sul;Engavetamento;;;3;;;;;;;;4;;;;
09/12/2019;17:45:00;210;com vítima;623;BR-324/BA;Oeste;Queda de Moto;;;;;;1;;;;;1;1;;;
09/12/2019;19:35:00;237;sem vítima;568;BR-324/BA;Leste;Saida de Pista;1;;;;;;;;;;1;;;;
09/12/2019;21:44:00;255;com vítima;494;BR-116/BA;Norte;Colisão Traseira;;;2;;;;;;;;0;1;1;;
10/12/2019;04:43:00;8;sem vítima;668;BR-116/BA;Norte;Colisão Traseira;;;2;;;;;;;;2;;;;
10/12/2019;06:30:00;24;sem vítima;595;BR-324/BA;Leste;Colisão Traseira;1;;1;;;;;;;;8;;;;
10/12/2019;08:02:00;52;com vítima;426,6;BR-116/BA;Norte;Atropelamento de Pedestre;1;;;;;;;;;;3;1;;;
10/12/2019;11:30:00;113;sem vítima;9;BA-526;Norte;Colisão Traseira;;;2;;;;;;;;2;;;;
10/12/2019;14:16:00;146;sem vítima;603,05;BR-324/BA;Oeste;Colisão Traseira;1;;;;;1;;;;;3;;;;
10/12/2019;15:36:00;167;sem vítima;564;BR-324/BA;Oeste;Saida de Pista;;;1;;;;;;;;1;;;;
10/12/2019;18:56:00;209;sem vítima;623;BR-324/BA;Leste;Engavetamento;2;;;;;1;;;;;3;;;;
11/12/2019;03:52:00;25;sem vítima;538;BR-324/BA;Oeste;Saida de Pista;1;;;;;;;;;;1;;;;
11/12/2019;05:15:00;27;com vítima;737,7;BR-116/BA;Norte;Colisão Lateral;1;;1;;;;;;;;1;;1;;
11/12/2019;08:39:00;84;com vítima;653,8;BR-116/BA;Norte;Saida de Pista;;;1;;;;;;;;0;;1;;
11/12/2019;11:39:00;122;com vítima;616,5;BR-324/BA;Leste;Queda de Moto;;;;1;;;;;;;0;;1;;
11/12/2019;14:38:00;152;sem vítima;602,6;BR-324/BA;Leste;Colisão Lateral;1;;;;;;;;;1;3;;;;
11/12/2019;14:41:00;153;com vítima;564;BR-324/BA;Oeste;Queda de Moto;;;;1;;;;;;;0;1;1;;
11/12/2019;17:47:00;190;sem vítima;609,95;BR-324/BA;Leste;Colisão Lateral;1;;;1;;;;;;;2;;;;
11/12/2019;19:24:00;208;sem vítima;632,4;BR-116/BA;Sul;Colisão Lateral;2;;;;;;;;;;2;;;;
12/12/2019;11:49:00;128;sem vítima;623;BR-324/BA;Oeste;Colisão Traseira;1;;;;;2;;;;;4;;;;
12/12/2019;12:16:00;136;com vítima;529;BR-324/BA;Oeste;Queda de Moto;;;;1;;;;;;;0;1;1;;
12/12/2019;12:36:00;143;sem vítima;599;BR-324/BA;Oeste;Colisão Traseira;;;1;;1;;;;;;10;;;;
12/12/2019;21:08:00;259;sem vítima;925,5;BR-116/BA;Sul;Atropelamento de Animal;;;1;;;;;;;;1;;;;
13/12/2019;03:07:00;16;sem vítima;795,7;BR-116/BA;Norte;Saida de Pista;;;1;;;;;;;;1;;;;
13/12/2019;05:44:00;27;sem vítima;540,5;BR-116/BA;Sul;Colisão Traseira;;;2;;;;;;;;2;;;;
13/12/2019;08:06:00;72;sem vítima;507;BR-116/BA;Norte;Outros;1;;1;;;;;;;;3;;;;
13/12/2019;08:23:00;79;com vítima;561;BR-324/BA;Leste;Colisão Traseira;1;;1;;;;;;;;4;1;1;;
13/12/2019;09:02:00;95;sem vítima;814;BR-116/BA;Sul;Colisão Transversal;;;;;;;;;;2;4;;;;
13/12/2019;13:09:00;143;com vítima;445;BR-116/BA;Sul;Saida de Pista;1;;;;;;;;;;0;;1;;
13/12/2019;13:16:00;146;sem vítima;716;BR-116/BA;Norte;Saida de Pista;1;;;;;;;;;;5;;;;
13/12/2019;14:13:00;157;sem vítima;827;BR-116/BA;Sul;Colisão Transversal;1;;;1;;;;;;;4;;;;
13/12/2019;15:06:00;177;sem vítima;620;BR-324/BA;Oeste;Queda de Moto;;;;1;;;;;;;1;;;;
13/12/2019;16:24:00;196;com vítima;802;BR-116/BA;Sul;Queda de Moto;;;;1;;;;;;;1;1;;;
13/12/2019;16:39:00;205;com vítima;602,1;BR-324/BA;Leste;Engavetamento;4;;;;;;;;;;11;1;;;
13/12/2019;19:09:00;245;com vítima;774,9;BR-116/BA;Sul;Colisão Transversal;;;;1;;;;;;1;3;;;;1
14/12/2019;06:19:00;30;com vítima;600;BR-324/BA;Leste;Capotamento;1;;;;;;;;;;0;1;;;
14/12/2019;10:00:00;96;com vítima;711,5;BR-116/BA;Sul;Colisão Lateral;;;1;;;;;;;1;3;3;;;
14/12/2019;10:51:00;110;sem vítima;613;BR-324/BA;Oeste;Colisão Traseira;2;;;;;;;;;;5;;;;
14/12/2019;12:32:00;129;com vítima;812,8;BR-116/BA;Norte;Colisão Transversal;;;;1;;1;;;;;1;1;1;;
14/12/2019;13:34:00;144;sem vítima;632,1;BR-116/BA;Sul;Colisão Transversal;2;;;;;;;;;;9;;;;
14/12/2019;14:02:00;149;sem vítima;7;BR-116/BA - Cont VC;Norte;Colisão Traseira;2;;;;;;;;;;2;;;;
14/12/2019;15:55:00;189;sem vítima;616;BR-324/BA;Oeste;Colisão Lateral;2;;;;;;;;;;2;;;;
14/12/2019;16:51:00;206;sem vítima;703;BR-116/BA;Sul;Colisão Traseira;;;2;;;;;;;;2;;;;
14/12/2019;18:49:00;229;sem vítima;814,5;BR-116/BA;Norte;Colisão Traseira;1;;;;;1;;;;;2;;;;
14/12/2019;18:51:00;231;com vítima;583;BR-116/BA;Norte;Saida de Pista;1;;;;;;;;;;0;1;;;
14/12/2019;19:16:00;235;sem vítima;543;BR-324/BA;Leste;Colisão Traseira;1;;;;;1;;;;;4;;;;
14/12/2019;19:25:00;236;sem vítima;567;BR-324/BA;Oeste;Saida de Pista;1;;;;;;;;;;1;;;;
14/12/2019;19:35:00;239;sem vítima;583;BR-116/BA;Norte;Engavetamento;1;;2;;;;;;;;3;;;;
14/12/2019;20:00:00;242;sem vítima;929,3;BR-116/BA;Norte;Colisão Lateral;1;;1;;;;;;;;5;;;;
14/12/2019;20:55:00;254;com vítima;712;BR-116/BA;Norte;Colisão Lateral;;;1;1;;;;;;;1;;;2;
14/12/2019;21:07:00;256;sem vítima;583;BR-324/BA;Leste;Capotamento;1;;;;;;;;;;1;;;;
14/12/2019;23:32:00;276;sem vítima;594,3;BR-116/BA;Norte;Saida de Pista;;;;;;;;;;1;3;;;;
15/12/2019;02:28:00;18;com vítima;26;BR-116/BA - Cont VC;Sul;Atropelamento de Animal;1;;;;;;;;;;0;1;;;
15/12/2019;04:30:00;25;sem vítima;445;BR-116/BA;Norte;Saida de Pista;1;;;;;;;;;;1;;;;
15/12/2019;06:01:00;31;sem vítima;544,4;BR-116/BA;Norte;Saida de Pista;1;;;;;;;;;;1;;;;
15/12/2019;06:50:00;46;sem vítima;845;BR-116/BA;Norte;Colisão Traseira;1;;;;;1;;;;;2;;;;
15/12/2019;06:53:00;47;com vítima;817,8;BR-116/BA;Sul;Colisão Transversal;2;;;;;;;;;;0;;2;1;1
15/12/2019;08:13:00;64;sem vítima;631;BR-116/BA;Norte;Colisão Transversal;1;;1;;;;;;;;4;;;;
15/12/2019;09:55:00;81;com vítima;575;BR-324/BA;Leste;Saida de Pista;1;;;;;;;;;;0;;1;1;
15/12/2019;10:40:00;89;sem vítima;439,5;BR-116/BA;Sul;Saida de Pista;1;;;;;;;;;;3;;;;
15/12/2019;11:35:00;99;sem vítima;546,4;BR-324/BA;Oeste;Colisão Lateral;;;1;;;;;;;1;6;;;;
15/12/2019;13:09:00;117;com vítima;583,4;BR-324/BA;Oeste;Queda de Moto;;;;1;;;;;;;1;1;;;
15/12/2019;16:58:00;142;sem vítima;695;BR-116/BA;Norte;Engavetamento;;;3;;;;;;;;3;;;;
15/12/2019;16:53:00;159;sem vítima;541;BR-324/BA;Oeste;Saida de Pista;1;;;;;;;;;;1;;;;
15/12/2019;20:47:00;208;sem vítima;613,9;BR-324/BA;Leste;Colisão Lateral;;;;1;;1;;;;;3;;;;
15/12/2019;20:57:00;209;sem vítima;615;BR-324/BA;Oeste;Colisão Traseira;1;;;;;;;;;;1;;;;
15/12/2019;22:20:00;219;sem vítima;913,1;BR-116/BA;Norte;Colisão Lateral;;;2;;;;;;;;2;;;;
15/12/2019;23:06:00;228;sem vítima;521;BR-324/BA;Oeste;Saida de Pista;1;;;;;;;;;;1;;;;
16/12/2019;02:41:00;13;com vítima;556;BR-324/BA;Leste;Saida de Pista;1;;;;;;;;;;1;1;1;;
16/12/2019;05:00:00;19;sem vítima;527,5;BR-324/BA;Leste;Colisão Traseira;;;1;;;1;;;;;2;;;;
16/12/2019;05:20:00;20;sem vítima;608;BR-324/BA;Leste;Colisão Lateral;;;2;;;;;;;;2;;;;
16/12/2019;06:04:00;25;sem vítima;618;BR-324/BA;Oeste;Colisão Traseira;1;;;;1;;;;;;9;;;;
16/12/2019;06:37:00;42;sem vítima;613,6;BR-324/BA;Leste;Engavetamento;2;;;;;3;;;;;5;;;;
16/12/2019;07:12:00;61;sem vítima;609;BR-324/BA;Leste;Engavetamento;3;;;;;;;;;;3;;;;
16/12/2019;07:19:00;64;com vítima;618,3;BR-324/BA;Leste;Queda de Moto;;;;2;;;;;;;2;1;;;
16/12/2019;12:49:00;170;sem vítima;610,6;BR-324/BA;Oeste;Saida de Pista;1;;;;;;;;;;1;;;;
16/12/2019;13:54:00;184;sem vítima;610,6;BR-324/BA;Leste;Engavetamento;2;;1;;;;;;;;6;;;;
16/12/2019;14:56:00;198;com vítima;795,2;BR-116/BA;Norte;Colisão Traseira;1;;;;;1;;;;;3;;1;;
16/12/2019;16:38:00;226;com vítima;582;BR-324/BA;Oeste;Saida de Pista;1;;;;;;;;;;1;3;;;
16/12/2019;19:33:00;269;com vítima;641,9;BR-116/BA;Norte;Saida de Pista;;;1;;;;;;;;0;1;;;
17/12/2019;00:59:00;5;sem vítima;602;BR-324/BA;Leste;Atropelamento de Animal;1;;;;;;;;;;4;;;;
17/12/2019;02:30:00;10;sem vítima;436,9;BR-116/BA;Sul;Atropelamento de Animal;;;1;;;;;;;;2;;;;
17/12/2019;06:14:00;23;com vítima;440;BR-116/BA;Norte;Colisão Traseira;;;1;;1;;;;;;50;;;;1
17/12/2019;07:43:00;55;sem vítima;612,4;BR-324/BA;Leste;Engavetamento;3;;;;;;;;;;8;;;;
17/12/2019;10:46:00;111;com vítima;828,1;BR-116/BA;Sul;Queda de Moto;;;;1;;;;;;;0;1;;;
17/12/2019;18:52:00;207;com vítima;811;BR-116/BA;Sul;Queda de Moto;;;;1;;;;;;;0;1;;;
17/12/2019;19:19:00;208;com vítima;574;BR-116/BA;Sul;Colisão Transversal;1;;;1;;;;;;;1;1;;;
17/12/2019;19:45:00;212;sem vítima;619;BR-324/BA;Leste;Colisão Traseira;2;;;;;;;;;;3;;;;
17/12/2019;21:24:00;228;sem vítima;543;BR-324/BA;Leste;Saida de Pista;1;;;;;;;;;;1;;;;
17/12/2019;23:25:00;243;sem vítima;621;BR-324/BA;Oeste;Colisão Lateral;1;;1;;;;;;;;2;;;;
18/12/2019;05:26:00;14;com vítima;801,9;BR-116/BA;Norte;Atropelamento de Pedestre;;;;;;1;;;;;1;;;;1
18/12/2019;07:45:00;52;sem vítima;603;BR-324/BA;Oeste;Colisão Traseira;1;;;;;1;;;;;2;;;;
18/12/2019;08:51:00;80;sem vítima;24;BR-116/BA - Cont VC;Sul;Colisão Traseira;2;;;;;;;;;;2;;;;
18/12/2019;11:45:00;135;com vítima;674;BR-116/BA;Norte;Colisão Traseira;;;;1;;1;;;;;1;;1;;
18/12/2019;15:32:00;199;sem vítima;643;BR-116/BA;Sul;Engavetamento;1;;1;;;;;;;2;4;;;;
18/12/2019;17:41:00;231;sem vítima;623;BR-324/BA;Oeste;Engavetamento;2;;;;;1;;;;;4;;;;
18/12/2019;18:58:00;246;sem vítima;773;BR-116/BA;Norte;Colisão Lateral;1;;1;;;;;;;;2;;;;
18/12/2019;22:56:00;286;com vítima;805,3;BR-116/BA;Sul;Atropelamento de Animal;;;;1;;;;;;;0;;;;1
19/12/2019;11:10:00;127;sem vítima;8,9;BA-526;Norte;Colisão Frontal;1;;;;;;;;;1;5;;;;
19/12/2019;16:20:00;206;com vítima;460;BR-116/BA;Sul;Engavetamento;;;3;;;;;;;;3;;1;;
19/12/2019;17:33:00;231;sem vítima;557,8;BR-324/BA;Oeste;Colisão Lateral;1;;1;;;;;;;;3;;;;
19/12/2019;19:03:00;255;sem vítima;623,5;BR-324/BA;Oeste;Colisão Traseira;1;;1;;;;;;;;2;;;;
20/12/2019;06:18:00;20;sem vítima;594;BR-324/BA;Leste;Saida de Pista;;;;;;;;;;1;1;;;;
20/12/2019;07:22:00;52;sem vítima;643,3;BR-116/BA;Sul;Tombamento;;;1;;;;;;;;1;;;;
20/12/2019;08:03:00;65;sem vítima;610;BR-324/BA;Oeste;Engavetamento;1;;1;;1;;;;;;38;;;;
20/12/2019;09:02:00;98;com vítima;641,4;BR-116/BA;Sul;Colisão Traseira;;;2;;;;;;;;1;;1;;
20/12/2019;09:11:00;104;sem vítima;525;BR-116/BA;Sul;Colisão Lateral;1;;1;;;;;;;;2;;;;
20/12/2019;10:31:00;127;sem vítima;591;BR-324/BA;Oeste;Colisão Traseira;1;;1;;;;;;;;4;;;;
20/12/2019;11:08:00;134;sem vítima;499,1;BR-116/BA;Sul;Saida de Pista;1;;;;;;;;;;3;;;;
20/12/2019;12:51:00;157;sem vítima;502;BR-116/BA;Norte;Saida de Pista;1;;;;;;;;;;1;;;;
20/12/2019;15:27:00;193;sem vítima;619,15;BR-324/BA;Oeste;Colisão Traseira;2;;;;;;;;;;6;;;;
20/12/2019;16:06:00;205;sem vítima;567;BR-324/BA;Oeste;Colisão Traseira;2;;;;;;;;;;7;;;;
20/12/2019;16:25:00;212;com vítima;565,3;BR-116/BA;Sul;Colisão Traseira;;;2;;;;;;;;1;1;;;
20/12/2019;16:56:00;218;sem vítima;620,7;BR-324/BA;Oeste;Colisão Traseira;2;;;;;;;;;;6;;;;
20/12/2019;17:26:00;225;sem vítima;906,9;BR-116/BA;Norte;Colisão Traseira;2;;;;;;;;;;5;;;;
20/12/2019;19:14:00;257;com vítima;1;BR-116/BA - ContSuFS;Sul;Queda de Moto;;;;1;;;;;;;0;1;1;;
20/12/2019;20:12:00;274;sem vítima;431;BR-116/BA;Norte;Saida de Pista;1;;;;;;;;;;1;;;;
20/12/2019;20:28:00;279;sem vítima;624;BR-324/BA;Oeste;Colisão Lateral;2;;;;;;;;;;2;;;;
20/12/2019;22:21:00;307;com vítima;720;BR-116/BA;Sul;Atropelamento de Pedestre;;;;;;1;;;;;1;;;;1
21/12/2019;00:08:00;3;com vítima;602,5;BR-324/BA;Oeste;Colisão Frontal;1;;;;1;;;;;;40;;;;1
21/12/2019;00:08:00;12;com vítima;602,5;BR-324/BA;Leste;Colisão Traseira;2;;;;;;;;;;2;;1;;
21/12/2019;03:08:00;20;sem vítima;580;BR-324/BA;Oeste;Saida de Pista;;;;;;;;;;1;1;;;;
21/12/2019;04:10:00;24;sem vítima;910,9;BR-116/BA;Sul;Colisão Lateral;1;;;;;1;;;;;2;;;;
21/12/2019;05:09:00;32;sem vítima;769,3;BR-116/BA;Sul;Saida de Pista;1;;;;;;;;;;2;;;;
21/12/2019;05:24:00;34;sem vítima;786;BR-116/BA;Norte;Saida de Pista;1;;;;;;;;;;5;;;;
21/12/2019;06:19:00;51;sem vítima;765,1;BR-116/BA;Norte;Saida de Pista;1;;;;;;;;;;3;;;;
21/12/2019;06:13:00;60;sem vítima;541;BR-324/BA;Leste;Colisão Lateral;1;;;;;1;;;;;2;;;;
21/12/2019;07:50:00;82;sem vítima;913,4;BR-116/BA;Norte;Colisão Traseira;2;;;;;;;;;;8;;;;
21/12/2019;08:04:00;86;com vítima;576;BR-324/BA;Oeste;Colisão Traseira;2;;;;;;;;;;3;1;2;;
21/12/2019;09:45:00;115;sem vítima;527;BR-324/BA;Oeste;Colisão Traseira;1;;;;;1;;;;;2;;;;
21/12/2019;10:16:00;129;sem vítima;921,6;BR-116/BA;Norte;Saida de Pista;;;1;;;;;;;;1;;;;
21/12/2019;11:20:00;144;com vítima;755,5;BR-116/BA;Sul;Colisão Traseira;1;;;1;;;;;;;2;1;;;
21/12/2019;13:01:00;165;com vítima;15;BR-116/BA - Cont VC;Sul;Colisão Transversal;;;;1;;1;;;;;1;1;;;
21/12/2019;14:22:00;187;sem vítima;894;BR-116/BA;Norte;Colisão Traseira;;;1;;1;;;;;;49;;;;
21/12/2019;14:44:00;191;com vítima;605;BR-324/BA;Oeste;Saida de Pista;;;;1;;;;;;;0;;;1;
21/12/2019;15:25:00;209;sem vítima;828,7;BR-116/BA;Norte;Colisão Traseira;1;;;;;1;;;;;6;;;;
21/12/2019;17:39:00;251;com vítima;616;BR-324/BA;Oeste;Colisão Traseira;1;;;1;;;;;;;1;;;1;
21/12/2019;18:34:00;265;com vítima;698;BR-116/BA;Norte;Atropelamento de Pedestre;;;1;;;;;;;;1;;;1;
21/12/2019;19:07:00;277;sem vítima;612;BR-324/BA;Oeste;Saida de Pista;1;;;;;;;;;;1;;;;
21/12/2019;19:20:00;279;com vítima;738,1;BR-116/BA;Norte;Queda de Moto;;;;1;;;;;;;0;1;;;
21/12/2019;21:55:00;313;sem vítima;0;BR-116/BA - ContSuFS;Norte;Saida de Pista;;;;;1;;;;;;1;;;;
21/12/2019;22:47:00;320;sem vítima;613;BR-324/BA;Leste;Queda de Moto;;;;1;;;;;;;1;;;;
22/12/2019;05:02:00;31;com vítima;591,6;BR-116/BA;Sul;Saida de Pista;1;;;;;;;;;;0;1;;;
22/12/2019;05:09:00;33;sem vítima;608;BR-324/BA;Oeste;Colisão Traseira;;;;1;;1;;;;;2;;;;
22/12/2019;08:22:00;63;com vítima;535;BR-324/BA;Oeste;Saida de Pista;1;;;;;;;;;;4;1;;;
22/12/2019;10:38:00;84;com vítima;828,5;BR-116/BA;Norte;Colisão Traseira;2;;;;;;;;;;4;1;;;
22/12/2019;11:45:00;92;sem vítima;626,7;BR-116/BA;Norte;Saida de Pista;;;;;;;;;;1;3;;;;
22/12/2019;12:07:00;100;sem vítima;451,2;BR-116/BA;Sul;Saida de Pista;1;;;;;;;;;;1;;;;