data;horario;n_da_ocorrencia;tipo_de_ocorrencia;km;trecho;sentido;tipo_de_acidente;automovel;bicicleta;caminhao;moto;onibus;outros;tracao_animal;transporte_de_cargas_especiais;trator_maquinas;utilitarios;ilesos;levemente_feridos;moderadamente_feridos;gravemente_feridos;mortos
22/12/2019;13:46:00;116;com vítima;852;BR-116/BA;Norte;Colisão Lateral;1;;1;;;;;;;;4;;1;;
22/12/2019;15:33:00;143;sem vítima;804;BR-116/BA;Norte;Colisão Traseira;1;;;;;;;;;;2;;;;
22/12/2019;22:32:00;219;com vítima;742;BR-116/BA;Norte;Colisão Traseira;1;;1;;;;;;;;4;3;;;
22/12/2019;22:35:00;221;com vítima;575,5;BR-324/BA;Leste;Colisão Lateral;2;;;;;;;;;;2;;1;;
23/12/2019;00:15:00;2;com vítima;525;BR-324/BA;Leste;Atropelamento de Pedestre;;;;;;1;;;;;1;;3;;
23/12/2019;01:58:00;11;sem vítima;530,5;BR-324/BA;Leste;Queda de Moto;;;;1;;;;;;;1;;;;
23/12/2019;06:47:00;60;sem vítima;565;BR-324/BA;Oeste;Saida de Pista;1;;;;;;;;;;1;;;;
23/12/2019;07:00:00;68;com vítima;527;BR-116/BA;Norte;Colisão Traseira;;;;1;;;;;;1;1;;1;;
23/12/2019;13:38:00;183;com vítima;520;BR-116/BA;Norte;Engavetamento;2;;;;;1;;;;;2;1;;;
23/12/2019;13:59:00;192;com vítima;588,1;BR-324/BA;Leste;Saida de Pista;1;;;;;;;;;;2;;1;;
23/12/2019;16:47:00;244;sem vítima;604,4;BR-116/BA;Norte;Saida de Pista;;;1;;;;;;;;1;;;;
23/12/2019;17:39:00;259;sem vítima;431;BR-116/BA;Sul;Tombamento;;;1;;;;;;;;1;;;;
23/12/2019;20:47:00;297;sem vítima;597;BR-116/BA;Norte;Saida de Pista;;;1;;;;;;;;1;;;;
23/12/2019;21:56:00;310;sem vítima;571;BR-116/BA;Norte;Colisão Lateral;2;;;;;;;;;;10;;;;
23/12/2019;23:45:00;318;com vítima;483;BR-116/BA;Norte;Saida de Pista;;;;;1;;;;;;16;1;4;;
24/12/2019;08:47:00;60;sem vítima;18;BR-116/BA - Cont VC;Norte;Colisão Traseira;2;;;;;;;;;;3;;;;
24/12/2019;08:52:00;63;com vítima;591;BR-324/BA;Leste;Saida de Pista;1;;;;;;;;;;0;2;;;
24/12/2019;10:02:00;75;sem vítima;533;BR-324/BA;Oeste;Capotamento;1;;;;;;;;;;3;;;;
24/12/2019;10:25:00;76;sem vítima;533,9;BR-324/BA;Oeste;Colisão Traseira;;;;;;1;;;;1;3;;;;
24/12/2019;11:25:00;93;sem vítima;560;BR-324/BA;Oeste;Colisão Lateral;1;;1;;;;;;;;2;;;;
24/12/2019;12:17:00;105;sem vítima;834,4;BR-116/BA;Norte;Colisão Lateral;1;;;;;1;;;;;3;;;;
24/12/2019;14:20:00;125;com vítima;520,5;BR-324/BA;Leste;Colisão Traseira;;;1;;;;;;;1;4;5;;;
24/12/2019;15:41:00;140;com vítima;622;BR-324/BA;Oeste;Queda de Moto;;;;1;;;;;;;0;1;;;
24/12/2019;19:49:00;197;com vítima;525,5;BR-116/BA;Norte;Saida de Pista;1;;;;;;;;;;0;1;;;
24/12/2019;21:39:00;210;com vítima;437,2;BR-116/BA;Norte;Atropelamento de Pedestre;;;;;;1;;;;;1;;;;1
25/12/2019;02:02:00;13;sem vítima;606;BR-324/BA;Oeste;Queda de Moto;;;;1;;;;;;;1;;;;
25/12/2019;20:35:00;159;com vítima;6,5;BR-116/BA - Cont VC;Sul;Colisão Transversal;;;;1;;1;;;;;1;2;;;
26/12/2019;03:20:00;4;com vítima;466;BR-116/BA;Norte;Colisão Traseira;;;2;;;;;;;;0;1;;1;
26/12/2019;06:59:00;24;sem vítima;599;BR-324/BA;Leste;Colisão Lateral;2;;;;;;;;;;6;;;;
26/12/2019;07:03:00;27;sem vítima;619;BR-324/BA;Oeste;Saida de Pista;1;;;;;;;;;;1;;;;
26/12/2019;08:12:00;42;com vítima;803,3;BR-116/BA;Norte;Saida de Pista;;;;;;;;;;1;1;3;;;
26/12/2019;12:47:00;121;com vítima;621,5;BR-324/BA;Leste;Queda de Moto;;;;1;;;;;;;0;1;;;
26/12/2019;13:34:00;127;sem vítima;574,1;BR-324/BA;Leste;Saida de Pista;;;1;;;;;;;;2;;;;
26/12/2019;22:44:00;225;com vítima;820,3;BR-116/BA;Norte;Atropelamento de Animal;;;;1;;;;;;;0;;1;;
27/12/2019;02:53:00;7;sem vítima;573;BR-324/BA;Oeste;Saida de Pista;1;;;;;;;;;;1;;;;
27/12/2019;04:17:00;10;sem vítima;462,3;BR-116/BA;Sul;Choque Contra Objeto Fixo;;;;;1;;;;;;17;;;;
27/12/2019;05:36:00;20;com vítima;580,5;BR-116/BA;Sul;Saida de Pista;;;1;;;;;;;;0;1;;;
27/12/2019;06:03:00;23;com vítima;533;BR-116/BA;Norte;Colisão Transversal;;;2;;;;;;;;2;2;;;
27/12/2019;06:13:00;25;sem vítima;439;BR-116/BA;Norte;Saida de Pista;1;;;;;;;;;;4;;;;
27/12/2019;06:22:00;29;sem vítima;532,5;BR-116/BA;Norte;Colisão Traseira;1;;;;;;;;;1;17;;;;
27/12/2019;09:02:00;85;sem vítima;623,8;BR-324/BA;Leste;Engavetamento;2;;;;;1;;;;;3;;;;
27/12/2019;09:05:00;87;com vítima;621;BR-324/BA;Leste;Queda de Moto;;;;1;;;;;;;1;;1;;
27/12/2019;09:42:00;99;sem vítima;619;BR-324/BA;Leste;Colisão Traseira;1;;;;;1;;;;;2;;;;
27/12/2019;10:47:00;121;sem vítima;621;BR-324/BA;Leste;Colisão Traseira;2;;;;;;;;;;5;;;;
27/12/2019;11:29:00;134;com vítima;696,3;BR-116/BA;Norte;Saida de Pista;;;;;;;;;;1;0;1;1;;
27/12/2019;16:35:00;207;com vítima;530;BR-324/BA;Leste;Saida de Pista;1;;;;;;;;;;2;;2;;
28/12/2019;09:11:00;61;sem vítima;551;BR-324/BA;Oeste;Colisão Traseira;;;1;;;;;;;1;5;;;;
28/12/2019;18:46:00;186;sem vítima;745,2;BR-116/BA;Sul;Saida de Pista;1;;;;;;;;;;5;;;;
29/12/2019;05:14:00;19;sem vítima;683;BR-116/BA;Sul;Saida de Pista;1;;;;;;;;;;4;;;;
29/12/2019;06:15:00;33;com vítima;791;BR-116/BA;Sul;Colisão Frontal;1;;;1;;;;;;;3;;1;;
29/12/2019;11:54:00;108;com vítima;752;BR-116/BA;Norte;Colisão Traseira;1;;1;;;;;;;;3;1;;;
29/12/2019;16:34:00;156;com vítima;604,7;BR-324/BA;Leste;Queda de Moto;;;;1;;;;;;;0;;1;;
29/12/2019;16:59:00;163;sem vítima;627;BR-116/BA;Sul;Saida de Pista;;;;;1;;;;;;1;;;;
29/12/2019;23:44:00;233;sem vítima;586;BR-324/BA;Leste;Saida de Pista;;;;;;;;;;1;1;;;;
30/12/2019;11:36:00;122;sem vítima;652,5;BR-116/BA;Sul;Saida de Pista;1;;;;;;;;;;2;;;;
31/12/2019;00:17:00;4;sem vítima;530;BR-324/BA;Oeste;Saida de Pista;1;;;;;;;;;;1;;;;
31/12/2019;05:25:00;14;com vítima;518;BR-324/BA;Oeste;Queda de Moto;;;;1;;;;;;;0;1;;;
31/12/2019;06:44:00;25;sem vítima;715;BR-116/BA;Norte;Colisão Lateral;1;;1;;;;;;;;3;;;;
31/12/2019;08:20:00;43;sem vítima;442;BR-116/BA;Sul;Saida de Pista;;;1;;;;;;;;1;;;;
31/12/2019;13:04:00;86;com vítima;656,9;BR-116/BA;Sul;Saida de Pista;;;;;;;;;;1;3;2;;;
31/12/2019;15:49:00;120;com vítima;692;BR-116/BA;Sul;Saida de Pista;;;;;;;;;;1;0;1;;;
01/03/2020;18:44:00;189;com vítima;676;BR-116/BA;Sul;Colisão Traseira;;;;1;;;;;;;0;1;1;;
02/03/2020;06:46:00;50;sem vítima;615,1;BR-324/BA;Leste;Colisão Traseira;2;;;;;;;;;;2;;;;
02/03/2020;10:03:00;129;sem vítima;567;BR-324/BA;Oeste;Saida de Pista;1;;;;;;;;;;1;;;;
02/03/2020;15:53:00;225;sem vítima;522;BR-324/BA;Leste;Colisão Traseira;;;;;;;;;;1;1;;;;
02/03/2020;16:38:00;235;sem vítima;643,4;BR-116/BA;Norte;Engavetamento;;;3;;;;;;;;6;;;;
02/03/2020;17:10:00;244;sem vítima;577;BR-324/BA;Oeste;Saida de Pista;;;1;;;;;;;;1;;;;
02/03/2020;17:40:00;252;sem vítima;622,7;BR-324/BA;Oeste;Engavetamento;4;;1;1;1;;;;;;7;;;;
02/03/2020;19:37:00;274;com vítima;595;BR-324/BA;Leste;Atropelamento de Pedestre;1;;;;;;;;;;1;;;;1
02/03/2020;21:10:00;288;sem vítima;561;BR-324/BA;Oeste;Colisão Traseira;;;2;;;;;;;;3;;;;
03/03/2020;08:16:00;48;com vítima;614,7;BR-324/BA;Oeste;Colisão Traseira;1;;;1;;;;;;;3;1;;;
03/03/2020;09:41:00;67;com vítima;626;BR-324/BA;Leste;Engavetamento;1;;;2;;;;;;;2;1;;;
03/03/2020;17:17:00;171;com vítima;819,9;BR-116/BA;Norte;Atropelamento de Pedestre;;;1;;;;;;;;1;;;;1
03/03/2020;19:33:00;196;sem vítima;543;BR-324/BA;Leste;Saida de Pista;1;;;;;;;;;;1;;;;
03/03/2020;22:40:00;218;sem vítima;598,98;BR-324/BA;Oeste;Colisão Traseira;;;2;;;;;;;;2;;;;
04/03/2020;05:16:00;11;sem vítima;829;BR-116/BA;Sul;Colisão Traseira;2;;;;;;;;;;10;;;;
04/03/2020;07:48:00;45;sem vítima;613,4;BR-324/BA;Leste;Colisão Traseira;1;;;;;;;;;1;3;;;;
04/03/2020;08:36:00;63;sem vítima;540;BR-324/BA;Leste;Tombamento;;;1;;;;;;;;1;;;;
04/03/2020;19:50:00;222;com vítima;585,6;BR-116/BA;Sul;Saida de Pista;;;1;;;;;;;;0;1;;;1
05/03/2020;00:04:00;1;sem vítima;571,5;BR-116/BA;Norte;Saida de Pista;;;1;;;;;;;;1;;;;
05/03/2020;08:37:00;80;sem vítima;493,5;BR-116/BA;Sul;Colisão Lateral;1;;1;;;;;;;;4;;;;
05/03/2020;09:41:00;99;com vítima;2;BA-528;Norte;Colisão Frontal;1;;;1;;;;;;;1;;1;;
05/03/2020;10:45:00;119;sem vítima;622;BR-324/BA;Leste;Engavetamento;3;;;;;;;;;;3;;;;
05/03/2020;12:09:00;140;com vítima;818,3;BR-116/BA;Sul;Colisão Transversal;;;;2;;;;;;;1;1;;;
05/03/2020;14:22:00;183;sem vítima;525;BR-324/BA;Oeste;Engavetamento;1;;1;;;;;;;1;6;;;;
05/03/2020;18:49:00;238;com vítima;831;BR-116/BA;Sul;Atropelamento - Ciclista;;1;;;;1;;;;;1;;;;1
05/03/2020;21:55:00;271;sem vítima;560;BR-324/BA;Oeste;Colisão Transversal;2;;;;;;;;;;6;;;;
06/03/2020;06:59:00;40;sem vítima;544;BR-116/BA;Sul;Colisão Traseira;;;1;;;;;;;1;2;;;;
06/03/2020;10:19:00;106;com vítima;583;BR-116/BA;Norte;Colisão Lateral;;;3;;;;;;;;2;1;;;
06/03/2020;11:04:00;128;sem vítima;574;BR-116/BA;Sul;Tombamento;;;1;;;;;;;;1;;;;
06/03/2020;11:53:00;141;sem vítima;613,3;BR-324/BA;Leste;Engavetamento;2;;;;;;;;;1;4;;;;
06/03/2020;14:03:00;165;sem vítima;742;BR-116/BA;Sul;Saida de Pista;1;;;;;;;;;;1;;;;
06/03/2020;16:00:00;195;sem vítima;602;BR-116/BA;Sul;Saida de Pista;;;1;;;;;;;;1;;;;
06/03/2020;17:20:00;218;sem vítima;549;BR-116/BA;Norte;Saida de Pista;;;;;;;;;;1;1;;;;
06/03/2020;18:16:00;229;sem vítima;521;BR-324/BA;Oeste;Colisão Traseira;1;;;;;1;;;;;2;;;;
06/03/2020;18:31:00;233;sem vítima;595,6;BR-324/BA;Oeste;Queda de Moto;;;;1;;;;;;;2;;;;
06/03/2020;18:38:00;237;com vítima;24;BR-116/BA - Cont VC;Sul;Colisão Traseira;1;;;;;;1;;;;1;1;1;;
06/03/2020;18:43:00;238;com vítima;520,3;BR-324/BA;Oeste;Colisão Traseira;1;;;;;1;;;;;1;;1;;
06/03/2020;19:01:00;243;sem vítima;521,15;BR-324/BA;Oeste;Sequência;1;;;;;1;;;;;5;;;;
06/03/2020;22:59:00;283;sem vítima;706;BR-116/BA;Norte;Colisão Traseira;;;2;;;;;;;;3;;;;
07/03/2020;00:11:00;1;sem vítima;606;BR-324/BA;Oeste;Saida de Pista;1;;;;;;;;;;4;;;;
07/03/2020;00:13:00;2;sem vítima;554;BR-324/BA;Oeste;Engavetamento;2;;;;;1;;;;;3;;;;
07/03/2020;00:45:00;5;sem vítima;575;BR-324/BA;Oeste;Atropelamento de Animal;1;;;;;;;;;;2;;;;
07/03/2020;01:45:00;11;sem vítima;530;BR-324/BA;Oeste;Saida de Pista;1;;;;;;;;;;2;;;;
07/03/2020;02:45:00;15;sem vítima;543;BR-324/BA;Oeste;Saida de Pista;;;1;;;;;;;;1;;;;
07/03/2020;03:10:00;17;sem vítima;574,9;BR-324/BA;Oeste;Atropelamento de Animal;1;;;;;;;;;;1;;;;
07/03/2020;03:38:00;20;sem vítima;838,8;BR-116/BA;Norte;Saida de Pista;;;1;;;;;;;;1;;;;
07/03/2020;08:14:00;49;sem vítima;441,7;BR-116/BA;Sul;Saida de Pista;;;1;;;;;;;;1;;;;
07/03/2020;09:08:00;61;com vítima;11,8;BR-116/BA - Cont VC;Sul;Colisão Transversal;1;;;1;;1;;;;;3;1;;;
07/03/2020;09:36:00;70;sem vítima;428;BR-116/BA;Sul;Tombamento;;;1;;;;;;;;1;;;;
07/03/2020;11:01:00;93;sem vítima;605,75;BR-324/BA;Oeste;Saida de Pista;1;;;;;;;;;;1;;;;
07/03/2020;12:04:00;103;sem vítima;605,95;BR-324/BA;Oeste;Colisão Lateral;1;;1;;;;;;;;2;;;;
07/03/2020;14:18:00;122;com vítima;673;BR-116/BA;Norte;Colisão Traseira;;;;;;;;;;2;1;1;;;
07/03/2020;14:27:00;124;sem vítima;518;BR-324/BA;Leste;Engavetamento;2;;;;;;;;;1;6;;;;
07/03/2020;15:19:00;145;sem vítima;602;BR-324/BA;Oeste;Colisão Lateral;1;;1;;;;;;;;4;;;;
07/03/2020;20:36:00;219;sem vítima;557,2;BR-324/BA;Oeste;Saida de Pista;1;;;;;;;;;;1;;;;
08/03/2020;01:12:00;8;sem vítima;576;BR-324/BA;Leste;Colisão Lateral;1;;1;;;;;;;;3;;;;
08/03/2020;02:14:00;14;sem vítima;518,5;BR-116/BA;Norte;Atropelamento de Animal;1;;;;;;;;;;6;;;;
08/03/2020;04:08:00;20;com vítima;563;BR-324/BA;Leste;Queda de Moto;;;;1;;;;;;;0;;1;;
08/03/2020;04:41:00;22;sem vítima;543;BR-324/BA;Oeste;Saida de Pista;;;;;;;;;;1;3;;;;
08/03/2020;06:54:00;41;com vítima;600;BR-324/BA;Oeste;Atropelamento de Pedestre;1;;;;;;;;;;1;;;1;
08/03/2020;07:47:00;49;com vítima;575;BR-324/BA;Leste;Atropelamento de Pedestre;;;;;;;;;;1;3;;;1;
08/03/2020;14:32:00;125;com vítima;26;BR-116/BA - Cont VC;Norte;Colisão Transversal;2;;;;;;;;;;1;1;;;
08/03/2020;17:23:00;182;sem vítima;575,2;BR-116/BA;Norte;Colisão Traseira;;;1;;;;;;;1;3;;;;
08/03/2020;20:07:00;211;sem vítima;848,5;BR-116/BA;Norte;Colisão Traseira;1;;;;;;;;;;4;;;;
09/03/2020;00:22:00;3;com vítima;876;BR-116/BA;Norte;Colisão Traseira;;;2;;;;;;;;1;;2;;
09/03/2020;06:17:00;33;sem vítima;574;BR-324/BA;Leste;Colisão Traseira;2;;;;;;;;;;4;;;;
09/03/2020;08:43:00;96;sem vítima;592;BR-324/BA;Oeste;Saida de Pista;1;;;;;;;;;;1;;;;
09/03/2020;09:36:00;116;com vítima;610;BR-324/BA;Leste;Queda de Moto;;;;1;;;;;;;0;;1;;
09/03/2020;11:35:00;149;sem vítima;561;BR-324/BA;Oeste;Saida de Pista;;;1;;;;;;;;1;;;;
09/03/2020;11:48:00;152;com vítima;859;BR-116/BA;Norte;Colisão Frontal;1;;1;;;;;;;;1;1;;;
09/03/2020;11:55:00;153;sem vítima;612,4;BR-324/BA;Leste;Colisão Traseira;1;;;;;1;;;;;3;;;;
09/03/2020;13:11:00;165;com vítima;2;BR-116/BA - ContSuFS;Norte;Colisão Traseira;;;2;;;;;;;;1;1;;;
09/03/2020;14:23:00;180;com vítima;559;BR-324/BA;Oeste;Colisão Lateral;1;;;1;;;;;;;1;1;;;
09/03/2020;18:00:00;233;com vítima;757,1;BR-116/BA;Norte;Colisão Frontal;;;;2;;;;;;;1;2;;;
09/03/2020;18:34:00;245;sem vítima;548;BR-324/BA;Oeste;Saida de Pista;1;;;;;;;;;;1;;;;
09/03/2020;22:08:00;286;sem vítima;428;BR-116/BA;Sul;Atropelamento de Animal;;;1;;;;;;;;2;;;;
09/03/2020;23:51:00;298;sem vítima;602,3;BR-324/BA;Leste;Saida de Pista;1;;;;;;;;;;1;;;;
10/03/2020;10:48:00;133;sem vítima;625,7;BR-324/BA;Oeste;Saida de Pista;1;;;;;;;;;;1;;;;
10/03/2020;11:40:00;145;sem vítima;465,7;BR-116/BA;Sul;Colisão Traseira;;;1;;;;;;;1;2;;;;
10/03/2020;17:18:00;227;sem vítima;571;BR-116/BA;Sul;Colisão Traseira;1;;1;;;;;;;;2;;;;
10/03/2020;20:13:00;266;com vítima;543;BR-324/BA;Oeste;Queda de Moto;;;;1;;;;;;;0;1;;;
10/03/2020;20:21:00;267;sem vítima;3,5;BA-526;Sul;Colisão Frontal;2;;;;;;;;;;2;;;;
10/03/2020;23:29:00;288;sem vítima;581,5;BR-324/BA;Leste;Saida de Pista;;;1;;;;;;;;1;;;;
11/03/2020;04:40:00;11;sem vítima;523;BR-324/BA;Oeste;Saida de Pista;1;;;;;;;;;;1;;;;
11/03/2020;07:46:00;57;com vítima;626;BR-324/BA;Oeste;Colisão Traseira;;;;1;;1;;;;;1;1;;;
11/03/2020;07:57:00;60;com vítima;526;BR-324/BA;Leste;Queda de Moto;;;;1;;;;;;;0;1;;;
11/03/2020;12:08:00;111;sem vítima;622,5;BR-324/BA;Oeste;Colisão Traseira;;;;1;;1;;;;;2;;;;
11/03/2020;12:30:00;118;com vítima;564;BR-324/BA;Leste;Saida de Pista;;;1;;;;;;;;2;;1;;
11/03/2020;13:10:00;127;sem vítima;568,8;BR-116/BA;Sul;Saida de Pista;;;1;;;;;;;;1;;;;
11/03/2020;20:00:00;232;sem vítima;441,6;BR-116/BA;Norte;Saida de Pista;1;;;;;;;;;;1;;;;
12/03/2020;04:31:00;11;sem vítima;483,5;BR-116/BA;Norte;Saida de Pista;1;;;;;;;;;;1;;;;
12/03/2020;06:11:00;21;sem vítima;865;BR-116/BA;Sul;Colisão Lateral;;;1;;;1;;;;;2;;;;
12/03/2020;06:51:00;34;com vítima;459;BR-116/BA;Norte;Colisão Transversal;;;;1;;1;;;;;1;1;;;
12/03/2020;08:41:00;68;sem vítima;483;BR-116/BA;Norte;Saida de Pista;1;;;;;;;;;;3;;;;
12/03/2020;16:26:00;142;sem vítima;714;BR-116/BA;Sul;Saida de Pista;;;1;;;;;;;;2;;;;
12/03/2020;17:11:00;160;sem vítima;516,5;BR-116/BA;Sul;Saida de Pista;1;;;;;;;;;;2;;;;
12/03/2020;18:19:00;171;sem vítima;14,2;BR-116/BA - Cont VC;Norte;Colisão Traseira;1;1;1;;;;;;;;3;;;;
12/03/2020;19:03:00;178;sem vítima;605,4;BR-324/BA;Leste;Atropelamento de Animal;1;;;;;;;;;;1;;;;
12/03/2020;21:44:00;196;sem vítima;820,3;BR-116/BA;Sul;Atropelamento de Animal;;;;;;;;;;1;2;;;;
13/03/2020;01:21:00;8;sem vítima;800,3;BR-116/BA;Norte;Atropelamento de Animal;;;1;;;;;;;;2;;;;
13/03/2020;01:45:00;9;com vítima;842,3;BR-116/BA;Norte;Colisão Traseira;;;1;;;1;;;;;1;1;;;
13/03/2020;03:32:00;16;sem vítima;640,8;BR-116/BA;Norte;Saida de Pista;;;1;;;;;;;;1;;;;
13/03/2020;05:29:00;22;sem vítima;539;BR-324/BA;Leste;Choque Contra Objeto Fixo;1;;;;;;;;;;1;;;;
13/03/2020;07:02:00;51;sem vítima;530,9;BR-116/BA;Norte;Colisão Lateral;1;;1;;;;;;;;2;;;;
13/03/2020;07:46:00;69;sem vítima;793;BR-116/BA;Norte;Colisão Traseira;;;1;;;1;;;;;2;;;;
13/03/2020;09:46:00;96;sem vítima;615;BR-324/BA;Leste;Colisão Lateral;1;;1;;;;;;;;5;;;;
13/03/2020;12:55:00;146;sem vítima;526;BR-324/BA;Leste;Colisão Traseira;1;;;;;1;;;;;2;;;;
13/03/2020;14:08:00;160;sem vítima;559;BR-324/BA;Oeste;Choque Contra Objeto Fixo;;;;;;;;;;1;1;;;;
13/03/2020;16:26:00;198;sem vítima;571;BR-324/BA;Oeste;Saida de Pista;;;;;;;;;;1;1;;;;
13/03/2020;18:53:00;225;sem vítima;612;BR-324/BA;Leste;Engavetamento;2;;;;;;;;;1;3;;;;
14/03/2020;06:40:00;28;com vítima;534;BR-324/BA;Oeste;Choque Contra Objeto Fixo;1;;;;;;;;;;1;1;;;
14/03/2020;10:13:00;71;sem vítima;2,8;BA-526;Norte;Saida de Pista;;;1;;;;;;;;1;;;;
14/03/2020;12:00:00;100;com vítima;426,7;BR-116/BA;Sul;Colisão Traseira;;;;1;;;;;;1;1;1;;;
14/03/2020;16:04:00;145;sem vítima;819;BR-116/BA;Sul;Colisão Traseira;1;;;;;;;;;1;2;;;;
14/03/2020;19:24:00;188;sem vítima;556,7;BR-116/BA;Sul;Saida de Pista;;;1;;;;;;;;1;;;;
14/03/2020;21:12:00;205;com vítima;11,5;BR-116/BA - Cont VC;Sul;Queda de Moto;;;;1;;;;;;;0;1;;;
14/03/2020;22:32:00;214;sem vítima;530;BR-324/BA;Oeste;Saida de Pista;1;;;;;;;;;;1;;;;
15/03/2020;00:06:00;1;sem vítima;541;BR-116/BA;Sul;Colisão Lateral;1;;;;;1;;;;;5;;;;
15/03/2020;01:02:00;3;sem vítima;646;BR-116/BA;Sul;Saida de Pista;;;;;;;;;;1;1;;;;
15/03/2020;03:01:00;6;com vítima;733,8;BR-116/BA;Norte;Capotamento;1;;;;;;;;;;1;;2;;
15/03/2020;04:25:00;11;sem vítima;573;BR-116/BA;Norte;Saida de Pista;;;;;;;;;;1;1;;;;
15/03/2020;07:59:00;40;sem vítima;659;BR-116/BA;Sul;Colisão Traseira;;;2;;;;;;;;2;;;;
15/03/2020;09:06:00;50;com vítima;658,7;BR-116/BA;Sul;Colisão Traseira;;;2;;;;;;;;1;;1;;
15/03/2020;09:39:00;58;com vítima;550;BR-324/BA;Leste;Queda de Moto;;;;1;;;;;;;0;2;;;
15/03/2020;11:35:00;77;com vítima;553,8;BR-324/BA;Leste;Saida de Pista;1;;;;;;;;;;0;1;;1;
15/03/2020;15:00:00;128;sem vítima;577;BR-324/BA;Oeste;Saida de Pista;2;;;;;;;;;;5;;;;
15/03/2020;16:26:00;149;sem vítima;852,2;BR-116/BA;Norte;Colisão Lateral;1;;1;;;;;;;;3;;;;
15/03/2020;19:02:00;182;sem vítima;15,2;BR-116/BA - Cont VC;Sul;Saida de Pista;1;;;;;;;;;;1;;;;
15/03/2020;20:54:00;200;com vítima;620;BR-324/BA;Oeste;Saida de Pista;1;;;;;;;;;;0;1;;;
16/03/2020;07:57:00;71;sem vítima;24,5;BR-116/BA - Cont VC;Norte;Saida de Pista;;;1;;;;;;;;1;;;;
16/03/2020;08:00:00;75;com vítima;614;BR-324/BA;Leste;Colisão Lateral;2;;;1;;;;;;;2;2;;;
16/03/2020;09:13:00;103;sem vítima;605,9;BR-324/BA;Leste;Colisão Traseira;1;;;;;1;;;;;3;;;;
16/03/2020;09:25:00;107;sem vítima;532;BR-324/BA;Oeste;Colisão Frontal;;;1;;1;;;;;1;3;;;;
16/03/2020;12:34:00;141;sem vítima;612,9;BR-324/BA;Leste;Engavetamento;3;;;;;;;;;;5;;;;
16/03/2020;13:54:00;159;com vítima;588,1;BR-324/BA;Leste;Saida de Pista;1;;;;;;;;;;0;2;;;
16/03/2020;14:41:00;170;sem vítima;519;BR-324/BA;Oeste;Colisão Traseira;1;;1;;;;;;;;3;;;;
16/03/2020;17:27:00;223;sem vítima;533;BR-324/BA;Oeste;Colisão Lateral;1;;1;;;;;;;;3;;;;
16/03/2020;18:42:00;242;sem vítima;533;BR-324/BA;Oeste;Saida de Pista;;;1;;;;;;;;1;;;;
16/03/2020;19:31:00;254;sem vítima;435;BR-116/BA;Norte;Colisão Traseira;1;;;;;1;;;;;2;;;;
16/03/2020;21:35:00;273;com vítima;911;BR-116/BA;Sul;Atropelamento de Pedestre;;;;;;1;;;;;1;;1;;
16/03/2020;22:21:00;278;sem vítima;581;BR-324/BA;Oeste;Colisão Traseira;;;2;;;;;;;;2;;;;
17/03/2020;02:51:00;8;com vítima;543,3;BR-324/BA;Oeste;Saida de Pista;;;;;;;;;;1;1;2;;;
17/03/2020;07:42:00;38;sem vítima;634;BR-116/BA;Sul;Colisão Lateral;1;;1;;;;;;;;5;;;;
17/03/2020;08:10:00;44;sem vítima;614,3;BR-324/BA;Oeste;Saida de Pista;1;;;;;;;;;;1;;;;
17/03/2020;08:42:00;63;sem vítima;926,7;BR-116/BA;Norte;Colisão Traseira;;;2;;;;;;;;3;;;;
18/03/2020;07:48:00;55;sem vítima;451,8;BR-116/BA;Norte;Colisão Traseira;1;;;;;;;;;1;2;;;;
18/03/2020;07:50:00;56;sem vítima;614;BR-324/BA;Leste;Colisão Traseira;2;;;;;;;;;;3;;;;
18/03/2020;10:01:00;89;sem vítima;617,5;BR-324/BA;Leste;Saida de Pista;1;;;;;;;;;;1;;;;
18/03/2020;12:04:00;120;com vítima;623,6;BR-324/BA;Oeste;Queda de Moto;;;;1;;;;;;;0;1;;;
18/03/2020;14:16:00;159;sem vítima;530;BR-324/BA;Leste;Tombamento;;;1;;;;;;;;1;;;;
18/03/2020;20:22:00;252;sem vítima;625,1;BR-324/BA;Oeste;Saida de Pista;1;;;;;;;;;;1;;;;
19/03/2020;04:20:00;15;sem vítima;575,4;BR-324/BA;Oeste;Atropelamento de Animal;;;;;1;;;;;;22;;;;
19/03/2020;04:35:00;16;sem vítima;716,3;BR-116/BA;Norte;Colisão Lateral;;;2;;;;;;;;2;;;;
19/03/2020;10:02:00;84;com vítima;596,3;BR-116/BA;Sul;Saida de Pista;;;1;;;;;;;;0;;1;;
20/03/2020;06:36:00;32;com vítima;832,5;BR-116/BA;Norte;Colisão Traseira;1;1;;;;;;;;;1;1;;;
20/03/2020;08:37:00;59;sem vítima;459;BR-116/BA;Norte;Saida de Pista;1;;;;;;;;;;1;;;;
20/03/2020;10:45:00;87;sem vítima;455,5;BR-116/BA;Norte;Atropelamento de Animal;;;1;;;;;;;;1;;;;
20/03/2020;13:24:00;128;com vítima;468,5;BR-116/BA;Sul;Saida de Pista;1;;;;;;;;;;0;;1;;
20/03/2020;13:47:00;135;com vítima;469;BR-116/BA;Sul;Colisão Traseira;1;;1;;;;;;;;1;4;;;
20/03/2020;17:00:00;189;sem vítima;526,3;BR-324/BA;Oeste;Colisão Lateral;1;;1;;;;;;;;2;;;;
20/03/2020;20:04:00;232;sem vítima;568,1;BR-324/BA;Oeste;Colisão Traseira;1;;1;;;;;;;;4;;;;
21/03/2020;06:31:00;27;sem vítima;545;BR-324/BA;Oeste;Saida de Pista;1;;;;;;;;;;5;;;;