data;horario;n_da_ocorrencia;tipo_de_ocorrencia;km;trecho;sentido;tipo_de_acidente;automovel;bicicleta;caminhao;moto;onibus;outros;tracao_animal;transporte_de_cargas_especiais;trator_maquinas;utilitarios;ilesos;levemente_feridos;moderadamente_feridos;gravemente_feridos;mortos
21/03/2020;07:44:00;46;sem vítima;461;BR-116/BA;Norte;Saida de Pista;;;1;;;;;;;;2;;;;
21/03/2020;08:50:00;58;sem vítima;686,3;BR-116/BA;Norte;Tombamento;;;1;;;;;;;;1;;;;
21/03/2020;13:43:00;127;sem vítima;580;BR-116/BA;Norte;Tombamento;;;1;;;1;;;;;2;;;;
21/03/2020;15:10:00;149;sem vítima;507,7;BR-116/BA;Sul;Colisão Frontal;;;2;;;;;;;;2;;;;
21/03/2020;15:45:00;161;sem vítima;572,7;BR-116/BA;Norte;Sequência;1;;3;;;;;;;;4;;;;
21/03/2020;17:07:00;175;sem vítima;603,5;BR-324/BA;Oeste;Queda de Moto;;;;1;;;;;;;2;;;;
21/03/2020;17:25:00;181;sem vítima;588;BR-324/BA;Oeste;Saida de Pista;1;;;;;;;;;;2;;;;
21/03/2020;23:12:00;220;sem vítima;601,8;BR-116/BA;Sul;Saida de Pista;;;1;;;;;;;;1;;;;
22/03/2020;12:12:00;99;sem vítima;913,9;BR-116/BA;Sul;Colisão Traseira;1;;;;;1;;;;;3;;;;
22/03/2020;16:20:00;146;sem vítima;672;BR-116/BA;Norte;Tombamento;;;1;;;;;;;;1;;;;
22/03/2020;16:36:00;148;sem vítima;496;BR-116/BA;Norte;Colisão Traseira;;;1;;;1;;;;;2;;;;
23/03/2020;03:49:00;14;com vítima;583,3;BR-324/BA;Oeste;Atropelamento de Animal;1;;;;;;;;;;2;;2;;
23/03/2020;05:06:00;16;sem vítima;602;BR-324/BA;Leste;Colisão Traseira;1;;1;;;;;;;;2;;;;
23/03/2020;07:35:00;52;com vítima;759,5;BR-116/BA;Sul;Queda de Moto;;;;1;;;;;;;0;1;;;
23/03/2020;10:30:00;98;sem vítima;599;BR-324/BA;Leste;Colisão Lateral;1;;;1;;;;;;;2;;;;
23/03/2020;10:43:00;99;sem vítima;778;BR-116/BA;Sul;Colisão Transversal;2;;;;;;;;;;3;;;;
23/03/2020;19:52:00;218;com vítima;663;BR-116/BA;Norte;Colisão Frontal;;;1;1;;;;;;;1;;;;1
23/03/2020;21:26:00;227;com vítima;545;BR-324/BA;Oeste;Colisão Transversal;1;;1;;;;;;;;2;1;;;
24/03/2020;06:37:00;28;sem vítima;588,3;BR-324/BA;Oeste;Capotamento;;;;;;;;;;1;1;;;;
24/03/2020;07:28:00;47;sem vítima;588,4;BR-324/BA;Oeste;Saida de Pista;;;1;;;;;;;;2;;;;
24/03/2020;08:07:00;62;sem vítima;593;BR-324/BA;Oeste;Saida de Pista;1;;;;;;;;;;1;;;;
24/03/2020;16:51:00;172;com vítima;928;BR-116/BA;Norte;Queda de Moto;;;;1;;;;;;;1;1;;;
24/03/2020;18:49:00;192;com vítima;595;BR-324/BA;Leste;Atropelamento de Pedestre;;;1;;;;;;;;1;;;1;
24/03/2020;21:31:00;213;sem vítima;543,5;BR-116/BA;Sul;Atropelamento de Animal;;;1;;;;;;;;1;;;;
25/03/2020;00:04:00;1;com vítima;777,8;BR-116/BA;Sul;Colisão Transversal;2;;;;;;;;;;1;;1;;
25/03/2020;00:21:00;3;com vítima;696,6;BR-116/BA;Sul;Saida de Pista;1;;;;;;;;;;2;1;2;;
25/03/2020;07:39:00;47;com vítima;570;BR-116/BA;Sul;Tombamento;;;3;;;;;;;;2;;;;3
25/03/2020;07:56:00;53;sem vítima;620;BR-324/BA;Oeste;Saida de Pista;;;;;;;;;;1;1;;;;
25/03/2020;08:45:00;62;sem vítima;821,2;BR-116/BA;Sul;Colisão Traseira;1;;;;1;;;;;;3;;;;
25/03/2020;09:33:00;71;sem vítima;565;BR-324/BA;Oeste;Saida de Pista;;;1;;;;;;;;1;;;;
25/03/2020;09:39:00;74;sem vítima;541;BR-324/BA;Oeste;Colisão Lateral;1;;1;;;;;;;;3;;;;
25/03/2020;18:29:00;173;com vítima;804,8;BR-116/BA;Norte;Queda de Moto;;;;1;;;;;;;0;;1;;
25/03/2020;23:26:00;212;sem vítima;592;BR-324/BA;Oeste;Saida de Pista;1;;;;;;;;;;1;;;;
26/03/2020;10:11:00;83;sem vítima;565;BR-324/BA;Oeste;Saida de Pista;;;1;;;;;;;;2;;;;
26/03/2020;15:21:00;141;sem vítima;576;BR-324/BA;Leste;Saida de Pista;1;;1;;;;;;;;7;;;;
26/03/2020;21:54:00;203;sem vítima;516,5;BR-116/BA;Norte;Atropelamento de Animal;1;;;;;;;;;;4;;;;
27/03/2020;01:30:00;7;sem vítima;537;BR-324/BA;Oeste;Saida de Pista;;;1;;;;;;;;1;;;;
27/03/2020;07:03:00;34;sem vítima;615;BR-324/BA;Leste;Colisão Traseira;1;;1;;;;;;;;2;;;;
27/03/2020;07:43:00;44;com vítima;856,6;BR-116/BA;Sul;Queda de Moto;;;;1;;;;;;;0;2;;;
27/03/2020;08:36:00;57;com vítima;812,8;BR-116/BA;Sul;Saida de Pista;1;;;;;;;;;;1;1;;;
27/03/2020;15:13:00;132;sem vítima;596,5;BR-324/BA;Leste;Colisão Traseira;;;1;;;;;;;1;3;;;;
27/03/2020;17:57:00;160;sem vítima;534,4;BR-324/BA;Oeste;Saida de Pista;1;;;;;;;;;;2;;;;
28/03/2020;01:17:00;5;com vítima;29;BR-116/BA - Cont VC;Norte;Queda de Moto;;;;1;;;;;;;0;1;;;
28/03/2020;03:13:00;12;sem vítima;543;BR-324/BA;Oeste;Saida de Pista;1;;;;;;;;;;1;;;;
28/03/2020;04:19:00;17;sem vítima;505;BR-116/BA;Sul;Saida de Pista;;;1;;;;;;;;1;;;;
28/03/2020;06:42:00;31;com vítima;623;BR-324/BA;Leste;Queda de Moto;;;;1;;;;;;;1;1;;;
28/03/2020;22:19:00;158;sem vítima;498;BR-116/BA;Sul;Saida de Pista;1;;;;;;;;;;1;;;;
29/03/2020;06:16:00;21;sem vítima;622;BR-324/BA;Oeste;Choque Contra Objeto Fixo;1;;;;;;;;;;1;;;;
29/03/2020;07:14:00;29;com vítima;433,1;BR-116/BA;Norte;Saida de Pista;;;1;;;;;;;;0;1;2;;
29/03/2020;07:39:00;31;sem vítima;621;BR-324/BA;Leste;Choque Contra Objeto Fixo;1;;;;;;;;;;1;;;;
29/03/2020;07:45:00;32;sem vítima;570;BR-324/BA;Oeste;Saida de Pista;1;;;;;;;;;;1;;;;
29/03/2020;08:19:00;37;sem vítima;873;BR-116/BA;Sul;Colisão Traseira;;;2;;;;;;;;2;;;;
29/03/2020;09:42:00;40;com vítima;568;BR-324/BA;Oeste;Capotamento;1;;;;;;;;;;0;;1;;
29/03/2020;15:24:00;83;sem vítima;710;BR-116/BA;Sul;Colisão Lateral;2;;;;;;;;;;4;;;;
29/03/2020;16:44:00;97;sem vítima;640,7;BR-116/BA;Norte;Saida de Pista;;;1;;;;;;;;1;;;;
29/03/2020;18:40:00;115;sem vítima;618,7;BR-116/BA;Sul;Saida de Pista;;;1;;;1;;;;;2;;;;
29/03/2020;20:24:00;127;sem vítima;491,5;BR-116/BA;Norte;Saida de Pista;1;;;;;;;;;;1;;;;
30/03/2020;09:59:00;83;sem vítima;616,7;BR-324/BA;Oeste;Colisão Lateral;1;;1;;;;;;;;4;;;;
30/03/2020;15:52:00;158;sem vítima;6;BR-116/BA - ContSuFS;Sul;Colisão Traseira;;;1;;;1;;;;;2;;;;
30/03/2020;21:45:00;214;sem vítima;523;BR-324/BA;Oeste;Colisão Traseira;1;;1;;;;;;;;2;;;;
30/03/2020;22:11:00;216;sem vítima;521;BR-324/BA;Leste;Colisão Traseira;1;;1;;;;;;;;2;;;;
31/03/2020;10:01:00;73;sem vítima;760;BR-116/BA;Sul;Colisão Traseira;;;1;;;;;;;1;3;;;;
31/03/2020;11:07:00;87;com vítima;753,7;BR-116/BA;Norte;Saida de Pista;;;1;;;;;;;;0;;;;1
31/03/2020;14:37:00;115;sem vítima;625;BR-324/BA;Leste;Colisão Lateral;2;;;;;;;;;;2;;;;
31/03/2020;17:11:00;142;com vítima;709;BR-116/BA;Sul;Queda de Moto;;;;1;;;;;;;0;;1;;
31/03/2020;19:25:00;168;sem vítima;533;BR-116/BA;Norte;Saida de Pista;1;;;;;;;;;;1;;;;
31/03/2020;19:52:00;171;sem vítima;622,1;BR-324/BA;Leste;Colisão Traseira;2;;;;;;;;;;3;;;;
31/03/2020;22:03:00;182;sem vítima;532;BR-324/BA;Oeste;Colisão Traseira;;;1;;1;;;;;;2;;;;
01/07/2020;07:49:00;41;sem vítima;818,5;BR-116/BA;Sul;Colisão Traseira;2;;;;;;;;;;2;;;;
01/07/2020;11:38:00;104;com vítima;626;BR-324/BA;Oeste;Colisão Traseira;;;2;;;;;;;;3;;1;;
01/07/2020;12:17:00;112;sem vítima;551,1;BR-116/BA;Norte;Colisão Traseira;1;;;;;1;;;;;2;;;;
01/07/2020;14:09:00;140;sem vítima;757,6;BR-116/BA;Sul;Colisão Transversal;2;;;;;;;;;;3;;;;
01/07/2020;15:33:00;172;com vítima;610;BR-324/BA;Oeste;Queda de Moto;;;;1;;;;;;;0;1;1;;
01/07/2020;16:02:00;182;com vítima;8;BA-526;Sul;Colisão Lateral;;;;1;;;;;;1;1;1;;;
01/07/2020;16:45:00;189;sem vítima;558;BR-324/BA;Oeste;Colisão Traseira;;;;;;1;;;;1;3;;;;
01/07/2020;18:12:00;208;sem vítima;625;BR-324/BA;Oeste;Engavetamento;4;;;;;;;;;;8;;;;
02/07/2020;08:45:00;72;com vítima;598;BR-116/BA;Sul;Saida de Pista;1;;;;;;;;;;0;;2;;
02/07/2020;10:13:00;94;sem vítima;622,2;BR-324/BA;Leste;Queda de Moto;;;;1;;;;;;;2;;;;
02/07/2020;14:17:00;144;sem vítima;551;BR-324/BA;Oeste;Colisão Lateral;1;;1;;;;;;;;2;;;;
02/07/2020;21:28:00;249;com vítima;0;BR-116/BA - ContSuFS;Sul;Queda de Moto;;;;1;;;;;;;0;1;;;
03/07/2020;05:45:00;20;com vítima;616;BR-324/BA;Leste;Colisão Traseira;1;;1;;;;;;;;2;;1;1;
03/07/2020;07:04:00;32;com vítima;602,6;BR-324/BA;Oeste;Engavetamento;2;;2;;;;;;;;6;1;;;
03/07/2020;07:28:00;38;sem vítima;608,7;BR-324/BA;Oeste;Saida de Pista;1;;;;;;;;;;4;;;;
03/07/2020;07:35:00;40;sem vítima;603;BR-324/BA;Oeste;Colisão Lateral;1;;1;;;;;;;;2;;;;
03/07/2020;07:45:00;41;sem vítima;807,1;BR-116/BA;Sul;Saida de Pista;1;;;;;;;;;;1;;;;
03/07/2020;08:00:00;49;sem vítima;600,1;BR-324/BA;Leste;Saida de Pista;1;;;;;;;;;;1;;;;
03/07/2020;08:49:00;64;com vítima;600,02;BR-324/BA;Leste;Queda de Moto;;;;1;;;;;;;0;2;;;
03/07/2020;15:28:00;153;sem vítima;519;BR-324/BA;Oeste;Engavetamento;4;;;;;1;;;;;5;;;;
03/07/2020;16:50:00;175;com vítima;616;BR-324/BA;Oeste;Colisão Frontal;;;;1;;1;;;;;1;1;;;
03/07/2020;18:04:00;191;sem vítima;599;BR-324/BA;Leste;Colisão Traseira;2;;;;;;;;;;5;;;;
03/07/2020;19:16:00;206;sem vítima;9,7;BR-116/BA - Cont VC;Sul;Colisão Traseira;2;;;;;;;;;;2;;;;
03/07/2020;20:06:00;214;com vítima;534;BR-324/BA;Oeste;Colisão Lateral;1;;;;;;;;;1;2;;1;;
04/07/2020;00:21:00;5;sem vítima;481,2;BR-116/BA;Sul;Saida de Pista;;;1;;;;;;;;1;;;;
04/07/2020;06:21:00;22;sem vítima;624,1;BR-116/BA;Sul;Colisão Lateral;;;2;;;;;;;;2;;;;
04/07/2020;10:45:00;70;sem vítima;847,2;BR-116/BA;Norte;Colisão Lateral;1;;1;;;;;;;;4;;;;
04/07/2020;11:26:00;76;sem vítima;605;BR-324/BA;Leste;Saida de Pista;;;1;;;;;;;;1;;;;
04/07/2020;14:36:00;109;sem vítima;575;BR-324/BA;Oeste;Saida de Pista;1;;;;;;;;;;1;;;;
04/07/2020;15:33:00;123;com vítima;813;BR-116/BA;Norte;Queda de Moto;;;;1;;;;;;;0;1;;;
04/07/2020;17:05:00;148;sem vítima;610;BR-324/BA;Oeste;Colisão Traseira;1;;;;;1;;;;;2;;;;
04/07/2020;17:16:00;149;sem vítima;530;BR-324/BA;Leste;Colisão Traseira;2;;;;;;;;;;2;;;;
04/07/2020;19:39:00;169;sem vítima;563,5;BR-324/BA;Leste;Saida de Pista;1;;;;;;;;;;1;;;;
04/07/2020;21:59:00;185;com vítima;533;BR-324/BA;Leste;Queda de Moto;;;;1;;;;;;;0;;;1;
04/07/2020;22:49:00;192;sem vítima;597;BR-324/BA;Leste;Queda de Moto;;;;1;;;;;;;2;;;;
05/07/2020;08:15:00;30;com vítima;632,5;BR-116/BA;Sul;Colisão Transversal;1;;1;;;;;;;;4;2;;;
05/07/2020;13:04:00;97;sem vítima;7;BA-526;Sul;Colisão Frontal;1;;;;;;;;;1;2;;;;
05/07/2020;15:11:00;114;sem vítima;582;BR-324/BA;Leste;Saida de Pista;1;;;;;;;;;;1;;;;
05/07/2020;16:28:00;127;sem vítima;643,3;BR-116/BA;Norte;Colisão Lateral;1;;2;;;;;;;;7;;;;
05/07/2020;17:44:00;147;com vítima;575;BR-116/BA;Norte;Colisão Frontal;1;;;1;;;;;;;1;;1;1;
05/07/2020;19:39:00;163;com vítima;464;BR-116/BA;Sul;Queda de Moto;;;;1;;;;;;;0;;1;;
06/07/2020;06:23:00;28;sem vítima;885,2;BR-116/BA;Norte;Saida de Pista;1;;;;;;;;;;1;;;;
06/07/2020;08:36:00;81;sem vítima;613,3;BR-324/BA;Leste;Colisão Traseira;2;;;;;;;;;;5;;;;
06/07/2020;14:05:00;152;com vítima;603,65;BR-324/BA;Leste;Queda de Moto;;;;1;;;;;;;1;1;;;
06/07/2020;15:53:00;185;com vítima;3,6;BR-116/BA - ContSuFS;Sul;Colisão Traseira;;;;1;;1;;;;;1;1;;;
06/07/2020;16:01:00;189;sem vítima;15,2;BR-116/BA - Cont VC;Sul;Queda de Moto;;;;1;;;;;;;1;;;;
06/07/2020;16:17:00;191;sem vítima;575;BR-324/BA;Oeste;Colisão Lateral;1;;;;;1;;;;;2;;;;
06/07/2020;17:15:00;214;com vítima;469;BR-116/BA;Norte;Queda de Moto;;;;1;;;;;;;0;1;;;
06/07/2020;18:23:00;232;sem vítima;613;BR-324/BA;Leste;Engavetamento;3;;;;;;;;;;7;;;;
06/07/2020;23:28:00;265;sem vítima;851;BR-116/BA;Norte;Saida de Pista;;;1;;;;;;;;1;;;;
07/07/2020;01:59:00;2;com vítima;834;BR-116/BA;Norte;Saida de Pista;1;;1;;;;;;;;2;1;;;1
07/07/2020;07:54:00;45;com vítima;819;BR-116/BA;Sul;Colisão Lateral;1;;;1;;;;;;;1;1;;;
07/07/2020;15:25:00;142;sem vítima;772,95;BR-116/BA;Sul;Saida de Pista;1;;;;;;;;;;2;;;;
07/07/2020;16:55:00;169;com vítima;473,95;BR-116/BA;Norte;Saida de Pista;1;;;;;;;;;;2;;1;;
07/07/2020;19:22:00;189;com vítima;827,6;BR-116/BA;Norte;Queda de Moto;;;;1;;1;;;;;1;2;;;
07/07/2020;20:10:00;200;com vítima;570,2;BR-116/BA;Sul;Queda de Moto;;;;1;;;;;;;0;1;;;
07/07/2020;21:07:00;203;sem vítima;625;BR-324/BA;Leste;Queda de Moto;;;;1;;;;;;;1;;;;
07/07/2020;23:05:00;221;sem vítima;592,5;BR-324/BA;Leste;Saida de Pista;;;;;;;;;;1;3;;;;
08/07/2020;01:44:00;8;sem vítima;601,8;BR-324/BA;Leste;Saida de Pista;1;;;;;;;;;;1;;;;
08/07/2020;08:41:00;58;sem vítima;588;BR-324/BA;Oeste;Saida de Pista;;;1;;;;;;;;4;;;;
08/07/2020;08:50:00;63;sem vítima;526;BR-324/BA;Oeste;Colisão Traseira;2;;;;;;;;;;3;;;;
08/07/2020;09:40:00;77;sem vítima;543;BR-324/BA;Oeste;Engavetamento;1;;2;;;;;;;;5;;;;
08/07/2020;11:34:00;122;sem vítima;616;BR-324/BA;Leste;Colisão Traseira;1;;;;;1;;;;;2;;;;
08/07/2020;15:18:00;170;sem vítima;547;BR-324/BA;Leste;Saida de Pista;1;;;;;;;;;;1;;;;
08/07/2020;15:46:00;179;sem vítima;616;BR-324/BA;Oeste;Colisão Traseira;1;;1;;;;;;;;2;;;;
08/07/2020;16:20:00;189;com vítima;604;BR-116/BA;Sul;Colisão Traseira;;;2;;;;;;;;1;;;1;
08/07/2020;16:54:00;197;sem vítima;439;BR-116/BA;Sul;Colisão Traseira;;;2;;;;;;;;2;;;;
08/07/2020;17:37:00;206;sem vítima;617;BR-324/BA;Oeste;Colisão Traseira;1;;;1;;;;;;;2;;;;
08/07/2020;19:49:00;233;sem vítima;622;BR-324/BA;Oeste;Engavetamento;3;;;;;2;;;;;5;;;;
08/07/2020;23:04:00;260;sem vítima;542,07;BR-324/BA;Oeste;Saida de Pista;1;;;;;;;;;;2;;;;
09/07/2020;07:36:00;45;sem vítima;921,4;BR-116/BA;Sul;Colisão Traseira;1;;;;;2;;;;;5;;;;
09/07/2020;09:50:00;80;sem vítima;618,8;BR-324/BA;Leste;Engavetamento;3;;;;;;;;;;6;;;;
09/07/2020;11:38:00;103;sem vítima;466,5;BR-116/BA;Norte;Colisão Traseira;1;;;;;1;;;;;5;;;;
09/07/2020;12:30:00;117;com vítima;517;BR-116/BA;Sul;Colisão Lateral;1;;1;;;;;;;1;6;;;1;
09/07/2020;12:56:00;124;sem vítima;566;BR-116/BA;Sul;Engavetamento;1;;;;;2;;;;;3;;;;
09/07/2020;17:13:00;179;sem vítima;622;BR-324/BA;Oeste;Engavetamento;3;;;;;;;;;;6;;;;
09/07/2020;18:11:00;202;sem vítima;563;BR-324/BA;Oeste;Saida de Pista;;;;;;;;;;1;1;;;;
10/07/2020;00:22:00;3;com vítima;459;BR-116/BA;Sul;Colisão Traseira;;;2;;;;;;;;1;2;;;
10/07/2020;01:11:00;11;sem vítima;548;BR-116/BA;Sul;Saida de Pista;;;1;;;;;;;;1;;;;
10/07/2020;07:10:00;59;sem vítima;614,1;BR-324/BA;Oeste;Colisão Traseira;1;;;1;;;;;;;2;;;;
10/07/2020;08:17:00;77;sem vítima;610,5;BR-324/BA;Leste;Colisão Traseira;;;2;;;;;;;;3;;;;
10/07/2020;08:51:00;84;sem vítima;608;BR-324/BA;Leste;Engavetamento;1;;;;;1;;;;1;6;;;;
10/07/2020;10:36:00;116;sem vítima;577;BR-324/BA;Leste;Saida de Pista;;;1;;;;;;;;1;;;;
10/07/2020;13:32:00;164;sem vítima;573;BR-324/BA;Oeste;Saida de Pista;1;;;;;;;;;;1;;;;
10/07/2020;17:12:00;228;com vítima;620;BR-324/BA;Oeste;Atropelamento - Ciclista;1;1;;;;;;;;;1;1;;;
10/07/2020;21:05:00;278;sem vítima;580;BR-324/BA;Leste;Saida de Pista;;;1;;;;;;;;2;;;;
11/07/2020;11:22:00;101;sem vítima;644;BR-116/BA;Sul;Colisão Lateral;;;3;;;;;;;;3;;;;
11/07/2020;16:08:00;153;sem vítima;516,3;BR-116/BA;Norte;Colisão Traseira;;;2;;;;;;;;2;;;;
11/07/2020;17:39:00;171;com vítima;614;BR-324/BA;Oeste;Queda de Moto;;;;1;;;;;;;0;1;;;
12/07/2020;17:40:00;141;sem vítima;8,7;BR-116/BA - Cont VC;Sul;Saida de Pista;1;;;;;;;;;;1;;;;
12/07/2020;18:22:00;146;com vítima;919,3;BR-116/BA;Norte;Atropelamento - Ciclista;;1;;;;1;;;;;1;;;;1
12/07/2020;19:04:00;154;sem vítima;620;BR-324/BA;Leste;Colisão Lateral;1;;;;;;;;;1;2;;;;
12/07/2020;20:03:00;165;sem vítima;603;BR-324/BA;Leste;Saida de Pista;1;;;;;;;;;;2;;;;
12/07/2020;23:07:00;184;sem vítima;1;BR-116/BA - ContSuFS;Sul;Colisão Lateral;1;;;;;1;;;;;2;;;;
13/07/2020;05:28:00;12;sem vítima;621;BR-324/BA;Leste;Colisão Traseira;1;;1;;;;;;;;4;;;;
13/07/2020;05:38:00;14;sem vítima;557;BR-324/BA;Leste;Saida de Pista;1;;;;;;;;;;1;;;;
13/07/2020;07:00:00;43;sem vítima;611;BR-324/BA;Oeste;Engavetamento;4;;;;;;;;;;5;;;;
13/07/2020;07:26:00;50;com vítima;827,9;BR-116/BA;Norte;Colisão Transversal;;1;1;;;;;;;;1;;;;1
13/07/2020;07:46:00;55;sem vítima;555;BR-324/BA;Leste;Saida de Pista;1;;;;;;;;;;1;;;;
13/07/2020;09:01:00;75;com vítima;818;BR-116/BA;Sul;Colisão Traseira;;;;1;;1;;;;;1;1;;;
13/07/2020;10:10:00;100;com vítima;852,5;BR-116/BA;Sul;Tombamento;;;1;;;;;;;;0;1;;;
13/07/2020;10:14:00;101;sem vítima;711;BR-116/BA;Norte;Saida de Pista;;;1;;;;;;;;1;;;;
13/07/2020;14:04:00;161;sem vítima;551;BR-324/BA;Oeste;Colisão Traseira;1;;;;;1;;;;;2;;;;
13/07/2020;15:39:00;202;sem vítima;529;BR-116/BA;Sul;Colisão Lateral;1;;1;;;;;;;;2;;;;
14/07/2020;04:27:00;13;sem vítima;566;BR-324/BA;Leste;Colisão Traseira;;;2;;;;;;;;2;;;;
14/07/2020;08:23:00;55;sem vítima;615,1;BR-324/BA;Oeste;Colisão Lateral;;;;1;;1;;;;;3;;;;
14/07/2020;10:22:00;93;sem vítima;611;BR-324/BA;Oeste;Engavetamento;1;;;;;;;;;2;5;;;;
14/07/2020;13:11:00;127;sem vítima;528;BR-324/BA;Oeste;Queda de Moto;;;;1;;;;;;;2;;;;
14/07/2020;13:21:00;130;com vítima;745,5;BR-116/BA;Sul;Queda de Moto;;;;1;;;;;;;0;2;;;
14/07/2020;15:27:00;165;sem vítima;583;BR-324/BA;Leste;Saida de Pista;1;;;;;;;;;;1;;;;
14/07/2020;16:23:00;179;sem vítima;640,2;BR-116/BA;Norte;Tombamento;;;1;;;;;;;;1;;;;
14/07/2020;17:43:00;195;sem vítima;621,6;BR-324/BA;Leste;Colisão Traseira;1;;;;;;;;;1;3;;;;
14/07/2020;18:27:00;207;sem vítima;622,5;BR-324/BA;Oeste;Engavetamento;2;;1;;;;;;;;3;;;;
15/07/2020;06:36:00;21;sem vítima;597;BR-324/BA;Oeste;Engavetamento;1;;1;;;;;;;1;5;;;;
15/07/2020;07:30:00;41;sem vítima;653;BR-116/BA;Sul;Saida de Pista;;;1;;;;;;;;1;;;;
15/07/2020;09:42:00;85;sem vítima;619,5;BR-324/BA;Leste;Saida de Pista;;;1;;;;;;;;1;;;;
15/07/2020;13:19:00;126;com vítima;10,9;BR-116/BA - Cont VC;Norte;Colisão Traseira;1;;;1;;;;;;;1;1;;;
15/07/2020;14:19:00;142;sem vítima;583;BR-324/BA;Oeste;Saida de Pista;;;1;;;;;;;;1;;;;
15/07/2020;14:37:00;149;sem vítima;565;BR-324/BA;Oeste;Saida de Pista;;;1;;;;;;;;1;;;;
15/07/2020;14:47:00;153;sem vítima;431,4;BR-116/BA;Norte;Colisão Lateral;1;;1;;;;;;;;4;;;;
15/07/2020;18:33:00;208;com vítima;817,5;BR-116/BA;Norte;Queda de Moto;;;;1;;;;;;;1;1;;;
15/07/2020;23:26:00;237;sem vítima;769;BR-116/BA;Norte;Saida de Pista;;;1;;;;;;;;1;;;;
16/07/2020;07:27:00;44;com vítima;625,7;BR-324/BA;Leste;Queda de Moto;;;;1;;;;;;;0;2;;;
16/07/2020;09:06:00;75;sem vítima;625,7;BR-324/BA;Leste;Colisão Traseira;;;;;;;;;;2;3;;;;
16/07/2020;18:09:00;195;sem vítima;616;BR-324/BA;Oeste;Colisão Traseira;;;;1;;1;;;;;2;;;;
16/07/2020;22:56:00;242;sem vítima;609,3;BR-324/BA;Leste;Saida de Pista;;;;;;;;;;1;7;;;;
17/07/2020;10:29:00;91;sem vítima;612;BR-324/BA;Oeste;Engavetamento;1;;;;;;;;;2;5;;;;
17/07/2020;10:30:00;92;sem vítima;530;BR-324/BA;Leste;Colisão Transversal;;;2;;;;;;;;2;;;;
17/07/2020;12:30:00;104;com vítima;15;BR-116/BA - Cont VC;Norte;Colisão Lateral;1;;1;;;;;;;;2;1;;;
17/07/2020;13:31:00;110;sem vítima;433;BR-116/BA;Norte;Saida de Pista;1;;;;;;;;;;1;;;;
17/07/2020;14:04:00;114;sem vítima;602;BR-116/BA;Norte;Saida de Pista;;;1;;;;;;;;1;;;;
17/07/2020;15:54:00;142;com vítima;829;BR-116/BA;Norte;Colisão Transversal;;;;1;;1;;;;;1;1;;;
17/07/2020;16:58:00;152;sem vítima;572;BR-324/BA;Oeste;Engavetamento;3;;;;;;;;;1;7;;;;
17/07/2020;17:09:00;156;sem vítima;519;BR-324/BA;Oeste;Colisão Traseira;2;;;;;;;;;;3;;;;
17/07/2020;17:13:00;158;sem vítima;574;BR-324/BA;Oeste;Saida de Pista;1;;;;;;;;;;1;;;;
17/07/2020;17:22:00;159;sem vítima;615;BR-324/BA;Leste;Colisão Traseira;1;;;;;1;;;;;2;;;;
18/07/2020;02:00:00;8;com vítima;23,4;BR-116/BA - Cont VC;Sul;Colisão Frontal;;;;1;;;;;;1;1;;;;1
18/07/2020;02:01:00;9;sem vítima;554,3;BR-324/BA;Oeste;Queda de Moto;;;;1;;;;;;;1;;;;
18/07/2020;03:21:00;17;sem vítima;434,9;BR-116/BA;Norte;Saida de Pista;1;;;;;;;;;;5;;;;
18/07/2020;03:40:00;18;sem vítima;491;BR-116/BA;Norte;Saida de Pista;;;1;;;;;;;;1;;;;
18/07/2020;11:30:00;71;com vítima;867;BR-116/BA;Norte;Colisão Traseira;1;;1;;;;;;;;1;1;;;
18/07/2020;13:29:00;84;sem vítima;574,3;BR-324/BA;Oeste;Saida de Pista;;;1;;;;;;;;3;;;;
18/07/2020;13:45:00;88;sem vítima;623;BR-324/BA;Leste;Colisão Traseira;1;;;;;1;;;;;2;;;;
18/07/2020;14:43:00;106;sem vítima;623,6;BR-324/BA;Leste;Saida de Pista;1;;;;;;;;;;1;;;;
18/07/2020;15:18:00;114;sem vítima;868,5;BR-116/BA;Norte;Colisão Lateral;;;2;;;;;;;;2;;;;
18/07/2020;18:37:00;159;sem vítima;575,5;BR-324/BA;Oeste;Saida de Pista;1;;;;;;;;;;5;;;;
18/07/2020;18:37:00;160;sem vítima;488,8;BR-116/BA;Sul;Saida de Pista;1;;;;;;;;;;2;;;;
19/07/2020;06:21:00;20;sem vítima;910;BR-116/BA;Sul;Colisão Traseira;;;1;;;;;;;1;2;;;;
19/07/2020;08:16:00;43;sem vítima;736;BR-116/BA;Norte;Choque Contra Objeto Fixo;;;1;;;;;;;;1;;;;
19/07/2020;11:50:00;81;sem vítima;474,3;BR-116/BA;Norte;Saida de Pista;;;;;;;;;;1;2;;;;
19/07/2020;16:47:00;145;com vítima;623;BR-324/BA;Leste;Queda de Moto;;;;1;;;;;;;1;;1;;
19/07/2020;17:06:00;150;sem vítima;595,1;BR-116/BA;Norte;Saida de Pista;;;1;;;;;;;;1;;;;
19/07/2020;18:22:00;167;com vítima;813;BR-116/BA;Sul;Colisão Traseira;2;;;;;;;;;;4;1;;;
19/07/2020;18:22:00;168;sem vítima;8,2;BA-526;Sul;Colisão Traseira;2;;;;;;;;;;2;;;;
19/07/2020;19:53:00;189;sem vítima;554;BR-324/BA;Leste;Colisão Lateral;1;;1;;;;;;;;4;;;;
19/07/2020;21:37:00;203;com vítima;665,25;BR-116/BA;Sul;Tombamento;;;1;;;;;;;;0;1;;;