data;horario;n_da_ocorrencia;tipo_de_ocorrencia;km;trecho;sentido;tipo_de_acidente;automovel;bicicleta;caminhao;moto;onibus;outros;tracao_animal;transporte_de_cargas_especiais;trator_maquinas;utilitarios;ilesos;levemente_feridos;moderadamente_feridos;gravemente_feridos;mortos
20/07/2020;00:44:00;4;sem vítima;609,85;BR-324/BA;Oeste;Saida de Pista;1;;;;;;;;;;1;;;;
20/07/2020;01:53:00;11;sem vítima;606,8;BR-324/BA;Leste;Atropelamento de Animal;;;1;;;;;;;;2;;;;
20/07/2020;05:53:00;25;sem vítima;548;BR-324/BA;Oeste;Colisão Lateral;1;;1;;;;;;;;3;;;;
20/07/2020;06:01:00;27;com vítima;808,5;BR-116/BA;Norte;Saida de Pista;1;;;;;;;;;;0;1;;;
20/07/2020;07:58:00;76;sem vítima;606,4;BR-324/BA;Leste;Colisão Traseira;2;;;;;;;;;;2;;;;
20/07/2020;14:55:00;208;com vítima;602;BR-324/BA;Leste;Colisão Lateral;2;;;;;;;;;;1;1;1;;
20/07/2020;17:00:00;232;sem vítima;565;BR-324/BA;Leste;Colisão Lateral;;;1;;;;;;;1;2;;;;
20/07/2020;17:38:00;243;sem vítima;565,2;BR-324/BA;Leste;Colisão Traseira;1;;1;;;;;;;;3;;;;
20/07/2020;17:54:00;244;sem vítima;565,7;BR-324/BA;Leste;Colisão Traseira;2;;;;;;;;;;2;;;;
21/07/2020;06:24:00;21;com vítima;620;BR-324/BA;Leste;Colisão Traseira;1;;1;;;;;;;;1;;1;;
21/07/2020;07:34:00;47;sem vítima;833,1;BR-116/BA;Norte;Saida de Pista;1;;;;;;;;;;1;;;;
21/07/2020;09:30:00;85;sem vítima;524;BR-324/BA;Oeste;Colisão Traseira;1;;;;;1;;;;;3;;;;
21/07/2020;09:45:00;91;com vítima;6;BR-116/BA - Cont VC;Sul;Colisão Traseira;1;;;1;;;;;;;2;1;;;
21/07/2020;11:54:00;116;com vítima;811;BR-116/BA;Sul;Atropelamento de Animal;;;;1;;;;;;;0;2;;;
21/07/2020;12:44:00;125;sem vítima;652;BR-116/BA;Norte;Colisão Traseira;1;;1;;;;;;;;2;;;;
21/07/2020;16:52:00;188;sem vítima;500;BR-116/BA;Norte;Colisão Traseira;;;2;;;;;;;;2;;;;
21/07/2020;18:29:00;206;sem vítima;625;BR-324/BA;Oeste;Colisão Lateral;1;;1;;;;;;;;2;;;;
21/07/2020;18:45:00;210;com vítima;519;BR-324/BA;Oeste;Queda de Moto;;;;1;;;;;;;0;1;;;
21/07/2020;21:50:00;247;sem vítima;674;BR-116/BA;Norte;Atropelamento de Animal;;;1;;;;;;;;1;;;;
22/07/2020;04:54:00;12;com vítima;466;BR-116/BA;Norte;Colisão Traseira;;;1;;;;;;;1;1;;;1;
22/07/2020;06:38:00;28;sem vítima;599;BR-324/BA;Oeste;Colisão Traseira;2;;;;;;;;;;2;;;;
22/07/2020;07:48:00;54;sem vítima;617;BR-324/BA;Oeste;Colisão Traseira;2;;;;;;;;;;3;;;;
22/07/2020;09:07:00;83;sem vítima;522;BR-324/BA;Leste;Engavetamento;1;;2;;;1;;;;;8;;;;
22/07/2020;09:46:00;89;sem vítima;620;BR-324/BA;Leste;Colisão Traseira;;;1;;;1;;;;;2;;;;
22/07/2020;12:04:00;121;sem vítima;607;BR-324/BA;Oeste;Choque Contra Objeto Fixo;2;;;;;;;;;;3;;;;
22/07/2020;12:09:00;122;sem vítima;607;BR-324/BA;Leste;Colisão Traseira;1;;;;;1;;;;;2;;;;
22/07/2020;14:10:00;146;sem vítima;559;BR-324/BA;Leste;Saida de Pista;;;1;;;;;;;;1;;;;
22/07/2020;14:57:00;158;sem vítima;518;BR-324/BA;Oeste;Colisão Traseira;1;;1;;;;;;;;2;;;;
22/07/2020;15:29:00;171;com vítima;462,5;BR-116/BA;Sul;Queda de Moto;;;;1;;;;;;;0;1;;;
22/07/2020;16:42:00;188;sem vítima;590;BR-324/BA;Leste;Saida de Pista;1;;;;;;;;;;4;;;;
22/07/2020;17:53:00;201;sem vítima;614;BR-324/BA;Leste;Engavetamento;3;;;;;;;;;2;5;;;;
22/07/2020;18:10:00;204;sem vítima;816;BR-116/BA;Norte;Engavetamento;2;;;;;1;;;;;4;;;;
22/07/2020;18:28:00;212;com vítima;609,4;BR-116/BA;Sul;Saida de Pista;;;1;;;;;;;;0;;1;;
22/07/2020;21:41:00;249;sem vítima;575;BR-324/BA;Leste;Saida de Pista;1;;;;;;;;;;1;;;;
23/07/2020;09:39:00;106;sem vítima;570;BR-324/BA;Leste;Saida de Pista;;;;;;;;;;1;1;;;;
23/07/2020;14:28:00;173;sem vítima;563;BR-116/BA;Norte;Colisão Transversal;2;;;;;;;;;;3;;;;
23/07/2020;15:16:00;188;sem vítima;564,5;BR-116/BA;Sul;Saida de Pista;1;;;;;;;;;;3;;;;
23/07/2020;17:27:00;222;sem vítima;557;BR-324/BA;Leste;Saida de Pista;1;;;;;;;;;;1;;;;
23/07/2020;22:20:00;265;sem vítima;555;BR-116/BA;Norte;Saida de Pista;;;1;;;;;;;;1;;;;
23/07/2020;22:32:00;270;sem vítima;555;BR-116/BA;Sul;Colisão Traseira;;;1;;;1;;;;;2;;;;
23/07/2020;23:59:00;276;sem vítima;638,4;BR-116/BA;Norte;Saida de Pista;;;1;;;;;;;;1;;;;
24/07/2020;08:41:00;75;sem vítima;599;BR-324/BA;Oeste;Choque Contra Objeto Fixo;1;;;;;;;;;;1;;;;
24/07/2020;10:26:00;104;sem vítima;602,7;BR-116/BA;Norte;Colisão Traseira;;;2;;;;;;;;2;;;;
24/07/2020;11:14:00;115;sem vítima;829;BR-116/BA;Sul;Colisão Transversal;2;;;;;;;;;;2;;;;
24/07/2020;11:24:00;118;com vítima;927,7;BR-116/BA;Sul;Tombamento;;;1;;;;;;;;1;;1;;
24/07/2020;12:50:00;135;sem vítima;829,2;BR-116/BA;Sul;Colisão Traseira;1;;;;;1;;;;;2;;;;
24/07/2020;13:52:00;151;com vítima;538,5;BR-324/BA;Leste;Saida de Pista;1;;;;;;;;;;0;1;;;
24/07/2020;15:51:00;178;sem vítima;526;BR-324/BA;Oeste;Engavetamento;1;;1;;;;;;;1;3;;;;
24/07/2020;16:52:00;193;com vítima;809,4;BR-116/BA;Norte;Colisão Transversal;1;;;1;;;;;;;2;1;;1;
24/07/2020;16:54:00;195;sem vítima;569;BR-324/BA;Leste;Saida de Pista;1;;;;;;;;;;1;;;;
24/07/2020;17:20:00;207;sem vítima;623;BR-324/BA;Oeste;Engavetamento;2;;;;;;;;;1;4;;;;
24/07/2020;18:02:00;220;sem vítima;451;BR-116/BA;Norte;Saida de Pista;1;;;;;;;;;;2;;;;
24/07/2020;22:05:00;268;com vítima;532;BR-324/BA;Leste;Colisão Lateral;1;;;;;1;;;;;1;2;;;
25/07/2020;00:28:00;5;sem vítima;586,5;BR-116/BA;Sul;Saida de Pista;;;1;;;;;;;;1;;;;
25/07/2020;05:06:00;20;sem vítima;458,8;BR-116/BA;Norte;Saida de Pista;;;1;;;;;;;;1;;;;
25/07/2020;10:56:00;88;sem vítima;804,5;BR-116/BA;Norte;Colisão Traseira;;;2;;;;;;;;2;;;;
25/07/2020;11:56:00;101;com vítima;608;BR-324/BA;Leste;Engavetamento;;;3;;;;;;;1;3;1;;;
25/07/2020;22:03:00;212;sem vítima;463;BR-116/BA;Sul;Saida de Pista;1;;;;;;;;;;1;;;;
26/07/2020;00:44:00;2;sem vítima;574;BR-324/BA;Leste;Saida de Pista;;;1;;;;;;;;1;;;;
26/07/2020;07:25:00;27;sem vítima;544;BR-116/BA;Sul;Colisão Traseira;;;2;;;;;;;;2;;;;
26/07/2020;12:05:00;73;sem vítima;860,2;BR-116/BA;Sul;Atropelamento de Animal;;;1;;;;;;;;1;;;;
26/07/2020;12:33:00;77;sem vítima;591;BR-324/BA;Leste;Saida de Pista;1;;;;;;;;;;1;;;;
26/07/2020;13:55:00;94;sem vítima;559,5;BR-116/BA;Sul;Saida de Pista;1;;;;;;;;;;1;;;;
26/07/2020;15:35:00;115;sem vítima;551;BR-324/BA;Oeste;Choque Contra Objeto Fixo;1;;;;;;;;;;1;;;;
26/07/2020;16:16:00;125;com vítima;912,5;BR-116/BA;Sul;Colisão Transversal;2;;;;;;;;;;6;1;;;
26/07/2020;17:44:00;142;sem vítima;838;BR-116/BA;Norte;Engavetamento;2;;1;;;;;;;;3;;;;
26/07/2020;18:28:00;152;sem vítima;646;BR-116/BA;Norte;Tombamento;;;1;;;;;;;;1;;;;
26/07/2020;18:40:00;156;sem vítima;623,6;BR-324/BA;Leste;Saida de Pista;1;;;;;;;;;;1;;;;
26/07/2020;21:11:00;184;com vítima;812;BR-116/BA;Sul;Colisão Traseira;;;;1;;1;;;;;2;;1;;
27/07/2020;06:52:00;38;com vítima;584;BR-324/BA;Leste;Saida de Pista;;;1;;;;;;;;2;1;;;
27/07/2020;07:07:00;43;sem vítima;583,4;BR-324/BA;Leste;Engavetamento;4;;;;;;;;;;4;;;;
27/07/2020;07:19:00;52;sem vítima;611;BR-324/BA;Leste;Colisão Traseira;1;;;;;1;;;;;3;;;;
27/07/2020;07:34:00;58;sem vítima;612;BR-324/BA;Leste;Colisão Traseira;2;;;;;;;;;;6;;;;
27/07/2020;07:38:00;59;sem vítima;620;BR-324/BA;Leste;Colisão Traseira;2;;;;;;;;;;2;;;;
27/07/2020;07:54:00;65;sem vítima;619,9;BR-324/BA;Leste;Colisão Lateral;2;;;;;;;;;;3;;;;
27/07/2020;08:14:00;69;com vítima;3,4;BA-528;Sul;Atropelamento de Pedestre;1;1;;;;;;;;;1;1;;;
27/07/2020;09:13:00;84;sem vítima;609;BR-324/BA;Leste;Engavetamento;3;;;;;;;;;;8;;;;
27/07/2020;09:33:00;90;sem vítima;543;BR-324/BA;Oeste;Outros;1;;;;;;;;;;1;;;;
27/07/2020;09:36:00;92;sem vítima;608;BR-324/BA;Leste;Colisão Lateral;;;1;;;;;;;1;2;;;;
27/07/2020;11:27:00;111;sem vítima;571;BR-324/BA;Oeste;Saida de Pista;1;;;;;1;;;;;2;;;;
27/07/2020;12:28:00;125;sem vítima;574;BR-324/BA;Leste;Saida de Pista;1;;;;;;;;;;1;;;;
27/07/2020;15:26:00;165;sem vítima;610,9;BR-116/BA;Norte;Saida de Pista;;;1;;;;;;;;1;;;;
27/07/2020;19:15:00;215;sem vítima;595,4;BR-116/BA;Norte;Saida de Pista;;;1;;;;;;;;1;;;;
28/07/2020;06:34:00;22;sem vítima;482;BR-116/BA;Norte;Engavetamento;2;;1;;;;;;;;3;;;;
28/07/2020;07:37:00;49;sem vítima;576;BR-324/BA;Leste;Saida de Pista;1;;;;;;;;;;1;;;;
28/07/2020;08:04:00;56;sem vítima;615;BR-324/BA;Leste;Colisão Traseira;2;;;;;;;;;;4;;;;
28/07/2020;09:06:00;76;sem vítima;526;BR-324/BA;Oeste;Colisão Traseira;2;;;;;;;;;;2;;;;
28/07/2020;09:26:00;79;sem vítima;456,8;BR-116/BA;Sul;Colisão Lateral;1;;1;;;;;;;;2;;;;
28/07/2020;12:31:00;107;sem vítima;546;BR-324/BA;Oeste;Saida de Pista;1;;;;;;;;;;4;;;;
28/07/2020;12:53:00;112;sem vítima;576;BR-324/BA;Leste;Saida de Pista;;;;;;;;;;1;2;;;;
28/07/2020;15:01:00;135;sem vítima;542;BR-324/BA;Leste;Colisão Traseira;1;;;;;1;;;;;5;;;;
28/07/2020;17:07:00;159;com vítima;620;BR-324/BA;Leste;Queda de Moto;;;;1;;1;;;;;1;1;1;;
28/07/2020;17:45:00;166;sem vítima;7,5;BA-526;Sul;Saida de Pista;;;;;;;;;;1;3;;;;
29/07/2020;08:23:00;60;com vítima;624,8;BR-324/BA;Leste;Colisão Traseira;1;;;1;;;;;;;1;;1;;
29/07/2020;10:19:00;86;sem vítima;565;BR-324/BA;Oeste;Saida de Pista;;;1;;;;;;;;1;;;;
29/07/2020;14:43:00;134;com vítima;774;BR-116/BA;Norte;Colisão Lateral;1;;1;;;;;;;;1;1;1;;
30/07/2020;02:16:00;12;sem vítima;582;BR-324/BA;Leste;Colisão Lateral;;;1;;;;;;;1;3;;;;
30/07/2020;05:57:00;23;sem vítima;669;BR-116/BA;Sul;Atropelamento de Animal;;;;;;;;;;1;1;;;;
30/07/2020;08:21:00;75;sem vítima;620;BR-324/BA;Leste;Colisão Lateral;1;;1;;;;;;;;3;;;;
30/07/2020;08:49:00;83;sem vítima;621;BR-324/BA;Leste;Engavetamento;3;;;;;;;;;;5;;;;
30/07/2020;11:34:00;128;sem vítima;581;BR-324/BA;Oeste;Colisão Traseira;2;;;;;;;;;;2;;;;
30/07/2020;16:54:00;204;com vítima;450;BR-116/BA;Norte;Saida de Pista;1;;;;;;;;;;0;1;;;
31/07/2020;05:49:00;18;sem vítima;11;BR-116/BA - Cont VC;Sul;Colisão Lateral;2;;;;;;;;;;2;;;;
31/07/2020;07:15:00;44;com vítima;617;BR-324/BA;Leste;Queda de Moto;;;;1;;;;;;;0;1;;;
31/07/2020;07:39:00;48;sem vítima;611,5;BR-324/BA;Leste;Colisão Traseira;2;;;;;;;;;;2;;;;
31/07/2020;08:28:00;64;sem vítima;610;BR-324/BA;Oeste;Colisão Traseira;;;1;;;;;;;1;3;;;;
31/07/2020;10:35:00;104;sem vítima;564;BR-324/BA;Oeste;Saida de Pista;;;;;;;;;;1;3;;;;
31/07/2020;13:14:00;138;sem vítima;616;BR-324/BA;Oeste;Engavetamento;3;;;;;;;;;;3;;;;
31/07/2020;13:15:00;139;com vítima;433,2;BR-116/BA;Norte;Saida de Pista;1;;;;;;;;;;1;2;;;
31/07/2020;16:28:00;188;com vítima;619;BR-324/BA;Leste;Queda de Moto;;;;1;;;;;;;0;1;;;
31/07/2020;16:57:00;199;sem vítima;429,5;BR-116/BA;Sul;Colisão Lateral;1;;1;;;;;;;;2;;;;
31/07/2020;17:13:00;202;sem vítima;520;BR-324/BA;Oeste;Engavetamento;2;;1;;;1;;;;;4;;;;
31/07/2020;18:07:00;210;com vítima;522;BR-324/BA;Oeste;Colisão Traseira;1;;;1;;;;;;;1;1;;;
31/07/2020;19:38:00;227;sem vítima;625;BR-324/BA;Oeste;Saida de Pista;3;;;;;;;;;;3;;;;
02/05/2020;05:50:00;13;com vítima;478;BR-116/BA;Sul;Colisão Traseira;;;1;;;;;;;1;1;1;;;
02/05/2020;07:39:00;40;sem vítima;27;BR-116/BA - Cont VC;Sul;Colisão Transversal;;;1;1;;;;;;;2;;;;
02/05/2020;14:59:00;119;sem vítima;910;BR-116/BA;Norte;Colisão Traseira;;;2;;;;;;;;3;;;;
02/05/2020;17:20:00;149;sem vítima;535;BR-324/BA;Oeste;Queda de Moto;;;;1;;;;;;;1;;;;
02/05/2020;18:29:00;163;sem vítima;17,5;BR-116/BA - Cont VC;Norte;Saida de Pista;1;;;;;;;;;;1;;;;
03/05/2020;04:24:00;13;com vítima;891;BR-116/BA;Sul;Colisão Frontal;1;;1;;;;;;;;1;3;2;;
03/05/2020;06:40:00;24;sem vítima;439,6;BR-116/BA;Norte;Choque Contra Objeto Fixo;1;;;;;;;;;;1;;;;
03/05/2020;07:46:00;34;sem vítima;811;BR-116/BA;Sul;Choque Contra Objeto Fixo;2;;;;;;;;;;4;;;;
03/05/2020;09:59:00;51;sem vítima;925,5;BR-116/BA;Sul;Colisão Traseira;1;;;;;1;;;;;2;;;;
03/05/2020;10:04:00;53;sem vítima;624;BR-324/BA;Leste;Colisão Lateral;1;;1;;;;;;;;2;;;;
03/05/2020;14:21:00;91;com vítima;795;BR-116/BA;Norte;Atropelamento - Ciclista;;1;1;;;;;;;;1;;;;1
03/05/2020;17:58:00;135;sem vítima;612,1;BR-324/BA;Oeste;Saida de Pista;;;;;;;;;;1;1;;;;
03/05/2020;18:24:00;140;sem vítima;592,2;BR-116/BA;Sul;Colisão Traseira;1;;;;;1;;;;;2;;;;
03/05/2020;19:05:00;142;com vítima;507;BR-116/BA;Sul;Colisão Frontal;1;;1;1;;;;;;;5;;;2;
03/05/2020;23:31:00;174;sem vítima;523;BR-324/BA;Leste;Saida de Pista;1;;;;;;;;;;2;;;;
04/05/2020;06:42:00;32;sem vítima;610;BR-324/BA;Oeste;Colisão Lateral;1;;;1;;;;;;;2;;;;
04/05/2020;06:53:00;37;sem vítima;612,1;BR-324/BA;Oeste;Colisão Lateral;1;;;;;1;;;;;1;;;;
04/05/2020;07:57:00;50;sem vítima;625;BR-324/BA;Leste;Colisão Traseira;4;;;1;;;;;;;5;;;;
04/05/2020;08:43:00;59;com vítima;616;BR-324/BA;Oeste;Queda de Moto;;;;1;;1;;;;;1;1;;;
04/05/2020;12:16:00;104;com vítima;461,7;BR-116/BA;Norte;Colisão Frontal;1;;;1;;;;;;;3;1;;;
04/05/2020;14:59:00;129;com vítima;16,5;BR-116/BA - Cont VC;Norte;Colisão Transversal;;;;2;;;;;;;2;1;;;
04/05/2020;16:51:00;153;sem vítima;565;BR-324/BA;Oeste;Saida de Pista;;;;;;;;;;1;1;;;;
04/05/2020;16:59:00;155;sem vítima;557,6;BR-324/BA;Oeste;Saida de Pista;1;;;;;;;;;;1;;;;
04/05/2020;17:07:00;160;sem vítima;562;BR-324/BA;Oeste;Saida de Pista;1;;;;;;;;;;3;;;;
04/05/2020;19:25:00;186;sem vítima;575;BR-324/BA;Oeste;Saida de Pista;1;;;;;;;;;;5;;;;
05/05/2020;13:48:00;115;sem vítima;530;BR-324/BA;Leste;Saida de Pista;;;1;;;;;;;;1;;;;
05/05/2020;13:53:00;116;sem vítima;546,1;BR-324/BA;Oeste;Colisão Lateral;;;2;;;;;;;;2;;;;
05/05/2020;20:01:00;196;sem vítima;551;BR-324/BA;Leste;Colisão Lateral;2;;;;;;;;;;2;;;;
05/05/2020;22:02:00;207;com vítima;595;BR-324/BA;Leste;Colisão Traseira;1;;1;;;;;;;;1;;1;;
06/05/2020;07:17:00;39;com vítima;518;BR-324/BA;Leste;Colisão Lateral;;;1;1;;;;;;;1;1;;;
06/05/2020;09:07:00;68;sem vítima;547;BR-116/BA;Norte;Saida de Pista;1;;;;;;;;;;4;;;;
06/05/2020;10:59:00;94;sem vítima;590,2;BR-116/BA;Norte;Saida de Pista;1;;;;;;;;;;1;;;;
06/05/2020;12:44:00;106;sem vítima;599;BR-324/BA;Leste;Saida de Pista;;;1;;;;;;;;1;;;;
06/05/2020;16:38:00;154;sem vítima;562;BR-324/BA;Leste;Colisão Traseira;1;;;;;1;;;;;2;;;;
07/05/2020;04:07:00;15;sem vítima;574;BR-324/BA;Oeste;Saida de Pista;;;;;;;;;;1;1;;;;
07/05/2020;05:17:00;19;sem vítima;600;BR-324/BA;Leste;Saida de Pista;;;;;;;;;;1;1;;;;
07/05/2020;10:40:00;86;sem vítima;433;BR-116/BA;Norte;Tombamento;;;1;;;;;;;;1;;;;
07/05/2020;13:02:00;108;com vítima;467,8;BR-116/BA;Sul;Saida de Pista;;;;;;;;;;1;2;3;;;
07/05/2020;13:36:00;119;sem vítima;547,6;BR-324/BA;Oeste;Saida de Pista;1;;;;;;;;;;1;;;;
07/05/2020;16:20:00;146;sem vítima;569,1;BR-116/BA;Sul;Saida de Pista;;;1;;;;;;;;1;;;;
07/05/2020;18:52:00;173;sem vítima;639,6;BR-116/BA;Norte;Saida de Pista;1;;;;;;;;;;1;;;;
08/05/2020;14:06:00;111;com vítima;910;BR-116/BA;Norte;Colisão Traseira;;;2;;;;;;;;1;1;;;
08/05/2020;17:07:00;153;sem vítima;493;BR-116/BA;Norte;Tombamento;;;1;;;;;;;;1;;;;
08/05/2020;21:12:00;193;sem vítima;548,5;BR-324/BA;Leste;Colisão Traseira;;;2;;;;;;;;2;;;;
09/05/2020;00:49:00;3;com vítima;468,4;BR-116/BA;Norte;Atropelamento de Pedestre;;;;;;1;;;;;1;;;;1
09/05/2020;01:14:00;5;sem vítima;567;BR-324/BA;Leste;Saida de Pista;;;1;;;;;;;;1;;;;
09/05/2020;05:07:00;13;sem vítima;615,9;BR-324/BA;Leste;Colisão Traseira;1;;;;;1;;;;;2;;;;
09/05/2020;06:32:00;26;com vítima;24;BR-116/BA - Cont VC;Sul;Queda de Moto;;;;1;;;;;;;0;2;;;
09/05/2020;07:31:00;36;sem vítima;615;BR-324/BA;Leste;Colisão Traseira;1;;1;;;;;;;;2;;;;
09/05/2020;08:53:00;58;sem vítima;587;BR-324/BA;Oeste;Saida de Pista;1;;;;;;;;;;3;;;;
09/05/2020;09:09:00;60;com vítima;690,5;BR-116/BA;Sul;Tombamento;;;1;;;;;;;;0;;;1;
09/05/2020;11:27:00;83;sem vítima;587;BR-324/BA;Leste;Colisão Transversal;2;;;;;;;;;;3;;;;
09/05/2020;12:06:00;90;com vítima;818;BR-116/BA;Sul;Colisão Transversal;2;;;;;;;;;;3;1;;;
09/05/2020;13:07:00;101;sem vítima;612,45;BR-324/BA;Oeste;Colisão Traseira;1;;1;;;;;;;;5;;;;
09/05/2020;15:05:00;128;sem vítima;616;BR-116/BA;Sul;Colisão Traseira;;;2;;;;;;;;2;;;;
09/05/2020;18:46:00;165;sem vítima;454,5;BR-116/BA;Norte;Atropelamento de Animal;;;1;;;;;;;;1;;;;
09/05/2020;21:33:00;190;com vítima;709;BR-116/BA;Sul;Queda de Moto;;;;1;;;;;;;0;1;;;
10/05/2020;00:07:00;2;com vítima;595,2;BR-116/BA;Sul;Colisão Traseira;;;2;;;;;;;;1;;1;;
10/05/2020;07:40:00;38;com vítima;693,3;BR-116/BA;Sul;Colisão Transversal;1;;1;;;;;;;;3;2;1;;
10/05/2020;09:43:00;53;sem vítima;565;BR-324/BA;Oeste;Saida de Pista;;;1;;;;;;;;1;;;;
10/05/2020;12:40:00;71;sem vítima;559;BR-324/BA;Oeste;Saida de Pista;1;;;;;;;;;;1;;;;
10/05/2020;15:20:00;95;sem vítima;623,1;BR-324/BA;Leste;Saida de Pista;1;;;;;;;;;;1;;;;
10/05/2020;22:15:00;175;com vítima;632,5;BR-116/BA;Sul;Outros;;;;;;1;;;;;1;1;;;
11/05/2020;07:56:00;63;sem vítima;662,4;BR-116/BA;Norte;Colisão Traseira;;;2;;;;;;;;2;;;;
11/05/2020;07:59:00;64;sem vítima;615;BR-324/BA;Leste;Engavetamento;3;;;;;;;;;;5;;;;
11/05/2020;22:30:00;254;sem vítima;585;BR-324/BA;Leste;Saida de Pista;;;1;;;;;;;;1;;;;
12/05/2020;04:52:00;5;sem vítima;782;BR-116/BA;Norte;Saida de Pista;;;1;;;;;;;;1;;;;
12/05/2020;08:13:00;53;sem vítima;819;BR-116/BA;Norte;Tombamento;;;1;;;;;;;;1;;;;
12/05/2020;08:25:00;58;sem vítima;565;BR-324/BA;Oeste;Tombamento;;;1;;;;;;;;1;;;;
12/05/2020;10:34:00;91;sem vítima;557;BR-324/BA;Oeste;Saida de Pista;1;;;;;;;;;;1;;;;
12/05/2020;11:41:00;107;sem vítima;546,3;BR-324/BA;Leste;Saida de Pista;1;;;;;;;;;;3;;;;
12/05/2020;17:20:00;179;sem vítima;862;BR-116/BA;Norte;Saida de Pista;1;;;;;;;;;;1;;;;
12/05/2020;17:22:00;180;sem vítima;600,5;BR-116/BA;Norte;Saida de Pista;1;;;;;;;;;;1;;;;
12/05/2020;18:07:00;190;sem vítima;623;BR-324/BA;Leste;Saida de Pista;1;;;;;;;;;;1;;;;
12/05/2020;18:10:00;191;sem vítima;615,9;BR-324/BA;Leste;Engavetamento;6;;;;;1;;;;;7;;;;
12/05/2020;19:06:00;203;sem vítima;573,9;BR-324/BA;Oeste;Saida de Pista;1;;;;;;;;;;1;;;;
12/05/2020;20:25:00;211;sem vítima;607;BR-324/BA;Leste;Colisão Traseira;;;2;;;;;;;;2;;;;
12/05/2020;23:41:00;233;sem vítima;789,7;BR-116/BA;Sul;Colisão Traseira;1;;;;;1;;;;;2;;;;
13/05/2020;01:56:00;11;sem vítima;903,3;BR-116/BA;Norte;Tombamento;;;1;;;;;;;;1;;;;
13/05/2020;06:50:00;34;com vítima;623,8;BR-324/BA;Leste;Engavetamento;4;;;;;;;;;;7;1;;;
13/05/2020;09:35:00;77;com vítima;3;BR-116/BA - Cont VC;Sul;Colisão Lateral;1;;;;;;;;;1;17;2;;;
13/05/2020;10:55:00;94;sem vítima;621;BR-324/BA;Leste;Colisão Traseira;1;;;;;;;;;1;3;;;;
13/05/2020;11:59:00;105;com vítima;618;BR-324/BA;Oeste;Saida de Pista;;;;;;;;;;1;1;1;;;
13/05/2020;12:20:00;108;sem vítima;524;BR-116/BA;Sul;Capotamento;1;;;;;;;;;;1;;;;
13/05/2020;13:15:00;119;com vítima;580,1;BR-324/BA;Oeste;Colisão Traseira;1;;1;;;;;;;;1;1;;;
13/05/2020;17:36:00;182;com vítima;9,2;BR-116/BA - Cont VC;Sul;Colisão Lateral;1;;2;;;;;;;;2;;1;;
14/05/2020;06:56:00;39;com vítima;595,9;BR-324/BA;Oeste;Saida de Pista;;;;;;;;;;1;3;3;;;
14/05/2020;07:59:00;58;sem vítima;6;BR-116/BA - ContSuFS;Norte;Colisão Traseira;1;;;;;;;;;1;2;;;;
14/05/2020;18:33:00;196;sem vítima;2;BR-116/BA - ContSuFS;Norte;Atropelamento - Ciclista;;1;;1;;;;;;;3;;;;
15/05/2020;14:41:00;118;sem vítima;578,1;BR-324/BA;Leste;Saida de Pista;1;;;;;;;;;;2;;;;
15/05/2020;18:00:00;162;com vítima;631;BR-116/BA;Norte;Colisão Transversal;;;1;1;;;;;;;2;1;;;
15/05/2020;18:07:00;168;com vítima;783,1;BR-116/BA;Sul;Colisão Transversal;;;;1;;1;;;;;1;;1;;1
15/05/2020;19:07:00;182;sem vítima;593;BR-324/BA;Leste;Colisão Traseira;;;;1;;;;;;;1;;;;
15/05/2020;19:22:00;189;com vítima;5;BR-116/BA - ContSuFS;Sul;Colisão Traseira;1;;;1;;;;;;;1;1;;;
15/05/2020;22:26:00;214;com vítima;4,5;BR-116/BA - ContSuFS;Sul;Atropelamento de Animal;;;;1;;;;;;;0;1;;;
15/05/2020;23:36:00;218;sem vítima;673;BR-116/BA;Sul;Atropelamento de Animal;;;1;;;;;;;;1;;;;
16/05/2020;00:40:00;2;sem vítima;15;BR-116/BA - Cont VC;Norte;Colisão Traseira;1;;;;;;;;;1;4;;;;
16/05/2020;01:25:00;5;sem vítima;496;BR-116/BA;Norte;Queda de Moto;;;;1;;;;;;;1;;;;
16/05/2020;06:14:00;19;sem vítima;526,6;BR-324/BA;Oeste;Queda de Moto;;;;1;;;;;;;1;;;;
16/05/2020;07:51:00;41;sem vítima;902;BR-116/BA;Sul;Colisão Lateral;;;;1;;1;;;;;2;;;;
16/05/2020;10:39:00;93;sem vítima;558;BR-116/BA;Sul;Colisão Lateral;2;;;;;;;;;;4;;;;
16/05/2020;17:43:00;158;sem vítima;817,8;BR-116/BA;Sul;Colisão Transversal;;;2;;;;;;;;2;;;;
16/05/2020;17:44:00;159;com vítima;621;BR-324/BA;Oeste;Colisão Traseira;;;;1;;1;;;;;2;1;;;
16/05/2020;18:42:00;169;com vítima;525;BR-324/BA;Leste;Colisão Lateral;1;;;1;;;;;;;1;1;;;
16/05/2020;19:19:00;175;sem vítima;521,5;BR-324/BA;Oeste;Colisão Lateral;1;;;;;1;;;;;2;;;;
16/05/2020;22:25:00;197;sem vítima;639;BR-116/BA;Norte;Tombamento;;;1;;;;;;;;1;;;;
17/05/2020;02:47:00;12;sem vítima;581;BR-324/BA;Oeste;Atropelamento de Animal;;;;;;;;;;1;1;;;;
17/05/2020;03:44:00;14;sem vítima;552;BR-116/BA;Sul;Tombamento;;;1;;;;;;;;1;;;;
17/05/2020;04:59:00;17;com vítima;620;BR-324/BA;Oeste;Queda de Moto;;;;1;;;;;;;0;1;;;
17/05/2020;13:42:00;78;com vítima;433;BR-116/BA;Norte;Tombamento;;;1;;;;;;;;0;1;;;