data;horario;n_da_ocorrencia;tipo_de_ocorrencia;km;trecho;sentido;tipo_de_acidente;automovel;bicicleta;caminhao;moto;onibus;outros;tracao_animal;transporte_de_cargas_especiais;trator_maquinas;utilitarios;ilesos;levemente_feridos;moderadamente_feridos;gravemente_feridos;mortos
17/05/2020;15:47:00;99;com vítima;452;BR-116/BA;Sul;Colisão Transversal;2;;;;;;;;;;4;2;;;
17/05/2020;19:23:00;127;sem vítima;622;BR-324/BA;Oeste;Choque Contra Objeto Fixo;1;;;;;;;;;;1;;;;
17/05/2020;20:47:00;137;sem vítima;663,5;BR-116/BA;Norte;Saida de Pista;;;;;;;;;;1;1;;;;
18/05/2020;05:31:00;11;sem vítima;532;BR-324/BA;Oeste;Saida de Pista;1;;;;;;;;;;1;;;;
18/05/2020;08:03:00;55;com vítima;613;BR-324/BA;Oeste;Colisão Lateral;;;1;1;;;;;;;1;;;1;
18/05/2020;09:59:00;88;sem vítima;615,5;BR-324/BA;Oeste;Colisão Traseira;1;;;;;;;;;1;5;;;;
18/05/2020;13:10:00;146;sem vítima;482,7;BR-116/BA;Sul;Saida de Pista;1;;;;;;;;;;2;;;;
18/05/2020;17:37:00;216;com vítima;621;BR-324/BA;Leste;Engavetamento;3;;1;2;;;;;;;5;2;;;
18/05/2020;17:55:00;224;sem vítima;619;BR-324/BA;Leste;Queda de Moto;;;;1;;;;;;;1;;;;
18/05/2020;18:13:00;228;sem vítima;621;BR-324/BA;Leste;Colisão Traseira;1;;1;;;;;;;;2;;;;
19/05/2020;00:34:00;1;sem vítima;455,4;BR-116/BA;Norte;Saida de Pista;;;;;;;;;;1;1;;;;
19/05/2020;04:57:00;5;com vítima;7;BR-116/BA - ContSuFS;Norte;Saida de Pista;1;;;;;;;;;;0;;;;1
19/05/2020;08:51:00;56;sem vítima;559,5;BR-324/BA;Leste;Queda de Moto;;;;1;;;;;;;1;;;;
19/05/2020;11:15:00;101;sem vítima;614,5;BR-324/BA;Leste;Colisão Traseira;1;;;1;;;;;;;2;;;;
19/05/2020;11:28:00;105;sem vítima;581,8;BR-324/BA;Oeste;Saida de Pista;;;;;;;;;;1;1;;;;
19/05/2020;12:59:00;119;sem vítima;566,1;BR-324/BA;Leste;Saida de Pista;1;;;;;;;;;;1;;;;
19/05/2020;14:34:00;143;sem vítima;565;BR-324/BA;Oeste;Saida de Pista;;;1;;;;;;;;1;;;;
19/05/2020;20:04:00;214;sem vítima;814;BR-116/BA;Norte;Atropelamento de Animal;;;1;;;;;;;;1;;;;
19/05/2020;20:09:00;217;sem vítima;441,8;BR-116/BA;Norte;Saida de Pista;;;1;;;;;;;;1;;;;
19/05/2020;20:48:00;223;sem vítima;640;BR-116/BA;Norte;Saida de Pista;1;;;;;;;;;;1;;;;
19/05/2020;21:35:00;232;sem vítima;8;BA-526;Sul;Colisão Frontal;2;;;;;;;;;;2;;;;
19/05/2020;22:22:00;238;sem vítima;599;BR-324/BA;Leste;Colisão Lateral;;;;;;;;;;2;2;;;;
20/05/2020;12:40:00;100;sem vítima;608,8;BR-324/BA;Leste;Queda de Moto;;;;1;;;;;;;1;;;;
20/05/2020;15:47:00;134;sem vítima;566;BR-324/BA;Leste;Colisão Lateral;1;;;;;1;;;;;3;;;;
20/05/2020;16:55:00;143;sem vítima;589,5;BR-324/BA;Leste;Saida de Pista;;;;;;;;;;1;1;;;;
20/05/2020;19:01:00;172;sem vítima;600;BR-324/BA;Leste;Atropelamento de Animal;1;;;;;;;;;;1;;;;
20/05/2020;19:55:00;177;com vítima;909,7;BR-116/BA;Norte;Saida de Pista;;;1;;;;;;;;0;1;;;
21/05/2020;07:06:00;37;sem vítima;598;BR-324/BA;Leste;Choque Contra Objeto Fixo;1;;;;;;;;;;1;;;;
21/05/2020;07:30:00;48;sem vítima;615,9;BR-324/BA;Leste;Colisão Traseira;2;;;;;;;;;;2;;;;
21/05/2020;09:40:00;85;com vítima;620;BR-324/BA;Oeste;Colisão Traseira;;;1;;;;;;;1;1;3;;1;
21/05/2020;12:00:00;109;sem vítima;564;BR-324/BA;Oeste;Saida de Pista;;;1;;;;;;;;1;;;;
21/05/2020;12:21:00;112;com vítima;521;BR-324/BA;Leste;Saida de Pista;1;;;;;;;;;;0;1;;;
21/05/2020;12:51:00;121;sem vítima;523;BR-324/BA;Oeste;Queda de Moto;1;;;;;;;;;;1;;;;
21/05/2020;13:17:00;133;sem vítima;569;BR-324/BA;Leste;Saida de Pista;1;;;;;;;;;;1;;;;
21/05/2020;13:39:00;138;sem vítima;578;BR-324/BA;Oeste;Colisão Lateral;1;;1;;;;;;;;2;;;;
21/05/2020;13:57:00;143;sem vítima;608,75;BR-324/BA;Leste;Saida de Pista;1;;;;;;;;;;1;;;;
21/05/2020;14:48:00;157;sem vítima;15;BR-116/BA - Cont VC;Sul;Saida de Pista;1;;;;;1;;;;;3;;;;
21/05/2020;15:31:00;168;com vítima;523;BR-324/BA;Oeste;Queda de Moto;;;;1;;;;;;;0;1;;;
21/05/2020;17:36:00;202;com vítima;617;BR-324/BA;Oeste;Queda de Moto;;;;1;;;;;;;0;1;;;
21/05/2020;18:32:00;219;sem vítima;11,1;BR-116/BA - Cont VC;Norte;Atropelamento de Animal;;;;;;;;;;1;1;;;;
21/05/2020;22:22:00;277;sem vítima;559;BR-324/BA;Leste;Saida de Pista;;;1;;;;;;;;1;;;;
22/05/2020;05:56:00;31;com vítima;616;BR-324/BA;Leste;Colisão Lateral;;;;1;;1;;;;;1;2;;;
22/05/2020;06:46:00;48;sem vítima;520;BR-116/BA;Sul;Colisão Lateral;;;2;;;;;;;;2;;;;
22/05/2020;07:50:00;79;sem vítima;526;BR-324/BA;Leste;Colisão Lateral;1;;1;;;;;;;;2;;;;
22/05/2020;08:12:00;84;com vítima;620;BR-324/BA;Leste;Queda de Moto;;;;1;;;;;;;0;1;;;
22/05/2020;08:17:00;86;sem vítima;864;BR-116/BA;Sul;Colisão Lateral;1;;1;;;;;;;1;4;;;;
22/05/2020;09:53:00;120;sem vítima;2;BA-526;Sul;Colisão Traseira;1;;;;;1;;;;;2;;;;
22/05/2020;10:14:00;127;sem vítima;701,9;BR-116/BA;Norte;Saida de Pista;1;;;;;;;;;;1;;;;
22/05/2020;14:22:00;172;sem vítima;608,6;BR-324/BA;Leste;Saida de Pista;1;;;;;;;;;;1;;;;
22/05/2020;14:37:00;177;sem vítima;593;BR-324/BA;Leste;Saida de Pista;1;;;;;;;;;;1;;;;
22/05/2020;17:15:00;219;com vítima;474;BR-116/BA;Norte;Queda de Moto;;;;1;;;;;;;0;1;;;
22/05/2020;17:35:00;227;com vítima;16,8;BR-116/BA - Cont VC;Norte;Colisão Transversal;;;;1;;1;;;;;1;1;;;
22/05/2020;18:38:00;244;sem vítima;618;BR-324/BA;Oeste;Saida de Pista;;;1;;;;;;;;2;;;;
23/05/2020;03:43:00;21;sem vítima;543;BR-324/BA;Leste;Saida de Pista;1;;;;;;;;;;1;;;;
23/05/2020;06:59:00;36;sem vítima;553;BR-324/BA;Oeste;Saida de Pista;1;;;;;;;;;;3;;;;
23/05/2020;09:36:00;54;sem vítima;534,95;BR-324/BA;Oeste;Colisão Traseira;1;;;;;1;;;;;5;;;;
23/05/2020;09:38:00;55;com vítima;483,9;BR-116/BA;Sul;Colisão Transversal;1;;;1;;;;;;;2;1;;;
23/05/2020;12:10:00;93;sem vítima;599,3;BR-116/BA;Norte;Saida de Pista;1;;;;;;;;;;1;;;;
23/05/2020;16:09:00;145;sem vítima;522;BR-324/BA;Leste;Colisão Traseira;1;;;;;;;;;;1;;;;
23/05/2020;18:29:00;169;com vítima;447,8;BR-116/BA;Sul;Queda de Moto;;;;1;;;;;;;0;;;1;
23/05/2020;18:34:00;170;com vítima;613,8;BR-324/BA;Oeste;Colisão Frontal;1;;;1;;;;;;;1;;1;;
24/05/2020;04:35:00;15;sem vítima;604;BR-116/BA;Sul;Colisão Traseira;1;;;;;1;;;;;2;;;;
24/05/2020;05:47:00;17;sem vítima;614;BR-324/BA;Oeste;Saida de Pista;1;;;;;;;;;;2;;;;
24/05/2020;09:30:00;53;com vítima;575;BR-324/BA;Leste;Saida de Pista;1;;;;;;;;;;0;;1;;
24/05/2020;10:36:00;74;sem vítima;530;BR-324/BA;Oeste;Saida de Pista;1;;;;;;;;;;3;;;;
24/05/2020;12:54:00;92;sem vítima;546,6;BR-324/BA;Oeste;Saida de Pista;;;;;;;;;;1;3;;;;
24/05/2020;20:27:00;164;com vítima;547,3;BR-116/BA;Norte;Colisão Traseira;1;;1;;;;;;;;1;1;;;
24/05/2020;21:09:00;172;sem vítima;625,8;BR-324/BA;Oeste;Saida de Pista;1;;;;;;;;;;1;;;;
24/05/2020;23:16:00;187;com vítima;573,5;BR-116/BA;Norte;Colisão Frontal;1;;1;;;;;;;;2;;;;1
25/05/2020;06:34:00;33;sem vítima;602;BR-324/BA;Leste;Colisão Traseira;;;1;;;1;;;;;2;;;;
25/05/2020;06:44:00;37;sem vítima;532;BR-116/BA;Sul;Colisão Traseira;1;;1;;;;;;;;4;;;;
25/05/2020;07:36:00;47;sem vítima;1,8;BR-116/BA - ContSuFS;Norte;Saida de Pista;1;;;;;;;;;;1;;;;
25/05/2020;10:34:00;93;com vítima;433,5;BR-116/BA;Sul;Tombamento;;;1;;;;;;;;0;1;;;
25/05/2020;10:54:00;100;sem vítima;716;BR-116/BA;Norte;Colisão Traseira;;;2;;;;;;;;2;;;;
25/05/2020;15:44:00;159;com vítima;566;BR-324/BA;Oeste;Atropelamento de Pedestre;1;;;;;;;;;;1;;1;;
25/05/2020;20:19:00;210;sem vítima;527;BR-324/BA;Oeste;Queda de Moto;;;;1;;;;;;;2;;;;
25/05/2020;22:10:00;218;sem vítima;456;BR-116/BA;Sul;Colisão Traseira;;;2;;;;;;;;2;;;;
26/05/2020;03:08:00;6;sem vítima;476,5;BR-116/BA;Norte;Sequência;;;2;;;;;;;;2;;;;
26/05/2020;14:27:00;130;sem vítima;770,1;BR-116/BA;Norte;Saida de Pista;;;1;;;1;;;;;2;;;;
26/05/2020;17:07:00;176;com vítima;473,1;BR-116/BA;Norte;Saida de Pista;1;;;;;;;;;;3;2;;;
26/05/2020;20:57:00;221;sem vítima;603,8;BR-324/BA;Oeste;Saida de Pista;1;;;;;;;;;;4;;;;
26/05/2020;23:07:00;248;sem vítima;469;BR-116/BA;Sul;Saida de Pista;1;;;;;;;;;;1;;;;
27/05/2020;00:20:00;3;sem vítima;734,3;BR-116/BA;Sul;Saida de Pista;;;1;;;;;;;;1;;;;
27/05/2020;09:48:00;94;sem vítima;547,5;BR-324/BA;Oeste;Colisão Traseira;2;;1;;;;;;;;6;;;;
27/05/2020;13:44:00;149;com vítima;463,9;BR-116/BA;Sul;Atropelamento de Pedestre;;;;;;1;;;;;1;1;;;
27/05/2020;14:14:00;158;com vítima;582,1;BR-324/BA;Leste;Saida de Pista;1;;;;;;;;;;0;;1;2;
27/05/2020;14:32:00;163;sem vítima;537;BR-324/BA;Oeste;Saida de Pista;1;;;;;;;;;;1;;;;
28/05/2020;01:46:00;7;com vítima;841,5;BR-116/BA;Norte;Saida de Pista;;;1;;;;;;;;0;1;;;
28/05/2020;07:39:00;42;com vítima;546,3;BR-324/BA;Oeste;Saida de Pista;1;;;;;;;;;;0;1;;;
28/05/2020;07:45:00;45;sem vítima;543,9;BR-324/BA;Leste;Saida de Pista;1;;;;;;;;;;4;;;;
28/05/2020;18:23:00;153;sem vítima;545;BR-324/BA;Leste;Colisão Transversal;2;;;;;;;;;;2;;;;
29/05/2020;10:29:00;87;sem vítima;816;BR-116/BA;Sul;Engavetamento;1;;;;;;;;;3;5;;;;
29/05/2020;12:30:00;116;sem vítima;574;BR-324/BA;Leste;Saida de Pista;1;;;;;;;;;;1;;;;
29/05/2020;16:06:00;169;com vítima;18;BR-116/BA - Cont VC;Sul;Queda de Moto;;;1;1;;;;;;;1;1;;;
29/05/2020;16:30:00;180;sem vítima;595;BR-324/BA;Oeste;Colisão Lateral;1;;;;;;;;;;1;;;;
29/05/2020;18:20:00;210;sem vítima;599;BR-324/BA;Oeste;Colisão Traseira;;;1;;;;;;;1;3;;;;
29/05/2020;20:00:00;227;com vítima;554;BR-324/BA;Oeste;Saida de Pista;1;;1;;;;;;;;1;1;;;
30/05/2020;10:58:00;66;com vítima;661,2;BR-116/BA;Sul;Colisão Frontal;2;;;;;;;;;;0;1;2;;
30/05/2020;14:11:00;102;sem vítima;818;BR-116/BA;Sul;Colisão Traseira;1;;1;;;;;;;;2;;;;
30/05/2020;15:26:00;113;sem vítima;531,9;BR-116/BA;Norte;Engavetamento;;;3;;;;;;;;3;;;;
30/05/2020;16:57:00;128;sem vítima;890,2;BR-116/BA;Sul;Saida de Pista;;;1;;;;;;;;1;;;;
31/05/2020;12:48:00;85;com vítima;562,9;BR-116/BA;Sul;Queda de Moto;;;;1;;;;;;;0;2;;;
31/05/2020;18:37:00;144;sem vítima;654,5;BR-116/BA;Norte;Saida de Pista;;;1;;;;;;;;1;;;;
01/06/2020;06:10:00;26;sem vítima;549,7;BR-324/BA;Leste;Engavetamento;2;;;;;1;;;;;4;;;;
01/06/2020;06:26:00;30;sem vítima;549,7;BR-324/BA;Leste;Saida de Pista;;;1;;;;;;;;2;;;;
01/06/2020;06:32:00;38;sem vítima;580,2;BR-324/BA;Leste;Saida de Pista;1;;;;;;;;;;3;;;;
01/06/2020;06:34:00;40;sem vítima;549,7;BR-324/BA;Leste;Saida de Pista;;;1;;;;;;;;1;;;;
01/06/2020;06:44:00;44;sem vítima;594,8;BR-324/BA;Leste;Colisão Traseira;1;;;;;1;;;;;5;;;;
01/06/2020;07:30:00;58;sem vítima;474,05;BR-116/BA;Norte;Colisão Traseira;;;1;;;;;;;1;2;;;;
01/06/2020;07:10:00;69;com vítima;594,5;BR-324/BA;Leste;Colisão Traseira;1;;;;;;;;;1;5;;1;;
01/06/2020;08:57:00;87;sem vítima;597;BR-324/BA;Oeste;Saida de Pista;1;;;;;;;;;;1;;;;
01/06/2020;10:43:00;113;sem vítima;519;BR-324/BA;Oeste;Colisão Lateral;;;1;;;;;;;1;3;;;;
01/06/2020;11:14:00;119;sem vítima;736,2;BR-116/BA;Sul;Tombamento;;;1;;;;;;;;1;;;;
01/06/2020;11:35:00;124;com vítima;463;BR-116/BA;Norte;Queda de Moto;;;;1;;1;;;;;1;;1;;
01/06/2020;14:08:00;149;sem vítima;530;BR-324/BA;Leste;Choque Contra Objeto Fixo;1;;;;;;;;;;1;;;;
01/06/2020;17:54:00;190;sem vítima;5;BR-116/BA - ContSuFS;Norte;Colisão Traseira;2;;;;;;;;;;2;;;;
02/06/2020;04:17:00;12;com vítima;461,5;BR-116/BA;Sul;Atropelamento de Pedestre;;;;;;1;;;;;1;1;;;
02/06/2020;06:05:00;16;sem vítima;615;BR-324/BA;Oeste;Saida de Pista;1;;;;;;;;;;1;;;;
02/06/2020;06:42:00;23;sem vítima;616,3;BR-324/BA;Oeste;Colisão Traseira;2;;;;;;;;;;2;;;;
02/06/2020;15:28:00;162;sem vítima;606,8;BR-324/BA;Leste;Colisão Lateral;1;;1;;;;;;;;2;;;;
02/06/2020;17:14:00;187;sem vítima;574;BR-324/BA;Oeste;Colisão Traseira;1;;1;;;;;;;;2;;;;
03/06/2020;07:18:00;40;com vítima;617;BR-324/BA;Leste;Sequência;1;;1;1;;;;;;;4;2;;;
03/06/2020;07:32:00;44;sem vítima;615,9;BR-324/BA;Leste;Colisão Traseira;2;;;;;;;;;;2;;;;
03/06/2020;07:45:00;47;sem vítima;829,95;BR-116/BA;Sul;Colisão Transversal;1;;;;;;;;;1;2;;;;
03/06/2020;08:47:00;72;sem vítima;813,3;BR-116/BA;Norte;Colisão Lateral;;;1;;;1;;;;;2;;;;
03/06/2020;09:41:00;82;com vítima;643,5;BR-116/BA;Norte;Colisão Frontal;2;;;;;;;;;;0;;1;;4
03/06/2020;10:39:00;96;sem vítima;569;BR-324/BA;Oeste;Colisão Lateral;1;;1;;;;;;;;2;;;;
03/06/2020;10:55:00;103;sem vítima;611;BR-324/BA;Oeste;Colisão Lateral;;;;;;1;;;;1;3;;;;
03/06/2020;11:44:00;113;sem vítima;577,5;BR-324/BA;Oeste;Colisão Lateral;1;;;;;1;;;;;2;;;;
03/06/2020;12:35:00;124;com vítima;549;BR-324/BA;Leste;Colisão Traseira;;;2;;;;;;;;2;;1;1;
03/06/2020;13:23:00;133;sem vítima;549,7;BR-324/BA;Oeste;Saida de Pista;;;2;;;;;;;;2;;;;
03/06/2020;13:24:00;134;sem vítima;458,3;BR-116/BA;Sul;Saida de Pista;1;;;;;;;;;;1;;;;
03/06/2020;14:16:00;145;com vítima;3;BR-116/BA - Cont VC;Norte;Colisão Lateral;;;1;1;;;;;;;1;;;1;
03/06/2020;16:41:00;187;sem vítima;490,05;BR-116/BA;Norte;Saida de Pista;1;;;;;;;;;;3;;;;
03/06/2020;19:03:00;228;com vítima;622,3;BR-324/BA;Leste;Atropelamento de Pedestre;;;;;;1;;;;;1;1;;;
03/06/2020;19:28:00;231;com vítima;11,8;BR-116/BA - Cont VC;Sul;Atropelamento - Ciclista;;1;;1;;;;;;;1;1;;;
04/06/2020;04:27:00;12;sem vítima;530;BR-324/BA;Oeste;Saida de Pista;;;1;;;;;;;;1;;;;
04/06/2020;08:09:00;53;sem vítima;518,5;BR-324/BA;Oeste;Colisão Lateral;1;;1;;;;;;;;4;;;;
04/06/2020;09:55:00;81;sem vítima;561,9;BR-324/BA;Oeste;Saida de Pista;1;;;;;;;;;;1;;;;
04/06/2020;09:58:00;82;com vítima;11,5;BR-116/BA - Cont VC;Norte;Colisão Transversal;;;1;1;;;;;;;1;1;;;
04/06/2020;11:28:00;110;sem vítima;538;BR-324/BA;Oeste;Colisão Traseira;;;2;;;;;;;;2;;;;
04/06/2020;14:25:00;143;com vítima;621,4;BR-324/BA;Oeste;Queda de Moto;;;;1;;;;;;;0;2;;;
04/06/2020;16:04:00;176;sem vítima;540,8;BR-324/BA;Oeste;Saida de Pista;1;;;;;;;;;;2;;;;
04/06/2020;16:12:00;179;sem vítima;558,3;BR-324/BA;Leste;Saida de Pista;1;;;;;;;;;;1;;;;
04/06/2020;20:41:00;249;sem vítima;530,1;BR-324/BA;Oeste;Sequência;1;;;;;;;;;;1;;;;
05/06/2020;07:08:00;66;sem vítima;575,8;BR-324/BA;Leste;Colisão Traseira;;;2;;;;;;;;3;;;;
05/06/2020;09:15:00;101;sem vítima;438,8;BR-116/BA;Sul;Saida de Pista;1;;;;;;;;;;1;;;;
05/06/2020;11:09:00;127;sem vítima;600;BR-324/BA;Oeste;Engavetamento;;;3;;;;;;;;3;;;;
05/06/2020;14:32:00;161;sem vítima;9,3;BR-116/BA - Cont VC;Sul;Colisão Transversal;1;;;;;;;;;1;2;;;;
05/06/2020;15:36:00;186;sem vítima;593,1;BR-116/BA;Sul;Saida de Pista;1;;;;;;;;;;1;;;;
05/06/2020;15:54:00;194;com vítima;719,4;BR-116/BA;Norte;Saida de Pista;;;1;;;;;;;;0;;1;;
05/06/2020;17:31:00;225;com vítima;12,5;BR-116/BA - Cont VC;Norte;Colisão Lateral;1;;;1;;;;;;;1;1;;;
05/06/2020;17:44:00;227;sem vítima;615;BR-324/BA;Leste;Sequência;4;;;1;;1;;;;;6;;;;
06/06/2020;00:47:00;10;sem vítima;522;BR-324/BA;Oeste;Choque Contra Objeto Fixo;1;;;;;;;;;;1;;;;
06/06/2020;07:46:00;44;sem vítima;624;BR-324/BA;Leste;Colisão Lateral;2;;;;;;;;;;2;;;;
06/06/2020;09:10:00;59;sem vítima;650,05;BR-116/BA;Norte;Colisão Traseira;;;2;;;;;;;;3;;;;
06/06/2020;09:57:00;71;sem vítima;556;BR-324/BA;Oeste;Saida de Pista;1;;;;;;;;;;1;;;;
06/06/2020;10:06:00;74;sem vítima;802;BR-116/BA;Sul;Queda de Moto;;;;1;;;;;;;1;;;;
06/06/2020;10:11:00;77;sem vítima;463;BR-116/BA;Sul;Queda de Moto;;;;1;;;;;;;1;;;;
06/06/2020;10:27:00;78;sem vítima;438,9;BR-116/BA;Sul;Saida de Pista;1;;;;;;;;;;2;;;;
06/06/2020;10:33:00;79;sem vítima;568,5;BR-116/BA;Sul;Saida de Pista;;;;;;;;;;1;2;;;;
06/06/2020;22:49:00;219;com vítima;799,9;BR-116/BA;Norte;Queda de Moto;;;;1;;;;;;;0;1;;;
07/06/2020;07:47:00;36;sem vítima;620;BR-324/BA;Oeste;Colisão Traseira;1;;;;;1;;;;;2;;;;
07/06/2020;15:22:00;110;sem vítima;931,2;BR-116/BA;Sul;Engavetamento;;;1;;;;;;;;1;;;;
07/06/2020;20:14:00;165;sem vítima;543;BR-116/BA;Norte;Saida de Pista;;;1;;;;;;;;1;;;;
07/06/2020;21:33:00;179;com vítima;694;BR-116/BA;Norte;Saida de Pista;;;2;;;;;;;;1;;;1;
07/06/2020;22:11:00;186;sem vítima;833;BR-116/BA;Sul;Colisão Traseira;1;;;;;1;;;;;2;;;;
07/06/2020;22:16:00;187;sem vítima;639,3;BR-116/BA;Sul;Colisão Lateral;;;2;;;;;;;;2;;;;
07/06/2020;23:02:00;192;sem vítima;572,5;BR-116/BA;Sul;Saida de Pista;;;1;;;;;;;;1;;;;
08/06/2020;06:13:00;19;sem vítima;432,9;BR-116/BA;Norte;Saida de Pista;1;;;;;;;;;;1;;;;
08/06/2020;06:52:00;32;sem vítima;595,2;BR-324/BA;Leste;Colisão Traseira;;;2;;;;;;;;3;;;;
08/06/2020;07:07:00;38;sem vítima;614,5;BR-324/BA;Leste;Queda de Moto;;;;1;;;;;;;2;;;;
08/06/2020;07:40:00;55;com vítima;617,5;BR-324/BA;Leste;Engavetamento;4;;;;;;;;;;6;;2;;
08/06/2020;14:38:00;166;sem vítima;530;BR-324/BA;Oeste;Saida de Pista;1;;;;;;;;;;1;;;;
08/06/2020;15:25:00;178;sem vítima;599;BR-324/BA;Leste;Queda de Moto;;;;1;;;;;;;2;;;;
08/06/2020;16:04:00;189;com vítima;2;BR-116/BA - ContSuFS;Sul;Colisão Transversal;;;1;1;;;;;;;1;1;;;
08/06/2020;17:45:00;218;sem vítima;910,2;BR-116/BA;Norte;Colisão Traseira;1;;;;;;;;;1;2;;;;
08/06/2020;20:07:00;244;sem vítima;3;BR-116/BA - ContSuFS;Sul;Colisão Traseira;1;;1;;;;;;;;2;;;;
09/06/2020;02:30:00;11;sem vítima;603;BR-324/BA;Oeste;Colisão Traseira;1;;1;;;;;;;;2;;;;
09/06/2020;10:32:00;122;sem vítima;575;BR-324/BA;Oeste;Saida de Pista;;;1;;;;;;;;1;;;;
09/06/2020;10:34:00;126;com vítima;804;BR-116/BA;Norte;Colisão Transversal;;;2;;;;;;;;0;1;1;;
09/06/2020;11:15:00;134;com vítima;520;BR-324/BA;Leste;Outros;;1;;;;;;;;;0;;;1;
09/06/2020;12:33:00;149;sem vítima;482;BR-116/BA;Sul;Queda de Moto;;;;1;;;;;;;1;;;;
09/06/2020;13:12:00;159;sem vítima;568,6;BR-116/BA;Sul;Saida de Pista;;;1;;;;;;;;1;;;;
09/06/2020;16:41:00;195;sem vítima;892;BR-116/BA;Norte;Saida de Pista;1;;;;;;;;;;3;;;;
09/06/2020;17:38:00;204;com vítima;623,95;BR-324/BA;Oeste;Colisão Traseira;1;;;1;;;;;;;1;;1;;
09/06/2020;18:12:00;212;sem vítima;624,3;BR-324/BA;Oeste;Engavetamento;3;;;;;;;;;;3;;;;
09/06/2020;19:21:00;224;sem vítima;570,5;BR-324/BA;Oeste;Saida de Pista;1;;;;;;;;;;1;;;;
09/06/2020;19:54:00;231;sem vítima;559;BR-324/BA;Oeste;Saida de Pista;;;1;;;;;;;;2;;;;
09/06/2020;19:58:00;232;sem vítima;616;BR-324/BA;Oeste;Colisão Lateral;3;;;;;;;;;;3;;;;
09/06/2020;20:18:00;234;com vítima;457,9;BR-116/BA;Sul;Saida de Pista;1;;;;;;;;;;1;2;;;
10/06/2020;06:36:00;16;sem vítima;611,9;BR-324/BA;Oeste;Colisão Traseira;3;;;;;;;;;;3;;;;
10/06/2020;06:48:00;20;sem vítima;574;BR-116/BA;Sul;Colisão Traseira;1;;;;;;;;;1;7;;;;
10/06/2020;07:18:00;37;sem vítima;604;BR-324/BA;Leste;Colisão Traseira;1;;;;;;;;;;1;;;;
10/06/2020;10:20:00;93;sem vítima;561,9;BR-324/BA;Leste;Saida de Pista;1;;;;;;;;;;1;;;;
10/06/2020;12:20:00;120;com vítima;801,9;BR-116/BA;Norte;Saida de Pista;;;1;;;;;;;;0;;1;;
10/06/2020;14:09:00;141;sem vítima;623,4;BR-324/BA;Leste;Engavetamento;3;;;;;1;;;;;4;;;;
10/06/2020;15:21:00;155;sem vítima;581,4;BR-324/BA;Leste;Saida de Pista;;;;;;;;;;1;1;;;;
10/06/2020;15:48:00;160;sem vítima;567;BR-116/BA;Norte;Colisão Transversal;1;;;;;1;;;;;2;;;;
10/06/2020;22:46:00;229;sem vítima;669;BR-116/BA;Sul;Atropelamento de Animal;;;1;;;;;;;;1;;;;
11/06/2020;05:30:00;22;sem vítima;589;BR-324/BA;Oeste;Queda de Moto;;;;1;;;;;;;2;;;;
11/06/2020;06:25:00;29;sem vítima;542;BR-324/BA;Oeste;Atropelamento - Ciclista;;1;1;;;;;;;;2;;;;
11/06/2020;08:02:00;58;sem vítima;583;BR-324/BA;Oeste;Colisão Traseira;;;1;;;1;;;;;2;;;;
11/06/2020;09:26:00;90;sem vítima;549,8;BR-324/BA;Oeste;Saida de Pista;1;;;;;;;;;;2;;;;
11/06/2020;10:32:00;107;sem vítima;616,7;BR-116/BA;Sul;Colisão Lateral;1;;1;;;;;;;;3;;;;
11/06/2020;13:05:00;128;sem vítima;561;BR-324/BA;Oeste;Saida de Pista;1;;;;;;;;;;3;;;;
11/06/2020;13:24:00;129;sem vítima;604;BR-116/BA;Sul;Colisão Traseira;2;;;;;;;;;;2;;;;
11/06/2020;23:00:00;258;sem vítima;477,5;BR-116/BA;Sul;Atropelamento de Animal;;;1;;;;;;;;1;;;;
12/06/2020;03:19:00;15;sem vítima;538;BR-116/BA;Sul;Saida de Pista;;;1;;;;;;;;2;;;;
12/06/2020;09:45:00;84;com vítima;620;BR-324/BA;Leste;Colisão Traseira;;;2;;;;;;;;1;;1;;
12/06/2020;11:01:00;105;sem vítima;618;BR-324/BA;Oeste;Queda de Moto;;;;1;;;;;;;1;;;;
12/06/2020;15:23:00;152;sem vítima;615,1;BR-324/BA;Leste;Colisão Lateral;1;;;;;;;;;1;2;;;;
12/06/2020;18:18:00;203;com vítima;545;BR-324/BA;Oeste;Engavetamento;4;;;;;;;;;1;11;1;;;
13/06/2020;06:53:00;34;sem vítima;904,5;BR-116/BA;Sul;Tombamento;;;1;;;;;;;;4;;;;
13/06/2020;09:58:00;67;sem vítima;606;BR-324/BA;Oeste;Sequência;;;1;1;;;;;;;2;;;;
13/06/2020;18:15:00;169;sem vítima;572;BR-324/BA;Oeste;Saida de Pista;1;;;;;;;;;;1;;;;
13/06/2020;20:04:00;187;sem vítima;592;BR-116/BA;Sul;Colisão Lateral;2;;;;;;;;;;5;;;;
13/06/2020;22:58:00;208;sem vítima;512;BR-116/BA;Norte;Colisão Lateral;1;;;;;1;;;;;2;;;;
14/06/2020;08:59:00;52;sem vítima;551;BR-324/BA;Oeste;Colisão Traseira;1;;1;;;;;;;;3;;;;
14/06/2020;11:15:00;76;sem vítima;895;BR-116/BA;Sul;Colisão Lateral;1;;;;;1;;;;;5;;;;
14/06/2020;12:23:00;84;sem vítima;482;BR-116/BA;Sul;Engavetamento;;;3;;;;;;;;3;;;;
14/06/2020;22:30:00;211;com vítima;580;BR-116/BA;Sul;Saida de Pista;1;;;;;;;;;;0;;1;;
14/06/2020;23:57:00;229;sem vítima;912,4;BR-116/BA;Norte;Atropelamento de Animal;1;;;;;;;;;;1;;;;