data;horario;n_da_ocorrencia;tipo_de_ocorrencia;km;trecho;sentido;tipo_de_acidente;automovel;bicicleta;caminhao;moto;onibus;outros;tracao_animal;transporte_de_cargas_especiais;trator_maquinas;utilitarios;ilesos;levemente_feridos;moderadamente_feridos;gravemente_feridos;mortos
15/06/2020;03:51:00;17;com vítima;784;BR-116/BA;Sul;Queda de Moto;;;;1;;;;;;;0;1;;;
15/06/2020;05:16:00;20;sem vítima;609,4;BR-116/BA;Sul;Saida de Pista;1;;;;;;;;;;1;;;;
15/06/2020;06:39:00;37;sem vítima;660,6;BR-116/BA;Sul;Queda de Moto;;;;1;;;;;;;1;;;;
15/06/2020;07:12:00;47;sem vítima;613;BR-324/BA;Oeste;Colisão Traseira;1;;1;;;;;;;;2;;;;
15/06/2020;09:02:00;85;sem vítima;615,9;BR-324/BA;Leste;Colisão Traseira;1;;;;;;;;;1;3;;;;
15/06/2020;09:46:00;94;com vítima;545,1;BR-324/BA;Leste;Colisão Transversal;2;;;;;;;;;;2;;1;;
15/06/2020;14:02:00;144;com vítima;616;BR-324/BA;Oeste;Colisão Lateral;1;;;1;;;;;;;3;1;;;
15/06/2020;17:44:00;197;com vítima;622,8;BR-324/BA;Oeste;Colisão Traseira;1;;;1;;;;;;;1;1;;;
16/06/2020;06:06:00;15;sem vítima;584,08;BR-324/BA;Leste;Saida de Pista;1;;;;;;;;;;1;;;;
16/06/2020;06:17:00;18;sem vítima;564;BR-324/BA;Leste;Saida de Pista;;;1;;;;;;;;1;;;;
16/06/2020;08:00:00;51;sem vítima;871,4;BR-116/BA;Norte;Colisão Transversal;2;;;;;;;;;;4;;;;
16/06/2020;08:26:00;58;sem vítima;524,15;BR-324/BA;Leste;Queda de Moto;;;;1;;;;;;;1;;;;
16/06/2020;09:54:00;72;sem vítima;592;BR-324/BA;Oeste;Saida de Pista;1;;;;;;;;;;2;;;;
16/06/2020;16:45:00;174;sem vítima;520;BR-324/BA;Oeste;Saida de Pista;1;;;;;;;;;;1;;;;
16/06/2020;18:41:00;192;com vítima;614;BR-324/BA;Leste;Queda de Moto;;;;1;;;;;;;0;;1;;
17/06/2020;12:37:00;126;com vítima;623,05;BR-324/BA;Leste;Queda de Moto;;;;1;;;;;;;1;1;;;
17/06/2020;13:51:00;136;sem vítima;596,5;BR-116/BA;Sul;Saida de Pista;1;;;;;;;;;;1;;;;
17/06/2020;14:09:00;142;com vítima;10,5;BR-116/BA - Cont VC;Sul;Queda de Moto;;;;1;;;;;;;0;;1;;
17/06/2020;15:34:00;167;com vítima;729;BR-116/BA;Norte;Colisão Frontal;;;2;;;;;;;;2;;;;1
17/06/2020;15:57:00;179;sem vítima;861;BR-116/BA;Sul;Colisão Lateral;;;1;;;;;;;1;3;;;;
17/06/2020;16:23:00;184;com vítima;616;BR-324/BA;Oeste;Colisão Traseira;;;2;;;;;;;;2;;1;;
17/06/2020;18:37:00;207;com vítima;518,8;BR-324/BA;Oeste;Colisão Traseira;;;1;1;;;;;;;2;1;;;
17/06/2020;22:19:00;237;sem vítima;555;BR-116/BA;Norte;Outros;;;1;;;;;;;;1;;;;
17/06/2020;23:41:00;249;com vítima;774,9;BR-116/BA;Sul;Queda de Moto;;;;1;;;;;;;0;1;;;
18/06/2020;02:54:00;14;sem vítima;567;BR-324/BA;Leste;Saida de Pista;1;;;;;;;;;;1;;;;
18/06/2020;06:16:00;19;sem vítima;589;BR-324/BA;Oeste;Queda de Moto;;;;1;;;;;;;1;;;;
18/06/2020;06:51:00;29;sem vítima;451;BR-116/BA;Sul;Saida de Pista;1;;;;;;;;;;1;;;;
18/06/2020;11:36:00;109;sem vítima;526;BR-324/BA;Oeste;Colisão Traseira;1;;1;;;;;;;;3;;;;
18/06/2020;17:36:00;193;com vítima;614,5;BR-324/BA;Oeste;Colisão Traseira;;;;1;;1;;;;;1;;1;;
18/06/2020;19:11:00;211;sem vítima;574,2;BR-324/BA;Leste;Saida de Pista;;;;;;;;;;1;1;;;;
18/06/2020;19:44:00;214;com vítima;441;BR-116/BA;Norte;Saida de Pista;;;;;;;;;;1;0;4;;;
19/06/2020;07:00:00;29;sem vítima;459;BR-116/BA;Sul;Colisão Traseira;1;;1;;;;;;;;4;;;;
19/06/2020;07:41:00;43;com vítima;610,7;BR-324/BA;Leste;Colisão Lateral;1;;1;;;;;;;;2;2;;;
19/06/2020;08:44:00;60;com vítima;518,8;BR-116/BA;Norte;Colisão Transversal;1;;;1;;;;;;;7;1;;;
19/06/2020;11:23:00;106;com vítima;545;BR-324/BA;Leste;Colisão Transversal;2;;;;;;;;;;1;;1;;
19/06/2020;11:53:00;115;sem vítima;566,1;BR-324/BA;Leste;Colisão Traseira;1;;;;;;;;;1;2;;;;
19/06/2020;11:56:00;116;sem vítima;574;BR-324/BA;Oeste;Saida de Pista;1;;;;;;;;;;1;;;;
19/06/2020;14:17:00;136;sem vítima;533;BR-324/BA;Leste;Colisão Lateral;2;;;;;;;;;;2;;;;
19/06/2020;15:18:00;161;com vítima;742,7;BR-116/BA;Norte;Colisão Traseira;2;;;;;;;;;;4;;1;;
19/06/2020;16:56:00;191;sem vítima;540;BR-324/BA;Oeste;Colisão Traseira;2;;;;;;;;;;4;;;;
19/06/2020;17:12:00;195;sem vítima;540,2;BR-324/BA;Oeste;Colisão Traseira;1;;;;;1;;;;;2;;;;
20/06/2020;06:58:00;36;sem vítima;493,3;BR-116/BA;Sul;Saida de Pista;1;;;;;;;;;;5;;;;
20/06/2020;07:56:00;64;sem vítima;611;BR-324/BA;Oeste;Engavetamento;3;;;;;1;;;;;8;;;;
20/06/2020;08:24:00;76;sem vítima;560;BR-324/BA;Oeste;Saida de Pista;1;;;;;;;;;;2;;;;
20/06/2020;08:26:00;77;sem vítima;610,2;BR-324/BA;Oeste;Colisão Traseira;2;;;;;;;;;;2;;;;
20/06/2020;11:12:00;113;sem vítima;557;BR-324/BA;Oeste;Colisão Traseira;2;;;;;;;;;;6;;;;
20/06/2020;11:15:00;114;sem vítima;13,8;BR-116/BA - Cont VC;Norte;Colisão Transversal;1;;;;;1;;;;;2;;;;
20/06/2020;11:48:00;125;sem vítima;579;BR-324/BA;Leste;Saida de Pista;1;;;;;;;;;;1;;;;
20/06/2020;12:04:00;130;com vítima;7;BR-116/BA - Cont VC;Norte;Colisão Traseira;;;1;;1;;;;;;20;;1;;
20/06/2020;12:04:00;131;sem vítima;590;BR-324/BA;Oeste;Colisão Traseira;1;;;;;;;;;1;6;;;;
20/06/2020;16:45:00;189;sem vítima;609;BR-116/BA;Norte;Saida de Pista;1;;;;;;;;;;1;;;;
20/06/2020;17:20:00;211;sem vítima;817;BR-116/BA;Sul;Saida de Pista;;;1;;;;;;;;1;;;;
20/06/2020;20:51:00;249;com vítima;428;BR-116/BA;Norte;Colisão Traseira;1;;;1;;;;;;;1;1;;;
21/06/2020;01:53:00;11;sem vítima;2;BA-526;Norte;Saida de Pista;;;;;;;;;;1;2;;;;
21/06/2020;06:01:00;26;sem vítima;590,5;BR-324/BA;Leste;Colisão Traseira;;;1;;;1;;;;;3;;;;
21/06/2020;08:56:00;59;sem vítima;583;BR-324/BA;Leste;Saida de Pista;1;;;;;;;;;;1;;;;
21/06/2020;11:38:00;88;sem vítima;592;BR-324/BA;Oeste;Saida de Pista;1;;;;;;;;;;1;;;;
21/06/2020;12:00:00;92;sem vítima;525;BR-116/BA;Norte;Colisão Lateral;1;;;;;1;;;;;3;;;;
21/06/2020;12:31:00;96;sem vítima;427;BR-116/BA;Norte;Saida de Pista;1;;;;;;;;;;1;;;;
21/06/2020;14:05:00;105;sem vítima;564;BR-116/BA;Norte;Saida de Pista;;;1;;;;;;;;1;;;;
21/06/2020;17:28:00;149;com vítima;546;BR-324/BA;Oeste;Colisão Traseira;;;;1;;1;;;;;1;;1;;
21/06/2020;17:42:00;154;com vítima;575;BR-116/BA;Sul;Saida de Pista;1;;;;;;;;;;0;;1;;
21/06/2020;19:43:00;179;sem vítima;669,1;BR-116/BA;Sul;Saida de Pista;1;;;;;1;;;;;2;;;;
21/06/2020;19:52:00;181;sem vítima;583;BR-324/BA;Leste;Colisão Traseira;1;;;;;1;;;;;2;;;;
21/06/2020;22:00:00;195;sem vítima;452,95;BR-116/BA;Norte;Colisão Traseira;1;;;;;1;;;;;3;;;;
22/06/2020;06:11:00;26;sem vítima;619;BR-324/BA;Leste;Queda de Moto;;;;1;;;;;;;2;;;;
22/06/2020;06:28:00;28;sem vítima;619;BR-324/BA;Leste;Queda de Moto;;;;1;;;;;;;1;;;;
22/06/2020;06:46:00;32;com vítima;611,5;BR-116/BA;Norte;Colisão Traseira;2;;;;;;;;;;2;1;1;;
22/06/2020;07:07:00;37;sem vítima;622;BR-324/BA;Leste;Colisão Traseira;2;;;;;;;;;;3;;;;
22/06/2020;07:53:00;46;sem vítima;604;BR-324/BA;Leste;Colisão Lateral;1;;;;;1;;;;;2;;;;
22/06/2020;08:15:00;59;sem vítima;620;BR-324/BA;Leste;Sequência;2;;;1;;;;;;;5;;;;
22/06/2020;08:17:00;60;sem vítima;602;BR-324/BA;Leste;Engavetamento;3;;;;;;;;;;3;;;;
22/06/2020;08:10:00;66;sem vítima;604;BR-324/BA;Leste;Engavetamento;1;;1;;;1;;;;;4;;;;
22/06/2020;09:36:00;84;sem vítima;806;BR-116/BA;Norte;Colisão Traseira;;;1;;;;;;;1;4;;;;
22/06/2020;11:42:00;125;sem vítima;584;BR-116/BA;Norte;Saida de Pista;;;1;;;;;;;;1;;;;
22/06/2020;13:24:00;140;com vítima;4;BR-116/BA - Cont VC;Norte;Sequência;1;;1;1;;;;;;;2;;1;;
22/06/2020;15:47:00;186;sem vítima;613,7;BR-324/BA;Leste;Colisão Traseira;1;;;1;;;;;;;2;;;;
22/06/2020;16:47:00;200;sem vítima;543;BR-324/BA;Oeste;Colisão Traseira;1;;1;;;;;;;;3;;;;
22/06/2020;18:38:00;232;sem vítima;646;BR-116/BA;Sul;Colisão Lateral;;;1;;;;;;;1;2;;;;
22/06/2020;19:32:00;245;sem vítima;604,2;BR-324/BA;Oeste;Queda de Moto;;;;1;;;;;;;1;;;;
22/06/2020;23:55:00;294;sem vítima;812,4;BR-116/BA;Sul;Saida de Pista;1;;;;;;;;;;1;;;;
23/06/2020;01:03:00;6;sem vítima;669;BR-116/BA;Sul;Atropelamento de Animal;1;;;;;;;;;;2;;;;
23/06/2020;03:22:00;14;sem vítima;540;BR-324/BA;Leste;Saida de Pista;1;;;;;;;;;;1;;;;
23/06/2020;04:01:00;19;com vítima;547;BR-324/BA;Leste;Choque Contra Objeto Fixo;1;;;;;;;;;;1;3;;;
23/06/2020;05:51:00;26;sem vítima;475,5;BR-116/BA;Norte;Saida de Pista;;;;;;1;;;;1;2;;;;
23/06/2020;06:26:00;30;sem vítima;624,8;BR-324/BA;Leste;Colisão Traseira;1;;;1;;;;;;;5;;;;
23/06/2020;06:31:00;31;sem vítima;610;BR-324/BA;Oeste;Colisão Traseira;2;;;;;;;;;;2;;;;
23/06/2020;08:12:00;47;sem vítima;614;BR-324/BA;Leste;Engavetamento;1;;2;;;;;;;1;4;;;;
23/06/2020;08:41:00;53;sem vítima;615;BR-324/BA;Leste;Engavetamento;3;;2;;;;;;;;5;;;;
23/06/2020;15:18:00;155;com vítima;520,7;BR-324/BA;Oeste;Colisão Transversal;;;1;1;;;;;;;1;;;1;
23/06/2020;15:58:00;167;sem vítima;611;BR-324/BA;Oeste;Queda de Moto;;;;1;;;;;;;1;;;;
23/06/2020;18:33:00;203;com vítima;846;BR-116/BA;Norte;Colisão Transversal;;;;1;;;;;;;0;1;;;
23/06/2020;19:24:00;213;sem vítima;559;BR-324/BA;Oeste;Saida de Pista;1;;;;;;;;;;1;;;;
24/06/2020;05:42:00;18;sem vítima;0;BR-116/BA - Cont VC;Norte;Saida de Pista;1;;;;;;;;;;1;;;;
24/06/2020;05:56:00;19;sem vítima;550;BR-324/BA;Leste;Tombamento;;;1;;;;;;;;1;;;;
24/06/2020;14:00:00;86;sem vítima;5,1;BR-116/BA - ContSuFS;Sul;Colisão Lateral;;;1;1;;;;;;;2;;;;
24/06/2020;15:54:00;121;sem vítima;568;BR-324/BA;Leste;Saida de Pista;1;;;;;;;;;;4;;;;
24/06/2020;18:28:00;161;com vítima;12;BR-116/BA - Cont VC;Sul;Colisão Transversal;1;;;1;;;;;;;1;1;;;
24/06/2020;22:15:00;192;com vítima;722;BR-116/BA;Sul;Atropelamento de Pedestre;;;;;;1;;;;;1;;;1;
24/06/2020;22:23:00;196;sem vítima;571;BR-324/BA;Leste;Colisão Traseira;1;;2;;;;;;;;4;;;;
24/06/2020;23:47:00;209;sem vítima;522,8;BR-324/BA;Oeste;Colisão Lateral;;;;;;1;;;;1;2;;;;
25/06/2020;05:41:00;16;com vítima;619;BR-324/BA;Leste;Queda de Moto;;;;1;;;;;;;0;1;;;
25/06/2020;08:31:00;62;sem vítima;24,5;BR-116/BA - Cont VC;Sul;Tombamento;;;1;;;;;;;;1;;;;
25/06/2020;08:42:00;64;sem vítima;619,9;BR-324/BA;Leste;Sequência;1;;;;1;;;;;1;15;;;;
25/06/2020;13:13:00;141;sem vítima;535;BR-324/BA;Leste;Sequência;2;;1;;;;;;;;3;;;;
25/06/2020;13:23:00;144;sem vítima;570;BR-324/BA;Leste;Saida de Pista;1;;;;;;;;;;2;;;;
26/06/2020;06:45:00;31;sem vítima;616;BR-324/BA;Oeste;Colisão Traseira;;;;;;1;;;;1;15;;;;
26/06/2020;07:20:00;42;sem vítima;616;BR-324/BA;Oeste;Colisão Traseira;2;;;;;;;;;;2;;;;
26/06/2020;07:45:00;52;sem vítima;901,4;BR-116/BA;Sul;Saida de Pista;1;;;;;;;;;;2;;;;
26/06/2020;08:55:00;62;com vítima;458,7;BR-116/BA;Norte;Saida de Pista;;;;;;;;;;1;3;;1;;
26/06/2020;11:10:00;99;sem vítima;578,3;BR-324/BA;Oeste;Saida de Pista;1;;;;;;;;;;7;;;;
26/06/2020;11:29:00;103;sem vítima;623;BR-324/BA;Leste;Colisão Lateral;1;;1;;;;;;;;2;;;;
26/06/2020;12:02:00;112;sem vítima;439;BR-116/BA;Norte;Choque Contra Objeto Fixo;1;;;;;;;;;;1;;;;
26/06/2020;15:14:00;153;com vítima;578,5;BR-324/BA;Leste;Queda de Moto;;;;1;;;;;;;1;1;;;
26/06/2020;17:19:00;183;sem vítima;537;BR-324/BA;Oeste;Colisão Lateral;1;;1;;;;;;;;2;;;;
26/06/2020;18:03:00;192;sem vítima;480;BR-116/BA;Sul;Saida de Pista;;;;;;;;;;1;1;;;;
26/06/2020;18:38:00;201;com vítima;18;BR-116/BA - Cont VC;Norte;Colisão Frontal;;;1;;;;1;;;;1;1;;;
26/06/2020;19:26:00;211;sem vítima;595,4;BR-324/BA;Leste;Saida de Pista;;;;;;;;;;1;1;;;;
26/06/2020;21:17:00;234;sem vítima;567,5;BR-324/BA;Leste;Saida de Pista;;;1;;;;;;;;2;;;;
27/06/2020;11:58:00;124;sem vítima;591;BR-324/BA;Leste;Colisão Lateral;1;;1;;;;;;;;8;;;;
27/06/2020;14:08:00;139;sem vítima;543;BR-324/BA;Leste;Saida de Pista;;;;;;1;;;;1;2;;;;
27/06/2020;14:15:00;141;sem vítima;429,05;BR-116/BA;Sul;Engavetamento;1;;1;;;1;;;;;3;;;;
27/06/2020;18:52:00;204;sem vítima;782;BR-116/BA;Norte;Saida de Pista;;;1;;;;;;;;1;;;;
27/06/2020;20:00:00;214;com vítima;545,6;BR-324/BA;Oeste;Atropelamento de Pedestre;1;;;;;;;;;;1;;;;1
27/06/2020;23:30:00;232;sem vítima;8,1;BA-526;Sul;Saida de Pista;;;1;;;;;;;;1;;;;
28/06/2020;06:56:00;21;sem vítima;440,1;BR-116/BA;Sul;Saida de Pista;1;;;;;;;;;;3;;;;
28/06/2020;07:42:00;31;sem vítima;608;BR-324/BA;Leste;Choque Contra Objeto Fixo;1;;;;;;;;;;1;;;;
28/06/2020;10:49:00;74;sem vítima;640;BR-116/BA;Sul;Saida de Pista;;;1;;;;;;;;1;;;;
28/06/2020;14:10:00;107;com vítima;11;BR-116/BA - Cont VC;Sul;Atropelamento - Ciclista;1;1;;;;;;;;;1;1;;;
28/06/2020;14:36:00;112;sem vítima;903;BR-116/BA;Sul;Saida de Pista;;;1;;;;;;;;2;;;;
28/06/2020;15:11:00;118;sem vítima;427,4;BR-116/BA;Sul;Colisão Lateral;1;;1;;;;;;;;3;;;;
28/06/2020;23:20:00;213;sem vítima;734,3;BR-116/BA;Norte;Colisão Traseira;;;1;;;1;;;;;2;;;;
29/06/2020;07:40:00;60;com vítima;827,9;BR-116/BA;Sul;Colisão Transversal;;;;1;;1;;;;;1;2;;;
29/06/2020;16:33:00;207;sem vítima;618;BR-324/BA;Oeste;Colisão Traseira;1;;;1;;;;;;;2;;;;
29/06/2020;18:01:00;229;sem vítima;819;BR-116/BA;Sul;Engavetamento;2;;;;;;;;;;2;;;;
30/06/2020;03:33:00;9;sem vítima;470;BR-116/BA;Sul;Tombamento;;;1;;;;;;;;2;;;;
30/06/2020;06:49:00;29;sem vítima;6,5;BR-116/BA - Cont VC;Sul;Engavetamento;3;;;;;;;;;2;17;;;;
30/06/2020;12:10:00;133;com vítima;574;BR-324/BA;Oeste;Saida de Pista;;;;1;;;;;;;0;;1;;
30/06/2020;12:10:00;138;sem vítima;574;BR-324/BA;Oeste;Saida de Pista;;;1;;;;;;;;1;;;;
30/06/2020;14:22:00;164;sem vítima;586;BR-116/BA;Sul;Colisão Lateral;;;2;;;;;;;;3;;;;
30/06/2020;15:21:00;173;sem vítima;573;BR-324/BA;Leste;Engavetamento;1;;1;;;;;;;1;3;;;;
30/06/2020;21:38:00;253;sem vítima;595;BR-324/BA;Leste;Atropelamento de Animal;1;;;;;;;;;;1;;;;
01/04/2020;13:32:00;149;sem vítima;530,15;BR-324/BA;Oeste;Colisão Lateral;1;;;;;;;;;;4;;;;
01/04/2020;20:16:00;223;sem vítima;16;BR-116/BA - Cont VC;Sul;Colisão Traseira;1;;;;;1;;;;;2;;;;
01/04/2020;23:48:00;249;sem vítima;612,7;BR-324/BA;Leste;Colisão Traseira;;;;;;;;;;1;2;;;;
02/04/2020;09:39:00;88;sem vítima;615,5;BR-324/BA;Oeste;Choque Contra Objeto Fixo;1;;;;;;;;;;2;;;;
02/04/2020;16:28:00;174;sem vítima;622;BR-324/BA;Leste;Choque Contra Objeto Fixo;1;;;;;;;;;;1;;;;
02/04/2020;17:27:00;182;sem vítima;533;BR-324/BA;Oeste;Saida de Pista;1;;;;;;;;;;2;;;;
03/04/2020;00:00:00;1;sem vítima;542;BR-324/BA;Leste;Atropelamento de Animal;;;;;;;;;;1;1;;;;
03/04/2020;05:15:00;22;sem vítima;460;BR-116/BA;Norte;Atropelamento de Animal;;;1;;;;;;;;1;;;;
03/04/2020;13:53:00;146;sem vítima;646;BR-116/BA;Sul;Colisão Transversal;1;;1;;;;;;;;2;;;;
03/04/2020;14:14:00;152;com vítima;615;BR-324/BA;Oeste;Saida de Pista;1;;;;;;;;;;0;2;;;
03/04/2020;20:13:00;225;com vítima;7,8;BR-116/BA - Cont VC;Sul;Queda de Moto;;;;1;;;;;;;0;1;;;
04/04/2020;01:17:00;5;com vítima;528,5;BR-324/BA;Leste;Colisão Lateral;1;;;1;;1;;;;;2;;1;;
04/04/2020;14:55:00;104;com vítima;536,5;BR-324/BA;Oeste;Capotamento;1;;;;;;;;;;1;4;;;
04/04/2020;15:33:00;110;sem vítima;599;BR-324/BA;Oeste;Choque Contra Objeto Fixo;1;;;;;;;;;;1;;;;
04/04/2020;17:36:00;125;com vítima;676;BR-116/BA;Sul;Colisão Frontal;;;;2;;;;;;;0;;1;1;1
04/04/2020;18:10:00;130;com vítima;524;BR-116/BA;Norte;Atropelamento de Pedestre;;;;;;1;;;;;1;;;;1
05/04/2020;01:18:00;6;sem vítima;911,5;BR-116/BA;Sul;Colisão Lateral;;;2;;;;;;;;3;;;;
05/04/2020;02:36:00;10;sem vítima;479;BR-116/BA;Sul;Saida de Pista;1;;;;;;;;;;1;;;;
05/04/2020;09:03:00;44;sem vítima;905,8;BR-116/BA;Sul;Saida de Pista;;;;;;;;;;1;2;;;;
05/04/2020;20:48:00;138;sem vítima;9,1;BR-116/BA - Cont VC;Sul;Colisão Traseira;2;;;;;;;;;;2;;;;
06/04/2020;05:56:00;11;sem vítima;482;BR-116/BA;Sul;Outros;;;1;;;;;;;;1;;;;
06/04/2020;06:01:00;12;sem vítima;596,3;BR-116/BA;Norte;Capotamento;1;;;;;;;;;;1;;;;
06/04/2020;06:56:00;31;sem vítima;476;BR-116/BA;Norte;Colisão Lateral;1;;1;;;;;;;;6;;;;
06/04/2020;07:02:00;33;sem vítima;0,2;BR-116/BA - ContSuFS;Norte;Colisão Traseira;;;1;;;;;;;1;2;;;;
06/04/2020;07:09:00;34;sem vítima;10;BR-116/BA - Cont VC;Norte;Atropelamento de Animal;;;1;;;;;;;;1;;;;
07/04/2020;05:48:00;13;com vítima;572,5;BR-116/BA;Sul;Capotamento;1;;;;;;;;;;0;1;;;
07/04/2020;06:50:00;23;com vítima;708;BR-116/BA;Sul;Colisão Frontal;2;;;;;;;;;;0;3;1;;
07/04/2020;08:35:00;53;com vítima;575;BR-324/BA;Oeste;Saida de Pista;1;;;;;;;;;;1;1;;;
07/04/2020;09:21:00;61;com vítima;551;BR-324/BA;Oeste;Colisão Traseira;2;;;;;;;;;;5;1;;;
07/04/2020;22:08:00;225;sem vítima;820,1;BR-116/BA;Norte;Atropelamento de Animal;1;;;;;;;;;;1;;;;
08/04/2020;07:13:00;41;sem vítima;551;BR-324/BA;Leste;Colisão Traseira;1;;1;;;;;;;;2;;;;
08/04/2020;12:25:00;118;com vítima;16;BR-116/BA - Cont VC;Norte;Colisão Transversal;;;;2;;;;;;;0;1;2;;
08/04/2020;14:40:00;147;sem vítima;596,15;BR-324/BA;Oeste;Saida de Pista;1;;;;;;;;;;1;;;;
08/04/2020;18:24:00;200;com vítima;603;BR-324/BA;Leste;Queda de Moto;;;;1;;;;;;;0;;;;1
08/04/2020;21:06:00;233;sem vítima;843,4;BR-116/BA;Sul;Saida de Pista;1;;;;;;;;;;1;;;;
08/04/2020;18:48:00;247;com vítima;5;BR-116/BA - Cont VC;Norte;Colisão Lateral;;;1;;;;;;;1;1;;1;;1
09/04/2020;05:44:00;21;sem vítima;607,4;BR-116/BA;Norte;Colisão Lateral;2;;;;;;;;;;7;;;;
09/04/2020;09:10:00;73;com vítima;803;BR-116/BA;Norte;Colisão Traseira;1;;;1;;;;;;;5;1;;;
09/04/2020;10:25:00;93;sem vítima;581,2;BR-116/BA;Norte;Tombamento;;;1;;;;;;;;1;;;;
09/04/2020;12:19:00;115;sem vítima;539,9;BR-324/BA;Oeste;Colisão Traseira;;;1;;;;;;;1;2;;;;
09/04/2020;21:52:00;251;com vítima;776;BR-116/BA;Sul;Atropelamento de Pedestre;;;;;;1;;;;;1;;1;;
10/04/2020;18:02:00;116;sem vítima;615;BR-324/BA;Oeste;Colisão Lateral;1;;;;;1;;;;;2;;;;
10/04/2020;21:24:00;140;sem vítima;480;BR-116/BA;Sul;Saida de Pista;;;;;;;;;;1;1;;;;
11/04/2020;03:58:00;9;sem vítima;577;BR-116/BA;Sul;Capotamento;;;;;;;;;;1;1;;;;
11/04/2020;06:16:00;20;sem vítima;594,7;BR-116/BA;Norte;Tombamento;;;1;;;;;;;;1;;;;
11/04/2020;11:57:00;67;sem vítima;618;BR-324/BA;Oeste;Colisão Traseira;1;;;1;;;;;;;2;;;;
11/04/2020;12:18:00;69;sem vítima;616;BR-324/BA;Oeste;Colisão Traseira;1;;1;;;;;;;;2;;;;
11/04/2020;13:24:00;83;sem vítima;664;BR-116/BA;Norte;Saida de Pista;;;1;;;;;;;;1;;;;
11/04/2020;13:32:00;84;sem vítima;842,5;BR-116/BA;Sul;Saida de Pista;1;;;;;;;;;;3;;;;
11/04/2020;14:10:00;88;sem vítima;589;BR-324/BA;Oeste;Saida de Pista;1;;;;;;;;;;1;;;;
11/04/2020;14:39:00;93;com vítima;454,8;BR-116/BA;Norte;Queda de Moto;;;;1;;;;;;;1;1;;;
11/04/2020;15:21:00;100;sem vítima;494;BR-116/BA;Norte;Colisão Traseira;;;2;;;;;;;;2;;;;
12/04/2020;05:18:00;10;sem vítima;534;BR-324/BA;Oeste;Atropelamento de Animal;1;;;;;;;;;;4;;;;
12/04/2020;06:43:00;19;sem vítima;499,3;BR-116/BA;Norte;Saida de Pista;;;;;;;;;;1;2;;;;
12/04/2020;12:23:00;66;sem vítima;562;BR-324/BA;Leste;Queda de Moto;;;;1;;;;;;;2;;;;
12/04/2020;12:43:00;69;sem vítima;440;BR-116/BA;Sul;Saida de Pista;;;;;;;;;;1;1;;;;
12/04/2020;13:11:00;74;sem vítima;556;BR-324/BA;Leste;Saida de Pista;1;;;;;;;;;;1;;;;
12/04/2020;13:19:00;76;sem vítima;557;BR-324/BA;Leste;Saida de Pista;1;;;;;;;;;;1;;;;
12/04/2020;13:44:00;79;sem vítima;575;BR-324/BA;Oeste;Saida de Pista;1;;;;;;;;;;1;;;;
12/04/2020;17:00:00;118;sem vítima;706,2;BR-116/BA;Sul;Saida de Pista;1;;;;;;;;;;1;;;;
13/04/2020;06:49:00;26;sem vítima;582,6;BR-324/BA;Leste;Saida de Pista;1;;;;;;;;;;2;;;;
13/04/2020;10:22:00;83;sem vítima;623;BR-324/BA;Leste;Colisão Traseira;1;;;;;1;;;;;2;;;;
13/04/2020;12:35:00;115;sem vítima;616;BR-324/BA;Oeste;Saida de Pista;;;;;;;;;;1;1;;;;
13/04/2020;15:31:00;168;com vítima;578;BR-324/BA;Oeste;Saida de Pista;1;;;;;;;;;;0;2;;;
13/04/2020;17:08:00;189;sem vítima;524,5;BR-116/BA;Norte;Saida de Pista;1;;;;;;;;;;3;;;;
13/04/2020;20:05:00;214;sem vítima;710,2;BR-116/BA;Sul;Capotamento;;;;;;;;;;1;1;;;;
13/04/2020;20:06:00;215;com vítima;619;BR-324/BA;Leste;Queda de Moto;;;;1;;;;;;;1;1;;;
14/04/2020;00:11:00;1;sem vítima;475,5;BR-116/BA;Norte;Saida de Pista;1;;;;;;;;;;3;;;;
14/04/2020;08:36:00;56;sem vítima;814,8;BR-116/BA;Norte;Colisão Traseira;2;;;;;;;;;;4;;;;
14/04/2020;12:03:00;110;com vítima;749,9;BR-116/BA;Sul;Queda de Moto;;;;1;;;;;;;0;1;;;
14/04/2020;16:27:00;165;sem vítima;582;BR-324/BA;Leste;Colisão Lateral;;;1;;;1;;;;;2;;;;
14/04/2020;17:27:00;177;com vítima;539;BR-324/BA;Leste;Saida de Pista;1;;;;;;;;;;0;1;;;
15/04/2020;06:32:00;17;sem vítima;736;BR-116/BA;Norte;Tombamento;;;1;;;;;;;;1;;;;
15/04/2020;10:16:00;74;sem vítima;559;BR-324/BA;Leste;Saida de Pista;;;;;;;;;;1;3;;;;
15/04/2020;16:51:00;134;sem vítima;620;BR-324/BA;Leste;Queda de Moto;;;;1;;;;;;;1;;;;
15/04/2020;17:51:00;140;sem vítima;537;BR-324/BA;Oeste;Queda de Moto;;;;1;;;;;;;1;;;;
15/04/2020;18:46:00;149;sem vítima;689,5;BR-116/BA;Sul;Saida de Pista;;;;;;;;;;1;1;;;;
15/04/2020;21:16:00;162;com vítima;15;BR-116/BA - Cont VC;Norte;Queda de Moto;;;;1;;;;;;;0;;1;;
15/04/2020;23:25:00;176;sem vítima;25;BR-116/BA - Cont VC;Sul;Saida de Pista;1;;;;;;;;;;1;;;;
16/04/2020;05:51:00;10;sem vítima;462,9;BR-116/BA;Norte;Saida de Pista;1;;;;;;;;;;1;;;;