data;horario;n_da_ocorrencia;tipo_de_ocorrencia;km;trecho;sentido;tipo_de_acidente;automovel;bicicleta;caminhao;moto;onibus;outros;tracao_animal;transporte_de_cargas_especiais;trator_maquinas;utilitarios;ilesos;levemente_feridos;moderadamente_feridos;gravemente_feridos;mortos
16/04/2020;05:58:00;12;com vítima;829,9;BR-116/BA;Norte;Colisão Frontal;1;;1;;;;;;;;0;1;1;;
16/04/2020;11:20:00;97;sem vítima;616;BR-324/BA;Oeste;Colisão Lateral;;;1;;;1;;;;;2;;;;
16/04/2020;12:29:00;108;sem vítima;567,1;BR-324/BA;Leste;Saida de Pista;1;;;;;;;;;;2;;;;
16/04/2020;14:16:00;126;sem vítima;586,8;BR-324/BA;Oeste;Saida de Pista;1;;;;;;;;;;1;;;;
16/04/2020;22:53:00;211;sem vítima;582;BR-324/BA;Leste;Saida de Pista;1;;;;;;;;;;1;;;;
17/04/2020;06:29:00;16;sem vítima;438,95;BR-116/BA;Sul;Saida de Pista;1;;;;;;;;;;1;;;;
17/04/2020;10:08:00;76;sem vítima;2,4;BR-116/BA - Cont VC;Norte;Colisão Lateral;1;;;;;1;;;;;2;;;;
17/04/2020;10:46:00;88;sem vítima;620,5;BR-324/BA;Leste;Colisão Traseira;1;;;;;1;;;;;2;;;;
17/04/2020;11:43:00;98;sem vítima;534,5;BR-116/BA;Sul;Saida de Pista;;;1;;;;;;;;1;;;;
17/04/2020;14:56:00;142;sem vítima;532;BR-324/BA;Oeste;Colisão Traseira;1;;1;;;;;;;;3;;;;
18/04/2020;07:00:00;27;sem vítima;617;BR-324/BA;Leste;Choque Contra Objeto Fixo;1;;;;;;;;;;2;;;;
18/04/2020;07:07:00;28;sem vítima;631;BR-116/BA;Norte;Colisão Transversal;;;1;;;1;;;;;2;;;;
18/04/2020;07:19:00;32;sem vítima;699;BR-116/BA;Norte;Tombamento;;;1;;;;;;;;1;;;;
18/04/2020;09:33:00;65;sem vítima;617;BR-324/BA;Leste;Colisão Traseira;3;;;;;;;;;;3;;;;
18/04/2020;14:45:00;101;sem vítima;524;BR-116/BA;Sul;Saida de Pista;1;;;;;;;;;;1;;;;
18/04/2020;18:28:00;147;sem vítima;622;BR-324/BA;Oeste;Colisão Lateral;2;;;;;1;;;;;4;;;;
18/04/2020;21:42:00;161;com vítima;7;BR-116/BA - ContSuFS;Sul;Saida de Pista;1;;;;;;;;;;0;1;;;
19/04/2020;02:26:00;12;com vítima;616;BR-116/BA;Sul;Tombamento;;;1;;;;;;;;0;1;;;
19/04/2020;07:07:00;31;sem vítima;624;BR-324/BA;Leste;Choque Contra Objeto Fixo;1;;;;;;;;;;1;;;;
19/04/2020;20:11:00;130;sem vítima;571;BR-324/BA;Leste;Queda de Moto;;;;1;;;;;;;1;;;;
20/04/2020;03:06:00;11;sem vítima;439;BR-116/BA;Sul;Saida de Pista;1;;;;;;;;;;2;;;;
20/04/2020;07:03:00;31;sem vítima;585;BR-324/BA;Leste;Saida de Pista;1;;;;;;;;;;1;;;;
20/04/2020;07:56:00;41;com vítima;623;BR-324/BA;Leste;Queda de Moto;;;;1;;;;;;;0;1;;;
20/04/2020;12:32:00;105;com vítima;626;BR-324/BA;Leste;Queda de Moto;;;;1;;;;;;;1;1;;;
20/04/2020;19:25:00;168;sem vítima;524;BR-324/BA;Oeste;Saida de Pista;1;;;;;;;;;;1;;;;
21/04/2020;01:09:00;4;sem vítima;573,5;BR-116/BA;Norte;Saida de Pista;;;;;;1;;;;1;15;;;;
21/04/2020;14:43:00;84;sem vítima;450,2;BR-116/BA;Sul;Saida de Pista;1;;;;;;;;;;2;;;;
21/04/2020;17:51:00;107;sem vítima;554;BR-324/BA;Leste;Atropelamento de Pedestre;1;;;;;;;;;;3;;;;
21/04/2020;21:53:00;136;sem vítima;621;BR-324/BA;Leste;Colisão Lateral;2;;;;;;;;;;2;;;;
22/04/2020;04:10:00;8;sem vítima;590;BR-324/BA;Leste;Saida de Pista;;;;;;;;;;1;9;;;;
22/04/2020;06:44:00;26;sem vítima;588;BR-324/BA;Leste;Saida de Pista;1;;;;;;;;;;2;;;;
22/04/2020;10:09:00;76;sem vítima;602,65;BR-324/BA;Leste;Saida de Pista;1;;;;;;;;;;4;;;;
22/04/2020;19:41:00;193;com vítima;622;BR-324/BA;Oeste;Colisão Lateral;;;;1;;;;;;;1;1;;;
22/04/2020;22:06:00;206;sem vítima;858,3;BR-116/BA;Sul;Colisão Transversal;2;;;;;;;;;;5;;;;
23/04/2020;07:23:00;28;com vítima;626;BR-324/BA;Leste;Queda de Moto;;;;1;;;;;;;0;1;;;
23/04/2020;11:27:00;79;sem vítima;593,1;BR-324/BA;Oeste;Saida de Pista;;;1;;;;;;;;3;;;;
23/04/2020;13:51:00;107;sem vítima;586,5;BR-324/BA;Leste;Saida de Pista;;;;;;;;;;1;1;;;;
23/04/2020;14:11:00;115;sem vítima;926;BR-116/BA;Sul;Saida de Pista;1;;;;;;;;;;1;;;;
23/04/2020;18:36:00;162;sem vítima;525;BR-324/BA;Oeste;Colisão Traseira;;;1;;1;;;;;;2;;;;
24/04/2020;02:30:00;5;sem vítima;448,7;BR-116/BA;Norte;Saida de Pista;;;1;;;;;;;;2;;;;
24/04/2020;05:44:00;18;sem vítima;0;BR-116/BA - ContSuFS;Sul;Choque Contra Objeto Fixo;1;;;;;;;;;;5;;;;
24/04/2020;07:56:00;57;com vítima;763;BR-116/BA;Norte;Colisão Frontal;1;;1;;;;;;;;1;;;1;
24/04/2020;08:39:00;72;com vítima;817,8;BR-116/BA;Sul;Colisão Transversal;1;;;1;;;;;;;4;1;;;
24/04/2020;10:17:00;108;sem vítima;736;BR-116/BA;Norte;Tombamento;;;1;;;;;;;;1;;;;
24/04/2020;10:31:00;113;sem vítima;531;BR-324/BA;Oeste;Capotamento;;;;;;;;;;1;2;;;;
24/04/2020;15:04:00;170;sem vítima;773,2;BR-116/BA;Sul;Saida de Pista;1;;;;;;;;;;1;;;;
24/04/2020;17:13:00;219;sem vítima;532;BR-324/BA;Oeste;Saida de Pista;1;;;;;;;;;;1;;;;
25/04/2020;05:09:00;18;sem vítima;576,5;BR-324/BA;Leste;Saida de Pista;;;1;;;;;;;;1;;;;
25/04/2020;11:53:00;89;sem vítima;12,5;BR-116/BA - Cont VC;Norte;Colisão Traseira;;;1;;;1;;;;;2;;;;
25/04/2020;14:11:00;106;com vítima;617,3;BR-324/BA;Oeste;Queda de Moto;;;;1;;;;;;;0;2;;;
25/04/2020;17:37:00;151;sem vítima;466,4;BR-116/BA;Norte;Tombamento;;;1;;;;;;;;1;;;;
25/04/2020;19:29:00;175;com vítima;543,4;BR-324/BA;Oeste;Saida de Pista;1;;;;;;;;;;0;1;;;
25/04/2020;20:50:00;183;sem vítima;534;BR-116/BA;Norte;Colisão Lateral;1;;;;;1;;;;;2;;;;
25/04/2020;22:14:00;194;sem vítima;833;BR-116/BA;Norte;Colisão Traseira;1;;;;;1;;;;;2;;;;
25/04/2020;23:11:00;210;sem vítima;606;BR-324/BA;Oeste;Choque Contra Objeto Fixo;1;;;;;;;;;;1;;;;
26/04/2020;02:31:00;9;sem vítima;552;BR-324/BA;Oeste;Saida de Pista;1;;;;;;;;;;2;;;;
27/04/2020;06:36:00;32;sem vítima;623,7;BR-324/BA;Leste;Colisão Traseira;1;;;;;1;;;;;2;;;;
27/04/2020;08:17:00;76;sem vítima;611;BR-324/BA;Oeste;Engavetamento;4;;;;;;;;;;4;;;;
27/04/2020;09:27:00;96;sem vítima;583,1;BR-324/BA;Leste;Saida de Pista;1;;;;;;;;;;2;;;;
27/04/2020;09:45:00;100;sem vítima;565,1;BR-324/BA;Oeste;Saida de Pista;;;1;;;;;;;;1;;;;
27/04/2020;09:49:00;102;sem vítima;441;BR-116/BA;Sul;Saida de Pista;;;;;;;;;;1;2;;;;
27/04/2020;10:43:00;128;sem vítima;537;BR-324/BA;Oeste;Saida de Pista;;;1;;;;;;;;1;;;;
27/04/2020;11:07:00;134;sem vítima;564;BR-324/BA;Oeste;Saida de Pista;1;;;;;;;;;;2;;;;
27/04/2020;16:30:00;192;com vítima;897;BR-116/BA;Norte;Saida de Pista;;;;;;;;;;1;0;3;;;
28/04/2020;06:12:00;20;sem vítima;784,6;BR-116/BA;Norte;Saida de Pista;;;1;;;;;;;;1;;;;
28/04/2020;16:54:00;195;sem vítima;577,8;BR-324/BA;Leste;Saida de Pista;1;;;;;;;;;;1;;;;
28/04/2020;17:05:00;199;sem vítima;427,3;BR-116/BA;Sul;Saida de Pista;2;;;;;;;;;;2;;;;
29/04/2020;02:03:00;5;sem vítima;620;BR-324/BA;Oeste;Capotamento;1;;;;;;;;;;1;;;;
29/04/2020;05:28:00;12;sem vítima;597,5;BR-116/BA;Sul;Saida de Pista;;;1;;;;;;;;3;;;;
29/04/2020;06:40:00;22;com vítima;817,8;BR-116/BA;Norte;Colisão Transversal;;;1;1;;;;;;;1;;1;;
29/04/2020;08:11:00;58;com vítima;599;BR-324/BA;Oeste;Queda de Moto;;;;1;;;;;;;0;1;;;
29/04/2020;11:02:00;104;sem vítima;615,65;BR-324/BA;Leste;Engavetamento;2;;;;;;;;;1;4;;;;
29/04/2020;12:20:00;110;sem vítima;25;BR-116/BA - Cont VC;Sul;Colisão Traseira;1;;;;;;;;;1;3;;;;
29/04/2020;19:31:00;216;sem vítima;507;BR-116/BA;Norte;Queda de Moto;;;;1;;;;;;;1;;;;
29/04/2020;22:02:00;242;com vítima;812,8;BR-116/BA;Sul;Atropelamento de Animal;;;;1;;;;;;;0;1;;;
29/04/2020;23:07:00;255;sem vítima;817,6;BR-116/BA;Norte;Colisão Traseira;;;;1;;1;;;;;2;;;;
30/04/2020;06:24:00;17;com vítima;525;BR-324/BA;Leste;Colisão Traseira;;;2;;;;;;;;1;1;;1;
30/04/2020;07:37:00;46;sem vítima;439;BR-116/BA;Sul;Saida de Pista;1;;;;;;;;;;1;;;;
30/04/2020;15:01:00;126;com vítima;814,9;BR-116/BA;Sul;Atropelamento de Pedestre;1;;1;;;;;;;;2;;;;1
30/04/2020;15:18:00;132;sem vítima;593,6;BR-116/BA;Sul;Saida de Pista;;;1;;;;;;;;1;;;;
30/04/2020;20:04:00;197;com vítima;932;BR-116/BA;Norte;Colisão Lateral;;;1;1;;;;;;;1;1;;1;
30/04/2020;20:16:00;201;sem vítima;574;BR-324/BA;Oeste;Saida de Pista;1;;;;;;;;;;1;;;;
30/04/2020;21:44:00;221;sem vítima;555;BR-324/BA;Oeste;Colisão Traseira;1;;1;;;;;;;;6;;;;
01/01/2020;02:29:00;10;com vítima;616;BR-324/BA;Oeste;Atropelamento de Animal;;;;1;;;;;;;0;;2;;
01/01/2020;06:45:00;23;sem vítima;571,3;BR-324/BA;Oeste;Saida de Pista;1;;;;;;;;;;1;;;;
01/01/2020;12:55:00;91;sem vítima;696,4;BR-116/BA;Sul;Saida de Pista;1;;;;;;;;;;1;;;;
01/01/2020;18:16:00;165;sem vítima;524;BR-324/BA;Oeste;Colisão Traseira;1;;;;;1;;;;;2;;;;
01/01/2020;18:43:00;174;sem vítima;614;BR-324/BA;Oeste;Colisão Transversal;;;;1;;1;;;;;2;;;;
01/01/2020;19:55:00;191;sem vítima;696,9;BR-116/BA;Norte;Saida de Pista;1;;;;;;;;;;2;;;;
02/01/2020;07:16:00;55;sem vítima;609;BR-324/BA;Oeste;Queda de Moto;;;;1;;;;;;;1;;;;
02/01/2020;07:43:00;61;sem vítima;812,1;BR-116/BA;Sul;Saida de Pista;1;;;;;;;;;;4;;;;
02/01/2020;08:29:00;78;sem vítima;619;BR-324/BA;Oeste;Colisão Traseira;1;;1;;;;;;;;2;;;;
02/01/2020;12:36:00;150;com vítima;452;BR-116/BA;Norte;Colisão Traseira;2;;;;;;;;;;2;2;2;;
02/01/2020;12:46:00;153;sem vítima;662;BR-116/BA;Norte;Saida de Pista;;;1;;;;;;;;1;;;;
02/01/2020;12:52:00;155;sem vítima;618,7;BR-324/BA;Oeste;Saida de Pista;1;;;;;;;;;;1;;;;
02/01/2020;13:11:00;158;sem vítima;530,2;BR-324/BA;Oeste;Saida de Pista;;;1;;;;;;;;1;;;;
02/01/2020;14:17:00;175;com vítima;572;BR-116/BA;Sul;Sequência;4;;;;;1;;;;;13;2;;;
02/01/2020;15:24:00;190;com vítima;439;BR-116/BA;Sul;Engavetamento;7;;1;;;;;;;1;26;2;1;;
02/01/2020;16:18:00;202;sem vítima;567,5;BR-324/BA;Oeste;Saida de Pista;1;;;;;;;;;;4;;;;
02/01/2020;19:47:00;236;sem vítima;863;BR-116/BA;Norte;Saida de Pista;1;;;;;;;;;;5;;;;
02/01/2020;22:59:00;268;sem vítima;494,6;BR-116/BA;Norte;Colisão Traseira;1;;;;;;;;;1;8;;;;
02/01/2020;23:20:00;271;com vítima;524,4;BR-116/BA;Sul;Colisão Frontal;1;;1;;;;;;;;0;;1;;1
03/01/2020;00:05:00;2;sem vítima;797,4;BR-116/BA;Sul;Colisão Lateral;1;;;;;1;;;;;4;;;;
03/01/2020;02:05:00;8;com vítima;625;BR-324/BA;Leste;Colisão Traseira;2;;;;;;;;;;3;;1;;
03/01/2020;03:41:00;10;sem vítima;584;BR-324/BA;Leste;Tombamento;;;1;;;;;;;;3;;;;
03/01/2020;04:51:00;13;sem vítima;567;BR-324/BA;Leste;Queda de Moto;;;;1;;;;;;;2;;;;
03/01/2020;05:13:00;15;com vítima;508,5;BR-116/BA;Sul;Colisão Lateral;;;1;;;;;;;1;13;3;1;;
03/01/2020;05:18:00;17;sem vítima;790;BR-116/BA;Norte;Colisão Traseira;1;;;;;;;;;1;2;;;;
03/01/2020;06:59:00;42;sem vítima;701,8;BR-116/BA;Norte;Choque Contra Objeto Fixo;1;;;;;;;;;;3;;;;
03/01/2020;07:31:00;60;com vítima;701,8;BR-116/BA;Norte;Atropelamento de Pedestre;2;;;;;;;;;;1;3;;;2
03/01/2020;08:15:00;70;com vítima;695,8;BR-116/BA;Norte;Colisão Frontal;1;;1;;;;;;;;1;2;1;1;
03/01/2020;09:28:00;97;sem vítima;623,05;BR-324/BA;Leste;Saida de Pista;1;;;;;;;;;;1;;;;
03/01/2020;09:38:00;105;sem vítima;546;BR-324/BA;Oeste;Queda de Moto;;;;1;;;;;;;2;;;;
03/01/2020;10:32:00;118;sem vítima;923;BR-116/BA;Sul;Colisão Traseira;1;;;;;;;;;;1;;;;
03/01/2020;10:35:00;122;sem vítima;833,1;BR-116/BA;Norte;Colisão Traseira;2;;;;;;;;;;5;;;;
03/01/2020;10:41:00;123;sem vítima;548;BR-324/BA;Leste;Choque Contra Objeto Fixo;;;1;;;;;;;;1;;;;
03/01/2020;11:08:00;130;sem vítima;526,5;BR-116/BA;Sul;Colisão Lateral;1;;1;;;1;;;;;4;;;;
03/01/2020;15:02:00;187;com vítima;608;BR-324/BA;Leste;Colisão Lateral;1;;;1;;;;;;;1;1;;;
03/01/2020;18:30:00;240;sem vítima;661,5;BR-116/BA;Sul;Colisão Traseira;2;;;;;;;;;;8;;;;
03/01/2020;20:12:00;262;sem vítima;525,8;BR-324/BA;Oeste;Saida de Pista;1;;;;;;;;;;1;;;;
04/01/2020;08:34:00;67;sem vítima;551;BR-324/BA;Oeste;Colisão Traseira;2;;;;;;;;;;6;;;;
04/01/2020;13:51:00;156;sem vítima;658,5;BR-116/BA;Norte;Saida de Pista;1;;;;;;;;;;3;;;;
04/01/2020;18:14:00;220;sem vítima;536;BR-116/BA;Norte;Saida de Pista;1;;;;;;;;;;5;;;;
04/01/2020;19:33:00;234;sem vítima;844;BR-116/BA;Sul;Saida de Pista;1;;;;;;;;;;1;;;;
04/01/2020;20:00:00;241;com vítima;458,8;BR-116/BA;Sul;Colisão Traseira;;;;1;;1;;;;;1;;1;;
04/01/2020;20:21:00;244;sem vítima;560;BR-324/BA;Oeste;Atropelamento de Animal;;;1;;;;;;;;1;;;;
04/01/2020;20:30:00;247;sem vítima;441,8;BR-116/BA;Sul;Capotamento;1;;;;;;;;;;1;;;;
04/01/2020;21:52:00;265;sem vítima;521,8;BR-324/BA;Leste;Atropelamento de Animal;;;1;;;;;;;;1;;;;
04/01/2020;22:55:00;268;sem vítima;582;BR-324/BA;Leste;Saida de Pista;1;;;;;;;;;;2;;;;
05/01/2020;05:49:00;21;sem vítima;877;BR-116/BA;Norte;Colisão Lateral;1;;;;;1;;;;;2;;;;
05/01/2020;11:44:00;90;com vítima;861;BR-116/BA;Norte;Colisão Lateral;2;;2;;;;;;;;7;1;1;;1
05/01/2020;15:39:00;142;sem vítima;560;BR-324/BA;Leste;Engavetamento;2;;;;;;;;;2;13;;;;
05/01/2020;16:43:00;160;com vítima;524;BR-324/BA;Oeste;Queda de Moto;;;;1;;;;;;;0;2;;;
05/01/2020;17:01:00;165;com vítima;588,6;BR-324/BA;Leste;Queda de Moto;;;;1;;;;;;;0;1;;;
05/01/2020;19:18:00;200;com vítima;559,9;BR-324/BA;Leste;Saida de Pista;1;;;;;;;;;;4;1;;;
06/01/2020;05:11:00;22;com vítima;861;BR-116/BA;Sul;Colisão Lateral;2;;;;;;;;;;8;2;1;;
06/01/2020;06:03:00;29;sem vítima;686;BR-116/BA;Sul;Colisão Traseira;1;;;;;1;;;;;2;;;;
06/01/2020;07:03:00;54;com vítima;707;BR-116/BA;Sul;Queda de Moto;;;;1;;;;;;;0;1;1;;
06/01/2020;08:47:00;98;sem vítima;532;BR-324/BA;Oeste;Colisão Traseira;1;;;;;;;;;1;4;;;;
06/01/2020;11:28:00;168;sem vítima;533;BR-324/BA;Oeste;Colisão Traseira;;;;;;1;;;;1;3;;;;
06/01/2020;11:35:00;170;sem vítima;532;BR-324/BA;Oeste;Colisão Traseira;;;;;;;;;;2;2;;;;
06/01/2020;14:10:00;199;sem vítima;556,2;BR-324/BA;Leste;Choque Contra Objeto Fixo;;;1;;;;;;;;1;;;;
06/01/2020;15:18:00;220;sem vítima;622,1;BR-324/BA;Oeste;Colisão Traseira;;;;;;;;;;2;2;;;;
07/01/2020;00:51:00;4;sem vítima;551;BR-324/BA;Oeste;Colisão Lateral;;;2;;;;;;;;2;;;;
07/01/2020;03:26:00;14;com vítima;839;BR-116/BA;Sul;Atropelamento de Pedestre;;;;;;;;;;1;3;;;1;
07/01/2020;05:30:00;23;com vítima;546,7;BR-324/BA;Oeste;Queda de Moto;;;;1;;;;;;;0;;1;;
07/01/2020;06:45:00;38;sem vítima;834,3;BR-116/BA;Sul;Engavetamento;1;;;1;;;;;;1;3;;;;
07/01/2020;17:39:00;226;sem vítima;530;BR-324/BA;Oeste;Colisão Lateral;1;;;;;1;;;;;2;;;;
08/01/2020;03:01:00;8;com vítima;780;BR-116/BA;Norte;Saida de Pista;1;;;;;;;;;;0;1;;;1
08/01/2020;04:06:00;9;sem vítima;605;BR-324/BA;Oeste;Atropelamento de Animal;1;;;;;;;;;;4;;;;
08/01/2020;08:07:00;57;sem vítima;666,05;BR-116/BA;Sul;Colisão Lateral;2;;;;;;;;;;2;;;;
08/01/2020;15:21:00;165;sem vítima;557,3;BR-324/BA;Oeste;Saida de Pista;1;;;;;;;;;;2;;;;
08/01/2020;17:32:00;203;sem vítima;529;BR-324/BA;Oeste;Engavetamento;2;;1;;;;;;;;3;;;;
09/01/2020;07:55:00;71;sem vítima;14;BR-116/BA - Cont VC;Sul;Saida de Pista;1;;;;;;;;;;1;;;;
09/01/2020;08:04:00;76;sem vítima;695;BR-116/BA;Sul;Colisão Traseira;;;2;;;;;;;;2;;;;
09/01/2020;10:34:00;114;sem vítima;7;BR-116/BA - ContSuFS;Sul;Engavetamento;3;;1;;;;;;;1;11;;;;
09/01/2020;15:38:00;175;sem vítima;582;BR-324/BA;Leste;Saida de Pista;1;;;;;;;;;;2;;;;
09/01/2020;16:34:00;191;sem vítima;682,3;BR-116/BA;Sul;Saida de Pista;1;;;;;;;;;;5;;;;
09/01/2020;19:10:00;232;sem vítima;838,4;BR-116/BA;Sul;Saida de Pista;1;;;;;;;;;;1;;;;
09/01/2020;20:22:00;242;com vítima;574;BR-116/BA;Sul;Colisão Transversal;;;1;1;;;;;;;1;;1;;
09/01/2020;23:37:00;261;sem vítima;799;BR-116/BA;Sul;Atropelamento de Animal;1;;;;;;;;;;1;;;;
10/01/2020;02:51:00;7;sem vítima;799;BR-116/BA;Norte;Saida de Pista;;;;;;;;;;1;9;;;;
10/01/2020;06:39:00;33;sem vítima;561;BR-324/BA;Oeste;Saida de Pista;1;;;;;;;;;;3;;;;
10/01/2020;07:21:00;45;com vítima;495;BR-116/BA;Sul;Queda de Moto;;;;1;;;;;;;0;;1;;
10/01/2020;09:49:00;95;sem vítima;554;BR-116/BA;Norte;Colisão Lateral;1;;1;;;;;;;;2;;;;
10/01/2020;10:00:00;99;com vítima;7,4;BR-116/BA - Cont VC;Sul;Colisão Transversal;;;;1;1;;;;;;47;;;2;1
10/01/2020;10:43:00;107;sem vítima;891,5;BR-116/BA;Sul;Colisão Lateral;1;;;;;1;;;;;2;;;;
10/01/2020;11:16:00;117;sem vítima;891,5;BR-116/BA;Sul;Colisão Traseira;1;;;;;;;;;1;4;;;;
10/01/2020;12:27:00;133;sem vítima;828,3;BR-116/BA;Sul;Tombamento;;;1;;;;;;;;1;;;;
10/01/2020;15:21:00;170;sem vítima;613;BR-324/BA;Oeste;Colisão Traseira;1;;1;;;;;;;;2;;;;
10/01/2020;15:48:00;181;com vítima;632,7;BR-116/BA;Norte;Atropelamento de Pedestre;;;1;;;;;;;;1;;;1;
10/01/2020;17:04:00;201;sem vítima;831;BR-116/BA;Norte;Engavetamento;;;2;;;;;;;1;6;;;;
10/01/2020;17:32:00;208;sem vítima;614,6;BR-324/BA;Oeste;Engavetamento;2;;;;;1;;;;;3;;;;
10/01/2020;17:55:00;218;com vítima;4;BR-116/BA - ContSuFS;Norte;Atropelamento de Pedestre;;;;;;;;;;1;1;1;;;
10/01/2020;18:15:00;228;sem vítima;9;BR-116/BA - Cont VC;Sul;Colisão Transversal;1;;1;;;;;;;;2;;;;
10/01/2020;22:30:00;262;com vítima;909,5;BR-116/BA;Sul;Colisão Traseira;1;;;1;;;;;;;1;;1;;
11/01/2020;00:22:00;4;sem vítima;539;BR-324/BA;Oeste;Colisão Traseira;1;;1;;;;;;;;2;;;;
11/01/2020;04:03:00;16;com vítima;684;BR-116/BA;Sul;Colisão Frontal;1;;1;;;;;;;;1;2;2;;1
11/01/2020;11:13:00;101;sem vítima;587;BR-116/BA;Norte;Saida de Pista;1;;;;;;;;;;7;;;;
11/01/2020;11:16:00;103;com vítima;543;BR-324/BA;Oeste;Colisão Traseira;1;;;;;;;;;1;5;1;;;
11/01/2020;11:31:00;104;sem vítima;603,8;BR-324/BA;Oeste;Saida de Pista;;;1;;;;;;;;1;;;;
11/01/2020;14:45:00;138;com vítima;902;BR-116/BA;Sul;Saida de Pista;;;1;;;;;;;;0;1;;;
11/01/2020;15:05:00;145;sem vítima;560,05;BR-324/BA;Oeste;Saida de Pista;1;;;;;;;;;;3;;;;
11/01/2020;19:28:00;219;com vítima;816;BR-116/BA;Sul;Queda de Moto;;;;1;;;;;;;0;1;;;
11/01/2020;20:44:00;237;com vítima;657;BR-116/BA;Sul;Colisão Frontal;1;;;;;;;;;1;3;2;2;;
11/01/2020;21:12:00;246;sem vítima;7;BA-526;Sul;Colisão Transversal;3;;;;;;;;;;7;;;;
12/01/2020;04:55:00;19;sem vítima;618,8;BR-324/BA;Leste;Saida de Pista;1;;;;;;;;;;1;;;;
12/01/2020;14:24:00;124;sem vítima;566,1;BR-324/BA;Oeste;Colisão Lateral;2;;;;;;;;;;7;;;;
12/01/2020;16:52:00;159;sem vítima;836,5;BR-116/BA;Sul;Colisão Traseira;1;;;1;;;;;;;2;;;;
12/01/2020;17:42:00;170;com vítima;10;BR-116/BA - Cont VC;Sul;Queda de Moto;;;;1;;;;;;;0;1;;;
12/01/2020;18:07:00;177;sem vítima;508,8;BR-116/BA;Norte;Colisão Traseira;1;;;;;1;;;;;3;;;;
12/01/2020;21:14:00;215;sem vítima;713;BR-116/BA;Sul;Atropelamento de Animal;1;;;;;;;;;;1;;;;
12/01/2020;22:17:00;227;com vítima;17,1;BR-116/BA - Cont VC;Sul;Colisão Transversal;;;;1;;1;;;;;1;1;1;;
12/01/2020;23:56:00;242;sem vítima;621;BR-324/BA;Leste;Saida de Pista;1;;;;;;;;;;1;;;;
13/01/2020;03:09:00;15;com vítima;621;BR-324/BA;Leste;Colisão Traseira;;;1;;;;;;;1;1;1;;;
13/01/2020;09:54:00;98;sem vítima;642,8;BR-116/BA;Norte;Colisão Traseira;1;;;;;;;;;1;4;;;;
13/01/2020;13:01:00;141;com vítima;577;BR-116/BA;Sul;Colisão Traseira;;;1;1;;;;;;;1;;1;;
13/01/2020;18:07:00;215;com vítima;819;BR-116/BA;Norte;Atropelamento - Ciclista;;1;;;;1;;;;;1;1;;;
13/01/2020;18:58:00;220;sem vítima;591;BR-324/BA;Oeste;Colisão Traseira;1;;;;;1;;;;;2;;;;
14/01/2020;07:55:00;53;com vítima;619,4;BR-324/BA;Leste;Colisão Lateral;3;;;1;;;;;;;3;1;;;
14/01/2020;07:58:00;54;sem vítima;603,8;BR-324/BA;Oeste;Queda de Moto;;;;1;;;;;;;2;;;;
14/01/2020;15:41:00;181;sem vítima;565,3;BR-324/BA;Leste;Choque Contra Objeto Fixo;1;;;;;;;;;;1;;;;
14/01/2020;16:05:00;191;sem vítima;649,5;BR-116/BA;Sul;Colisão Traseira;2;;;;;;;;;;6;;;;
14/01/2020;17:32:00;215;com vítima;575,8;BR-324/BA;Leste;Colisão Traseira;1;;;;;;;;;;0;1;1;;
14/01/2020;18:43:00;232;com vítima;603;BR-324/BA;Leste;Queda de Moto;;;;1;;;;;;;0;1;;;
14/01/2020;19:10:00;239;com vítima;817;BR-116/BA;Sul;Colisão Traseira;;;;2;;1;;;;;2;;1;;
14/01/2020;20:20:00;254;com vítima;818;BR-116/BA;Sul;Atropelamento - Ciclista;;1;1;;;;;;;;1;;1;;
15/01/2020;03:32:00;8;sem vítima;540;BR-324/BA;Leste;Colisão Traseira;;;2;;;;;;;;2;;;;
15/01/2020;10:49:00;116;sem vítima;605;BR-324/BA;Oeste;Engavetamento;2;;;;;1;;;;;4;;;;
15/01/2020;16:03:00;202;sem vítima;692,5;BR-116/BA;Norte;Colisão Traseira;2;;;;;;;;;;10;;;;
15/01/2020;19:17:00;251;sem vítima;907,05;BR-116/BA;Norte;Colisão Lateral;2;;;;;;;;;;8;;;;
16/01/2020;03:11:00;11;sem vítima;568;BR-324/BA;Leste;Colisão Traseira;;;1;;;;;;;1;4;;;;
16/01/2020;04:20:00;15;com vítima;697,9;BR-116/BA;Norte;Saida de Pista;1;;;;;;;;;;0;2;;;
16/01/2020;04:16:00;23;sem vítima;790,5;BR-116/BA;Norte;Colisão Traseira;1;;;;;1;;;;;3;;;;
16/01/2020;07:04:00;39;com vítima;0,3;BR-116/BA - ContSuFS;Norte;Queda de Moto;;;;1;;;;;;;0;1;;;
16/01/2020;07:39:00;55;com vítima;626;BR-324/BA;Leste;Engavetamento;3;;;2;;2;;;;;8;;1;;
16/01/2020;09:33:00;91;sem vítima;886,5;BR-116/BA;Sul;Saida de Pista;1;;;;;;;;;;5;;;;
16/01/2020;10:55:00;118;sem vítima;544,7;BR-116/BA;Norte;Colisão Lateral;;;1;;;1;;;;;2;;;;
16/01/2020;13:16:00;139;sem vítima;16,5;BR-116/BA - Cont VC;Norte;Colisão Lateral;1;;1;;;;;;;;2;;;;
16/01/2020;19:29:00;246;sem vítima;646,7;BR-116/BA;Norte;Tombamento;;;1;;;;;;;;1;;;;
16/01/2020;19:39:00;250;sem vítima;621,1;BR-324/BA;Oeste;Queda de Moto;;;;1;;;;;;;1;;;;
17/01/2020;03:14:00;12;sem vítima;610,5;BR-324/BA;Leste;Atropelamento de Animal;1;;;;;;;;;;1;;;;