data;horario;n_da_ocorrencia;tipo_de_ocorrencia;km;trecho;sentido;tipo_de_acidente;automovel;bicicleta;caminhao;moto;onibus;outros;tracao_animal;transporte_de_cargas_especiais;trator_maquinas;utilitarios;ilesos;levemente_feridos;moderadamente_feridos;gravemente_feridos;mortos
17/01/2020;08:52:00;85;sem vítima;764,8;BR-116/BA;Sul;Colisão Traseira;;;2;;;;;;;;2;;;;
17/01/2020;09:20:00;104;sem vítima;621;BR-324/BA;Leste;Colisão Traseira;2;;;;;;;;;;2;;;;
17/01/2020;10:55:00;125;sem vítima;572,2;BR-324/BA;Oeste;Saida de Pista;1;;;;;;;;;;5;;;;
17/01/2020;15:57:00;192;sem vítima;568;BR-324/BA;Oeste;Colisão Traseira;;;1;;;;;;;1;4;;;;
17/01/2020;18:59:00;259;sem vítima;622;BR-324/BA;Oeste;Colisão Lateral;;;;;1;;;;;1;4;;;;
17/01/2020;19:16:00;264;com vítima;517;BR-116/BA;Norte;Atropelamento de Pedestre;;;;1;;;;;;;1;;1;;
17/01/2020;22:28:00;310;sem vítima;735;BR-116/BA;Sul;Colisão Traseira;1;;1;;;;;;;;6;;;;
17/01/2020;22:37:00;312;sem vítima;3;BR-116/BA - ContSuFS;Sul;Colisão Traseira;2;;;;;;;;;;2;;;;
17/01/2020;23:44:00;318;com vítima;606;BR-116/BA;Sul;Colisão Traseira;;;2;;;;;;;;1;;1;;
18/01/2020;04:10:00;21;sem vítima;531,8;BR-324/BA;Leste;Colisão Traseira;1;;;;;1;;;;;4;;;;
18/01/2020;04:12:00;22;sem vítima;559;BR-324/BA;Leste;Saida de Pista;;;1;;;;;;;;2;;;;
18/01/2020;06:25:00;33;com vítima;559;BR-324/BA;Oeste;Saida de Pista;1;;;;;;;;;;2;3;;;
18/01/2020;07:15:00;43;sem vítima;620;BR-324/BA;Leste;Colisão Lateral;1;;1;;;;;;;;2;;;;
18/01/2020;08:43:00;58;sem vítima;608;BR-324/BA;Oeste;Saida de Pista;;;;1;;;;;;;1;;;;
18/01/2020;10:18:00;83;sem vítima;5;BR-116/BA - ContSuFS;Sul;Colisão Traseira;1;;1;;;;;;;;2;;;;
18/01/2020;14:53:00;135;sem vítima;547;BR-324/BA;Leste;Queda de Moto;;;;1;;;;;;;2;;;;
18/01/2020;19:38:00;207;sem vítima;523,6;BR-324/BA;Oeste;Saida de Pista;1;;;;;;;;;;3;;;;
18/01/2020;23:33:00;244;sem vítima;11,8;BR-116/BA - Cont VC;Norte;Colisão Traseira;2;;;;;;;;;;2;;;;
19/01/2020;01:59:00;3;sem vítima;770,4;BR-116/BA;Sul;Saida de Pista;1;;;;;;;;;;1;;;;
19/01/2020;05:10:00;11;com vítima;619;BR-324/BA;Oeste;Atropelamento de Animal;;;;1;;;;;;;1;;1;;
19/01/2020;06:01:00;19;sem vítima;813;BR-116/BA;Sul;Colisão Lateral;;;1;;;;;;;1;2;;;;
19/01/2020;14:49:00;129;sem vítima;527;BR-324/BA;Oeste;Saida de Pista;1;;;;;;;;;;3;;;;
19/01/2020;16:31:00;150;sem vítima;562;BR-324/BA;Oeste;Colisão Lateral;1;;;;;;;;;;2;;;;
19/01/2020;19:13:00;194;com vítima;447,1;BR-116/BA;Norte;Colisão Transversal;;;;1;;;;;;;0;;;1;
19/01/2020;21:47:00;219;com vítima;3;BR-116/BA - ContSuFS;Sul;Colisão Traseira;;;;1;;1;;;;;1;2;;;
19/01/2020;21:52:00;221;com vítima;0;BA-526;Sul;Choque Contra Objeto Fixo;1;;;;;;;;;;0;;2;;
20/01/2020;07:04:00;27;com vítima;430,9;BR-116/BA;Norte;Colisão Traseira;;;;1;;1;;;;;1;;1;;
20/01/2020;07:11:00;33;sem vítima;613,07;BR-324/BA;Leste;Engavetamento;;;2;;;;;;;1;5;;;;
20/01/2020;07:35:00;43;sem vítima;525;BR-324/BA;Oeste;Colisão Traseira;2;;;;;;;;;;2;;;;
20/01/2020;07:38:00;44;sem vítima;610;BR-324/BA;Oeste;Colisão Traseira;;;1;;1;;;;;;32;;;;
20/01/2020;07:47:00;47;sem vítima;613;BR-324/BA;Leste;Engavetamento;2;;;;;;;;;1;3;;;;
20/01/2020;08:09:00;60;sem vítima;608;BR-324/BA;Leste;Colisão Traseira;2;;;;;;;;;;2;;;;
20/01/2020;10:51:00;117;com vítima;527;BR-324/BA;Oeste;Colisão Traseira;1;;;1;;;;;;;5;;1;;
20/01/2020;13:49:00;179;com vítima;764;BR-116/BA;Sul;Colisão Lateral;;;1;;;1;;;;;1;1;;;
20/01/2020;14:17:00;183;sem vítima;559;BR-324/BA;Oeste;Choque Contra Objeto Fixo;1;;;;;;;;;;1;;;;
20/01/2020;14:22:00;186;com vítima;569,15;BR-324/BA;Leste;Saida de Pista;1;;;;;;;;;;0;5;;;
20/01/2020;16:06:00;218;sem vítima;624,2;BR-324/BA;Leste;Colisão Traseira;2;;;;;;;;;;2;;;;
20/01/2020;17:45:00;243;com vítima;7;BR-116/BA - Cont VC;Sul;Colisão Traseira;1;;1;;;;;;;;2;2;;;
20/01/2020;21:09:00;279;com vítima;524;BR-324/BA;Oeste;Queda de Moto;;;;1;;;;;;;1;1;;;
21/01/2020;07:12:00;35;com vítima;526;BR-324/BA;Oeste;Colisão Traseira;1;;;;;1;;;;;1;1;;;
21/01/2020;07:45:00;46;sem vítima;617,8;BR-324/BA;Leste;Engavetamento;3;;;;;;;;;;7;;;;
21/01/2020;07:54:00;50;com vítima;617;BR-324/BA;Leste;Queda de Moto;;;;1;;;;;;;0;1;;;
21/01/2020;07:58:00;52;com vítima;27;BR-116/BA - Cont VC;Norte;Atropelamento - Ciclista;1;1;;;;;;;;;4;;1;;
21/01/2020;14:51:00;173;sem vítima;679,5;BR-116/BA;Sul;Colisão Lateral;2;;;;;;;;;;2;;;;
21/01/2020;16:03:00;192;sem vítima;585;BR-324/BA;Oeste;Saida de Pista;1;;;;;;;;;;1;;;;
22/01/2020;04:54:00;15;sem vítima;548,8;BR-324/BA;Leste;Saida de Pista;;;1;;;;;;;;3;;;;
22/01/2020;09:34:00;98;sem vítima;625,8;BR-324/BA;Leste;Colisão Lateral;1;;1;;;;;;;;2;;;;
22/01/2020;10:11:00;113;sem vítima;555,1;BR-324/BA;Oeste;Colisão Lateral;1;;1;;;;;;;;4;;;;
22/01/2020;10:30:00;120;sem vítima;466,4;BR-116/BA;Norte;Colisão Traseira;1;;1;;;;;;;;3;;;;
22/01/2020;13:50:00;163;sem vítima;621,75;BR-324/BA;Oeste;Saida de Pista;1;;;;;;;;;;1;;;;
22/01/2020;15:42:00;194;com vítima;606;BR-324/BA;Oeste;Atropelamento de Pedestre;;;1;;;;;;;;1;;1;;
22/01/2020;15:56:00;198;com vítima;680;BR-116/BA;Sul;Engavetamento;;;2;;;1;;;;1;12;1;;;
22/01/2020;18:35:00;250;com vítima;589;BR-116/BA;Sul;Colisão Traseira;;;2;;;;;;;;4;;1;;
23/01/2020;06:33:00;17;sem vítima;542,85;BR-324/BA;Oeste;Saida de Pista;1;;;;;;;;;;4;;;;
23/01/2020;06:38:00;20;sem vítima;843;BR-116/BA;Norte;Colisão Lateral;;;2;;;;;;;;2;;;;
23/01/2020;10:30:00;86;com vítima;446;BR-116/BA;Sul;Colisão Traseira;;;1;;1;;;;;;42;1;;1;
23/01/2020;11:32:00;110;com vítima;618;BR-324/BA;Leste;Colisão Traseira;1;;;;;;;;;1;2;;2;;
23/01/2020;13:41:00;128;sem vítima;18;BR-116/BA - Cont VC;Norte;Colisão Lateral;2;;;;;;;;;;3;;;;
23/01/2020;16:31:00;170;sem vítima;563,5;BR-324/BA;Oeste;Saida de Pista;1;;;;;;;;;;1;;;;
23/01/2020;16:48:00;175;sem vítima;457;BR-116/BA;Sul;Colisão Traseira;2;;;;;;;;;;2;;;;
23/01/2020;20:46:00;234;sem vítima;539;BR-116/BA;Norte;Colisão Lateral;;;1;;;1;;;;;2;;;;
24/01/2020;04:20:00;13;sem vítima;571,8;BR-324/BA;Leste;Colisão Traseira;1;;;;;1;;;;;3;;;;
24/01/2020;04:38:00;14;com vítima;890;BR-116/BA;Norte;Colisão Frontal;1;;1;;;;;;;;0;3;;;4
24/01/2020;05:42:00;21;com vítima;704;BR-116/BA;Sul;Colisão Lateral;1;;2;;;;;;;;2;;;1;3
24/01/2020;12:56:00;153;sem vítima;767;BR-116/BA;Norte;Engavetamento;;;2;;1;;;;;;3;;;;
24/01/2020;13:35:00;203;sem vítima;767;BR-116/BA;Norte;Colisão Traseira;1;;;;1;;;;;;2;;;;
24/01/2020;16:53:00;217;sem vítima;612,5;BR-324/BA;Leste;Colisão Traseira;1;;;;;1;;;;;2;;;;
24/01/2020;17:49:00;232;sem vítima;564;BR-324/BA;Oeste;Colisão Lateral;2;;;;;;;;;;4;;;;
24/01/2020;17:51:00;235;sem vítima;862,5;BR-116/BA;Norte;Sequência;1;;;;;;;;;;1;;;;
24/01/2020;18:42:00;246;sem vítima;544,7;BR-116/BA;Norte;Colisão Traseira;1;;;;;1;;;;;6;;;;
24/01/2020;20:14:00;258;sem vítima;457;BR-116/BA;Sul;Saida de Pista;;;;;;;;;;1;1;;;;
24/01/2020;21:54:00;276;sem vítima;537,4;BR-324/BA;Oeste;Saida de Pista;1;;;;;;;;;;1;;;;
24/01/2020;22:40:00;282;com vítima;645,1;BR-116/BA;Sul;Atropelamento de Pedestre;;;;;1;;;;;;32;;;;1
24/01/2020;23:32:00;287;sem vítima;537;BR-324/BA;Leste;Saida de Pista;1;;;;;;;;;;1;;;;
24/01/2020;23:55:00;289;com vítima;921,3;BR-116/BA;Norte;Saida de Pista;1;;;;;;;;;;1;1;;;
25/01/2020;05:35:00;17;sem vítima;510;BR-116/BA;Norte;Saida de Pista;;;1;;;;;;;;1;;;;
25/01/2020;05:56:00;20;com vítima;621,7;BR-324/BA;Oeste;Queda de Moto;;;;1;;;;;;;1;1;;;
25/01/2020;06:06:00;22;sem vítima;912;BR-116/BA;Norte;Colisão Traseira;;;3;;;;;;;;5;;;;
25/01/2020;08:49:00;58;com vítima;761,3;BR-116/BA;Norte;Saida de Pista;1;;;;;;;;;;1;2;1;;
25/01/2020;09:43:00;69;com vítima;564;BR-324/BA;Leste;Saida de Pista;1;;;;;;;;;;1;;1;;
25/01/2020;09:54:00;71;sem vítima;792;BR-116/BA;Sul;Engavetamento;;;1;;1;1;;;;;52;;;;
26/01/2020;06:01:00;23;com vítima;615,8;BR-116/BA;Sul;Saida de Pista;;;1;;;;;;;;0;;2;;
26/01/2020;09:50:00;60;sem vítima;562,2;BR-116/BA;Sul;Saida de Pista;;;1;;;;;;;;1;;;;
26/01/2020;11:04:00;71;sem vítima;755,5;BR-116/BA;Norte;Colisão Traseira;;;1;1;;;;;;;2;;;;
26/01/2020;12:17:00;85;sem vítima;714;BR-116/BA;Norte;Tombamento;;;1;;;;;;;;1;;;;
26/01/2020;15:12:00;115;sem vítima;546,5;BR-324/BA;Oeste;Saida de Pista;;;;;;;;;;1;5;;;;
26/01/2020;15:50:00;128;sem vítima;467;BR-116/BA;Norte;Saida de Pista;1;;;;;;;;;;1;;;;
26/01/2020;16:04:00;130;com vítima;4,2;BR-116/BA - ContSuFS;Norte;Queda de Moto;;;;1;;;;;;;0;1;;;
26/01/2020;16:42:00;137;com vítima;863;BR-116/BA;Sul;Atropelamento de Pedestre;;;;;;1;;;;;1;;1;;
26/01/2020;17:44:00;155;sem vítima;530;BR-324/BA;Leste;Saida de Pista;1;;;;;;;;;;5;;;;
26/01/2020;19:06:00;179;sem vítima;593,4;BR-324/BA;Leste;Saida de Pista;1;;;;;;;;;;2;;;;
26/01/2020;19:30:00;183;sem vítima;527;BR-324/BA;Leste;Saida de Pista;;;1;;;;;;;;1;;;;
26/01/2020;20:16:00;197;sem vítima;448;BR-116/BA;Sul;Saida de Pista;1;;;;;;;;;;4;;;;
26/01/2020;21:44:00;216;sem vítima;643,9;BR-116/BA;Sul;Saida de Pista;;;1;;;;;;;;1;;;;
26/01/2020;23:03:00;222;com vítima;4;BA-528;Sul;Colisão Traseira;2;;;;;;;;;;2;1;;;
27/01/2020;09:39:00;114;sem vítima;600;BR-324/BA;Leste;Colisão Lateral;1;;1;;;;;;;;4;;;;
27/01/2020;15:38:00;222;com vítima;4;BR-116/BA - ContSuFS;Norte;Queda de Moto;;;;1;;;;;;;0;1;;;
27/01/2020;17:19:00;256;sem vítima;615;BR-324/BA;Leste;Engavetamento;3;;;;;;;;;;11;;;;
27/01/2020;19:19:00;285;com vítima;622;BR-324/BA;Oeste;Colisão Lateral;1;;;1;;;;;;;1;1;;;
27/01/2020;19:54:00;289;com vítima;753,5;BR-116/BA;Sul;Colisão Frontal;1;;1;;;;;;;;2;1;2;1;1
27/01/2020;21:02:00;306;com vítima;426,6;BR-116/BA;Sul;Queda de Moto;;;;1;;;;;;;0;1;;;
28/01/2020;00:31:00;3;com vítima;575;BR-324/BA;Oeste;Saida de Pista;1;;;;;;;;;;0;2;;;
28/01/2020;05:42:00;27;com vítima;686;BR-116/BA;Norte;Capotamento;1;;;;1;;;;;;44;;1;;
28/01/2020;07:13:00;51;com vítima;652;BR-116/BA;Sul;Choque Contra Objeto Fixo;1;;;;;;;;;;1;2;;;
28/01/2020;09:13:00;96;sem vítima;596,4;BR-116/BA;Sul;Saida de Pista;;;1;;;;;;;;1;;;;
28/01/2020;12:35:00;154;sem vítima;449;BR-116/BA;Sul;Capotamento;1;;;;;;;;;;5;;;;
28/01/2020;15:06:00;199;com vítima;528,5;BR-324/BA;Leste;Queda de Moto;;;;1;;;;;;;0;2;;;
28/01/2020;19:00:00;274;sem vítima;469,2;BR-116/BA;Sul;Colisão Lateral;;;2;;;;;;;;2;;;;
28/01/2020;19:35:00;279;com vítima;9;BR-116/BA - Cont VC;Sul;Queda de Moto;;;;1;;;;;;;0;1;;;
29/01/2020;06:48:00;38;com vítima;518;BR-324/BA;Leste;Colisão Traseira;1;;;1;;;;;;;3;1;;;
29/01/2020;07:57:00;68;sem vítima;475,6;BR-116/BA;Norte;Saida de Pista;1;;;;;;;;;;4;;;;
29/01/2020;09:57:00;107;sem vítima;526;BR-324/BA;Oeste;Colisão Traseira;1;;;;;1;;;;;5;;;;
29/01/2020;10:05:00;109;sem vítima;817;BR-116/BA;Sul;Engavetamento;;;2;;;;;;;1;3;;;;
29/01/2020;13:02:00;148;com vítima;783,3;BR-116/BA;Norte;Saida de Pista;1;;;;;;;;;;0;1;1;1;
29/01/2020;13:29:00;160;com vítima;12;BR-116/BA - Cont VC;Norte;Colisão Transversal;1;;;1;;;;;;;1;1;;;
29/01/2020;16:02:00;203;com vítima;728;BR-116/BA;Sul;Colisão Lateral;;;1;;;;;;;1;1;1;1;;
30/01/2020;08:45:00;69;sem vítima;468,8;BR-116/BA;Sul;Saida de Pista;1;;;;;;;;;;5;;;;
30/01/2020;09:27:00;79;sem vítima;618,9;BR-116/BA;Sul;Saida de Pista;;;1;;;;;;;;2;;;;
30/01/2020;18:52:00;211;com vítima;532;BR-324/BA;Oeste;Atropelamento de Pedestre;1;;;;;;;;;;1;;;;1
30/01/2020;19:28:00;218;sem vítima;777;BR-116/BA;Norte;Colisão Traseira;;;1;;;1;;;;;2;;;;
30/01/2020;20:55:00;232;sem vítima;579,4;BR-324/BA;Oeste;Capotamento;1;;;;;;;;;;1;;;;
30/01/2020;21:05:00;235;com vítima;812,8;BR-116/BA;Norte;Colisão Lateral;1;;1;;1;;;;;;4;3;;1;
30/01/2020;22:11:00;248;sem vítima;555,8;BR-324/BA;Leste;Atropelamento de Animal;1;;;;;;;;;;1;;;;
31/01/2020;10:51:00;91;sem vítima;616;BR-324/BA;Oeste;Colisão Traseira;;;1;;;;;;;1;4;;;;
31/01/2020;11:34:00;101;sem vítima;614,5;BR-324/BA;Oeste;Engavetamento;3;;;;;1;;;;;8;;;;
31/01/2020;12:34:00;112;sem vítima;551;BR-324/BA;Oeste;Colisão Traseira;1;;1;;;;;;;;2;;;;
31/01/2020;16:18:00;183;sem vítima;608;BR-324/BA;Leste;Engavetamento;2;;;;;;;;;1;6;;;;
31/01/2020;17:11:00;197;sem vítima;613,01;BR-324/BA;Leste;Engavetamento;2;;;;;;;;;;3;;;;
31/01/2020;19:37:00;228;sem vítima;625,9;BR-324/BA;Oeste;Engavetamento;2;;;;;;;;;;3;;;;
31/01/2020;23:19:00;268;sem vítima;0;BA-526;Norte;Colisão Frontal;2;;;;;;;;;;2;;;;
01/02/2020;06:27:00;33;sem vítima;537;BR-324/BA;Oeste;Colisão Traseira;;;1;;;1;;;;;2;;;;
01/02/2020;09:33:00;75;sem vítima;559,9;BR-324/BA;Leste;Saida de Pista;1;;;;;;;;;;1;;;;
01/02/2020;11:13:00;94;sem vítima;873;BR-116/BA;Sul;Colisão Traseira;;;2;;;;;;;;2;;;;
01/02/2020;18:48:00;193;com vítima;804,2;BR-116/BA;Sul;Queda de Moto;;;;1;;;;;;;0;1;;;
01/02/2020;19:31:00;213;com vítima;703;BR-116/BA;Norte;Saida de Pista;;;1;;;;;;;;0;1;;;
01/02/2020;21:07:00;235;sem vítima;582;BR-324/BA;Leste;Saida de Pista;1;;;;;;;;;;2;;;;
02/02/2020;03:21:00;16;sem vítima;769;BR-116/BA;Norte;Colisão Lateral;1;;1;;;;;;;;8;;;;
02/02/2020;16:23:00;168;sem vítima;534;BR-324/BA;Oeste;Saida de Pista;1;;;;;;;;;;1;;;;
02/02/2020;17:32:00;177;sem vítima;830,5;BR-116/BA;Norte;Engavetamento;;;2;;2;;;;;;62;;;;
02/02/2020;19:51:00;211;sem vítima;574,7;BR-116/BA;Norte;Colisão Traseira;;;1;;;1;;;;;2;;;;
02/02/2020;23:50:00;249;sem vítima;552;BR-324/BA;Oeste;Saida de Pista;;;;;;;;;;1;1;;;;
03/02/2020;06:38:00;26;sem vítima;580,15;BR-324/BA;Leste;Colisão Traseira;1;;;;;1;;;;;2;;;;
03/02/2020;08:10:00;69;sem vítima;610;BR-324/BA;Leste;Queda de Moto;;;;1;;;;;;;2;;;;
03/02/2020;10:33:00;111;sem vítima;614,35;BR-324/BA;Leste;Choque Contra Objeto Fixo;1;;;;;;;;;;1;;;;
03/02/2020;11:18:00;123;sem vítima;615,3;BR-324/BA;Leste;Colisão Traseira;1;;;;;;;;;1;2;;;;
03/02/2020;12:19:00;134;com vítima;459;BR-116/BA;Sul;Colisão Traseira;1;;;;;;;;;1;5;;1;;
03/02/2020;12:37:00;138;sem vítima;494;BR-116/BA;Sul;Engavetamento;2;;1;;;;;;;;5;;;;
03/02/2020;16:37:00;198;com vítima;813;BR-116/BA;Sul;Sequência;;;1;1;;;;;;1;2;;1;;1
03/02/2020;17:21:00;211;com vítima;827;BR-116/BA;Sul;Colisão Transversal;;;1;1;;;;;;;1;2;;;
03/02/2020;17:31:00;212;sem vítima;518,2;BR-324/BA;Oeste;Colisão Traseira;2;;;;;;;;;;2;;;;
03/02/2020;22:07:00;260;sem vítima;586;BR-324/BA;Leste;Colisão Traseira;2;;;;;;;;;;2;;;;
03/02/2020;23:48:00;270;sem vítima;587;BR-324/BA;Leste;Atropelamento de Animal;1;;;;;;;;;;1;;;;
04/02/2020;07:51:00;69;sem vítima;620,45;BR-324/BA;Leste;Colisão Traseira;1;;;1;;;;;;;2;;;;
04/02/2020;08:31:00;83;sem vítima;592;BR-324/BA;Oeste;Capotamento;;;;;;;;;;1;2;;;;
04/02/2020;09:31:00;110;sem vítima;603;BR-324/BA;Oeste;Sequência;;;1;;1;;;;;;18;;;;
04/02/2020;09:52:00;120;sem vítima;715,5;BR-116/BA;Sul;Saida de Pista;1;;;;;;;;;;2;;;;
04/02/2020;09:55:00;121;sem vítima;592,55;BR-324/BA;Leste;Saida de Pista;1;;;;;;;;;;1;;;;
04/02/2020;13:36:00;157;sem vítima;574;BR-324/BA;Leste;Outros;;;;;;;;;;1;2;;;;
04/02/2020;19:50:00;259;com vítima;13;BR-116/BA - Cont VC;Sul;Colisão Transversal;1;;;1;;;;;;;0;3;;;
05/02/2020;09:24:00;94;sem vítima;639;BR-116/BA;Sul;Tombamento;;;1;;;;;;;;1;;;;
05/02/2020;09:48:00;101;sem vítima;3;BR-116/BA - ContSuFS;Sul;Saida de Pista;1;;;;;;;;;;2;;;;
05/02/2020;14:37:00;172;sem vítima;475;BR-116/BA;Sul;Colisão Lateral;2;;;;;;;;;;2;;;;
05/02/2020;17:19:00;233;sem vítima;795;BR-116/BA;Norte;Engavetamento;3;;;;;1;;;;;7;;;;
05/02/2020;17:48:00;242;sem vítima;613;BR-324/BA;Leste;Colisão Lateral;1;;;;1;;;;;;2;;;;
06/02/2020;07:57:00;57;com vítima;622,9;BR-324/BA;Oeste;Colisão Lateral;1;;;1;;;;;;;1;1;;;
06/02/2020;12:17:00;115;sem vítima;834;BR-116/BA;Sul;Saida de Pista;;;;;;;;;;1;1;;;;
06/02/2020;12:42:00;120;sem vítima;595;BR-324/BA;Oeste;Saida de Pista;;;1;;;;;;;;1;;;;
06/02/2020;18:03:00;194;com vítima;830,1;BR-116/BA;Norte;Queda de Moto;;;;1;;;;;;;0;1;;;
07/02/2020;07:20:00;52;com vítima;3;BR-116/BA - ContSuFS;Sul;Colisão Traseira;;;;1;;1;;;;;1;1;;;
07/02/2020;12:33:00;143;sem vítima;599;BR-324/BA;Oeste;Colisão Traseira;2;;;;;;;;;;4;;;;
07/02/2020;13:30:00;153;sem vítima;601;BR-324/BA;Leste;Colisão Traseira;;;2;;;;;;;;2;;;;
07/02/2020;13:55:00;159;sem vítima;525,4;BR-116/BA;Sul;Colisão Traseira;;;2;;;;;;;;2;;;;
07/02/2020;15:53:00;198;com vítima;896;BR-116/BA;Sul;Saida de Pista;1;;;;;;;;;;2;2;;;
07/02/2020;16:36:00;206;com vítima;575;BR-324/BA;Leste;Saida de Pista;;;;1;;;;;;;0;1;;;
08/02/2020;04:08:00;11;com vítima;802;BR-116/BA;Sul;Saida de Pista;;;1;;;;;;;;0;;1;;
08/02/2020;09:13:00;60;sem vítima;618;BR-324/BA;Leste;Queda de Moto;;;;1;;;;;;;1;;;;
08/02/2020;11:58:00;81;sem vítima;707,8;BR-116/BA;Sul;Colisão Traseira;1;;;;;1;;;;;2;;;;
08/02/2020;12:24:00;85;sem vítima;602,9;BR-324/BA;Leste;Saida de Pista;;;;;;;;;;1;1;;;;
08/02/2020;13:41:00;101;com vítima;624;BR-324/BA;Leste;Colisão Lateral;1;;;1;;;;;;;1;1;;;
08/02/2020;13:51:00;102;sem vítima;817,8;BR-116/BA;Sul;Colisão Transversal;2;;;;;;;;;;2;;;;
08/02/2020;16:15:00;145;sem vítima;595;BR-324/BA;Oeste;Queda de Moto;;;;1;;;;;;;1;;;;
08/02/2020;17:06:00;154;sem vítima;595,8;BR-324/BA;Leste;Saida de Pista;1;;;;;;;;;;2;;;;
08/02/2020;17:15:00;158;sem vítima;572,2;BR-116/BA;Sul;Saida de Pista;;;1;;;;;;;;1;;;;
08/02/2020;22:14:00;200;sem vítima;605,1;BR-324/BA;Leste;Colisão Lateral;1;;;1;;;;;;;2;;;;
09/02/2020;06:19:00;36;com vítima;847;BR-116/BA;Norte;Saida de Pista;1;;;;;;;;;;1;3;1;;
09/02/2020;07:06:00;41;sem vítima;530;BR-324/BA;Oeste;Saida de Pista;1;;;;;;;;;;1;;;;
09/02/2020;17:07:00;138;com vítima;905;BR-116/BA;Norte;Colisão Traseira;;;;1;;;;;;1;2;2;;;
09/02/2020;20:03:00;178;com vítima;764;BR-116/BA;Sul;Colisão Frontal;;;2;;;;;;;;0;;1;;1
10/02/2020;02:34:00;13;com vítima;446;BR-116/BA;Norte;Queda de Moto;;;;1;;;;;;;0;;1;;
10/02/2020;07:32:00;68;sem vítima;607;BR-324/BA;Leste;Colisão Traseira;2;;;;;;;;;;2;;;;
10/02/2020;08:25:00;88;sem vítima;633,5;BR-116/BA;Norte;Colisão Transversal;1;;;;;;;;;1;5;;;;
10/02/2020;17:16:00;254;com vítima;619;BR-324/BA;Leste;Queda de Moto;;;;1;;;;;;;0;1;;;
10/02/2020;18:55:00;276;sem vítima;612;BR-324/BA;Leste;Engavetamento;3;;;;;;;;;;4;;;;
10/02/2020;23:00:00;301;com vítima;456;BR-116/BA;Sul;Saida de Pista;1;;;;;;;;;;2;1;1;;
11/02/2020;09:07:00;86;sem vítima;621,4;BR-324/BA;Leste;Colisão Traseira;2;;;;;;;;;;4;;;;
11/02/2020;12:13:00;131;sem vítima;604;BR-324/BA;Oeste;Colisão Traseira;1;;;1;;;;;;;2;;;;
11/02/2020;16:54:00;203;com vítima;608;BR-324/BA;Leste;Colisão Traseira;1;;;1;;;;;;;1;;2;;
12/02/2020;08:10:00;64;sem vítima;439,5;BR-116/BA;Sul;Choque Contra Objeto Fixo;1;;;;;;;;;;2;;;;
12/02/2020;09:10:00;81;com vítima;790;BR-116/BA;Norte;Colisão Lateral;1;;1;;;;;;;;1;2;;;
12/02/2020;16:26:00;183;sem vítima;670,1;BR-116/BA;Norte;Colisão Lateral;1;;1;;;;;;;;4;;;;
12/02/2020;17:08:00;191;sem vítima;615;BR-324/BA;Leste;Sequência;2;;1;;;;;;;;3;;;;
12/02/2020;21:36:00;234;sem vítima;543;BR-324/BA;Oeste;Saida de Pista;1;;;;;;;;;;2;;;;
13/02/2020;05:40:00;12;sem vítima;587,2;BR-324/BA;Leste;Saida de Pista;1;;;;;;;;;;1;;;;
13/02/2020;12:55:00;136;sem vítima;597;BR-324/BA;Leste;Colisão Lateral;2;;;;;;;;;;2;;;;
14/02/2020;05:38:00;20;com vítima;441,7;BR-116/BA;Norte;Saida de Pista;;;1;;;;;;;;0;1;;;1
14/02/2020;08:50:00;85;sem vítima;587,9;BR-324/BA;Leste;Saida de Pista;;;1;;;;;;;;3;;;;
14/02/2020;10:30:00;113;sem vítima;531,5;BR-324/BA;Leste;Engavetamento;1;;1;;;;;;;1;4;;;;
14/02/2020;12:16:00;136;sem vítima;583;BR-324/BA;Oeste;Saida de Pista;1;;;;;;;;;;1;;;;
14/02/2020;17:34:00;238;com vítima;531;BR-324/BA;Leste;Queda de Moto;;;;1;;;;;;;0;;1;;
14/02/2020;20:34:00;277;com vítima;7,9;BR-116/BA - Cont VC;Sul;Tombamento;;;1;;;;;;;;0;1;;;
14/02/2020;20:53:00;280;sem vítima;7;BA-526;Norte;Saida de Pista;;;1;;;;;;;;1;;;;
14/02/2020;21:27:00;288;sem vítima;476,75;BR-116/BA;Norte;Outros;1;;;;;;;;;;1;;;;
14/02/2020;22:57:00;309;sem vítima;12,5;BR-116/BA - Cont VC;Norte;Saida de Pista;1;;;;;;;;;;2;;;;
15/02/2020;04:24:00;13;sem vítima;586;BR-324/BA;Leste;Saida de Pista;;;;;;;;;;1;2;;;;
15/02/2020;05:54:00;16;com vítima;0;BR-116/BA - ContSuFS;Sul;Queda de Moto;;;;1;;;;;;;0;2;;;
15/02/2020;06:47:00;28;com vítima;682;BR-116/BA;Norte;Saida de Pista;;;1;;;;;;;;0;1;;;
15/02/2020;08:08:00;51;sem vítima;537;BR-324/BA;Oeste;Engavetamento;2;;;;;;;;;1;3;;;;
15/02/2020;08:20:00;55;sem vítima;538,3;BR-324/BA;Oeste;Colisão Traseira;1;;;1;;;;;;;6;;;;
15/02/2020;09:53:00;72;com vítima;815;BR-116/BA;Sul;Queda de Moto;;;;1;;;;;;;1;1;;;
15/02/2020;12:08:00;103;sem vítima;523;BR-324/BA;Leste;Saida de Pista;;;1;;;;;;;;2;;;;
15/02/2020;14:36:00;127;sem vítima;710;BR-116/BA;Norte;Colisão Traseira;;;2;;;;;;;;2;;;;
15/02/2020;15:12:00;137;com vítima;603;BR-116/BA;Norte;Colisão Lateral;1;;1;;;;;;;;2;;1;;
15/02/2020;16:35:00;159;sem vítima;614,2;BR-324/BA;Leste;Saida de Pista;;;;;;;;;;1;1;;;;