data;horario;n_da_ocorrencia;tipo_de_ocorrencia;km;trecho;sentido;tipo_de_acidente;automovel;bicicleta;caminhao;moto;onibus;outros;tracao_animal;transporte_de_cargas_especiais;trator_maquinas;utilitarios;ilesos;levemente_feridos;moderadamente_feridos;gravemente_feridos;mortos
15/02/2020;17:04:00;165;sem vítima;623,4;BR-324/BA;Leste;Queda de Moto;;;;1;;;;;;;1;;;;
15/02/2020;21:11:00;205;sem vítima;902,95;BR-116/BA;Norte;Colisão Traseira;1;;;;;1;;;;;4;;;;
15/02/2020;21:35:00;207;com vítima;11;BR-116/BA - Cont VC;Norte;Colisão Lateral;;;;2;;;;;;;1;1;;;
16/02/2020;09:02:00;42;sem vítima;433,3;BR-116/BA;Sul;Saida de Pista;;;;;1;;;;;;20;;;;
16/02/2020;11:03:00;59;sem vítima;512,2;BR-116/BA;Sul;Colisão Transversal;;;2;;;;;;;;2;;;;
16/02/2020;15:23:00;112;sem vítima;843;BR-116/BA;Norte;Colisão Traseira;;;1;;;1;;;;;2;;;;
16/02/2020;15:29:00;113;com vítima;740,2;BR-116/BA;Norte;Atropelamento de Pedestre;;;;;;1;;;;;1;;;;1
17/02/2020;01:54:00;12;com vítima;760;BR-116/BA;Sul;Queda de Moto;;;;1;;;;;;;0;;1;;
17/02/2020;02:09:00;15;sem vítima;543;BR-324/BA;Oeste;Saida de Pista;1;;;;;;;;;;1;;;;
17/02/2020;05:18:00;19;com vítima;614;BR-116/BA;Norte;Colisão Traseira;;;1;;1;;;;;;37;3;1;;
17/02/2020;05:41:00;22;sem vítima;561;BR-324/BA;Oeste;Queda de Moto;;;;1;;;;;;;1;;;;
17/02/2020;05:43:00;23;sem vítima;632;BR-116/BA;Norte;Engavetamento;;;1;;;;;;;2;3;;;;
17/02/2020;06:23:00;30;sem vítima;593,5;BR-324/BA;Oeste;Sequência;2;;;1;;;;;;;3;;;;
17/02/2020;09:29:00;90;sem vítima;607,8;BR-324/BA;Leste;Colisão Traseira;2;;;;;;;;;;2;;;;
17/02/2020;12:10:00;123;sem vítima;484;BR-116/BA;Norte;Saida de Pista;1;;;;;;;;;;1;;;;
17/02/2020;15:47:00;187;sem vítima;530,1;BR-324/BA;Oeste;Saida de Pista;1;;;;;;;;;;2;;;;
17/02/2020;17:13:00;206;sem vítima;623,4;BR-324/BA;Oeste;Colisão Traseira;2;;;;;;;;;;2;;;;
17/02/2020;17:38:00;212;com vítima;26;BR-116/BA - Cont VC;Sul;Colisão Transversal;1;;;2;;;;;;1;4;1;;;
18/02/2020;04:22:00;5;sem vítima;545,4;BR-116/BA;Sul;Colisão Lateral;;;3;;;;;;;;3;;;;
18/02/2020;05:11:00;7;com vítima;561,8;BR-324/BA;Oeste;Saida de Pista;1;;;;;;;;;;0;2;;;
18/02/2020;06:17:00;13;sem vítima;530;BR-324/BA;Leste;Choque Contra Objeto Fixo;2;;;;;;;;;;4;;;;
18/02/2020;06:55:00;22;com vítima;530;BR-324/BA;Leste;Colisão Traseira;2;;;;;;;;;;5;1;;;
18/02/2020;07:09:00;33;com vítima;621;BR-324/BA;Leste;Queda de Moto;;;;1;;;;;;;0;1;;;
18/02/2020;07:28:00;45;sem vítima;619,5;BR-324/BA;Leste;Colisão Traseira;2;;;;;;;;;;2;;;;
18/02/2020;08:04:00;54;com vítima;622;BR-324/BA;Leste;Colisão Traseira;1;;;1;;;;;;;1;1;;;
18/02/2020;12:22:00;138;com vítima;909,3;BR-116/BA;Sul;Colisão Traseira;1;;1;;;;;;;;3;1;;;
18/02/2020;20:41:00;235;com vítima;461,9;BR-116/BA;Sul;Colisão Transversal;;;;1;;;;;;1;1;2;;;
19/02/2020;04:54:00;12;sem vítima;587;BR-324/BA;Leste;Saida de Pista;1;;;;;;;;;;1;;;;
19/02/2020;09:30:00;100;sem vítima;620;BR-324/BA;Leste;Colisão Lateral;;;;1;;;;;;1;2;;;;
19/02/2020;10:39:00;117;sem vítima;512;BR-116/BA;Sul;Colisão Traseira;;;2;;;;;;;;2;;;;
19/02/2020;13:30:00;151;sem vítima;621,5;BR-324/BA;Leste;Engavetamento;2;;1;;;;;;;;3;;;;
19/02/2020;15:46:00;192;sem vítima;923,5;BR-116/BA;Norte;Saida de Pista;;;;;;;;;;1;1;;;;
19/02/2020;17:16:00;216;com vítima;644;BR-116/BA;Norte;Colisão Traseira;;;2;;;;;;;;1;1;;;
19/02/2020;18:48:00;228;sem vítima;427;BR-116/BA;Norte;Colisão Lateral;1;;1;;;;;;;;5;;;;
19/02/2020;20:37:00;245;sem vítima;446,8;BR-116/BA;Sul;Colisão Traseira;;;2;;;;;;;;2;;;;
19/02/2020;21:28:00;257;com vítima;853;BR-116/BA;Sul;Saida de Pista;1;;;;;;;;;;1;2;;;
20/02/2020;04:02:00;13;sem vítima;560;BR-324/BA;Leste;Tombamento;;;1;;;1;;;;;2;;;;
20/02/2020;07:44:00;62;sem vítima;564;BR-324/BA;Leste;Choque Contra Objeto Fixo;1;;;;;;;;;;1;;;;
20/02/2020;07:51:00;63;sem vítima;615;BR-324/BA;Leste;Choque Contra Objeto Fixo;;;1;;;;;;;;2;;;;
20/02/2020;08:34:00;75;com vítima;618;BR-324/BA;Leste;Colisão Transversal;1;;;;1;;;;;;35;1;;;
20/02/2020;10:20:00;106;sem vítima;549,7;BR-116/BA;Sul;Saida de Pista;;;1;;;;;;;;1;;;;
20/02/2020;18:37:00;272;sem vítima;765;BR-116/BA;Norte;Colisão Lateral;;;2;;;;;;;;2;;;;
20/02/2020;18:56:00;276;sem vítima;613,4;BR-324/BA;Leste;Engavetamento;1;;;;;3;;;;;7;;;;
20/02/2020;23:16:00;322;com vítima;636;BR-116/BA;Norte;Atropelamento de Pedestre;;;;;;1;;;;;1;;1;;
20/02/2020;23:35:00;325;sem vítima;558;BR-324/BA;Oeste;Colisão Traseira;;;;;;1;;;;1;2;;;;
21/02/2020;05:44:00;16;com vítima;626;BR-324/BA;Oeste;Atropelamento de Pedestre;1;;;;;;;;;;3;;;1;
21/02/2020;08:26:00;67;com vítima;827;BR-116/BA;Sul;Choque Contra Objeto Fixo;;;;1;;;;;;;0;2;;;
21/02/2020;09:19:00;85;com vítima;817;BR-116/BA;Sul;Queda de Moto;;;;1;;;;;;;0;1;;;
21/02/2020;09:58:00;98;sem vítima;582,3;BR-324/BA;Oeste;Engavetamento;3;;;;;;;;;1;14;;;;
21/02/2020;10:01:00;99;sem vítima;610,98;BR-324/BA;Oeste;Colisão Lateral;1;;;;;1;;;;;2;;;;
21/02/2020;15:55:00;212;sem vítima;615;BR-324/BA;Leste;Capotamento;1;;;;;;;;;;1;;;;
21/02/2020;17:05:00;279;sem vítima;560;BR-324/BA;Oeste;Saida de Pista;1;;;;;;;;;;2;;;;
22/02/2020;01:19:00;8;com vítima;24;BR-116/BA - Cont VC;Sul;Colisão Frontal;1;;1;;;;;;;;1;1;;;
22/02/2020;04:49:00;25;sem vítima;530;BR-324/BA;Oeste;Saida de Pista;1;;;;;;;;;;1;;;;
22/02/2020;06:18:00;31;sem vítima;530,1;BR-324/BA;Oeste;Colisão Traseira;;;1;;;1;;;;;2;;;;
22/02/2020;07:00:00;44;sem vítima;534;BR-324/BA;Oeste;Colisão Traseira;;;;;;;;;;2;2;;;;
22/02/2020;07:02:00;48;sem vítima;552;BR-324/BA;Oeste;Engavetamento;3;;;;;;;;;;11;;;;
22/02/2020;07:56:00;72;sem vítima;567;BR-324/BA;Oeste;Colisão Lateral;2;;;;;;;;;;2;;;;
22/02/2020;08:30:00;77;sem vítima;571;BR-324/BA;Oeste;Colisão Traseira;1;;;;;;;;;1;5;;;;
22/02/2020;08:51:00;85;sem vítima;554;BR-324/BA;Oeste;Colisão Traseira;1;;;;;;;;;1;6;;;;
22/02/2020;11:38:00;124;sem vítima;567,5;BR-324/BA;Oeste;Colisão Traseira;;;;;;1;;;;1;2;;;;
22/02/2020;13:45:00;146;sem vítima;584,8;BR-324/BA;Leste;Saida de Pista;;;1;;;;;;;;1;;;;
22/02/2020;14:31:00;158;sem vítima;590,5;BR-324/BA;Oeste;Saida de Pista;1;;;;;;;;;;3;;;;
22/02/2020;15:05:00;176;com vítima;16;BR-116/BA - Cont VC;Sul;Colisão Transversal;;;;1;;1;;;;;1;1;1;;
22/02/2020;15:18:00;178;com vítima;563,4;BR-116/BA;Sul;Colisão Frontal;;;2;;;;;;;;1;2;;;1
22/02/2020;16:51:00;203;sem vítima;913,5;BR-116/BA;Sul;Saida de Pista;;;;;;;;;;1;1;;;;
22/02/2020;17:38:00;215;sem vítima;871;BR-116/BA;Sul;Engavetamento;;;2;;;1;;;;;3;;;;
22/02/2020;23:17:00;268;sem vítima;616;BR-324/BA;Oeste;Saida de Pista;1;;;;;;;;;;1;;;;
23/02/2020;00:13:00;5;sem vítima;16,2;BR-116/BA - Cont VC;Norte;Atropelamento de Animal;;;1;;;;;;;;1;;;;
23/02/2020;07:14:00;53;com vítima;610,8;BR-324/BA;Oeste;Queda de Moto;;;;1;;;;;;;0;;2;;
23/02/2020;10:27:00;82;sem vítima;931,8;BR-116/BA;Sul;Colisão Traseira;;;2;;;;;;;;2;;;;
23/02/2020;19:17:00;198;com vítima;527;BR-116/BA;Norte;Saida de Pista;1;;;;;1;;;;;1;;;1;
23/02/2020;20:50:00;210;com vítima;460,9;BR-116/BA;Sul;Queda de Moto;;;;1;;;;;;;0;1;;;
24/02/2020;06:41:00;35;sem vítima;561,5;BR-324/BA;Leste;Saida de Pista;1;;;;;1;;;;;3;;;;
24/02/2020;11:59:00;80;com vítima;696;BR-116/BA;Norte;Sequência;1;;1;;;;;;;;3;1;;;
24/02/2020;12:46:00;87;sem vítima;715,1;BR-116/BA;Sul;Outros;1;;;;;;;;;;1;;;;
24/02/2020;22:21:00;192;com vítima;915;BR-116/BA;Norte;Saida de Pista;1;;;;;;;;;;1;2;1;;
25/02/2020;01:40:00;10;sem vítima;883;BR-116/BA;Sul;Saida de Pista;1;;;;;;;;;;2;;;;
25/02/2020;03:55:00;13;com vítima;624;BR-324/BA;Oeste;Capotamento;1;;;;;;;;;;0;;1;;
25/02/2020;05:31:00;16;com vítima;614,15;BR-116/BA;Sul;Saida de Pista;1;;;;;1;;;;;5;3;1;;
25/02/2020;07:59:00;41;com vítima;849;BR-116/BA;Norte;Tombamento;;;1;;;;;;;;0;1;;;
25/02/2020;09:43:00;59;sem vítima;596,3;BR-324/BA;Leste;Queda de Moto;;;;1;;;;;;;2;;;;
25/02/2020;13:19:00;96;com vítima;448;BR-116/BA;Norte;Saida de Pista;;;1;;;;;;;;0;;1;;
25/02/2020;13:58:00;101;sem vítima;769,8;BR-116/BA;Norte;Tombamento;;;1;;;;;;;;1;;;;
25/02/2020;15:04:00;116;com vítima;23,8;BR-116/BA - Cont VC;Sul;Colisão Lateral;1;;;1;;;;;;;1;2;;;
25/02/2020;17:47:00;150;com vítima;518;BR-324/BA;Oeste;Queda de Moto;;;;1;;;;;;;0;2;;;
25/02/2020;18:48:00;167;com vítima;505;BR-116/BA;Norte;Colisão Lateral;;;;1;;1;;;;;1;;;1;1
25/02/2020;20:18:00;185;sem vítima;495;BR-116/BA;Norte;Colisão Traseira;1;;1;;;;;;;;3;;;;
26/02/2020;08:16:00;42;com vítima;581;BR-116/BA;Norte;Saida de Pista;1;;;;;;;;;;4;2;;;
26/02/2020;10:57:00;84;com vítima;816;BR-116/BA;Sul;Atropelamento de Pedestre;;;;;;;;;;1;1;;1;;
26/02/2020;12:19:00;116;com vítima;0;BR-116/BA - ContSuFS;Norte;Atropelamento - Ciclista;1;1;;;;;;;;;1;1;;;
26/02/2020;13:40:00;133;sem vítima;555;BR-324/BA;Oeste;Colisão Traseira;1;;1;;;;;;;;2;;;;
26/02/2020;13:55:00;136;sem vítima;569,3;BR-116/BA;Sul;Saida de Pista;;;1;;;;;;;;1;;;;
26/02/2020;19:48:00;206;sem vítima;506,2;BR-116/BA;Sul;Saida de Pista;;;;;;;;;;1;2;;;;
27/02/2020;08:38:00;76;sem vítima;620,5;BR-324/BA;Leste;Tombamento;;;1;;;;;;;;3;;;;
27/02/2020;08:42:00;78;sem vítima;610;BR-324/BA;Oeste;Engavetamento;3;;;;;;;;;;3;;;;
27/02/2020;09:03:00;83;sem vítima;620;BR-324/BA;Leste;Colisão Traseira;;;;1;;1;;;;;2;;;;
27/02/2020;09:16:00;91;sem vítima;609;BR-324/BA;Oeste;Queda de Moto;;;;1;;;;;;;2;;;;
27/02/2020;12:40:00;139;sem vítima;549;BR-324/BA;Leste;Saida de Pista;;;;;;;;;;1;1;;;;
27/02/2020;15:26:00;175;sem vítima;563,6;BR-324/BA;Leste;Colisão Traseira;;;1;;;;;;;1;2;;;;
27/02/2020;18:45:00;230;sem vítima;547;BR-324/BA;Oeste;Colisão Lateral;1;;;;;1;;;;;3;;;;
27/02/2020;20:15:00;244;sem vítima;556;BR-324/BA;Leste;Saida de Pista;1;;;;;;;;;;1;;;;
28/02/2020;12:17:00;130;sem vítima;834,2;BR-116/BA;Norte;Colisão Traseira;;;2;;;;;;;;2;;;;
28/02/2020;18:41:00;227;sem vítima;625,95;BR-324/BA;Oeste;Colisão Traseira;2;;;;;;;;;;3;;;;
29/02/2020;07:37:00;53;com vítima;691;BR-116/BA;Norte;Tombamento;;;1;;;;;;;;0;1;;;
29/02/2020;09:12:00;81;com vítima;652,5;BR-116/BA;Sul;Colisão Transversal;1;;;;;;;;;1;3;2;;;
29/02/2020;09:19:00;84;com vítima;621;BR-324/BA;Leste;Saida de Pista;;;1;;;;;;;;0;1;;;
29/02/2020;09:42:00;90;sem vítima;571,3;BR-324/BA;Oeste;Saida de Pista;1;;;;;;;;;;3;;;;
29/02/2020;10:53:00;105;sem vítima;621;BR-324/BA;Leste;Colisão Traseira;2;;;;;;;;;;2;;;;
29/02/2020;11:32:00;118;sem vítima;647;BR-116/BA;Sul;Colisão Traseira;1;;1;;;;;;;;5;;;;
29/02/2020;12:05:00;124;sem vítima;639;BR-116/BA;Sul;Tombamento;;;1;;;;;;;;1;;;;
29/02/2020;12:34:00;127;sem vítima;588;BR-324/BA;Oeste;Saida de Pista;1;;;;;;;;;;1;;;;
29/02/2020;13:22:00;131;com vítima;877;BR-116/BA;Sul;Colisão Lateral;;;1;;;;;;;1;2;1;;;
29/02/2020;14:45:00;159;sem vítima;598,86;BR-324/BA;Leste;Colisão Traseira;2;;;;;;;;;;6;;;;
29/02/2020;15:05:00;169;com vítima;711;BR-116/BA;Sul;Colisão Frontal;;;;1;;1;;;;;1;;;;1
29/02/2020;16:31:00;193;com vítima;565;BR-324/BA;Oeste;Saida de Pista;1;;;;;;;;;;2;1;1;;
29/02/2020;16:49:00;199;com vítima;696,3;BR-116/BA;Sul;Saida de Pista;;;1;;;;;;;;0;;;;1
29/02/2020;18:20:00;222;sem vítima;842;BR-116/BA;Norte;Saida de Pista;1;;;;;;;;;;2;;;;
29/02/2020;19:47:00;240;sem vítima;530;BR-324/BA;Oeste;Saida de Pista;1;;;;;;;;;;2;;;;
29/02/2020;22:21:00;267;com vítima;574,5;BR-116/BA;Norte;Colisão Traseira;1;;;1;;;;;;;1;1;;;
01/08/2020;00:52:00;4;ASV - Acidente SEM Vítima;757,6;BR-116/BA;Sul;Choque Contra Objeto Fixo;;;1;;;;;;;;1;;;;
01/08/2020;05:07:00;22;AV - Acidente com VITIMA;593,2;BR-324/BA;Oeste;Colisão Traseira;1;;;1;;;;;;;2;1;;;
01/08/2020;07:37:00;48;AV - Acidente com VITIMA;719;BR-116/BA;Sul;Colisão Frontal;1;;1;;;;;;;;2;;2;;
01/08/2020;07:44:00;51;ASV - Acidente SEM Vítima;544;BR-116/BA;Sul;Colisão Traseira;;;2;;;;;;;;2;;;;
01/08/2020;10:38:00;95;ASV - Acidente SEM Vítima;777;BR-116/BA;Norte;Colisão Traseira;;;2;;;;;;;;2;;;;
01/08/2020;10:49:00;101;ASV - Acidente SEM Vítima;616;BR-324/BA;Oeste;Choque Contra Objeto Fixo;1;;;;;;;;;;1;;;;
01/08/2020;11:36:00;110;ASV - Acidente SEM Vítima;533;BR-324/BA;Oeste;Saida de Pista;1;;;;;;;;;;1;;;;
01/08/2020;14:58:00;144;ASV - Acidente SEM Vítima;616,4;BR-116/BA;Sul;Colisão Traseira;;;2;;;;;;;;3;;;;
01/08/2020;19:49:00;206;ASV - Acidente SEM Vítima;694;BR-116/BA;Sul;Engavetamento;;;3;;;;;;;;3;;;;
01/08/2020;19:52:00;208;ASV - Acidente SEM Vítima;16;BR-116/BA - Cont VC;Sul;Colisão Transversal;2;;;;;;;;;;2;;;;
01/08/2020;21:15:00;221;AV - Acidente com VITIMA;15;BR-116/BA - Cont VC;Sul;Colisão Frontal;2;;;;;;;;;;1;;1;;
02/08/2020;06:23:00;19;ASV - Acidente SEM Vítima;438;BR-116/BA;Sul;Tombamento;;;1;;;;;;;;1;;;;
02/08/2020;07:30:00;27;ASV - Acidente SEM Vítima;620;BR-324/BA;Leste;Saida de Pista;1;;;;;;;;;;1;;;;
02/08/2020;08:58:00;40;ASV - Acidente SEM Vítima;603,8;BR-324/BA;Oeste;Saida de Pista;1;;;;;;;;;;1;;;;
02/08/2020;11:53:00;67;ASV - Acidente SEM Vítima;584;BR-324/BA;Leste;Saida de Pista;1;;;;;;;;;;1;;;;
02/08/2020;15:37:00;105;AV - Acidente com VITIMA;793;BR-116/BA;Norte;Colisão Traseira;;;;1;;;;;;1;3;1;;;
02/08/2020;20:23:00;169;AV - Acidente com VITIMA;599;BR-324/BA;Oeste;Colisão Traseira;1;;;1;;;;;;;1;;1;;
02/08/2020;20:32:00;171;AV - Acidente com VITIMA;809,3;BR-116/BA;Sul;Atropelamento de Animal;1;;;;;;;;;;0;;;1;
02/08/2020;21:02:00;179;ASV - Acidente SEM Vítima;618;BR-324/BA;Leste;Queda de Moto;;;;1;;;;;;;1;;;;
02/08/2020;22:18:00;190;ASV - Acidente SEM Vítima;589;BR-324/BA;Oeste;Colisão Traseira;1;;;;;;;;;;1;;;;
03/08/2020;03:10:00;18;ASV - Acidente SEM Vítima;610;BR-324/BA;Oeste;Choque Contra Objeto Fixo;1;;;;;;;;;;1;;;;
03/08/2020;06:38:00;43;ASV - Acidente SEM Vítima;614,9;BR-324/BA;Leste;Colisão Traseira;2;;;;;;;;;;2;;;;
03/08/2020;07:03:00;53;AV - Acidente com VITIMA;754;BR-116/BA;Sul;Colisão Transversal;2;;;1;;;;;;;2;1;1;;
03/08/2020;07:43:00;63;ASV - Acidente SEM Vítima;525;BR-324/BA;Oeste;Engavetamento;2;;;;;1;;;;1;4;;;;
03/08/2020;09:00:00;90;ASV - Acidente SEM Vítima;859;BR-116/BA;Sul;Colisão Transversal;1;;;;;;;;;1;2;;;;
03/08/2020;11:19:00;127;AV - Acidente com VITIMA;617,8;BR-116/BA;Sul;Sequência;;;2;;;;;;;1;5;;1;;
03/08/2020;11:55:00;138;AV - Acidente com VITIMA;531;BR-324/BA;Oeste;Outros;;;1;;;;;;;;0;;1;;
03/08/2020;16:18:00;188;ASV - Acidente SEM Vítima;525;BR-324/BA;Oeste;Colisão Lateral;;;2;;;;;;;;2;;;;
03/08/2020;16:39:00;193;AV - Acidente com VITIMA;25;BR-116/BA - Cont VC;Norte;Queda de Moto;;;;1;;;;;;;1;1;;;
03/08/2020;16:41:00;194;ASV - Acidente SEM Vítima;2;BR-116/BA - Cont VC;Sul;Saida de Pista;1;;;;;;;;;;1;;;;
03/08/2020;17:57:00;222;ASV - Acidente SEM Vítima;549;BR-324/BA;Oeste;Sequência;1;;;;;;;;;;3;;;;
03/08/2020;18:30:00;231;ASV - Acidente SEM Vítima;565;BR-324/BA;Oeste;Saida de Pista;1;;;;;;;;;;1;;;;
03/08/2020;18:39:00;233;ASV - Acidente SEM Vítima;596;BR-324/BA;Leste;Saida de Pista;1;;;;;;;;;;1;;;;
03/08/2020;20:43:00;256;ASV - Acidente SEM Vítima;622,1;BR-324/BA;Oeste;Colisão Lateral;2;;;;;;;;;;3;;;;
03/08/2020;23:36:00;279;ASV - Acidente SEM Vítima;547,3;BR-324/BA;Oeste;Colisão Traseira;;;;;;;;;;1;1;;;;
04/08/2020;07:58:00;53;ASV - Acidente SEM Vítima;614,2;BR-324/BA;Leste;Engavetamento;3;;;;;;;;;1;4;;;;
04/08/2020;08:51:00;72;ASV - Acidente SEM Vítima;610,8;BR-324/BA;Leste;Colisão Traseira;1;;;;;1;;;;;3;;;;
04/08/2020;09:35:00;90;ASV - Acidente SEM Vítima;614;BR-324/BA;Leste;Engavetamento;1;;2;;;;;;;;3;;;;
04/08/2020;09:45:00;95;ASV - Acidente SEM Vítima;441;BR-116/BA;Sul;Saida de Pista;1;;;;;;;;;;2;;;;
04/08/2020;09:50:00;100;ASV - Acidente SEM Vítima;582;BR-324/BA;Oeste;Saida de Pista;;;1;;;;;;;;1;;;;
04/08/2020;11:54:00;109;ASV - Acidente SEM Vítima;599;BR-324/BA;Oeste;Colisão Traseira;;;1;;;;;;;1;2;;;;
04/08/2020;10:51:00;117;AV - Acidente com VITIMA;735;BR-116/BA;Norte;Colisão Traseira;1;;1;;;;;;;;2;1;;;
04/08/2020;12:08:00;122;ASV - Acidente SEM Vítima;622,35;BR-324/BA;Oeste;Colisão Traseira;;;1;;;;;;;1;7;;;;
04/08/2020;12:34:00;129;ASV - Acidente SEM Vítima;622,3;BR-324/BA;Oeste;Colisão Traseira;2;;;;;;;;;;2;;;;
04/08/2020;13:09:00;135;ASV - Acidente SEM Vítima;608;BR-324/BA;Leste;Colisão Traseira;1;;;;;;;;;1;2;;;;
04/08/2020;13:18:00;138;ASV - Acidente SEM Vítima;622,4;BR-324/BA;Oeste;Engavetamento;2;;;;;1;;;;;3;;;;
04/08/2020;13:39:00;143;AV - Acidente com VITIMA;493;BR-116/BA;Sul;Colisão Traseira;1;;1;;;;;;;;2;;2;;
04/08/2020;17:09:00;192;ASV - Acidente SEM Vítima;531;BR-324/BA;Leste;Engavetamento;2;;;;;;;;;1;3;;;;
04/08/2020;18:42:00;210;AV - Acidente com VITIMA;584;BR-324/BA;Oeste;Colisão Traseira;1;;;1;;;;;;;1;;1;;
04/08/2020;23:01:00;245;ASV - Acidente SEM Vítima;434;BR-116/BA;Sul;Tombamento;;;1;;;;;;;;1;;;;
05/08/2020;07:40:00;55;ASV - Acidente SEM Vítima;439;BR-116/BA;Norte;Saida de Pista;1;;;;;;;;;;2;;;;
05/08/2020;07:48:00;57;ASV - Acidente SEM Vítima;574;BR-324/BA;Oeste;Colisão Traseira;1;;;;;1;;;;;2;;;;
05/08/2020;10:28:00;118;AV - Acidente com VITIMA;546;BR-324/BA;Oeste;Capotamento;;;;;;;;;;1;0;;1;;
05/08/2020;15:13:00;171;AV - Acidente com VITIMA;709;BR-116/BA;Norte;Colisão Transversal;;;;1;;1;;;;;1;;1;;
05/08/2020;16:15:00;188;AV - Acidente com VITIMA;764;BR-116/BA;Sul;Colisão Transversal;;;1;1;;;;;;;2;;;1;
05/08/2020;17:03:00;196;AV - Acidente com VITIMA;514;BR-116/BA;Norte;Colisão Lateral;1;;1;;;;;;;;1;1;;;
05/08/2020;20:41:00;245;AV - Acidente com VITIMA;616;BR-324/BA;Oeste;Sequência;1;;1;;;;;;;;1;2;;;
06/08/2020;02:07:00;19;ASV - Acidente SEM Vítima;427,2;BR-116/BA;Norte;Tombamento;;;1;;;;;;;;1;;;;
06/08/2020;07:56:00;68;ASV - Acidente SEM Vítima;570;BR-324/BA;Leste;Colisão Traseira;;;2;;;;;;;;2;;;;
06/08/2020;08:37:00;87;ASV - Acidente SEM Vítima;623;BR-324/BA;Oeste;Colisão Lateral;2;;;;;;;;;;2;;;;
06/08/2020;08:49:00;90;ASV - Acidente SEM Vítima;624;BR-324/BA;Oeste;Saida de Pista;;;;;;;;;;1;1;;;;
06/08/2020;09:56:00;113;ASV - Acidente SEM Vítima;614,4;BR-116/BA;Sul;Saida de Pista;;;1;;;;;;;;1;;;;
06/08/2020;12:24:00;141;ASV - Acidente SEM Vítima;17,5;BR-116/BA - Cont VC;Sul;Colisão Transversal;;;;2;;;;;;;2;;;;
06/08/2020;13:41:00;169;ASV - Acidente SEM Vítima;560;BR-324/BA;Leste;Saida de Pista;;;1;;;;;;;;1;;;;
06/08/2020;17:54:00;244;ASV - Acidente SEM Vítima;12,6;BR-116/BA - Cont VC;Norte;Queda de Moto;;;;1;;;;;;;2;;;;
06/08/2020;17:54:00;245;AV - Acidente com VITIMA;649;BR-116/BA;Norte;Colisão Frontal;;;2;;;;;;;1;1;;2;;
06/08/2020;18:48:00;263;AV - Acidente com VITIMA;618;BR-324/BA;Oeste;Sequência;2;;;1;;;;;;;8;1;;;
06/08/2020;19:50:00;281;ASV - Acidente SEM Vítima;559;BR-324/BA;Oeste;Colisão Traseira;;;;;;;;;;2;6;;;;
07/08/2020;06:27:00;33;ASV - Acidente SEM Vítima;859,85;BR-116/BA;Sul;Saida de Pista;1;;;;;;;;;;1;;;;
07/08/2020;07:58:00;70;ASV - Acidente SEM Vítima;547;BR-324/BA;Oeste;Colisão Traseira;1;;;;;1;;;;;2;;;;
07/08/2020;08:48:00;94;ASV - Acidente SEM Vítima;548;BR-324/BA;Oeste;Saida de Pista;1;;;;;;;;;;1;;;;
07/08/2020;10:31:00;129;ASV - Acidente SEM Vítima;590;BR-324/BA;Oeste;Colisão Lateral;1;;1;;;;;;;;2;;;;
07/08/2020;10:43:00;134;ASV - Acidente SEM Vítima;548,1;BR-324/BA;Oeste;Saida de Pista;1;;;;;;;;;;1;;;;
07/08/2020;10:45:00;135;AV - Acidente com VITIMA;11;BR-116/BA - Cont VC;Norte;Atropelamento - Ciclista;;1;;;;1;;;;;1;1;;;
07/08/2020;11:36:00;155;ASV - Acidente SEM Vítima;563,299;BR-324/BA;Leste;Saida de Pista;1;;;;;;;;;;1;;;;
07/08/2020;13:52:00;182;ASV - Acidente SEM Vítima;569;BR-324/BA;Oeste;Saida de Pista;;;1;;;;;;;;1;;;;
07/08/2020;14:41:00;208;ASV - Acidente SEM Vítima;527,6;BR-324/BA;Oeste;Engavetamento;2;;3;;;;;;;;11;;;;
07/08/2020;14:44:00;209;ASV - Acidente SEM Vítima;549;BR-324/BA;Leste;Colisão Lateral;1;;;;;1;;;;;4;;;;
07/08/2020;17:32:00;254;ASV - Acidente SEM Vítima;613;BR-324/BA;Leste;Colisão Lateral;1;;;;;1;;;;;2;;;;
07/08/2020;17:49:00;258;ASV - Acidente SEM Vítima;703;BR-116/BA;Norte;Saida de Pista;1;;;;;;;;;;1;;;;
07/08/2020;18:28:00;273;ASV - Acidente SEM Vítima;566;BR-116/BA;Norte;Colisão Traseira;;;2;;;;;;;;2;;;;
07/08/2020;19:03:00;285;ASV - Acidente SEM Vítima;580;BR-324/BA;Oeste;Saida de Pista;1;;;;;;;;;;1;;;;
07/08/2020;19:08:00;288;ASV - Acidente SEM Vítima;618;BR-324/BA;Leste;Saida de Pista;1;;;;;;;;;;1;;;;
07/08/2020;19:16:00;289;ASV - Acidente SEM Vítima;470;BR-116/BA;Norte;Sequência;1;;1;;;;;;;;3;;;;
07/08/2020;21:02:00;309;ASV - Acidente SEM Vítima;624;BR-324/BA;Leste;Engavetamento;3;;;;;;;;;;3;;;;
07/08/2020;22:51:00;323;AV - Acidente com VITIMA;671;BR-116/BA;Norte;Atropelamento de Pedestre;;;;;;1;;;;;1;1;;;
07/08/2020;23:13:00;328;ASV - Acidente SEM Vítima;582,08;BR-324/BA;Leste;Saida de Pista;1;;;;;;;;;;1;;;;
08/08/2020;10:42:00;89;AV - Acidente com VITIMA;623;BR-324/BA;Oeste;Queda de Moto;;;;1;;;;;;;0;1;;;
08/08/2020;15:33:00;156;ASV - Acidente SEM Vítima;616;BR-324/BA;Leste;Engavetamento;3;;;;;;;;;;5;;;;