data;horario;n_da_ocorrencia;tipo_de_ocorrencia;km;trecho;sentido;tipo_de_acidente;automovel;bicicleta;caminhao;moto;onibus;outros;tracao_animal;transporte_de_cargas_especiais;trator_maquinas;utilitarios;ilesos;levemente_feridos;moderadamente_feridos;gravemente_feridos;mortos
08/08/2020;16:04:00;171;AF - Acidente com Vitima Fatal;819;BR-116/BA;Norte;Saida de Pista;;;;1;;;;;;;0;;;;1
08/08/2020;17:09:00;191;AV - Acidente com VITIMA;8,9;BR-116/BA - Cont VC;Sul;Atropelamento de Pedestre;;;1;;;;;;;;1;;;1;
08/08/2020;18:35:00;218;ASV - Acidente SEM Vítima;865,3;BR-116/BA;Sul;Engavetamento;;;3;;;;;;;;3;;;;
08/08/2020;18:54:00;221;ASV - Acidente SEM Vítima;29;BR-116/BA - Cont VC;Sul;Saida de Pista;1;;;;;;;;;;1;;;;
08/08/2020;23:36:00;269;ASV - Acidente SEM Vítima;533;BR-324/BA;Oeste;Saida de Pista;1;;;;;;;;;;1;;;;
08/08/2020;23:46:00;271;ASV - Acidente SEM Vítima;580;BR-324/BA;Oeste;Capotamento;1;;;;;;;;;;1;;;;
09/08/2020;05:07:00;24;ASV - Acidente SEM Vítima;618,8;BR-324/BA;Oeste;Colisão Traseira;2;;;;;;;;;;2;;;;
09/08/2020;07:58:00;53;ASV - Acidente SEM Vítima;707;BR-116/BA;Sul;Saida de Pista;1;;;;;;;;;;1;;;;
09/08/2020;10:49:00;89;ASV - Acidente SEM Vítima;583,8;BR-324/BA;Oeste;Saida de Pista;1;;;;;;;;;;2;;;;
09/08/2020;11:02:00;92;ASV - Acidente SEM Vítima;579,5;BR-324/BA;Oeste;Saida de Pista;1;;;;;;;;;;1;;;;
09/08/2020;16:37:00;167;ASV - Acidente SEM Vítima;640,5;BR-116/BA;Norte;Saida de Pista;;;1;;;;;;;;1;;;;
09/08/2020;17:05:00;176;ASV - Acidente SEM Vítima;26,5;BR-116/BA - Cont VC;Norte;Engavetamento;2;;1;;;;;;;;3;;;;
09/08/2020;17:39:00;189;ASV - Acidente SEM Vítima;546;BR-116/BA;Sul;Saida de Pista;;;1;;;;;;;;2;;;;
09/08/2020;18:14:00;195;ASV - Acidente SEM Vítima;656;BR-116/BA;Norte;Colisão Lateral;2;;;;;;;;;;2;;;;
09/08/2020;18:58:00;210;ASV - Acidente SEM Vítima;535;BR-116/BA;Norte;Saida de Pista;;;1;;;;;;;;1;;;;
09/08/2020;19:11:00;212;AV - Acidente com VITIMA;8;BR-116/BA - Cont VC;Norte;Atropelamento - Ciclista;;1;;1;;;;;;;1;1;;;
09/08/2020;19:15:00;213;AV - Acidente com VITIMA;552,5;BR-324/BA;Oeste;Saida de Pista;1;;;;;;;;;;0;1;;;
09/08/2020;19:25:00;215;ASV - Acidente SEM Vítima;26,7;BR-116/BA - Cont VC;Norte;Colisão Lateral;1;;1;;;;;;;;2;;;;
09/08/2020;22:12:00;262;AV - Acidente com VITIMA;451;BR-116/BA;Norte;Atropelamento de Pedestre;;;;;;1;;;;;1;;1;;
10/08/2020;01:34:00;11;ASV - Acidente SEM Vítima;702,8;BR-116/BA;Sul;Saida de Pista;1;;;;;;;;;;1;;;;
10/08/2020;06:49:00;45;ASV - Acidente SEM Vítima;610;BR-324/BA;Leste;Saida de Pista;1;;;;;;;;;;1;;;;
10/08/2020;08:01:00;68;ASV - Acidente SEM Vítima;613;BR-324/BA;Leste;Colisão Traseira;1;;;;;;;;;1;2;;;;
10/08/2020;15:02:00;152;ASV - Acidente SEM Vítima;517;BR-116/BA;Norte;Saida de Pista;1;;;;;;;;;;1;;;;
10/08/2020;15:19:00;167;ASV - Acidente SEM Vítima;620;BR-324/BA;Oeste;Queda de Moto;1;;;1;;;;;;;2;;;;
10/08/2020;15:45:00;170;ASV - Acidente SEM Vítima;537;BR-324/BA;Leste;Colisão Lateral;1;;1;;;;;;;;2;;;;
10/08/2020;16:39:00;194;ASV - Acidente SEM Vítima;583;BR-324/BA;Leste;Saida de Pista;1;;;;;;;;;;1;;;;
10/08/2020;18:27:00;226;AV - Acidente com VITIMA;5;BR-116/BA - ContSuFS;Sul;Queda de Moto;;;;1;;;;;;;0;;1;;
10/08/2020;22:57:00;266;ASV - Acidente SEM Vítima;592;BR-324/BA;Leste;Colisão Traseira;1;;;1;;;;;;;2;;;;
11/08/2020;06:05:00;24;ASV - Acidente SEM Vítima;560;BR-324/BA;Oeste;Tombamento;;;1;;;;;;;;1;;;;
11/08/2020;07:41:00;58;ASV - Acidente SEM Vítima;615;BR-324/BA;Leste;Colisão Traseira;1;;1;;;;;;;;2;;;;
11/08/2020;08:54:00;76;AV - Acidente com VITIMA;614;BR-324/BA;Leste;Engavetamento;2;;;;;1;;;;;3;;1;;
11/08/2020;09:58:00;92;ASV - Acidente SEM Vítima;544,8;BR-324/BA;Oeste;Saida de Pista;1;;;;;;;;;;1;;;;
11/08/2020;10:02:00;95;ASV - Acidente SEM Vítima;534;BR-324/BA;Oeste;Engavetamento;2;;;;;;;;;1;3;;;;
11/08/2020;10:30:00;105;ASV - Acidente SEM Vítima;533;BR-324/BA;Oeste;Engavetamento;1;;;;;1;;;;1;3;;;;
11/08/2020;12:45:00;121;ASV - Acidente SEM Vítima;559,3;BR-324/BA;Oeste;Saida de Pista;1;;;;;;;;;;1;;;;
11/08/2020;13:49:00;134;ASV - Acidente SEM Vítima;568;BR-324/BA;Oeste;Saida de Pista;;;1;;;;;;;;1;;;;
11/08/2020;14:50:00;147;AV - Acidente com VITIMA;607;BR-324/BA;Leste;Colisão Traseira;;;1;1;;;;;;;1;1;;;
11/08/2020;15:22:00;156;ASV - Acidente SEM Vítima;589;BR-324/BA;Leste;Colisão Lateral;;;;;;;;;;1;14;;;;
11/08/2020;16:16:00;177;ASV - Acidente SEM Vítima;537;BR-324/BA;Oeste;Saida de Pista;1;;;;;;;;;;1;;;;
11/08/2020;16:25:00;181;ASV - Acidente SEM Vítima;527;BR-324/BA;Oeste;Engavetamento;;;3;;;;;;;;8;;;;
11/08/2020;18:45:00;223;ASV - Acidente SEM Vítima;534;BR-324/BA;Oeste;Colisão Lateral;1;;;;;;;;;;1;;;;
11/08/2020;22:30:00;264;ASV - Acidente SEM Vítima;443,2;BR-116/BA;Sul;Colisão Traseira;;;2;;;;;;;;2;;;;
12/08/2020;07:01:00;46;AV - Acidente com VITIMA;622,6;BR-324/BA;Leste;Engavetamento;2;;1;1;;;;;;;7;1;;;
12/08/2020;08:48:00;82;ASV - Acidente SEM Vítima;549,9;BR-324/BA;Oeste;Saida de Pista;1;;;;;;;;;;1;;;;
12/08/2020;09:03:00;88;ASV - Acidente SEM Vítima;609;BR-324/BA;Leste;Colisão Traseira;2;;;;;;;;;;2;;;;
12/08/2020;13:26:00;158;ASV - Acidente SEM Vítima;5;BR-116/BA - ContSuFS;Norte;Saida de Pista;;;1;;;;;;;;1;;;;
12/08/2020;14:27:00;175;AV - Acidente com VITIMA;603;BR-324/BA;Leste;Capotamento;1;;;;;;;;;;0;;;1;
12/08/2020;16:34:00;212;ASV - Acidente SEM Vítima;561;BR-324/BA;Oeste;Colisão Lateral;;;2;;;;;;;;3;;;;
12/08/2020;18:35:00;240;ASV - Acidente SEM Vítima;453;BR-116/BA;Sul;Queda de Moto;;;;1;;;;;;;1;;;;
12/08/2020;22:58:00;273;AF - Acidente com Vitima Fatal;625,5;BR-116/BA;Sul;Colisão Lateral;;;3;;;;;;;;0;1;2;;2
12/08/2020;23:06:00;275;ASV - Acidente SEM Vítima;596;BR-116/BA;Sul;Saida de Pista;;;1;;;1;;;;;2;;;;
13/08/2020;01:09:00;4;ASV - Acidente SEM Vítima;756,8;BR-116/BA;Sul;Saida de Pista;;;1;;;;;;;;1;;;;
13/08/2020;04:55:00;14;ASV - Acidente SEM Vítima;599;BR-324/BA;Leste;Colisão Traseira;;;1;;;;;;;1;2;;;;
13/08/2020;05:25:00;19;ASV - Acidente SEM Vítima;548,3;BR-116/BA;Sul;Saida de Pista;;;1;;;;;;;;1;;;;
13/08/2020;07:02:00;41;ASV - Acidente SEM Vítima;561;BR-324/BA;Oeste;Saida de Pista;;;1;;;;;;;;1;;;;
13/08/2020;07:30:00;49;ASV - Acidente SEM Vítima;854;BR-116/BA;Sul;Colisão Traseira;1;;;;;1;;;;;2;;;;
13/08/2020;07:52:00;56;ASV - Acidente SEM Vítima;621,8;BR-324/BA;Leste;Colisão Traseira;1;;;;;1;;;;;2;;;;
13/08/2020;09:54:00;104;ASV - Acidente SEM Vítima;582,95;BR-324/BA;Leste;Colisão Transversal;1;;;;;;;;;1;5;;;;
13/08/2020;11:33:00;125;ASV - Acidente SEM Vítima;565;BR-324/BA;Oeste;Saida de Pista;;;1;;;;;;;;1;;;;
13/08/2020;13:16:00;148;ASV - Acidente SEM Vítima;596;BR-116/BA;Norte;Tombamento;;;1;;;;;;;;1;;;;
13/08/2020;14:20:00;174;ASV - Acidente SEM Vítima;543,1;BR-324/BA;Leste;Colisão Lateral;1;;1;;;;;;;;2;;;;
13/08/2020;14:40:00;180;AV - Acidente com VITIMA;539,5;BR-324/BA;Oeste;Queda de Moto;;;;1;;;;;;;0;2;;;
13/08/2020;15:04:00;188;ASV - Acidente SEM Vítima;545;BR-324/BA;Leste;Colisão Lateral;;;1;;;;;;;1;2;;;;
13/08/2020;16:18:00;213;ASV - Acidente SEM Vítima;624;BR-324/BA;Oeste;Engavetamento;3;;;;;;;;;;3;;;;
13/08/2020;21:07:00;278;ASV - Acidente SEM Vítima;568;BR-324/BA;Leste;Colisão Lateral;1;;;;;1;;;;;2;;;;
13/08/2020;23:02:00;291;ASV - Acidente SEM Vítima;622,25;BR-324/BA;Leste;Colisão Traseira;2;;;;;;;;;;2;;;;
14/08/2020;03:39:00;9;ASV - Acidente SEM Vítima;433;BR-116/BA;Norte;Saida de Pista;1;;;;;;;;;;5;;;;
14/08/2020;07:18:00;49;AV - Acidente com VITIMA;819;BR-116/BA;Norte;Queda de Moto;;;;1;;;;;;;0;1;;;
14/08/2020;07:58:00;65;ASV - Acidente SEM Vítima;599;BR-324/BA;Leste;Colisão Traseira;1;;;;;;;;;1;2;;;;
14/08/2020;08:17:00;70;ASV - Acidente SEM Vítima;565;BR-324/BA;Leste;Colisão Traseira;1;;;;;;;;;1;5;;;;
14/08/2020;09:32:00;97;ASV - Acidente SEM Vítima;611;BR-324/BA;Leste;Colisão Traseira;2;;;;;;;;;;2;;;;
14/08/2020;10:20:00;118;ASV - Acidente SEM Vítima;928,8;BR-116/BA;Sul;Saida de Pista;1;;;;;;;;;;1;;;;
14/08/2020;14:22:00;178;ASV - Acidente SEM Vítima;630;BR-116/BA;Norte;Saida de Pista;1;;;;;;;;;;1;;;;
14/08/2020;16:27:00;232;ASV - Acidente SEM Vítima;437,3;BR-116/BA;Sul;Saida de Pista;1;;;;;;;;;;1;;;;
14/08/2020;17:25:00;250;AV - Acidente com VITIMA;815;BR-116/BA;Sul;Colisão Traseira;;;;1;;1;;;;;1;;;1;
15/08/2020;01:34:00;5;ASV - Acidente SEM Vítima;525,3;BR-324/BA;Leste;Saida de Pista;1;;;;;;;;;;1;;;;
15/08/2020;05:36:00;18;ASV - Acidente SEM Vítima;542;BR-324/BA;Leste;Saida de Pista;1;;;;;;;;;;1;;;;
15/08/2020;06:59:00;26;ASV - Acidente SEM Vítima;588;BR-324/BA;Oeste;Saida de Pista;1;;;;;;;;;;1;;;;
15/08/2020;13:46:00;132;AV - Acidente com VITIMA;469;BR-116/BA;Norte;Queda de Moto;;;;1;;;;;;;0;1;;;
15/08/2020;13:56:00;136;ASV - Acidente SEM Vítima;569;BR-324/BA;Oeste;Saida de Pista;;;1;;;;;;;;1;;;;
15/08/2020;15:28:00;177;ASV - Acidente SEM Vítima;711,2;BR-116/BA;Norte;Colisão Traseira;;;2;;;;;;;;2;;;;
15/08/2020;17:22:00;218;AV - Acidente com VITIMA;862;BR-116/BA;Norte;Colisão Lateral;;;1;;;;;;;;0;;1;;
15/08/2020;20:17:00;272;ASV - Acidente SEM Vítima;533;BR-324/BA;Oeste;Saida de Pista;1;;;;;;;;;;1;;;;
16/08/2020;00:20:00;2;ASV - Acidente SEM Vítima;833,8;BR-116/BA;Norte;Saida de Pista;1;;;;;;;;;;1;;;;
16/08/2020;00:20:00;3;ASV - Acidente SEM Vítima;524;BR-324/BA;Leste;Saida de Pista;1;;;;;;;;;;1;;;;
16/08/2020;01:50:00;5;ASV - Acidente SEM Vítima;531;BR-324/BA;Oeste;Atropelamento de Animal;;;;;;;;;;1;1;;;;
16/08/2020;08:41:00;62;A PP - Acidente envolvendo Produto Perigoso;910,4;BR-116/BA;Norte;Saida de Pista;;;1;;;;;;;;1;;;;
16/08/2020;15:17:00;137;ASV - Acidente SEM Vítima;557,2;BR-324/BA;Leste;Saida de Pista;1;;;;;;;;;;1;;;;
16/08/2020;17:18:00;168;ASV - Acidente SEM Vítima;547;BR-324/BA;Leste;Saida de Pista;1;;;;;;;;;;1;;;;
17/08/2020;05:51:00;25;ASV - Acidente SEM Vítima;660;BR-116/BA;Norte;Saida de Pista;1;;;;;;;;;;1;;;;
17/08/2020;06:53:00;50;ASV - Acidente SEM Vítima;537;BR-324/BA;Leste;Engavetamento;3;;1;;;;;;;;9;;;;
17/08/2020;07:38:00;71;ASV - Acidente SEM Vítima;615;BR-324/BA;Oeste;Colisão Traseira;1;;;;;1;;;;;2;;;;
17/08/2020;07:39:00;72;ASV - Acidente SEM Vítima;615;BR-324/BA;Leste;Colisão Traseira;1;;1;;;;;;;;2;;;;
17/08/2020;08:04:00;86;ASV - Acidente SEM Vítima;623;BR-116/BA;Norte;Saida de Pista;;;1;;;;;;;;1;;;;
17/08/2020;09:47:00;129;ASV - Acidente SEM Vítima;616;BR-324/BA;Leste;Engavetamento;2;;;;;1;;;;;3;;;;
17/08/2020;11:24:00;165;AV - Acidente com VITIMA;747,5;BR-116/BA;Norte;Saida de Pista;;;1;;;;;;;;0;1;;;
17/08/2020;12:39:00;182;ASV - Acidente SEM Vítima;595;BR-324/BA;Leste;Colisão Lateral;2;;;;;;;;;;2;;;;
17/08/2020;19:45:00;294;AF - Acidente com Vitima Fatal;720,9;BR-116/BA;Sul;Atropelamento de Pedestre;1;;;;;;;;;;1;;;;1
18/08/2020;09:09:00;79;ASV - Acidente SEM Vítima;552,3;BR-324/BA;Oeste;Tombamento;;;1;;;;;;;;2;;;;
18/08/2020;09:20:00;83;ASV - Acidente SEM Vítima;925;BR-116/BA;Norte;Saida de Pista;;;1;;;;;;;;1;;;;
18/08/2020;10:11:00;95;AV - Acidente com VITIMA;775;BR-116/BA;Norte;Colisão Traseira;1;;1;;;;;;;;2;1;;;
18/08/2020;10:13:00;97;ASV - Acidente SEM Vítima;553;BR-324/BA;Oeste;Colisão Traseira;2;;;;;;;;;;10;;;;
18/08/2020;12:07:00;125;AF - Acidente com Vitima Fatal;925;BR-116/BA;Norte;Atropelamento de Pedestre;1;;;;;;;;;;1;;;;1
18/08/2020;13:56:00;150;ASV - Acidente SEM Vítima;582;BR-324/BA;Oeste;Tombamento;;;1;;;;;;;;1;;;;
18/08/2020;17:12:00;210;ASV - Acidente SEM Vítima;624;BR-324/BA;Oeste;Colisão Lateral;1;;;1;;;;;;;2;;;;
19/08/2020;06:31:00;26;ASV - Acidente SEM Vítima;459;BR-116/BA;Sul;Saida de Pista;;;1;;;;;;;;1;;;;
19/08/2020;07:15:00;36;ASV - Acidente SEM Vítima;912;BR-116/BA;Sul;Colisão Traseira;1;;1;;;1;;;;;3;;;;
19/08/2020;08:12:00;54;ASV - Acidente SEM Vítima;551;BR-324/BA;Leste;Colisão Lateral;1;;1;;;;;;;;2;;;;
19/08/2020;08:23:00;55;ASV - Acidente SEM Vítima;582,6;BR-324/BA;Leste;Colisão Lateral;1;;;;;;;;;1;5;;;;
19/08/2020;08:38:00;58;ASV - Acidente SEM Vítima;559,3;BR-116/BA;Sul;Tombamento;;;1;;;;;;;;1;;;;
20/08/2020;04:03:00;17;ASV - Acidente SEM Vítima;603;BR-324/BA;Leste;Colisão Traseira;1;;1;;;;;;;;2;;;;
20/08/2020;09:53:00;103;ASV - Acidente SEM Vítima;644;BR-116/BA;Norte;Colisão Traseira;;;2;;;;;;;;2;;;;
20/08/2020;10:34:00;122;AV - Acidente com VITIMA;624;BR-324/BA;Leste;Queda de Moto;;;;1;;;;;;;0;;1;;
20/08/2020;18:15:00;235;AV - Acidente com VITIMA;8,4;BA-526;Norte;Colisão Frontal;;;;1;;1;;;;;1;1;;;
20/08/2020;18:21:00;237;ASV - Acidente SEM Vítima;591;BR-324/BA;Oeste;Colisão Lateral;1;;1;;;;;;;;4;;;;
20/08/2020;18:38:00;242;AF - Acidente com Vitima Fatal;797;BR-116/BA;Sul;Colisão Frontal;2;;;;;;;;;;1;;;;1
20/08/2020;19:58:00;251;ASV - Acidente SEM Vítima;925;BR-116/BA;Sul;Colisão Traseira;;;;;;1;;;;1;2;;;;
21/08/2020;07:28:00;48;ASV - Acidente SEM Vítima;524,4;BR-324/BA;Leste;Colisão Traseira;;;2;;;;;;;;2;;;;
21/08/2020;10:47:00;108;A PP - Acidente envolvendo Produto Perigoso;551;BR-324/BA;Leste;Choque Contra Objeto Fixo;;;1;;;;;;;;1;;;;
21/08/2020;14:24:00;150;ASV - Acidente SEM Vítima;565;BR-324/BA;Oeste;Colisão Traseira;1;;;;;;;;;1;2;;;;
21/08/2020;15:35:00;179;ASV - Acidente SEM Vítima;551;BR-324/BA;Oeste;Colisão Traseira;1;;1;;;;;;;;2;;;;
21/08/2020;17:07:00;201;AV - Acidente com VITIMA;776,9;BR-116/BA;Sul;Colisão Transversal;;;;1;;1;;;;;1;1;1;;
22/08/2020;09:32:00;86;ASV - Acidente SEM Vítima;619;BR-324/BA;Leste;Engavetamento;4;;;;;;;;;;10;;;;
22/08/2020;09:51:00;92;AV - Acidente com VITIMA;524;BR-324/BA;Oeste;Colisão Traseira;1;;;1;;;;;;;1;1;;;
22/08/2020;17:10:00;214;AV - Acidente com VITIMA;528,1;BR-116/BA;Norte;Saida de Pista;;;1;;;;;;;;0;1;;;
22/08/2020;17:56:00;225;ASV - Acidente SEM Vítima;831,5;BR-116/BA;Norte;Colisão Traseira;;;;2;;;;;;;2;;;;
22/08/2020;18:33:00;235;ASV - Acidente SEM Vítima;0;BR-116/BA - ContSuFS;Sul;Colisão Lateral;1;;1;;;;;;;;2;;;;
22/08/2020;19:54:00;255;ASV - Acidente SEM Vítima;0;BA-526;Norte;Colisão Lateral;1;;;;;1;;;;;2;;;;
22/08/2020;21:37:00;275;ASV - Acidente SEM Vítima;427,2;BR-116/BA;Sul;Atropelamento de Animal;;;1;;;;;;;;1;;;;
22/08/2020;23:24:00;291;ASV - Acidente SEM Vítima;556,3;BR-116/BA;Sul;Colisão Frontal;1;;1;;;;;;;;2;;;;
22/08/2020;23:47:00;295;ASV - Acidente SEM Vítima;518;BR-324/BA;Oeste;Outros;1;;;;;;;;;;1;;;;
23/08/2020;00:17:00;1;AV - Acidente com VITIMA;537,3;BR-324/BA;Leste;Queda de Moto;;;;1;;;;;;;0;;1;;
23/08/2020;06:23:00;25;ASV - Acidente SEM Vítima;526;BR-324/BA;Leste;Colisão Transversal;2;;;;;;;;;;5;;;;
23/08/2020;15:25:00;132;ASV - Acidente SEM Vítima;607;BR-324/BA;Leste;Saida de Pista;1;;;;;;;;;;5;;;;
23/08/2020;15:47:00;134;ASV - Acidente SEM Vítima;592;BR-116/BA;Sul;Colisão Lateral;;;1;;;;;;;1;2;;;;
23/08/2020;17:08:00;147;ASV - Acidente SEM Vítima;564;BR-324/BA;Oeste;Saida de Pista;1;;;;;;;;;;2;;;;
23/08/2020;17:48:00;156;ASV - Acidente SEM Vítima;611;BR-324/BA;Leste;Colisão Traseira;2;;;;;;;;;;3;;;;
23/08/2020;18:59:00;172;AF - Acidente com Vitima Fatal;745;BR-116/BA;Norte;Colisão Frontal;1;;1;;;;;;;;1;;;2;2
23/08/2020;22:20:00;206;ASV - Acidente SEM Vítima;564;BR-324/BA;Leste;Saida de Pista;1;;;;;;;;;;4;;;;
23/08/2020;22:47:00;212;ASV - Acidente SEM Vítima;745;BR-116/BA;Norte;Colisão Traseira;;;1;;;1;;;;;2;;;;
24/08/2020;05:40:00;24;AV - Acidente com VITIMA;427;BR-116/BA;Norte;Tombamento;;;1;;;;;;;;0;1;;;
24/08/2020;06:45:00;45;ASV - Acidente SEM Vítima;702;BR-116/BA;Norte;Saida de Pista;1;;;;;;;;;;4;;;;
24/08/2020;07:34:00;61;AV - Acidente com VITIMA;621;BR-324/BA;Oeste;Queda de Moto;;;;1;;;;;;;1;1;;;
24/08/2020;07:48:00;66;ASV - Acidente SEM Vítima;805;BR-116/BA;Norte;Colisão Traseira;;;1;;;1;;;;;2;;;;
24/08/2020;08:05:00;70;AV - Acidente com VITIMA;4;BR-116/BA - Cont VC;Norte;Colisão Lateral;;;;;;2;;;;;1;1;;;
24/08/2020;08:33:00;83;ASV - Acidente SEM Vítima;839;BR-116/BA;Norte;Colisão Traseira;1;;;;;1;;;;;2;;;;
24/08/2020;09:14:00;93;ASV - Acidente SEM Vítima;609,5;BR-324/BA;Leste;Engavetamento;1;;;;;1;;;;1;6;;;;
24/08/2020;09:29:00;98;ASV - Acidente SEM Vítima;606;BR-324/BA;Leste;Engavetamento;5;;;;;;;;;;5;;;;
24/08/2020;09:44:00;103;ASV - Acidente SEM Vítima;698;BR-116/BA;Norte;Colisão Traseira;1;;1;;;;;;;;2;;;;
24/08/2020;09:45:00;104;ASV - Acidente SEM Vítima;587;BR-324/BA;Oeste;Colisão Lateral;2;;;;;;;;;;4;;;;
24/08/2020;17:23:00;214;AV - Acidente com VITIMA;555;BR-116/BA;Norte;Tombamento;;;1;;;;;;;;0;1;;;
24/08/2020;19:46:00;253;AV - Acidente com VITIMA;15;BR-116/BA - Cont VC;Norte;Colisão Traseira;;;;1;;1;;;;;1;2;;;
25/08/2020;02:19:00;8;ASV - Acidente SEM Vítima;574;BR-324/BA;Oeste;Atropelamento de Animal;1;;;;;;;;;;1;;;;
25/08/2020;16:58:00;208;ASV - Acidente SEM Vítima;591;BR-324/BA;Oeste;Colisão Traseira;;;2;;;;;;;1;3;;;;
25/08/2020;19:04:00;233;ASV - Acidente SEM Vítima;518;BR-324/BA;Oeste;Colisão Traseira;;;1;;;1;;;;;2;;;;
25/08/2020;19:39:00;242;ASV - Acidente SEM Vítima;592,75;BR-324/BA;Leste;Queda de Moto;;;;1;;;;;;;1;;;;
25/08/2020;20:18:00;248;ASV - Acidente SEM Vítima;592,75;BR-324/BA;Leste;Colisão Traseira;;;2;;;;;;;;2;;;;
26/08/2020;06:31:00;32;ASV - Acidente SEM Vítima;549,7;BR-116/BA;Sul;Saida de Pista;;;;;;;;;;1;1;;;;
26/08/2020;07:33:00;59;ASV - Acidente SEM Vítima;595;BR-324/BA;Oeste;Engavetamento;3;;;;;;;;;;3;;;;
26/08/2020;08:58:00;96;ASV - Acidente SEM Vítima;535;BR-324/BA;Oeste;Engavetamento;5;;;;;1;;;;;6;;;;
26/08/2020;10:04:00;108;ASV - Acidente SEM Vítima;624;BR-324/BA;Leste;Colisão Traseira;2;;;;;;;;;;2;;;;
26/08/2020;11:04:00;122;ASV - Acidente SEM Vítima;621,5;BR-324/BA;Leste;Colisão Traseira;;;;1;;;;;;1;2;;;;
26/08/2020;18:20:00;261;AV - Acidente com VITIMA;625;BR-324/BA;Leste;Atropelamento de Pedestre;;;;1;;;;;;;0;;;2;
26/08/2020;18:31:00;264;ASV - Acidente SEM Vítima;817;BR-116/BA;Sul;Colisão Transversal;1;;;1;;;;;;;2;;;;
27/08/2020;05:35:00;22;ASV - Acidente SEM Vítima;760,1;BR-116/BA;Norte;Engavetamento;;;1;;1;1;;;;;15;;;;
27/08/2020;17:12:00;204;ASV - Acidente SEM Vítima;469;BR-116/BA;Sul;Saida de Pista;1;;;;;;;;;;1;;;;
27/08/2020;17:18:00;210;AV - Acidente com VITIMA;9,9;BR-116/BA - Cont VC;Sul;Atropelamento - Ciclista;;1;;;;1;;;;;1;;1;;
27/08/2020;19:50:00;252;ASV - Acidente SEM Vítima;586;BR-324/BA;Leste;Saida de Pista;;;1;;;;;;;;1;;;;
28/08/2020;01:16:00;6;AV - Acidente com VITIMA;818,001;BR-116/BA;Sul;Colisão Traseira;;;1;1;;;;;;;1;;;1;
28/08/2020;01:24:00;7;ASV - Acidente SEM Vítima;577,25;BR-324/BA;Oeste;Colisão Lateral;1;;;;;1;;;;;2;;;;
28/08/2020;02:53:00;11;AV - Acidente com VITIMA;908,2;BR-116/BA;Sul;Colisão Lateral;;;1;;;;;;;1;1;;1;;
28/08/2020;09:25:00;84;ASV - Acidente SEM Vítima;587;BR-324/BA;Leste;Saida de Pista;;;;;;;;;;1;1;;;;
28/08/2020;09:45:00;87;AV - Acidente com VITIMA;558;BR-116/BA;Sul;Capotamento;;;;;;;;;;1;0;2;;;
28/08/2020;10:26:00;95;AV - Acidente com VITIMA;586;BR-324/BA;Oeste;Capotamento;1;;;;;;;;;;0;1;;;
28/08/2020;11:36:00;115;ASV - Acidente SEM Vítima;912,15;BR-116/BA;Norte;Saida de Pista;;;1;;;;;;;;1;;;;
28/08/2020;14:06:00;144;ASV - Acidente SEM Vítima;598,8;BR-324/BA;Oeste;Colisão Traseira;1;;1;;;;;;;;2;;;;
28/08/2020;17:45:00;190;ASV - Acidente SEM Vítima;613,5;BR-324/BA;Leste;Engavetamento;2;;;;;;;;;1;3;;;;
28/08/2020;19:46:00;217;ASV - Acidente SEM Vítima;613,5;BR-324/BA;Oeste;Capotamento;1;;;;;1;;;;;2;;;;
28/08/2020;20:04:00;223;ASV - Acidente SEM Vítima;614;BR-324/BA;Oeste;Outros;1;;;;;;;;;;2;;;;
28/08/2020;23:23:00;246;AV - Acidente com VITIMA;911,25;BR-116/BA;Norte;Colisão Traseira;;;1;1;;;;;;;1;;1;;
28/08/2020;23:33:00;250;AV - Acidente com VITIMA;16,3;BR-116/BA - Cont VC;Sul;Outros;;1;;;;;;;;;0;;1;;
29/08/2020;00:40:00;4;AV - Acidente com VITIMA;9,3;BR-116/BA - Cont VC;Norte;Colisão Lateral;1;;;1;;;;;;;1;1;;;
29/08/2020;04:23:00;29;ASV - Acidente SEM Vítima;495;BR-116/BA;Norte;Saida de Pista;;;;;;;;;;1;1;;;;
29/08/2020;10:25:00;104;ASV - Acidente SEM Vítima;821,4;BR-116/BA;Sul;Saida de Pista;;;1;;;;;;;;1;;;;
29/08/2020;13:28:00;146;ASV - Acidente SEM Vítima;803;BR-116/BA;Norte;Engavetamento;1;;2;;;;;;;;3;;;;
30/08/2020;03:53:00;24;ASV - Acidente SEM Vítima;669;BR-116/BA;Norte;Saida de Pista;1;;;;;;;;;;4;;;;
30/08/2020;06:26:00;36;ASV - Acidente SEM Vítima;594,4;BR-116/BA;Sul;Colisão Lateral;;;2;;;;;;;;2;;;;
30/08/2020;07:37:00;54;ASV - Acidente SEM Vítima;650;BR-116/BA;Sul;Saida de Pista;1;;;;;;;;;;4;;;;
30/08/2020;08:44:00;72;AV - Acidente com VITIMA;610;BR-324/BA;Oeste;Colisão Lateral;;;;2;;;;;;;1;2;;;
30/08/2020;09:08:00;78;AV - Acidente com VITIMA;591;BR-324/BA;Leste;Colisão Traseira;1;;1;;;;;;;;1;4;1;;
30/08/2020;10:59:00;109;ASV - Acidente SEM Vítima;765;BR-116/BA;Sul;Colisão Traseira;;;1;;;1;;;;;2;;;;