data;horario;n_da_ocorrencia;tipo_de_ocorrencia;km;trecho;sentido;tipo_de_acidente;automovel;bicicleta;caminhao;moto;onibus;outros;tracao_animal;transporte_de_cargas_especiais;trator_maquinas;utilitarios;ilesos;levemente_feridos;moderadamente_feridos;gravemente_feridos;mortos
30/08/2020;14:01:00;151;ASV - Acidente SEM Vítima;595;BR-324/BA;Leste;Colisão Traseira;1;;1;;;;;;;;5;;;;
30/08/2020;16:28:00;195;AV - Acidente com VITIMA;582,7;BR-324/BA;Oeste;Saida de Pista;1;;;;;;;;;;0;1;;;
30/08/2020;18:06:00;216;ASV - Acidente SEM Vítima;617;BR-324/BA;Oeste;Queda de Moto;;;;1;;;;;;;1;;;;
30/08/2020;19:12:00;236;ASV - Acidente SEM Vítima;621;BR-324/BA;Leste;Colisão Lateral;1;;;;;1;;;;;2;;;;
30/08/2020;21:13:00;249;AV - Acidente com VITIMA;620;BR-324/BA;Leste;Capotamento;1;;;;;;;;;;0;;1;;
31/08/2020;07:41:00;80;ASV - Acidente SEM Vítima;553;BR-324/BA;Oeste;Queda de Moto;;;;1;;;;;;;1;;;;
31/08/2020;07:49:00;86;AV - Acidente com VITIMA;525;BR-324/BA;Leste;Engavetamento;3;;;1;;;;;;1;4;1;;;
31/08/2020;08:29:00;103;AV - Acidente com VITIMA;604;BR-324/BA;Leste;Queda de Moto;;;;1;;;;;;;0;1;;;
31/08/2020;09:22:00;132;ASV - Acidente SEM Vítima;607;BR-324/BA;Leste;Engavetamento;4;;;;;;;;;;4;;;;
31/08/2020;09:44:00;143;ASV - Acidente SEM Vítima;559;BR-324/BA;Oeste;Saida de Pista;1;;;;;;;;;;1;;;;
31/08/2020;10:08:00;147;ASV - Acidente SEM Vítima;605,5;BR-324/BA;Oeste;Colisão Traseira;1;;;;;1;;;;;2;;;;
31/08/2020;11:34:00;168;ASV - Acidente SEM Vítima;543;BR-324/BA;Leste;Saida de Pista;1;;;;;1;;;;;2;;;;
31/08/2020;13:43:00;197;ASV - Acidente SEM Vítima;481;BR-116/BA;Norte;Saida de Pista;1;;;;;;;;;;1;;;;
31/08/2020;13:46:00;199;AV - Acidente com VITIMA;570;BR-324/BA;Leste;Capotamento;1;;;;;;;;;;1;4;;;
31/08/2020;16:01:00;242;ASV - Acidente SEM Vítima;512;BR-116/BA;Norte;Colisão Traseira;2;;;;;;;;;;2;;;;
31/08/2020;17:06:00;259;ASV - Acidente SEM Vítima;623,1;BR-324/BA;Oeste;Colisão Traseira;1;;1;;;;;;;;2;;;;
31/08/2020;17:37:00;270;AV - Acidente com VITIMA;609;BR-324/BA;Oeste;Queda de Moto;;;;1;;;;;;;0;;1;;
31/08/2020;18:41:00;281;ASV - Acidente SEM Vítima;491;BR-116/BA;Sul;Colisão Lateral;1;;1;;;;;;;;2;;;;
01/09/2020;06:21:00;28;ASV - Acidente SEM Vítima;596;BR-324/BA;Leste;Sequência;3;;;;;;;;;;7;;;;
01/09/2020;12:11:00;126;ASV - Acidente SEM Vítima;508;BR-116/BA;Norte;Colisão Traseira;;;;;;;;;;1;1;;;;
01/09/2020;13:51:00;152;ASV - Acidente SEM Vítima;618,15;BR-324/BA;Oeste;Colisão Lateral;2;;;;;;;;;;7;;;;
01/09/2020;14:03:00;154;ASV - Acidente SEM Vítima;753,9;BR-116/BA;Sul;Saida de Pista;1;;;;;;;;;;4;;;;
01/09/2020;14:39:00;180;AV - Acidente com VITIMA;605;BR-324/BA;Oeste;Atropelamento de Pedestre;;;1;;;;;;;;1;;1;;
01/09/2020;16:23:00;188;ASV - Acidente SEM Vítima;583,7;BR-116/BA;Norte;Capotamento;1;;;;;;;;;;1;;;;
01/09/2020;16:46:00;196;ASV - Acidente SEM Vítima;590;BR-324/BA;Oeste;Saida de Pista;1;;;;;;;;;;1;;;;
01/09/2020;17:15:00;201;A PP - Acidente envolvendo Produto Perigoso;474;BR-116/BA;Sul;Saida de Pista;;;1;;;;;;;;1;;;;
02/09/2020;04:59:00;12;ASV - Acidente SEM Vítima;584,8;BR-324/BA;Leste;Colisão Traseira;;;1;;;;;;;1;7;;;;
02/09/2020;10:32:00;112;AV - Acidente com VITIMA;638,1;BR-116/BA;Norte;Saida de Pista;;;1;;;;;;;;0;;1;;
02/09/2020;12:57:00;141;ASV - Acidente SEM Vítima;596,5;BR-116/BA;Sul;Capotamento;;;;;;;;;;1;2;;;;
02/09/2020;14:28:00;171;ASV - Acidente SEM Vítima;561;BR-324/BA;Oeste;Colisão Lateral;1;;1;;;;;;;;5;;;;
02/09/2020;14:38:00;174;AV - Acidente com VITIMA;495,1;BR-116/BA;Norte;Saida de Pista;1;;;;;;;;;;0;1;1;;
02/09/2020;16:14:00;206;ASV - Acidente SEM Vítima;619,2;BR-324/BA;Leste;Colisão Lateral;1;;;;;1;;;;;2;;;;
02/09/2020;17:22:00;223;ASV - Acidente SEM Vítima;613;BR-324/BA;Leste;Colisão Lateral;1;;;1;;;;;;;2;;;;
02/09/2020;18:02:00;237;ASV - Acidente SEM Vítima;10;BR-116/BA - Cont VC;Sul;Colisão Traseira;1;;;1;;;;;;;2;;;;
03/09/2020;05:56:00;17;AV - Acidente com VITIMA;524,6;BR-116/BA;Sul;Saida de Pista;1;;;;;;;;;;0;3;;;
03/09/2020;06:47:00;28;ASV - Acidente SEM Vítima;626;BR-324/BA;Oeste;Colisão Lateral;1;;;;;1;;;;;2;;;;
03/09/2020;12:54:00;128;ASV - Acidente SEM Vítima;594;BR-116/BA;Norte;Colisão Traseira;1;;1;;;;;;;;2;;;;
03/09/2020;13:25:00;135;ASV - Acidente SEM Vítima;3;BA-528;Sul;Saida de Pista;1;;;;;;;;;;1;;;;
03/09/2020;14:27:00;151;AV - Acidente com VITIMA;543;BR-324/BA;Leste;Colisão Traseira;;;;1;;1;;;;;1;2;;;
03/09/2020;16:49:00;194;ASV - Acidente SEM Vítima;1;BR-116/BA - ContSuFS;Norte;Colisão Traseira;;;2;;;;;;;;2;;;;
03/09/2020;19:13:00;227;ASV - Acidente SEM Vítima;574;BR-324/BA;Oeste;Saida de Pista;;;1;;;;;;;;1;;;;
03/09/2020;20:49:00;242;AV - Acidente com VITIMA;757,5;BR-116/BA;Sul;Colisão Frontal;;;1;1;;;;;;;1;;2;;
03/09/2020;20:56:00;243;ASV - Acidente SEM Vítima;595;BR-324/BA;Leste;Colisão Traseira;;;2;;;;;;;;2;;;;
04/09/2020;06:47:00;38;ASV - Acidente SEM Vítima;616;BR-324/BA;Oeste;Engavetamento;2;;;;;1;;;;;3;;;;
04/09/2020;08:16:00;72;AV - Acidente com VITIMA;617;BR-324/BA;Oeste;Colisão Traseira;;;;1;;;;;;1;1;1;;;
04/09/2020;11:56:00;127;ASV - Acidente SEM Vítima;578,2;BR-324/BA;Oeste;Saida de Pista;1;;;;;;;;;;1;;;;
04/09/2020;12:16:00;133;ASV - Acidente SEM Vítima;574,6;BR-324/BA;Oeste;Engavetamento;3;;;;;;;;;;8;;;;
04/09/2020;12:53:00;144;ASV - Acidente SEM Vítima;575,3;BR-324/BA;Oeste;Colisão Lateral;2;;;;;;;;;;2;;;;
04/09/2020;17:36:00;247;ASV - Acidente SEM Vítima;547,2;BR-324/BA;Oeste;Colisão Traseira;2;;;;;;;;;;2;;;;
04/09/2020;17:55:00;252;ASV - Acidente SEM Vítima;611,3;BR-324/BA;Oeste;Colisão Traseira;1;;;1;;;;;;;2;;;;
04/09/2020;17:57:00;253;ASV - Acidente SEM Vítima;832,8;BR-116/BA;Sul;Saida de Pista;1;;;;;;;;;;1;;;;
04/09/2020;18:21:00;258;ASV - Acidente SEM Vítima;612;BR-324/BA;Leste;Engavetamento;4;;;;;;;;;;4;;;;
04/09/2020;18:55:00;269;ASV - Acidente SEM Vítima;540,2;BR-116/BA;Sul;Colisão Traseira;2;;;;;;;;;;2;;;;
04/09/2020;18:57:00;271;AV - Acidente com VITIMA;5;BR-116/BA - Cont VC;Sul;Colisão Lateral;;;;1;;1;;;;;1;1;;;
04/09/2020;20:01:00;286;ASV - Acidente SEM Vítima;550;BR-324/BA;Oeste;Colisão Traseira;2;;;;;;;;;;2;;;;
04/09/2020;20:25:00;294;AV - Acidente com VITIMA;805;BR-116/BA;Norte;Colisão Transversal;;;1;1;;;;;;;1;2;;;
04/09/2020;22:09:00;312;ASV - Acidente SEM Vítima;521;BR-324/BA;Leste;Colisão Lateral;1;;;;;;;;;;1;;;;
05/09/2020;02:37:00;18;AV - Acidente com VITIMA;743,5;BR-116/BA;Sul;Colisão Lateral;1;;1;;;;;;;;1;1;;;
05/09/2020;04:18:00;22;AV - Acidente com VITIMA;512;BR-116/BA;Sul;Saida de Pista;;;1;;;;;;;;0;2;1;;
05/09/2020;07:07:00;44;ASV - Acidente SEM Vítima;611,9;BR-324/BA;Leste;Atropelamento de Animal;1;;;;;;;;;;3;;;;
05/09/2020;07:09:00;45;ASV - Acidente SEM Vítima;579;BR-324/BA;Leste;Saida de Pista;;;1;;;;;;;;1;;;;
05/09/2020;08:12:00;60;ASV - Acidente SEM Vítima;554;BR-324/BA;Oeste;Colisão Traseira;2;;;;;;;;;;2;;;;
05/09/2020;08:45:00;71;ASV - Acidente SEM Vítima;579;BR-324/BA;Oeste;Colisão Traseira;2;;;;;;;;;;2;;;;
05/09/2020;09:14:00;80;ASV - Acidente SEM Vítima;557;BR-324/BA;Oeste;Choque Contra Objeto Fixo;1;;;;;;;;;;1;;;;
05/09/2020;10:08:00;101;ASV - Acidente SEM Vítima;554;BR-324/BA;Leste;Saida de Pista;;;1;;;;;;;;1;;;;
05/09/2020;10:47:00;109;ASV - Acidente SEM Vítima;442;BR-116/BA;Sul;Saida de Pista;1;;;;;;;;;;1;;;;
05/09/2020;15:23:00;174;ASV - Acidente SEM Vítima;11;BR-116/BA - Cont VC;Norte;Colisão Transversal;2;;;;;;;;;;2;;;;
05/09/2020;16:15:00;185;ASV - Acidente SEM Vítima;11,7;BR-116/BA - Cont VC;Sul;Colisão Transversal;1;;;1;;;;;;;2;;;;
05/09/2020;17:27:00;201;ASV - Acidente SEM Vítima;579,85;BR-324/BA;Leste;Saida de Pista;1;;;;;;;;;;4;;;;
05/09/2020;19:14:00;224;AV - Acidente com VITIMA;494;BR-116/BA;Sul;Colisão Traseira;;;;1;;1;;;;;1;;1;;
05/09/2020;19:56:00;234;ASV - Acidente SEM Vítima;622;BR-324/BA;Leste;Colisão Traseira;1;;;1;;;;;;;3;;;;
05/09/2020;23:23:00;261;AV - Acidente com VITIMA;432;BR-116/BA;Sul;Tombamento;;;1;;;;;;;;0;;;1;
06/09/2020;08:53:00;65;AV - Acidente com VITIMA;580;BR-324/BA;Oeste;Queda de Moto;;;;1;;;;;;;1;1;;;
06/09/2020;10:14:00;82;ASV - Acidente SEM Vítima;544;BR-116/BA;Sul;Colisão Traseira;1;;1;;;;;;;;2;;;;
06/09/2020;11:24:00;95;AV - Acidente com VITIMA;813;BR-116/BA;Sul;Queda de Moto;;;;1;;;;;;;0;;1;;
06/09/2020;11:24:00;96;ASV - Acidente SEM Vítima;843;BR-116/BA;Sul;Colisão Traseira;;;2;;;;;;;;2;;;;
06/09/2020;11:25:00;98;AV - Acidente com VITIMA;598;BR-324/BA;Oeste;Colisão Frontal;2;;;;;;;;;;0;2;3;1;
06/09/2020;13:13:00;119;AV - Acidente com VITIMA;428;BR-116/BA;Sul;Colisão Traseira;;;2;;;;;;;;1;;1;;
06/09/2020;14:23:00;128;AV - Acidente com VITIMA;547;BR-324/BA;Leste;Saida de Pista;1;;;;;;;;;;3;1;1;;
06/09/2020;16:02:00;154;ASV - Acidente SEM Vítima;555;BR-116/BA;Norte;Tombamento;;;1;;;;;;;;1;;;;
06/09/2020;20:37:00;197;ASV - Acidente SEM Vítima;522;BR-324/BA;Leste;Colisão Traseira;1;;;;;1;;;;;2;;;;
06/09/2020;20:57:00;201;AV - Acidente com VITIMA;815;BR-116/BA;Sul;Colisão Frontal;;;1;1;;;;;;;1;1;;;
07/09/2020;02:44:00;14;ASV - Acidente SEM Vítima;637;BR-116/BA;Norte;Colisão Lateral;1;;;;;;;;;;1;;;;
07/09/2020;08:31:00;61;AV - Acidente com VITIMA;819;BR-116/BA;Sul;Colisão Lateral;1;;;1;;;;;;;1;1;;;
07/09/2020;10:23:00;103;AV - Acidente com VITIMA;437,8;BR-116/BA;Norte;Sequência;1;;1;;;;;;;;2;1;;;
07/09/2020;14:18:00;159;ASV - Acidente SEM Vítima;518;BR-324/BA;Leste;Colisão Traseira;1;;;;1;;;;;;3;;;;
07/09/2020;15:49:00;188;ASV - Acidente SEM Vítima;625;BR-116/BA;Norte;Saida de Pista;1;;;;;;;;;;1;;;;
07/09/2020;15:59:00;195;ASV - Acidente SEM Vítima;676;BR-116/BA;Sul;Saida de Pista;;;1;;;;;;;;1;;;;
07/09/2020;16:01:00;196;ASV - Acidente SEM Vítima;530;BR-324/BA;Oeste;Saida de Pista;1;;;;;;;;;;1;;;;
07/09/2020;17:19:00;218;ASV - Acidente SEM Vítima;587;BR-324/BA;Leste;Saida de Pista;1;;;;;;;;;;1;;;;
07/09/2020;17:39:00;224;ASV - Acidente SEM Vítima;548;BR-324/BA;Leste;Colisão Traseira;2;;;;;;;;;;7;;;;
07/09/2020;19:13:00;249;ASV - Acidente SEM Vítima;610,8;BR-324/BA;Leste;Saida de Pista;1;;;;;;;;;;1;;;;
07/09/2020;19:27:00;252;ASV - Acidente SEM Vítima;541,8;BR-324/BA;Leste;Engavetamento;2;;;;;;;;;1;3;;;;
08/09/2020;04:00:00;11;ASV - Acidente SEM Vítima;542;BR-324/BA;Leste;Saida de Pista;1;;;;;;;;;;1;;;;
08/09/2020;05:37:00;17;AV - Acidente com VITIMA;529;BR-324/BA;Oeste;Capotamento;1;;;;;;;;;;1;1;1;;
08/09/2020;07:26:00;52;AV - Acidente com VITIMA;616,7;BR-324/BA;Oeste;Colisão Traseira;;;1;1;;;;;;;1;;1;;
08/09/2020;07:37:00;65;ASV - Acidente SEM Vítima;560;BR-324/BA;Oeste;Saida de Pista;1;;;;;;;;;;1;;;;
08/09/2020;09:48:00;123;AV - Acidente com VITIMA;606;BR-324/BA;Oeste;Outros;1;;;1;;;;;;;1;;;1;
08/09/2020;10:44:00;145;ASV - Acidente SEM Vítima;595;BR-324/BA;Leste;Queda de Moto;;;;1;;;;;;;2;;;;
08/09/2020;13:09:00;189;ASV - Acidente SEM Vítima;600,5;BR-324/BA;Leste;Colisão Traseira;2;;;;;;;;;;2;;;;
08/09/2020;16:39:00;249;AV - Acidente com VITIMA;527;BR-324/BA;Leste;Queda de Moto;;;;1;;;;;;;0;;1;;
08/09/2020;16:46:00;255;AV - Acidente com VITIMA;539;BR-324/BA;Oeste;Colisão Traseira;;;1;1;;;;;;;1;;1;;
08/09/2020;18:47:00;299;ASV - Acidente SEM Vítima;593,04;BR-324/BA;Oeste;Colisão Lateral;1;;;;;1;;;;;3;;;;
09/09/2020;05:44:00;22;ASV - Acidente SEM Vítima;566,405;BR-116/BA;Sul;Colisão Traseira;1;;;;;1;;;;;2;;;;
09/09/2020;06:37:00;33;ASV - Acidente SEM Vítima;548;BR-324/BA;Oeste;Saida de Pista;1;;;;;;;;;;1;;;;
09/09/2020;07:37:00;61;ASV - Acidente SEM Vítima;777;BR-116/BA;Norte;Colisão Transversal;1;;;1;;;;;;;4;;;;
09/09/2020;08:24:00;77;ASV - Acidente SEM Vítima;610,8;BR-324/BA;Leste;Colisão Lateral;;;;1;;1;;;;;2;;;;
09/09/2020;12:03:00;147;ASV - Acidente SEM Vítima;614,15;BR-324/BA;Leste;Engavetamento;5;;1;;;;;;;;7;;;;
10/09/2020;07:08:00;44;ASV - Acidente SEM Vítima;543;BR-324/BA;Oeste;Atropelamento de Animal;1;;;;;;;;;;1;;;;
10/09/2020;07:59:00;66;ASV - Acidente SEM Vítima;603;BR-324/BA;Leste;Saida de Pista;;;;;;;;;;1;1;;;;
10/09/2020;08:18:00;71;ASV - Acidente SEM Vítima;603;BR-324/BA;Leste;Colisão Lateral;1;;1;;;;;;;;2;;;;
10/09/2020;08:47:00;91;AV - Acidente com VITIMA;447;BR-116/BA;Norte;Colisão Transversal;;;;2;;;;;;;1;1;;;
10/09/2020;13:21:00;164;ASV - Acidente SEM Vítima;615,8;BR-324/BA;Oeste;Saida de Pista;1;;;;;;;;;;1;;;;
10/09/2020;18:01:00;269;AV - Acidente com VITIMA;613,2;BR-324/BA;Leste;Colisão Transversal;1;;;1;;;;;;;1;1;;;
10/09/2020;20:18:00;294;AV - Acidente com VITIMA;12,9;BR-116/BA - Cont VC;Norte;Colisão Transversal;;;;2;;;;;;;3;;1;;
11/09/2020;01:52:00;7;ASV - Acidente SEM Vítima;476;BR-116/BA;Sul;Saida de Pista;1;;;;;;;;;;1;;;;
11/09/2020;12:15:00;166;ASV - Acidente SEM Vítima;908;BR-116/BA;Norte;Colisão Lateral;;;2;;;;;;;;2;;;;
11/09/2020;13:22:00;182;ASV - Acidente SEM Vítima;1,8;BR-116/BA - ContSuFS;Norte;Saida de Pista;1;;;;;;;;;;2;;;;
11/09/2020;13:49:00;188;ASV - Acidente SEM Vítima;518;BR-324/BA;Oeste;Colisão Traseira;;;1;;;1;;;;;2;;;;
11/09/2020;14:58:00;212;AV - Acidente com VITIMA;549,9;BR-324/BA;Oeste;Colisão Traseira;2;;3;;;;;;;;6;;1;;
11/09/2020;18:50:00;297;ASV - Acidente SEM Vítima;551;BR-324/BA;Oeste;Colisão Lateral;1;;1;;;;;;;;2;;;;
11/09/2020;19:41:00;313;ASV - Acidente SEM Vítima;549;BR-324/BA;Oeste;Saida de Pista;;;1;;;;;;;;1;;;;
11/09/2020;19:58:00;317;ASV - Acidente SEM Vítima;549;BR-324/BA;Oeste;Saida de Pista;1;;;;;;;;;;3;;;;
11/09/2020;20:21:00;322;ASV - Acidente SEM Vítima;560;BR-324/BA;Oeste;Colisão Transversal;1;;;;;1;;;;;2;;;;
11/09/2020;21:43:00;333;ASV - Acidente SEM Vítima;27;BR-116/BA - Cont VC;Norte;Tombamento;;;1;;;;;;;;1;;;;
12/09/2020;07:18:00;31;ASV - Acidente SEM Vítima;846;BR-116/BA;Sul;Colisão Frontal;;;2;;;;;;;;10;;;;
12/09/2020;07:28:00;32;ASV - Acidente SEM Vítima;573;BR-324/BA;Oeste;Engavetamento;3;;;;;1;;;;;4;;;;
12/09/2020;07:59:00;38;ASV - Acidente SEM Vítima;556;BR-324/BA;Oeste;Colisão Traseira;1;;;;;;;;;1;2;;;;
12/09/2020;08:36:00;48;ASV - Acidente SEM Vítima;549;BR-324/BA;Oeste;Sequência;2;;;;;;;;;2;4;;;;
12/09/2020;09:56:00;60;AV - Acidente com VITIMA;624;BR-324/BA;Leste;Colisão Lateral;1;;;;;1;;;;;2;1;;;
12/09/2020;13:51:00;108;AV - Acidente com VITIMA;558;BR-324/BA;Oeste;Colisão Lateral;;;;1;;;;;;;0;2;;;
12/09/2020;16:15:00;146;AV - Acidente com VITIMA;562;BR-324/BA;Leste;Colisão Traseira;2;;;;;;;;;;5;;1;;
12/09/2020;18:14:00;172;AV - Acidente com VITIMA;25;BR-116/BA - Cont VC;Norte;Colisão Frontal;1;;1;;;;;;;;1;;1;;
12/09/2020;22:16:00;225;ASV - Acidente SEM Vítima;581;BR-116/BA;Sul;Colisão Lateral;1;;1;;;;;;;;4;;;;
12/09/2020;22:52:00;229;ASV - Acidente SEM Vítima;621,3;BR-324/BA;Leste;Saida de Pista;1;;;;;;;;;;1;;;;
13/09/2020;05:41:00;12;AV - Acidente com VITIMA;0;BR-116/BA - Cont VC;Norte;Queda de Moto;;;;1;;;;;;;0;2;;;
13/09/2020;07:59:00;41;ASV - Acidente SEM Vítima;666;BR-116/BA;Sul;Colisão Lateral;1;;1;;;;;;;;2;;;;
13/09/2020;10:37:00;67;ASV - Acidente SEM Vítima;530;BR-324/BA;Leste;Saida de Pista;1;;;;;;;;;;1;;;;
13/09/2020;10:44:00;71;ASV - Acidente SEM Vítima;575;BR-324/BA;Oeste;Saida de Pista;;;;;;;;;;1;1;;;;
13/09/2020;11:12:00;81;ASV - Acidente SEM Vítima;11,4;BR-116/BA - Cont VC;Norte;Colisão Transversal;2;;;;;;;;;;6;;;;
13/09/2020;11:38:00;89;ASV - Acidente SEM Vítima;619;BR-324/BA;Leste;Choque Contra Objeto Fixo;1;;;;;;;;;;1;;;;
13/09/2020;15:29:00;118;ASV - Acidente SEM Vítima;601;BR-324/BA;Oeste;Capotamento;1;;;;;;;;;;1;;;;
13/09/2020;18:48:00;154;ASV - Acidente SEM Vítima;587,9;BR-116/BA;Norte;Tombamento;;;1;;;;;;;;1;;;;
13/09/2020;21:17:00;170;ASV - Acidente SEM Vítima;3;BR-116/BA - Cont VC;Norte;Colisão Lateral;1;;;;;;;;;1;4;;;;
13/09/2020;22:19:00;177;AV - Acidente com VITIMA;606;BR-324/BA;Oeste;Saida de Pista;1;;;;;;;;;;0;2;;;
14/09/2020;01:02:00;11;ASV - Acidente SEM Vítima;592;BR-324/BA;Leste;Saida de Pista;;;;;;;;;;1;1;;;;
14/09/2020;03:25:00;21;ASV - Acidente SEM Vítima;583;BR-324/BA;Leste;Saida de Pista;;;;;;;;;;1;1;;;;
14/09/2020;04:58:00;28;AF - Acidente com Vitima Fatal;687,9;BR-116/BA;Sul;Colisão Lateral;2;;;;;;;;;;2;;;;1
14/09/2020;06:34:00;43;ASV - Acidente SEM Vítima;556;BR-324/BA;Oeste;Colisão Lateral;1;;;;;1;;;;;2;;;;
14/09/2020;07:05:00;65;ASV - Acidente SEM Vítima;615;BR-324/BA;Leste;Engavetamento;6;;;;;;;;;;12;;;;
14/09/2020;08:27:00;104;AV - Acidente com VITIMA;827;BR-116/BA;Norte;Colisão Traseira;1;;;1;;;;;;;2;1;;;
14/09/2020;08:48:00;106;AV - Acidente com VITIMA;619;BR-324/BA;Leste;Colisão Traseira;;;;1;;1;;;;;1;1;;;
14/09/2020;08:50:00;107;ASV - Acidente SEM Vítima;624;BR-324/BA;Leste;Engavetamento;3;;;;;;;;;;5;;;;
14/09/2020;08:54:00;110;ASV - Acidente SEM Vítima;607,65;BR-324/BA;Leste;Engavetamento;3;;;;;;;;;;3;;;;
14/09/2020;10:38:00;145;AV - Acidente com VITIMA;545;BR-116/BA;Sul;Colisão Lateral;;;;1;;1;;;;;1;;1;;
14/09/2020;21:49:00;299;AV - Acidente com VITIMA;459;BR-116/BA;Sul;Queda de Moto;;;;1;;;;;;;0;;1;;
14/09/2020;22:46:00;302;ASV - Acidente SEM Vítima;543;BR-324/BA;Leste;Saida de Pista;1;;;;;;;;;;1;;;;
15/09/2020;05:09:00;13;AV - Acidente com VITIMA;617;BR-324/BA;Oeste;Colisão Traseira;;;;1;;;;;;;0;1;;;
15/09/2020;06:09:00;17;ASV - Acidente SEM Vítima;568;BR-324/BA;Oeste;Choque Contra Objeto Fixo;1;;;;;;;;;;4;;;;
15/09/2020;06:32:00;24;ASV - Acidente SEM Vítima;551;BR-324/BA;Leste;Colisão Lateral;1;;;;;1;;;;;2;;;;
15/09/2020;08:37:00;73;ASV - Acidente SEM Vítima;557,1;BR-324/BA;Oeste;Engavetamento;;;;;;2;;;;1;3;;;;
15/09/2020;11:38:00;130;ASV - Acidente SEM Vítima;563;BR-324/BA;Oeste;Saida de Pista;1;;;;;;;;;;1;;;;
15/09/2020;13:31:00;148;AV - Acidente com VITIMA;560,15;BR-324/BA;Leste;Queda de Moto;;;;1;;;;;;;0;;1;;
15/09/2020;13:38:00;152;ASV - Acidente SEM Vítima;786,4;BR-116/BA;Norte;Saida de Pista;1;;;;;;;;;;1;;;;
15/09/2020;14:29:00;169;AV - Acidente com VITIMA;546,5;BR-324/BA;Oeste;Saida de Pista;;;;;;;;;;1;0;5;;;
16/09/2020;03:09:00;12;ASV - Acidente SEM Vítima;487;BR-116/BA;Sul;Colisão Traseira;1;;1;;;;;;;;2;;;;
16/09/2020;07:34:00;45;ASV - Acidente SEM Vítima;536;BR-116/BA;Norte;Sequência;;;3;;;;;;;;3;;;;
16/09/2020;09:20:00;76;ASV - Acidente SEM Vítima;565,2;BR-324/BA;Oeste;Colisão Traseira;;;2;;;;;;;;3;;;;
16/09/2020;09:27:00;82;ASV - Acidente SEM Vítima;479,8;BR-116/BA;Norte;Saida de Pista;;;;;;;;;;1;2;;;;
16/09/2020;09:41:00;88;ASV - Acidente SEM Vítima;518;BR-324/BA;Oeste;Colisão Lateral;1;;1;;;;;;;;2;;;;
16/09/2020;13:30:00;143;ASV - Acidente SEM Vítima;7;BR-116/BA - ContSuFS;Sul;Colisão Lateral;;;2;;;;;;;;2;;;;
16/09/2020;13:59:00;155;ASV - Acidente SEM Vítima;593,7;BR-324/BA;Oeste;Saida de Pista;1;;;;;;;;;;1;;;;
16/09/2020;14:07:00;158;ASV - Acidente SEM Vítima;563;BR-116/BA;Sul;Saida de Pista;1;;;;;;;;;;1;;;;
16/09/2020;20:15:00;279;ASV - Acidente SEM Vítima;571,5;BR-116/BA;Sul;Colisão Lateral;1;;;;;1;;;;;2;;;;
16/09/2020;21:22:00;296;ASV - Acidente SEM Vítima;536;BR-116/BA;Sul;Saida de Pista;;;1;;;;;;;;6;;;;
16/09/2020;21:24:00;297;AV - Acidente com VITIMA;810;BR-116/BA;Sul;Colisão Frontal;1;;;1;;;;;;;1;;1;;
17/09/2020;07:28:00;53;AV - Acidente com VITIMA;7,9;BR-116/BA - Cont VC;Norte;Colisão Frontal;1;;;;;;;;;2;2;1;1;;
17/09/2020;08:49:00;77;ASV - Acidente SEM Vítima;458;BR-116/BA;Sul;Colisão Lateral;;;2;;;1;;;;;3;;;;
17/09/2020;10:27:00;117;AV - Acidente com VITIMA;461,7;BR-116/BA;Norte;Colisão Transversal;1;;;1;;;;;;;1;;1;;
17/09/2020;14:20:00;180;AV - Acidente com VITIMA;909,8;BR-116/BA;Norte;Colisão Lateral;;;2;;;;;;;;1;2;;;
18/09/2020;03:44:00;15;ASV - Acidente SEM Vítima;566;BR-116/BA;Norte;Colisão Lateral;;;1;;;1;;;;;2;;;;
18/09/2020;06:30:00;39;ASV - Acidente SEM Vítima;754;BR-116/BA;Sul;Colisão Lateral;;;2;;;;;;;;2;;;;
18/09/2020;08:19:00;80;ASV - Acidente SEM Vítima;525;BR-324/BA;Oeste;Engavetamento;2;;1;;;;;;;;6;;;;
18/09/2020;09:03:00;96;ASV - Acidente SEM Vítima;528,9;BR-324/BA;Oeste;Engavetamento;2;;;;;;;;;1;3;;;;
18/09/2020;10:44:00;120;ASV - Acidente SEM Vítima;618,5;BR-324/BA;Oeste;Colisão Traseira;1;;;;1;;;;;;4;;;;
18/09/2020;11:21:00;128;AV - Acidente com VITIMA;642,3;BR-116/BA;Sul;Saida de Pista;;;1;;;;;;;;0;1;;;
18/09/2020;14:06:00;165;ASV - Acidente SEM Vítima;599;BR-324/BA;Oeste;Colisão Traseira;1;;;;;1;;;;;3;;;;
18/09/2020;14:33:00;177;ASV - Acidente SEM Vítima;760;BR-116/BA;Sul;Colisão Lateral;1;;1;;;;;;;;2;;;;
18/09/2020;16:45:00;225;AV - Acidente com VITIMA;618;BR-324/BA;Leste;Queda de Moto;;;;1;;;;;;;0;;1;;
18/09/2020;17:47:00;244;ASV - Acidente SEM Vítima;609,7;BR-324/BA;Leste;Engavetamento;2;;;;;1;;;;;3;;;;
18/09/2020;18:04:00;252;AV - Acidente com VITIMA;623;BR-324/BA;Oeste;Colisão Traseira;1;;;1;;;;;;;1;;1;;
18/09/2020;19:28:00;273;ASV - Acidente SEM Vítima;616;BR-324/BA;Leste;Colisão Lateral;2;;;;;;;;;;4;;;;