data;horario;n_da_ocorrencia;tipo_de_ocorrencia;km;trecho;sentido;tipo_de_acidente;automovel;bicicleta;caminhao;moto;onibus;outros;tracao_animal;transporte_de_cargas_especiais;trator_maquinas;utilitarios;ilesos;levemente_feridos;moderadamente_feridos;gravemente_feridos;mortos
18/09/2020;20:16:00;281;ASV - Acidente SEM Vítima;485;BR-116/BA;Sul;Colisão Traseira;1;;1;;;;;;;;2;;;;
18/09/2020;20:26:00;285;ASV - Acidente SEM Vítima;694,3;BR-116/BA;Norte;Colisão Lateral;;;;;;;;;;1;1;;;;
18/09/2020;21:18:00;290;ASV - Acidente SEM Vítima;580,5;BR-116/BA;Norte;Saida de Pista;;;;;;;;;;1;2;;;;
19/09/2020;04:35:00;22;ASV - Acidente SEM Vítima;431;BR-116/BA;Norte;Saida de Pista;;;1;;;;;;;;1;;;;
19/09/2020;07:48:00;45;ASV - Acidente SEM Vítima;505;BR-116/BA;Norte;Colisão Transversal;1;;1;;;;;;;;2;;;;
19/09/2020;10:19:00;79;AV - Acidente com VITIMA;756;BR-116/BA;Sul;Colisão Transversal;;;1;1;;;;;;;1;1;;;
19/09/2020;13:56:00;108;ASV - Acidente SEM Vítima;526,2;BR-324/BA;Leste;Queda de Moto;;;;1;;;;;;;2;;;;
19/09/2020;15:04:00;125;ASV - Acidente SEM Vítima;625,8;BR-324/BA;Leste;Tombamento;;;1;;;;;;;;1;;;;
19/09/2020;15:14:00;128;ASV - Acidente SEM Vítima;644;BR-116/BA;Sul;Colisão Lateral;;;1;;;;;;;1;2;;;;
19/09/2020;16:45:00;154;ASV - Acidente SEM Vítima;599;BR-324/BA;Oeste;Colisão Lateral;2;;;;;;;;;;2;;;;
19/09/2020;20:48:00;202;AV - Acidente com VITIMA;15;BR-116/BA - Cont VC;Sul;Colisão Lateral;;;;2;;;;;;;1;;;1;
19/09/2020;23:27:00;223;ASV - Acidente SEM Vítima;578,1;BR-324/BA;Leste;Saida de Pista;1;;;;;;;;;;1;;;;
20/09/2020;10:50:00;65;ASV - Acidente SEM Vítima;426,6;BR-116/BA;Norte;Colisão Lateral;2;;;;;;;;;;2;;;;
20/09/2020;12:56:00;76;ASV - Acidente SEM Vítima;709;BR-116/BA;Norte;Engavetamento;2;;1;;;;;;;;3;;;;
20/09/2020;15:19:00;113;AF - Acidente com Vitima Fatal;577;BR-324/BA;Leste;Saida de Pista;1;;;;;;;;;;0;;3;;1
20/09/2020;19:50:00;191;AV - Acidente com VITIMA;16;BR-116/BA - Cont VC;Sul;Colisão Transversal;1;;;1;;;;;;;1;1;;;
20/09/2020;22:10:00;216;AV - Acidente com VITIMA;604;BR-324/BA;Oeste;Queda de Moto;;;;1;;;;;;;0;1;;;
20/09/2020;22:48:00;221;AV - Acidente com VITIMA;8,1;BR-116/BA - Cont VC;Norte;Queda de Moto;;;;1;;;;;;;0;1;;;
21/09/2020;05:41:00;18;ASV - Acidente SEM Vítima;614;BR-324/BA;Oeste;Atropelamento de Animal;;;;1;;;;;;;1;;;;
21/09/2020;06:03:00;22;ASV - Acidente SEM Vítima;432;BR-116/BA;Norte;Colisão Lateral;;;2;;;;;;;;2;;;;
21/09/2020;06:24:00;28;ASV - Acidente SEM Vítima;582;BR-324/BA;Oeste;Saida de Pista;1;;;;;;;;;;1;;;;
21/09/2020;06:42:00;38;ASV - Acidente SEM Vítima;3;BR-116/BA - Cont VC;Norte;Colisão Transversal;2;;;;;;;;;;2;;;;
21/09/2020;06:47:00;40;ASV - Acidente SEM Vítima;608,4;BR-324/BA;Leste;Colisão Traseira;1;;;;;;;;;;1;;;;
21/09/2020;06:52:00;41;ASV - Acidente SEM Vítima;434;BR-116/BA;Norte;Tombamento;;;2;;;;;;;;2;;;;
21/09/2020;06:54:00;43;ASV - Acidente SEM Vítima;573;BR-116/BA;Norte;Colisão Lateral;;;1;;;1;;;;;2;;;;
21/09/2020;08:38:00;65;ASV - Acidente SEM Vítima;607;BR-324/BA;Leste;Colisão Traseira;1;;;;;;;;;;5;;;;
21/09/2020;09:55:00;91;ASV - Acidente SEM Vítima;778;BR-116/BA;Norte;Colisão Lateral;2;;;;;;;;;;2;;;;
21/09/2020;10:05:00;96;ASV - Acidente SEM Vítima;829;BR-116/BA;Norte;Colisão Traseira;1;;;;;1;;;;;2;;;;
21/09/2020;11:00:00;112;ASV - Acidente SEM Vítima;611,8;BR-324/BA;Leste;Engavetamento;1;;1;;;;;;;1;4;;;;
21/09/2020;14:24:00;161;ASV - Acidente SEM Vítima;537;BR-324/BA;Oeste;Colisão Traseira;2;;;;;;;;;;2;;;;
21/09/2020;16:03:00;187;ASV - Acidente SEM Vítima;613,5;BR-324/BA;Leste;Queda de Moto;;;;1;;;;;;;2;;;;
21/09/2020;18:55:00;216;AV - Acidente com VITIMA;623;BR-324/BA;Oeste;Colisão Traseira;;;;2;;;;;;;1;1;;;
21/09/2020;19:17:00;219;AV - Acidente com VITIMA;623;BR-324/BA;Leste;Colisão Traseira;1;;;1;;;;;;;1;1;;;
21/09/2020;20:21:00;230;ASV - Acidente SEM Vítima;799;BR-116/BA;Sul;Queda de Moto;;;;1;;;;;;;1;;;;
21/09/2020;22:12:00;244;ASV - Acidente SEM Vítima;607;BR-324/BA;Leste;Saida de Pista;1;;;;;;;;;;1;;;;
22/09/2020;06:22:00;22;ASV - Acidente SEM Vítima;485;BR-116/BA;Sul;Saida de Pista;1;;;;;;;;;;1;;;;
22/09/2020;07:08:00;42;ASV - Acidente SEM Vítima;602,95;BR-324/BA;Leste;Colisão Traseira;1;;;;;1;;;;;2;;;;
22/09/2020;08:04:00;64;ASV - Acidente SEM Vítima;725;BR-116/BA;Norte;Colisão Traseira;;;2;;;;;;;;2;;;;
22/09/2020;09:13:00;81;ASV - Acidente SEM Vítima;546;BR-324/BA;Oeste;Engavetamento;3;;;;;;;;;1;4;;;;
22/09/2020;09:20:00;89;ASV - Acidente SEM Vítima;529,8;BR-324/BA;Oeste;Tombamento;;;1;;;;;;;;1;;;;
22/09/2020;09:49:00;95;AV - Acidente com VITIMA;532,2;BR-324/BA;Oeste;Engavetamento;4;;1;;;;;;;1;5;1;;;
22/09/2020;14:39:00;158;AV - Acidente com VITIMA;612,7;BR-324/BA;Leste;Saida de Pista;1;;;;;;;;;;1;;1;;
22/09/2020;16:53:00;196;ASV - Acidente SEM Vítima;615;BR-324/BA;Oeste;Colisão Traseira;1;;;;;;;;;1;14;;;;
22/09/2020;18:02:00;213;AV - Acidente com VITIMA;847;BR-116/BA;Norte;Colisão Transversal;;;1;1;;;;;;;1;1;;;
22/09/2020;19:19:00;228;AF - Acidente com Vitima Fatal;537;BR-324/BA;Leste;Colisão Frontal;;;;1;;;;;;1;2;;;;1
22/09/2020;19:35:00;234;ASV - Acidente SEM Vítima;817,4;BR-116/BA;Sul;Colisão Transversal;2;;;;;;;;;;2;;;;
22/09/2020;20:37:00;243;AV - Acidente com VITIMA;534,1;BR-116/BA;Norte;Colisão Traseira;;;;1;;1;;;;;1;;1;;
23/09/2020;11:45:00;125;ASV - Acidente SEM Vítima;829;BR-116/BA;Norte;Colisão Transversal;;;;1;;;;;;;1;;;;
23/09/2020;12:57:00;140;ASV - Acidente SEM Vítima;518;BR-324/BA;Oeste;Colisão Traseira;;;2;;;;;;;;2;;;;
23/09/2020;16:58:00;196;ASV - Acidente SEM Vítima;524;BR-324/BA;Oeste;Saida de Pista;;;1;;;;;;;;1;;;;
23/09/2020;18:48:00;227;ASV - Acidente SEM Vítima;534;BR-324/BA;Oeste;Engavetamento;4;;3;;;;;;;1;17;;;;
24/09/2020;03:01:00;13;ASV - Acidente SEM Vítima;585;BR-116/BA;Sul;Colisão Lateral;;;2;;;;;;;;2;;;;
24/09/2020;06:23:00;28;ASV - Acidente SEM Vítima;618;BR-324/BA;Leste;Choque Contra Objeto Fixo;2;;;;;;;;;;3;;;;
24/09/2020;22:07:00;264;ASV - Acidente SEM Vítima;543;BR-324/BA;Oeste;Saida de Pista;;;1;;;;;;;;1;;;;
25/09/2020;07:30:00;47;AV - Acidente com VITIMA;857,1;BR-116/BA;Norte;Saida de Pista;;;1;;;;;;;;0;1;;;
25/09/2020;09:42:00;94;ASV - Acidente SEM Vítima;534,15;BR-324/BA;Oeste;Colisão Traseira;1;;;;;1;;;;;2;;;;
25/09/2020;09:45:00;95;AV - Acidente com VITIMA;912,5;BR-116/BA;Sul;Colisão Lateral;;;1;1;;;;;;;1;1;;;
25/09/2020;12:34:00;133;AF - Acidente com Vitima Fatal;516;BR-116/BA;Sul;Colisão Lateral;;;1;1;;;;;;;1;;;;1
25/09/2020;14:20:00;159;ASV - Acidente SEM Vítima;622;BR-324/BA;Leste;Colisão Traseira;;;1;;;1;;;;;2;;;;
25/09/2020;14:30:00;164;AV - Acidente com VITIMA;626;BR-324/BA;Leste;Atropelamento de Pedestre;;;;;;;;;;1;1;;;1;
25/09/2020;16:01:00;192;ASV - Acidente SEM Vítima;559,1;BR-324/BA;Oeste;Colisão Traseira;1;;1;;;;;;;;2;;;;
25/09/2020;17:51:00;220;ASV - Acidente SEM Vítima;614;BR-324/BA;Oeste;Queda de Moto;;;;1;;;;;;;1;;;;
25/09/2020;20:31:00;250;ASV - Acidente SEM Vítima;490,3;BR-116/BA;Sul;Colisão Traseira;;;1;;;1;;;;;2;;;;
26/09/2020;00:07:00;3;ASV - Acidente SEM Vítima;543;BR-324/BA;Oeste;Saida de Pista;1;;;;;;;;;;1;;;;
26/09/2020;00:28:00;6;ASV - Acidente SEM Vítima;613;BR-324/BA;Oeste;Colisão Traseira;2;;;;;;;;;;2;;;;
26/09/2020;05:06:00;26;AV - Acidente com VITIMA;523;BR-324/BA;Leste;Tombamento;;;1;;;;;;;;1;1;;;
26/09/2020;05:58:00;29;ASV - Acidente SEM Vítima;551;BR-324/BA;Leste;Colisão Lateral;;;1;;;;;;;1;7;;;;
26/09/2020;09:33:00;95;A PPV - Acidente envolvendo Produto Perigoso com vitima;639,7;BR-116/BA;Norte;Colisão Frontal;1;;1;1;;;;;;;3;2;1;;
26/09/2020;10:33:00;108;ASV - Acidente SEM Vítima;616;BR-324/BA;Oeste;Colisão Traseira;2;;;;;;;;;;2;;;;
26/09/2020;15:47:00;177;ASV - Acidente SEM Vítima;617,5;BR-324/BA;Oeste;Engavetamento;2;;;;;;;;;1;5;;;;
26/09/2020;15:50:00;178;ASV - Acidente SEM Vítima;581;BR-324/BA;Leste;Saida de Pista;;;;;;;;;;1;3;;;;
26/09/2020;16:58:00;192;AV - Acidente com VITIMA;617;BR-324/BA;Oeste;Colisão Traseira;1;;;1;;;;;;;2;;1;;
26/09/2020;18:39:00;219;AV - Acidente com VITIMA;777;BR-116/BA;Sul;Colisão Transversal;1;;;1;;;;;;;1;1;;;
26/09/2020;22:30:00;258;ASV - Acidente SEM Vítima;612,5;BR-324/BA;Leste;Colisão Traseira;2;;;;;;;;;;2;;;;
26/09/2020;23:05:00;261;AV - Acidente com VITIMA;494;BR-116/BA;Norte;Colisão Traseira;1;;;;1;;;;;;35;;1;;
27/09/2020;00:26:00;2;ASV - Acidente SEM Vítima;559;BR-324/BA;Oeste;Saida de Pista;1;;;;;;;;;;1;;;;
27/09/2020;00:57:00;6;AV - Acidente com VITIMA;576,3;BR-116/BA;Sul;Colisão Lateral;2;;;;;;;;;;1;;1;;
27/09/2020;02:54:00;12;ASV - Acidente SEM Vítima;28;BR-116/BA - Cont VC;Norte;Atropelamento de Animal;;;;;;;;;;1;1;;;;
27/09/2020;07:19:00;37;ASV - Acidente SEM Vítima;793,2;BR-116/BA;Norte;Colisão Traseira;1;;;;;1;;;;;4;;;;
27/09/2020;13:24:00;99;AV - Acidente com VITIMA;735;BR-116/BA;Norte;Colisão Traseira;1;;1;;;;;;;;2;1;;;
27/09/2020;16:56:00;151;AV - Acidente com VITIMA;534;BR-324/BA;Oeste;Colisão Lateral;;;;2;;;;;;;0;2;;;
27/09/2020;20:59:00;203;AV - Acidente com VITIMA;11;BR-116/BA - Cont VC;Norte;Colisão Lateral;;;;1;;1;;;;;1;;1;;
27/09/2020;22:45:00;223;ASV - Acidente SEM Vítima;511;BR-116/BA;Norte;Colisão Lateral;;;2;;;;;;;;3;;;;
27/09/2020;23:51:00;235;ASV - Acidente SEM Vítima;897,2;BR-116/BA;Norte;Colisão Traseira;1;;1;;;;;;;;2;;;;
28/09/2020;05:53:00;18;ASV - Acidente SEM Vítima;615;BR-324/BA;Leste;Engavetamento;1;;;1;;1;;;;;3;;;;
28/09/2020;07:51:00;61;ASV - Acidente SEM Vítima;606;BR-324/BA;Leste;Colisão Traseira;;;;;;1;;;;1;2;;;;
28/09/2020;07:59:00;62;ASV - Acidente SEM Vítima;495;BR-116/BA;Norte;Colisão Lateral;;;2;;;;;;;;2;;;;
28/09/2020;09:16:00;96;ASV - Acidente SEM Vítima;528;BR-324/BA;Leste;Engavetamento;;;3;;;;;;;;3;;;;
28/09/2020;10:47:00;119;ASV - Acidente SEM Vítima;847;BR-116/BA;Norte;Colisão Traseira;;;2;;;;;;;;2;;;;
28/09/2020;11:20:00;128;ASV - Acidente SEM Vítima;811;BR-116/BA;Norte;Colisão Traseira;;;;;;1;;;;1;2;;;;
28/09/2020;17:51:00;251;ASV - Acidente SEM Vítima;611,8;BR-324/BA;Leste;Engavetamento;2;;;;;;;;;;4;;;;
28/09/2020;17:56:00;252;ASV - Acidente SEM Vítima;570;BR-324/BA;Leste;Saida de Pista;1;;;;;;;;;;1;;;;
28/09/2020;18:31:00;262;ASV - Acidente SEM Vítima;613,2;BR-324/BA;Leste;Colisão Lateral;1;;1;;;;;;;;2;;;;
29/09/2020;06:14:00;24;AV - Acidente com VITIMA;586;BR-324/BA;Leste;Colisão Lateral;1;;;;;1;;;;;2;;1;;
29/09/2020;06:17:00;25;ASV - Acidente SEM Vítima;655;BR-116/BA;Norte;Colisão Traseira;;;2;;;1;;;;;3;;;;
29/09/2020;10:37:00;112;ASV - Acidente SEM Vítima;571;BR-324/BA;Oeste;Saida de Pista;1;;;;;;;;;;1;;;;
29/09/2020;13:26:00;149;ASV - Acidente SEM Vítima;572,6;BR-324/BA;Oeste;Saida de Pista;;;1;;;;;;;;1;;;;
29/09/2020;14:20:00;164;AV - Acidente com VITIMA;615;BR-324/BA;Oeste;Colisão Lateral;;;;2;;;;;;;2;;1;;
29/09/2020;16:42:00;202;ASV - Acidente SEM Vítima;573;BR-324/BA;Oeste;Colisão Traseira;2;;;;;;;;;;2;;;;
29/09/2020;16:43:00;203;ASV - Acidente SEM Vítima;572,95;BR-324/BA;Oeste;Colisão Lateral;1;;;;;;;;;1;2;;;;
30/09/2020;04:39:00;15;ASV - Acidente SEM Vítima;588;BR-324/BA;Leste;Saida de Pista;;;1;;;;;;;;1;;;;
30/09/2020;07:13:00;52;AV - Acidente com VITIMA;605,8;BR-324/BA;Leste;Queda de Moto;;;;1;;;;;;;0;2;;;
30/09/2020;10:57:00;110;ASV - Acidente SEM Vítima;879;BR-116/BA;Sul;Colisão Lateral;;;4;;;;;;;;5;;;;
30/09/2020;13:11:00;145;ASV - Acidente SEM Vítima;554;BR-324/BA;Oeste;Saida de Pista;;;;;;;;;;1;1;;;;
30/09/2020;14:10:00;164;AV - Acidente com VITIMA;552;BR-324/BA;Oeste;Saida de Pista;;;1;;;;;;;;2;;1;;
30/09/2020;21:40:00;255;ASV - Acidente SEM Vítima;551;BR-324/BA;Oeste;Colisão Traseira;1;;;;;;;;;1;2;;;;
01/10/2020;09:47:00;110;ASV - Acidente SEM Vítima;633,8;BR-116/BA;Norte;Saida de Pista;;;1;;;;;;;;1;;;;
01/10/2020;11:20:00;139;ASV - Acidente SEM Vítima;530;BR-324/BA;Oeste;Saida de Pista;1;;;;;;;;;;2;;;;
01/10/2020;11:23:00;141;ASV - Acidente SEM Vítima;558;BR-324/BA;Oeste;Colisão Traseira;;;2;;;;;;;;2;;;;
01/10/2020;14:39:00;190;ASV - Acidente SEM Vítima;671;BR-116/BA;Norte;Colisão Transversal;2;;;;;;;;;;4;;;;
01/10/2020;14:49:00;196;ASV - Acidente SEM Vítima;613;BR-324/BA;Oeste;Queda de Moto;;;;1;;;;;;;1;;;;
01/10/2020;15:27:00;207;ASV - Acidente SEM Vítima;579,1;BR-116/BA;Norte;Saida de Pista;;;1;;;;;;;;1;;;;
02/10/2020;02:34:00;8;ASV - Acidente SEM Vítima;514;BR-116/BA;Norte;Saida de Pista;;;2;;;;;;;;2;;;;
02/10/2020;08:02:00;66;AV - Acidente com VITIMA;543;BR-324/BA;Oeste;Saida de Pista;1;;;;;;;;;;0;1;;;
02/10/2020;08:52:00;85;ASV - Acidente SEM Vítima;623,5;BR-324/BA;Leste;Engavetamento;1;;;;;2;;;;;3;;;;
02/10/2020;09:16:00;92;ASV - Acidente SEM Vítima;614;BR-324/BA;Oeste;Colisão Traseira;1;;1;;;;;;;;5;;;;
02/10/2020;12:10:00;152;AV - Acidente com VITIMA;826;BR-116/BA;Sul;Colisão Transversal;1;;;1;;;;;;;2;1;;;
02/10/2020;14:28:00;185;ASV - Acidente SEM Vítima;519,9;BR-324/BA;Oeste;Engavetamento;3;;;;;;;;;;3;;;;
02/10/2020;15:24:00;205;ASV - Acidente SEM Vítima;548,3;BR-116/BA;Sul;Saida de Pista;;;1;;;;;;;;1;;;;
02/10/2020;15:40:00;212;AF - Acidente com Vitima Fatal;458;BR-116/BA;Sul;Colisão Traseira;;;2;;;;;;;;2;;;;1
02/10/2020;17:27:00;242;ASV - Acidente SEM Vítima;613;BR-324/BA;Leste;Engavetamento;4;;;;;;;;;;4;;;;
02/10/2020;17:42:00;253;ASV - Acidente SEM Vítima;498;BR-116/BA;Norte;Colisão Traseira;1;;;;;1;;;;;2;;;;
02/10/2020;19:48:00;280;AV - Acidente com VITIMA;832;BR-116/BA;Norte;Colisão Transversal;;;;1;;1;;;;;1;;1;;
03/10/2020;05:53:00;17;ASV - Acidente SEM Vítima;735;BR-116/BA;Norte;Colisão Transversal;;;2;;;;;;;;2;;;;
03/10/2020;07:29:00;37;ASV - Acidente SEM Vítima;608,75;BR-324/BA;Oeste;Engavetamento;4;;;;;;;;;;4;;;;
03/10/2020;09:36:00;70;AF - Acidente com Vitima Fatal;692;BR-116/BA;Sul;Engavetamento;1;;3;;;;;;;;0;2;1;;1
03/10/2020;09:48:00;74;ASV - Acidente SEM Vítima;618;BR-324/BA;Leste;Sequência;3;;;;;;;;;;3;;;;
03/10/2020;13:12:00;127;AV - Acidente com VITIMA;615;BR-324/BA;Oeste;Colisão Lateral;1;;;1;;;;;;;1;;;1;
04/10/2020;05:50:00;24;ASV - Acidente SEM Vítima;560;BR-324/BA;Oeste;Atropelamento de Animal;;;;;;;;;;1;1;;;;
04/10/2020;10:44:00;87;ASV - Acidente SEM Vítima;496;BR-116/BA;Sul;Colisão Traseira;;;3;;;;;;;;3;;;;
04/10/2020;14:09:00;121;ASV - Acidente SEM Vítima;741;BR-116/BA;Sul;Saida de Pista;;;1;;;;;;;;1;;;;
04/10/2020;14:12:00;122;ASV - Acidente SEM Vítima;766;BR-116/BA;Sul;Saida de Pista;1;;;;;;;;;;1;;;;
04/10/2020;15:49:00;149;ASV - Acidente SEM Vítima;569,2;BR-116/BA;Sul;Saida de Pista;;;1;;;;;;;;1;;;;
04/10/2020;17:25:00;170;ASV - Acidente SEM Vítima;518;BR-324/BA;Leste;Queda de Moto;;;;1;;;;;;;1;;;;
04/10/2020;18:07:00;181;AV - Acidente com VITIMA;545,8;BR-324/BA;Leste;Colisão Traseira;1;;;;;;;;;;0;1;2;;
04/10/2020;18:19:00;185;AV - Acidente com VITIMA;607;BR-324/BA;Oeste;Atropelamento de Pedestre;;;;;;1;;;;;1;1;;;
04/10/2020;22:21:00;225;ASV - Acidente SEM Vítima;614;BR-324/BA;Oeste;Colisão Lateral;2;;;;;1;;;;;5;;;;
05/10/2020;06:17:00;19;ASV - Acidente SEM Vítima;913,3;BR-116/BA;Sul;Colisão Traseira;1;;;;;;;;;1;2;;;;
05/10/2020;06:41:00;31;ASV - Acidente SEM Vítima;601,5;BR-324/BA;Leste;Saida de Pista;1;;;;;;;;;;1;;;;
05/10/2020;07:58:00;57;ASV - Acidente SEM Vítima;621;BR-324/BA;Leste;Colisão Lateral;1;;;;;;;;;;1;;;;
05/10/2020;08:23:00;63;ASV - Acidente SEM Vítima;485;BR-116/BA;Norte;Colisão Lateral;1;;2;;;;;;;;4;;;;
05/10/2020;08:49:00;73;ASV - Acidente SEM Vítima;609;BR-324/BA;Leste;Colisão Traseira;1;;1;;;;;;;;8;;;;
05/10/2020;11:26:00;118;ASV - Acidente SEM Vítima;599;BR-324/BA;Leste;Engavetamento;1;;;;;;;;;2;5;;;;
05/10/2020;13:23:00;138;ASV - Acidente SEM Vítima;785,1;BR-116/BA;Norte;Saida de Pista;;;;;;;;;;1;2;;;;
05/10/2020;13:33:00;141;AV - Acidente com VITIMA;759;BR-116/BA;Norte;Engavetamento;;;2;;;1;;;;;1;1;1;;
05/10/2020;16:21:00;175;ASV - Acidente SEM Vítima;622;BR-324/BA;Oeste;Colisão Traseira;1;;;1;;;;;;;2;;;;
05/10/2020;20:05:00;246;ASV - Acidente SEM Vítima;762;BR-116/BA;Norte;Colisão Traseira;;;2;;;;;;;;2;;;;
06/10/2020;07:14:00;31;ASV - Acidente SEM Vítima;542;BR-324/BA;Leste;Engavetamento;;;2;;;;;;;1;4;;;;
06/10/2020;12:26:00;114;AV - Acidente com VITIMA;621;BR-324/BA;Leste;Colisão Lateral;1;;;;;;;;;;0;1;;;
06/10/2020;17:00:00;186;AV - Acidente com VITIMA;618;BR-324/BA;Oeste;Engavetamento;;;1;;;;;;;2;2;2;;;
07/10/2020;03:12:00;11;ASV - Acidente SEM Vítima;0,3;BR-116/BA - ContSuFS;Norte;Tombamento;;;1;;;;;;;;1;;;;
07/10/2020;07:37:00;49;ASV - Acidente SEM Vítima;598,7;BR-324/BA;Leste;Colisão Traseira;2;;;;;;;;;;3;;;;
07/10/2020;09:05:00;85;ASV - Acidente SEM Vítima;541,8;BR-324/BA;Oeste;Engavetamento;1;;;;;3;;;;;7;;;;
07/10/2020;13:46:00;163;A PP - Acidente envolvendo Produto Perigoso;547;BR-324/BA;Oeste;Colisão Traseira;;;2;;;;;;;;2;;;;
07/10/2020;14:19:00;168;ASV - Acidente SEM Vítima;553,5;BR-324/BA;Leste;Capotamento;1;;;;;;;;;;1;;;;
07/10/2020;15:40:00;188;ASV - Acidente SEM Vítima;573;BR-324/BA;Oeste;Colisão Lateral;1;;1;;;;;;;;2;;;;
07/10/2020;17:08:00;210;ASV - Acidente SEM Vítima;802;BR-116/BA;Sul;Engavetamento;;;3;;;;;;;;3;;;;
07/10/2020;17:37:00;219;ASV - Acidente SEM Vítima;574;BR-324/BA;Oeste;Engavetamento;3;;;;;;;;;;4;;;;
07/10/2020;18:03:00;226;ASV - Acidente SEM Vítima;530;BR-324/BA;Leste;Engavetamento;4;;;;;;;;;1;5;;;;
07/10/2020;19:04:00;246;ASV - Acidente SEM Vítima;509;BR-116/BA;Norte;Colisão Traseira;;;1;;;1;;;;;2;;;;
07/10/2020;19:43:00;253;AV - Acidente com VITIMA;573;BR-324/BA;Leste;Saida de Pista;1;;;;;;;;;;0;1;;;
08/10/2020;03:11:00;7;ASV - Acidente SEM Vítima;555,3;BR-324/BA;Leste;Tombamento;;;1;;;;;;;;1;;;;
08/10/2020;09:06:00;76;ASV - Acidente SEM Vítima;453;BR-116/BA;Sul;Tombamento;;;1;;;;;;;;2;;;;
08/10/2020;09:48:00;92;AV - Acidente com VITIMA;625;BR-324/BA;Leste;Colisão Traseira;1;;;1;;;;;;;4;;2;;
08/10/2020;11:25:00;115;ASV - Acidente SEM Vítima;708;BR-116/BA;Sul;Colisão Lateral;1;;1;;;;;;;;4;;;;
08/10/2020;17:41:00;235;ASV - Acidente SEM Vítima;574;BR-324/BA;Oeste;Colisão Traseira;2;;;;;;;;;;6;;;;
08/10/2020;18:07:00;241;AV - Acidente com VITIMA;827,8;BR-116/BA;Sul;Colisão Transversal;;;;1;;;1;;;;1;1;;;
08/10/2020;18:23:00;250;ASV - Acidente SEM Vítima;568;BR-324/BA;Oeste;Engavetamento;2;;;;;;;;;1;3;;;;
08/10/2020;21:57:00;292;ASV - Acidente SEM Vítima;805;BR-116/BA;Sul;Atropelamento de Animal;1;;;;;;;;;;1;;;;
08/10/2020;23:56:00;308;AV - Acidente com VITIMA;887,2;BR-116/BA;Sul;Saida de Pista;;;1;;;;;;;;0;;1;;
09/10/2020;07:21:00;56;AV - Acidente com VITIMA;815;BR-116/BA;Norte;Atropelamento de Animal;;;;;;1;;;;;0;1;;;
09/10/2020;11:10:00;151;ASV - Acidente SEM Vítima;590;BR-324/BA;Oeste;Colisão Lateral;1;;1;;;;;;;;3;;;;
09/10/2020;12:22:00;176;AV - Acidente com VITIMA;565;BR-324/BA;Leste;Engavetamento;2;;;;;;;;;1;4;;;2;
09/10/2020;14:22:00;214;ASV - Acidente SEM Vítima;427,899;BR-116/BA;Sul;Colisão Traseira;2;;;;;;;;;;2;;;;
09/10/2020;16:02:00;252;ASV - Acidente SEM Vítima;582,3;BR-324/BA;Leste;Saida de Pista;1;;;;;;;;;;1;;;;
09/10/2020;16:22:00;260;AV - Acidente com VITIMA;576;BR-324/BA;Oeste;Engavetamento;2;;2;;;;;;;1;6;1;;;
09/10/2020;16:28:00;261;ASV - Acidente SEM Vítima;567;BR-324/BA;Oeste;Colisão Traseira;;;2;;;;;;;;2;;;;
10/10/2020;04:18:00;20;ASV - Acidente SEM Vítima;614;BR-324/BA;Oeste;Capotamento;;;;;;;;;;1;1;;;;
10/10/2020;05:45:00;26;ASV - Acidente SEM Vítima;556,8;BR-324/BA;Oeste;Saida de Pista;1;;;;;;;;;;1;;;;
10/10/2020;06:00:00;29;ASV - Acidente SEM Vítima;605;BR-324/BA;Oeste;Colisão Traseira;2;;;;;;;;;;3;;;;
10/10/2020;12:43:00;156;AV - Acidente com VITIMA;615;BR-324/BA;Leste;Queda de Moto;;;;1;;;;;;;0;1;1;;
10/10/2020;14:06:00;185;AV - Acidente com VITIMA;570;BR-324/BA;Oeste;Saida de Pista;1;;;;;;;;;;1;;2;;
10/10/2020;15:42:00;227;ASV - Acidente SEM Vítima;530,5;BR-324/BA;Oeste;Colisão Traseira;;;;;;;;;;2;4;;;;
10/10/2020;17:25:00;270;ASV - Acidente SEM Vítima;598,1;BR-324/BA;Oeste;Colisão Traseira;1;;;;;1;;;;;2;;;;
11/10/2020;00:10:00;2;AV - Acidente com VITIMA;685,8;BR-116/BA;Sul;Tombamento;;;1;;;;;;;;1;1;;;
11/10/2020;07:02:00;37;AV - Acidente com VITIMA;837;BR-116/BA;Sul;Colisão Lateral;1;;1;;;;;;;;1;;1;;
11/10/2020;08:35:00;70;ASV - Acidente SEM Vítima;445;BR-116/BA;Sul;Colisão Traseira;;;2;;;;;;;;2;;;;
11/10/2020;08:54:00;79;AV - Acidente com VITIMA;746,3;BR-116/BA;Norte;Colisão Traseira;1;;;;;;;;;1;4;1;1;;
11/10/2020;09:20:00;87;AF - Acidente com Vitima Fatal;545;BR-324/BA;Leste;Atropelamento de Pedestre;;;;;;;;;;1;3;;;;1
11/10/2020;17:01:00;204;ASV - Acidente SEM Vítima;837;BR-116/BA;Sul;Colisão Traseira;;;1;;;1;;;;;2;;;;
11/10/2020;19:50:00;242;ASV - Acidente SEM Vítima;7;BR-116/BA - ContSuFS;Norte;Colisão Lateral;1;;1;;;;;;;;2;;;;