data;horario;n_da_ocorrencia;tipo_de_ocorrencia;km;trecho;sentido;tipo_de_acidente;automovel;bicicleta;caminhao;moto;onibus;outros;tracao_animal;transporte_de_cargas_especiais;trator_maquinas;utilitarios;ilesos;levemente_feridos;moderadamente_feridos;gravemente_feridos;mortos
11/10/2020;22:12:00;267;ASV - Acidente SEM Vítima;577,5;BR-324/BA;Leste;Colisão Traseira;1;;;;;;;;;;2;;;;
12/10/2020;11:00:00;110;ASV - Acidente SEM Vítima;833;BR-116/BA;Norte;Engavetamento;;;3;;;;;;;;3;;;;
12/10/2020;11:18:00;115;ASV - Acidente SEM Vítima;578;BR-324/BA;Leste;Colisão Lateral;2;;;;;;;;;;8;;;;
12/10/2020;13:48:00;162;ASV - Acidente SEM Vítima;599;BR-324/BA;Leste;Colisão Traseira;2;;;;;;;;;;2;;;;
12/10/2020;14:28:00;180;ASV - Acidente SEM Vítima;615;BR-324/BA;Oeste;Colisão Traseira;2;;;;;1;;;;;3;;;;
12/10/2020;16:02:00;207;ASV - Acidente SEM Vítima;839;BR-116/BA;Sul;Colisão Traseira;;;2;;;;;;;;2;;;;
12/10/2020;17:47:00;236;AV - Acidente com VITIMA;568;BR-324/BA;Leste;Colisão Traseira;2;;;;;;;;;;8;1;;;
12/10/2020;19:00:00;259;AV - Acidente com VITIMA;583;BR-116/BA;Norte;Saida de Pista;;;1;;;;;;;;0;1;;;
12/10/2020;23:22:00;299;AV - Acidente com VITIMA;567;BR-116/BA;Norte;Saida de Pista;1;;;;;;;;;;1;1;;;
13/10/2020;01:39:00;6;ASV - Acidente SEM Vítima;545;BR-324/BA;Leste;Colisão Lateral;1;;;;;1;;;;;4;;;;
13/10/2020;04:20:00;17;ASV - Acidente SEM Vítima;544,5;BR-116/BA;Norte;Colisão Traseira;2;;;;;;;;;;4;;;;
13/10/2020;05:57:00;25;AV - Acidente com VITIMA;534,2;BR-116/BA;Sul;Colisão Frontal;1;;1;;;;;;;;1;;;1;
13/10/2020;06:59:00;53;AV - Acidente com VITIMA;574;BR-324/BA;Leste;Colisão Traseira;1;;;1;;;;;;;1;;1;;
13/10/2020;07:26:00;63;ASV - Acidente SEM Vítima;1;BR-116/BA - ContSuFS;Norte;Engavetamento;1;;2;;;;;;;;3;;;;
13/10/2020;09:05:00;100;ASV - Acidente SEM Vítima;613;BR-324/BA;Oeste;Engavetamento;3;;;;;;;;;;3;;;;
13/10/2020;09:20:00;105;AV - Acidente com VITIMA;561,4;BR-324/BA;Leste;Capotamento;1;;;;;;;;;;1;1;;;
13/10/2020;11:21:00;144;ASV - Acidente SEM Vítima;607;BR-324/BA;Leste;Colisão Lateral;1;;;1;;;;;;;6;;;;
13/10/2020;19:02:00;274;ASV - Acidente SEM Vítima;542;BR-324/BA;Oeste;Saida de Pista;;;1;;;;;;;;1;;;;
13/10/2020;19:47:00;281;ASV - Acidente SEM Vítima;521;BR-324/BA;Oeste;Colisão Traseira;;;;;;1;;;;1;3;;;;
13/10/2020;20:05:00;285;ASV - Acidente SEM Vítima;518;BR-324/BA;Oeste;Colisão Traseira;1;;1;;;;;;;;5;;;;
14/10/2020;06:06:00;18;AV - Acidente com VITIMA;606,6;BR-324/BA;Leste;Colisão Lateral;2;;;;;;;;;;5;1;;;
14/10/2020;07:07:00;43;ASV - Acidente SEM Vítima;612,9;BR-324/BA;Leste;Sequência;2;;;;;2;;;;;4;;;;
14/10/2020;08:18:00;70;ASV - Acidente SEM Vítima;493,7;BR-116/BA;Sul;Colisão Transversal;1;;1;;;;;;;;3;;;;
14/10/2020;13:58:00;143;ASV - Acidente SEM Vítima;5;BA-526;Norte;Colisão Lateral;;;1;;;1;;;;;2;;;;
14/10/2020;14:55:00;162;ASV - Acidente SEM Vítima;587;BR-324/BA;Leste;Saida de Pista;1;;;;;;;;;;5;;;;
15/10/2020;01:38:00;5;AV - Acidente com VITIMA;555;BR-116/BA;Sul;Queda de Moto;;;;1;;;;;;;0;1;;;
15/10/2020;13:05:00;163;ASV - Acidente SEM Vítima;612;BR-324/BA;Oeste;Queda de Moto;;;;1;;;;;;;2;;;;
15/10/2020;14:26:00;185;ASV - Acidente SEM Vítima;11;BR-116/BA - Cont VC;Sul;Colisão Traseira;1;;1;;;;;;;;2;;;;
15/10/2020;20:31:00;256;ASV - Acidente SEM Vítima;0;BR-116/BA - ContSuFS;Norte;Saida de Pista;;;;;;;;;;1;1;;;;
15/10/2020;22:01:00;262;ASV - Acidente SEM Vítima;842,2;BR-116/BA;Norte;Saida de Pista;;;;;;;;;;1;5;;;;
16/10/2020;00:16:00;2;ASV - Acidente SEM Vítima;552,8;BR-116/BA;Sul;Saida de Pista;;;;;1;;;;;;3;;;;
16/10/2020;06:20:00;28;AV - Acidente com VITIMA;817,7;BR-116/BA;Sul;Colisão Transversal;;;1;1;;;;;;;1;1;;;
16/10/2020;09:56:00;107;ASV - Acidente SEM Vítima;599;BR-324/BA;Leste;Colisão Lateral;1;;1;;;;;;;;3;;;;
16/10/2020;10:04:00;115;ASV - Acidente SEM Vítima;531,5;BR-324/BA;Oeste;Colisão Traseira;;;;;;;;;;2;2;;;;
16/10/2020;10:10:00;118;ASV - Acidente SEM Vítima;532,5;BR-324/BA;Oeste;Colisão Traseira;1;;;1;;;;;;;3;;;;
16/10/2020;10:32:00;127;AV - Acidente com VITIMA;675;BR-116/BA;Norte;Colisão Transversal;;;;2;;;;;;;1;1;;;
16/10/2020;13:37:00;180;ASV - Acidente SEM Vítima;570,5;BR-324/BA;Oeste;Engavetamento;2;;1;;;;;;;;5;;;;
17/10/2020;07:02:00;50;ASV - Acidente SEM Vítima;547,5;BR-324/BA;Oeste;Engavetamento;3;;;;;;;;;;4;;;;
17/10/2020;13:48:00;156;AV - Acidente com VITIMA;18;BR-116/BA - Cont VC;Norte;Colisão Traseira;2;;;;;;;;;;1;1;1;;
17/10/2020;18:24:00;244;AV - Acidente com VITIMA;641,7;BR-116/BA;Norte;Saida de Pista;;;1;;;;;;;;0;1;;;
17/10/2020;19:16:00;254;ASV - Acidente SEM Vítima;446,7;BR-116/BA;Norte;Colisão Traseira;;;2;;;;;;;;2;;;;
17/10/2020;21:57:00;284;AV - Acidente com VITIMA;784;BR-116/BA;Sul;Atropelamento de Pedestre;;;;;;;;;;1;1;1;;;
17/10/2020;22:22:00;290;ASV - Acidente SEM Vítima;525;BR-324/BA;Leste;Saida de Pista;1;;;;;;;;;;1;;;;
17/10/2020;22:26:00;292;AV - Acidente com VITIMA;537;BR-324/BA;Oeste;Queda de Moto;;;;1;;;;;;;0;1;1;;
18/10/2020;00:22:00;5;AV - Acidente com VITIMA;15;BR-116/BA - Cont VC;Sul;Colisão Frontal;;;1;;;;;;;1;1;1;;;
18/10/2020;06:08:00;29;AV - Acidente com VITIMA;812;BR-116/BA;Norte;Choque Contra Objeto Fixo;;;;1;;;;;;;0;;1;;
18/10/2020;07:02:00;34;ASV - Acidente SEM Vítima;458,5;BR-116/BA;Norte;Saida de Pista;1;;;;;;;;;;2;;;;
18/10/2020;07:13:00;37;ASV - Acidente SEM Vítima;469,6;BR-116/BA;Sul;Saida de Pista;1;;;;;;;;;;5;;;;
18/10/2020;10:29:00;96;ASV - Acidente SEM Vítima;909;BR-116/BA;Norte;Colisão Transversal;1;;;1;;;;;;;2;;;;
18/10/2020;11:12:00;103;ASV - Acidente SEM Vítima;842;BR-116/BA;Norte;Colisão Traseira;;;2;;;;;;;;2;;;;
18/10/2020;15:57:00;151;AF - Acidente com Vitima Fatal;735,8;BR-116/BA;Sul;Atropelamento de Pedestre;;;;;;1;;;;;1;;;;1
18/10/2020;16:59:00;170;ASV - Acidente SEM Vítima;490;BR-116/BA;Norte;Saida de Pista;;;1;;;;;;;;1;;;;
18/10/2020;17:59:00;182;ASV - Acidente SEM Vítima;533,7;BR-324/BA;Oeste;Colisão Traseira;2;;;;;;;;;;5;;;;
18/10/2020;19:51:00;201;ASV - Acidente SEM Vítima;530;BR-324/BA;Oeste;Choque Contra Objeto Fixo;1;;;;;;;;;;1;;;;
18/10/2020;22:59:00;223;ASV - Acidente SEM Vítima;616,3;BR-116/BA;Sul;Saida de Pista;1;;;;;;;;;;2;;;;
18/10/2020;23:00:00;224;ASV - Acidente SEM Vítima;530;BR-324/BA;Oeste;Capotamento;;;;;;;;;;1;1;;;;
19/10/2020;05:50:00;21;AV - Acidente com VITIMA;496,6;BR-116/BA;Norte;Colisão Traseira;;;2;;;;;;;;1;1;1;;
19/10/2020;07:53:00;70;ASV - Acidente SEM Vítima;531;BR-324/BA;Oeste;Engavetamento;1;;;;;;;;;2;3;;;;
19/10/2020;07:55:00;71;ASV - Acidente SEM Vítima;828;BR-116/BA;Norte;Colisão Traseira;1;;1;;;;;;;;2;;;;
19/10/2020;08:58:00;85;ASV - Acidente SEM Vítima;511;BR-116/BA;Norte;Colisão Traseira;;;2;;;;;;;;4;;;;
19/10/2020;11:41:00;127;ASV - Acidente SEM Vítima;723;BR-116/BA;Sul;Saida de Pista;1;;;;;;;;;;1;;;;
19/10/2020;17:32:00;230;AV - Acidente com VITIMA;683;BR-116/BA;Sul;Queda de Moto;;;;1;;;;;;;0;;1;;
19/10/2020;17:57:00;237;AV - Acidente com VITIMA;18;BR-116/BA - Cont VC;Sul;Colisão Transversal;2;;;;;;;;;;2;2;;;
19/10/2020;19:57:00;257;ASV - Acidente SEM Vítima;564;BR-324/BA;Oeste;Colisão Traseira;1;;;;;;;;;1;2;;;;
20/10/2020;00:13:00;1;AF - Acidente com Vitima Fatal;558,85;BR-324/BA;Oeste;Atropelamento de Pedestre;1;;;;;;;;;;2;;;;1
20/10/2020;05:27:00;11;ASV - Acidente SEM Vítima;526;BR-324/BA;Leste;Engavetamento;2;;1;;;;;;;;5;;;;
20/10/2020;10:35:00;73;AF - Acidente com Vitima Fatal;631;BR-116/BA;Sul;Atropelamento de Pedestre;;;;;;1;;;;;1;;;;1
20/10/2020;12:38:00;101;AV - Acidente com VITIMA;778,3;BR-116/BA;Sul;Colisão Frontal;1;;;1;;;;;;;1;;1;;
20/10/2020;14:04:00;116;ASV - Acidente SEM Vítima;542;BR-324/BA;Oeste;Colisão Traseira;2;;;;;;;;;;6;;;;
20/10/2020;14:35:00;130;ASV - Acidente SEM Vítima;551;BR-324/BA;Oeste;Engavetamento;1;;1;;;;;;;1;3;;;;
20/10/2020;16:43:00;173;ASV - Acidente SEM Vítima;548;BR-116/BA;Norte;Colisão Lateral;1;;;;1;;;;;;3;;;;
21/10/2020;12:05:00;118;ASV - Acidente SEM Vítima;887;BR-116/BA;Norte;Sequência;1;;3;;;;;;;;4;;;;
22/10/2020;01:04:00;8;ASV - Acidente SEM Vítima;576;BR-324/BA;Leste;Saida de Pista;1;;;;;;;;;;1;;;;
22/10/2020;04:43:00;21;ASV - Acidente SEM Vítima;566;BR-324/BA;Leste;Saida de Pista;;;;;;;;;;1;4;;;;
22/10/2020;06:40:00;35;ASV - Acidente SEM Vítima;616;BR-324/BA;Leste;Engavetamento;3;;1;;;;;;;1;9;;;;
22/10/2020;08:58:00;71;AV - Acidente com VITIMA;614,9;BR-324/BA;Leste;Colisão Lateral;1;;;1;;;;;;;2;2;;;
22/10/2020;11:31:00;118;ASV - Acidente SEM Vítima;833,7;BR-116/BA;Sul;Queda de Moto;;;;1;;;;;;;2;;;;
22/10/2020;13:18:00;136;ASV - Acidente SEM Vítima;578,7;BR-116/BA;Sul;Tombamento;;;1;;;;;;;;1;;;;
22/10/2020;14:57:00;157;AV - Acidente com VITIMA;547;BR-116/BA;Norte;Queda de Moto;;;;1;;;;;;;0;1;;;
22/10/2020;16:01:00;177;AV - Acidente com VITIMA;430;BR-116/BA;Sul;Colisão Traseira;;;;1;;1;;;;;2;1;;;
22/10/2020;16:30:00;187;AV - Acidente com VITIMA;462;BR-116/BA;Sul;Queda de Moto;;;;1;;;;;;;0;1;;;
22/10/2020;18:16:00;220;AV - Acidente com VITIMA;614;BR-324/BA;Oeste;Colisão Lateral;;;1;1;;;;;;;1;;2;;
22/10/2020;19:35:00;236;ASV - Acidente SEM Vítima;596;BR-324/BA;Oeste;Saida de Pista;;;1;;;;;;;;1;;;;
23/10/2020;02:19:00;9;ASV - Acidente SEM Vítima;441,6;BR-116/BA;Norte;Tombamento;;;1;;;;;;;;1;;;;
23/10/2020;06:33:00;27;ASV - Acidente SEM Vítima;731;BR-116/BA;Norte;Saida de Pista;;;;;;;;;;1;2;;;;
23/10/2020;11:14:00;125;AV - Acidente com VITIMA;817,5;BR-116/BA;Sul;Colisão Transversal;1;;;1;;;;;;;0;1;1;;
23/10/2020;13:16:00;166;ASV - Acidente SEM Vítima;569;BR-324/BA;Leste;Saida de Pista;1;;;;;;;;;;1;;;;
23/10/2020;13:53:00;172;ASV - Acidente SEM Vítima;554,6;BR-324/BA;Oeste;Colisão Traseira;;;2;;;;;;;;2;;;;
23/10/2020;19:47:00;271;ASV - Acidente SEM Vítima;543;BR-324/BA;Oeste;Saida de Pista;;;;;;;;;;1;1;;;;
23/10/2020;20:01:00;273;AV - Acidente com VITIMA;900;BR-116/BA;Norte;Atropelamento de Pedestre;;;;;;1;;;;;1;1;;;
24/10/2020;04:46:00;16;ASV - Acidente SEM Vítima;450;BR-116/BA;Sul;Atropelamento de Animal;;;1;;;;;;;;1;;;;
24/10/2020;07:02:00;48;AV - Acidente com VITIMA;28,4;BR-116/BA - Cont VC;Sul;Colisão Frontal;1;;;1;;;;;;;1;;;1;
24/10/2020;07:41:00;56;ASV - Acidente SEM Vítima;541;BR-324/BA;Leste;Saida de Pista;;;;;;;;;;1;1;;;;
24/10/2020;08:20:00;65;AV - Acidente com VITIMA;602;BR-324/BA;Oeste;Saida de Pista;1;;;;;;;;;;1;;1;;
24/10/2020;08:22:00;67;ASV - Acidente SEM Vítima;559;BR-324/BA;Oeste;Colisão Lateral;;;2;;;1;;;;;3;;;;
24/10/2020;12:55:00;131;ASV - Acidente SEM Vítima;576;BR-324/BA;Oeste;Saida de Pista;;;;;;;;;;1;1;;;;
24/10/2020;14:14:00;145;AV - Acidente com VITIMA;617,4;BR-324/BA;Oeste;Engavetamento;2;;;;;;;;;1;5;1;;;
24/10/2020;16:19:00;164;ASV - Acidente SEM Vítima;454,5;BR-116/BA;Sul;Saida de Pista;1;;;;;;;;;;1;;;;
24/10/2020;17:07:00;175;ASV - Acidente SEM Vítima;902,2;BR-116/BA;Norte;Colisão Traseira;;;2;;;;;;;;2;;;;
24/10/2020;18:17:00;184;AV - Acidente com VITIMA;817,5;BR-116/BA;Sul;Colisão Transversal;1;;;1;;;;;;;1;;1;;
24/10/2020;19:58:00;201;ASV - Acidente SEM Vítima;567,1;BR-324/BA;Leste;Saida de Pista;1;;;;;;;;;;1;;;;
25/10/2020;05:56:00;24;ASV - Acidente SEM Vítima;486;BR-116/BA;Sul;Colisão Traseira;;;2;;;;;;;;3;;;;
25/10/2020;06:15:00;30;ASV - Acidente SEM Vítima;530;BR-324/BA;Leste;Colisão Lateral;1;;;;;1;;;;;4;;;;
25/10/2020;08:00:00;50;ASV - Acidente SEM Vítima;550;BR-324/BA;Leste;Sequência;2;;;;;;;;;;2;;;;
25/10/2020;12:37:00;119;AV - Acidente com VITIMA;919,3;BR-116/BA;Sul;Tombamento;;;1;;;;;;;;0;;2;;
25/10/2020;13:44:00;127;ASV - Acidente SEM Vítima;550;BR-324/BA;Oeste;Saida de Pista;1;;;;;;;;;;1;;;;
25/10/2020;14:12:00;132;ASV - Acidente SEM Vítima;565;BR-324/BA;Leste;Queda de Moto;;;;1;;;;;;;1;;;;
25/10/2020;18:41:00;226;ASV - Acidente SEM Vítima;817;BR-116/BA;Sul;Engavetamento;2;;;;;1;;;;;7;;;;
26/10/2020;00:03:00;1;AV - Acidente com VITIMA;597,45;BR-324/BA;Leste;Saida de Pista;1;;;;;;;;;;0;1;;;
26/10/2020;00:30:00;4;AV - Acidente com VITIMA;798;BR-116/BA;Norte;Colisão Lateral;;;2;;;;;;;;2;1;;;
26/10/2020;05:17:00;15;ASV - Acidente SEM Vítima;565;BR-324/BA;Oeste;Saida de Pista;1;;;;;;;;;;1;;;;
26/10/2020;07:03:00;44;AV - Acidente com VITIMA;728;BR-116/BA;Sul;Engavetamento;1;;2;;;;;;;1;5;2;;;
26/10/2020;14:54:00;224;ASV - Acidente SEM Vítima;443;BR-116/BA;Sul;Capotamento;;;1;;;;;;;;3;;;;
26/10/2020;15:59:00;243;ASV - Acidente SEM Vítima;592;BR-324/BA;Leste;Saida de Pista;1;;;;;;;;;;1;;;;
26/10/2020;18:46:00;300;AV - Acidente com VITIMA;618,8;BR-324/BA;Leste;Colisão Lateral;;;;1;;;;;;;0;1;;;
27/10/2020;02:36:00;5;AV - Acidente com VITIMA;856,1;BR-116/BA;Norte;Tombamento;;;1;;;;;;;;0;1;;;
27/10/2020;08:40:00;66;ASV - Acidente SEM Vítima;736;BR-116/BA;Norte;Tombamento;;;1;;;;;;;;2;;;;
27/10/2020;10:04:00;87;ASV - Acidente SEM Vítima;7;BR-116/BA - ContSuFS;Norte;Colisão Frontal;1;;1;;;;;;;;2;;;;
27/10/2020;12:07:00;128;ASV - Acidente SEM Vítima;26,9;BR-116/BA - Cont VC;Norte;Colisão Traseira;;;1;;;;;;;;1;;;;
27/10/2020;14:00:00;152;ASV - Acidente SEM Vítima;600;BR-324/BA;Leste;Colisão Lateral;;;2;;;;;;;;2;;;;
27/10/2020;14:14:00;158;AV - Acidente com VITIMA;544;BR-324/BA;Oeste;Saida de Pista;1;;;;;;;;;;0;;1;1;
27/10/2020;18:58:00;240;AV - Acidente com VITIMA;759;BR-116/BA;Norte;Tombamento;;;1;;;;;;;;0;1;;;
27/10/2020;19:52:00;251;AF - Acidente com Vitima Fatal;830,1;BR-116/BA;Sul;Atropelamento de Pedestre;;;;;;1;;;;;1;;;;1
27/10/2020;21:25:00;262;ASV - Acidente SEM Vítima;586;BR-116/BA;Sul;Saida de Pista;1;;;;;;;;;;1;;;;
27/10/2020;23:54:00;280;ASV - Acidente SEM Vítima;6,8;BR-116/BA - ContSuFS;Norte;Saida de Pista;;;1;;;;;;;;1;;;;
28/10/2020;06:49:00;38;ASV - Acidente SEM Vítima;0;BR-116/BA - ContSuFS;Sul;Tombamento;;;1;;;;;;;;1;;;;
28/10/2020;09:17:00;101;ASV - Acidente SEM Vítima;617;BR-324/BA;Leste;Colisão Traseira;;;1;;;;;;;1;2;;;;
28/10/2020;09:26:00;110;ASV - Acidente SEM Vítima;614;BR-324/BA;Leste;Colisão Lateral;1;;;;;1;;;;;2;;;;
28/10/2020;10:07:00;123;ASV - Acidente SEM Vítima;685;BR-116/BA;Norte;Saida de Pista;;;1;;;;;;;;2;;;;
28/10/2020;11:08:00;147;ASV - Acidente SEM Vítima;599;BR-324/BA;Oeste;Colisão Traseira;1;;1;;;;;;;;2;;;;
28/10/2020;12:43:00;184;ASV - Acidente SEM Vítima;471;BR-116/BA;Sul;Tombamento;;;1;;;;;;;;1;;;;
28/10/2020;15:06:00;228;ASV - Acidente SEM Vítima;3;BA-528;Norte;Colisão Frontal;2;;;;;;;;;;2;;;;
28/10/2020;17:26:00;274;ASV - Acidente SEM Vítima;599;BR-324/BA;Oeste;Colisão Lateral;1;;1;;;;;;;;4;;;;
28/10/2020;18:03:00;285;ASV - Acidente SEM Vítima;501,95;BR-116/BA;Sul;Engavetamento;2;;;;;1;;;;;4;;;;
28/10/2020;18:25:00;290;ASV - Acidente SEM Vítima;613;BR-324/BA;Oeste;Colisão Lateral;1;;;;1;;;;;;47;;;;
29/10/2020;01:42:00;11;ASV - Acidente SEM Vítima;558;BR-324/BA;Oeste;Saida de Pista;1;;;;;;;;;;1;;;;
29/10/2020;02:50:00;17;ASV - Acidente SEM Vítima;661,2;BR-116/BA;Norte;Tombamento;;;1;;;;;;;;2;;;;
29/10/2020;04:47:00;26;ASV - Acidente SEM Vítima;700;BR-116/BA;Sul;Colisão Traseira;;;2;;;;;;;;2;;;;
29/10/2020;05:12:00;30;AF - Acidente com Vitima Fatal;442;BR-116/BA;Sul;Saida de Pista;;;1;;;;;;;;0;;;1;1
29/10/2020;08:47:00;83;ASV - Acidente SEM Vítima;615,7;BR-324/BA;Leste;Engavetamento;1;;1;;;;;;;1;5;;;;
29/10/2020;11:40:00;139;ASV - Acidente SEM Vítima;559;BR-324/BA;Leste;Saida de Pista;1;;;;;;;;;;1;;;;
29/10/2020;17:12:00;232;ASV - Acidente SEM Vítima;572;BR-324/BA;Oeste;Colisão Traseira;1;;1;;;;;;;;2;;;;
29/10/2020;19:33:00;269;AV - Acidente com VITIMA;14;BR-116/BA - Cont VC;Norte;Sequência;1;;;1;;;;;;;0;;2;1;
29/10/2020;22:36:00;285;ASV - Acidente SEM Vítima;604;BR-116/BA;Sul;Tombamento;;;1;;;;;;;;1;;;;
29/10/2020;23:21:00;292;ASV - Acidente SEM Vítima;603;BR-324/BA;Leste;Colisão Lateral;;;1;;;;;;;1;3;;;;
30/10/2020;00:35:00;2;ASV - Acidente SEM Vítima;662,3;BR-116/BA;Sul;Saida de Pista;1;;;;;;;;;;1;;;;
30/10/2020;03:22:00;16;ASV - Acidente SEM Vítima;926;BR-116/BA;Sul;Saida de Pista;1;;;;;;;;;;5;;;;
30/10/2020;05:02:00;19;AV - Acidente com VITIMA;596,05;BR-324/BA;Leste;Colisão Lateral;;;3;;;;;;;;3;1;;;
30/10/2020;06:17:00;35;ASV - Acidente SEM Vítima;595;BR-324/BA;Oeste;Colisão Traseira;1;;;;;;;;;1;2;;;;
30/10/2020;10:58:00;123;AV - Acidente com VITIMA;14;BR-116/BA - Cont VC;Sul;Colisão Lateral;1;;;1;;;;;;;2;2;;;
30/10/2020;11:26:00;128;ASV - Acidente SEM Vítima;4,4;BR-116/BA - ContSuFS;Sul;Engavetamento;3;;;;;;;;;;3;;;;
30/10/2020;15:04:00;181;ASV - Acidente SEM Vítima;603,5;BR-116/BA;Sul;Colisão Traseira;;;2;;;;;;;;2;;;;
30/10/2020;16:17:00;212;ASV - Acidente SEM Vítima;861;BR-116/BA;Norte;Saida de Pista;1;;;;;;;;;;1;;;;
30/10/2020;16:31:00;215;ASV - Acidente SEM Vítima;552,1;BR-324/BA;Oeste;Colisão Traseira;2;;;;;;;;;;4;;;;
31/10/2020;02:12:00;9;AV - Acidente com VITIMA;3;BR-116/BA - Cont VC;Norte;Atropelamento de Animal;1;;;;;;;;;;0;;1;;
31/10/2020;04:59:00;18;ASV - Acidente SEM Vítima;524,8;BR-324/BA;Leste;Saida de Pista;1;;;;;1;;;;;3;;;;
31/10/2020;06:44:00;41;ASV - Acidente SEM Vítima;865;BR-116/BA;Norte;Saida de Pista;1;;;;;;;;;;1;;;;
31/10/2020;09:27:00;96;ASV - Acidente SEM Vítima;439;BR-116/BA;Norte;Choque Contra Objeto Fixo;1;;;;;;;;;;1;;;;
31/10/2020;09:50:00;104;ASV - Acidente SEM Vítima;569;BR-324/BA;Oeste;Engavetamento;2;;;1;;1;;;;;4;;;;
31/10/2020;12:49:00;146;AV - Acidente com VITIMA;569;BR-116/BA;Norte;Queda de Moto;;;;;;1;;;;;0;1;;;
31/10/2020;15:34:00;191;ASV - Acidente SEM Vítima;814;BR-116/BA;Norte;Colisão Transversal;1;;;1;;;;;;;2;;;;
31/10/2020;19:04:00;252;ASV - Acidente SEM Vítima;534;BR-324/BA;Leste;Saida de Pista;;;;;;;;;;1;1;;;;
31/10/2020;19:20:00;256;AV - Acidente com VITIMA;829,1;BR-116/BA;Norte;Colisão Lateral;;;;1;;1;;;;;1;;;1;
01/11/2020;00:57:00;3;ASV - Acidente SEM Vítima;15,7;BR-116/BA - Cont VC;Norte;Colisão Traseira;1;;1;;;1;;;;;3;;;;
01/11/2020;01:10:00;4;AF - Acidente com Vitima Fatal;808,9;BR-116/BA;Norte;Atropelamento de Pedestre;;;;;;1;;;;;1;;;;1
01/11/2020;04:06:00;9;AV - Acidente com VITIMA;546;BR-116/BA;Norte;Colisão Lateral;;;1;1;;;;;;;1;1;;;
01/11/2020;05:56:00;13;AV - Acidente com VITIMA;640;BR-116/BA;Norte;Saida de Pista;;;1;;;;;;;;0;1;;;
01/11/2020;05:58:00;14;ASV - Acidente SEM Vítima;520;BR-324/BA;Leste;Choque Contra Objeto Fixo;1;;;;;;;;;;1;;;;
01/11/2020;06:21:00;19;ASV - Acidente SEM Vítima;441;BR-116/BA;Sul;Saida de Pista;1;;;;;;;;;;4;;;;
01/11/2020;07:03:00;25;ASV - Acidente SEM Vítima;13;BR-116/BA - Cont VC;Norte;Colisão Traseira;1;;;1;;;;;;;2;;;;
01/11/2020;07:53:00;37;ASV - Acidente SEM Vítima;5;BA-526;Sul;Saida de Pista;1;;;;;;;;;;1;;;;
01/11/2020;12:14:00;104;ASV - Acidente SEM Vítima;440;BR-116/BA;Sul;Saida de Pista;;;1;;;;;;;;1;;;;
01/11/2020;13:50:00;126;ASV - Acidente SEM Vítima;616,7;BR-324/BA;Leste;Saida de Pista;;;;;1;;;;;;17;;;;
01/11/2020;21:07:00;213;AV - Acidente com VITIMA;571;BR-324/BA;Leste;Colisão Traseira;2;;;;;;;;;;2;2;1;;
02/11/2020;09:33:00;79;ASV - Acidente SEM Vítima;886,2;BR-116/BA;Sul;Colisão Lateral;1;;;;;1;;;;;5;;;;
02/11/2020;13:53:00;127;ASV - Acidente SEM Vítima;596,3;BR-324/BA;Leste;Saida de Pista;1;;;;;;;;;;4;;;;
02/11/2020;15:50:00;157;AV - Acidente com VITIMA;527;BR-324/BA;Oeste;Colisão Traseira;;;;1;;1;;;;;2;1;;;
02/11/2020;16:07:00;163;ASV - Acidente SEM Vítima;577;BR-324/BA;Leste;Engavetamento;3;;;;;;;;;;8;;;;
02/11/2020;16:41:00;175;AV - Acidente com VITIMA;543;BR-116/BA;Norte;Colisão Lateral;1;;2;;;;;;;;2;1;;;
02/11/2020;17:39:00;194;AV - Acidente com VITIMA;451;BR-116/BA;Norte;Saida de Pista;1;;;;;;;;;;0;3;;;
02/11/2020;17:43:00;197;ASV - Acidente SEM Vítima;585,6;BR-324/BA;Leste;Engavetamento;4;;;;;;;;;;11;;;;
02/11/2020;17:47:00;198;ASV - Acidente SEM Vítima;580;BR-324/BA;Leste;Saida de Pista;1;;;;;;;;;;1;;;;
02/11/2020;18:10:00;202;ASV - Acidente SEM Vítima;604,9;BR-324/BA;Leste;Engavetamento;1;;;;;2;;;;;6;;;;
02/11/2020;18:33:00;206;ASV - Acidente SEM Vítima;584;BR-324/BA;Leste;Colisão Traseira;2;;;;;;;;;;2;;;;
02/11/2020;18:58:00;212;ASV - Acidente SEM Vítima;607;BR-324/BA;Leste;Colisão Traseira;1;;1;;;;;;;;2;;;;
02/11/2020;20:05:00;227;ASV - Acidente SEM Vítima;510,5;BR-116/BA;Sul;Saida de Pista;1;;;;;;;;;;1;;;;
02/11/2020;20:52:00;234;ASV - Acidente SEM Vítima;578;BR-324/BA;Leste;Engavetamento;1;;;;;2;;;;;3;;;;
03/11/2020;04:50:00;15;ASV - Acidente SEM Vítima;531;BR-324/BA;Leste;Saida de Pista;;;1;;;;;;;;1;;;;
03/11/2020;07:55:00;74;ASV - Acidente SEM Vítima;600;BR-324/BA;Leste;Colisão Traseira;1;;;;;1;;;;;2;;;;
03/11/2020;08:09:00;81;ASV - Acidente SEM Vítima;806,9;BR-116/BA;Sul;Saida de Pista;1;;;;;;;;;;3;;;;
03/11/2020;08:16:00;85;ASV - Acidente SEM Vítima;600;BR-324/BA;Leste;Colisão Traseira;2;;;;;;;;;;2;;;;