data;horario;n_da_ocorrencia;tipo_de_ocorrencia;km;trecho;sentido;tipo_de_acidente;automovel;bicicleta;caminhao;moto;onibus;outros;tracao_animal;transporte_de_cargas_especiais;trator_maquinas;utilitarios;ilesos;levemente_feridos;moderadamente_feridos;gravemente_feridos;mortos
03/11/2020;08:30:00;92;ASV - Acidente SEM Vítima;834;BR-116/BA;Sul;Colisão Traseira;2;;;;;;;;;;6;;;;
03/11/2020;09:16:00;112;ASV - Acidente SEM Vítima;601;BR-324/BA;Leste;Engavetamento;;;3;;;;;;;;3;;;;
03/11/2020;09:37:00;124;ASV - Acidente SEM Vítima;611;BR-324/BA;Oeste;Engavetamento;2;;;;;3;;;;;5;;;;
03/11/2020;09:40:00;126;ASV - Acidente SEM Vítima;576;BR-324/BA;Oeste;Saida de Pista;1;;;;;;;;;;1;;;;
03/11/2020;13:00:00;205;ASV - Acidente SEM Vítima;591;BR-324/BA;Leste;Saida de Pista;1;;;;;;;;;;1;;;;
03/11/2020;14:10:00;225;ASV - Acidente SEM Vítima;590;BR-116/BA;Sul;Saida de Pista;;;;;;;;;;1;2;;;;
03/11/2020;14:53:00;245;ASV - Acidente SEM Vítima;829,4;BR-116/BA;Norte;Colisão Traseira;;;2;;;;;;;;2;;;;
03/11/2020;15:08:00;247;ASV - Acidente SEM Vítima;564;BR-324/BA;Oeste;Engavetamento;1;;2;;;;;;;;3;;;;
03/11/2020;15:15:00;248;ASV - Acidente SEM Vítima;614;BR-324/BA;Leste;Engavetamento;1;;;;;;;;;;1;;;;
03/11/2020;15:52:00;259;ASV - Acidente SEM Vítima;579;BR-324/BA;Leste;Saida de Pista;1;;;;;;;;;;1;;;;
03/11/2020;17:40:00;293;ASV - Acidente SEM Vítima;602,7;BR-324/BA;Leste;Engavetamento;3;;;;;;;;;;3;;;;
03/11/2020;17:48:00;296;ASV - Acidente SEM Vítima;603;BR-324/BA;Leste;Choque Contra Objeto Fixo;1;;;;;;;;;;1;;;;
03/11/2020;19:25:00;314;ASV - Acidente SEM Vítima;625;BR-324/BA;Leste;Engavetamento;3;;;;;;;;;;4;;;;
03/11/2020;21:22:00;335;AV - Acidente com VITIMA;618;BR-324/BA;Leste;Atropelamento de Pedestre;;;;;1;;;;;;1;;1;;
04/11/2020;04:32:00;15;ASV - Acidente SEM Vítima;728,5;BR-116/BA;Sul;Colisão Traseira;2;;;;;;;;;;2;;;;
04/11/2020;07:24:00;57;AV - Acidente com VITIMA;616,05;BR-324/BA;Leste;Colisão Traseira;1;;;1;;;;;;;1;;1;;
04/11/2020;09:31:00;97;ASV - Acidente SEM Vítima;432;BR-116/BA;Norte;Choque Contra Objeto Fixo;1;;;;;;;;;;1;;;;
04/11/2020;10:02:00;107;ASV - Acidente SEM Vítima;918;BR-116/BA;Norte;Saida de Pista;1;;;;;;;;;;1;;;;
04/11/2020;13:29:00;165;AV - Acidente com VITIMA;713,199;BR-116/BA;Sul;Saida de Pista;;;2;;;;;;;;0;2;;;
04/11/2020;22:11:00;263;ASV - Acidente SEM Vítima;526;BR-324/BA;Leste;Colisão Lateral;;;2;;;;;;;;2;;;;
05/11/2020;00:25:00;2;ASV - Acidente SEM Vítima;546;BR-324/BA;Oeste;Colisão Traseira;;;2;;;;;;;;2;;;;
05/11/2020;08:10:00;71;AV - Acidente com VITIMA;29;BR-116/BA - Cont VC;Sul;Queda de Moto;;;;1;;;;;;;0;1;;;
05/11/2020;18:45:00;237;ASV - Acidente SEM Vítima;818;BR-116/BA;Norte;Saida de Pista;1;;;;;;;;;;1;;;;
06/11/2020;11:00:00;118;ASV - Acidente SEM Vítima;599;BR-324/BA;Oeste;Engavetamento;;;2;;;;;;;1;3;;;;
06/11/2020;11:51:00;134;ASV - Acidente SEM Vítima;673,15;BR-116/BA;Norte;Choque Contra Objeto Fixo;1;;;;;;;;;;1;;;;
06/11/2020;17:02:00;238;ASV - Acidente SEM Vítima;596;BR-324/BA;Oeste;Engavetamento;2;;1;;;;;;;;3;;;;
06/11/2020;17:21:00;244;ASV - Acidente SEM Vítima;638;BR-116/BA;Norte;Colisão Lateral;2;;;;;;;;;;7;;;;
06/11/2020;17:31:00;248;ASV - Acidente SEM Vítima;924;BR-116/BA;Sul;Colisão Traseira;;;2;;;;;;;;2;;;;
07/11/2020;03:07:00;19;ASV - Acidente SEM Vítima;550;BR-324/BA;Leste;Saida de Pista;;;1;;;;;;;;1;;;;
07/11/2020;05:44:00;30;AV - Acidente com VITIMA;429;BR-116/BA;Sul;Queda de Moto;;;;1;;;;;;;0;1;;;
07/11/2020;07:01:00;49;ASV - Acidente SEM Vítima;627,5;BR-116/BA;Sul;Engavetamento;;;2;;;1;;;;;3;;;;
07/11/2020;07:53:00;62;AV - Acidente com VITIMA;813;BR-116/BA;Norte;Colisão Transversal;1;;;1;;;;;;;1;1;;;
07/11/2020;07:58:00;64;ASV - Acidente SEM Vítima;563;BR-324/BA;Oeste;Colisão Traseira;1;;;;;1;;;;1;7;;;;
07/11/2020;08:03:00;68;ASV - Acidente SEM Vítima;910,2;BR-116/BA;Norte;Colisão Traseira;;;2;;;;;;;;2;;;;
07/11/2020;16:08:00;164;ASV - Acidente SEM Vítima;493,5;BR-116/BA;Sul;Sequência;;;3;;;;;;;;3;;;;
07/11/2020;16:25:00;171;ASV - Acidente SEM Vítima;565;BR-324/BA;Leste;Colisão Lateral;1;;1;;;;;;;;2;;;;
07/11/2020;18:25:00;195;AV - Acidente com VITIMA;567,5;BR-324/BA;Leste;Atropelamento de Animal;1;;;;;;1;;;;2;;1;;
07/11/2020;18:53:00;200;ASV - Acidente SEM Vítima;581;BR-116/BA;Sul;Colisão Traseira;;;1;;;1;;;;;2;;;;
07/11/2020;23:52:00;237;AF - Acidente com Vitima Fatal;538,5;BR-116/BA;Sul;Colisão Frontal;1;;1;;;;;;;;2;;;;7
08/11/2020;02:52:00;12;ASV - Acidente SEM Vítima;614;BR-324/BA;Oeste;Colisão Traseira;1;;1;;;;;;;;2;;;;
08/11/2020;09:45:00;72;ASV - Acidente SEM Vítima;5;BR-116/BA - Cont VC;Norte;Colisão Traseira;1;;1;;;;;;;;2;;;;
08/11/2020;15:57:00;148;ASV - Acidente SEM Vítima;566,8;BR-116/BA;Norte;Colisão Traseira;;;1;;;1;;;;;2;;;;
08/11/2020;17:00:00;163;ASV - Acidente SEM Vítima;845,5;BR-116/BA;Norte;Engavetamento;;;2;;;1;;;;;3;;;;
08/11/2020;18:05:00;173;ASV - Acidente SEM Vítima;545;BR-324/BA;Leste;Colisão Lateral;1;;;;;1;;;;;2;;;;
08/11/2020;20:10:00;192;ASV - Acidente SEM Vítima;683,6;BR-116/BA;Norte;Saida de Pista;;;1;;;;;;;;1;;;;
08/11/2020;21:06:00;198;AV - Acidente com VITIMA;821;BR-116/BA;Sul;Colisão Traseira;2;;;;;;;;;;1;2;;;
09/11/2020;06:12:00;32;ASV - Acidente SEM Vítima;530;BR-324/BA;Leste;Colisão Traseira;1;;;1;;;;;;;4;;;;
09/11/2020;06:15:00;34;ASV - Acidente SEM Vítima;609;BR-324/BA;Oeste;Choque Contra Objeto Fixo;1;;;;;;;;;;1;;;;
09/11/2020;08:18:00;92;AV - Acidente com VITIMA;607,95;BR-324/BA;Leste;Queda de Moto;;;;1;;1;;;;;1;1;;;
09/11/2020;09:36:00;120;ASV - Acidente SEM Vítima;611;BR-324/BA;Leste;Saida de Pista;1;;;;;1;;;;;4;;;;
09/11/2020;11:28:00;160;ASV - Acidente SEM Vítima;614;BR-324/BA;Leste;Colisão Traseira;;;;;1;1;;;;;4;;;;
09/11/2020;17:51:00;269;AV - Acidente com VITIMA;6,7;BR-116/BA - ContSuFS;Sul;Colisão Traseira;;;;1;;1;;;;;1;1;;;
09/11/2020;19:39:00;301;ASV - Acidente SEM Vítima;819;BR-116/BA;Sul;Saida de Pista;1;;;;;;;;;;3;;;;
09/11/2020;22:50:00;331;AV - Acidente com VITIMA;14;BR-116/BA - Cont VC;Norte;Atropelamento de Pedestre;;;;;;1;;;;;1;1;;;
09/11/2020;23:31:00;337;AV - Acidente com VITIMA;749;BR-116/BA;Sul;Colisão Traseira;;;2;;;;;;;;2;1;;;
10/11/2020;08:30:00;73;ASV - Acidente SEM Vítima;621;BR-324/BA;Leste;Colisão Traseira;2;;;;;;;;;;4;;;;
10/11/2020;09:29:00;89;ASV - Acidente SEM Vítima;439;BR-116/BA;Norte;Colisão Lateral;1;;;;;;;;;1;2;;;;
10/11/2020;10:23:00;103;AV - Acidente com VITIMA;527;BR-324/BA;Oeste;Atropelamento de Pedestre;;;1;;;;;;;;1;;;1;
10/11/2020;11:33:00;120;ASV - Acidente SEM Vítima;738;BR-116/BA;Norte;Colisão Transversal;;;1;;;1;;;;;2;;;;
10/11/2020;16:50:00;206;AV - Acidente com VITIMA;12,5;BR-116/BA - Cont VC;Sul;Colisão Lateral;1;;;1;;;;;;;2;;2;;
10/11/2020;19:24:00;247;ASV - Acidente SEM Vítima;623;BR-324/BA;Oeste;Colisão Traseira;1;;;;;;;;;1;3;;;;
10/11/2020;19:47:00;253;ASV - Acidente SEM Vítima;601;BR-324/BA;Leste;Sequência;2;;1;;;;;;;;5;;;;
10/11/2020;21:02:00;275;AV - Acidente com VITIMA;537;BR-324/BA;Oeste;Colisão Transversal;2;;;;;;;;;;2;;1;;
10/11/2020;21:47:00;285;ASV - Acidente SEM Vítima;550;BR-324/BA;Leste;Saida de Pista;1;;;;;;;;;;1;;;;
10/11/2020;23:33:00;296;ASV - Acidente SEM Vítima;621,7;BR-116/BA;Sul;Colisão Traseira;;;2;;;;;;;;2;;;;
11/11/2020;03:11:00;10;ASV - Acidente SEM Vítima;556,9;BR-116/BA;Sul;Saida de Pista;;;1;;;;;;;;1;;;;
11/11/2020;09:37:00;96;ASV - Acidente SEM Vítima;817,8;BR-116/BA;Sul;Colisão Transversal;2;;;;;;;;;;2;;;;
11/11/2020;10:54:00;125;ASV - Acidente SEM Vítima;842;BR-116/BA;Norte;Colisão Lateral;;;1;;;;;;;1;2;;;;
11/11/2020;11:40:00;138;ASV - Acidente SEM Vítima;641;BR-116/BA;Sul;Saida de Pista;;;;;;;;;;1;1;;;;
11/11/2020;11:54:00;141;ASV - Acidente SEM Vítima;616;BR-116/BA;Sul;Saida de Pista;1;;;;;;;;;;1;;;;
11/11/2020;14:22:00;181;AF - Acidente com Vitima Fatal;578,85;BR-324/BA;Oeste;Saida de Pista;;;1;;;;;;;;1;1;;;1
11/11/2020;17:02:00;233;ASV - Acidente SEM Vítima;541,6;BR-324/BA;Oeste;Engavetamento;1;;1;;;1;;;;;3;;;;
11/11/2020;17:07:00;235;ASV - Acidente SEM Vítima;626;BR-324/BA;Oeste;Colisão Lateral;2;;;;;;;;;;4;;;;
11/11/2020;18:50:00;272;ASV - Acidente SEM Vítima;624;BR-324/BA;Oeste;Colisão Lateral;1;;;1;;;;;;;2;;;;
11/11/2020;18:52:00;273;ASV - Acidente SEM Vítima;766;BR-116/BA;Sul;Colisão Traseira;;;1;;;1;;;;;2;;;;
12/11/2020;13:53:00;175;ASV - Acidente SEM Vítima;587,5;BR-324/BA;Leste;Saida de Pista;1;;;;;;;;;;1;;;;
12/11/2020;17:23:00;251;ASV - Acidente SEM Vítima;528;BR-116/BA;Norte;Colisão Traseira;;;2;;;;;;;;2;;;;
12/11/2020;19:48:00;285;ASV - Acidente SEM Vítima;907,5;BR-116/BA;Sul;Colisão Traseira;1;;;;;1;;;;;2;;;;
13/11/2020;04:14:00;19;ASV - Acidente SEM Vítima;9,6;BR-116/BA - Cont VC;Norte;Saida de Pista;1;;;;;;;;;;1;;;;
13/11/2020;10:20:00;105;ASV - Acidente SEM Vítima;799;BR-116/BA;Sul;Sequência;1;;;;;1;;;;;3;;;;
13/11/2020;16:45:00;223;ASV - Acidente SEM Vítima;583;BR-324/BA;Leste;Saida de Pista;;;;;;;;;;1;1;;;;
13/11/2020;17:10:00;237;AV - Acidente com VITIMA;815,05;BR-116/BA;Sul;Outros;;;;1;;;;;;;0;1;;;
13/11/2020;17:39:00;244;ASV - Acidente SEM Vítima;523;BR-324/BA;Leste;Colisão Lateral;1;;1;;;;;;;;6;;;;
13/11/2020;17:58:00;255;ASV - Acidente SEM Vítima;481;BR-116/BA;Norte;Saida de Pista;;;1;;;;;;;;1;;;;
13/11/2020;18:02:00;257;ASV - Acidente SEM Vítima;575;BR-324/BA;Oeste;Engavetamento;4;;;;;;;;;;15;;;;
13/11/2020;19:02:00;273;ASV - Acidente SEM Vítima;578;BR-324/BA;Oeste;Colisão Traseira;1;;;;;1;;;;;3;;;;
13/11/2020;19:04:00;274;ASV - Acidente SEM Vítima;556;BR-324/BA;Leste;Colisão Traseira;1;;2;;;;;;;;3;;;;
13/11/2020;19:27:00;284;ASV - Acidente SEM Vítima;592;BR-324/BA;Oeste;Tombamento;;;1;;;;;;;;1;;;;
13/11/2020;20:00:00;322;ASV - Acidente SEM Vítima;576;BR-324/BA;Oeste;Colisão Traseira;2;;;;;;;;;;7;;;;
14/11/2020;03:01:00;21;ASV - Acidente SEM Vítima;474;BR-116/BA;Norte;Saida de Pista;1;;;;;;;;;;1;;;;
14/11/2020;07:34:00;44;ASV - Acidente SEM Vítima;556;BR-324/BA;Oeste;Engavetamento;2;;;;;1;;;;1;4;;;;
14/11/2020;08:24:00;59;ASV - Acidente SEM Vítima;565;BR-324/BA;Oeste;Engavetamento;2;;;;;1;;;;;3;;;;
14/11/2020;10:09:00;85;AV - Acidente com VITIMA;774,9;BR-116/BA;Norte;Queda de Moto;;;;;;1;;;;;1;1;1;;
14/11/2020;10:25:00;88;ASV - Acidente SEM Vítima;579,9;BR-324/BA;Oeste;Colisão Lateral;;;;1;;;;;;1;2;;;;
14/11/2020;12:11:00;108;ASV - Acidente SEM Vítima;666,2;BR-116/BA;Sul;Saida de Pista;1;;;;;;;;;;1;;;;
14/11/2020;12:12:00;109;ASV - Acidente SEM Vítima;7,05;BR-116/BA - Cont VC;Norte;Colisão Traseira;;;1;;1;;;;;;2;;;;
14/11/2020;12:17:00;111;ASV - Acidente SEM Vítima;582,4;BR-324/BA;Leste;Saida de Pista;1;;;;;;;;;;1;;;;
14/11/2020;13:02:00;121;AV - Acidente com VITIMA;858;BR-116/BA;Sul;Queda de Moto;;;;;;1;;;;;1;1;;;
14/11/2020;14:00:00;136;ASV - Acidente SEM Vítima;431;BR-116/BA;Norte;Saida de Pista;;;1;;;;;;;;1;;;;
14/11/2020;14:59:00;154;ASV - Acidente SEM Vítima;793;BR-116/BA;Norte;Colisão Traseira;1;;1;;;;;;;;2;;;;
14/11/2020;15:53:00;165;AV - Acidente com VITIMA;792,7;BR-116/BA;Sul;Engavetamento;1;;1;;1;1;;;;;13;2;;;
14/11/2020;16:53:00;180;AV - Acidente com VITIMA;819;BR-116/BA;Norte;Colisão Transversal;;;;1;;;;;;1;1;1;;;
14/11/2020;18:05:00;209;AV - Acidente com VITIMA;5;BR-116/BA - ContSuFS;Norte;Colisão Lateral;;;;1;;1;;;;;1;1;;;
14/11/2020;18:12:00;214;AV - Acidente com VITIMA;560;BR-324/BA;Oeste;Colisão Transversal;1;;;1;;;;;;;1;;;2;
15/11/2020;03:48:00;11;ASV - Acidente SEM Vítima;617;BR-324/BA;Oeste;Saida de Pista;1;;;;;;;;;;1;;;;
15/11/2020;05:25:00;14;ASV - Acidente SEM Vítima;534;BR-116/BA;Norte;Colisão Lateral;1;;;;;1;;;;;2;;;;
15/11/2020;07:02:00;23;AV - Acidente com VITIMA;664;BR-116/BA;Norte;Sequência;2;;1;;;;;;;;1;;2;;
15/11/2020;10:36:00;50;ASV - Acidente SEM Vítima;916;BR-116/BA;Norte;Colisão Traseira;;;2;;;;;;;;2;;;;
15/11/2020;11:02:00;56;AV - Acidente com VITIMA;904;BR-116/BA;Norte;Saida de Pista;;;1;;;;;;;;0;;1;;
15/11/2020;11:17:00;58;ASV - Acidente SEM Vítima;506,5;BR-116/BA;Sul;Colisão Lateral;;;2;;;;;;;;3;;;;
15/11/2020;12:57:00;83;AV - Acidente com VITIMA;431;BR-116/BA;Sul;Colisão Transversal;1;;;1;;;;;;;4;;;1;
15/11/2020;16:28:00;126;ASV - Acidente SEM Vítima;717;BR-116/BA;Norte;Saida de Pista;;;1;;;;;;;;1;;;;
15/11/2020;17:45:00;146;AV - Acidente com VITIMA;666,001;BR-116/BA;Sul;Colisão Lateral;1;;1;;;;;;;;1;1;5;;
15/11/2020;19:48:00;167;AV - Acidente com VITIMA;593;BR-324/BA;Oeste;Saida de Pista;1;;;;;;;;;;0;2;;;
15/11/2020;20:28:00;173;AV - Acidente com VITIMA;622;BR-324/BA;Leste;Atropelamento de Pedestre;1;;;;;;;;;;1;;;1;
15/11/2020;21:50:00;185;ASV - Acidente SEM Vítima;586;BR-324/BA;Leste;Saida de Pista;;;;;;;;;;1;1;;;;
15/11/2020;23:01:00;195;ASV - Acidente SEM Vítima;620;BR-324/BA;Oeste;Queda de Moto;;;;1;;;;;;;1;;;;
16/11/2020;06:50:00;45;ASV - Acidente SEM Vítima;583;BR-324/BA;Leste;Saida de Pista;1;;;;;;;;;;1;;;;
16/11/2020;11:08:00;147;ASV - Acidente SEM Vítima;529,1;BR-116/BA;Norte;Colisão Lateral;;;2;;;;;;;;2;;;;
16/11/2020;14:45:00;189;ASV - Acidente SEM Vítima;6,8;BR-116/BA - ContSuFS;Sul;Colisão Traseira;1;;1;;;;;;;;2;;;;
16/11/2020;15:00:00;195;ASV - Acidente SEM Vítima;587;BR-324/BA;Oeste;Saida de Pista;1;;;;;1;;;;;2;;;;
16/11/2020;15:32:00;203;ASV - Acidente SEM Vítima;582;BR-324/BA;Leste;Colisão Transversal;1;;1;;;;;;;;5;;;;
16/11/2020;16:01:00;208;ASV - Acidente SEM Vítima;672,2;BR-116/BA;Norte;Colisão Traseira;;;2;;;;;;;;2;;;;
16/11/2020;19:29:00;257;ASV - Acidente SEM Vítima;614;BR-324/BA;Leste;Colisão Traseira;1;;;1;;;;;;;4;;;;
16/11/2020;20:03:00;261;AV - Acidente com VITIMA;716,7;BR-116/BA;Sul;Saida de Pista;;;;;;;;;;1;1;;1;;
16/11/2020;21:55:00;274;AF - Acidente com Vitima Fatal;11;BR-116/BA - Cont VC;Sul;Colisão Frontal;1;;;;1;;;;;;1;;;;1
17/11/2020;00:40:00;6;ASV - Acidente SEM Vítima;564,9;BR-324/BA;Leste;Tombamento;;;1;;;;;;;;1;;;;
17/11/2020;03:47:00;10;ASV - Acidente SEM Vítima;483,2;BR-116/BA;Norte;Colisão Traseira;1;;;;;1;;;;;6;;;;
17/11/2020;07:24:00;54;ASV - Acidente SEM Vítima;613,7;BR-324/BA;Leste;Colisão Traseira;2;;;;;;;;;;2;;;;
17/11/2020;07:35:00;58;ASV - Acidente SEM Vítima;525;BR-324/BA;Oeste;Colisão Lateral;1;;1;;;;;;;;2;;;;
17/11/2020;15:50:00;207;ASV - Acidente SEM Vítima;583,5;BR-324/BA;Oeste;Saida de Pista;1;;1;;;;;;;;3;;;;
17/11/2020;17:44:00;227;ASV - Acidente SEM Vítima;909,8;BR-116/BA;Sul;Sequência;;;2;;;1;;;;;3;;;;
17/11/2020;20:44:00;256;ASV - Acidente SEM Vítima;589;BR-324/BA;Leste;Saida de Pista;1;;;;;1;;;;;2;;;;
18/11/2020;07:20:00;55;ASV - Acidente SEM Vítima;897;BR-116/BA;Norte;Saida de Pista;1;;;;;;;;;;3;;;;
18/11/2020;08:06:00;69;ASV - Acidente SEM Vítima;592,4;BR-116/BA;Sul;Saida de Pista;;;1;;;;;;;;1;;;;
18/11/2020;09:54:00;110;AV - Acidente com VITIMA;557;BR-324/BA;Leste;Saida de Pista;1;;;;;;;;;;1;1;;;
18/11/2020;11:28:00;141;ASV - Acidente SEM Vítima;584;BR-324/BA;Leste;Saida de Pista;1;;;;;;;;;;3;;;;
18/11/2020;14:33:00;213;ASV - Acidente SEM Vítima;913;BR-116/BA;Norte;Colisão Lateral;;;2;;;;;;;;2;;;;
18/11/2020;18:37:00;296;AV - Acidente com VITIMA;623,4;BR-324/BA;Leste;Colisão Traseira;;;;1;;1;;;;;1;1;;;
18/11/2020;19:31:00;310;AV - Acidente com VITIMA;804;BR-116/BA;Norte;Saida de Pista;1;;;;;;;;;;1;1;;;
19/11/2020;01:36:00;10;ASV - Acidente SEM Vítima;462;BR-116/BA;Norte;Colisão Traseira;;;1;;1;;;;;;2;;;;
19/11/2020;06:47:00;33;ASV - Acidente SEM Vítima;10;BR-116/BA - Cont VC;Norte;Saida de Pista;1;;;;;;;;;;1;;;;
19/11/2020;08:01:00;66;AV - Acidente com VITIMA;16,5;BR-116/BA - Cont VC;Sul;Colisão Transversal;1;;;;;;;;;1;6;1;;;
19/11/2020;12:11:00;157;AV - Acidente com VITIMA;812,5;BR-116/BA;Norte;Colisão Traseira;;;1;;;1;;;;;1;;1;;
19/11/2020;19:07:00;278;ASV - Acidente SEM Vítima;532,8;BR-116/BA;Norte;Colisão Traseira;;;2;;;;;;;;2;;;;
20/11/2020;04:13:00;10;ASV - Acidente SEM Vítima;3;BA-526;Sul;Tombamento;;;1;;;;;;;;1;;;;
20/11/2020;06:39:00;34;ASV - Acidente SEM Vítima;623;BR-324/BA;Leste;Engavetamento;4;;;;;;;;;;6;;;;
20/11/2020;10:33:00;118;ASV - Acidente SEM Vítima;599;BR-324/BA;Oeste;Colisão Traseira;1;;;;;;;;;1;2;;;;
20/11/2020;13:14:00;149;AV - Acidente com VITIMA;838;BR-116/BA;Sul;Queda de Moto;;;;1;;;;;;;0;2;;;
20/11/2020;16:54:00;205;ASV - Acidente SEM Vítima;579,8;BR-324/BA;Oeste;Colisão Lateral;1;;1;;;;;;;;2;;;;
20/11/2020;18:12:00;227;ASV - Acidente SEM Vítima;624,5;BR-324/BA;Oeste;Colisão Traseira;1;;;1;;;;;;;4;;;;
20/11/2020;21:58:00;269;AV - Acidente com VITIMA;778;BR-116/BA;Sul;Colisão Lateral;1;;1;;;;;;;;1;2;;;
20/11/2020;23:41:00;279;AF - Acidente com Vitima Fatal;518,6;BR-116/BA;Sul;Atropelamento de Pedestre;;;1;;;;;;;;1;;;;1
21/11/2020;06:21:00;29;ASV - Acidente SEM Vítima;720;BR-116/BA;Norte;Saida de Pista;1;;;;;;;;;;2;;;;
21/11/2020;07:09:00;37;ASV - Acidente SEM Vítima;620,45;BR-324/BA;Leste;Saida de Pista;1;;;;;;;;;;1;;;;
21/11/2020;08:25:00;63;ASV - Acidente SEM Vítima;728;BR-116/BA;Sul;Colisão Traseira;;;2;;;;;;;;3;;;;
21/11/2020;08:56:00;68;ASV - Acidente SEM Vítima;491;BR-116/BA;Norte;Saida de Pista;;;1;;;;;;;;1;;;;
21/11/2020;11:25:00;104;ASV - Acidente SEM Vítima;813;BR-116/BA;Sul;Colisão Traseira;1;;;;;1;;;;;4;;;;
21/11/2020;11:41:00;105;ASV - Acidente SEM Vítima;449,8;BR-116/BA;Sul;Saida de Pista;1;;;;;;;;;;1;;;;
21/11/2020;12:11:00;112;AV - Acidente com VITIMA;623,8;BR-324/BA;Oeste;Sequência;2;;1;;;;;;;;3;1;1;;
21/11/2020;13:44:00;132;ASV - Acidente SEM Vítima;735;BR-116/BA;Sul;Saida de Pista;;;1;;;;;;;;2;;;;
21/11/2020;14:02:00;137;AV - Acidente com VITIMA;804;BR-116/BA;Sul;Colisão Frontal;;;2;;;;;;;;1;1;;;
21/11/2020;16:38:00;164;ASV - Acidente SEM Vítima;538,1;BR-324/BA;Leste;Sequência;2;;;;;;;;;;2;;;;
21/11/2020;20:49:00;200;ASV - Acidente SEM Vítima;523;BR-324/BA;Leste;Saida de Pista;1;;;;;;;;;;1;;;;
21/11/2020;21:59:00;211;ASV - Acidente SEM Vítima;568,7;BR-116/BA;Norte;Tombamento;;;1;;;;;;;;1;;;;
21/11/2020;22:41:00;219;AV - Acidente com VITIMA;548,8;BR-324/BA;Oeste;Atropelamento de Animal;1;;;;;;;;;;1;1;;;
22/11/2020;06:25:00;26;AF - Acidente com Vitima Fatal;658,2;BR-116/BA;Norte;Tombamento;;;1;;;;;;;;1;;;;1
22/11/2020;18:20:00;153;ASV - Acidente SEM Vítima;18,1;BR-116/BA - Cont VC;Norte;Colisão Transversal;2;;;;;;;;;;2;;;;
22/11/2020;23:26:00;194;AV - Acidente com VITIMA;448,4;BR-116/BA;Norte;Saida de Pista;1;;;;;;;;;;0;1;;;
23/11/2020;06:39:00;32;AV - Acidente com VITIMA;534;BR-116/BA;Sul;Colisão Traseira;;;1;;;1;;;;;1;2;;;
23/11/2020;08:11:00;71;AV - Acidente com VITIMA;811;BR-116/BA;Sul;Sequência;2;;;;;1;;;;;2;1;;;
23/11/2020;12:06:00;147;ASV - Acidente SEM Vítima;580,5;BR-116/BA;Sul;Saida de Pista;;;;;;;;;;1;1;;;;
23/11/2020;16:47:00;234;ASV - Acidente SEM Vítima;817,8;BR-116/BA;Norte;Colisão Transversal;;;1;;1;;;;;;32;;;;
23/11/2020;17:04:00;240;ASV - Acidente SEM Vítima;620;BR-324/BA;Leste;Colisão Traseira;1;;1;;;;;;;;6;;;;
23/11/2020;19:03:00;268;AV - Acidente com VITIMA;777,5;BR-116/BA;Sul;Colisão Transversal;;;;1;;1;;;;;1;1;;;
23/11/2020;22:25:00;299;AF - Acidente com Vitima Fatal;599,5;BR-116/BA;Sul;Atropelamento de Pedestre;;;;;;1;;;;;1;;;;1
24/11/2020;01:48:00;5;ASV - Acidente SEM Vítima;615;BR-324/BA;Oeste;Saida de Pista;1;;;;;;;;;;1;;;;
24/11/2020;03:01:00;8;AV - Acidente com VITIMA;510;BR-116/BA;Norte;Saida de Pista;1;;;;;;;;;;1;1;;;
24/11/2020;04:58:00;17;ASV - Acidente SEM Vítima;552;BR-324/BA;Oeste;Saida de Pista;;;1;;;;;;;;1;;;;
24/11/2020;06:49:00;41;ASV - Acidente SEM Vítima;608,4;BR-324/BA;Oeste;Engavetamento;2;;1;;;;;;;;4;;;;
24/11/2020;07:34:00;64;AV - Acidente com VITIMA;613,7;BR-324/BA;Oeste;Colisão Transversal;1;;;;;1;;;;;1;;1;;
24/11/2020;07:15:00;65;ASV - Acidente SEM Vítima;566;BR-324/BA;Leste;Saida de Pista;;;;;;;;;;1;1;;;;
24/11/2020;16:31:00;239;ASV - Acidente SEM Vítima;518;BR-324/BA;Leste;Saida de Pista;;;1;;;;;;;;1;;;;
24/11/2020;19:36:00;278;AV - Acidente com VITIMA;10;BR-116/BA - Cont VC;Sul;Colisão Transversal;;;;2;;;;;;;1;1;;;
25/11/2020;01:15:00;8;ASV - Acidente SEM Vítima;678,4;BR-116/BA;Sul;Saida de Pista;1;;;;;;;;;;1;;;;
25/11/2020;01:24:00;9;ASV - Acidente SEM Vítima;463,2;BR-116/BA;Sul;Saida de Pista;1;;;;;;;;;;1;;;;
25/11/2020;06:39:00;50;ASV - Acidente SEM Vítima;530;BR-324/BA;Oeste;Saida de Pista;;;;;;;;;;1;1;;;;
25/11/2020;07:34:00;77;ASV - Acidente SEM Vítima;582;BR-324/BA;Leste;Colisão Traseira;;;;;1;;;;;1;11;;;;
25/11/2020;09:46:00;121;ASV - Acidente SEM Vítima;597;BR-116/BA;Norte;Tombamento;;;1;;;;;;;;1;;;;
25/11/2020;14:15:00;190;ASV - Acidente SEM Vítima;852,8;BR-116/BA;Sul;Colisão Traseira;1;;;;;1;;;;;2;;;;
25/11/2020;19:00:00;244;ASV - Acidente SEM Vítima;615;BR-324/BA;Leste;Engavetamento;4;;;;;;;;;;8;;;;