data;horario;n_da_ocorrencia;tipo_de_ocorrencia;km;trecho;sentido;tipo_de_acidente;automovel;bicicleta;caminhao;moto;onibus;outros;tracao_animal;transporte_de_cargas_especiais;trator_maquinas;utilitarios;ilesos;levemente_feridos;moderadamente_feridos;gravemente_feridos;mortos
26/11/2020;00:08:00;1;ASV - Acidente SEM Vítima;598;BR-324/BA;Leste;Atropelamento de Animal;1;;;;;;;;;;1;;;;
26/11/2020;07:54:00;47;AF - Acidente com Vitima Fatal;461,8;BR-116/BA;Sul;Colisão Transversal;;;;1;;;;;;1;1;;;;1
26/11/2020;12:03:00;112;ASV - Acidente SEM Vítima;565;BR-324/BA;Oeste;Saida de Pista;;;1;;;;;;;;1;;;;
26/11/2020;13:11:00;121;ASV - Acidente SEM Vítima;607;BR-324/BA;Leste;Saida de Pista;;;2;;;;;;;;2;;;;
26/11/2020;15:04:00;153;ASV - Acidente SEM Vítima;616;BR-324/BA;Leste;Colisão Traseira;1;;1;;;;;;;;3;;;;
26/11/2020;15:22:00;162;AV - Acidente com VITIMA;897,5;BR-116/BA;Sul;Colisão Lateral;;;1;;;;;;;1;0;4;;;
26/11/2020;19:32:00;222;ASV - Acidente SEM Vítima;570;BR-324/BA;Oeste;Saida de Pista;;;1;;;;;;;;1;;;;
26/11/2020;23:29:00;257;ASV - Acidente SEM Vítima;756;BR-116/BA;Sul;Colisão Traseira;;;2;;;;;;;;2;;;;
27/11/2020;04:13:00;13;AV - Acidente com VITIMA;657;BR-116/BA;Norte;Tombamento;;;1;;;;;;;;0;1;;;
27/11/2020;04:14:00;14;ASV - Acidente SEM Vítima;797;BR-116/BA;Sul;Choque Contra Objeto Fixo;1;;;;;;;;;;1;;;;
27/11/2020;07:39:00;56;ASV - Acidente SEM Vítima;652,5;BR-116/BA;Sul;Tombamento;;;1;;;;;;;;1;;;;
27/11/2020;07:42:00;57;AV - Acidente com VITIMA;525;BR-324/BA;Leste;Colisão Traseira;1;;;;;1;;;;;3;1;;;
27/11/2020;10:04:00;105;ASV - Acidente SEM Vítima;651;BR-116/BA;Sul;Colisão Lateral;;;2;;;;;;;;2;;;;
27/11/2020;10:51:00;116;ASV - Acidente SEM Vítima;556;BR-324/BA;Leste;Saida de Pista;1;;;;;;;;;;1;;;;
27/11/2020;12:23:00;132;ASV - Acidente SEM Vítima;840,5;BR-116/BA;Norte;Saida de Pista;;;;;;;;;;1;1;;;;
27/11/2020;13:01:00;139;AV - Acidente com VITIMA;3;BR-116/BA - ContSuFS;Sul;Colisão Traseira;;;;1;;;;;;;0;1;;;
27/11/2020;13:39:00;148;ASV - Acidente SEM Vítima;659;BR-116/BA;Sul;Colisão Traseira;2;;;;;;;;;;2;;;;
27/11/2020;15:19:00;180;ASV - Acidente SEM Vítima;576;BR-324/BA;Oeste;Saida de Pista;;;1;;;;;;;;3;;;;
27/11/2020;18:41:00;248;ASV - Acidente SEM Vítima;613,1;BR-324/BA;Oeste;Colisão Traseira;2;;;;;;;;;;2;;;;
27/11/2020;18:47:00;251;ASV - Acidente SEM Vítima;670;BR-116/BA;Norte;Tombamento;;;1;;;;;;;;1;;;;
27/11/2020;18:54:00;253;AV - Acidente com VITIMA;630;BR-116/BA;Sul;Atropelamento - Ciclista;;1;;1;;;;;;;0;2;;;
27/11/2020;23:53:00;296;ASV - Acidente SEM Vítima;602,3;BR-324/BA;Leste;Colisão Traseira;;;2;;;;;;;;2;;;;
28/11/2020;06:35:00;31;ASV - Acidente SEM Vítima;647;BR-116/BA;Norte;Saida de Pista;1;;;;;;;;;;1;;;;
28/11/2020;09:34:00;65;ASV - Acidente SEM Vítima;907,8;BR-116/BA;Sul;Colisão Traseira;;;2;;;;;;;;2;;;;
28/11/2020;09:39:00;67;ASV - Acidente SEM Vítima;803,5;BR-116/BA;Sul;Colisão Traseira;;;1;;;1;;;;;2;;;;
28/11/2020;10:16:00;73;ASV - Acidente SEM Vítima;558;BR-116/BA;Sul;Colisão Lateral;1;;;;;1;;;;;2;;;;
28/11/2020;09:34:00;89;ASV - Acidente SEM Vítima;908;BR-116/BA;Sul;Colisão Traseira;;;;;;2;;;;1;3;;;;
28/11/2020;12:18:00;100;ASV - Acidente SEM Vítima;4;BR-116/BA - ContSuFS;Sul;Colisão Lateral;;;2;;;;;;;;2;;;;
28/11/2020;13:52:00;120;ASV - Acidente SEM Vítima;574;BR-324/BA;Oeste;Saida de Pista;1;;;;;;;;;;3;;;;
28/11/2020;14:31:00;133;ASV - Acidente SEM Vítima;591,901;BR-324/BA;Leste;Saida de Pista;1;;;;;;;;;;1;;;;
28/11/2020;14:35:00;137;AV - Acidente com VITIMA;574;BR-324/BA;Oeste;Saida de Pista;1;;;;;;;;;;1;;1;;
28/11/2020;18:29:00;194;ASV - Acidente SEM Vítima;868;BR-116/BA;Norte;Colisão Traseira;;;2;;;;;;;;2;;;;
28/11/2020;20:56:00;209;ASV - Acidente SEM Vítima;659;BR-116/BA;Norte;Engavetamento;1;;2;;;1;;;;;6;;;;
28/11/2020;22:11:00;216;ASV - Acidente SEM Vítima;523;BR-324/BA;Oeste;Saida de Pista;1;;;;;;;;;;1;;;;
29/11/2020;05:38:00;21;AF - Acidente com Vitima Fatal;690;BR-116/BA;Sul;Colisão Frontal;1;;1;;;;;;;;1;;;;2
29/11/2020;06:46:00;32;ASV - Acidente SEM Vítima;599;BR-324/BA;Oeste;Queda de Moto;;;;1;;;;;;;1;;;;
29/11/2020;07:42:00;39;ASV - Acidente SEM Vítima;602;BR-324/BA;Leste;Saida de Pista;;;;;;;;;;1;1;;;;
29/11/2020;07:58:00;45;ASV - Acidente SEM Vítima;602;BR-324/BA;Leste;Saida de Pista;1;;;;;;;;;;1;;;;
29/11/2020;10:56:00;72;AF - Acidente com Vitima Fatal;589;BR-324/BA;Leste;Choque Contra Objeto Fixo;;;;1;;;;;;;0;;;;1
29/11/2020;12:27:00;89;ASV - Acidente SEM Vítima;704;BR-116/BA;Sul;Colisão Traseira;;;2;;;;;;;;2;;;;
29/11/2020;13:23:00;97;ASV - Acidente SEM Vítima;559;BR-324/BA;Oeste;Saida de Pista;;;;;;;;;;1;1;;;;
29/11/2020;16:20:00;130;ASV - Acidente SEM Vítima;928,9;BR-116/BA;Norte;Engavetamento;;;3;;;1;;;;;4;;;;
29/11/2020;18:35:00;160;ASV - Acidente SEM Vítima;818;BR-116/BA;Sul;Colisão Traseira;1;;;1;;;;;;;5;;;;
29/11/2020;18:36:00;161;ASV - Acidente SEM Vítima;601;BR-324/BA;Leste;Engavetamento;3;;;;;;;;;;3;;;;
29/11/2020;22:33:00;198;ASV - Acidente SEM Vítima;607,1;BR-324/BA;Leste;Saida de Pista;1;;;;;;;;;;3;;;;
30/11/2020;00:54:00;7;AV - Acidente com VITIMA;617,2;BR-324/BA;Leste;Queda de Moto;;;;1;;;;;;;0;;1;;
30/11/2020;07:13:00;39;ASV - Acidente SEM Vítima;613;BR-324/BA;Leste;Colisão Traseira;2;;;;;;;;;;5;;;;
30/11/2020;07:33:00;44;AV - Acidente com VITIMA;827;BR-116/BA;Norte;Atropelamento de Pedestre;;;;;;1;;;;;1;1;;;
30/11/2020;08:18:00;57;ASV - Acidente SEM Vítima;623,8;BR-324/BA;Leste;Choque Contra Objeto Fixo;1;;;;;;;;;;1;;;;
30/11/2020;09:30:00;76;AV - Acidente com VITIMA;670,4;BR-116/BA;Sul;Colisão Traseira;;;1;1;;;;;;;1;;;1;
30/11/2020;09:56:00;82;ASV - Acidente SEM Vítima;627,2;BR-116/BA;Norte;Colisão Lateral;1;;1;;;;;;;;2;;;;
30/11/2020;11:48:00;110;AV - Acidente com VITIMA;834,4;BR-116/BA;Norte;Colisão Traseira;1;;;;;;;;;1;2;1;;;
30/11/2020;12:14:00;116;AV - Acidente com VITIMA;834,3;BR-116/BA;Norte;Colisão Traseira;;;1;1;;;;;;;1;;1;;
30/11/2020;15:52:00;168;ASV - Acidente SEM Vítima;551;BR-324/BA;Oeste;Colisão Traseira;2;;;;;1;;;;;6;;;;
30/11/2020;16:16:00;177;ASV - Acidente SEM Vítima;864,5;BR-116/BA;Sul;Saida de Pista;;;1;;;;;;;;1;;;;
30/11/2020;16:52:00;189;ASV - Acidente SEM Vítima;518;BR-324/BA;Oeste;Colisão Traseira;1;;1;;;;;;;;2;;;;
30/11/2020;18:25:00;210;ASV - Acidente SEM Vítima;619;BR-324/BA;Leste;Queda de Moto;;;;1;;;;;;;2;;;;
30/11/2020;18:30:00;211;ASV - Acidente SEM Vítima;619;BR-324/BA;Oeste;Engavetamento;3;;;;;;;;;;3;;;;
30/11/2020;18:56:00;216;ASV - Acidente SEM Vítima;619;BR-324/BA;Leste;Engavetamento;4;;;;;1;;;;;8;;;;
30/11/2020;19:03:00;217;AV - Acidente com VITIMA;912;BR-116/BA;Norte;Saida de Pista;;;1;;;;;;;;0;1;;;
30/11/2020;20:04:00;225;ASV - Acidente SEM Vítima;444;BR-116/BA;Sul;Colisão Traseira;1;;1;;;;;;;;2;;;;
01/12/2020;08:38:00;71;ASV - Acidente SEM Vítima;580;BR-324/BA;Leste;Engavetamento;3;;;;;;;;;1;4;;;;
01/12/2020;11:25:00;111;ASV - Acidente SEM Vítima;623,6;BR-324/BA;Oeste;Engavetamento;2;;1;;;;;;;;6;;;;
01/12/2020;12:27:00;122;ASV - Acidente SEM Vítima;674,3;BR-116/BA;Norte;Colisão Transversal;1;;;;;1;;;;;2;;;;
01/12/2020;13:34:00;138;ASV - Acidente SEM Vítima;568;BR-324/BA;Oeste;Saida de Pista;;;1;;;;;;;;1;;;;
01/12/2020;15:46:00;177;ASV - Acidente SEM Vítima;590;BR-324/BA;Leste;Colisão Lateral;1;;;;;;;;;;1;;;;
01/12/2020;16:24:00;185;ASV - Acidente SEM Vítima;568;BR-324/BA;Oeste;Colisão Traseira;;;1;;;;;;;1;2;;;;
01/12/2020;18:18:00;210;AV - Acidente com VITIMA;17;BR-116/BA - Cont VC;Norte;Atropelamento de Pedestre;;;;1;;;;;;;0;2;;;
02/12/2020;12:15:00;152;ASV - Acidente SEM Vítima;537;BR-324/BA;Leste;Colisão Lateral;1;;1;;;;;;;;4;;;;
02/12/2020;12:45:00;165;ASV - Acidente SEM Vítima;911,8;BR-116/BA;Norte;Colisão Traseira;;;2;;;;;;;;3;;;;
02/12/2020;14:37:00;193;ASV - Acidente SEM Vítima;590;BR-324/BA;Leste;Colisão Traseira;1;;;;;2;;;;;3;;;;
02/12/2020;15:59:00;207;ASV - Acidente SEM Vítima;568;BR-324/BA;Leste;Saida de Pista;1;;;;;;;;;;1;;;;
02/12/2020;16:46:00;219;ASV - Acidente SEM Vítima;562;BR-324/BA;Oeste;Saida de Pista;1;;;;;;;;;;2;;;;
02/12/2020;19:25:00;250;AV - Acidente com VITIMA;672;BR-116/BA;Norte;Colisão Lateral;;;;1;;1;;;;;1;;1;;
02/12/2020;19:30:00;251;ASV - Acidente SEM Vítima;584;BR-116/BA;Sul;Saida de Pista;1;;;;;;;;;;2;;;;
02/12/2020;23:07:00;282;ASV - Acidente SEM Vítima;565;BR-324/BA;Leste;Saida de Pista;;;1;;;;;;;;1;;;;
03/12/2020;00:15:00;1;AV - Acidente com VITIMA;817,9;BR-116/BA;Norte;Colisão Transversal;;;1;1;;;;;;;1;1;;;
03/12/2020;01:31:00;4;ASV - Acidente SEM Vítima;530;BR-324/BA;Leste;Saida de Pista;1;;;;;;;;;;1;;;;
03/12/2020;08:21:00;68;ASV - Acidente SEM Vítima;620,5;BR-324/BA;Leste;Colisão Lateral;1;;1;;;;;;;;2;;;;
03/12/2020;10:06:00;126;AV - Acidente com VITIMA;814;BR-116/BA;Sul;Atropelamento de Pedestre;;;;;;1;;;;;1;;1;;
03/12/2020;18:29:00;266;ASV - Acidente SEM Vítima;622,7;BR-324/BA;Oeste;Engavetamento;1;;;;;;;;;2;5;;;;
04/12/2020;08:40:00;100;ASV - Acidente SEM Vítima;612;BR-324/BA;Oeste;Choque Contra Objeto Fixo;1;;;;;;;;;;1;;;;
04/12/2020;08:46:00;103;ASV - Acidente SEM Vítima;612;BR-324/BA;Leste;Engavetamento;3;;;;;;;;;;3;;;;
04/12/2020;09:06:00;109;ASV - Acidente SEM Vítima;612;BR-324/BA;Leste;Engavetamento;2;;1;;;;;;;;3;;;;
04/12/2020;09:43:00;123;ASV - Acidente SEM Vítima;613;BR-324/BA;Leste;Engavetamento;2;;1;;;;;;;1;8;;;;
04/12/2020;10:16:00;132;ASV - Acidente SEM Vítima;725;BR-116/BA;Sul;Colisão Traseira;;;2;;;;;;;;2;;;;
04/12/2020;11:52:00;164;ASV - Acidente SEM Vítima;810,9;BR-116/BA;Norte;Colisão Transversal;;;2;;;;;;;;2;;;;
04/12/2020;12:04:00;167;ASV - Acidente SEM Vítima;852;BR-116/BA;Sul;Colisão Traseira;1;;1;;;;;;;;2;;;;
04/12/2020;13:53:00;202;ASV - Acidente SEM Vítima;849;BR-116/BA;Sul;Saida de Pista;1;;;;;;;;;;4;;;;
04/12/2020;16:07:00;252;ASV - Acidente SEM Vítima;599;BR-324/BA;Oeste;Colisão Traseira;1;;;;;1;;;;;4;;;;
04/12/2020;16:35:00;258;ASV - Acidente SEM Vítima;29,3;BR-116/BA - Cont VC;Norte;Engavetamento;2;;;;;;;;;1;3;;;;
04/12/2020;17:15:00;265;AV - Acidente com VITIMA;522;BR-324/BA;Leste;Colisão Lateral;1;;;1;;;;;;;1;2;;;
05/12/2020;04:41:00;16;ASV - Acidente SEM Vítima;891,9;BR-116/BA;Sul;Saida de Pista;;;1;;;;;;;;1;;;;
05/12/2020;06:11:00;24;AV - Acidente com VITIMA;773;BR-116/BA;Norte;Saida de Pista;;;;1;;;;;;;0;;1;;
05/12/2020;07:01:00;38;ASV - Acidente SEM Vítima;599;BR-324/BA;Oeste;Colisão Lateral;1;;1;;;;;;;;2;;;;
05/12/2020;07:03:00;39;ASV - Acidente SEM Vítima;556;BR-116/BA;Sul;Colisão Lateral;1;;1;;;;;;;;2;;;;
05/12/2020;08:31:00;64;ASV - Acidente SEM Vítima;873;BR-116/BA;Sul;Colisão Traseira;1;;1;;;;;;;;3;;;;
05/12/2020;08:49:00;68;ASV - Acidente SEM Vítima;537;BR-324/BA;Leste;Colisão Traseira;;;;;;1;;;;1;2;;;;
05/12/2020;13:12:00;140;ASV - Acidente SEM Vítima;827,5;BR-116/BA;Norte;Colisão Traseira;2;;;;;;;;;;2;;;;
05/12/2020;13:54:00;147;ASV - Acidente SEM Vítima;828;BR-116/BA;Sul;Colisão Traseira;2;;;;;;;;;;2;;;;
05/12/2020;15:51:00;185;ASV - Acidente SEM Vítima;428;BR-116/BA;Sul;Saida de Pista;;;1;;;;;;;;1;;;;
05/12/2020;16:19:00;195;AV - Acidente com VITIMA;622,6;BR-324/BA;Leste;Colisão Lateral;;;;2;;;;;;;0;4;;;
05/12/2020;16:27:00;199;ASV - Acidente SEM Vítima;546,9;BR-324/BA;Leste;Choque Contra Objeto Fixo;1;;;;;;;;;;1;;;;
05/12/2020;18:27:00;230;AV - Acidente com VITIMA;761;BR-116/BA;Sul;Colisão Traseira;1;;;;;1;;;;;1;2;;;
05/12/2020;22:17:00;267;ASV - Acidente SEM Vítima;440,99;BR-116/BA;Norte;Saida de Pista;;;1;;;;;;;;1;;;;
05/12/2020;22:51:00;272;ASV - Acidente SEM Vítima;521;BR-116/BA;Norte;Colisão Transversal;;;1;;;1;;;;;2;;;;
05/12/2020;23:23:00;276;ASV - Acidente SEM Vítima;613;BR-116/BA;Norte;Colisão Traseira;;;1;;;1;;;;;2;;;;
06/12/2020;01:38:00;8;ASV - Acidente SEM Vítima;525;BR-116/BA;Sul;Colisão Lateral;;;1;;;1;;;;;2;;;;
06/12/2020;01:54:00;10;ASV - Acidente SEM Vítima;603,4;BR-116/BA;Norte;Atropelamento de Animal;;;;;;;;;;1;2;;;;
06/12/2020;03:47:00;28;ASV - Acidente SEM Vítima;445;BR-116/BA;Norte;Saida de Pista;1;;;;;;;;;;1;;;;
06/12/2020;05:44:00;32;ASV - Acidente SEM Vítima;559;BR-324/BA;Oeste;Saida de Pista;1;;;;;;;;;;3;;;;
06/12/2020;06:22:00;39;ASV - Acidente SEM Vítima;753,5;BR-116/BA;Norte;Colisão Traseira;2;;;;;;;;;;7;;;;
06/12/2020;08:37:00;74;AV - Acidente com VITIMA;632;BR-116/BA;Norte;Colisão Transversal;;;1;1;;;;;;;1;;;1;
06/12/2020;15:55:00;155;AV - Acidente com VITIMA;541;BR-324/BA;Leste;Atropelamento de Pedestre;1;;;;;;;;;;1;;;1;
06/12/2020;17:08:00;171;ASV - Acidente SEM Vítima;627;BR-116/BA;Norte;Colisão Traseira;;;2;;;;;;;;2;;;;
06/12/2020;17:29:00;177;ASV - Acidente SEM Vítima;551,3;BR-116/BA;Norte;Colisão Traseira;1;;1;;;;;;;;2;;;;
06/12/2020;17:59:00;186;AV - Acidente com VITIMA;9,1;BR-116/BA - Cont VC;Sul;Colisão Transversal;2;;;;;;;;;;0;2;;;
06/12/2020;18:59:00;199;ASV - Acidente SEM Vítima;619;BR-324/BA;Oeste;Colisão Traseira;2;;;;;;;;;;2;;;;
06/12/2020;19:33:00;206;AV - Acidente com VITIMA;459;BR-116/BA;Norte;Colisão Transversal;2;;;;;;;;;;2;;4;;
06/12/2020;22:39:00;229;AV - Acidente com VITIMA;5;BR-116/BA - ContSuFS;Norte;Colisão Traseira;1;;1;;;;;;;;1;2;;;
07/12/2020;04:54:00;25;AV - Acidente com VITIMA;588,4;BR-324/BA;Leste;Saida de Pista;1;;;;;;;;;;2;1;;;
07/12/2020;10:14:00;140;AV - Acidente com VITIMA;615;BR-324/BA;Leste;Engavetamento;4;;1;;;;;;;;0;6;;;
07/12/2020;11:38:00;162;ASV - Acidente SEM Vítima;574,5;BR-324/BA;Leste;Colisão Traseira;1;;;1;;;;;;;2;;;;
07/12/2020;12:04:00;167;ASV - Acidente SEM Vítima;440;BR-116/BA;Norte;Colisão Lateral;1;;1;;;;;;;;9;;;;
07/12/2020;12:25:00;173;ASV - Acidente SEM Vítima;623;BR-324/BA;Oeste;Engavetamento;1;;;;;2;;;;;3;;;;
07/12/2020;13:04:00;178;ASV - Acidente SEM Vítima;560;BR-324/BA;Oeste;Colisão Transversal;2;;;;;;;;;;2;;;;
07/12/2020;13:29:00;185;ASV - Acidente SEM Vítima;552;BR-324/BA;Oeste;Colisão Traseira;;;;;;;;;;1;1;;;;
07/12/2020;13:46:00;187;ASV - Acidente SEM Vítima;644;BR-116/BA;Norte;Saida de Pista;;;1;;;;;;;;1;;;;
07/12/2020;14:37:00;199;AV - Acidente com VITIMA;11,8;BR-116/BA - Cont VC;Sul;Colisão Transversal;;;1;1;;;;;;;1;1;;;
07/12/2020;15:14:00;213;AF - Acidente com Vitima Fatal;528;BR-116/BA;Norte;Colisão Frontal;1;;1;;;;;;;;1;;1;;1
07/12/2020;17:14:00;259;AV - Acidente com VITIMA;828;BR-116/BA;Norte;Queda de Moto;;;;1;;;;;;;0;1;;;
07/12/2020;18:10:00;278;ASV - Acidente SEM Vítima;524;BR-324/BA;Oeste;Colisão Lateral;1;;1;;;;;;;;2;;;;
07/12/2020;16:47:00;291;AV - Acidente com VITIMA;828;BR-116/BA;Norte;Queda de Moto;;;;1;;;;;;;0;1;;;
07/12/2020;20:54:00;312;ASV - Acidente SEM Vítima;520;BR-324/BA;Oeste;Atropelamento de Animal;1;;;;;;;;;;1;;;;
08/12/2020;05:45:00;21;ASV - Acidente SEM Vítima;567;BR-324/BA;Oeste;Saida de Pista;;;;;;;;;;1;3;;;;
08/12/2020;07:46:00;67;ASV - Acidente SEM Vítima;574;BR-324/BA;Leste;Saida de Pista;;;1;;1;;;;;;5;;;;
08/12/2020;07:59:00;70;ASV - Acidente SEM Vítima;611,3;BR-324/BA;Oeste;Colisão Traseira;2;;;;;;;;;;2;;;;
08/12/2020;11:10:00;147;ASV - Acidente SEM Vítima;576;BR-324/BA;Oeste;Colisão Traseira;1;;1;;;;;;;;2;;;;
08/12/2020;12:15:00;167;ASV - Acidente SEM Vítima;711,5;BR-116/BA;Norte;Capotamento;;;1;;;;;;;;1;;;;
09/12/2020;08:15:00;76;ASV - Acidente SEM Vítima;613;BR-324/BA;Leste;Engavetamento;1;;;;;;;;;1;3;;;;
09/12/2020;17:23:00;257;ASV - Acidente SEM Vítima;931,2;BR-116/BA;Sul;Colisão Traseira;;;2;;;;;;;;2;;;;
09/12/2020;18:46:00;272;ASV - Acidente SEM Vítima;527;BR-324/BA;Oeste;Colisão Traseira;1;;;;;;;;;;1;;;;
10/12/2020;07:09:00;67;ASV - Acidente SEM Vítima;611,4;BR-324/BA;Oeste;Engavetamento;;;2;;;1;;;;;3;;;;
10/12/2020;12:52:00;202;ASV - Acidente SEM Vítima;518;BR-324/BA;Leste;Colisão Lateral;1;;1;;;;;;;;2;;;;
10/12/2020;15:07:00;243;ASV - Acidente SEM Vítima;830,6;BR-116/BA;Norte;Engavetamento;1;;1;;;;;;;1;3;;;;
10/12/2020;16:42:00;276;ASV - Acidente SEM Vítima;545;BR-324/BA;Leste;Colisão Traseira;1;;;;;;;;;1;2;;;;
10/12/2020;18:28:00;310;ASV - Acidente SEM Vítima;522;BR-324/BA;Leste;Engavetamento;;;2;;;;;;;1;4;;;;
10/12/2020;21:12:00;348;ASV - Acidente SEM Vítima;585;BR-324/BA;Oeste;Saida de Pista;1;;;;;;;;;;1;;;;
10/12/2020;21:26:00;353;AV - Acidente com VITIMA;15;BR-116/BA - Cont VC;Norte;Colisão Traseira;;;;1;;1;;;;;1;1;;;
10/12/2020;21:42:00;355;ASV - Acidente SEM Vítima;520;BR-116/BA;Norte;Saida de Pista;1;;;;;;;;;;1;;;;
11/12/2020;05:21:00;27;AF - Acidente com Vitima Fatal;589,6;BR-116/BA;Sul;Saida de Pista;;;1;;;;;;;;0;;1;;1
11/12/2020;11:31:00;146;ASV - Acidente SEM Vítima;592;BR-324/BA;Leste;Engavetamento;2;;1;;;;;;;;3;;;;
11/12/2020;13:23:00;172;ASV - Acidente SEM Vítima;623,6;BR-324/BA;Oeste;Colisão Lateral;1;;;;;;;;;1;2;;;;
11/12/2020;13:36:00;173;AV - Acidente com VITIMA;817,6;BR-116/BA;Norte;Colisão Transversal;1;;;;;1;;;;;5;1;;;
11/12/2020;15:01:00;193;AV - Acidente com VITIMA;850;BR-116/BA;Norte;Saida de Pista;1;;;;;1;;;;;1;2;1;;
11/12/2020;15:45:00;202;ASV - Acidente SEM Vítima;599;BR-324/BA;Oeste;Colisão Traseira;2;;;;;;;;;;2;;;;
11/12/2020;18:15:00;249;ASV - Acidente SEM Vítima;613,4;BR-324/BA;Leste;Colisão Traseira;1;;;;;;;;;1;2;;;;
12/12/2020;01:42:00;9;ASV - Acidente SEM Vítima;441,08;BR-116/BA;Sul;Tombamento;;;1;;;;;;;;1;;;;
12/12/2020;07:18:00;64;AV - Acidente com VITIMA;565;BR-324/BA;Leste;Saida de Pista;;;;1;;;;;;;1;;1;;
12/12/2020;08:10:00;91;ASV - Acidente SEM Vítima;776,95;BR-116/BA;Sul;Colisão Transversal;2;;;;;;;;;;4;;;;
12/12/2020;09:12:00;115;ASV - Acidente SEM Vítima;574,1;BR-324/BA;Oeste;Colisão Traseira;2;;;;;;;;;;5;;;;
12/12/2020;17:03:00;242;AV - Acidente com VITIMA;685;BR-116/BA;Sul;Engavetamento;;;3;;;;;;;;2;1;;;
12/12/2020;18:59:00;266;AV - Acidente com VITIMA;837;BR-116/BA;Norte;Colisão Traseira;1;;1;;;;;;;;1;1;;;
13/12/2020;01:11:00;7;ASV - Acidente SEM Vítima;626;BR-324/BA;Leste;Colisão Traseira;1;;;;;1;;;;;2;;;;
13/12/2020;01:52:00;10;ASV - Acidente SEM Vítima;565;BR-324/BA;Oeste;Atropelamento de Animal;1;;;;;;;;;;4;;;;
13/12/2020;02:18:00;15;ASV - Acidente SEM Vítima;577;BR-324/BA;Leste;Saida de Pista;1;;;;;;;;;;1;;;;
13/12/2020;03:20:00;25;AV - Acidente com VITIMA;521;BR-324/BA;Leste;Colisão Traseira;2;;;;;;;;;;2;1;1;;
13/12/2020;07:16:00;50;ASV - Acidente SEM Vítima;608,5;BR-324/BA;Leste;Colisão Lateral;1;;;;;;;;;1;2;;;;
13/12/2020;09:43:00;91;AV - Acidente com VITIMA;556;BR-324/BA;Leste;Colisão Traseira;;;1;;;;;;1;;0;1;;1;
13/12/2020;11:50:00;120;ASV - Acidente SEM Vítima;532;BR-324/BA;Leste;Saida de Pista;;;1;;;;;;;;1;;;;
13/12/2020;12:57:00;134;ASV - Acidente SEM Vítima;531;BR-324/BA;Leste;Colisão Lateral;1;;1;;;;;;;;4;;;;
13/12/2020;16:34:00;181;AV - Acidente com VITIMA;712,5;BR-116/BA;Norte;Colisão Traseira;;;3;;;;;;;;2;1;1;;
13/12/2020;16:54:00;188;ASV - Acidente SEM Vítima;555,1;BR-324/BA;Leste;Colisão Traseira;2;;;;;;;;;;2;;;;
13/12/2020;18:03:00;204;AV - Acidente com VITIMA;916,6;BR-116/BA;Norte;Engavetamento;;;2;;;1;;;;1;5;2;;;
13/12/2020;19:25:00;225;ASV - Acidente SEM Vítima;911,6;BR-116/BA;Norte;Colisão Traseira;;;2;;;;;;;;4;;;;
13/12/2020;21:32:00;247;ASV - Acidente SEM Vítima;433;BR-116/BA;Norte;Colisão Lateral;1;;;;;1;;;;;3;;;;
14/12/2020;06:11:00;28;ASV - Acidente SEM Vítima;616;BR-324/BA;Leste;Colisão Traseira;1;;1;;;;;;;;2;;;;
14/12/2020;07:39:00;68;ASV - Acidente SEM Vítima;624,5;BR-324/BA;Leste;Colisão Traseira;;;1;;;;;;;1;3;;;;
14/12/2020;13:38:00;185;ASV - Acidente SEM Vítima;607;BR-324/BA;Leste;Colisão Traseira;1;;;;;1;;;;;2;;;;
14/12/2020;13:49:00;188;ASV - Acidente SEM Vítima;827;BR-116/BA;Norte;Colisão Traseira;1;;;;;;;;;1;2;;;;
14/12/2020;15:20:00;228;ASV - Acidente SEM Vítima;596,3;BR-116/BA;Sul;Saida de Pista;1;;;;;;;;;;1;;;;
14/12/2020;15:27:00;232;AV - Acidente com VITIMA;543;BR-116/BA;Norte;Engavetamento;1;;2;;;;;;;;0;3;;;
14/12/2020;16:27:00;253;ASV - Acidente SEM Vítima;615,5;BR-324/BA;Leste;Colisão Traseira;2;;;;;;;;;;2;;;;
14/12/2020;17:11:00;266;ASV - Acidente SEM Vítima;625;BR-324/BA;Oeste;Engavetamento;3;;;;;;;;;;5;;;;
14/12/2020;18:24:00;290;ASV - Acidente SEM Vítima;623;BR-324/BA;Oeste;Colisão Lateral;1;;;;1;;;;;;2;;;;
15/12/2020;12:02:00;159;ASV - Acidente SEM Vítima;587;BR-324/BA;Oeste;Colisão Traseira;;;;;;1;;;;1;2;;;;
15/12/2020;12:21:00;164;AV - Acidente com VITIMA;6,1;BR-116/BA - Cont VC;Sul;Colisão Lateral;1;;1;;;;;;;;1;;1;;
16/12/2020;00:53:00;5;AV - Acidente com VITIMA;924,8;BR-116/BA;Norte;Queda de Moto;;;;1;;;;;;;0;1;;;
16/12/2020;07:05:00;46;ASV - Acidente SEM Vítima;614;BR-324/BA;Oeste;Queda de Moto;1;;;;;;;;;;1;;;;
16/12/2020;13:35:00;156;ASV - Acidente SEM Vítima;933;BR-116/BA;Norte;Saida de Pista;;;1;;;;;;;;1;;;;
16/12/2020;14:09:00;164;AV - Acidente com VITIMA;620;BR-324/BA;Leste;Queda de Moto;;;;1;;;;;;;1;1;;;