data;horario;n_da_ocorrencia;tipo_de_ocorrencia;km;trecho;sentido;tipo_de_acidente;automovel;bicicleta;caminhao;moto;onibus;outros;tracao_animal;transporte_de_cargas_especiais;trator_maquinas;utilitarios;ilesos;levemente_feridos;moderadamente_feridos;gravemente_feridos;mortos
16/12/2020;14:19:00;172;ASV - Acidente SEM Vítima;642,7;BR-116/BA;Sul;Saida de Pista;;;1;;;;;;;;1;;;;
16/12/2020;14:43:00;182;AV - Acidente com VITIMA;536;BR-324/BA;Oeste;Colisão Traseira;;;;;;;;;;2;5;1;;;
16/12/2020;15:03:00;188;ASV - Acidente SEM Vítima;561,5;BR-116/BA;Sul;Colisão Traseira;;;2;;;;;;;;2;;;;
17/12/2020;04:39:00;14;ASV - Acidente SEM Vítima;653,5;BR-116/BA;Sul;Colisão Lateral;;;2;;;;;;;;2;;;;
17/12/2020;06:44:00;35;AV - Acidente com VITIMA;608;BR-116/BA;Norte;Colisão Frontal;;;2;;;;;;;;2;;1;;
17/12/2020;07:08:00;50;ASV - Acidente SEM Vítima;623;BR-324/BA;Oeste;Engavetamento;4;;;;;;;;;;4;;;;
17/12/2020;07:30:00;61;ASV - Acidente SEM Vítima;619;BR-324/BA;Oeste;Sequência;2;;;;;1;;;;;3;;;;
17/12/2020;08:00:00;69;ASV - Acidente SEM Vítima;897,3;BR-116/BA;Norte;Colisão Traseira;;;1;;;1;;;;;2;;;;
17/12/2020;09:50:00;93;ASV - Acidente SEM Vítima;619;BR-324/BA;Leste;Engavetamento;3;;;;;;;;;;5;;;;
17/12/2020;10:06:00;101;ASV - Acidente SEM Vítima;617,7;BR-324/BA;Leste;Engavetamento;3;;;;;;;;;;3;;;;
17/12/2020;10:15:00;107;ASV - Acidente SEM Vítima;618;BR-324/BA;Leste;Colisão Traseira;2;;;;;;;;;;2;;;;
17/12/2020;10:35:00;114;ASV - Acidente SEM Vítima;910,5;BR-116/BA;Norte;Colisão Traseira;;;2;;;;;;;;2;;;;
17/12/2020;10:50:00;119;ASV - Acidente SEM Vítima;908,1;BR-116/BA;Sul;Engavetamento;;;1;;1;1;;;;;32;;;;
17/12/2020;14:41:00;166;ASV - Acidente SEM Vítima;578,5;BR-324/BA;Leste;Saida de Pista;1;;;;;;;;;;1;;;;
17/12/2020;16:06:00;197;ASV - Acidente SEM Vítima;16,5;BR-116/BA - Cont VC;Sul;Atropelamento - Ciclista;1;1;;;;;;;;;2;;;;
17/12/2020;19:22:00;251;ASV - Acidente SEM Vítima;535;BR-324/BA;Oeste;Engavetamento;;;3;;;;;;;;3;;;;
17/12/2020;22:59:00;284;AV - Acidente com VITIMA;442;BR-116/BA;Sul;Saida de Pista;1;;;;;;;;;;0;1;;;
18/12/2020;07:57:00;85;ASV - Acidente SEM Vítima;623,1;BR-324/BA;Leste;Colisão Lateral;1;;;1;;;;;;;3;;;;
18/12/2020;09:38:00;129;ASV - Acidente SEM Vítima;845,4;BR-116/BA;Norte;Colisão Lateral;1;;1;;;;;;;;5;;;;
18/12/2020;10:11:00;141;AF - Acidente com Vitima Fatal;887,5;BR-116/BA;Sul;Colisão Traseira;;;2;;;;;;;;1;;;;1
18/12/2020;10:15:00;144;ASV - Acidente SEM Vítima;843;BR-116/BA;Sul;Colisão Traseira;1;;1;;;;;;;;6;;;;
18/12/2020;15:49:00;249;ASV - Acidente SEM Vítima;599;BR-324/BA;Leste;Colisão Traseira;2;;;;;;;;;;2;;;;
18/12/2020;17:47:00;280;ASV - Acidente SEM Vítima;448;BR-116/BA;Norte;Saida de Pista;;;1;;;;;;;;1;;;;
18/12/2020;19:48:00;306;ASV - Acidente SEM Vítima;622;BR-324/BA;Oeste;Colisão Lateral;1;;1;;;;;;;;5;;;;
19/12/2020;03:53:00;17;ASV - Acidente SEM Vítima;611;BR-324/BA;Leste;Colisão Lateral;1;;;;;1;;;;;2;;;;
19/12/2020;14:49:00;213;ASV - Acidente SEM Vítima;793;BR-116/BA;Norte;Engavetamento;2;;;;;1;;;;;7;;;;
19/12/2020;15:28:00;228;ASV - Acidente SEM Vítima;535;BR-116/BA;Sul;Saida de Pista;1;;;;;;;;;;4;;;;
19/12/2020;20:02:00;292;ASV - Acidente SEM Vítima;625;BR-324/BA;Leste;Queda de Moto;;;;1;;;;;;;2;;;;
19/12/2020;20:32:00;295;ASV - Acidente SEM Vítima;639,6;BR-116/BA;Sul;Saida de Pista;;;1;;;;;;;;1;;;;
20/12/2020;06:56:00;41;AV - Acidente com VITIMA;918,5;BR-116/BA;Norte;Queda de Moto;;;;1;;1;;;;;1;;1;;
20/12/2020;08:30:00;60;ASV - Acidente SEM Vítima;791;BR-116/BA;Norte;Colisão Traseira;2;;;;;;;;;;2;;;;
20/12/2020;09:32:00;76;ASV - Acidente SEM Vítima;550;BR-116/BA;Sul;Colisão Lateral;1;;1;;;;;;;;4;;;;
20/12/2020;10:20:00;90;ASV - Acidente SEM Vítima;846;BR-116/BA;Sul;Colisão Traseira;;;1;;1;;;;;;36;;;;
20/12/2020;10:26:00;94;ASV - Acidente SEM Vítima;483;BR-116/BA;Norte;Saida de Pista;;;;;;;;;;1;5;;;;
20/12/2020;10:47:00;102;ASV - Acidente SEM Vítima;755;BR-116/BA;Sul;Colisão Traseira;;;;;;1;;;;1;2;;;;
20/12/2020;11:32:00;121;ASV - Acidente SEM Vítima;789,9;BR-116/BA;Norte;Colisão Traseira;;;2;;;;;;;;2;;;;
20/12/2020;14:18:00;154;ASV - Acidente SEM Vítima;643,95;BR-116/BA;Norte;Saida de Pista;;;;;1;;;;;;1;;;;
20/12/2020;14:47:00;165;ASV - Acidente SEM Vítima;671;BR-116/BA;Norte;Saida de Pista;1;;;;;;;;;;1;;;;
20/12/2020;16:00:00;186;ASV - Acidente SEM Vítima;757,5;BR-116/BA;Norte;Colisão Traseira;2;;;;;;;;;;2;;;;
20/12/2020;18:43:00;236;ASV - Acidente SEM Vítima;829;BR-116/BA;Norte;Colisão Traseira;1;;;;;1;;;;;4;;;;
20/12/2020;19:34:00;247;ASV - Acidente SEM Vítima;625;BR-116/BA;Norte;Saida de Pista;1;;;;;;;;;;4;;;;
20/12/2020;22:28:00;270;ASV - Acidente SEM Vítima;828;BR-116/BA;Sul;Saida de Pista;1;;;;;;;;;;1;;;;
21/12/2020;01:09:00;9;ASV - Acidente SEM Vítima;597;BR-324/BA;Leste;Colisão Traseira;1;;;;;1;;;;;2;;;;
21/12/2020;04:41:00;25;ASV - Acidente SEM Vítima;584;BR-324/BA;Oeste;Saida de Pista;1;;;;;;;;;;1;;;;
21/12/2020;08:10:00;92;ASV - Acidente SEM Vítima;527,9;BR-324/BA;Leste;Colisão Traseira;;;1;;;1;;;;;2;;;;
21/12/2020;08:18:00;98;ASV - Acidente SEM Vítima;534;BR-324/BA;Oeste;Colisão Traseira;1;;1;;;;;;;;3;;;;
21/12/2020;08:24:00;102;ASV - Acidente SEM Vítima;836;BR-116/BA;Norte;Engavetamento;2;;;;;;;;;1;3;;;;
21/12/2020;09:16:00;120;ASV - Acidente SEM Vítima;525;BR-324/BA;Leste;Engavetamento;;;4;;;;;;;;4;;;;
21/12/2020;11:08:00;167;ASV - Acidente SEM Vítima;643,7;BR-116/BA;Norte;Saida de Pista;;;1;;;;;;;;1;;;;
21/12/2020;11:33:00;181;ASV - Acidente SEM Vítima;519;BR-324/BA;Oeste;Engavetamento;1;;;;;2;;;;;3;;;;
21/12/2020;14:26:00;221;ASV - Acidente SEM Vítima;558,3;BR-324/BA;Oeste;Saida de Pista;1;;;;;;;;;;1;;;;
21/12/2020;15:49:00;249;AV - Acidente com VITIMA;574;BR-116/BA;Sul;Colisão Transversal;;;;1;;1;;;;;1;1;;;
21/12/2020;16:29:00;266;ASV - Acidente SEM Vítima;598,7;BR-324/BA;Leste;Engavetamento;3;;;;;;;;;;5;;;;
21/12/2020;17:33:00;290;AV - Acidente com VITIMA;787;BR-116/BA;Norte;Saida de Pista;1;;;;;;;;;;1;1;1;;
21/12/2020;20:05:00;324;AV - Acidente com VITIMA;539,2;BR-324/BA;Oeste;Saida de Pista;1;;;;;;;;;;0;1;;;
22/12/2020;02:16:00;8;ASV - Acidente SEM Vítima;571,5;BR-324/BA;Leste;Saida de Pista;;;1;;;;;;;;3;;;;
22/12/2020;08:35:00;90;AV - Acidente com VITIMA;622,7;BR-324/BA;Oeste;Colisão Lateral;;;;1;;1;;;;;1;1;;;
22/12/2020;08:53:00;95;AV - Acidente com VITIMA;557;BR-324/BA;Oeste;Queda de Moto;;;;1;;;;;;;0;2;;;
22/12/2020;08:55:00;96;AV - Acidente com VITIMA;6,5;BR-116/BA - Cont VC;Sul;Colisão Traseira;;;;1;;1;;;;;1;1;;;
22/12/2020;09:33:00;115;ASV - Acidente SEM Vítima;613;BR-324/BA;Leste;Colisão Traseira;2;;;;;;;;;;2;;;;
22/12/2020;10:09:00;130;ASV - Acidente SEM Vítima;625;BR-324/BA;Oeste;Colisão Traseira;2;;;;;;;;;;3;;;;
22/12/2020;10:32:00;134;AV - Acidente com VITIMA;618;BR-324/BA;Leste;Colisão Traseira;2;;;;;;;;;;2;1;;;
22/12/2020;12:52:00;167;ASV - Acidente SEM Vítima;620,1;BR-116/BA;Norte;Saida de Pista;1;;;;;;;;;;1;;;;
22/12/2020;14:47:00;211;ASV - Acidente SEM Vítima;607;BR-324/BA;Oeste;Sequência;1;;2;;;;;;;;3;;;;
22/12/2020;16:04:00;245;ASV - Acidente SEM Vítima;586;BR-116/BA;Sul;Colisão Traseira;;;2;;;;;;;;2;;;;
22/12/2020;16:41:00;252;AV - Acidente com VITIMA;619,1;BR-324/BA;Leste;Queda de Moto;;;;1;;;;;;;0;1;;;
22/12/2020;19:08:00;292;ASV - Acidente SEM Vítima;620;BR-324/BA;Oeste;Colisão Lateral;1;;1;;;;;;;;2;;;;
22/12/2020;19:28:00;295;ASV - Acidente SEM Vítima;518;BR-324/BA;Oeste;Colisão Traseira;1;;;;;1;;;;;2;;;;
22/12/2020;19:28:00;296;ASV - Acidente SEM Vítima;609;BR-324/BA;Oeste;Colisão Lateral;1;;;;;;;;;1;2;;;;
22/12/2020;20:58:00;310;ASV - Acidente SEM Vítima;556;BR-324/BA;Leste;Saida de Pista;1;;;;;;;;;;1;;;;
22/12/2020;21:41:00;318;ASV - Acidente SEM Vítima;540;BR-324/BA;Leste;Colisão Lateral;1;;1;;;;;;;;2;;;;
23/12/2020;03:05:00;22;AV - Acidente com VITIMA;921,2;BR-116/BA;Norte;Saida de Pista;;;1;;;1;;;;;1;1;;;
23/12/2020;05:50:00;36;ASV - Acidente SEM Vítima;583,9;BR-324/BA;Oeste;Saida de Pista;1;;;;;;;;;;1;;;;
23/12/2020;09:18:00;120;ASV - Acidente SEM Vítima;828;BR-116/BA;Sul;Colisão Lateral;1;;1;;;;;;;;2;;;;
23/12/2020;09:22:00;124;ASV - Acidente SEM Vítima;906;BR-116/BA;Sul;Saida de Pista;;;1;;;;;;;;1;;;;
23/12/2020;09:36:00;132;ASV - Acidente SEM Vítima;613;BR-324/BA;Leste;Engavetamento;4;;;;;1;;;;;5;;;;
23/12/2020;11:54:00;172;ASV - Acidente SEM Vítima;617;BR-324/BA;Leste;Colisão Traseira;1;;;;;1;;;;;2;;;;
23/12/2020;13:28:00;197;ASV - Acidente SEM Vítima;435;BR-116/BA;Norte;Colisão Traseira;2;;;;;;;;;;2;;;;
23/12/2020;13:40:00;202;AV - Acidente com VITIMA;602;BR-324/BA;Oeste;Colisão Traseira;1;;1;;;;;;;;1;1;;;
23/12/2020;16:05:00;250;ASV - Acidente SEM Vítima;539;BR-324/BA;Leste;Saida de Pista;1;;;;;;;;;;1;;;;
23/12/2020;16:16:00;251;AV - Acidente com VITIMA;599;BR-116/BA;Sul;Colisão Transversal;2;;;;;;;;;;1;1;;;
23/12/2020;16:47:00;257;ASV - Acidente SEM Vítima;565;BR-324/BA;Oeste;Colisão Traseira;1;;;;;;;;;1;2;;;;
23/12/2020;16:49:00;258;AV - Acidente com VITIMA;820,1;BR-116/BA;Norte;Atropelamento de Animal;;;;1;;;;;;;0;1;;;
23/12/2020;16:56:00;259;AV - Acidente com VITIMA;560;BR-324/BA;Oeste;Colisão Transversal;2;;;;;;;;;;4;1;;;
23/12/2020;17:05:00;261;ASV - Acidente SEM Vítima;566;BR-324/BA;Oeste;Colisão Traseira;2;;;;;;;;;;2;;;;
23/12/2020;17:14:00;264;AV - Acidente com VITIMA;524;BR-116/BA;Norte;Engavetamento;;;2;1;;;;;;;2;1;;;
23/12/2020;17:48:00;271;ASV - Acidente SEM Vítima;580;BR-324/BA;Oeste;Colisão Traseira;1;;;;;1;;;;;2;;;;
23/12/2020;19:54:00;302;ASV - Acidente SEM Vítima;828,5;BR-116/BA;Norte;Engavetamento;2;;;;;1;;;;;3;;;;
23/12/2020;22:04:00;322;AF - Acidente com Vitima Fatal;559,9;BR-324/BA;Oeste;Colisão Traseira;1;;1;;;;;;;;1;;1;;1
23/12/2020;22:57:00;334;ASV - Acidente SEM Vítima;588,1;BR-116/BA;Norte;Saida de Pista;1;;;;;;;;;;1;;;;
24/12/2020;07:09:00;52;AV - Acidente com VITIMA;17,7;BR-116/BA - Cont VC;Sul;Colisão Transversal;1;;;1;;;;;;;1;1;;;
24/12/2020;09:21:00;81;ASV - Acidente SEM Vítima;441,9;BR-116/BA;Norte;Saida de Pista;;;1;;;;;;;;1;;;;
24/12/2020;09:49:00;87;ASV - Acidente SEM Vítima;861;BR-116/BA;Norte;Saida de Pista;1;;;;;;;;;;5;;;;
24/12/2020;10:39:00;100;ASV - Acidente SEM Vítima;521;BR-116/BA;Norte;Colisão Lateral;1;;1;;;;;;;;2;;;;
24/12/2020;11:17:00;110;ASV - Acidente SEM Vítima;632;BR-116/BA;Norte;Colisão Lateral;1;;2;;;;;;;;3;;;;
24/12/2020;13:36:00;147;ASV - Acidente SEM Vítima;563;BR-324/BA;Oeste;Colisão Traseira;1;;;;;;;;;;2;;;;
24/12/2020;14:14:00;155;AV - Acidente com VITIMA;432;BR-116/BA;Norte;Atropelamento de Pedestre;;;1;;;1;;;;;2;1;;;
24/12/2020;14:33:00;164;ASV - Acidente SEM Vítima;829;BR-116/BA;Norte;Engavetamento;1;;;;;2;;;;;3;;;;
24/12/2020;14:39:00;167;ASV - Acidente SEM Vítima;565;BR-324/BA;Leste;Saida de Pista;1;;;;;;;;;;1;;;;
24/12/2020;14:59:00;173;ASV - Acidente SEM Vítima;531;BR-324/BA;Oeste;Queda de Moto;;;;1;;;;;;;1;;;;
24/12/2020;15:27:00;180;ASV - Acidente SEM Vítima;606;BR-324/BA;Oeste;Sequência;2;;;;;1;;;;;3;;;;
24/12/2020;17:03:00;203;ASV - Acidente SEM Vítima;642;BR-116/BA;Norte;Queda de Moto;;;;1;;;;;;;2;;;;
24/12/2020;18:11:00;222;ASV - Acidente SEM Vítima;599;BR-324/BA;Leste;Colisão Traseira;1;;1;;;;;;;;3;;;;
25/12/2020;01:13:00;10;ASV - Acidente SEM Vítima;621;BR-324/BA;Oeste;Capotamento;1;;;;;;;;;;1;;;;
25/12/2020;06:20:00;20;ASV - Acidente SEM Vítima;545;BR-324/BA;Oeste;Colisão Traseira;1;;;;;1;;;;;2;;;;
25/12/2020;07:13:00;32;AV - Acidente com VITIMA;621;BR-324/BA;Oeste;Colisão Traseira;;;;1;;1;;;;;1;1;;;
25/12/2020;08:56:00;52;ASV - Acidente SEM Vítima;614;BR-116/BA;Norte;Colisão Lateral;1;;;;;;;;;1;5;;;;
25/12/2020;09:14:00;56;ASV - Acidente SEM Vítima;643,5;BR-116/BA;Sul;Tombamento;;;1;;;;;;;;2;;;;
25/12/2020;09:48:00;61;ASV - Acidente SEM Vítima;643,55;BR-116/BA;Norte;Colisão Traseira;1;;1;;;;;;;;4;;;;
25/12/2020;10:29:00;68;ASV - Acidente SEM Vítima;645,7;BR-116/BA;Norte;Saida de Pista;;;1;;;1;;;;;2;;;;
25/12/2020;10:43:00;70;AV - Acidente com VITIMA;595,7;BR-116/BA;Sul;Saida de Pista;;;1;;;;;;;;0;1;;;
25/12/2020;16:08:00;112;AV - Acidente com VITIMA;574;BR-324/BA;Oeste;Queda de Moto;;;;1;;;;;;;0;;1;;
25/12/2020;16:16:00;115;ASV - Acidente SEM Vítima;588;BR-324/BA;Leste;Saida de Pista;1;;;;;;;;;;1;;;;
25/12/2020;18:22:00;142;AV - Acidente com VITIMA;583;BR-324/BA;Leste;Saida de Pista;1;;;;;;;;;;1;1;;;
25/12/2020;19:00:00;153;AF - Acidente com Vitima Fatal;775;BR-116/BA;Norte;Atropelamento - Ciclista;1;1;;;;;;;;;4;;;;1
25/12/2020;20:36:00;169;ASV - Acidente SEM Vítima;612;BR-324/BA;Oeste;Queda de Moto;;;;1;;;;;;;1;;;;
25/12/2020;22:54:00;191;AF - Acidente com Vitima Fatal;489,8;BR-116/BA;Sul;Atropelamento de Animal;;;;1;;;;;;;0;;;;1
25/12/2020;23:30:00;192;ASV - Acidente SEM Vítima;619,7;BR-324/BA;Leste;Saida de Pista;1;;;;;;;;;;1;;;;
26/12/2020;11:17:00;89;AV - Acidente com VITIMA;530;BR-324/BA;Leste;Saida de Pista;1;;;;;;;;;;1;1;;;
26/12/2020;11:25:00;90;AF - Acidente com Vitima Fatal;730;BR-116/BA;Sul;Colisão Transversal;1;;;;;;;;;1;0;4;;1;1
26/12/2020;11:33:00;92;AV - Acidente com VITIMA;530;BR-324/BA;Leste;Colisão Traseira;2;;;;;;;;;;5;;1;;
26/12/2020;13:02:00;107;ASV - Acidente SEM Vítima;1;BR-116/BA - ContSuFS;Norte;Colisão Traseira;;;;;;;;;;2;2;;;;
26/12/2020;15:38:00;132;AV - Acidente com VITIMA;25,5;BR-116/BA - Cont VC;Sul;Colisão Transversal;1;;;;;;;;;1;2;1;1;;
26/12/2020;15:43:00;134;AF - Acidente com Vitima Fatal;919,9;BR-116/BA;Norte;Colisão Frontal;;;3;1;;;;;;;3;;;;1
26/12/2020;22:12:00;183;ASV - Acidente SEM Vítima;616;BR-116/BA;Sul;Colisão Traseira;1;;1;;;;;;;;6;;;;
26/12/2020;22:24:00;189;ASV - Acidente SEM Vítima;14,5;BR-116/BA - Cont VC;Norte;Atropelamento de Animal;;;;;;1;;;;;1;;;;
27/12/2020;04:20:00;9;AV - Acidente com VITIMA;905,9;BR-116/BA;Norte;Colisão Frontal;1;;2;;;;;;;;3;1;;;
27/12/2020;09:38:00;58;ASV - Acidente SEM Vítima;574;BR-324/BA;Leste;Choque Contra Objeto Fixo;1;;;;;;;;;;3;;;;
27/12/2020;12:25:00;109;AV - Acidente com VITIMA;3;BR-116/BA - Cont VC;Sul;Colisão Transversal;;;;1;;1;;;;;1;1;;;
27/12/2020;13:18:00;125;AV - Acidente com VITIMA;555;BR-116/BA;Norte;Colisão Lateral;;;;1;;1;;;;;1;;2;;
27/12/2020;13:54:00;134;ASV - Acidente SEM Vítima;883,5;BR-116/BA;Norte;Colisão Traseira;;;2;;;;;;;;2;;;;
27/12/2020;14:06:00;136;ASV - Acidente SEM Vítima;554;BR-324/BA;Oeste;Capotamento;1;;;;;;;;;;1;;;;
27/12/2020;17:12:00;186;ASV - Acidente SEM Vítima;489;BR-116/BA;Norte;Saida de Pista;1;;;;;;;;;;3;;;;
27/12/2020;17:54:00;197;ASV - Acidente SEM Vítima;591;BR-324/BA;Leste;Colisão Traseira;2;;;;;;;;;;5;;;;
27/12/2020;18:53:00;214;AV - Acidente com VITIMA;15;BR-116/BA - Cont VC;Sul;Colisão Traseira;1;;;1;;;;;;;1;;1;;
27/12/2020;21:03:00;230;AV - Acidente com VITIMA;584;BR-324/BA;Leste;Saida de Pista;1;;;;;;;;;;0;;1;;
27/12/2020;21:57:00;235;AV - Acidente com VITIMA;598;BR-324/BA;Oeste;Saida de Pista;;;;;;;;;;1;2;;;1;
28/12/2020;01:13:00;6;AV - Acidente com VITIMA;5;BR-116/BA - ContSuFS;Sul;Atropelamento de Animal;1;;;;;;;;;;0;;1;;
28/12/2020;06:21:00;31;ASV - Acidente SEM Vítima;560;BR-324/BA;Oeste;Colisão Traseira;1;;;;;;;;;1;4;;;;
28/12/2020;07:31:00;47;ASV - Acidente SEM Vítima;609,2;BR-324/BA;Oeste;Colisão Traseira;2;;;;;;;;;;2;;;;
28/12/2020;08:00:00;57;ASV - Acidente SEM Vítima;609,2;BR-324/BA;Leste;Saida de Pista;1;;;;;;;;;;1;;;;
28/12/2020;09:45:00;86;ASV - Acidente SEM Vítima;615;BR-324/BA;Leste;Colisão Lateral;2;;;;;2;;;;;4;;;;
28/12/2020;10:15:00;102;ASV - Acidente SEM Vítima;692,5;BR-116/BA;Sul;Saida de Pista;1;;;;;;;;;;2;;;;
28/12/2020;12:19:00;146;AV - Acidente com VITIMA;610;BR-324/BA;Leste;Engavetamento;3;;;;;;;;;;4;;1;;
28/12/2020;13:06:00;156;ASV - Acidente SEM Vítima;614;BR-324/BA;Leste;Engavetamento;3;;;;;;;;;;3;;;;
28/12/2020;19:48:00;260;AV - Acidente com VITIMA;857;BR-116/BA;Sul;Atropelamento de Pedestre;;;;;;;;;;1;2;;;1;
28/12/2020;23:52:00;292;ASV - Acidente SEM Vítima;568,4;BR-324/BA;Leste;Saida de Pista;1;;;;;;;;;;3;;;;
29/12/2020;07:31:00;61;ASV - Acidente SEM Vítima;697;BR-116/BA;Sul;Saida de Pista;;;;;;;;;;1;4;;;;
29/12/2020;08:55:00;84;ASV - Acidente SEM Vítima;818;BR-116/BA;Sul;Engavetamento;;;;;;;;;;3;4;;;;
29/12/2020;14:28:00;160;AV - Acidente com VITIMA;778;BR-116/BA;Sul;Colisão Lateral;1;;;1;;;;;;;4;1;;;
30/12/2020;01:24:00;2;AV - Acidente com VITIMA;6;BR-116/BA - ContSuFS;Norte;Queda de Moto;;;;1;;;;;;;0;;1;;
30/12/2020;06:36:00;41;AV - Acidente com VITIMA;556;BR-324/BA;Leste;Queda de Moto;;;;1;;;;;;;0;1;;;
30/12/2020;06:49:00;44;AV - Acidente com VITIMA;611;BR-324/BA;Leste;Colisão Traseira;1;;2;;;;;;;1;3;;1;;
30/12/2020;09:44:00;103;ASV - Acidente SEM Vítima;899,8;BR-116/BA;Norte;Colisão Lateral;2;;;;;;;;;;2;;;;
30/12/2020;10:05:00;111;ASV - Acidente SEM Vítima;526;BR-324/BA;Oeste;Colisão Traseira;1;;1;;;;;;;;4;;;;
30/12/2020;13:58:00;165;ASV - Acidente SEM Vítima;611;BR-324/BA;Oeste;Engavetamento;3;;1;;;;;;;;10;;;;
30/12/2020;14:34:00;176;ASV - Acidente SEM Vítima;483;BR-116/BA;Sul;Colisão Traseira;;;2;;;;;;;;2;;;;
30/12/2020;22:07:00;283;ASV - Acidente SEM Vítima;560;BR-324/BA;Oeste;Colisão Traseira;1;;;;;;;;;1;2;;;;
31/12/2020;05:26:00;33;AV - Acidente com VITIMA;602,1;BR-324/BA;Oeste;Colisão Lateral;2;;;;;;;;;;2;1;;;
31/12/2020;09:48:00;89;ASV - Acidente SEM Vítima;832,7;BR-116/BA;Norte;Colisão Transversal;1;;;;;1;;;;;5;;;;
31/12/2020;17:10:00;209;ASV - Acidente SEM Vítima;528;BR-324/BA;Leste;Colisão Traseira;2;;;;;;;;;;2;;;;
31/12/2020;18:21:00;231;AF - Acidente com Vitima Fatal;702;BR-116/BA;Norte;Tombamento;;;1;;;;;;;;0;;;;1
31/12/2020;19:16:00;243;ASV - Acidente SEM Vítima;579;BR-324/BA;Oeste;Atropelamento de Animal;1;;;;;;;;;;4;;;;
31/12/2020;20:54:00;260;ASV - Acidente SEM Vítima;1;BR-116/BA - Cont VC;Sul;Colisão Lateral;1;;1;;;;;;;;2;;;;
01/01/2021;01:29:00;3;AV - Acidente com VITIMA;0;BR-116/BA - Cont VC;Norte;Saida de Pista;1;;;;;;;;;;2;1;;;
01/01/2021;05:28:00;10;ASV - Acidente SEM Vítima;564;BR-324/BA;Leste;Saida de Pista;;;1;;;;;;;;1;;;;
01/01/2021;06:23:00;15;AV - Acidente com VITIMA;502;BR-116/BA;Sul;Queda de Moto;;;;1;;;;;;;0;2;;;
01/01/2021;14:52:00;99;ASV - Acidente SEM Vítima;6;BR-116/BA - ContSuFS;Norte;Colisão Traseira;2;;;;;;;;;;2;;;;
02/01/2021;08:24:00;45;ASV - Acidente SEM Vítima;433;BR-116/BA;Norte;Colisão Traseira;2;;;;;;;;;;2;;;;
02/01/2021;14:12:00;92;AV - Acidente com VITIMA;828;BR-116/BA;Sul;Atropelamento de Pedestre;;;1;;;;;;;;1;;1;;
02/01/2021;14:48:00;102;ASV - Acidente SEM Vítima;652;BR-116/BA;Norte;Colisão Traseira;;;2;;;;;;;;2;;;;
02/01/2021;16:27:00;115;AV - Acidente com VITIMA;636;BR-116/BA;Sul;Engavetamento;3;;1;;;;;;;;11;;2;;
02/01/2021;21:05:00;165;ASV - Acidente SEM Vítima;928,8;BR-116/BA;Norte;Colisão Lateral;1;;1;;;;;;;;6;;;;
03/01/2021;06:09:00;29;AV - Acidente com VITIMA;530,3;BR-324/BA;Oeste;Queda de Moto;;;;1;;;;;;;0;;;1;
03/01/2021;08:07:00;57;ASV - Acidente SEM Vítima;15,5;BR-116/BA - Cont VC;Sul;Colisão Traseira;1;;;;;;;;;1;4;;;;
03/01/2021;09:49:00;81;ASV - Acidente SEM Vítima;599;BR-324/BA;Leste;Colisão Transversal;2;;;;;;;;;;9;;;;
03/01/2021;11:56:00;109;AV - Acidente com VITIMA;575;BR-324/BA;Leste;Saida de Pista;1;;;;;;;;;;0;1;1;1;
03/01/2021;15:14:00;152;ASV - Acidente SEM Vítima;595;BR-324/BA;Oeste;Colisão Traseira;2;;;;;;;;;;3;;;;
03/01/2021;15:32:00;157;ASV - Acidente SEM Vítima;634;BR-116/BA;Sul;Engavetamento;2;;1;;;;;;;;10;;;;
03/01/2021;16:52:00;179;AV - Acidente com VITIMA;609;BR-324/BA;Leste;Queda de Moto;;;;1;;1;;;;;1;2;;;
03/01/2021;18:10:00;210;ASV - Acidente SEM Vítima;591;BR-324/BA;Oeste;Saida de Pista;1;;;;;;;;;;1;;;;
03/01/2021;19:25:00;226;ASV - Acidente SEM Vítima;16,7;BR-116/BA - Cont VC;Norte;Colisão Transversal;2;;;;;;;;;;2;;;;
04/01/2021;12:51:00;144;AV - Acidente com VITIMA;524;BR-324/BA;Leste;Engavetamento;1;;2;;;;;;;;2;;1;;
04/01/2021;19:59:00;254;ASV - Acidente SEM Vítima;606;BR-324/BA;Oeste;Atropelamento de Pedestre;;;;;;1;;;;;2;;;;
05/01/2021;09:27:00;93;ASV - Acidente SEM Vítima;598;BR-324/BA;Leste;Saida de Pista;;;;;;;;;;1;1;;;;
05/01/2021;14:15:00;156;ASV - Acidente SEM Vítima;597;BR-324/BA;Oeste;Colisão Lateral;1;;;;;;;;;;1;;;;
05/01/2021;18:26:00;233;ASV - Acidente SEM Vítima;621,8;BR-324/BA;Oeste;Engavetamento;2;;;;1;;;;;;3;;;;
05/01/2021;19:07:00;243;ASV - Acidente SEM Vítima;621,8;BR-324/BA;Oeste;Colisão Lateral;1;;1;;;;;;;;2;;;;
06/01/2021;09:15:00;86;AF - Acidente com Vitima Fatal;580;BR-116/BA;Norte;Colisão Lateral;;;3;;;;;;;;2;;;;1
06/01/2021;21:57:00;285;ASV - Acidente SEM Vítima;16,5;BR-116/BA - Cont VC;Norte;Saida de Pista;1;;;;;;;;;;1;;;;