data;horario;n_da_ocorrencia;tipo_de_ocorrencia;km;trecho;sentido;tipo_de_acidente;automovel;bicicleta;caminhao;moto;onibus;outros;tracao_animal;transporte_de_cargas_especiais;trator_maquinas;utilitarios;ilesos;levemente_feridos;moderadamente_feridos;gravemente_feridos;mortos
07/01/2021;09:09:00;87;ASV - Acidente SEM Vítima;524;BR-324/BA;Oeste;Engavetamento;1;;3;;;;;;;;4;;;;
07/01/2021;09:17:00;92;ASV - Acidente SEM Vítima;634;BR-116/BA;Sul;Colisão Frontal;1;;2;;;;;;;;3;;;;
07/01/2021;12:40:00;133;AV - Acidente com VITIMA;7;BR-116/BA - ContSuFS;Norte;Queda de Moto;;;;1;;1;;;;;1;;1;;
07/01/2021;13:27:00;150;ASV - Acidente SEM Vítima;552;BR-324/BA;Oeste;Saida de Pista;1;;;;;;;;;;1;;;;
07/01/2021;14:01:00;156;ASV - Acidente SEM Vítima;5;BR-116/BA - ContSuFS;Norte;Engavetamento;1;;;;;2;;;;;3;;;;
07/01/2021;15:54:00;179;ASV - Acidente SEM Vítima;579;BR-324/BA;Oeste;Colisão Traseira;1;;1;;;;;;;;2;;;;
07/01/2021;17:50:00;216;ASV - Acidente SEM Vítima;580;BR-324/BA;Oeste;Saida de Pista;1;;;;;;;;;;1;;;;
07/01/2021;17:53:00;217;AV - Acidente com VITIMA;783;BR-116/BA;Norte;Queda de Moto;;;;1;;;;;;;0;1;;;
07/01/2021;19:23:00;233;AV - Acidente com VITIMA;565;BR-324/BA;Leste;Queda de Moto;;;;1;;;;;;;0;1;;;
07/01/2021;21:23:00;248;AV - Acidente com VITIMA;548;BR-324/BA;Leste;Saida de Pista;;;1;;;;;;;;0;;1;;
08/01/2021;16:32:00;213;ASV - Acidente SEM Vítima;620;BR-324/BA;Leste;Colisão Traseira;1;;;;1;;;;;;2;;;;
08/01/2021;16:32:00;214;ASV - Acidente SEM Vítima;626;BR-324/BA;Oeste;Engavetamento;1;;;;;;;;;;1;;;;
08/01/2021;18:56:00;253;AV - Acidente com VITIMA;720,7;BR-116/BA;Sul;Atropelamento de Pedestre;;;;;;1;;;;;1;1;;;
08/01/2021;19:12:00;261;ASV - Acidente SEM Vítima;3;BA-528;Sul;Capotamento;1;;;;;;;;;;1;;;;
08/01/2021;19:27:00;266;ASV - Acidente SEM Vítima;7;BR-116/BA - Cont VC;Sul;Colisão Transversal;2;;;;;;;;;;2;;;;
08/01/2021;19:28:00;268;AV - Acidente com VITIMA;842;BR-116/BA;Sul;Queda de Moto;;;;1;;;;;;;0;1;;;
08/01/2021;20:06:00;275;AV - Acidente com VITIMA;16;BR-116/BA - Cont VC;Sul;Atropelamento de Pedestre;;;;1;;;;;;;1;1;;;
09/01/2021;01:26:00;8;AV - Acidente com VITIMA;14;BR-116/BA - Cont VC;Sul;Queda de Moto;;;;1;;;;;;;0;1;;;
09/01/2021;05:53:00;28;ASV - Acidente SEM Vítima;563;BR-116/BA;Sul;Outros;;;1;;;;;;;;7;;;;
09/01/2021;08:28:00;75;ASV - Acidente SEM Vítima;523;BR-324/BA;Oeste;Engavetamento;2;;;;;;;;;1;8;;;;
09/01/2021;09:03:00;80;ASV - Acidente SEM Vítima;815;BR-116/BA;Sul;Outros;3;;;;;;;;;1;4;;;;
09/01/2021;09:36:00;85;ASV - Acidente SEM Vítima;585;BR-324/BA;Oeste;Colisão Traseira;2;;;;;;;;;;2;;;;
09/01/2021;12:22:00;122;ASV - Acidente SEM Vítima;548;BR-324/BA;Oeste;Colisão Lateral;;;1;;;;;;;1;2;;;;
09/01/2021;15:56:00;185;ASV - Acidente SEM Vítima;16;BR-116/BA - Cont VC;Sul;Colisão Transversal;2;;;;;;;;;;2;;;;
09/01/2021;17:24:00;206;AV - Acidente com VITIMA;658,3;BR-116/BA;Norte;Saida de Pista;1;;;;;;;;;;0;2;;;
09/01/2021;18:56:00;228;ASV - Acidente SEM Vítima;518;BR-324/BA;Oeste;Colisão Lateral;1;;1;;;;;;;;4;;;;
09/01/2021;19:01:00;229;AF - Acidente com Vitima Fatal;623,8;BR-324/BA;Leste;Atropelamento de Pedestre;;;;1;;;;;;;2;;;;1
09/01/2021;21:04:00;252;ASV - Acidente SEM Vítima;431;BR-116/BA;Norte;Saida de Pista;1;;;;;;;;;;1;;;;
09/01/2021;22:24:00;258;AV - Acidente com VITIMA;11;BR-116/BA - Cont VC;Norte;Queda de Moto;;;;1;;;;;;;1;;;1;
10/01/2021;00:19:00;2;AV - Acidente com VITIMA;10;BR-116/BA - Cont VC;Norte;Queda de Moto;;;;1;;;;;;;0;2;;;
10/01/2021;02:12:00;12;AV - Acidente com VITIMA;524;BR-324/BA;Leste;Queda de Moto;1;;;;;;;;;;0;1;;;
10/01/2021;05:04:00;14;ASV - Acidente SEM Vítima;546;BR-324/BA;Oeste;Colisão Traseira;1;;1;;;;;;;;2;;;;
10/01/2021;15:35:00;145;AV - Acidente com VITIMA;526;BR-324/BA;Oeste;Queda de Moto;;;;1;;;;;;;0;2;;;
10/01/2021;17:13:00;169;ASV - Acidente SEM Vítima;717;BR-116/BA;Norte;Colisão Lateral;;;;;1;1;;;;1;14;;;;
10/01/2021;17:21:00;172;ASV - Acidente SEM Vítima;630;BR-116/BA;Norte;Colisão Traseira;1;;;;;1;;;;;3;;;;
10/01/2021;17:59:00;185;ASV - Acidente SEM Vítima;827;BR-116/BA;Norte;Colisão Transversal;1;;;1;;;;;;;2;;;;
10/01/2021;18:41:00;198;ASV - Acidente SEM Vítima;701;BR-116/BA;Sul;Sequência;3;;;;;1;;;;;8;;;;
10/01/2021;20:10:00;219;ASV - Acidente SEM Vítima;569,9;BR-116/BA;Norte;Saida de Pista;;;1;;;;;;;;1;;;;
10/01/2021;22:45:00;249;AF - Acidente com Vitima Fatal;4,6;BR-116/BA - ContSuFS;Sul;Colisão Frontal;;;1;1;;;;;;;1;;;;1
11/01/2021;06:03:00;18;ASV - Acidente SEM Vítima;605,1;BR-116/BA;Sul;Colisão Lateral;1;;1;;;;;;;;3;;;;
11/01/2021;07:01:00;47;ASV - Acidente SEM Vítima;531,8;BR-324/BA;Oeste;Engavetamento;2;;;;;1;;;;;7;;;;
11/01/2021;07:22:00;55;ASV - Acidente SEM Vítima;611;BR-324/BA;Leste;Colisão Traseira;2;;;;;;;;;;2;;;;
11/01/2021;07:35:00;61;ASV - Acidente SEM Vítima;612;BR-324/BA;Oeste;Engavetamento;2;;;;;1;;;;;3;;;;
11/01/2021;09:44:00;110;AF - Acidente com Vitima Fatal;498;BR-116/BA;Norte;Colisão Transversal;1;;1;;;;;;;;1;;;;1
11/01/2021;10:01:00;113;AF - Acidente com Vitima Fatal;574;BR-116/BA;Norte;Queda de Moto;;;1;1;;;;;;;1;;;;1
11/01/2021;10:45:00;130;ASV - Acidente SEM Vítima;713,5;BR-116/BA;Norte;Colisão Traseira;;;2;;;;;;;;2;;;;
11/01/2021;10:48:00;133;AV - Acidente com VITIMA;590,3;BR-324/BA;Leste;Saida de Pista;1;;;;;;;;;;2;;1;;
11/01/2021;15:43:00;219;ASV - Acidente SEM Vítima;579,8;BR-324/BA;Oeste;Colisão Traseira;1;;1;;;;;;;;2;;;;
11/01/2021;15:48:00;222;AV - Acidente com VITIMA;850;BR-116/BA;Norte;Tombamento;;;1;;;;;;;;0;;;1;
11/01/2021;16:22:00;230;AV - Acidente com VITIMA;632;BR-116/BA;Sul;Atropelamento de Pedestre;1;;;;;;;;;;1;1;;;
11/01/2021;16:44:00;236;ASV - Acidente SEM Vítima;521;BR-324/BA;Oeste;Colisão Lateral;2;;1;;;;;;;;3;;;;
11/01/2021;17:04:00;243;ASV - Acidente SEM Vítima;520;BR-324/BA;Oeste;Saida de Pista;;;1;;;;;;;;1;;;;
11/01/2021;21:56:00;297;AV - Acidente com VITIMA;589;BR-324/BA;Leste;Colisão Traseira;2;;;;;;;;;;3;;1;;
12/01/2021;06:00:00;25;AV - Acidente com VITIMA;596;BR-116/BA;Norte;Saida de Pista;1;;;;;;;;;;0;;2;;
12/01/2021;07:49:00;69;ASV - Acidente SEM Vítima;832,2;BR-116/BA;Norte;Colisão Traseira;1;;;;;1;;;;;4;;;;
12/01/2021;09:23:00;107;AV - Acidente com VITIMA;832;BR-116/BA;Sul;Queda de Moto;;;;1;;;;;;;0;1;;;
12/01/2021;09:25:00;108;ASV - Acidente SEM Vítima;612;BR-324/BA;Leste;Engavetamento;1;;;;;2;;;;;3;;;;
12/01/2021;10:32:00;126;ASV - Acidente SEM Vítima;621,8;BR-324/BA;Leste;Engavetamento;3;;;;;;;;;;8;;;;
12/01/2021;12:10:00;150;ASV - Acidente SEM Vítima;605;BR-324/BA;Oeste;Queda de Moto;;;;1;;;;;;;2;;;;
12/01/2021;12:33:00;151;ASV - Acidente SEM Vítima;562;BR-324/BA;Oeste;Saida de Pista;;;;;;;;;;1;4;;;;
12/01/2021;12:33:00;152;ASV - Acidente SEM Vítima;572;BR-116/BA;Norte;Capotamento;1;;;;;;;;;;3;;;;
12/01/2021;13:40:00;177;ASV - Acidente SEM Vítima;632;BR-116/BA;Sul;Saida de Pista;1;;;;;;;;;;3;;;;
12/01/2021;14:16:00;184;ASV - Acidente SEM Vítima;847;BR-116/BA;Sul;Colisão Traseira;;;1;;;;;;;1;3;;;;
13/01/2021;06:16:00;23;ASV - Acidente SEM Vítima;592,5;BR-324/BA;Oeste;Colisão Lateral;;;;;;1;;;;1;2;;;;
13/01/2021;12:30:00;134;ASV - Acidente SEM Vítima;8;BA-526;Norte;Tombamento;;;1;;;;;;;;1;;;;
13/01/2021;17:43:00;241;AV - Acidente com VITIMA;16;BR-116/BA - Cont VC;Sul;Colisão Transversal;1;;;1;;;;;;;0;1;1;;
13/01/2021;23:50:00;307;ASV - Acidente SEM Vítima;570;BR-324/BA;Oeste;Saida de Pista;1;;;;;;;;;;1;;;;
14/01/2021;05:36:00;17;AV - Acidente com VITIMA;581;BR-324/BA;Oeste;Colisão Lateral;1;;;;;;;;;;0;2;;;
14/01/2021;06:13:00;23;ASV - Acidente SEM Vítima;838;BR-116/BA;Norte;Saida de Pista;1;;;;;;;;;;3;;;;
14/01/2021;09:29:00;94;ASV - Acidente SEM Vítima;620,5;BR-324/BA;Leste;Colisão Lateral;;;1;;;;;;;1;2;;;;
14/01/2021;15:25:00;179;AF - Acidente com Vitima Fatal;775,8;BR-116/BA;Norte;Colisão Lateral;;;;1;;;;;;1;0;1;;;1
14/01/2021;17:42:00;237;ASV - Acidente SEM Vítima;912,9;BR-116/BA;Sul;Colisão Traseira;;;1;;;1;;;;;2;;;;
14/01/2021;19:34:00;268;ASV - Acidente SEM Vítima;15,2;BR-116/BA - Cont VC;Norte;Engavetamento;2;;;;;2;;;;;4;;;;
14/01/2021;22:22:00;297;AV - Acidente com VITIMA;11;BR-116/BA - Cont VC;Norte;Colisão Frontal;;;;2;;;;;;;1;;1;;
14/01/2021;22:53:00;302;AV - Acidente com VITIMA;621;BR-324/BA;Leste;Queda de Moto;;;;1;;;;;;;0;1;;;
15/01/2021;02:26:00;7;ASV - Acidente SEM Vítima;434,2;BR-116/BA;Norte;Tombamento;;;1;;;;;;;;1;;;;
15/01/2021;03:34:00;10;AV - Acidente com VITIMA;515,3;BR-116/BA;Sul;Colisão Lateral;;;1;;;;;;;1;1;;1;;
15/01/2021;04:05:00;12;ASV - Acidente SEM Vítima;618,7;BR-324/BA;Oeste;Saida de Pista;;;1;;;;;;;;1;;;;
15/01/2021;10:21:00;114;ASV - Acidente SEM Vítima;865,5;BR-116/BA;Sul;Engavetamento;;;3;;;;;;;;4;;;;
15/01/2021;10:53:00;121;ASV - Acidente SEM Vítima;609;BR-324/BA;Oeste;Engavetamento;;;;;;3;;;;;3;;;;
15/01/2021;11:00:00;123;ASV - Acidente SEM Vítima;611;BR-324/BA;Oeste;Engavetamento;;;;;;;;;;3;3;;;;
15/01/2021;11:26:00;129;ASV - Acidente SEM Vítima;586;BR-324/BA;Leste;Saida de Pista;1;;;;;;;;;;2;;;;
15/01/2021;11:37:00;132;ASV - Acidente SEM Vítima;609;BR-324/BA;Oeste;Colisão Traseira;2;;;;;;;;;;4;;;;
15/01/2021;12:22:00;139;AV - Acidente com VITIMA;567;BR-324/BA;Leste;Saida de Pista;1;;;;;;;;;;1;1;;;
15/01/2021;13:31:00;149;AV - Acidente com VITIMA;527;BR-324/BA;Leste;Colisão Traseira;;;;1;;1;;;;;1;;1;;
15/01/2021;14:19:00;159;AV - Acidente com VITIMA;562;BR-324/BA;Oeste;Colisão Traseira;;;1;1;;;;;;;1;;1;1;
15/01/2021;17:22:00;216;AV - Acidente com VITIMA;551;BR-324/BA;Oeste;Engavetamento;3;;1;;;;;;;1;15;1;;;
15/01/2021;17:49:00;224;ASV - Acidente SEM Vítima;611;BR-324/BA;Leste;Colisão Lateral;2;;;;;;;;;1;3;;;;
15/01/2021;18:10:00;230;ASV - Acidente SEM Vítima;601;BR-324/BA;Leste;Saida de Pista;1;;;;;;;;;;3;;;;
15/01/2021;18:29:00;233;ASV - Acidente SEM Vítima;626;BR-324/BA;Leste;Saida de Pista;;;;;;;;;;1;1;;;;
15/01/2021;19:10:00;237;AV - Acidente com VITIMA;556;BR-116/BA;Norte;Colisão Lateral;;;1;;1;;;;;;21;1;;;
15/01/2021;19:10:00;238;ASV - Acidente SEM Vítima;525;BR-324/BA;Oeste;Colisão Traseira;2;;;;;;;;;;2;;;;
15/01/2021;22:40:00;270;ASV - Acidente SEM Vítima;583;BR-324/BA;Leste;Saida de Pista;;;1;;;;;;;;1;;;;
16/01/2021;02:04:00;11;ASV - Acidente SEM Vítima;565;BR-324/BA;Oeste;Saida de Pista;;;;;;;;;;1;1;;;;
16/01/2021;02:30:00;14;AV - Acidente com VITIMA;725;BR-116/BA;Sul;Saida de Pista;1;;;;;;;;;;0;1;1;;
16/01/2021;03:28:00;18;ASV - Acidente SEM Vítima;530,1;BR-324/BA;Oeste;Saida de Pista;1;;;;;;;;;;1;;;;
16/01/2021;08:00:00;64;AV - Acidente com VITIMA;719;BR-116/BA;Sul;Colisão Frontal;1;;1;;;;;;;;1;;1;;
16/01/2021;12:37:00;112;ASV - Acidente SEM Vítima;735;BR-116/BA;Sul;Colisão Traseira;;;1;;;;;;;1;2;;;;
16/01/2021;17:56:00;187;AV - Acidente com VITIMA;592,4;BR-324/BA;Oeste;Saida de Pista;1;;;;;;;;;;0;1;2;;
17/01/2021;06:14:00;20;ASV - Acidente SEM Vítima;575,2;BR-116/BA;Sul;Colisão Traseira;1;;;;;;;;;1;7;;;;
17/01/2021;08:33:00;50;ASV - Acidente SEM Vítima;575;BR-324/BA;Leste;Saida de Pista;1;;;;;;;;;;1;;;;
17/01/2021;09:16:00;56;AV - Acidente com VITIMA;644,3;BR-116/BA;Sul;Saida de Pista;;;1;;;;;;;;0;;1;;
17/01/2021;10:37:00;70;ASV - Acidente SEM Vítima;536;BR-324/BA;Leste;Capotamento;1;;;;;;;;;;1;;;;
17/01/2021;13:43:00;107;ASV - Acidente SEM Vítima;760;BR-116/BA;Norte;Engavetamento;2;;1;;;;;;;;9;;;;
17/01/2021;16:20:00;138;ASV - Acidente SEM Vítima;837;BR-116/BA;Norte;Colisão Traseira;;;2;;;;;;;;2;;;;
17/01/2021;16:42:00;142;ASV - Acidente SEM Vítima;556;BR-324/BA;Oeste;Saida de Pista;1;;;;;;;;;;1;;;;
17/01/2021;18:45:00;166;AV - Acidente com VITIMA;27;BR-116/BA - Cont VC;Norte;Queda de Moto;;;;1;;;;;;;0;;1;;
18/01/2021;04:11:00;17;ASV - Acidente SEM Vítima;550;BR-324/BA;Leste;Saida de Pista;1;;;;;;;;;;1;;;;
18/01/2021;04:57:00;20;ASV - Acidente SEM Vítima;538;BR-116/BA;Sul;Tombamento;;;1;;;;;;;;1;;;;
18/01/2021;05:22:00;22;ASV - Acidente SEM Vítima;483,6;BR-116/BA;Norte;Colisão Traseira;1;;1;;;;;;;;3;;;;
18/01/2021;06:53:00;50;AV - Acidente com VITIMA;621;BR-324/BA;Leste;Queda de Moto;;;;1;;;;;;;0;;1;;
18/01/2021;07:01:00;56;ASV - Acidente SEM Vítima;593,5;BR-324/BA;Oeste;Colisão Traseira;;;;;;;;;;2;3;;;;
18/01/2021;07:51:00;82;ASV - Acidente SEM Vítima;608;BR-324/BA;Leste;Colisão Lateral;1;;1;;;;;;;;2;;;;
18/01/2021;09:18:00;114;ASV - Acidente SEM Vítima;585;BR-324/BA;Oeste;Engavetamento;1;;;;;1;;;;1;3;;;;
18/01/2021;10:12:00;130;ASV - Acidente SEM Vítima;613;BR-116/BA;Sul;Outros;;;;;;;;;;1;1;;;;
18/01/2021;17:12:00;245;ASV - Acidente SEM Vítima;609;BR-324/BA;Leste;Colisão Lateral;1;;1;;;;;;;;2;;;;
19/01/2021;12:27:00;162;ASV - Acidente SEM Vítima;482;BR-116/BA;Sul;Colisão Traseira;1;;1;;;;;;;;4;;;;
19/01/2021;15:09:00;192;ASV - Acidente SEM Vítima;479,6;BR-116/BA;Norte;Saida de Pista;1;;;;;;;;;;3;;;;
19/01/2021;19:41:00;245;AV - Acidente com VITIMA;486;BR-116/BA;Sul;Queda de Moto;;;;1;;;;;;;0;1;1;;
20/01/2021;06:32:00;27;ASV - Acidente SEM Vítima;9;BA-526;Norte;Colisão Lateral;1;;1;;;;;;;;2;;;;
20/01/2021;13:06:00;161;ASV - Acidente SEM Vítima;599;BR-324/BA;Oeste;Colisão Traseira;2;;;;;;;;;;5;;;;
20/01/2021;17:12:00;206;AV - Acidente com VITIMA;622;BR-324/BA;Oeste;Queda de Moto;;;;1;;;;;;;0;;1;;
20/01/2021;21:00:00;242;ASV - Acidente SEM Vítima;14;BR-116/BA - Cont VC;Norte;Colisão Frontal;1;;1;;;;;;;;2;;;;
21/01/2021;02:37:00;13;AV - Acidente com VITIMA;905,1;BR-116/BA;Sul;Choque Contra Objeto Fixo;;;1;;;;;;;;0;1;1;;
21/01/2021;07:38:00;65;AV - Acidente com VITIMA;543;BR-324/BA;Oeste;Queda de Moto;;;;1;;;;;;;0;1;;;
21/01/2021;08:15:00;85;ASV - Acidente SEM Vítima;619;BR-324/BA;Leste;Engavetamento;2;;;;;1;;;;;3;;;;
21/01/2021;14:59:00;191;ASV - Acidente SEM Vítima;520,5;BR-324/BA;Oeste;Engavetamento;3;;;;;;;;;;6;;;;
22/01/2021;06:57:00;44;ASV - Acidente SEM Vítima;647;BR-116/BA;Norte;Colisão Lateral;1;;;;;1;;;;;4;;;;
22/01/2021;07:43:00;84;AV - Acidente com VITIMA;579;BR-324/BA;Leste;Queda de Moto;;;;1;;;;;;;0;2;;;
22/01/2021;09:31:00;112;ASV - Acidente SEM Vítima;620;BR-324/BA;Leste;Colisão Traseira;;;;;;1;;;;1;2;;;;
22/01/2021;10:25:00;135;ASV - Acidente SEM Vítima;904;BR-116/BA;Sul;Saida de Pista;;;;;;;;;;1;2;;;;
22/01/2021;10:33:00;138;ASV - Acidente SEM Vítima;722;BR-116/BA;Norte;Colisão Traseira;;;2;;;;;;;;2;;;;
22/01/2021;12:22:00;163;ASV - Acidente SEM Vítima;616;BR-324/BA;Oeste;Engavetamento;2;;;;;;;;;1;3;;;;
22/01/2021;12:38:00;169;ASV - Acidente SEM Vítima;576;BR-324/BA;Oeste;Saida de Pista;1;;;;;;;;;;1;;;;
22/01/2021;15:53:00;221;ASV - Acidente SEM Vítima;535;BR-324/BA;Leste;Saida de Pista;1;;;;;;;;;;1;;;;
22/01/2021;17:01:00;246;ASV - Acidente SEM Vítima;910;BR-116/BA;Norte;Sequência;1;;2;;;;;;;;3;;;;
22/01/2021;17:25:00;255;ASV - Acidente SEM Vítima;634;BR-116/BA;Norte;Colisão Traseira;;;2;;;;;;;;2;;;;
22/01/2021;18:08:00;273;AV - Acidente com VITIMA;13;BR-116/BA - Cont VC;Norte;Atropelamento de Animal;;;;1;;;;;;;0;2;;;
22/01/2021;19:34:00;300;ASV - Acidente SEM Vítima;684;BR-116/BA;Sul;Colisão Lateral;1;;1;;;;;;;;5;;;;
22/01/2021;20:19:00;310;ASV - Acidente SEM Vítima;536;BR-324/BA;Oeste;Colisão Lateral;1;;;;;;;;;1;2;;;;
22/01/2021;20:40:00;314;AV - Acidente com VITIMA;668;BR-116/BA;Sul;Saida de Pista;1;;;;;;;;;;1;3;;;
22/01/2021;20:56:00;318;ASV - Acidente SEM Vítima;551;BR-324/BA;Oeste;Atropelamento de Animal;;;;1;;;;;;;1;;;;
22/01/2021;22:09:00;326;AV - Acidente com VITIMA;533;BR-324/BA;Oeste;Colisão Traseira;1;;1;;;;;;;;2;2;;;
23/01/2021;00:24:00;3;ASV - Acidente SEM Vítima;541;BR-116/BA;Norte;Saida de Pista;1;;;;;;;;;;1;;;;
23/01/2021;04:05:00;19;ASV - Acidente SEM Vítima;455;BR-116/BA;Norte;Saida de Pista;;;1;;;;;;;;1;;;;
23/01/2021;06:49:00;30;AV - Acidente com VITIMA;28,7;BR-116/BA - Cont VC;Norte;Saida de Pista;;;1;;;;;;;;0;1;;;
23/01/2021;11:15:00;94;ASV - Acidente SEM Vítima;608;BR-324/BA;Oeste;Engavetamento;3;;;;;;;;;;3;;;;
23/01/2021;11:17:00;95;AV - Acidente com VITIMA;738;BR-116/BA;Sul;Saida de Pista;1;;;;;;;;;;0;;1;;
23/01/2021;17:20:00;182;AV - Acidente com VITIMA;541;BR-116/BA;Norte;Queda de Moto;;;;1;;;;;;;0;1;;;
23/01/2021;22:09:00;233;ASV - Acidente SEM Vítima;573,4;BR-116/BA;Norte;Tombamento;;;1;;;;;;;;1;;;;
24/01/2021;02:04:00;12;AV - Acidente com VITIMA;702,5;BR-116/BA;Norte;Tombamento;;;1;;;1;;;;;1;;;1;
24/01/2021;09:12:00;67;AV - Acidente com VITIMA;627;BR-116/BA;Sul;Colisão Traseira;;;2;;;;;;;;0;2;;;
24/01/2021;10:39:00;81;ASV - Acidente SEM Vítima;560;BR-324/BA;Oeste;Saida de Pista;1;;;;;;;;;;2;;;;
24/01/2021;10:42:00;83;ASV - Acidente SEM Vítima;596;BR-116/BA;Sul;Saida de Pista;1;;;;;;;;;;1;;;;
24/01/2021;12:10:00;93;AV - Acidente com VITIMA;582,5;BR-324/BA;Leste;Saida de Pista;1;;;;;;;;;;3;;1;;
24/01/2021;19:20:00;174;ASV - Acidente SEM Vítima;520;BR-324/BA;Leste;Colisão Lateral;1;;1;;;;;;;;2;;;;
24/01/2021;19:25:00;176;AV - Acidente com VITIMA;25;BR-116/BA - Cont VC;Sul;Queda de Moto;;;;1;;;;;;;1;1;;;
24/01/2021;20:21:00;188;AV - Acidente com VITIMA;574;BR-116/BA;Sul;Colisão Lateral;;;;1;;1;;;;;1;;;1;
25/01/2021;02:45:00;15;ASV - Acidente SEM Vítima;592,1;BR-324/BA;Leste;Saida de Pista;;;1;;;;;;;;2;;;;
25/01/2021;07:38:00;59;ASV - Acidente SEM Vítima;835;BR-116/BA;Norte;Engavetamento;3;;;1;;;;;;;4;;;;
25/01/2021;08:25:00;80;ASV - Acidente SEM Vítima;611;BR-324/BA;Leste;Colisão Lateral;;;;1;;1;;;;;2;;;;
25/01/2021;09:04:00;95;ASV - Acidente SEM Vítima;618,5;BR-324/BA;Leste;Engavetamento;2;;;;;;;;;1;3;;;;
25/01/2021;09:25:00;102;ASV - Acidente SEM Vítima;623;BR-324/BA;Leste;Engavetamento;5;;1;;;;;;;1;18;;;;
25/01/2021;10:38:00;135;AV - Acidente com VITIMA;622;BR-324/BA;Leste;Colisão Lateral;;;1;1;;;;;;;1;;1;;
25/01/2021;10:45:00;137;ASV - Acidente SEM Vítima;531,5;BR-324/BA;Leste;Colisão Traseira;2;;;;;;;;;;6;;;;
25/01/2021;11:41:00;156;A PPV - Acidente envolvendo Produto Perigoso com vitima;526;BR-324/BA;Leste;Colisão Traseira;;;4;;;;;;;;3;;1;;
25/01/2021;12:17:00;161;ASV - Acidente SEM Vítima;526;BR-324/BA;Leste;Colisão Lateral;1;;1;;;;;;;;2;;;;
25/01/2021;12:55:00;167;ASV - Acidente SEM Vítima;619;BR-324/BA;Oeste;Saida de Pista;1;;;;;;;;;;1;;;;
25/01/2021;17:14:00;227;ASV - Acidente SEM Vítima;567;BR-116/BA;Norte;Tombamento;;;1;;;;;;;;1;;;;
25/01/2021;18:18:00;244;ASV - Acidente SEM Vítima;624,8;BR-324/BA;Oeste;Engavetamento;3;;;;;;;;;;6;;;;
25/01/2021;18:35:00;249;ASV - Acidente SEM Vítima;909;BR-116/BA;Norte;Colisão Traseira;1;;;;1;;;;;;4;;;;
25/01/2021;22:16:00;285;AV - Acidente com VITIMA;616;BR-324/BA;Oeste;Capotamento;1;;;;;;;;;;0;;;1;
25/01/2021;23:21:00;297;ASV - Acidente SEM Vítima;898,8;BR-116/BA;Norte;Saida de Pista;1;;;;;;;;;;4;;;;
26/01/2021;03:21:00;10;AV - Acidente com VITIMA;13;BR-116/BA - Cont VC;Sul;Saida de Pista;;;;1;;;;;;;0;1;;;
26/01/2021;06:32:00;24;AV - Acidente com VITIMA;16;BR-116/BA - Cont VC;Sul;Atropelamento - Ciclista;;1;;;;;;;;1;1;;1;;
26/01/2021;08:01:00;81;ASV - Acidente SEM Vítima;620;BR-324/BA;Leste;Colisão Lateral;1;;;1;;;;;;;2;;;;
26/01/2021;08:07:00;86;ASV - Acidente SEM Vítima;609,5;BR-324/BA;Oeste;Engavetamento;1;;1;;;;;;;1;3;;;;
26/01/2021;11:28:00;153;AV - Acidente com VITIMA;820,8;BR-116/BA;Sul;Queda de Moto;;;;1;;;;;;;0;2;;;
26/01/2021;14:58:00;207;AV - Acidente com VITIMA;581,5;BR-116/BA;Sul;Tombamento;;;1;;;;;;;;0;1;;;
26/01/2021;15:25:00;215;ASV - Acidente SEM Vítima;574;BR-324/BA;Leste;Saida de Pista;1;;;;;;;;;;1;;;;
26/01/2021;16:18:00;236;ASV - Acidente SEM Vítima;541;BR-324/BA;Oeste;Colisão Traseira;1;;1;;;;;;;;2;;;;
26/01/2021;17:37:00;255;AV - Acidente com VITIMA;606,2;BR-324/BA;Leste;Queda de Moto;;;;1;;;;;;;0;2;;;
27/01/2021;06:13:00;18;ASV - Acidente SEM Vítima;696;BR-116/BA;Norte;Saida de Pista;1;;;;;;;;;;2;;;;
27/01/2021;09:16:00;105;ASV - Acidente SEM Vítima;613,2;BR-116/BA;Norte;Engavetamento;;;2;;;1;;;;;4;;;;
27/01/2021;11:28:00;137;ASV - Acidente SEM Vítima;579;BR-116/BA;Norte;Saida de Pista;;;1;;;;;;;;1;;;;
27/01/2021;15:52:00;207;ASV - Acidente SEM Vítima;482;BR-116/BA;Sul;Saida de Pista;;;1;;;;;;;;1;;;;
27/01/2021;18:34:00;252;AV - Acidente com VITIMA;539;BR-324/BA;Leste;Colisão Transversal;1;;;1;;;;;;;1;;;1;
28/01/2021;06:55:00;35;ASV - Acidente SEM Vítima;527,6;BR-324/BA;Leste;Engavetamento;3;;;;;;;;;;8;;;;
28/01/2021;07:42:00;59;AV - Acidente com VITIMA;526,2;BR-324/BA;Leste;Outros;;1;1;;;;;;;;1;1;;;
28/01/2021;08:45:00;91;ASV - Acidente SEM Vítima;792;BR-116/BA;Norte;Colisão Traseira;2;;;;;;;;;;2;;;;
28/01/2021;12:55:00;177;ASV - Acidente SEM Vítima;586,4;BR-324/BA;Oeste;Engavetamento;1;;;;;;;;;3;6;;;;
28/01/2021;16:17:00;234;AV - Acidente com VITIMA;622;BR-324/BA;Oeste;Colisão Lateral;1;;;1;;;;;;;1;2;;;