data;horario;n_da_ocorrencia;tipo_de_ocorrencia;km;trecho;sentido;tipo_de_acidente;automovel;bicicleta;caminhao;moto;onibus;outros;tracao_animal;transporte_de_cargas_especiais;trator_maquinas;utilitarios;ilesos;levemente_feridos;moderadamente_feridos;gravemente_feridos;mortos
28/01/2021;18:48:00;273;ASV - Acidente SEM Vítima;567;BR-324/BA;Leste;Colisão Traseira;1;;1;;;;;;;;2;;;;
29/01/2021;13:27:00;194;AV - Acidente com VITIMA;588;BR-324/BA;Leste;Saida de Pista;1;;;;;;;;;;0;;1;;
29/01/2021;16:38:00;272;ASV - Acidente SEM Vítima;559;BR-324/BA;Oeste;Colisão Lateral;;;1;;;;;;;1;2;;;;
29/01/2021;17:10:00;282;ASV - Acidente SEM Vítima;526;BR-324/BA;Oeste;Queda de Moto;;;;1;;;;;;;1;;;;
29/01/2021;17:30:00;308;ASV - Acidente SEM Vítima;526;BR-324/BA;Oeste;Queda de Moto;;;;1;;;;;;;1;;;;
30/01/2021;00:10:00;3;ASV - Acidente SEM Vítima;552;BR-324/BA;Oeste;Saida de Pista;1;;;;;;;;;;1;;;;
30/01/2021;07:51:00;58;ASV - Acidente SEM Vítima;896,3;BR-116/BA;Sul;Colisão Traseira;;;1;;;1;;;;1;4;;;;
30/01/2021;08:14:00;63;AV - Acidente com VITIMA;606;BR-324/BA;Oeste;Queda de Moto;;;;1;;;;;;;0;1;;;
30/01/2021;11:10:00;127;AV - Acidente com VITIMA;522;BR-324/BA;Oeste;Queda de Moto;;;;1;;;;;;;0;2;;;
30/01/2021;11:23:00;131;ASV - Acidente SEM Vítima;482;BR-116/BA;Sul;Colisão Traseira;1;;;;;;;;;1;2;;;;
30/01/2021;13:28:00;164;AF - Acidente com Vitima Fatal;921,9;BR-116/BA;Norte;Colisão Frontal;;;1;1;;;;;;;1;;;;1
30/01/2021;14:28:00;173;AV - Acidente com VITIMA;440;BR-116/BA;Sul;Tombamento;;;1;;;;;;;;0;;1;;
30/01/2021;15:12:00;190;ASV - Acidente SEM Vítima;13;BR-116/BA - Cont VC;Sul;Capotamento;1;;;;;;;;;;1;;;;
30/01/2021;15:20:00;193;AV - Acidente com VITIMA;622,5;BR-116/BA;Norte;Saida de Pista;;;;;;;;;;1;1;;1;;
30/01/2021;15:46:00;205;ASV - Acidente SEM Vítima;444;BR-116/BA;Norte;Colisão Traseira;2;;;;;;;;;;2;;;;
30/01/2021;17:17:00;242;ASV - Acidente SEM Vítima;577,1;BR-324/BA;Leste;Saida de Pista;1;;;;;;;;;;1;;;;
30/01/2021;21:08:00;289;ASV - Acidente SEM Vítima;624,6;BR-324/BA;Leste;Colisão Lateral;1;;1;;;;;;;;2;;;;
30/01/2021;22:01:00;301;AV - Acidente com VITIMA;600,9;BR-324/BA;Leste;Colisão Traseira;;;;1;;1;;;;;1;2;;;
31/01/2021;00:29:00;6;ASV - Acidente SEM Vítima;736,2;BR-116/BA;Norte;Saida de Pista;;;1;;;;;;;;1;;;;
31/01/2021;13:22:00;131;AV - Acidente com VITIMA;555,3;BR-324/BA;Leste;Saida de Pista;1;;;;;;;;;;0;2;;;
31/01/2021;15:19:00;150;ASV - Acidente SEM Vítima;624;BR-116/BA;Norte;Saida de Pista;1;;;;;;;;;;1;;;;
31/01/2021;19:35:00;209;AV - Acidente com VITIMA;20;BR-116/BA - Cont VC;Sul;Colisão Lateral;1;;;1;;;;;;;5;1;;;
31/01/2021;23:36:00;262;AV - Acidente com VITIMA;0;BR-116/BA - Cont VC;Sul;Colisão Traseira;;;;1;;1;;;;;2;;;1;
01/02/2021;07:07:00;65;AV - Acidente com VITIMA;804;BR-116/BA;Sul;Colisão Frontal;1;;;1;;;;;;;1;1;;;
01/02/2021;07:51:00;95;AV - Acidente com VITIMA;619,5;BR-324/BA;Leste;Colisão Traseira;2;;;;;;;;;;2;1;;;
01/02/2021;12:47:00;163;ASV - Acidente SEM Vítima;560;BR-324/BA;Oeste;Choque Contra Objeto Fixo;1;;;;;;;;;;1;;;;
01/02/2021;13:09:00;170;ASV - Acidente SEM Vítima;584;BR-324/BA;Oeste;Saida de Pista;;;1;;;;;;;;1;;;;
01/02/2021;13:12:00;171;ASV - Acidente SEM Vítima;595;BR-324/BA;Leste;Saida de Pista;1;;;;;;;;;;1;;;;
01/02/2021;14:52:00;195;AV - Acidente com VITIMA;22;BR-116/BA - Cont VC;Norte;Saida de Pista;1;;;;;;;;;;1;;1;;
01/02/2021;15:42:00;216;ASV - Acidente SEM Vítima;547;BR-324/BA;Oeste;Colisão Traseira;1;;;1;;;;;;;3;;;;
01/02/2021;19:06:00;283;ASV - Acidente SEM Vítima;560;BR-324/BA;Oeste;Colisão Traseira;2;;;;;;;;;;9;;;;
01/02/2021;19:29:00;290;ASV - Acidente SEM Vítima;520;BR-324/BA;Oeste;Colisão Traseira;;;2;;;;;;;;2;;;;
01/02/2021;23:35:00;325;ASV - Acidente SEM Vítima;667;BR-116/BA;Sul;Atropelamento de Animal;;;1;;;;;;;;1;;;;
02/02/2021;07:48:00;68;ASV - Acidente SEM Vítima;615;BR-324/BA;Oeste;Colisão Lateral;1;;;;1;;;;;;2;;;;
02/02/2021;11:04:00;134;ASV - Acidente SEM Vítima;605;BR-324/BA;Oeste;Colisão Traseira;1;;;1;;;;;;;2;;;;
02/02/2021;11:51:00;147;ASV - Acidente SEM Vítima;622,7;BR-324/BA;Leste;Colisão Traseira;;;;;2;;;;;;2;;;;
02/02/2021;17:04:00;237;ASV - Acidente SEM Vítima;593;BR-324/BA;Oeste;Colisão Traseira;2;;;;;;;;;;2;;;;
02/02/2021;18:07:00;258;AV - Acidente com VITIMA;523;BR-324/BA;Oeste;Queda de Moto;;;;1;;;;;;;0;;1;;
03/02/2021;04:52:00;18;ASV - Acidente SEM Vítima;565,8;BR-324/BA;Leste;Saida de Pista;;;;;;;;;;1;3;;;;
03/02/2021;07:43:00;65;ASV - Acidente SEM Vítima;614;BR-324/BA;Oeste;Colisão Traseira;2;;;;;;;;;;2;;;;
03/02/2021;07:59:00;74;ASV - Acidente SEM Vítima;612;BR-324/BA;Oeste;Colisão Traseira;2;;;;;;;;;;2;;;;
03/02/2021;09:05:00;102;ASV - Acidente SEM Vítima;551;BR-324/BA;Leste;Colisão Lateral;1;;1;;;;;;;;2;;;;
03/02/2021;16:19:00;213;ASV - Acidente SEM Vítima;793;BR-116/BA;Norte;Colisão Traseira;1;;;;;;;;;1;6;;;;
03/02/2021;17:26:00;237;ASV - Acidente SEM Vítima;513;BR-116/BA;Norte;Saida de Pista;1;;;;;;;;;;1;;;;
03/02/2021;19:12:00;264;AV - Acidente com VITIMA;538;BR-324/BA;Oeste;Saida de Pista;;;1;;;;;;;;0;1;;;
03/02/2021;19:31:00;269;AV - Acidente com VITIMA;10,8;BR-116/BA - Cont VC;Norte;Colisão Transversal;1;;;;;;1;;;;2;;1;;
03/02/2021;22:43:00;289;AF - Acidente com Vitima Fatal;442,8;BR-116/BA;Sul;Queda de Moto;;;;1;;;;;;;0;1;;;1
04/02/2021;06:19:00;26;AV - Acidente com VITIMA;568;BR-116/BA;Norte;Colisão Transversal;2;;;;;;;;;;1;2;;;
04/02/2021;07:55:00;74;ASV - Acidente SEM Vítima;617;BR-324/BA;Leste;Colisão Traseira;2;;;;;;;;;;2;;;;
04/02/2021;09:09:00;100;ASV - Acidente SEM Vítima;613,8;BR-324/BA;Leste;Colisão Traseira;1;;;;;1;;;;;2;;;;
04/02/2021;10:13:00;116;ASV - Acidente SEM Vítima;523;BR-324/BA;Leste;Saida de Pista;;;1;;;;;;;;1;;;;
04/02/2021;12:59:00;156;ASV - Acidente SEM Vítima;605;BR-324/BA;Oeste;Colisão Lateral;;;1;1;;;;;;;3;;;;
04/02/2021;21:22:00;264;ASV - Acidente SEM Vítima;618;BR-324/BA;Leste;Choque Contra Objeto Fixo;1;;;;;;;;;;1;;;;
04/02/2021;22:52:00;275;AV - Acidente com VITIMA;615;BR-116/BA;Norte;Colisão Traseira;;;2;;;;;;;;1;1;;;
04/02/2021;23:53:00;282;AV - Acidente com VITIMA;855;BR-116/BA;Sul;Colisão Traseira;1;;;;;1;;;;;1;;1;;
05/02/2021;08:15:00;94;ASV - Acidente SEM Vítima;566;BR-324/BA;Leste;Saida de Pista;1;;;;;;;;;;1;;;;
05/02/2021;08:40:00;105;ASV - Acidente SEM Vítima;617,8;BR-324/BA;Leste;Colisão Traseira;1;;;;;;;;;1;5;;;;
05/02/2021;09:01:00;113;ASV - Acidente SEM Vítima;619;BR-324/BA;Leste;Colisão Traseira;2;;;;;;;;;;2;;;;
05/02/2021;11:44:00;162;ASV - Acidente SEM Vítima;594,85;BR-324/BA;Leste;Colisão Traseira;;;;;;1;;;;1;2;;;;
05/02/2021;17:49:00;285;ASV - Acidente SEM Vítima;535;BR-324/BA;Leste;Queda de Moto;;;;1;;;;;;;2;;;;
06/02/2021;06:17:00;19;AV - Acidente com VITIMA;784;BR-116/BA;Sul;Saida de Pista;1;;;;;;;;;;0;4;1;;
06/02/2021;08:32:00;67;AV - Acidente com VITIMA;563;BR-116/BA;Sul;Engavetamento;1;;4;;;;;;;;3;4;1;;
06/02/2021;11:11:00;98;ASV - Acidente SEM Vítima;590;BR-324/BA;Oeste;Engavetamento;4;;;;;1;;;;;5;;;;
06/02/2021;11:43:00;105;ASV - Acidente SEM Vítima;619;BR-324/BA;Leste;Colisão Traseira;2;;;;;;;;;;2;;;;
06/02/2021;16:14:00;181;ASV - Acidente SEM Vítima;596;BR-324/BA;Leste;Saida de Pista;1;;;;;;;;;;2;;;;
06/02/2021;16:45:00;193;ASV - Acidente SEM Vítima;617;BR-324/BA;Oeste;Colisão Traseira;2;;;;;;;;;;3;;;;
07/02/2021;00:17:00;5;AV - Acidente com VITIMA;910,8;BR-116/BA;Sul;Colisão Traseira;;;1;1;;;;;;;1;;1;;
07/02/2021;11:44:00;103;AV - Acidente com VITIMA;6;BR-116/BA - ContSuFS;Sul;Queda de Moto;;;;1;;;;;;;0;2;;;
07/02/2021;15:24:00;153;AV - Acidente com VITIMA;465;BR-116/BA;Sul;Queda de Moto;;;;1;;;;;;;0;2;;;
07/02/2021;16:15:00;168;ASV - Acidente SEM Vítima;799;BR-116/BA;Sul;Saida de Pista;1;;;;;;;;;;3;;;;
07/02/2021;21:35:00;246;ASV - Acidente SEM Vítima;560;BR-324/BA;Oeste;Engavetamento;3;;;;;;;;;;3;;;;
07/02/2021;23:24:00;263;AV - Acidente com VITIMA;7;BR-116/BA - Cont VC;Norte;Queda de Moto;;;;1;;;;;;;0;1;;;
08/02/2021;06:39:00;38;ASV - Acidente SEM Vítima;539;BR-324/BA;Leste;Saida de Pista;;;1;;;;;;;;1;;;;
08/02/2021;08:46:00;89;ASV - Acidente SEM Vítima;702;BR-116/BA;Sul;Choque Contra Objeto Fixo;1;;;;;;;;;;4;;;;
08/02/2021;09:56:00;119;ASV - Acidente SEM Vítima;567;BR-324/BA;Oeste;Colisão Traseira;1;;;;;1;;;;;2;;;;
08/02/2021;13:35:00;178;AF - Acidente com Vitima Fatal;871;BR-116/BA;Norte;Colisão Transversal;1;;1;;;;;;;;1;;;;1
08/02/2021;15:18:00;221;ASV - Acidente SEM Vítima;586,4;BR-116/BA;Sul;Saida de Pista;;;1;;;;;;;;1;;;;
08/02/2021;19:28:00;297;AV - Acidente com VITIMA;613;BR-324/BA;Oeste;Queda de Moto;;;;1;;;;;;;1;;1;;
08/02/2021;21:15:00;316;AV - Acidente com VITIMA;596;BR-116/BA;Norte;Saida de Pista;1;;;;;;;;;;3;;1;;
09/02/2021;06:15:00;25;AV - Acidente com VITIMA;551;BR-324/BA;Oeste;Colisão Traseira;;;;;;;;;;2;2;1;;;
09/02/2021;08:35:00;91;AV - Acidente com VITIMA;616,8;BR-324/BA;Leste;Colisão Traseira;1;;;2;;;;;;;4;1;;;
09/02/2021;10:12:00;125;AV - Acidente com VITIMA;612;BR-324/BA;Leste;Engavetamento;1;;2;;;;;;;;4;;1;;
09/02/2021;16:45:00;235;AV - Acidente com VITIMA;548;BR-116/BA;Sul;Saida de Pista;1;;;;;;;;;;1;;1;;
09/02/2021;19:03:00;269;AV - Acidente com VITIMA;748;BR-116/BA;Norte;Colisão Frontal;1;;1;;;;;;;;2;;1;;
09/02/2021;21:58:00;295;ASV - Acidente SEM Vítima;614,8;BR-324/BA;Oeste;Colisão Traseira;1;;1;;;;;;;;2;;;;
10/02/2021;05:33:00;21;ASV - Acidente SEM Vítima;644,1;BR-116/BA;Sul;Tombamento;;;1;;;;;;;;1;;;;
10/02/2021;07:26:00;63;ASV - Acidente SEM Vítima;620;BR-324/BA;Leste;Colisão Traseira;2;;;;;;;;;;2;;;;
10/02/2021;10:53:00;141;ASV - Acidente SEM Vítima;592;BR-324/BA;Oeste;Colisão Lateral;;;1;;;;;;;1;2;;;;
10/02/2021;10:55:00;142;ASV - Acidente SEM Vítima;568,4;BR-324/BA;Oeste;Saida de Pista;;;;;;;;;;1;1;;;;
10/02/2021;12:23:00;157;ASV - Acidente SEM Vítima;561;BR-324/BA;Oeste;Saida de Pista;1;;;;;;;;;;1;;;;
10/02/2021;12:36:00;159;ASV - Acidente SEM Vítima;596,5;BR-324/BA;Oeste;Colisão Traseira;2;;;;;;;;;;2;;;;
10/02/2021;18:46:00;273;ASV - Acidente SEM Vítima;619;BR-324/BA;Oeste;Colisão Traseira;1;;;;;;;;;1;2;;;;
10/02/2021;18:50:00;274;AV - Acidente com VITIMA;604;BR-324/BA;Oeste;Queda de Moto;;;;1;;;;;;;0;1;;;
10/02/2021;19:18:00;282;AV - Acidente com VITIMA;427;BR-116/BA;Norte;Queda de Moto;;;;1;;;;;;;0;1;;;
10/02/2021;22:48:00;313;ASV - Acidente SEM Vítima;610;BR-324/BA;Oeste;Saida de Pista;1;;;;;;;;;;1;;;;
11/02/2021;07:15:00;49;ASV - Acidente SEM Vítima;845,5;BR-116/BA;Norte;Colisão Traseira;;;;;;;;;;1;1;;;;
11/02/2021;18:15:00;271;AV - Acidente com VITIMA;616;BR-324/BA;Oeste;Atropelamento de Pedestre;;;1;;;;;;;;1;;1;;
11/02/2021;18:37:00;276;AV - Acidente com VITIMA;822;BR-116/BA;Norte;Atropelamento - Ciclista;;1;;1;;;;;;;1;1;;;
12/02/2021;07:09:00;54;ASV - Acidente SEM Vítima;521;BR-324/BA;Oeste;Colisão Traseira;2;;;;;;;;;;2;;;;
12/02/2021;07:17:00;61;AV - Acidente com VITIMA;595,9;BR-116/BA;Sul;Saida de Pista;;;1;;;;;;;;0;;1;;
12/02/2021;07:51:00;78;ASV - Acidente SEM Vítima;595;BR-324/BA;Oeste;Colisão Traseira;1;;;;;;;;;1;2;;;;
12/02/2021;10:33:00;145;AV - Acidente com VITIMA;568;BR-324/BA;Leste;Saida de Pista;1;;;;;;;;;;0;1;;;
12/02/2021;11:09:00;158;ASV - Acidente SEM Vítima;576,7;BR-324/BA;Oeste;Colisão Lateral;1;;;1;;;;;;;2;;;;
12/02/2021;11:53:00;171;ASV - Acidente SEM Vítima;610;BR-324/BA;Oeste;Engavetamento;4;;;;;;;;;1;5;;;;
12/02/2021;16:12:00;233;ASV - Acidente SEM Vítima;569;BR-324/BA;Oeste;Queda de Moto;;;;1;;;;;;;1;;;;
13/02/2021;10:05:00;72;AV - Acidente com VITIMA;527,5;BR-324/BA;Oeste;Saida de Pista;1;;;;;;;;;;0;;1;;
13/02/2021;17:08:00;154;ASV - Acidente SEM Vítima;666,85;BR-116/BA;Sul;Tombamento;;;1;;;;;;;;1;;;;
13/02/2021;18:55:00;175;ASV - Acidente SEM Vítima;701;BR-116/BA;Norte;Saida de Pista;1;;;;;;;;;;2;;;;
13/02/2021;19:13:00;182;ASV - Acidente SEM Vítima;549,5;BR-324/BA;Leste;Sequência;2;;;;;;;;;;7;;;;
13/02/2021;20:27:00;195;AV - Acidente com VITIMA;548;BR-324/BA;Oeste;Colisão Traseira;1;;1;;;;;;;;1;;1;;
13/02/2021;23:56:00;224;ASV - Acidente SEM Vítima;581,2;BR-324/BA;Leste;Colisão Lateral;1;;;;;1;;;;;2;;;;
14/02/2021;07:18:00;27;ASV - Acidente SEM Vítima;777,95;BR-116/BA;Norte;Colisão Transversal;2;;;;;;;;;;6;;;;
14/02/2021;19:34:00;207;AV - Acidente com VITIMA;708;BR-116/BA;Norte;Queda de Moto;;;;1;;;;;;;0;1;1;;
14/02/2021;23:49:00;245;AV - Acidente com VITIMA;499;BR-116/BA;Norte;Saida de Pista;;;1;;;;;;;;0;1;;;
15/02/2021;04:23:00;20;ASV - Acidente SEM Vítima;524;BR-324/BA;Leste;Tombamento;;;1;;;;;;;;1;;;;
15/02/2021;06:50:00;39;AV - Acidente com VITIMA;523,5;BR-324/BA;Leste;Queda de Moto;;;;1;;;;;;;0;1;;;
15/02/2021;07:15:00;54;ASV - Acidente SEM Vítima;594;BR-324/BA;Leste;Saida de Pista;1;;;;;;;;;;1;;;;
15/02/2021;12:06:00;153;ASV - Acidente SEM Vítima;605;BR-324/BA;Leste;Colisão Traseira;1;;;;;;;;;1;2;;;;
15/02/2021;12:52:00;163;AV - Acidente com VITIMA;16,9;BR-116/BA - Cont VC;Norte;Colisão Transversal;1;;;1;;;;;;;1;;1;;
15/02/2021;15:53:00;220;AV - Acidente com VITIMA;533;BR-324/BA;Oeste;Outros;;1;;;;;;;;;0;1;;;
15/02/2021;18:34:00;277;AF - Acidente com Vitima Fatal;620,6;BR-324/BA;Oeste;Sequência;;;;1;1;;;;;;0;1;;;1
16/02/2021;01:17:00;6;AF - Acidente com Vitima Fatal;918;BR-116/BA;Sul;Colisão Lateral;;;1;1;;;;;;;1;;;;1
16/02/2021;09:03:00;93;ASV - Acidente SEM Vítima;808;BR-116/BA;Sul;Saida de Pista;1;;;;;1;;;;;2;;;;
16/02/2021;09:28:00;103;ASV - Acidente SEM Vítima;629,8;BR-116/BA;Norte;Colisão Traseira;1;;1;;;;;;;1;3;;;;
16/02/2021;14:20:00;168;AV - Acidente com VITIMA;521;BR-324/BA;Leste;Queda de Moto;;;;1;;;;;;;0;2;;;
16/02/2021;14:46:00;182;ASV - Acidente SEM Vítima;592;BR-116/BA;Sul;Colisão Traseira;2;;;;;;;;;;6;;;;
16/02/2021;16:50:00;231;AV - Acidente com VITIMA;16;BR-116/BA - Cont VC;Sul;Colisão Lateral;;;1;1;;;;;;;0;1;;1;
16/02/2021;19:33:00;282;ASV - Acidente SEM Vítima;537;BR-324/BA;Oeste;Colisão Traseira;;;2;;;;;;;;2;;;;
17/02/2021;05:41:00;26;AV - Acidente com VITIMA;584,4;BR-324/BA;Oeste;Saida de Pista;1;;;;;;;;;;0;1;;;
17/02/2021;08:02:00;84;ASV - Acidente SEM Vítima;696;BR-116/BA;Norte;Saida de Pista;;;;;;;;;;1;1;;;;
17/02/2021;16:11:00;227;ASV - Acidente SEM Vítima;444;BR-116/BA;Norte;Saida de Pista;1;;;;;;;;;;1;;;;
17/02/2021;16:24:00;230;ASV - Acidente SEM Vítima;596,5;BR-116/BA;Sul;Saida de Pista;;;1;;;;;;;;2;;;;
17/02/2021;16:59:00;242;ASV - Acidente SEM Vítima;561,5;BR-324/BA;Oeste;Saida de Pista;1;;;;;;;;;;2;;;;
18/02/2021;02:15:00;9;AV - Acidente com VITIMA;777,7;BR-116/BA;Sul;Colisão Traseira;1;;1;;;;;;;;2;;1;;
18/02/2021;04:34:00;13;AV - Acidente com VITIMA;434;BR-116/BA;Norte;Saida de Pista;;;1;;;;;;;;0;;1;;
18/02/2021;07:58:00;56;ASV - Acidente SEM Vítima;872,9;BR-116/BA;Norte;Colisão Lateral;1;;1;;;;;;;;2;;;;
18/02/2021;09:52:00;93;ASV - Acidente SEM Vítima;521;BR-324/BA;Oeste;Engavetamento;1;;;;;;;;;1;4;;;;
18/02/2021;12:30:00;122;AV - Acidente com VITIMA;614;BR-324/BA;Leste;Engavetamento;4;;;;;;;;;;4;1;;;
18/02/2021;13:18:00;130;AV - Acidente com VITIMA;537;BR-116/BA;Sul;Saida de Pista;1;;;;;;;;;;0;1;1;;
18/02/2021;18:33:00;206;AV - Acidente com VITIMA;582;BR-324/BA;Oeste;Saida de Pista;1;;;;;;;;;;0;;1;;
19/02/2021;11:14:00;123;ASV - Acidente SEM Vítima;613;BR-324/BA;Leste;Atropelamento de Animal;;;;;;;;;;1;1;;;;
19/02/2021;12:48:00;146;ASV - Acidente SEM Vítima;595;BR-324/BA;Leste;Saida de Pista;1;;;;;;;;;;1;;;;
19/02/2021;15:53:00;201;AF - Acidente com Vitima Fatal;622;BR-324/BA;Oeste;Sequência;;;1;1;;;;;;;0;1;;;1
19/02/2021;19:20:00;258;AV - Acidente com VITIMA;622;BR-324/BA;Oeste;Colisão Lateral;;;;1;;;;;;;1;;1;;
20/02/2021;01:07:00;4;ASV - Acidente SEM Vítima;586,9;BR-324/BA;Leste;Saida de Pista;;;1;;;;;;;;1;;;;
20/02/2021;05:36:00;20;ASV - Acidente SEM Vítima;6,1;BR-116/BA - ContSuFS;Norte;Colisão Traseira;;;2;;;;;;;;2;;;;
20/02/2021;06:25:00;29;AV - Acidente com VITIMA;542;BR-324/BA;Oeste;Colisão Lateral;1;;1;;;;;;;;6;1;;;
20/02/2021;07:07:00;42;ASV - Acidente SEM Vítima;565,8;BR-116/BA;Sul;Engavetamento;;;3;;;;;;;;5;;;;
20/02/2021;07:42:00;52;ASV - Acidente SEM Vítima;608;BR-324/BA;Oeste;Engavetamento;4;;;;;;;;;;4;;;;
20/02/2021;11:24:00;98;AV - Acidente com VITIMA;573,5;BR-116/BA;Norte;Colisão Transversal;;;1;1;;;;;;;2;;;1;
20/02/2021;12:19:00;109;AF - Acidente com Vitima Fatal;570,5;BR-116/BA;Norte;Sequência;;;2;1;;;;;;;2;;;;1
20/02/2021;12:47:00;116;AV - Acidente com VITIMA;654;BR-116/BA;Norte;Saida de Pista;;;;;;;;;;1;0;1;1;;
20/02/2021;14:44:00;142;AV - Acidente com VITIMA;447;BR-116/BA;Sul;Queda de Moto;;;;1;;;;;;;1;1;;;
20/02/2021;17:15:00;176;ASV - Acidente SEM Vítima;554;BR-324/BA;Oeste;Saida de Pista;1;;;;;;;;;;1;;;;
20/02/2021;17:59:00;186;AV - Acidente com VITIMA;552,3;BR-324/BA;Oeste;Colisão Traseira;;;1;;;;;;;1;1;;2;;
20/02/2021;20:57:00;214;AV - Acidente com VITIMA;24;BR-116/BA - Cont VC;Norte;Colisão Frontal;2;;;;;;;;;;2;;1;;
20/02/2021;21:56:00;219;AV - Acidente com VITIMA;17;BR-116/BA - Cont VC;Norte;Queda de Moto;;;;1;;;;;;;0;1;;;
21/02/2021;00:32:00;4;ASV - Acidente SEM Vítima;495;BR-116/BA;Sul;Saida de Pista;;;1;;;1;;;;;2;;;;
21/02/2021;05:49:00;18;ASV - Acidente SEM Vítima;571;BR-324/BA;Leste;Saida de Pista;1;;;;;;;;;;2;;;;
21/02/2021;07:42:00;43;ASV - Acidente SEM Vítima;578;BR-116/BA;Sul;Saida de Pista;1;;;;;;;;;;4;;;;
21/02/2021;10:46:00;88;ASV - Acidente SEM Vítima;777,9;BR-116/BA;Sul;Colisão Traseira;;;2;;;;;;;;2;;;;
21/02/2021;16:15:00;132;ASV - Acidente SEM Vítima;587,3;BR-324/BA;Leste;Saida de Pista;1;;;;;;;;;;2;;;;
21/02/2021;19:47:00;178;AV - Acidente com VITIMA;25,4;BR-116/BA - Cont VC;Norte;Colisão Lateral;;;1;1;;;;;;;1;1;;;
21/02/2021;22:49:00;202;ASV - Acidente SEM Vítima;9;BR-116/BA - Cont VC;Sul;Queda de Moto;;;;1;;;;;;;1;;;;
22/02/2021;03:37:00;6;ASV - Acidente SEM Vítima;525;BR-324/BA;Leste;Colisão Traseira;;;2;;;;;;;;2;;;;
22/02/2021;06:37:00;33;ASV - Acidente SEM Vítima;605,3;BR-116/BA;Sul;Saida de Pista;1;;;;;;;;;;2;;;;
22/02/2021;07:06:00;44;ASV - Acidente SEM Vítima;620;BR-324/BA;Leste;Engavetamento;3;;;;;;;;;;3;;;;
22/02/2021;07:16:00;50;AV - Acidente com VITIMA;621,5;BR-324/BA;Oeste;Colisão Traseira;1;;;1;;;;;;;1;1;;;
22/02/2021;08:10:00;76;ASV - Acidente SEM Vítima;776;BR-116/BA;Sul;Colisão Traseira;;;1;;;;;;;1;3;;;;
22/02/2021;09:21:00;100;AV - Acidente com VITIMA;521;BR-324/BA;Leste;Queda de Moto;;;;1;;;;;;;1;;1;;
22/02/2021;14:14:00;168;ASV - Acidente SEM Vítima;661;BR-116/BA;Sul;Saida de Pista;;;1;;;;;;;;1;;;;
22/02/2021;17:23:00;246;ASV - Acidente SEM Vítima;527;BR-324/BA;Oeste;Saida de Pista;;;1;;;;;;;;1;;;;
22/02/2021;20:10:00;284;AV - Acidente com VITIMA;709;BR-116/BA;Norte;Atropelamento de Pedestre;;;;;;;;;;1;4;2;;;
22/02/2021;23:02:00;321;ASV - Acidente SEM Vítima;559,2;BR-324/BA;Oeste;Saida de Pista;;;1;;;;;;;;1;;;;
23/02/2021;07:41:00;73;ASV - Acidente SEM Vítima;559;BR-324/BA;Oeste;Colisão Lateral;1;;1;;;;;;;;2;;;;
23/02/2021;13:31:00;180;ASV - Acidente SEM Vítima;540;BR-324/BA;Leste;Colisão Traseira;;;2;;;;;;;;2;;;;
23/02/2021;14:30:00;193;ASV - Acidente SEM Vítima;604;BR-324/BA;Oeste;Colisão Traseira;1;;;1;;;;;;;2;;;;
23/02/2021;16:03:00;220;ASV - Acidente SEM Vítima;551;BR-324/BA;Oeste;Colisão Traseira;1;;1;;;;;;;;3;;;;
23/02/2021;16:04:00;221;ASV - Acidente SEM Vítima;709;BR-116/BA;Norte;Colisão Traseira;;;2;;;;;;;;2;;;;
23/02/2021;16:05:00;222;AV - Acidente com VITIMA;883;BR-116/BA;Sul;Saida de Pista;;;1;;;;;;;;0;;1;;
23/02/2021;16:27:00;228;AV - Acidente com VITIMA;3;BR-116/BA - ContSuFS;Sul;Engavetamento;;;3;;;;;;;;1;1;1;;
23/02/2021;16:36:00;231;AV - Acidente com VITIMA;587;BR-324/BA;Leste;Colisão Traseira;;;;1;;;;;;1;1;;1;1;
23/02/2021;17:39:00;251;AV - Acidente com VITIMA;871;BR-116/BA;Norte;Colisão Transversal;1;;;1;;;;;;;1;1;;;
23/02/2021;20:48:00;297;AV - Acidente com VITIMA;622,2;BR-324/BA;Oeste;Atropelamento de Pedestre;;;;;;1;;;;;1;;1;;
23/02/2021;22:28:00;314;AV - Acidente com VITIMA;517;BR-116/BA;Sul;Queda de Moto;;;;1;;;;;;;1;1;;;
24/02/2021;07:11:00;47;ASV - Acidente SEM Vítima;619,9;BR-324/BA;Leste;Colisão Traseira;2;;;;;;;;;;2;;;;
24/02/2021;07:18:00;56;AV - Acidente com VITIMA;4,5;BR-116/BA - Cont VC;Norte;Saida de Pista;1;;;;;;;;;;1;1;;;
24/02/2021;10:45:00;121;ASV - Acidente SEM Vítima;0;BR-116/BA - ContSuFS;Sul;Saida de Pista;;;1;;;;;;;;1;;;;
24/02/2021;13:35:00;173;ASV - Acidente SEM Vítima;435,001;BR-116/BA;Sul;Colisão Lateral;;;;;;;;;;1;2;;;;
24/02/2021;14:33:00;192;ASV - Acidente SEM Vítima;551;BR-324/BA;Oeste;Engavetamento;2;;;;;;;;;1;3;;;;
24/02/2021;15:26:00;212;ASV - Acidente SEM Vítima;579;BR-324/BA;Oeste;Saida de Pista;1;;;;;;;;;;2;;;;