data;horario;n_da_ocorrencia;tipo_de_ocorrencia;km;trecho;sentido;tipo_de_acidente;automovel;bicicleta;caminhao;moto;onibus;outros;tracao_animal;transporte_de_cargas_especiais;trator_maquinas;utilitarios;ilesos;levemente_feridos;moderadamente_feridos;gravemente_feridos;mortos
25/02/2021;06:34:00;37;ASV - Acidente SEM Vítima;621,6;BR-324/BA;Leste;Engavetamento;3;;;;;;;;;1;4;;;;
25/02/2021;07:18:00;56;ASV - Acidente SEM Vítima;523,9;BR-324/BA;Leste;Colisão Traseira;1;;1;;;;;;;;2;;;;
25/02/2021;10:45:00;126;ASV - Acidente SEM Vítima;713;BR-116/BA;Sul;Colisão Lateral;;;1;;;;;;;1;2;;;;
25/02/2021;12:19:00;151;ASV - Acidente SEM Vítima;844;BR-116/BA;Norte;Colisão Traseira;1;;;;;1;;;;;2;;;;
25/02/2021;13:06:00;161;ASV - Acidente SEM Vítima;736;BR-116/BA;Norte;Saida de Pista;1;;;;;;;;;;1;;;;
25/02/2021;14:53:00;195;ASV - Acidente SEM Vítima;818,9;BR-116/BA;Norte;Colisão Traseira;1;;;;;;;;;1;2;;;;
25/02/2021;16:06:00;234;AV - Acidente com VITIMA;622;BR-324/BA;Oeste;Queda de Moto;;;;1;;;;;;;1;;1;;
25/02/2021;18:10:00;266;AV - Acidente com VITIMA;827;BR-116/BA;Norte;Queda de Moto;;;;1;;;;;;;0;1;;;
25/02/2021;19:45:00;297;AV - Acidente com VITIMA;624,5;BR-324/BA;Leste;Queda de Moto;;;;1;;;;;;;0;;1;;
26/02/2021;07:38:00;67;ASV - Acidente SEM Vítima;615;BR-324/BA;Leste;Engavetamento;3;;1;;;;;;;;4;;;;
26/02/2021;11:32:00;133;AV - Acidente com VITIMA;570;BR-324/BA;Oeste;Saida de Pista;;;;;;;;;;1;0;1;1;;
26/02/2021;14:04:00;170;ASV - Acidente SEM Vítima;521;BR-324/BA;Oeste;Sequência;1;;1;;;;;;;;4;;;;
26/02/2021;20:31:00;286;ASV - Acidente SEM Vítima;21,05;BR-116/BA - Cont VC;Sul;Saida de Pista;1;;;;;;;;;;1;;;;
26/02/2021;21:16:00;293;ASV - Acidente SEM Vítima;587;BR-324/BA;Leste;Saida de Pista;1;;;;;;;;;;1;;;;
26/02/2021;21:37:00;298;AV - Acidente com VITIMA;611;BR-324/BA;Oeste;Colisão Traseira;1;;;1;;;;;;;1;;;2;
27/02/2021;10:03:00;66;ASV - Acidente SEM Vítima;530;BR-324/BA;Oeste;Saida de Pista;1;;;;;;;;;;3;;;;
27/02/2021;10:44:00;77;ASV - Acidente SEM Vítima;605;BR-324/BA;Leste;Colisão Traseira;1;;1;;;;;;;;4;;;;
27/02/2021;12:16:00;91;AV - Acidente com VITIMA;16;BR-116/BA - Cont VC;Norte;Colisão Transversal;1;;;1;;;;;;;1;2;;;
27/02/2021;12:38:00;97;ASV - Acidente SEM Vítima;603;BR-324/BA;Leste;Colisão Traseira;1;;;;;;;;;;1;;;;
27/02/2021;13:53:00;112;ASV - Acidente SEM Vítima;7;BA-526;Sul;Tombamento;;;1;;;;;;;;1;;;;
27/02/2021;13:55:00;113;ASV - Acidente SEM Vítima;565;BR-324/BA;Oeste;Saida de Pista;;;1;;;;;;;;1;;;;
27/02/2021;21:41:00;207;ASV - Acidente SEM Vítima;520;BR-324/BA;Oeste;Saida de Pista;;;;;;;;;;1;1;;;;
28/02/2021;06:53:00;31;ASV - Acidente SEM Vítima;691;BR-116/BA;Norte;Tombamento;;;1;;;;;;;;1;;;;
28/02/2021;07:10:00;39;ASV - Acidente SEM Vítima;624;BR-324/BA;Oeste;Choque Contra Objeto Fixo;1;;;;;;;;;;1;;;;
28/02/2021;15:53:00;135;ASV - Acidente SEM Vítima;874,8;BR-116/BA;Norte;Colisão Traseira;1;;;;;1;;;;;6;;;;
28/02/2021;19:57:00;179;ASV - Acidente SEM Vítima;525;BR-324/BA;Oeste;Colisão Traseira;1;;1;;;;;;;;2;;;;
28/02/2021;23:58:00;208;AV - Acidente com VITIMA;16;BR-116/BA - Cont VC;Norte;Colisão Frontal;1;;;1;;;;;;;1;1;1;;
01/03/2021;05:04:00;9;ASV - Acidente SEM Vítima;607,5;BR-324/BA;Leste;Colisão Traseira;1;;;;;1;;;;;4;;;;
01/03/2021;05:05:00;10;ASV - Acidente SEM Vítima;1;BR-116/BA - ContSuFS;Norte;Saida de Pista;;;1;;;;;;;;1;;;;
01/03/2021;07:21:00;57;ASV - Acidente SEM Vítima;620;BR-324/BA;Leste;Engavetamento;4;;;;;;;;;;4;;;;
01/03/2021;07:42:00;62;ASV - Acidente SEM Vítima;617,3;BR-324/BA;Oeste;Engavetamento;;;;;;2;;;;1;3;;;;
01/03/2021;07:51:00;65;ASV - Acidente SEM Vítima;534,6;BR-324/BA;Oeste;Colisão Traseira;2;;;;;1;;;;;3;;;;
01/03/2021;07:52:00;66;ASV - Acidente SEM Vítima;440;BR-116/BA;Norte;Saida de Pista;1;;;;;;;;;;4;;;;
01/03/2021;08:01:00;69;ASV - Acidente SEM Vítima;582;BR-324/BA;Leste;Saida de Pista;1;;;;;;;;;;1;;;;
01/03/2021;08:09:00;73;ASV - Acidente SEM Vítima;534;BR-324/BA;Oeste;Colisão Traseira;2;;;;;;;;;;5;;;;
01/03/2021;07:50:00;93;ASV - Acidente SEM Vítima;533,3;BR-324/BA;Oeste;Queda de Moto;;;;1;;;;;;;1;;;;
01/03/2021;07:50:00;97;ASV - Acidente SEM Vítima;534,4;BR-324/BA;Oeste;Colisão Traseira;1;;1;;;;;;;;4;;;;
01/03/2021;09:31:00;110;ASV - Acidente SEM Vítima;551;BR-324/BA;Oeste;Engavetamento;3;;;;;;;;;;9;;;;
01/03/2021;09:38:00;114;ASV - Acidente SEM Vítima;567;BR-324/BA;Oeste;Saida de Pista;1;;;;;;;;;;1;;;;
01/03/2021;10:14:00;129;ASV - Acidente SEM Vítima;565;BR-324/BA;Oeste;Saida de Pista;;;1;;;;;;;;1;;;;
01/03/2021;11:20:00;144;ASV - Acidente SEM Vítima;531;BR-324/BA;Leste;Saida de Pista;1;;;;;;;;;;5;;;;
01/03/2021;12:46:00;159;ASV - Acidente SEM Vítima;428;BR-116/BA;Norte;Saida de Pista;;;1;;;;;;;;1;;;;
01/03/2021;13:28:00;173;ASV - Acidente SEM Vítima;611;BR-324/BA;Leste;Queda de Moto;;;;1;;;;;;;2;;;;
01/03/2021;19:13:00;239;AV - Acidente com VITIMA;626;BR-324/BA;Leste;Queda de Moto;;;;1;;;;;;;0;1;;;
01/03/2021;23:19:00;272;ASV - Acidente SEM Vítima;431,1;BR-116/BA;Sul;Saida de Pista;;;1;;;;;;;;1;;;;
02/03/2021;09:16:00;96;ASV - Acidente SEM Vítima;559,9;BR-324/BA;Leste;Colisão Lateral;;;1;;;;;;;1;2;;;;
02/03/2021;10:29:00;120;AV - Acidente com VITIMA;520;BR-116/BA;Norte;Colisão Transversal;1;;1;;;;;;;;1;1;;;
02/03/2021;11:02:00;128;AV - Acidente com VITIMA;752,1;BR-116/BA;Norte;Colisão Lateral;1;;1;;;;;;;;1;;1;;
02/03/2021;15:03:00;192;ASV - Acidente SEM Vítima;584;BR-116/BA;Norte;Saida de Pista;1;;;;;;;;;;1;;;;
02/03/2021;17:41:00;262;ASV - Acidente SEM Vítima;615,5;BR-324/BA;Leste;Engavetamento;;;;;;;;;;3;3;;;;
03/03/2021;06:02:00;25;ASV - Acidente SEM Vítima;575;BR-324/BA;Leste;Saida de Pista;;;;;;;;;;1;1;;;;
03/03/2021;07:06:00;47;ASV - Acidente SEM Vítima;523;BR-324/BA;Leste;Colisão Lateral;1;;1;;;;;;;;2;;;;
03/03/2021;07:10:00;54;ASV - Acidente SEM Vítima;572,8;BR-324/BA;Oeste;Saida de Pista;1;;;;;;;;;;1;;;;
03/03/2021;08:00:00;76;ASV - Acidente SEM Vítima;543;BR-324/BA;Oeste;Saida de Pista;;;1;;;;;;;;1;;;;
03/03/2021;17:43:00;230;ASV - Acidente SEM Vítima;560;BR-324/BA;Oeste;Saida de Pista;1;;;;;;;;;;3;;;;
03/03/2021;18:05:00;234;ASV - Acidente SEM Vítima;551;BR-324/BA;Oeste;Colisão Traseira;2;;;;;;;;;;4;;;;
03/03/2021;19:00:00;247;ASV - Acidente SEM Vítima;612,5;BR-324/BA;Leste;Engavetamento;1;;;;;;;;;;1;;;;
04/03/2021;06:26:00;26;AV - Acidente com VITIMA;817,9;BR-116/BA;Sul;Colisão Transversal;;;;2;;;;;;;0;1;1;;
04/03/2021;07:28:00;54;ASV - Acidente SEM Vítima;613,9;BR-324/BA;Leste;Saida de Pista;;;;;;;;;;1;2;;;;
04/03/2021;10:12:00;116;ASV - Acidente SEM Vítima;434,3;BR-116/BA;Norte;Saida de Pista;;;1;;;;;;;;1;;;;
04/03/2021;14:27:00;173;ASV - Acidente SEM Vítima;518,6;BR-324/BA;Leste;Engavetamento;;;1;;;;;;;3;4;;;;
04/03/2021;19:24:00;264;AV - Acidente com VITIMA;18,5;BR-116/BA - Cont VC;Sul;Colisão Transversal;1;;;1;;;;;;;1;2;;;
05/03/2021;01:17:00;7;ASV - Acidente SEM Vítima;439,9;BR-116/BA;Norte;Saida de Pista;;;;;;;;;;1;1;;;;
05/03/2021;02:15:00;15;ASV - Acidente SEM Vítima;550;BR-324/BA;Leste;Saida de Pista;;;1;;;;;;;;1;;;;
05/03/2021;07:03:00;66;AV - Acidente com VITIMA;7;BR-116/BA - Cont VC;Sul;Engavetamento;1;;2;;;;;;;;3;1;;;
05/03/2021;13:27:00;190;ASV - Acidente SEM Vítima;595;BR-324/BA;Leste;Colisão Traseira;1;;1;;;;;;;;5;;;;
05/03/2021;15:03:00;224;ASV - Acidente SEM Vítima;531,001;BR-324/BA;Leste;Engavetamento;3;;;;;;;;;1;13;;;;
05/03/2021;15:32:00;231;ASV - Acidente SEM Vítima;738;BR-116/BA;Norte;Colisão Traseira;;;2;;;;;;;;2;;;;
05/03/2021;15:38:00;235;ASV - Acidente SEM Vítima;622;BR-116/BA;Sul;Engavetamento;;;3;;;;;;;;3;;;;
05/03/2021;16:04:00;245;ASV - Acidente SEM Vítima;542;BR-324/BA;Oeste;Colisão Traseira;1;;;;;;;;;1;2;;;;
05/03/2021;18:29:00;293;ASV - Acidente SEM Vítima;622;BR-324/BA;Leste;Colisão Traseira;1;;;1;;;;;;;2;;;;
06/03/2021;03:03:00;20;ASV - Acidente SEM Vítima;606;BR-324/BA;Leste;Choque Contra Objeto Fixo;1;;;;;;;;;;1;;;;
06/03/2021;06:37:00;37;ASV - Acidente SEM Vítima;441,5;BR-116/BA;Norte;Colisão Traseira;;;;;;;;;;1;1;;;;
06/03/2021;10:14:00;79;ASV - Acidente SEM Vítima;584,5;BR-324/BA;Oeste;Colisão Traseira;1;;1;;;;;;;;2;;;;
06/03/2021;14:32:00;125;ASV - Acidente SEM Vítima;539;BR-116/BA;Norte;Colisão Lateral;;;1;;;;;;;1;6;;;;
06/03/2021;17:16:00;168;ASV - Acidente SEM Vítima;904,4;BR-116/BA;Sul;Colisão Traseira;;;2;;;;;;;;2;;;;
06/03/2021;21:54:00;210;AF - Acidente com Vitima Fatal;878,5;BR-116/BA;Sul;Colisão Lateral;;;1;1;;;;;;;1;;;;1
07/03/2021;05:22:00;26;ASV - Acidente SEM Vítima;530;BR-324/BA;Leste;Saida de Pista;1;;;;;;;;;;4;;;;
07/03/2021;06:48:00;34;ASV - Acidente SEM Vítima;441;BR-116/BA;Sul;Colisão Traseira;1;;1;;;;;;;;2;;;;
07/03/2021;14:33:00;115;ASV - Acidente SEM Vítima;481;BR-116/BA;Norte;Saida de Pista;;;1;;;;;;;;1;;;;
07/03/2021;14:52:00;121;ASV - Acidente SEM Vítima;440;BR-116/BA;Norte;Saida de Pista;;;;;;;;;;1;3;;;;
07/03/2021;16:32:00;146;ASV - Acidente SEM Vítima;452,5;BR-116/BA;Norte;Atropelamento de Animal;1;;;;;;;;;;2;;;;
07/03/2021;21:32:00;202;ASV - Acidente SEM Vítima;458,5;BR-116/BA;Norte;Saida de Pista;;;;;;;;;;1;2;;;;
08/03/2021;03:46:00;22;AF - Acidente com Vitima Fatal;893;BR-116/BA;Sul;Outros;;;;;;1;;;;;1;;;;1
08/03/2021;06:37:00;46;ASV - Acidente SEM Vítima;4;BR-116/BA - ContSuFS;Norte;Saida de Pista;1;;;;;;;;;;1;;;;
08/03/2021;14:56:00;212;ASV - Acidente SEM Vítima;856;BR-116/BA;Norte;Colisão Lateral;;;1;;1;;;;;;31;;;;
08/03/2021;17:21:00;256;ASV - Acidente SEM Vítima;613,8;BR-324/BA;Leste;Colisão Traseira;2;;;;;;;;;;2;;;;
08/03/2021;21:09:00;299;AV - Acidente com VITIMA;2;BR-116/BA - ContSuFS;Norte;Atropelamento de Pedestre;;;;;;1;;;;;2;;1;;
09/03/2021;04:45:00;19;AV - Acidente com VITIMA;619;BR-324/BA;Leste;Queda de Moto;;;;1;;;;;;;0;1;;;
09/03/2021;17:48:00;295;ASV - Acidente SEM Vítima;624;BR-324/BA;Oeste;Engavetamento;3;;;;;;;;;1;7;;;;
09/03/2021;21:41:00;327;ASV - Acidente SEM Vítima;594,6;BR-116/BA;Sul;Tombamento;;;1;;;;;;;;1;;;;
10/03/2021;00:21:00;2;AV - Acidente com VITIMA;910,1;BR-116/BA;Norte;Colisão Traseira;;1;;;;1;;;;;1;2;;;
10/03/2021;03:28:00;16;AV - Acidente com VITIMA;1;BR-116/BA - ContSuFS;Norte;Colisão Traseira;;;;;;;;;;2;4;1;1;;
10/03/2021;04:49:00;23;ASV - Acidente SEM Vítima;620;BR-324/BA;Leste;Saida de Pista;1;;;;;;;;;;1;;;;
10/03/2021;13:23:00;188;ASV - Acidente SEM Vítima;10;BR-116/BA - Cont VC;Sul;Colisão Lateral;2;;;;;;;;;;2;;;;
10/03/2021;14:14:00;203;ASV - Acidente SEM Vítima;618;BR-116/BA;Sul;Saida de Pista;1;;;;;;;;;;2;;;;
10/03/2021;14:23:00;206;ASV - Acidente SEM Vítima;590;BR-324/BA;Oeste;Colisão Lateral;1;;1;;;;;;;;2;;;;
10/03/2021;15:08:00;220;ASV - Acidente SEM Vítima;562;BR-324/BA;Oeste;Colisão Traseira;1;;1;;;;;;;;2;;;;
11/03/2021;03:41:00;16;AV - Acidente com VITIMA;766,3;BR-116/BA;Norte;Saida de Pista;1;;;;;;;;;;0;4;;;
11/03/2021;04:10:00;18;AV - Acidente com VITIMA;528;BR-324/BA;Leste;Saida de Pista;1;;;;;;;;;;0;2;;;
11/03/2021;16:41:00;260;ASV - Acidente SEM Vítima;609;BR-324/BA;Oeste;Choque Contra Objeto Fixo;;;1;;;;;;;;1;;;;
11/03/2021;19:55:00;311;ASV - Acidente SEM Vítima;590,9;BR-116/BA;Norte;Saida de Pista;;;;;;;;;;1;5;;;;
12/03/2021;11:24:00;137;ASV - Acidente SEM Vítima;652;BR-116/BA;Sul;Colisão Traseira;;;2;;;;;;;;2;;;;
12/03/2021;13:54:00;182;ASV - Acidente SEM Vítima;509;BR-116/BA;Sul;Colisão Lateral;1;;1;;;;;;;;2;;;;
12/03/2021;13:55:00;183;AV - Acidente com VITIMA;494;BR-116/BA;Sul;Colisão Traseira;;;2;;;;;;;;1;1;;;
12/03/2021;23:40:00;340;ASV - Acidente SEM Vítima;448,7;BR-116/BA;Norte;Choque Contra Objeto Fixo;1;;;;;;;;;;2;;;;
13/03/2021;08:39:00;61;AV - Acidente com VITIMA;0;BR-116/BA - ContSuFS;Norte;Saida de Pista;1;;;;;;;;;;0;1;;;
13/03/2021;12:52:00;118;ASV - Acidente SEM Vítima;744;BR-116/BA;Norte;Colisão Traseira;1;;;;;;;;;1;2;;;;
13/03/2021;13:43:00;127;ASV - Acidente SEM Vítima;552;BR-324/BA;Leste;Saida de Pista;1;;;;;;;;;;1;;;;
13/03/2021;15:32:00;156;AV - Acidente com VITIMA;1,6;BA-526;Sul;Atropelamento de Pedestre;;;;;;;;;;;0;1;;;
13/03/2021;19:24:00;217;ASV - Acidente SEM Vítima;468;BR-116/BA;Sul;Colisão Traseira;;;1;1;;;;;;;2;;;;
14/03/2021;04:39:00;21;ASV - Acidente SEM Vítima;620;BR-324/BA;Leste;Capotamento;1;;;;;;;;;;1;;;;
14/03/2021;06:46:00;29;ASV - Acidente SEM Vítima;569;BR-116/BA;Sul;Colisão Lateral;;;2;;;;;;;;2;;;;
14/03/2021;08:08:00;44;ASV - Acidente SEM Vítima;735,5;BR-116/BA;Norte;Colisão Traseira;2;;;;;;;;;;4;;;;
14/03/2021;14:18:00;98;ASV - Acidente SEM Vítima;593,3;BR-324/BA;Oeste;Colisão Lateral;1;;1;;;;;;;;2;;;;
14/03/2021;14:53:00;107;ASV - Acidente SEM Vítima;787;BR-116/BA;Norte;Saida de Pista;;;1;;;;;;;;1;;;;
14/03/2021;16:46:00;126;ASV - Acidente SEM Vítima;587;BR-324/BA;Oeste;Engavetamento;1;;;;;2;;;;;6;;;;
14/03/2021;18:05:00;147;ASV - Acidente SEM Vítima;614,7;BR-324/BA;Oeste;Capotamento;1;;;;;;;;;;1;;;;
15/03/2021;00:51:00;4;AV - Acidente com VITIMA;557,5;BR-324/BA;Leste;Tombamento;;;1;;;;;;;;0;;1;;
15/03/2021;04:41:00;19;ASV - Acidente SEM Vítima;510;BR-116/BA;Norte;Saida de Pista;;;1;;;;;;;;1;;;;
15/03/2021;06:41:00;32;ASV - Acidente SEM Vítima;715,2;BR-116/BA;Norte;Saida de Pista;1;;;;;;;;;;5;;;;
15/03/2021;13:38:00;173;ASV - Acidente SEM Vítima;624;BR-324/BA;Oeste;Choque Contra Objeto Fixo;1;;;;;;;;;;1;;;;
15/03/2021;14:39:00;192;AV - Acidente com VITIMA;552,5;BR-324/BA;Oeste;Saida de Pista;1;;1;;;;;;;;1;1;;4;
16/03/2021;06:50:00;25;AV - Acidente com VITIMA;18;BR-116/BA - Cont VC;Sul;Atropelamento de Pedestre;;1;1;;;;;;;;1;;;1;
17/03/2021;07:51:00;78;ASV - Acidente SEM Vítima;617,5;BR-324/BA;Oeste;Colisão Traseira;2;;;;;;;;;;6;;;;
17/03/2021;08:14:00;86;ASV - Acidente SEM Vítima;616,7;BR-324/BA;Oeste;Engavetamento;4;;;;;;;;;;6;;;;
17/03/2021;09:21:00;119;ASV - Acidente SEM Vítima;610,8;BR-324/BA;Oeste;Sequência;1;;1;;;;;;;;4;;;;
17/03/2021;10:19:00;133;ASV - Acidente SEM Vítima;611,7;BR-324/BA;Oeste;Colisão Lateral;2;;;;;1;;;;;4;;;;
17/03/2021;09:35:00;165;ASV - Acidente SEM Vítima;610,8;BR-324/BA;Oeste;Sequência;;;1;;;1;;;;;2;;;;
17/03/2021;14:44:00;204;AV - Acidente com VITIMA;542;BR-324/BA;Oeste;Colisão Lateral;1;;;1;;;;;;;1;;1;;
18/03/2021;01:23:00;5;ASV - Acidente SEM Vítima;595;BR-324/BA;Leste;Saida de Pista;1;;;;;;;;;;2;;;;
18/03/2021;04:47:00;12;ASV - Acidente SEM Vítima;592;BR-324/BA;Oeste;Saida de Pista;1;;;;;;;;;;1;;;;
18/03/2021;06:16:00;25;ASV - Acidente SEM Vítima;586,7;BR-116/BA;Norte;Colisão Lateral;;;2;;;;;;;;2;;;;
18/03/2021;07:07:00;43;ASV - Acidente SEM Vítima;624;BR-324/BA;Leste;Engavetamento;1;;;;;2;;;;;3;;;;
18/03/2021;07:40:00;62;ASV - Acidente SEM Vítima;792;BR-116/BA;Sul;Engavetamento;;;2;;1;;;;;1;5;;;;
18/03/2021;07:48:00;68;AV - Acidente com VITIMA;619,4;BR-324/BA;Leste;Queda de Moto;;;;1;;;;;;;0;1;;;
18/03/2021;18:09:00;298;AV - Acidente com VITIMA;520,2;BR-324/BA;Leste;Colisão Traseira;;;;1;;1;;;;;1;1;1;;
19/03/2021;06:47:00;46;AV - Acidente com VITIMA;608,8;BR-324/BA;Oeste;Queda de Moto;;;;1;;;;;;;0;1;;;
19/03/2021;10:44:00;151;ASV - Acidente SEM Vítima;542;BR-324/BA;Leste;Saida de Pista;1;;;;;;;;;;1;;;;
19/03/2021;11:30:00;169;ASV - Acidente SEM Vítima;605;BR-324/BA;Leste;Saida de Pista;1;;;;;;;;;;1;;;;
19/03/2021;13:18:00;196;ASV - Acidente SEM Vítima;651,95;BR-116/BA;Norte;Saida de Pista;;;1;;;;;;;;1;;;;
19/03/2021;15:03:00;241;AV - Acidente com VITIMA;543;BR-324/BA;Oeste;Saida de Pista;1;;;;;;;;;;0;1;;;
19/03/2021;16:08:00;265;ASV - Acidente SEM Vítima;556;BR-324/BA;Oeste;Saida de Pista;1;;;;;;;;;;1;;;;
19/03/2021;23:58:00;370;AV - Acidente com VITIMA;10;BR-116/BA - Cont VC;Norte;Colisão Frontal;1;;;;;1;;;;;1;;1;1;
20/03/2021;01:10:00;5;AV - Acidente com VITIMA;601,7;BR-116/BA;Norte;Saida de Pista;;;1;;;;;;;;0;1;;;
20/03/2021;08:09:00;47;AF - Acidente com Vitima Fatal;495;BR-116/BA;Sul;Colisão Frontal;1;;1;;;;;;;;1;;;;1
20/03/2021;09:33:00;68;ASV - Acidente SEM Vítima;540,5;BR-324/BA;Oeste;Choque Contra Objeto Fixo;1;;;;;;;;;;1;;;;
20/03/2021;12:43:00;106;ASV - Acidente SEM Vítima;931;BR-116/BA;Norte;Colisão Traseira;;;2;;;;;;;;3;;;;
20/03/2021;18:44:00;165;AV - Acidente com VITIMA;15,1;BR-116/BA - Cont VC;Norte;Saida de Pista;;;;1;;;;;;;0;;1;;
21/03/2021;05:04:00;10;AF - Acidente com Vitima Fatal;509;BR-116/BA;Norte;Saida de Pista;;;;;;;;;;1;1;1;1;;1
21/03/2021;15:19:00;91;AV - Acidente com VITIMA;20;BR-116/BA - Cont VC;Sul;Colisão Frontal;1;;1;;;1;;;;;2;1;;;
21/03/2021;18:21:00;138;AV - Acidente com VITIMA;10,001;BR-116/BA - Cont VC;Norte;Colisão Lateral;;;;;;;;;;2;2;1;;;
21/03/2021;18:39:00;144;AF - Acidente com Vitima Fatal;28,1;BR-116/BA - Cont VC;Sul;Colisão Frontal;1;;;1;;;;;;;1;;;;1
21/03/2021;23:16:00;179;ASV - Acidente SEM Vítima;545,2;BR-324/BA;Oeste;Saida de Pista;1;;;;;;;;;;1;;;;
22/03/2021;07:13:00;51;ASV - Acidente SEM Vítima;613;BR-324/BA;Leste;Engavetamento;1;;;;;;;;;2;3;;;;
22/03/2021;09:00:00;85;ASV - Acidente SEM Vítima;523;BR-324/BA;Leste;Tombamento;;;1;;;;;;;;1;;;;
22/03/2021;12:38:00;136;ASV - Acidente SEM Vítima;604;BR-324/BA;Leste;Colisão Lateral;1;;;;;1;;;;;2;;;;
22/03/2021;17:32:00;234;AV - Acidente com VITIMA;16,3;BR-116/BA - Cont VC;Norte;Queda de Moto;;;;1;;;;;;;0;1;;;
22/03/2021;17:53:00;240;ASV - Acidente SEM Vítima;530,9;BR-324/BA;Leste;Saida de Pista;;;1;;;;;;;;1;;;;
23/03/2021;01:24:00;7;AV - Acidente com VITIMA;11;BR-116/BA - Cont VC;Norte;Queda de Moto;;;;1;;;;;;;0;1;;;
23/03/2021;03:59:00;15;ASV - Acidente SEM Vítima;462,4;BR-116/BA;Sul;Atropelamento de Animal;;;1;;;;;;;;1;;;;
23/03/2021;07:40:00;71;ASV - Acidente SEM Vítima;15;BR-116/BA - Cont VC;Sul;Saida de Pista;1;;;;;;;;;;1;;;;
23/03/2021;09:57:00;128;ASV - Acidente SEM Vítima;623,8;BR-324/BA;Oeste;Colisão Traseira;1;;;1;;;;;;;2;;;;
23/03/2021;13:55:00;186;AV - Acidente com VITIMA;519;BR-324/BA;Leste;Colisão Traseira;1;;;1;;;;;;;1;1;;;
23/03/2021;15:29:00;213;ASV - Acidente SEM Vítima;519;BR-324/BA;Oeste;Colisão Traseira;2;;;;;;;;;;2;;;;
23/03/2021;16:25:00;230;AV - Acidente com VITIMA;519;BR-324/BA;Leste;Colisão Traseira;1;;;1;;;;;;;0;2;;;
24/03/2021;05:59:00;18;AV - Acidente com VITIMA;518;BR-324/BA;Leste;Queda de Moto;;;;1;;;;;;;0;;1;;
24/03/2021;07:07:00;42;AV - Acidente com VITIMA;426,6;BR-116/BA;Norte;Colisão Lateral;;;;1;;;;;;1;1;;1;;
24/03/2021;10:17:00;128;ASV - Acidente SEM Vítima;804;BR-116/BA;Sul;Colisão Traseira;;;2;;;;;;;;2;;;;
24/03/2021;11:37:00;149;ASV - Acidente SEM Vítima;10,8;BR-116/BA - Cont VC;Sul;Saida de Pista;;;1;;;;;;;;1;;;;
24/03/2021;13:36:00;183;AV - Acidente com VITIMA;561;BR-324/BA;Oeste;Engavetamento;2;;1;;;;;;;;2;1;;;
24/03/2021;17:25:00;240;AF - Acidente com Vitima Fatal;674;BR-116/BA;Sul;Sequência;;;1;1;;;;;;;1;;;;1
24/03/2021;20:51:00;270;AV - Acidente com VITIMA;717,12;BR-116/BA;Sul;Saida de Pista;;;1;;;;;;;;0;;1;;
25/03/2021;00:45:00;5;ASV - Acidente SEM Vítima;798;BR-116/BA;Norte;Colisão Lateral;;;2;;;;;;;;2;;;;
25/03/2021;10:08:00;127;ASV - Acidente SEM Vítima;525;BR-324/BA;Oeste;Colisão Lateral;1;;1;;;;;;;;2;;;;
25/03/2021;14:01:00;190;ASV - Acidente SEM Vítima;450;BR-116/BA;Sul;Colisão Lateral;;;1;;;;;;;1;2;;;;
25/03/2021;15:30:00;212;AV - Acidente com VITIMA;622;BR-324/BA;Oeste;Atropelamento de Pedestre;1;;;;;;;;;;1;;;1;
25/03/2021;18:32:00;255;ASV - Acidente SEM Vítima;552;BR-324/BA;Leste;Colisão Lateral;;;;;1;;;;;1;2;;;;
25/03/2021;19:03:00;258;ASV - Acidente SEM Vítima;666;BR-116/BA;Sul;Sequência;;;3;;;1;;;;;4;;;;
26/03/2021;01:05:00;7;ASV - Acidente SEM Vítima;840;BR-116/BA;Sul;Colisão Lateral;1;;1;;;;;;;;2;;;;
26/03/2021;10:30:00;125;ASV - Acidente SEM Vítima;450;BR-116/BA;Norte;Saida de Pista;1;;;;;;;;;;1;;;;
26/03/2021;12:38:00;160;AV - Acidente com VITIMA;615;BR-324/BA;Oeste;Colisão Lateral;1;;;1;;;;;;;1;;;1;
26/03/2021;12:40:00;162;ASV - Acidente SEM Vítima;606;BR-324/BA;Oeste;Engavetamento;1;;;1;;;;;;1;3;;;;
26/03/2021;15:03:00;204;ASV - Acidente SEM Vítima;568;BR-324/BA;Oeste;Sequência;1;;;;;1;;;;;4;;;;
26/03/2021;16:24:00;228;AV - Acidente com VITIMA;532;BR-324/BA;Leste;Colisão Lateral;1;;;1;;;;;;;1;1;;;
26/03/2021;16:36:00;234;ASV - Acidente SEM Vítima;573;BR-324/BA;Oeste;Saida de Pista;;;;1;;;;;;;1;;;;
26/03/2021;18:20:00;269;ASV - Acidente SEM Vítima;615,3;BR-324/BA;Leste;Colisão Traseira;;;;;;1;;;;1;3;;;;
26/03/2021;20:27:00;299;AV - Acidente com VITIMA;4;BR-116/BA - ContSuFS;Sul;Saida de Pista;1;;;;;;;;;;0;1;1;;
27/03/2021;04:05:00;19;ASV - Acidente SEM Vítima;559,9;BR-324/BA;Leste;Sequência;1;;2;;;1;;;;;4;;;;
27/03/2021;06:22:00;37;ASV - Acidente SEM Vítima;427,6;BR-116/BA;Sul;Colisão Lateral;1;;1;;;;;;;;6;;;;
27/03/2021;08:29:00;70;ASV - Acidente SEM Vítima;595,4;BR-116/BA;Sul;Colisão Lateral;1;;1;;;;;;;;5;;;;