data;horario;n_da_ocorrencia;tipo_de_ocorrencia;km;trecho;sentido;tipo_de_acidente;automovel;bicicleta;caminhao;moto;onibus;outros;tracao_animal;transporte_de_cargas_especiais;trator_maquinas;utilitarios;ilesos;levemente_feridos;moderadamente_feridos;gravemente_feridos;mortos
27/03/2021;12:58:00;129;AV - Acidente com VITIMA;827;BR-116/BA;Norte;Engavetamento;2;;1;;;;;;;;3;2;1;;
28/03/2021;12:43:00;101;ASV - Acidente SEM Vítima;924,5;BR-116/BA;Sul;Colisão Lateral;;;2;;;;;;;;2;;;;
28/03/2021;18:17:00;184;AV - Acidente com VITIMA;778;BR-116/BA;Norte;Colisão Traseira;2;;;;;;;;;;1;2;;;
28/03/2021;18:47:00;189;AV - Acidente com VITIMA;674;BR-116/BA;Sul;Queda de Moto;;;;1;;;;;;;0;1;;;
29/03/2021;06:43:00;55;ASV - Acidente SEM Vítima;470;BR-116/BA;Sul;Saida de Pista;;;;;;;;;;1;1;;;;
29/03/2021;15:36:00;241;ASV - Acidente SEM Vítima;460,6;BR-116/BA;Norte;Saida de Pista;1;;;;;;;;;;5;;;;
29/03/2021;20:08:00;321;ASV - Acidente SEM Vítima;665;BR-116/BA;Norte;Colisão Lateral;1;;;;;1;;;;;2;;;;
30/03/2021;00:19:00;2;ASV - Acidente SEM Vítima;427;BR-116/BA;Norte;Atropelamento de Animal;;;1;;;;;;;;1;;;;
30/03/2021;06:17:00;29;ASV - Acidente SEM Vítima;547;BR-116/BA;Norte;Colisão Traseira;;;2;;;;;;;;2;;;;
30/03/2021;06:34:00;39;ASV - Acidente SEM Vítima;613;BR-324/BA;Oeste;Colisão Lateral;1;;1;;;;;;;;3;;;;
30/03/2021;08:06:00;77;ASV - Acidente SEM Vítima;617;BR-324/BA;Oeste;Colisão Traseira;2;;;;;;;;;;2;;;;
30/03/2021;12:20:00;154;ASV - Acidente SEM Vítima;635;BR-116/BA;Norte;Tombamento;;;1;;;;;;;;3;;;;
30/03/2021;13:30:00;165;ASV - Acidente SEM Vítima;595;BR-116/BA;Norte;Saida de Pista;;;1;;;;;;;;4;;;;
30/03/2021;13:45:00;170;ASV - Acidente SEM Vítima;594,599;BR-324/BA;Leste;Colisão Lateral;1;;;;;;;;;;1;;;;
30/03/2021;14:48:00;186;AF - Acidente com Vitima Fatal;691;BR-116/BA;Norte;Colisão Lateral;;;2;;;;;;;;3;;;;1
30/03/2021;18:18:00;254;ASV - Acidente SEM Vítima;9;BA-526;Sul;Colisão Lateral;1;;;1;;;;;;;2;;;;
30/03/2021;18:20:00;256;ASV - Acidente SEM Vítima;559;BR-324/BA;Oeste;Saida de Pista;1;;;;;;;;;;1;;;;
30/03/2021;18:28:00;257;ASV - Acidente SEM Vítima;3,8;BR-116/BA - Cont VC;Norte;Colisão Transversal;2;;;;;;;;;;2;;;;
31/03/2021;00:21:00;3;ASV - Acidente SEM Vítima;529;BR-324/BA;Leste;Colisão Transversal;2;;;;;;;;;;2;;;;
31/03/2021;05:35:00;24;ASV - Acidente SEM Vítima;593;BR-324/BA;Oeste;Saida de Pista;1;;;;;;;;;;2;;;;
31/03/2021;14:32:00;184;ASV - Acidente SEM Vítima;574;BR-324/BA;Oeste;Saida de Pista;;;1;;;1;;;;;2;;;;
31/03/2021;17:40:00;258;A PP - Acidente envolvendo Produto Perigoso;569,1;BR-116/BA;Sul;Saida de Pista;;;1;;;;;;;;1;;;;
31/03/2021;17:50:00;262;A PP - Acidente envolvendo Produto Perigoso;566;BR-116/BA;Norte;Outros;;;1;;;;;;;;1;;;;
31/03/2021;17:55:00;264;ASV - Acidente SEM Vítima;565;BR-324/BA;Leste;Colisão Traseira;1;;;;;1;;;;;4;;;;
31/03/2021;19:46:00;287;ASV - Acidente SEM Vítima;562;BR-116/BA;Norte;Colisão Traseira;;;2;;;;;;;;2;;;;
01/04/2021;02:10:00;16;ASV - Acidente SEM Vítima;853,5;BR-116/BA;Sul;Saida de Pista;;;;;;;;;;1;4;;;;
01/04/2021;11:57:00;176;A PP - Acidente envolvendo Produto Perigoso;548,5;BR-116/BA;Sul;Tombamento;;;1;;;;;;;;1;;;;
01/04/2021;15:36:00;243;ASV - Acidente SEM Vítima;610;BR-324/BA;Leste;Queda de Moto;;;;1;;;;;;;1;;;;
01/04/2021;16:29:00;257;ASV - Acidente SEM Vítima;607,8;BR-324/BA;Oeste;Engavetamento;1;;;;;;;;;2;3;;;;
01/04/2021;18:02:00;277;ASV - Acidente SEM Vítima;552,2;BR-324/BA;Oeste;Colisão Lateral;1;;;;;1;;;;;2;;;;
01/04/2021;18:49:00;290;ASV - Acidente SEM Vítima;580;BR-324/BA;Oeste;Engavetamento;3;;;;;;;;;;13;;;;
01/04/2021;20:13:00;310;AF - Acidente com Vitima Fatal;617;BR-116/BA;Norte;Colisão Frontal;1;;1;;;;;;;;1;;;;1
01/04/2021;21:56:00;330;ASV - Acidente SEM Vítima;599;BR-324/BA;Leste;Queda de Moto;;;;1;;;;;;;1;;;;
02/04/2021;00:11:00;2;AF - Acidente com Vitima Fatal;601;BR-324/BA;Leste;Saida de Pista;;;;;;;;;;1;0;;;;1
02/04/2021;00:55:00;6;AV - Acidente com VITIMA;448,32;BR-116/BA;Sul;Capotamento;1;;;;;;;;;;0;2;;;
02/04/2021;06:11:00;26;AV - Acidente com VITIMA;576,5;BR-324/BA;Oeste;Saida de Pista;1;;;;;;;;;;1;2;;;
02/04/2021;15:49:00;154;ASV - Acidente SEM Vítima;755,4;BR-116/BA;Sul;Colisão Traseira;2;;;;;;;;;;2;;;;
03/04/2021;04:25:00;12;ASV - Acidente SEM Vítima;490,8;BR-116/BA;Sul;Colisão Traseira;;;;;;1;;;;1;3;;;;
03/04/2021;15:26:00;140;AV - Acidente com VITIMA;536,9;BR-324/BA;Oeste;Queda de Moto;;;;1;;;;;;;0;1;;;
03/04/2021;15:50:00;150;ASV - Acidente SEM Vítima;804;BR-116/BA;Norte;Engavetamento;1;;1;;;1;;;;;3;;;;
03/04/2021;19:22:00;199;ASV - Acidente SEM Vítima;477;BR-116/BA;Sul;Saida de Pista;1;;;;;;;;;;2;;;;
03/04/2021;21:16:00;214;AV - Acidente com VITIMA;18;BR-116/BA - Cont VC;Norte;Atropelamento - Ciclista;1;1;;;;;;;;;1;;1;;
04/04/2021;02:36:00;14;AV - Acidente com VITIMA;543;BR-116/BA;Norte;Queda de Moto;;;;1;;;;;;;0;2;;;
04/04/2021;03:24:00;16;AV - Acidente com VITIMA;21;BR-116/BA - Cont VC;Norte;Queda de Moto;;;;1;;;;;;;0;;1;;
04/04/2021;09:23:00;85;AV - Acidente com VITIMA;607,001;BR-324/BA;Oeste;Queda de Moto;;;;1;;;;;;;0;2;;;
04/04/2021;10:21:00;103;ASV - Acidente SEM Vítima;547;BR-324/BA;Leste;Saida de Pista;1;;;;;;;;;;1;;;;
04/04/2021;11:27:00;119;AV - Acidente com VITIMA;696;BR-116/BA;Sul;Colisão Lateral;1;;1;;;;;;;;2;;1;;
04/04/2021;15:59:00;183;ASV - Acidente SEM Vítima;592;BR-324/BA;Leste;Saida de Pista;1;;;;;;;;;;1;;;;
04/04/2021;16:25:00;189;ASV - Acidente SEM Vítima;589,8;BR-324/BA;Leste;Colisão Traseira;1;;;;;;;;;1;5;;;;
04/04/2021;16:29:00;194;ASV - Acidente SEM Vítima;589,7;BR-324/BA;Leste;Engavetamento;3;;;;;;;;;1;9;;;;
04/04/2021;17:57:00;225;ASV - Acidente SEM Vítima;565;BR-324/BA;Leste;Colisão Traseira;2;;;;;;;;;;8;;;;
04/04/2021;18:13:00;230;ASV - Acidente SEM Vítima;601,7;BR-324/BA;Leste;Colisão Traseira;2;;;;;;;;;;5;;;;
04/04/2021;18:54:00;238;ASV - Acidente SEM Vítima;909,5;BR-116/BA;Sul;Saida de Pista;;;1;;;;;;;;1;;;;
05/04/2021;02:11:00;7;ASV - Acidente SEM Vítima;820;BR-116/BA;Sul;Atropelamento de Animal;1;;;;;;;;;;1;;;;
05/04/2021;05:54:00;14;ASV - Acidente SEM Vítima;598;BR-324/BA;Oeste;Colisão Lateral;2;;;;;;;;;;2;;;;
05/04/2021;07:03:00;37;ASV - Acidente SEM Vítima;606,001;BR-324/BA;Leste;Colisão Traseira;1;;;;;;;;;;1;;;;
05/04/2021;07:19:00;53;ASV - Acidente SEM Vítima;566;BR-324/BA;Leste;Saida de Pista;;;;;;;;;;1;1;;;;
05/04/2021;10:03:00;125;ASV - Acidente SEM Vítima;607,5;BR-324/BA;Leste;Engavetamento;4;;;;;;;;;;4;;;;
05/04/2021;10:17:00;130;ASV - Acidente SEM Vítima;595,5;BR-116/BA;Norte;Saida de Pista;;;1;;;;;;;;1;;;;
05/04/2021;10:27:00;134;ASV - Acidente SEM Vítima;608;BR-324/BA;Leste;Colisão Traseira;2;;;;;;;;;;2;;;;
05/04/2021;10:35:00;136;AV - Acidente com VITIMA;601;BR-324/BA;Oeste;Colisão Lateral;1;;1;;;;;;;;6;1;;;
05/04/2021;15:24:00;207;ASV - Acidente SEM Vítima;622;BR-324/BA;Oeste;Choque Contra Objeto Fixo;1;;;;;;;;;;1;;;;
05/04/2021;15:42:00;212;ASV - Acidente SEM Vítima;623,75;BR-324/BA;Oeste;Colisão Traseira;1;;;;;1;;;;;2;;;;
05/04/2021;17:46:00;247;AV - Acidente com VITIMA;624,5;BR-324/BA;Oeste;Colisão Traseira;2;;;1;;;;;;;2;;1;1;
05/04/2021;20:11:00;262;AV - Acidente com VITIMA;510;BR-116/BA;Norte;Atropelamento de Pedestre;;;;;;1;;;;;1;;;1;
06/04/2021;07:03:00;50;ASV - Acidente SEM Vítima;562;BR-324/BA;Oeste;Saida de Pista;1;;;;;;;;;;2;;;;
06/04/2021;17:41:00;261;AV - Acidente com VITIMA;519,001;BR-324/BA;Oeste;Queda de Moto;;;;1;;;;;;;0;1;;;
06/04/2021;18:24:00;268;AV - Acidente com VITIMA;529;BR-324/BA;Oeste;Saida de Pista;;;;1;;;;;;;0;1;;;
07/04/2021;04:47:00;27;ASV - Acidente SEM Vítima;595,4;BR-324/BA;Oeste;Atropelamento de Animal;1;;;;;;;;;;2;;;;
07/04/2021;18:24:00;235;ASV - Acidente SEM Vítima;643;BR-116/BA;Norte;Colisão Traseira;2;;;;;;;;;;7;;;;
07/04/2021;23:33:00;287;ASV - Acidente SEM Vítima;549,9;BR-324/BA;Leste;Capotamento;1;;;;;;;;;;1;;;;
08/04/2021;02:19:00;10;AV - Acidente com VITIMA;584;BR-324/BA;Leste;Saida de Pista;;;;;;1;;;;1;3;1;;;
08/04/2021;03:22:00;13;ASV - Acidente SEM Vítima;0;BR-116/BA - ContSuFS;Sul;Tombamento;;;1;;;;;;;;2;;;;
08/04/2021;07:05:00;42;ASV - Acidente SEM Vítima;581,6;BR-324/BA;Leste;Saida de Pista;1;;;;;;;;;;1;;;;
08/04/2021;08:45:00;87;ASV - Acidente SEM Vítima;546;BR-324/BA;Leste;Saida de Pista;1;;;;;;;;;;3;;;;
08/04/2021;09:01:00;92;ASV - Acidente SEM Vítima;559,5;BR-324/BA;Leste;Saida de Pista;;;;;;;;;;1;1;;;;
08/04/2021;11:09:00;123;AV - Acidente com VITIMA;530;BR-324/BA;Oeste;Tombamento;;;1;;;;;;;;1;1;;;
08/04/2021;11:40:00;133;ASV - Acidente SEM Vítima;564;BR-324/BA;Leste;Saida de Pista;1;;;;;;;;;;1;;;;
08/04/2021;14:05:00;168;ASV - Acidente SEM Vítima;447,5;BR-116/BA;Sul;Queda de Moto;;;;1;;;;;;;1;;;;
08/04/2021;15:22:00;186;ASV - Acidente SEM Vítima;616;BR-324/BA;Oeste;Saida de Pista;;;;;;;;;;1;1;;;;
08/04/2021;17:22:00;213;AV - Acidente com VITIMA;827;BR-116/BA;Sul;Colisão Transversal;1;;1;;;;;;;;2;1;;;
08/04/2021;18:04:00;221;ASV - Acidente SEM Vítima;559;BR-324/BA;Oeste;Saida de Pista;1;;;;;;;;;;1;;;;
08/04/2021;18:47:00;233;ASV - Acidente SEM Vítima;818,2;BR-116/BA;Sul;Colisão Traseira;;;;1;;1;;;;;2;;;;
08/04/2021;22:08:00;264;ASV - Acidente SEM Vítima;594;BR-324/BA;Leste;Saida de Pista;1;;;;;;;;;;1;;;;
08/04/2021;22:48:00;268;AV - Acidente com VITIMA;668,3;BR-116/BA;Sul;Atropelamento de Animal;;;;1;;;;;;;0;;1;;
09/04/2021;04:17:00;12;ASV - Acidente SEM Vítima;477,5;BR-116/BA;Norte;Sequência;;;;1;;1;;;;;2;;;;
09/04/2021;05:22:00;15;AV - Acidente com VITIMA;810;BR-116/BA;Sul;Queda de Moto;;;;1;;;;;;;0;2;;;
09/04/2021;05:34:00;17;ASV - Acidente SEM Vítima;599;BR-324/BA;Leste;Colisão Traseira;1;;;;;;;;;1;2;;;;
09/04/2021;08:29:00;90;ASV - Acidente SEM Vítima;619,4;BR-324/BA;Leste;Capotamento;1;;;;;;;;;;2;;;;
09/04/2021;09:13:00;100;ASV - Acidente SEM Vítima;584,3;BR-324/BA;Oeste;Saida de Pista;1;;;;;;;;;;1;;;;
09/04/2021;09:28:00;105;AV - Acidente com VITIMA;520,8;BR-324/BA;Leste;Queda de Moto;;;;1;;;;;;;0;1;1;;
09/04/2021;10:53:00;147;ASV - Acidente SEM Vítima;556;BR-324/BA;Leste;Saida de Pista;1;;;;;;;;;;1;;;;
09/04/2021;11:04:00;150;ASV - Acidente SEM Vítima;532;BR-116/BA;Norte;Saida de Pista;2;;;;;;;;;;2;;;;
09/04/2021;12:32:00;176;ASV - Acidente SEM Vítima;624,7;BR-324/BA;Oeste;Queda de Moto;;;;1;;;;;;;1;;;;
09/04/2021;14:59:00;214;ASV - Acidente SEM Vítima;569;BR-324/BA;Oeste;Saida de Pista;1;;;;;;;;;;1;;;;
09/04/2021;15:41:00;235;AV - Acidente com VITIMA;525,85;BR-324/BA;Oeste;Colisão Traseira;;;;1;;1;;;;;1;1;;;
09/04/2021;17:34:00;263;ASV - Acidente SEM Vítima;16;BR-116/BA - Cont VC;Sul;Colisão Lateral;2;;;;;;;;;;2;;;;
09/04/2021;18:27:00;277;AV - Acidente com VITIMA;23,5;BR-116/BA - Cont VC;Norte;Atropelamento - Ciclista;;1;;1;;;;;;;1;;1;;
09/04/2021;18:37:00;283;ASV - Acidente SEM Vítima;597;BR-324/BA;Leste;Colisão Lateral;1;;1;;;;;;;;2;;;;
09/04/2021;18:41:00;285;ASV - Acidente SEM Vítima;599,5;BR-324/BA;Leste;Colisão Lateral;1;;1;;;;;;;;2;;;;
09/04/2021;20:31:00;302;ASV - Acidente SEM Vítima;623;BR-324/BA;Leste;Colisão Traseira;2;;;;;;;;;;2;;;;
09/04/2021;21:01:00;305;AV - Acidente com VITIMA;701;BR-116/BA;Norte;Saida de Pista;1;;;;;;;;;;1;;;1;
09/04/2021;21:12:00;307;ASV - Acidente SEM Vítima;561;BR-324/BA;Oeste;Saida de Pista;1;;;;;;;;;;1;;;;
09/04/2021;23:14:00;335;AV - Acidente com VITIMA;751;BR-116/BA;Sul;Colisão Traseira;2;;;;;;;;;;3;1;1;;
10/04/2021;05:23:00;22;ASV - Acidente SEM Vítima;530;BR-324/BA;Oeste;Saida de Pista;1;;;;;;;;;;1;;;;
10/04/2021;07:32:00;51;ASV - Acidente SEM Vítima;560;BR-324/BA;Leste;Colisão Lateral;2;;;;;;;;;;2;;;;
10/04/2021;08:22:00;57;AV - Acidente com VITIMA;10,4;BR-116/BA - Cont VC;Sul;Colisão Transversal;1;;;1;;;;;;;1;1;1;;
10/04/2021;12:36:00;138;ASV - Acidente SEM Vítima;888;BR-116/BA;Norte;Saida de Pista;;;1;;;;;;;;1;;;;
10/04/2021;12:40:00;139;ASV - Acidente SEM Vítima;531,8;BR-324/BA;Oeste;Choque Contra Objeto Fixo;1;;;;;;;;;;1;;;;
10/04/2021;15:09:00;178;ASV - Acidente SEM Vítima;654;BR-116/BA;Sul;Colisão Lateral;;;2;;;;;;;;2;;;;
10/04/2021;15:17:00;180;ASV - Acidente SEM Vítima;593;BR-324/BA;Leste;Colisão Lateral;1;;;;;;;;;1;5;;;;
10/04/2021;16:15:00;196;ASV - Acidente SEM Vítima;539;BR-324/BA;Leste;Colisão Traseira;2;;;;;;;;;;6;;;;
11/04/2021;06:47:00;29;ASV - Acidente SEM Vítima;624;BR-324/BA;Oeste;Choque Contra Objeto Fixo;1;;;;;;;;;;1;;;;
11/04/2021;09:28:00;64;ASV - Acidente SEM Vítima;522,2;BR-116/BA;Norte;Saida de Pista;;;1;;;;;;;;1;;;;
11/04/2021;10:06:00;75;ASV - Acidente SEM Vítima;909;BR-116/BA;Norte;Colisão Traseira;;;1;;;;;;;;1;;;;
11/04/2021;10:44:00;85;ASV - Acidente SEM Vítima;803,9;BR-116/BA;Sul;Saida de Pista;1;;;;;;;;;;1;;;;
11/04/2021;11:18:00;92;ASV - Acidente SEM Vítima;477;BR-116/BA;Norte;Colisão Lateral;1;;1;;;;;;;;2;;;;
11/04/2021;11:24:00;95;ASV - Acidente SEM Vítima;815;BR-116/BA;Norte;Colisão Traseira;;;1;;;;;;;1;3;;;;
11/04/2021;14:35:00;130;AV - Acidente com VITIMA;547;BR-324/BA;Oeste;Saida de Pista;;;;;;;;;;1;0;3;;;
11/04/2021;17:09:00;178;AV - Acidente com VITIMA;819;BR-116/BA;Norte;Queda de Moto;;;;1;;;;;;;0;1;;;
11/04/2021;20:28:00;218;ASV - Acidente SEM Vítima;568;BR-116/BA;Norte;Tombamento;;;1;;;;;;;;1;;;;
11/04/2021;20:31:00;219;AF - Acidente com Vitima Fatal;464,5;BR-116/BA;Norte;Colisão Frontal;;;1;1;;;;;;;1;;;;2
12/04/2021;04:24:00;12;AV - Acidente com VITIMA;9,02;BR-116/BA - Cont VC;Norte;Atropelamento de Animal;;;;1;;;;;;;0;;;1;
12/04/2021;05:31:00;20;ASV - Acidente SEM Vítima;560;BR-324/BA;Oeste;Saida de Pista;1;;;;;;;;;;1;;;;
12/04/2021;05:31:00;21;ASV - Acidente SEM Vítima;522;BR-324/BA;Leste;Atropelamento de Animal;1;;;;;;;;;;3;;;;
12/04/2021;07:32:00;76;ASV - Acidente SEM Vítima;613;BR-324/BA;Leste;Engavetamento;3;;;;;;;;;1;7;;;;
12/04/2021;10:00:00;133;ASV - Acidente SEM Vítima;533;BR-324/BA;Oeste;Tombamento;;;1;;;;;;;;1;;;;
12/04/2021;13:49:00;204;ASV - Acidente SEM Vítima;600,9;BR-324/BA;Oeste;Sequência;2;;;;;;;;;1;12;;;;
12/04/2021;17:45:00;280;AV - Acidente com VITIMA;9,5;BR-116/BA - Cont VC;Sul;Colisão Transversal;;;;2;;;;;;;1;2;;;
12/04/2021;18:29:00;294;AV - Acidente com VITIMA;0;BR-116/BA - ContSuFS;Norte;Queda de Moto;;;;1;;;;;;;0;1;;;
12/04/2021;21:47:00;326;AV - Acidente com VITIMA;523;BR-324/BA;Leste;Atropelamento de Animal;;;;1;;;;;;;0;1;;;
13/04/2021;03:56:00;16;ASV - Acidente SEM Vítima;610;BR-324/BA;Oeste;Saida de Pista;1;;;;;1;;;;;2;;;;
13/04/2021;07:28:00;62;ASV - Acidente SEM Vítima;577,7;BR-324/BA;Leste;Saida de Pista;1;;;;;;;;;;1;;;;
13/04/2021;08:03:00;73;AV - Acidente com VITIMA;616;BR-324/BA;Leste;Engavetamento;2;;;;;;;;;;0;6;;;
13/04/2021;09:43:00;114;ASV - Acidente SEM Vítima;836;BR-116/BA;Norte;Colisão Lateral;1;;;;;1;;;;;2;;;;
13/04/2021;11:55:00;159;ASV - Acidente SEM Vítima;711;BR-116/BA;Norte;Colisão Traseira;;;1;;1;;;;;;3;;;;
13/04/2021;12:57:00;170;ASV - Acidente SEM Vítima;665;BR-116/BA;Sul;Engavetamento;;;;;;1;;;;2;6;;;;
13/04/2021;18:38:00;269;ASV - Acidente SEM Vítima;28,5;BR-116/BA - Cont VC;Norte;Colisão Lateral;2;;;;;;;;;;6;;;;
13/04/2021;18:56:00;274;ASV - Acidente SEM Vítima;550;BR-116/BA;Norte;Atropelamento de Animal;;;1;;;;;;;;1;;;;
14/04/2021;07:52:00;70;AV - Acidente com VITIMA;616,001;BR-324/BA;Oeste;Queda de Moto;;;;1;;1;;;;;1;1;;;
14/04/2021;16:20:00;229;ASV - Acidente SEM Vítima;600;BR-116/BA;Norte;Saida de Pista;;;1;;;;;;;;1;;;;
15/04/2021;05:23:00;28;ASV - Acidente SEM Vítima;476;BR-116/BA;Norte;Saida de Pista;;;1;;;;;;;;1;;;;
15/04/2021;06:20:00;36;ASV - Acidente SEM Vítima;530;BR-324/BA;Oeste;Saida de Pista;1;;;;;;;;;;2;;;;
15/04/2021;06:37:00;40;ASV - Acidente SEM Vítima;530,07;BR-324/BA;Oeste;Colisão Lateral;2;;;;;1;;;;;4;;;;
15/04/2021;11:30:00;116;ASV - Acidente SEM Vítima;594;BR-324/BA;Oeste;Colisão Traseira;1;;;;;1;;;;;2;;;;
15/04/2021;12:37:00;133;ASV - Acidente SEM Vítima;583;BR-324/BA;Leste;Saida de Pista;;;;;;;;;;1;1;;;;
15/04/2021;13:00:00;138;ASV - Acidente SEM Vítima;527;BR-324/BA;Leste;Colisão Traseira;;;2;;;;;;;;2;;;;
15/04/2021;14:30:00;151;ASV - Acidente SEM Vítima;482;BR-116/BA;Norte;Colisão Traseira;;;2;;;;;;;;2;;;;
15/04/2021;15:07:00;173;AV - Acidente com VITIMA;9,92;BR-116/BA - Cont VC;Sul;Colisão Lateral;1;;;1;;;;;;;1;1;;;
15/04/2021;16:38:00;193;ASV - Acidente SEM Vítima;622;BR-324/BA;Oeste;Colisão Lateral;1;;;;;1;;;;;3;;;;
15/04/2021;17:09:00;200;AV - Acidente com VITIMA;16;BR-116/BA - Cont VC;Norte;Colisão Transversal;1;;;1;;;;;;;1;;1;;
15/04/2021;19:06:00;227;AV - Acidente com VITIMA;819;BR-116/BA;Norte;Queda de Moto;;;;1;;;;;;;0;1;;;
15/04/2021;19:42:00;234;AV - Acidente com VITIMA;623;BR-324/BA;Oeste;Colisão Lateral;;;;1;;1;;;;;1;1;;;
15/04/2021;19:59:00;238;ASV - Acidente SEM Vítima;625;BR-324/BA;Oeste;Colisão Traseira;2;;;;;;;;;;3;;;;
15/04/2021;20:00:00;239;ASV - Acidente SEM Vítima;568;BR-324/BA;Oeste;Queda de Moto;;;;1;;;;;;;2;;;;
15/04/2021;21:19:00;250;ASV - Acidente SEM Vítima;428,8;BR-116/BA;Sul;Saida de Pista;1;;;;;;;;;;1;;;;
16/04/2021;02:48:00;12;ASV - Acidente SEM Vítima;623,7;BR-324/BA;Oeste;Saida de Pista;1;;;;;;;;;;1;;;;
16/04/2021;05:10:00;19;AV - Acidente com VITIMA;584;BR-116/BA;Sul;Saida de Pista;1;;;;;;;;;;1;1;;;
16/04/2021;07:34:00;60;ASV - Acidente SEM Vítima;611;BR-324/BA;Oeste;Colisão Traseira;1;;;;;;;;;1;2;;;;
16/04/2021;11:38:00;148;ASV - Acidente SEM Vítima;623;BR-324/BA;Oeste;Colisão Traseira;2;;;;;;;;;;2;;;;
16/04/2021;12:45:00;161;ASV - Acidente SEM Vítima;755,6;BR-116/BA;Norte;Colisão Lateral;;;;;;1;;;;1;2;;;;
16/04/2021;14:30:00;184;ASV - Acidente SEM Vítima;555;BR-324/BA;Leste;Colisão Traseira;;;2;;;;;;;;2;;;;
16/04/2021;15:54:00;202;ASV - Acidente SEM Vítima;581,3;BR-324/BA;Oeste;Saida de Pista;1;;;;;;;;;;1;;;;
16/04/2021;17:19:00;223;ASV - Acidente SEM Vítima;609;BR-324/BA;Oeste;Saida de Pista;1;;;;;;;;;;1;;;;
16/04/2021;17:55:00;230;ASV - Acidente SEM Vítima;609;BR-324/BA;Oeste;Engavetamento;3;;;;;;;;;;3;;;;
16/04/2021;18:53:00;243;ASV - Acidente SEM Vítima;612;BR-324/BA;Leste;Engavetamento;3;;;;;;;;;;6;;;;
16/04/2021;19:07:00;249;ASV - Acidente SEM Vítima;582,5;BR-116/BA;Sul;Saida de Pista;;;1;;;;;;;;3;;;;
16/04/2021;19:22:00;254;ASV - Acidente SEM Vítima;570,2;BR-116/BA;Sul;Saida de Pista;;;1;;;;;;;;1;;;;
16/04/2021;20:24:00;266;ASV - Acidente SEM Vítima;580;BR-116/BA;Norte;Colisão Lateral;;;;;;1;;;;1;3;;;;
16/04/2021;21:46:00;282;ASV - Acidente SEM Vítima;521;BR-324/BA;Oeste;Colisão Traseira;1;;;;;1;;;;;3;;;;
17/04/2021;05:27:00;29;ASV - Acidente SEM Vítima;438;BR-116/BA;Norte;Colisão Traseira;;;2;;;;;;;;2;;;;
17/04/2021;06:31:00;40;AV - Acidente com VITIMA;620,8;BR-324/BA;Leste;Engavetamento;2;;;;;;;;;1;3;1;;;
17/04/2021;07:33:00;63;ASV - Acidente SEM Vítima;759;BR-116/BA;Sul;Atropelamento de Animal;;;1;;;;;;;;1;;;;
17/04/2021;13:00:00;168;ASV - Acidente SEM Vítima;530;BR-324/BA;Leste;Colisão Traseira;1;;;;;;;;;1;2;;;;
17/04/2021;13:15:00;172;ASV - Acidente SEM Vítima;530;BR-324/BA;Oeste;Choque Contra Objeto Fixo;1;;;;;;;;;;1;;;;
17/04/2021;14:58:00;202;ASV - Acidente SEM Vítima;571;BR-324/BA;Leste;Saida de Pista;1;;;;;;;;;;3;;;;
17/04/2021;16:03:00;220;AV - Acidente com VITIMA;558;BR-324/BA;Oeste;Saida de Pista;;;1;;;;;;;;0;1;;;
17/04/2021;17:54:00;244;AV - Acidente com VITIMA;522;BR-324/BA;Oeste;Colisão Traseira;;;;1;;1;;;;;0;;2;;
17/04/2021;18:54:00;256;AV - Acidente com VITIMA;20;BR-116/BA - Cont VC;Sul;Atropelamento de Animal;;;;1;;;;;;;0;;;1;
17/04/2021;19:07:00;259;AF - Acidente com Vitima Fatal;887,2;BR-116/BA;Sul;Colisão Frontal;1;;;1;;;;;;;0;2;;;1
17/04/2021;19:21:00;263;ASV - Acidente SEM Vítima;20,2;BR-116/BA - Cont VC;Norte;Atropelamento de Animal;;;1;;;;;;;;1;;;;
17/04/2021;19:37:00;269;AF - Acidente com Vitima Fatal;900,4;BR-116/BA;Norte;Colisão Frontal;;;;2;;;;;;;0;1;;;1
18/04/2021;04:45:00;32;ASV - Acidente SEM Vítima;582,5;BR-324/BA;Leste;Saida de Pista;1;;;;;;;;;;1;;;;
18/04/2021;10:46:00;120;ASV - Acidente SEM Vítima;547;BR-116/BA;Norte;Colisão Traseira;;;2;;;;;;;;2;;;;
18/04/2021;11:27:00;137;ASV - Acidente SEM Vítima;655,5;BR-116/BA;Sul;Engavetamento;;;3;;;;;;;;3;;;;
18/04/2021;18:30:00;225;ASV - Acidente SEM Vítima;821;BR-116/BA;Norte;Colisão Traseira;1;;;;;1;;;;;2;;;;
19/04/2021;00:57:00;11;ASV - Acidente SEM Vítima;554,3;BR-324/BA;Leste;Saida de Pista;1;;;;;;;;;;1;;;;
19/04/2021;10:54:00;160;ASV - Acidente SEM Vítima;619,2;BR-324/BA;Oeste;Engavetamento;4;;;;;;;;;;4;;;;
19/04/2021;13:46:00;213;ASV - Acidente SEM Vítima;598;BR-324/BA;Leste;Saida de Pista;1;;;;;;;;;;2;;;;
19/04/2021;15:34:00;262;ASV - Acidente SEM Vítima;580;BR-324/BA;Oeste;Colisão Traseira;;;1;;1;;;;;;2;;;;