data;horario;n_da_ocorrencia;tipo_de_ocorrencia;km;trecho;sentido;tipo_de_acidente;automovel;bicicleta;caminhao;moto;onibus;outros;tracao_animal;transporte_de_cargas_especiais;trator_maquinas;utilitarios;ilesos;levemente_feridos;moderadamente_feridos;gravemente_feridos;mortos
19/04/2021;16:12:00;283;AV - Acidente com VITIMA;9;BR-116/BA - Cont VC;Norte;Queda de Moto;;;;1;;;;;;;0;1;;;
19/04/2021;16:37:00;296;ASV - Acidente SEM Vítima;427;BR-116/BA;Sul;Colisão Lateral;1;;;;;1;;;;;3;;;;
19/04/2021;17:29:00;315;AV - Acidente com VITIMA;525;BR-324/BA;Oeste;Queda de Moto;;;;1;;;;;;;1;;1;;
19/04/2021;17:32:00;316;AV - Acidente com VITIMA;620;BR-324/BA;Leste;Colisão Lateral;;;;1;;1;;;;;1;1;;;
19/04/2021;22:45:00;369;ASV - Acidente SEM Vítima;605;BR-324/BA;Leste;Capotamento;1;;;;;;;;;;5;;;;
20/04/2021;01:46:00;4;AF - Acidente com Vitima Fatal;603;BR-324/BA;Leste;Atropelamento de Pedestre;;;;;;1;;;;;1;;;;1
20/04/2021;06:48:00;36;ASV - Acidente SEM Vítima;436,2;BR-116/BA;Norte;Colisão Lateral;1;;;;;1;;;;;3;;;;
20/04/2021;08:14:00;69;AV - Acidente com VITIMA;519,4;BR-324/BA;Leste;Atropelamento de Pedestre;;;;;;1;;;;;1;;;1;
20/04/2021;11:59:00;143;ASV - Acidente SEM Vítima;518;BR-324/BA;Oeste;Engavetamento;4;;;;;;;;;;4;;;;
20/04/2021;12:21:00;152;ASV - Acidente SEM Vítima;609;BR-116/BA;Sul;Saida de Pista;1;;;;;;;;;;1;;;;
20/04/2021;12:38:00;160;ASV - Acidente SEM Vítima;530;BR-324/BA;Oeste;Saida de Pista;1;;;;;;;;;;1;;;;
20/04/2021;13:51:00;181;ASV - Acidente SEM Vítima;574;BR-324/BA;Leste;Saida de Pista;1;;;;;;;;;;1;;;;
20/04/2021;17:35:00;243;ASV - Acidente SEM Vítima;560;BR-324/BA;Oeste;Saida de Pista;;;;;;;;;;1;4;;;;
20/04/2021;20:01:00;271;AV - Acidente com VITIMA;595;BR-324/BA;Oeste;Atropelamento de Pedestre;;;;;;1;;;;;1;;;1;
20/04/2021;20:39:00;283;AV - Acidente com VITIMA;623,7;BR-324/BA;Leste;Colisão Traseira;1;;;;1;;;;;;3;1;;;
20/04/2021;22:27:00;304;ASV - Acidente SEM Vítima;617;BR-324/BA;Leste;Colisão Traseira;2;;;;;;;;;;3;;;;
20/04/2021;23:25:00;310;ASV - Acidente SEM Vítima;585;BR-324/BA;Leste;Saida de Pista;;;;;;;;;;1;1;;;;
21/04/2021;09:31:00;87;AV - Acidente com VITIMA;584;BR-116/BA;Sul;Saida de Pista;;;1;;;;;;;;0;1;;;
21/04/2021;12:54:00;133;ASV - Acidente SEM Vítima;614,8;BR-116/BA;Sul;Saida de Pista;;;1;;;;;;;;1;;;;
21/04/2021;15:15:00;175;ASV - Acidente SEM Vítima;556;BR-324/BA;Leste;Saida de Pista;1;;;;;;;;;;3;;;;
21/04/2021;15:40:00;184;ASV - Acidente SEM Vítima;543;BR-324/BA;Oeste;Saida de Pista;1;;;;;;;;;;1;;;;
21/04/2021;17:15:00;213;ASV - Acidente SEM Vítima;581,501;BR-116/BA;Sul;Colisão Lateral;;;2;;;;;;;;2;;;;
21/04/2021;18:13:00;220;ASV - Acidente SEM Vítima;430;BR-116/BA;Sul;Atropelamento de Animal;1;;;;;;;;;;1;;;;
21/04/2021;19:48:00;242;ASV - Acidente SEM Vítima;580,4;BR-324/BA;Leste;Saida de Pista;;;1;;;;;;;;1;;;;
22/04/2021;07:00:00;46;ASV - Acidente SEM Vítima;553;BR-324/BA;Oeste;Saida de Pista;;;;;;;;;;1;1;;;;
22/04/2021;10:31:00;135;ASV - Acidente SEM Vítima;619;BR-324/BA;Oeste;Colisão Transversal;;;1;;1;;;;;;2;;;;
22/04/2021;16:39:00;276;ASV - Acidente SEM Vítima;603;BR-324/BA;Oeste;Colisão Traseira;;;;;;;;;;2;2;;;;
22/04/2021;16:50:00;278;ASV - Acidente SEM Vítima;602,8;BR-324/BA;Oeste;Atropelamento de Animal;1;;;;;;;;;;3;;;;
22/04/2021;18:02:00;287;ASV - Acidente SEM Vítima;648,5;BR-116/BA;Sul;Saida de Pista;;;1;;;;;;;;1;;;;
22/04/2021;18:33:00;297;AF - Acidente com Vitima Fatal;604;BR-324/BA;Oeste;Atropelamento de Pedestre;1;;;;;;;;;;2;;;;1
22/04/2021;21:20:00;319;ASV - Acidente SEM Vítima;777;BR-116/BA;Sul;Colisão Transversal;;;1;;;;;;;1;2;;;;
23/04/2021;12:13:00;140;ASV - Acidente SEM Vítima;777;BR-116/BA;Norte;Colisão Transversal;1;;;;;;;;;1;3;;;;
23/04/2021;13:14:00;151;ASV - Acidente SEM Vítima;639;BR-116/BA;Norte;Saida de Pista;;;1;;;;;;;;1;;;;
23/04/2021;13:50:00;165;AF - Acidente com Vitima Fatal;520,3;BR-324/BA;Leste;Atropelamento - Ciclista;1;;;;;1;;;;;1;;;;1
23/04/2021;18:12:00;259;AV - Acidente com VITIMA;0,8;BR-116/BA - Cont VC;Norte;Colisão Transversal;1;;;1;;;;;;;1;;1;;
23/04/2021;19:31:00;281;ASV - Acidente SEM Vítima;561,8;BR-324/BA;Leste;Saida de Pista;1;;;;;;;;;;1;;;;
23/04/2021;21:20:00;303;ASV - Acidente SEM Vítima;1;BR-116/BA - ContSuFS;Norte;Colisão Traseira;2;;;;;;;;;;2;;;;
23/04/2021;22:00:00;309;AV - Acidente com VITIMA;11,7;BR-116/BA - Cont VC;Sul;Colisão Transversal;;;;1;1;;;;;;2;1;;;
23/04/2021;22:19:00;317;AV - Acidente com VITIMA;518;BR-324/BA;Oeste;Atropelamento - Ciclista;;;;;;1;;;;;1;;1;;
24/04/2021;01:28:00;5;AF - Acidente com Vitima Fatal;460,1;BR-116/BA;Norte;Queda de Moto;;;;1;;;;;;;0;;;;1
24/04/2021;13:41:00;120;AV - Acidente com VITIMA;8;BA-526;Norte;Queda de Moto;;;;1;;;;;;;0;;1;;
24/04/2021;21:57:00;199;AV - Acidente com VITIMA;747,8;BR-116/BA;Norte;Queda de Moto;;;;1;;;;;;;0;;1;;
24/04/2021;22:00:00;201;AV - Acidente com VITIMA;728,1;BR-116/BA;Sul;Queda de Moto;;;;1;;;;;;;0;;1;;
25/04/2021;03:18:00;11;ASV - Acidente SEM Vítima;485;BR-116/BA;Norte;Saida de Pista;1;;;;;;;;;;2;;;;
25/04/2021;05:52:00;21;AV - Acidente com VITIMA;623;BR-324/BA;Leste;Saida de Pista;;;;1;;;;;;;0;;1;;
25/04/2021;12:33:00;129;AV - Acidente com VITIMA;18,4;BR-116/BA - Cont VC;Norte;Colisão Transversal;2;;;;;;;;;;2;1;1;;
25/04/2021;14:23:00;152;ASV - Acidente SEM Vítima;596;BR-324/BA;Oeste;Saida de Pista;1;;;;;;;;;;1;;;;
25/04/2021;18:24:00;210;ASV - Acidente SEM Vítima;614;BR-324/BA;Oeste;Capotamento;1;;;;;;;;;;1;;;;
26/04/2021;07:41:00;82;ASV - Acidente SEM Vítima;582;BR-116/BA;Norte;Saida de Pista;1;;;;;;;;;;1;;;;
26/04/2021;11:37:00;190;ASV - Acidente SEM Vítima;861;BR-116/BA;Sul;Colisão Lateral;1;;1;;;;;;;;3;;;;
26/04/2021;11:38:00;191;ASV - Acidente SEM Vítima;461;BR-116/BA;Norte;Colisão Lateral;1;;1;;;;;;;;2;;;;
26/04/2021;14:52:00;259;A PP - Acidente envolvendo Produto Perigoso;597,3;BR-116/BA;Sul;Colisão Traseira;;;2;;;;;;;;2;;;;
26/04/2021;17:23:00;303;ASV - Acidente SEM Vítima;614;BR-324/BA;Oeste;Engavetamento;3;;;;;;;;;1;11;;;;
26/04/2021;20:29:00;330;ASV - Acidente SEM Vítima;617;BR-324/BA;Leste;Saida de Pista;1;;;;;;;;;;1;;;;
27/04/2021;02:52:00;12;ASV - Acidente SEM Vítima;622,25;BR-324/BA;Oeste;Saida de Pista;1;;;;;;;;;;1;;;;
27/04/2021;06:52:00;51;AV - Acidente com VITIMA;562;BR-324/BA;Oeste;Colisão Traseira;;;1;1;;;;;;;0;1;1;;
27/04/2021;09:44:00;154;ASV - Acidente SEM Vítima;616,8;BR-324/BA;Leste;Colisão Traseira;2;;;;;;;;;;4;;;;
27/04/2021;16:07:00;269;ASV - Acidente SEM Vítima;576;BR-324/BA;Leste;Colisão Traseira;;;1;1;;;;;;;2;;;;
27/04/2021;18:45:00;318;AV - Acidente com VITIMA;765;BR-116/BA;Sul;Saida de Pista;1;;;;;;;;;;0;1;;;
28/04/2021;05:19:00;27;ASV - Acidente SEM Vítima;600;BR-324/BA;Oeste;Saida de Pista;1;;;;;;;;;;1;;;;
28/04/2021;06:56:00;57;ASV - Acidente SEM Vítima;622;BR-324/BA;Leste;Engavetamento;3;;;;;;;;;;5;;;;
28/04/2021;10:54:00;168;ASV - Acidente SEM Vítima;536;BR-324/BA;Oeste;Saida de Pista;1;;;;;;;;;;1;;;;
28/04/2021;15:52:00;262;ASV - Acidente SEM Vítima;546;BR-324/BA;Oeste;Colisão Traseira;1;;1;;;;;;;;2;;;;
28/04/2021;16:37:00;274;ASV - Acidente SEM Vítima;558;BR-324/BA;Oeste;Saida de Pista;1;;;;;;;;;;1;;;;
28/04/2021;19:45:00;318;ASV - Acidente SEM Vítima;495;BR-116/BA;Norte;Saida de Pista;1;;;;;;;;;;1;;;;
29/04/2021;01:42:00;11;AV - Acidente com VITIMA;712;BR-116/BA;Norte;Saida de Pista;1;;;;;;;;;;1;1;;;
29/04/2021;06:30:00;31;ASV - Acidente SEM Vítima;546,3;BR-324/BA;Oeste;Saida de Pista;1;;;;;;;;;;3;;;;
29/04/2021;09:49:00;115;ASV - Acidente SEM Vítima;530;BR-324/BA;Oeste;Saida de Pista;;;1;;;;;;;;1;;;;
29/04/2021;19:40:00;271;ASV - Acidente SEM Vítima;612;BR-324/BA;Leste;Engavetamento;3;;;;;;;;;;3;;;;
30/04/2021;05:18:00;27;ASV - Acidente SEM Vítima;811,5;BR-116/BA;Norte;Colisão Traseira;1;;;;;;;;;;1;;;;
30/04/2021;05:46:00;28;AF - Acidente com Vitima Fatal;446,5;BR-116/BA;Norte;Atropelamento de Pedestre;;;;1;;;;;;;0;1;1;;1
30/04/2021;08:29:00;107;ASV - Acidente SEM Vítima;917;BR-116/BA;Norte;Engavetamento;;;3;;;;;;;;3;;;;
30/04/2021;08:36:00;110;ASV - Acidente SEM Vítima;615;BR-324/BA;Leste;Engavetamento;2;;1;;;;;;;;3;;;;
30/04/2021;10:48:00;138;AV - Acidente com VITIMA;520,5;BR-324/BA;Oeste;Colisão Traseira;;;2;;;;;;;;2;1;;;
30/04/2021;12:02:00;151;AV - Acidente com VITIMA;622;BR-324/BA;Oeste;Colisão Traseira;;;;1;;;;;;1;1;1;;;
30/04/2021;14:24:00;185;ASV - Acidente SEM Vítima;871,701;BR-116/BA;Sul;Colisão Traseira;;;2;;;;;;;;2;;;;
30/04/2021;16:24:00;223;ASV - Acidente SEM Vítima;612;BR-324/BA;Leste;Engavetamento;5;;;;;;;;;;5;;;;
30/04/2021;17:07:00;235;ASV - Acidente SEM Vítima;478;BR-116/BA;Sul;Saida de Pista;1;;;;;;;;;;1;;;;
30/04/2021;18:37:00;264;AV - Acidente com VITIMA;582;BR-324/BA;Leste;Saida de Pista;;;1;;;;;;;;0;1;;;
30/04/2021;18:58:00;272;ASV - Acidente SEM Vítima;573;BR-324/BA;Leste;Saida de Pista;1;;;;;;;;;;1;;;;
30/04/2021;22:53:00;312;AF - Acidente com Vitima Fatal;6;BR-116/BA - ContSuFS;Sul;Atropelamento de Pedestre;;;;;;1;;;;;1;;;;1
01/05/2021;05:53:00;19;ASV - Acidente SEM Vítima;3,4;BR-116/BA - Cont VC;Norte;Colisão Transversal;1;;;;;;;;;1;4;;;;
01/05/2021;07:29:00;39;AV - Acidente com VITIMA;546;BR-324/BA;Oeste;Colisão Traseira;2;;;;;;;;;;2;;1;1;
01/05/2021;16:42:00;148;ASV - Acidente SEM Vítima;623;BR-324/BA;Leste;Choque Contra Objeto Fixo;1;;;;;;;;;;2;;;;
01/05/2021;16:48:00;152;ASV - Acidente SEM Vítima;783;BR-116/BA;Sul;Saida de Pista;;;;;;;;;;1;1;;;;
01/05/2021;17:59:00;168;A PP - Acidente envolvendo Produto Perigoso;644;BR-116/BA;Sul;Sequência;;;4;;;;;;;;4;;;;
01/05/2021;21:15:00;182;AF - Acidente com Vitima Fatal;521,8;BR-324/BA;Leste;Sequência;2;;;1;;;;;;;2;;;;1
02/05/2021;00:35:00;6;ASV - Acidente SEM Vítima;521,8;BR-324/BA;Oeste;Colisão Traseira;;;2;;;;;;;;2;;;;
02/05/2021;01:09:00;11;ASV - Acidente SEM Vítima;579,8;BR-324/BA;Oeste;Saida de Pista;1;;;;;;;;;;1;;;;
02/05/2021;11:05:00;75;ASV - Acidente SEM Vítima;921;BR-116/BA;Sul;Colisão Lateral;;;1;;;;;;;1;3;;;;
02/05/2021;13:13:00;99;AV - Acidente com VITIMA;670;BR-116/BA;Norte;Colisão Transversal;;;1;1;;;;;;;1;;1;;
02/05/2021;16:56:00;154;AV - Acidente com VITIMA;812;BR-116/BA;Norte;Colisão Traseira;1;;;1;;;;;;;1;2;;;
02/05/2021;18:40:00;180;AV - Acidente com VITIMA;1;BR-116/BA - ContSuFS;Norte;Sequência;3;;;;;;;;;;6;1;;;
02/05/2021;19:12:00;185;ASV - Acidente SEM Vítima;606;BR-324/BA;Leste;Sequência;1;;;1;;;;;;;2;;;;
02/05/2021;19:18:00;187;ASV - Acidente SEM Vítima;26,2;BR-116/BA - Cont VC;Sul;Atropelamento de Animal;1;;;;;;;;;;1;;;;
02/05/2021;20:21:00;196;ASV - Acidente SEM Vítima;623,4;BR-324/BA;Oeste;Saida de Pista;1;;;;;;;;;;3;;;;
03/05/2021;05:23:00;24;ASV - Acidente SEM Vítima;773,2;BR-116/BA;Sul;Colisão Traseira;1;;1;;;;;;;;5;;;;
03/05/2021;08:01:00;96;ASV - Acidente SEM Vítima;558;BR-324/BA;Leste;Saida de Pista;;;1;;;;;;;;1;;;;
03/05/2021;08:26:00;105;ASV - Acidente SEM Vítima;610,8;BR-324/BA;Leste;Colisão Traseira;1;;;;;;;;;1;8;;;;
03/05/2021;09:18:00;133;AV - Acidente com VITIMA;565;BR-324/BA;Leste;Saida de Pista;;;1;;;;;;;;0;1;;;
03/05/2021;11:37:00;174;ASV - Acidente SEM Vítima;565,6;BR-324/BA;Oeste;Saida de Pista;1;;;;;;;;;;1;;;;
03/05/2021;16:08:00;231;ASV - Acidente SEM Vítima;518;BR-324/BA;Oeste;Colisão Lateral;1;;1;;;;;;;;2;;;;
03/05/2021;16:40:00;235;ASV - Acidente SEM Vítima;535;BR-324/BA;Oeste;Colisão Lateral;;;;;;;;;;1;1;;;;
03/05/2021;17:45:00;249;ASV - Acidente SEM Vítima;524;BR-116/BA;Norte;Colisão Lateral;;;2;;;;;;;;2;;;;
03/05/2021;17:47:00;251;ASV - Acidente SEM Vítima;624;BR-324/BA;Oeste;Engavetamento;3;;;;;;;;;;3;;;;
03/05/2021;18:42:00;259;ASV - Acidente SEM Vítima;591;BR-324/BA;Leste;Saida de Pista;1;;;;;;;;;;1;;;;
04/05/2021;01:07:00;6;ASV - Acidente SEM Vítima;606,9;BR-324/BA;Leste;Colisão Traseira;1;;;;;1;;;;;2;;;;
04/05/2021;11:45:00;171;ASV - Acidente SEM Vítima;574,5;BR-324/BA;Oeste;Saida de Pista;1;;;;;;;;;;1;;;;
04/05/2021;12:01:00;176;AV - Acidente com VITIMA;714;BR-116/BA;Norte;Saida de Pista;1;;;;;;;;;;1;;1;;
04/05/2021;12:28:00;185;ASV - Acidente SEM Vítima;584,3;BR-324/BA;Leste;Saida de Pista;1;;;;;;;;;;4;;;;
04/05/2021;12:57:00;190;ASV - Acidente SEM Vítima;622;BR-324/BA;Oeste;Colisão Traseira;2;;;;;1;;;;;3;;;;
04/05/2021;14:28:00;204;ASV - Acidente SEM Vítima;575;BR-324/BA;Leste;Sequência;1;;;;;1;;;;2;4;;;;
04/05/2021;16:12:00;236;AV - Acidente com VITIMA;835;BR-116/BA;Sul;Colisão Transversal;1;;1;;;;;;;;1;1;;;
04/05/2021;17:45:00;256;ASV - Acidente SEM Vítima;522;BR-324/BA;Oeste;Colisão Traseira;1;;;;;;;;;1;7;;;;
04/05/2021;18:37:00;267;ASV - Acidente SEM Vítima;520;BR-116/BA;Norte;Colisão Transversal;1;;1;;;;;;;;2;;;;
04/05/2021;20:11:00;286;ASV - Acidente SEM Vítima;556;BR-324/BA;Leste;Saida de Pista;1;;;;;;;;;;4;;;;
05/05/2021;11:06:00;133;ASV - Acidente SEM Vítima;523;BR-116/BA;Norte;Colisão Traseira;1;;;;;1;;;;;5;;;;
05/05/2021;13:43:00;192;ASV - Acidente SEM Vítima;777;BR-116/BA;Norte;Colisão Traseira;;;1;;;;;;;1;2;;;;
05/05/2021;14:46:00;216;AV - Acidente com VITIMA;619;BR-324/BA;Leste;Queda de Moto;;;;1;;;;;;;1;1;;;
05/05/2021;22:47:00;318;ASV - Acidente SEM Vítima;5;BR-116/BA - Cont VC;Norte;Saida de Pista;;;;;;;;;;1;1;;;;
06/05/2021;06:27:00;34;AV - Acidente com VITIMA;465;BR-116/BA;Norte;Atropelamento - Ciclista;;;1;;;;;;;;1;;1;;
06/05/2021;07:43:00;68;ASV - Acidente SEM Vítima;602;BR-324/BA;Oeste;Capotamento;1;;;;;;;;;;1;;;;
06/05/2021;09:43:00;131;ASV - Acidente SEM Vítima;543;BR-324/BA;Oeste;Saida de Pista;1;;;;;;;;;;1;;;;
06/05/2021;10:27:00;142;ASV - Acidente SEM Vítima;546,6;BR-324/BA;Oeste;Saida de Pista;1;;;;;;;;;;1;;;;
06/05/2021;11:23:00;167;ASV - Acidente SEM Vítima;599;BR-324/BA;Leste;Colisão Traseira;1;;1;;;;;;;;2;;;;
06/05/2021;12:51:00;183;ASV - Acidente SEM Vítima;466,001;BR-116/BA;Norte;Colisão Traseira;1;;;;;;;;;;1;;;;
06/05/2021;14:14:00;202;AV - Acidente com VITIMA;543;BR-324/BA;Oeste;Queda de Moto;;;;1;;;;;;;0;1;;;
06/05/2021;18:10:00;275;ASV - Acidente SEM Vítima;519;BR-324/BA;Oeste;Sequência;2;;;;;;;;;1;3;;;;
06/05/2021;19:08:00;286;ASV - Acidente SEM Vítima;614;BR-324/BA;Leste;Capotamento;1;;;;;;;;;;1;;;;
07/05/2021;04:17:00;14;ASV - Acidente SEM Vítima;485,05;BR-116/BA;Norte;Saida de Pista;1;;;;;;;;;;5;;;;
07/05/2021;05:20:00;19;ASV - Acidente SEM Vítima;644,3;BR-116/BA;Sul;Saida de Pista;;;1;;;;;;;;1;;;;
07/05/2021;07:31:00;55;ASV - Acidente SEM Vítima;483;BR-116/BA;Norte;Colisão Traseira;2;;;;;;;;;;4;;;;
07/05/2021;08:58:00;86;ASV - Acidente SEM Vítima;619;BR-324/BA;Leste;Colisão Traseira;2;;;;;;;;;;3;;;;
07/05/2021;09:08:00;87;ASV - Acidente SEM Vítima;511;BR-116/BA;Sul;Saida de Pista;1;;;;;;;;;;2;;;;
07/05/2021;10:08:00;109;ASV - Acidente SEM Vítima;632;BR-116/BA;Norte;Colisão Transversal;1;;;1;;;;;;;6;;;;
07/05/2021;13:23:00;144;AV - Acidente com VITIMA;551;BR-324/BA;Oeste;Colisão Traseira;1;;2;;;1;;;;;3;;1;;
07/05/2021;17:25:00;211;AV - Acidente com VITIMA;13;BR-116/BA - Cont VC;Norte;Colisão Transversal;;;;1;;;;;;1;2;1;;;
07/05/2021;17:48:00;217;AV - Acidente com VITIMA;520;BR-324/BA;Oeste;Queda de Moto;;;;1;;;;;;;0;;;1;
07/05/2021;18:04:00;224;ASV - Acidente SEM Vítima;609;BR-324/BA;Oeste;Colisão Traseira;2;;;;;;;;;;2;;;;
07/05/2021;18:11:00;227;ASV - Acidente SEM Vítima;547,6;BR-324/BA;Oeste;Colisão Traseira;2;;;;;;;;;;2;;;;
07/05/2021;18:18:00;229;ASV - Acidente SEM Vítima;520;BR-324/BA;Leste;Engavetamento;3;;;;;;;;;;8;;;;
07/05/2021;19:06:00;238;ASV - Acidente SEM Vítima;548;BR-324/BA;Oeste;Engavetamento;2;;2;;;;;;;1;5;;;;
07/05/2021;19:30:00;248;AV - Acidente com VITIMA;625;BR-324/BA;Oeste;Engavetamento;;;;1;;2;;;;;2;;1;;
07/05/2021;20:43:00;257;ASV - Acidente SEM Vítima;427,2;BR-116/BA;Norte;Saida de Pista;1;;;;;;;;;;1;;;;
07/05/2021;22:41:00;269;AV - Acidente com VITIMA;556,5;BR-324/BA;Leste;Saida de Pista;;;;;;;;;;1;1;2;;;
07/05/2021;23:10:00;273;AV - Acidente com VITIMA;9,3;BA-526;Sul;Sequência;2;;;1;;;;;;;2;;;1;
08/05/2021;01:43:00;10;ASV - Acidente SEM Vítima;591,2;BR-324/BA;Leste;Saida de Pista;;;1;;;;;;;;1;;;;
08/05/2021;04:10:00;26;AV - Acidente com VITIMA;849;BR-116/BA;Sul;Colisão Frontal;1;;1;;;;;;;;0;2;1;;
08/05/2021;04:39:00;28;ASV - Acidente SEM Vítima;508,6;BR-116/BA;Sul;Saida de Pista;;;1;;;;;;;;1;;;;
08/05/2021;06:04:00;40;AV - Acidente com VITIMA;630;BR-116/BA;Norte;Colisão Traseira;1;;;;;;;;;;0;2;;;
08/05/2021;07:59:00;62;ASV - Acidente SEM Vítima;508,6;BR-116/BA;Sul;Colisão Frontal;1;;1;;;;;;;;2;;;;
08/05/2021;11:36:00;103;ASV - Acidente SEM Vítima;520,8;BR-324/BA;Oeste;Engavetamento;2;;;;;;;;;1;5;;;;
08/05/2021;12:29:00;115;AV - Acidente com VITIMA;521,002;BR-324/BA;Oeste;Colisão Traseira;1;;;1;;;;;;;2;;1;;
08/05/2021;14:27:00;141;AV - Acidente com VITIMA;518;BR-324/BA;Oeste;Colisão Traseira;;;1;1;;;;;;;1;;;1;
08/05/2021;16:47:00;179;ASV - Acidente SEM Vítima;575,6;BR-324/BA;Oeste;Saida de Pista;1;;;;;;;;;;2;;;;
09/05/2021;01:14:00;5;AV - Acidente com VITIMA;465;BR-116/BA;Sul;Queda de Moto;;;;1;;;;;;;0;;1;;
09/05/2021;06:54:00;26;ASV - Acidente SEM Vítima;518;BR-324/BA;Oeste;Saida de Pista;1;;;;;;;;;;1;;;;
09/05/2021;07:29:00;29;ASV - Acidente SEM Vítima;611;BR-324/BA;Leste;Queda de Moto;;;;1;;;;;;;1;;;;
09/05/2021;07:34:00;31;ASV - Acidente SEM Vítima;593;BR-324/BA;Oeste;Engavetamento;4;;;;;;;;;;4;;;;
09/05/2021;07:43:00;33;ASV - Acidente SEM Vítima;560;BR-324/BA;Oeste;Choque Contra Objeto Fixo;1;;;;;;;;;;1;;;;
09/05/2021;10:44:00;66;ASV - Acidente SEM Vítima;522;BR-116/BA;Sul;Saida de Pista;1;;;;;;;;;;1;;;;
09/05/2021;12:58:00;83;ASV - Acidente SEM Vítima;529;BR-324/BA;Oeste;Saida de Pista;;;;;;;;;;1;1;;;;
09/05/2021;13:42:00;89;ASV - Acidente SEM Vítima;529;BR-324/BA;Oeste;Saida de Pista;1;;;;;;;;;;6;;;;
09/05/2021;14:14:00;97;AV - Acidente com VITIMA;464,9;BR-116/BA;Norte;Saida de Pista;1;;;;;;;;;;0;;2;;
09/05/2021;15:38:00;115;AV - Acidente com VITIMA;537;BR-324/BA;Oeste;Queda de Moto;;;;1;;;;;;;0;1;;;
09/05/2021;16:31:00;125;ASV - Acidente SEM Vítima;512;BR-116/BA;Norte;Colisão Lateral;1;;1;;;;;;;;2;;;;
09/05/2021;17:12:00;131;ASV - Acidente SEM Vítima;543;BR-324/BA;Oeste;Saida de Pista;1;;;;;;;;;;1;;;;
09/05/2021;17:37:00;141;ASV - Acidente SEM Vítima;15;BR-116/BA - Cont VC;Norte;Colisão Lateral;2;;;;;;;;;;2;;;;
09/05/2021;17:59:00;148;AV - Acidente com VITIMA;560;BR-324/BA;Oeste;Colisão Lateral;1;;;;;1;;;;;1;1;;;
09/05/2021;18:43:00;157;ASV - Acidente SEM Vítima;585;BR-324/BA;Leste;Colisão Traseira;2;;;;;;;;;;8;;;;
09/05/2021;18:56:00;159;ASV - Acidente SEM Vítima;583,3;BR-324/BA;Leste;Engavetamento;3;;;;;;;;;;11;;;;
09/05/2021;19:13:00;169;ASV - Acidente SEM Vítima;583,1;BR-324/BA;Leste;Engavetamento;3;;;;;;;;;;10;;;;
09/05/2021;19:53:00;171;AV - Acidente com VITIMA;453;BR-116/BA;Sul;Colisão Traseira;2;;;;;1;;;;;1;2;5;;
10/05/2021;01:35:00;12;AV - Acidente com VITIMA;669,8;BR-116/BA;Sul;Saida de Pista;;;1;;;;;;;;1;2;;;
10/05/2021;02:36:00;15;ASV - Acidente SEM Vítima;473,1;BR-116/BA;Sul;Saida de Pista;;;1;;;;;;;;1;;;;
10/05/2021;14:19:00;187;AV - Acidente com VITIMA;542;BR-116/BA;Sul;Queda de Moto;;;;1;;;;;;;0;2;;;
10/05/2021;14:59:00;200;ASV - Acidente SEM Vítima;560;BR-324/BA;Oeste;Saida de Pista;1;;;;;;;;;;1;;;;
10/05/2021;15:32:00;206;ASV - Acidente SEM Vítima;568;BR-324/BA;Oeste;Saida de Pista;1;;;;;;;;;;4;;;;
10/05/2021;16:52:00;219;ASV - Acidente SEM Vítima;452,001;BR-116/BA;Sul;Saida de Pista;1;;;;;;;;;;1;;;;
10/05/2021;18:43:00;246;ASV - Acidente SEM Vítima;625;BR-324/BA;Oeste;Engavetamento;3;;;;;;;;;;3;;;;
10/05/2021;20:33:00;268;ASV - Acidente SEM Vítima;740,8;BR-116/BA;Sul;Colisão Traseira;;;;;;1;;;;1;2;;;;
10/05/2021;22:15:00;284;ASV - Acidente SEM Vítima;594;BR-324/BA;Leste;Saida de Pista;1;;;;;;;;;;1;;;;
10/05/2021;23:33:00;295;ASV - Acidente SEM Vítima;623;BR-324/BA;Leste;Saida de Pista;1;;;;;;;;;;1;;;;
11/05/2021;06:42:00;36;ASV - Acidente SEM Vítima;580;BR-324/BA;Oeste;Saida de Pista;1;;;;;;;;;;1;;;;
11/05/2021;11:04:00;157;ASV - Acidente SEM Vítima;524;BR-324/BA;Oeste;Colisão Traseira;1;;1;;;;;;;;2;;;;
11/05/2021;16:41:00;277;ASV - Acidente SEM Vítima;639;BR-116/BA;Norte;Colisão Traseira;;;2;;;;;;;;2;;;;
11/05/2021;17:32:00;288;ASV - Acidente SEM Vítima;579;BR-324/BA;Leste;Colisão Lateral;;;;1;;1;;;;;2;;;;
11/05/2021;17:43:00;290;AV - Acidente com VITIMA;537;BR-324/BA;Leste;Colisão Traseira;1;;;1;;;;;;;3;1;;;
11/05/2021;17:58:00;295;AF - Acidente com Vitima Fatal;428,2;BR-116/BA;Sul;Atropelamento de Animal;;;;1;;1;;;;;1;;1;;1
11/05/2021;18:25:00;307;AV - Acidente com VITIMA;428,15;BR-116/BA;Sul;Queda de Moto;;;;1;;;;;;;0;1;;;