data;horario;n_da_ocorrencia;tipo_de_ocorrencia;km;trecho;sentido;tipo_de_acidente;automovel;bicicleta;caminhao;moto;onibus;outros;tracao_animal;transporte_de_cargas_especiais;trator_maquinas;utilitarios;ilesos;levemente_feridos;moderadamente_feridos;gravemente_feridos;mortos
11/05/2021;22:06:00;333;ASV - Acidente SEM Vítima;589;BR-324/BA;Leste;Saida de Pista;;;;;;;;;;1;1;;;;
12/05/2021;06:46:00;47;ASV - Acidente SEM Vítima;615,5;BR-324/BA;Leste;Colisão Traseira;2;;;;;;;;;;2;;;;
12/05/2021;12:28:00;157;ASV - Acidente SEM Vítima;599;BR-324/BA;Oeste;Colisão Lateral;1;;;;;1;;;;;2;;;;
12/05/2021;18:33:00;237;AV - Acidente com VITIMA;450;BR-116/BA;Sul;Capotamento;1;;;;;;;;;;1;;1;;
12/05/2021;22:15:00;262;ASV - Acidente SEM Vítima;602,5;BR-324/BA;Oeste;Saida de Pista;;;;;;;;;;1;2;;;;
13/05/2021;11:37:00;143;ASV - Acidente SEM Vítima;929;BR-116/BA;Sul;Colisão Traseira;;;2;;;;;;;;2;;;;
13/05/2021;13:37:00;178;ASV - Acidente SEM Vítima;587,7;BR-324/BA;Leste;Saida de Pista;1;;;;;;;;;;1;;;;
13/05/2021;15:39:00;208;ASV - Acidente SEM Vítima;599;BR-324/BA;Oeste;Colisão Lateral;1;;1;;;;;;;;2;;;;
13/05/2021;17:00:00;227;AV - Acidente com VITIMA;613,8;BR-324/BA;Oeste;Colisão Transversal;2;;;;;;;;;;1;1;;;
14/05/2021;02:12:00;8;ASV - Acidente SEM Vítima;757,5;BR-116/BA;Norte;Saida de Pista;;;1;;;;;;;;1;;;;
14/05/2021;03:14:00;10;AV - Acidente com VITIMA;585;BR-324/BA;Leste;Colisão Traseira;1;;;;;1;;;;;1;;1;;
14/05/2021;05:58:00;18;ASV - Acidente SEM Vítima;426,3;BR-116/BA;Norte;Colisão Lateral;2;;;;;;;;;;2;;;;
14/05/2021;07:26:00;70;AV - Acidente com VITIMA;579;BR-116/BA;Sul;Colisão Lateral;;;;;;1;;;;1;8;1;;;
14/05/2021;08:49:00;100;ASV - Acidente SEM Vítima;588;BR-324/BA;Oeste;Saida de Pista;1;;;;;;;;;;1;;;;
14/05/2021;12:11:00;162;ASV - Acidente SEM Vítima;14;BR-116/BA - Cont VC;Sul;Queda de Moto;;;;1;;;;;;;2;;;;
14/05/2021;12:44:00;170;ASV - Acidente SEM Vítima;537,001;BR-324/BA;Leste;Colisão Lateral;;;2;;;;;;;;2;;;;
14/05/2021;17:08:00;241;ASV - Acidente SEM Vítima;548;BR-324/BA;Oeste;Engavetamento;4;;;;;;;;;;7;;;;
14/05/2021;17:49:00;259;ASV - Acidente SEM Vítima;549;BR-324/BA;Oeste;Colisão Traseira;1;;;;;1;;;;;4;;;;
14/05/2021;18:33:00;267;ASV - Acidente SEM Vítima;615,2;BR-324/BA;Leste;Queda de Moto;;;;1;;;;;;;1;;;;
15/05/2021;01:04:00;9;AV - Acidente com VITIMA;556;BR-324/BA;Leste;Saida de Pista;1;;;;;;;;;;0;1;;;
15/05/2021;12:29:00;110;ASV - Acidente SEM Vítima;557;BR-324/BA;Oeste;Saida de Pista;;;1;;;;;;;;1;;;;
15/05/2021;17:26:00;180;AV - Acidente com VITIMA;5;BR-116/BA - ContSuFS;Sul;Colisão Traseira;1;;;1;;;;;;;1;1;;;
15/05/2021;23:35:00;241;ASV - Acidente SEM Vítima;530;BR-324/BA;Oeste;Saida de Pista;1;;;;;;;;;;2;;;;
16/05/2021;00:29:00;1;AV - Acidente com VITIMA;620,6;BR-324/BA;Leste;Atropelamento de Pedestre;;;;;;1;;;;;1;;1;;
16/05/2021;05:02:00;18;ASV - Acidente SEM Vítima;9,3;BA-526;Norte;Saida de Pista;1;;;;;;;;;;2;;;;
16/05/2021;06:17:00;25;ASV - Acidente SEM Vítima;561;BR-324/BA;Oeste;Saida de Pista;1;;;;;;;;;;1;;;;
16/05/2021;09:39:00;56;ASV - Acidente SEM Vítima;16;BR-116/BA - Cont VC;Norte;Colisão Lateral;1;;;;;;;;;;1;;;;
16/05/2021;10:29:00;67;AV - Acidente com VITIMA;462;BR-116/BA;Sul;Saida de Pista;;;;1;;;;;;;0;;1;;
16/05/2021;16:26:00;133;ASV - Acidente SEM Vítima;518;BR-324/BA;Leste;Colisão Traseira;1;;;1;;;;;;;2;;;;
16/05/2021;18:23:00;153;AF - Acidente com Vitima Fatal;426,9;BR-116/BA;Norte;Colisão Frontal;;;1;1;;;;;;;1;;;;1
16/05/2021;19:56:00;170;AV - Acidente com VITIMA;832;BR-116/BA;Sul;Atropelamento - Ciclista;;;;;;3;;;;;2;;1;;
16/05/2021;21:38:00;186;ASV - Acidente SEM Vítima;798;BR-116/BA;Norte;Queda de Moto;;;;1;;;;;;;2;;;;
16/05/2021;21:43:00;187;ASV - Acidente SEM Vítima;607;BR-324/BA;Leste;Colisão Traseira;1;;;;;2;;;;;6;;;;
17/05/2021;00:11:00;2;ASV - Acidente SEM Vítima;585;BR-324/BA;Leste;Tombamento;;;1;;;2;;;;;3;;;;
17/05/2021;05:07:00;26;ASV - Acidente SEM Vítima;718;BR-116/BA;Norte;Tombamento;;;1;;;;;;;;1;;;;
17/05/2021;05:49:00;29;ASV - Acidente SEM Vítima;575;BR-324/BA;Oeste;Saida de Pista;1;;;;;;;;;;1;;;;
17/05/2021;09:09:00;110;AV - Acidente com VITIMA;550,5;BR-116/BA;Norte;Queda de Moto;;;;1;;;;;;;1;1;;;
17/05/2021;14:01:00;170;AV - Acidente com VITIMA;811,5;BR-116/BA;Sul;Colisão Traseira;;;2;;;;;;;;1;1;;;
17/05/2021;15:33:00;187;ASV - Acidente SEM Vítima;652,3;BR-116/BA;Norte;Engavetamento;;;3;;;;;;;;3;;;;
17/05/2021;18:25:00;220;AV - Acidente com VITIMA;662;BR-116/BA;Sul;Saida de Pista;;;;;;;;;;1;2;1;;;
18/05/2021;05:03:00;12;ASV - Acidente SEM Vítima;609;BR-116/BA;Norte;Tombamento;;;1;;;;;;;;1;;;;
18/05/2021;09:18:00;89;ASV - Acidente SEM Vítima;594,5;BR-116/BA;Norte;Colisão Lateral;;;1;;;;;;;1;2;;;;
18/05/2021;18:33:00;237;ASV - Acidente SEM Vítima;625;BR-324/BA;Oeste;Sequência;1;;;1;;;;;;1;4;;;;
19/05/2021;10:25:00;135;AV - Acidente com VITIMA;613;BR-324/BA;Oeste;Colisão Lateral;;;;1;;;;;;1;2;;1;;
19/05/2021;11:53:00;169;ASV - Acidente SEM Vítima;573,5;BR-324/BA;Leste;Saida de Pista;1;;;;;;;;;;1;;;;
19/05/2021;13:26:00;197;AV - Acidente com VITIMA;859,4;BR-116/BA;Sul;Atropelamento de Pedestre;;;1;;;;;;;;1;;1;;
19/05/2021;18:13:00;258;ASV - Acidente SEM Vítima;612,6;BR-324/BA;Leste;Colisão Traseira;2;;;;;;;;;;2;;;;
19/05/2021;18:20:00;261;ASV - Acidente SEM Vítima;614;BR-324/BA;Leste;Colisão Traseira;;;;;;1;;;;1;2;;;;
20/05/2021;00:21:00;3;ASV - Acidente SEM Vítima;583,15;BR-324/BA;Leste;Saida de Pista;;;;;;;;;;1;2;;;;
20/05/2021;07:37:00;58;ASV - Acidente SEM Vítima;609,7;BR-324/BA;Oeste;Engavetamento;3;;;;;;;;;;4;;;;
20/05/2021;07:55:00;65;ASV - Acidente SEM Vítima;624;BR-324/BA;Leste;Queda de Moto;;;;1;;;;;;;1;;;;
20/05/2021;16:20:00;207;AF - Acidente com Vitima Fatal;538;BR-324/BA;Leste;Sequência;;;1;;1;;;;;;1;1;1;;1
20/05/2021;17:48:00;217;ASV - Acidente SEM Vítima;552;BR-324/BA;Oeste;Saida de Pista;;;1;;;;;;;;1;;;;
20/05/2021;18:20:00;224;ASV - Acidente SEM Vítima;534;BR-324/BA;Leste;Engavetamento;3;;;;;;;;;;3;;;;
20/05/2021;19:18:00;228;AV - Acidente com VITIMA;625;BR-324/BA;Oeste;Colisão Traseira;1;;;1;;;;;;;1;2;;;
21/05/2021;03:50:00;10;ASV - Acidente SEM Vítima;467;BR-116/BA;Norte;Saida de Pista;;;1;;;;;;;;1;;;;
21/05/2021;04:58:00;14;ASV - Acidente SEM Vítima;585;BR-324/BA;Leste;Saida de Pista;;;1;;;;;;;;1;;;;
21/05/2021;06:24:00;21;ASV - Acidente SEM Vítima;566;BR-324/BA;Leste;Colisão Lateral;1;;1;;;;;;;;2;;;;
21/05/2021;08:01:00;67;ASV - Acidente SEM Vítima;448;BR-116/BA;Norte;Colisão Frontal;1;;;;;;;;;1;2;;;;
21/05/2021;08:39:00;82;AV - Acidente com VITIMA;828;BR-116/BA;Sul;Queda de Moto;;;;1;;;;;;;0;1;;;
21/05/2021;10:02:00;118;AV - Acidente com VITIMA;618;BR-324/BA;Leste;Colisão Traseira;1;;;1;;;;;;;1;;1;;
21/05/2021;14:19:00;188;AV - Acidente com VITIMA;652;BR-116/BA;Norte;Colisão Lateral;2;;;;;;;;;;0;2;1;;
21/05/2021;16:34:00;225;ASV - Acidente SEM Vítima;614,9;BR-324/BA;Leste;Engavetamento;2;;1;;;;;;;;6;;;;
21/05/2021;17:54:00;246;ASV - Acidente SEM Vítima;704;BR-116/BA;Norte;Sequência;1;;2;;;;;;;;3;;;;
21/05/2021;20:34:00;283;AV - Acidente com VITIMA;491;BR-116/BA;Sul;Saida de Pista;1;;;;;;;;;;0;;1;;
21/05/2021;20:45:00;285;ASV - Acidente SEM Vítima;538;BR-324/BA;Oeste;Saida de Pista;1;;;;;;;;;;1;;;;
22/05/2021;06:54:00;29;ASV - Acidente SEM Vítima;643;BR-116/BA;Norte;Engavetamento;;;3;;;;;;;;3;;;;
22/05/2021;08:39:00;63;AV - Acidente com VITIMA;536;BR-324/BA;Oeste;Colisão Lateral;1;;;;;1;;;;;1;;;1;
22/05/2021;13:13:00;140;AF - Acidente com Vitima Fatal;736;BR-116/BA;Norte;Tombamento;;;1;;;;;;;;1;;;;1
22/05/2021;15:39:00;174;AF - Acidente com Vitima Fatal;806;BR-116/BA;Sul;Colisão Lateral;1;;2;;;;;;;;2;;;;1
22/05/2021;17:18:00;191;AV - Acidente com VITIMA;526;BR-324/BA;Oeste;Queda de Moto;;;;1;;;;;;;0;;1;;
22/05/2021;19:04:00;215;AV - Acidente com VITIMA;616;BR-116/BA;Sul;Colisão Traseira;;;;1;;1;;;;;1;1;;;
22/05/2021;20:15:00;230;ASV - Acidente SEM Vítima;754,001;BR-116/BA;Norte;Tombamento;;;1;;;;;;;;1;;;;
22/05/2021;20:30:00;234;ASV - Acidente SEM Vítima;660;BR-116/BA;Sul;Queda de Moto;;;;1;;;;;;;1;;;;
22/05/2021;21:09:00;241;AV - Acidente com VITIMA;449,7;BR-116/BA;Sul;Queda de Moto;;;;1;;;;;;;0;1;;;
23/05/2021;03:36:00;12;AV - Acidente com VITIMA;5;BR-116/BA - ContSuFS;Norte;Colisão Traseira;;;;1;;1;;;;;1;;1;;
23/05/2021;05:31:00;18;ASV - Acidente SEM Vítima;820,8;BR-116/BA;Sul;Saida de Pista;1;;;;;;;;;;1;;;;
23/05/2021;09:10:00;60;ASV - Acidente SEM Vítima;505;BR-116/BA;Norte;Saida de Pista;1;;;;;;;;;;1;;;;
23/05/2021;10:08:00;70;A PPF - Acidente envolvendo Produto Perigoso vitima fatal;595,4;BR-116/BA;Norte;Tombamento;;;1;;;;;;;;0;;;;1
23/05/2021;10:47:00;81;ASV - Acidente SEM Vítima;571,1;BR-116/BA;Sul;Colisão Lateral;2;;;;;1;;;;;3;;;;
23/05/2021;12:16:00;102;AV - Acidente com VITIMA;614;BR-324/BA;Leste;Queda de Moto;;;;1;;;;;;;0;;1;;
23/05/2021;14:02:00;118;AV - Acidente com VITIMA;15,7;BR-116/BA - Cont VC;Norte;Colisão Traseira;1;;;1;;;;;;;1;2;;;
23/05/2021;14:11:00;121;AV - Acidente com VITIMA;545,3;BR-324/BA;Oeste;Saida de Pista;1;;;1;;;;;;;1;;1;;
23/05/2021;14:30:00;126;ASV - Acidente SEM Vítima;619;BR-324/BA;Oeste;Tombamento;;;1;;;;;;;;1;;;;
23/05/2021;15:27:00;134;ASV - Acidente SEM Vítima;743;BR-116/BA;Sul;Colisão Traseira;;;1;;;1;;;;;2;;;;
23/05/2021;16:45:00;146;ASV - Acidente SEM Vítima;620;BR-324/BA;Oeste;Choque Contra Objeto Fixo;1;;;;;;;;;;3;;;;
23/05/2021;18:14:00;159;ASV - Acidente SEM Vítima;536;BR-324/BA;Leste;Colisão Lateral;2;;;;;;;;;;6;;;;
23/05/2021;18:37:00;167;AV - Acidente com VITIMA;740;BR-116/BA;Norte;Queda de Moto;;;;1;;;;;;;0;1;;;
23/05/2021;18:56:00;171;ASV - Acidente SEM Vítima;802;BR-116/BA;Norte;Saida de Pista;1;;;;;;;;;;1;;;;
23/05/2021;18:56:00;172;ASV - Acidente SEM Vítima;479;BR-116/BA;Sul;Colisão Traseira;;;2;;;;;;;;2;;;;
23/05/2021;20:02:00;180;ASV - Acidente SEM Vítima;2;BR-116/BA - ContSuFS;Norte;Colisão Lateral;2;;;;;;;;;;6;;;;
23/05/2021;21:04:00;190;AV - Acidente com VITIMA;855;BR-116/BA;Sul;Queda de Moto;;;;1;;;;;;;0;1;;;
24/05/2021;07:24:00;48;ASV - Acidente SEM Vítima;613;BR-324/BA;Leste;Colisão Traseira;2;;;;;;;;;;2;;;;
24/05/2021;08:51:00;77;AV - Acidente com VITIMA;521,3;BR-324/BA;Leste;Colisão Traseira;;;;1;;1;;;;;1;;;1;
24/05/2021;09:58:00;106;ASV - Acidente SEM Vítima;623;BR-324/BA;Oeste;Colisão Lateral;2;;;;;1;;;;;4;;;;
24/05/2021;10:12:00;118;ASV - Acidente SEM Vítima;519,95;BR-324/BA;Leste;Saida de Pista;1;;;;;;;;;;1;;;;
25/05/2021;04:02:00;16;AF - Acidente com Vitima Fatal;575;BR-324/BA;Leste;Atropelamento de Pedestre;;;;;1;;;;;;16;;;;1
25/05/2021;07:57:00;70;AV - Acidente com VITIMA;621;BR-324/BA;Leste;Colisão Traseira;1;;;1;;;;;;;1;;1;;
25/05/2021;09:22:00;97;ASV - Acidente SEM Vítima;614;BR-324/BA;Leste;Colisão Traseira;2;;;;;;;;;;2;;;;
25/05/2021;09:57:00;105;AV - Acidente com VITIMA;538;BR-324/BA;Leste;Atropelamento - Ciclista;1;1;;;;;;;;;1;;1;;
25/05/2021;14:21:00;151;AV - Acidente com VITIMA;594;BR-324/BA;Oeste;Colisão Traseira;1;;;;;1;;;;;2;2;1;;
25/05/2021;14:21:00;152;ASV - Acidente SEM Vítima;532;BR-324/BA;Leste;Saida de Pista;1;;;;;;;;;;1;;;;
25/05/2021;21:15:00;234;AV - Acidente com VITIMA;581,8;BR-324/BA;Oeste;Saida de Pista;;;;;;;;;;1;0;1;;;
25/05/2021;21:56:00;238;ASV - Acidente SEM Vítima;610;BR-116/BA;Norte;Colisão Traseira;;;1;;;1;;;;;2;;;;
25/05/2021;23:36:00;255;ASV - Acidente SEM Vítima;576,9;BR-324/BA;Oeste;Saida de Pista;1;;;;;;;;;;1;;;;
26/05/2021;04:28:00;12;AV - Acidente com VITIMA;447;BR-116/BA;Norte;Colisão Traseira;1;;;;;1;;;;;3;2;;;
26/05/2021;04:28:00;13;ASV - Acidente SEM Vítima;577;BR-324/BA;Leste;Colisão Traseira;;;1;;;;;;;1;2;;;;
26/05/2021;07:31:00;54;ASV - Acidente SEM Vítima;611;BR-324/BA;Oeste;Colisão Traseira;2;;;;;;;;;;2;;;;
26/05/2021;07:55:00;67;ASV - Acidente SEM Vítima;622;BR-324/BA;Oeste;Engavetamento;4;;;;;;;;;;4;;;;
26/05/2021;08:12:00;74;ASV - Acidente SEM Vítima;613;BR-324/BA;Leste;Colisão Traseira;;;;1;;;;;;1;2;;;;
26/05/2021;08:19:00;75;ASV - Acidente SEM Vítima;626;BR-324/BA;Oeste;Engavetamento;3;;;;;;;;;;3;;;;
26/05/2021;11:45:00;121;ASV - Acidente SEM Vítima;573,7;BR-324/BA;Leste;Capotamento;1;;;;;;;;;;1;;;;
26/05/2021;14:15:00;141;ASV - Acidente SEM Vítima;615;BR-324/BA;Oeste;Saida de Pista;;;1;;;;;;;;1;;;;
26/05/2021;19:49:00;217;AF - Acidente com Vitima Fatal;522;BR-324/BA;Leste;Colisão Traseira;1;;1;1;;;;;;;2;;;;1
26/05/2021;23:18:00;246;AV - Acidente com VITIMA;612;BR-324/BA;Leste;Colisão Lateral;;;;1;;;;;;1;1;1;1;;
27/05/2021;04:35:00;11;ASV - Acidente SEM Vítima;786;BR-116/BA;Norte;Colisão Lateral;1;;1;;;;;;;;2;;;;
27/05/2021;05:10:00;13;ASV - Acidente SEM Vítima;12;BR-116/BA - Cont VC;Norte;Atropelamento de Animal;1;;;;;;;;;;1;;;;
27/05/2021;10:43:00;117;AV - Acidente com VITIMA;486;BR-116/BA;Norte;Queda de Moto;;;;1;;;;;;;0;1;;;
27/05/2021;11:11:00;123;ASV - Acidente SEM Vítima;623;BR-324/BA;Oeste;Colisão Traseira;1;;;;;;;;;1;2;;;;
27/05/2021;11:43:00;133;ASV - Acidente SEM Vítima;624,001;BR-324/BA;Oeste;Colisão Traseira;1;;;;;;;;;1;2;;;;
27/05/2021;11:47:00;134;ASV - Acidente SEM Vítima;733;BR-116/BA;Sul;Colisão Traseira;;;1;;;1;;;;;2;;;;
27/05/2021;11:59:00;137;ASV - Acidente SEM Vítima;468;BR-116/BA;Sul;Tombamento;;;1;;;;;;;;1;;;;
27/05/2021;12:01:00;138;ASV - Acidente SEM Vítima;564,5;BR-324/BA;Oeste;Queda de Moto;;;;1;;;;;;;1;;;;
27/05/2021;22:41:00;248;AV - Acidente com VITIMA;547,1;BR-324/BA;Oeste;Colisão Traseira;;;1;;;;;;;1;2;2;1;;
28/05/2021;04:07:00;17;ASV - Acidente SEM Vítima;551;BR-324/BA;Oeste;Atropelamento de Animal;1;;;;;;;;;;3;;;;
28/05/2021;05:11:00;22;ASV - Acidente SEM Vítima;605;BR-324/BA;Leste;Capotamento;1;;;;;;;;;;1;;;;
28/05/2021;06:47:00;38;ASV - Acidente SEM Vítima;622;BR-324/BA;Leste;Colisão Traseira;;;;1;;;;;;1;2;;;;
28/05/2021;08:35:00;103;ASV - Acidente SEM Vítima;616,7;BR-324/BA;Leste;Colisão Traseira;1;;;;;1;;;;;2;;;;
28/05/2021;09:47:00;127;ASV - Acidente SEM Vítima;607;BR-324/BA;Oeste;Colisão Traseira;2;;;;;;;;;;2;;;;
28/05/2021;10:29:00;138;AV - Acidente com VITIMA;25;BR-116/BA - Cont VC;Norte;Colisão Lateral;1;;;1;;;;;;;0;2;;;
28/05/2021;10:40:00;140;ASV - Acidente SEM Vítima;568;BR-324/BA;Oeste;Colisão Lateral;1;;1;;;;;;;;2;;;;
28/05/2021;12:10:00;167;AV - Acidente com VITIMA;15,2;BR-116/BA - Cont VC;Sul;Colisão Transversal;1;;;1;;;;;;;1;;1;;
28/05/2021;16:28:00;219;ASV - Acidente SEM Vítima;576;BR-324/BA;Leste;Colisão Traseira;2;;;;;;;;;;2;;;;
28/05/2021;16:45:00;228;AV - Acidente com VITIMA;624;BR-324/BA;Oeste;Queda de Moto;;;;1;;;;;;;0;1;;;
28/05/2021;18:05:00;242;ASV - Acidente SEM Vítima;885,8;BR-116/BA;Sul;Colisão Transversal;;;1;;;;;;;1;2;;;;
28/05/2021;19:12:00;251;AV - Acidente com VITIMA;828;BR-116/BA;Sul;Colisão Transversal;;;;1;;1;;;;;1;1;;;
29/05/2021;06:43:00;37;ASV - Acidente SEM Vítima;744,3;BR-116/BA;Sul;Queda de Moto;;;;1;;;;;;;1;;;;
29/05/2021;08:30:00;67;AV - Acidente com VITIMA;606;BR-324/BA;Oeste;Queda de Moto;;;;1;;;;;;;0;;1;;
29/05/2021;13:21:00;147;ASV - Acidente SEM Vítima;454;BR-116/BA;Norte;Colisão Lateral;;;1;;;;;;;1;2;;;;
29/05/2021;13:58:00;153;ASV - Acidente SEM Vítima;466;BR-116/BA;Sul;Saida de Pista;1;;;;;;;;;;1;;;;
29/05/2021;14:06:00;156;AV - Acidente com VITIMA;543,5;BR-324/BA;Oeste;Choque Contra Objeto Fixo;1;;;;;;;;;;0;1;;;
29/05/2021;19:22:00;228;ASV - Acidente SEM Vítima;13;BR-116/BA - Cont VC;Sul;Colisão Transversal;1;;;1;;;;;;;2;;;;
29/05/2021;20:15:00;237;AV - Acidente com VITIMA;16;BR-116/BA - Cont VC;Norte;Colisão Transversal;;;;2;;;;;;;2;2;;;
29/05/2021;20:41:00;240;ASV - Acidente SEM Vítima;805;BR-116/BA;Norte;Queda de Moto;;;;1;;;;;;;1;;;;
29/05/2021;22:12:00;250;AV - Acidente com VITIMA;616;BR-324/BA;Oeste;Colisão Traseira;2;;;;;;;;;;3;1;;;
29/05/2021;22:22:00;253;AV - Acidente com VITIMA;657,8;BR-116/BA;Sul;Queda de Moto;;;;1;;;;;;;0;1;;;
29/05/2021;23:10:00;260;ASV - Acidente SEM Vítima;521;BR-324/BA;Oeste;Saida de Pista;1;;;;;;;;;;1;;;;
30/05/2021;11:13:00;80;AV - Acidente com VITIMA;781;BR-116/BA;Norte;Saida de Pista;;;;;;;;;;1;0;;1;;
30/05/2021;15:17:00;140;AV - Acidente com VITIMA;579;BR-324/BA;Oeste;Queda de Moto;;;;1;;;;;;;0;;;1;
30/05/2021;17:37:00;173;ASV - Acidente SEM Vítima;16;BR-116/BA - Cont VC;Sul;Colisão Transversal;2;;;;;;;;;;2;;;;
30/05/2021;18:26:00;180;ASV - Acidente SEM Vítima;16,8;BR-116/BA - Cont VC;Norte;Colisão Transversal;1;;;1;;;;;;;2;;;;
30/05/2021;20:05:00;196;AV - Acidente com VITIMA;623;BR-324/BA;Oeste;Colisão Traseira;1;;;1;;;;;;;2;1;;;
30/05/2021;20:59:00;202;ASV - Acidente SEM Vítima;616;BR-324/BA;Oeste;Colisão Traseira;2;;;;;;;;;;2;;;;
30/05/2021;22:35:00;218;ASV - Acidente SEM Vítima;4,5;BR-116/BA - Cont VC;Sul;Saida de Pista;1;;;;;;;;;;1;;;;
31/05/2021;06:34:00;28;ASV - Acidente SEM Vítima;458;BR-116/BA;Sul;Colisão Traseira;1;;;;;1;;;;;2;;;;
31/05/2021;20:22:00;222;AV - Acidente com VITIMA;526;BR-324/BA;Leste;Atropelamento - Ciclista;;1;;1;;;;;;;1;1;;;
31/05/2021;23:03:00;245;ASV - Acidente SEM Vítima;574;BR-324/BA;Leste;Saida de Pista;1;;;;;;;;;;1;;;;
01/06/2021;07:33:00;67;ASV - Acidente SEM Vítima;623,4;BR-324/BA;Oeste;Colisão Traseira;2;;;;;;;;;;2;;;;
01/06/2021;07:34:00;68;ASV - Acidente SEM Vítima;609;BR-324/BA;Leste;Colisão Traseira;1;;;;;1;;;;;2;;;;
01/06/2021;15:27:00;221;ASV - Acidente SEM Vítima;546,5;BR-324/BA;Oeste;Saida de Pista;1;;;;;;;;;;1;;;;
01/06/2021;17:22:00;243;AV - Acidente com VITIMA;559;BR-324/BA;Leste;Saida de Pista;;;1;;;;;;;;1;;1;;
01/06/2021;21:03:00;279;ASV - Acidente SEM Vítima;569;BR-116/BA;Sul;Saida de Pista;;;1;;;;;;;;1;;;;
02/06/2021;07:29:00;48;ASV - Acidente SEM Vítima;616;BR-324/BA;Oeste;Colisão Traseira;1;;;;;;;;;1;2;;;;
02/06/2021;08:49:00;87;ASV - Acidente SEM Vítima;525,4;BR-116/BA;Sul;Capotamento;1;;;;;;;;;;1;;;;
02/06/2021;10:26:00;114;ASV - Acidente SEM Vítima;565;BR-324/BA;Oeste;Saida de Pista;;;1;;;;;;;;1;;;;
02/06/2021;12:26:00;133;ASV - Acidente SEM Vítima;549;BR-116/BA;Sul;Tombamento;;;1;;;;;;;;1;;;;
02/06/2021;13:38:00;150;ASV - Acidente SEM Vítima;530;BR-324/BA;Oeste;Saida de Pista;1;;;;;;;;;;1;;;;
02/06/2021;14:56:00;168;ASV - Acidente SEM Vítima;609;BR-324/BA;Leste;Queda de Moto;;;;1;;;;;;;1;;;;
02/06/2021;17:20:00;201;ASV - Acidente SEM Vítima;505;BR-116/BA;Sul;Colisão Transversal;2;;;;;;;;;;3;;;;
02/06/2021;18:21:00;214;ASV - Acidente SEM Vítima;617;BR-324/BA;Oeste;Colisão Traseira;1;;;;;1;;;;;2;;;;
02/06/2021;18:32:00;219;AV - Acidente com VITIMA;466,5;BR-116/BA;Sul;Sequência;1;;1;;1;;;;;;29;1;1;;
02/06/2021;22:13:00;245;AV - Acidente com VITIMA;524;BR-116/BA;Sul;Colisão Traseira;;;1;;;;;;;1;2;2;;1;
03/06/2021;07:22:00;48;ASV - Acidente SEM Vítima;14;BR-116/BA - Cont VC;Norte;Colisão Lateral;1;;1;;;;;;;;2;;;;
03/06/2021;11:56:00;99;AV - Acidente com VITIMA;523,3;BR-324/BA;Leste;Colisão Lateral;2;;;;;;;;;;2;1;;;
03/06/2021;20:44:00;181;ASV - Acidente SEM Vítima;25,5;BR-116/BA - Cont VC;Norte;Colisão Traseira;1;;;;;1;;;;;2;;;;
04/06/2021;04:25:00;15;ASV - Acidente SEM Vítima;535;BR-324/BA;Leste;Saida de Pista;1;;;;;;;;;;1;;;;
04/06/2021;07:17:00;47;AV - Acidente com VITIMA;621;BR-324/BA;Leste;Engavetamento;3;;;1;;;;;;;0;3;1;;
04/06/2021;07:33:00;56;ASV - Acidente SEM Vítima;620;BR-324/BA;Leste;Colisão Traseira;1;;;;;;;;;1;2;;;;
04/06/2021;07:43:00;65;AV - Acidente com VITIMA;621;BR-324/BA;Leste;Queda de Moto;;;;1;;;;;;;0;;1;;
04/06/2021;09:00:00;78;ASV - Acidente SEM Vítima;533,4;BR-324/BA;Oeste;Colisão Traseira;1;;;;;;;;;1;2;;;;
04/06/2021;11:12:00;119;ASV - Acidente SEM Vítima;530,1;BR-324/BA;Oeste;Saida de Pista;1;;;;;;;;;;1;;;;
04/06/2021;11:22:00;121;ASV - Acidente SEM Vítima;555,5;BR-324/BA;Leste;Saida de Pista;1;;;;;;;;;;1;;;;
04/06/2021;13:33:00;144;ASV - Acidente SEM Vítima;595;BR-324/BA;Leste;Saida de Pista;;;1;;;;;;;;2;;;;
04/06/2021;17:07:00;188;AV - Acidente com VITIMA;647,5;BR-116/BA;Norte;Colisão Lateral;2;;;;;;;;;;1;1;;;
05/06/2021;01:33:00;8;AV - Acidente com VITIMA;596,8;BR-324/BA;Oeste;Saida de Pista;1;;;;;;;;;;0;1;;;
05/06/2021;04:25:00;12;ASV - Acidente SEM Vítima;610,5;BR-116/BA;Norte;Saida de Pista;1;;;;;;;;;;1;;;;
05/06/2021;09:56:00;70;ASV - Acidente SEM Vítima;531;BR-324/BA;Oeste;Colisão Traseira;2;;;;;;;;;;5;;;;
05/06/2021;11:33:00;91;ASV - Acidente SEM Vítima;471,3;BR-116/BA;Sul;Saida de Pista;1;;;;;;;;;;1;;;;
06/06/2021;09:30:00;52;AV - Acidente com VITIMA;686;BR-116/BA;Norte;Colisão Frontal;;;2;;;;;;;;0;;2;;
06/06/2021;10:30:00;64;AV - Acidente com VITIMA;757;BR-116/BA;Norte;Atropelamento de Pedestre;;;;;;1;;;;;1;1;;;
06/06/2021;15:27:00;101;ASV - Acidente SEM Vítima;530;BR-324/BA;Oeste;Saida de Pista;1;;;;;;;;;;4;;;;