data;horario;n_da_ocorrencia;tipo_de_ocorrencia;km;trecho;sentido;tipo_de_acidente;automovel;bicicleta;caminhao;moto;onibus;outros;tracao_animal;transporte_de_cargas_especiais;trator_maquinas;utilitarios;ilesos;levemente_feridos;moderadamente_feridos;gravemente_feridos;mortos
06/06/2021;17:53:00;148;ASV - Acidente SEM Vítima;575;BR-116/BA;Sul;Atropelamento de Animal;;;;;;;;;;1;1;;;;
06/06/2021;19:06:00;164;ASV - Acidente SEM Vítima;582,2;BR-324/BA;Leste;Saida de Pista;1;;;;;;;;;;1;;;;
06/06/2021;21:38:00;184;ASV - Acidente SEM Vítima;545;BR-324/BA;Oeste;Colisão Traseira;;;1;;;;;;;1;2;;;;
06/06/2021;23:05:00;198;AV - Acidente com VITIMA;494;BR-116/BA;Norte;Colisão Transversal;;;;1;;1;;;;;1;1;;;
07/06/2021;01:26:00;6;ASV - Acidente SEM Vítima;523;BR-324/BA;Leste;Saida de Pista;1;;;;;;;;;;1;;;;
07/06/2021;06:32:00;24;AV - Acidente com VITIMA;614;BR-324/BA;Leste;Colisão Traseira;1;;;1;;;;;;;4;1;;;
07/06/2021;06:59:00;37;ASV - Acidente SEM Vítima;610;BR-324/BA;Leste;Engavetamento;;;;1;;7;;;;;8;;;;
07/06/2021;07:20:00;44;AV - Acidente com VITIMA;526;BR-324/BA;Oeste;Queda de Moto;;;;1;;;;;;;0;;1;;
07/06/2021;08:09:00;73;ASV - Acidente SEM Vítima;841,5;BR-116/BA;Norte;Colisão Traseira;1;;;;;;;;;;1;;;;
07/06/2021;08:24:00;90;ASV - Acidente SEM Vítima;609,2;BR-324/BA;Leste;Engavetamento;3;;;;;;;;;;3;;;;
07/06/2021;08:34:00;92;ASV - Acidente SEM Vítima;17,9;BR-116/BA - Cont VC;Sul;Colisão Traseira;1;;;;;;;;;1;2;;;;
07/06/2021;08:00:00;131;ASV - Acidente SEM Vítima;526;BR-324/BA;Oeste;Colisão Lateral;1;;;;;1;;;;;2;;;;
07/06/2021;12:29:00;179;ASV - Acidente SEM Vítima;613;BR-324/BA;Oeste;Tombamento;;;1;;;;;;;;1;;;;
07/06/2021;16:39:00;256;AV - Acidente com VITIMA;616;BR-324/BA;Leste;Tombamento;;;1;;;;;;;;1;1;;;
07/06/2021;17:00:00;261;ASV - Acidente SEM Vítima;902,5;BR-116/BA;Norte;Saida de Pista;1;;;;;;;;;;2;;;;
07/06/2021;17:21:00;268;ASV - Acidente SEM Vítima;784;BR-116/BA;Sul;Colisão Traseira;1;;;;;1;;;;;2;;;;
08/06/2021;08:31:00;72;ASV - Acidente SEM Vítima;641,8;BR-116/BA;Sul;Saida de Pista;;;;;;;;;;1;1;;;;
08/06/2021;10:09:00;96;ASV - Acidente SEM Vítima;632,7;BR-116/BA;Norte;Colisão Traseira;;;1;;;;;;;1;2;;;;
08/06/2021;12:17:00;145;ASV - Acidente SEM Vítima;566,5;BR-324/BA;Leste;Engavetamento;2;;1;;;;;;;;3;;;;
08/06/2021;19:38:00;242;AV - Acidente com VITIMA;17;BR-116/BA - Cont VC;Sul;Atropelamento de Animal;;;;1;;;;;;;0;1;;;
09/06/2021;06:36:00;39;ASV - Acidente SEM Vítima;610;BR-324/BA;Leste;Choque Contra Objeto Fixo;1;;;;;;;;;;1;;;;
09/06/2021;07:15:00;59;ASV - Acidente SEM Vítima;607,9;BR-324/BA;Leste;Engavetamento;3;;;;;;;;;;4;;;;
09/06/2021;09:49:00;120;ASV - Acidente SEM Vítima;564,8;BR-324/BA;Oeste;Colisão Traseira;1;;;;;;;;;1;2;;;;
09/06/2021;13:58:00;185;ASV - Acidente SEM Vítima;5;BR-116/BA - ContSuFS;Norte;Sequência;2;;;;;1;;;;;4;;;;
09/06/2021;14:45:00;196;ASV - Acidente SEM Vítima;519,1;BR-324/BA;Oeste;Colisão Traseira;;;1;1;;;;;;;3;;;;
09/06/2021;16:04:00;226;ASV - Acidente SEM Vítima;565;BR-324/BA;Oeste;Engavetamento;3;;;;;;;;;;5;;;;
09/06/2021;17:09:00;244;ASV - Acidente SEM Vítima;526,001;BR-324/BA;Leste;Colisão Traseira;1;;;;;1;;;;;2;;;;
09/06/2021;17:37:00;250;ASV - Acidente SEM Vítima;529,5;BR-324/BA;Leste;Engavetamento;1;;;;;1;;;;1;4;;;;
09/06/2021;23:11:00;305;AF - Acidente com Vitima Fatal;728,3;BR-116/BA;Sul;Atropelamento de Pedestre;;;;;;1;;;;;1;;;;1
10/06/2021;01:10:00;7;ASV - Acidente SEM Vítima;733;BR-116/BA;Sul;Tombamento;;;1;;;;;;;;1;;;;
10/06/2021;07:27:00;44;ASV - Acidente SEM Vítima;732,9;BR-116/BA;Norte;Saida de Pista;;;1;;;;;;;;1;;;;
10/06/2021;09:11:00;78;ASV - Acidente SEM Vítima;790;BR-116/BA;Sul;Colisão Traseira;;;1;;;;;;;1;2;;;;
10/06/2021;10:30:00;90;ASV - Acidente SEM Vítima;617;BR-324/BA;Leste;Colisão Lateral;;;;1;;1;;;;;2;;;;
10/06/2021;11:23:00;109;ASV - Acidente SEM Vítima;565;BR-324/BA;Oeste;Saida de Pista;;;1;;;;;;;;1;;;;
10/06/2021;12:36:00;124;ASV - Acidente SEM Vítima;530;BR-324/BA;Oeste;Choque Contra Objeto Fixo;1;;;;;;;;;;1;;;;
10/06/2021;14:27:00;143;AF - Acidente com Vitima Fatal;574;BR-324/BA;Leste;Atropelamento de Pedestre;;;1;;;;;;;;1;;;;1
10/06/2021;16:38:00;168;AV - Acidente com VITIMA;520,7;BR-116/BA;Sul;Sequência;1;;;1;;;;;;;2;2;;;
10/06/2021;22:31:00;237;ASV - Acidente SEM Vítima;580;BR-324/BA;Leste;Saida de Pista;;;1;;;;;;;;1;;;;
10/06/2021;23:06:00;241;ASV - Acidente SEM Vítima;452;BR-116/BA;Sul;Sequência;1;;;;;1;;;;;6;;;;
11/06/2021;07:46:00;51;ASV - Acidente SEM Vítima;613;BR-324/BA;Oeste;Colisão Traseira;2;;;;;;;;;;2;;;;
11/06/2021;08:37:00;78;ASV - Acidente SEM Vítima;613,2;BR-324/BA;Leste;Engavetamento;3;;;;;;;;;;3;;;;
11/06/2021;11:17:00;121;ASV - Acidente SEM Vítima;587,9;BR-324/BA;Leste;Saida de Pista;;;1;;;;;;;;1;;;;
11/06/2021;11:46:00;123;ASV - Acidente SEM Vítima;493,9;BR-116/BA;Sul;Colisão Traseira;;;1;;;1;;;;;2;;;;
11/06/2021;13:01:00;137;ASV - Acidente SEM Vítima;774;BR-116/BA;Sul;Engavetamento;;;3;;;;;;;1;6;;;;
11/06/2021;14:10:00;150;ASV - Acidente SEM Vítima;791;BR-116/BA;Norte;Colisão Traseira;;;2;;;;;;;;2;;;;
11/06/2021;16:19:00;193;ASV - Acidente SEM Vítima;612;BR-324/BA;Leste;Colisão Traseira;2;;;;;;;;;;2;;;;
11/06/2021;17:13:00;206;AV - Acidente com VITIMA;466;BR-116/BA;Norte;Colisão Traseira;1;;1;;;;;;;;1;1;1;;
11/06/2021;17:33:00;217;AV - Acidente com VITIMA;623,9;BR-324/BA;Oeste;Sequência;4;;;;;;;;;;6;;1;;
11/06/2021;22:50:00;273;ASV - Acidente SEM Vítima;519,3;BR-324/BA;Leste;Colisão Lateral;2;;;;;;;;;;2;;;;
12/06/2021;00:26:00;1;ASV - Acidente SEM Vítima;8;BA-526;Norte;Saida de Pista;;;1;;;;;;;;1;;;;
12/06/2021;05:19:00;18;ASV - Acidente SEM Vítima;531;BR-324/BA;Leste;Colisão Lateral;1;;;;1;;;;;;3;;;;
12/06/2021;05:33:00;20;AV - Acidente com VITIMA;508;BR-116/BA;Norte;Saida de Pista;;;1;;;;;;;;0;1;;;
12/06/2021;06:01:00;23;AV - Acidente com VITIMA;793,4;BR-116/BA;Norte;Saida de Pista;;;1;;;;;;;;0;;1;;
12/06/2021;06:30:00;32;AV - Acidente com VITIMA;874;BR-116/BA;Sul;Colisão Traseira;1;;2;;1;;;;;1;55;2;;;
12/06/2021;08:57:00;91;ASV - Acidente SEM Vítima;565,8;BR-116/BA;Sul;Colisão Traseira;;;2;;;;;;;;2;;;;
12/06/2021;10:04:00;115;AV - Acidente com VITIMA;755;BR-116/BA;Sul;Colisão Traseira;;;1;1;;;;;;;1;;1;;
12/06/2021;14:09:00;171;ASV - Acidente SEM Vítima;584;BR-324/BA;Leste;Saida de Pista;1;;;;;;;;;;2;;;;
13/06/2021;00:37:00;1;ASV - Acidente SEM Vítima;542;BR-324/BA;Oeste;Atropelamento de Animal;;;;;;;;;;1;1;;;;
13/06/2021;06:40:00;21;AV - Acidente com VITIMA;556;BR-324/BA;Leste;Saida de Pista;1;;;;;;;;;;0;2;;;
13/06/2021;07:11:00;28;ASV - Acidente SEM Vítima;612;BR-324/BA;Oeste;Colisão Traseira;2;;;;;;;;;;9;;;;
13/06/2021;09:32:00;58;ASV - Acidente SEM Vítima;7;BR-116/BA - ContSuFS;Norte;Colisão Traseira;1;;1;;;;;;;;2;;;;
13/06/2021;10:03:00;64;AV - Acidente com VITIMA;910;BR-116/BA;Norte;Engavetamento;;;3;;;;;;;;2;;2;;
13/06/2021;12:33:00;97;ASV - Acidente SEM Vítima;587;BR-324/BA;Oeste;Saida de Pista;1;;;;;;;;;;1;;;;
13/06/2021;14:27:00;116;ASV - Acidente SEM Vítima;530;BR-324/BA;Oeste;Saida de Pista;1;;;;;;;;;;3;;;;
13/06/2021;14:35:00;119;AV - Acidente com VITIMA;530;BR-324/BA;Oeste;Saida de Pista;1;;;;;;;;;;1;;1;;
13/06/2021;16:25:00;132;ASV - Acidente SEM Vítima;604;BR-324/BA;Oeste;Saida de Pista;1;;;;;;;;;;1;;;;
13/06/2021;16:48:00;138;ASV - Acidente SEM Vítima;604,02;BR-324/BA;Oeste;Engavetamento;2;;;;;1;;;;;3;;;;
13/06/2021;17:02:00;142;ASV - Acidente SEM Vítima;595,5;BR-324/BA;Leste;Saida de Pista;;;;;;;;;;1;1;;;;
13/06/2021;19:05:00;155;ASV - Acidente SEM Vítima;534;BR-324/BA;Oeste;Saida de Pista;1;;;;;;;;;;1;;;;
13/06/2021;21:42:00;173;ASV - Acidente SEM Vítima;495;BR-116/BA;Norte;Colisão Lateral;1;;;;;;;;;1;3;;;;
14/06/2021;17:42:00;240;AV - Acidente com VITIMA;622;BR-324/BA;Oeste;Queda de Moto;;;;1;;;;;;;0;1;;;
14/06/2021;19:10:00;257;ASV - Acidente SEM Vítima;518;BR-324/BA;Leste;Engavetamento;1;;;1;;1;;;;;5;;;;
14/06/2021;21:29:00;279;AV - Acidente com VITIMA;619,8;BR-324/BA;Oeste;Queda de Moto;;;;1;;;;;;;0;1;;;
15/06/2021;04:27:00;15;ASV - Acidente SEM Vítima;603;BR-324/BA;Oeste;Saida de Pista;1;;;;;;;;;;1;;;;
15/06/2021;05:01:00;18;AV - Acidente com VITIMA;585;BR-324/BA;Leste;Saida de Pista;1;;;;;;;;;;4;;2;;
15/06/2021;06:29:00;26;AV - Acidente com VITIMA;637;BR-116/BA;Sul;Atropelamento de Pedestre;;;1;;;;;;;;2;;;1;
15/06/2021;07:50:00;66;ASV - Acidente SEM Vítima;616;BR-324/BA;Oeste;Engavetamento;3;;;;;;;;;;3;;;;
15/06/2021;12:12:00;154;ASV - Acidente SEM Vítima;519;BR-324/BA;Leste;Colisão Lateral;;;2;;;;;;;;3;;;;
15/06/2021;15:21:00;200;ASV - Acidente SEM Vítima;908;BR-116/BA;Norte;Colisão Lateral;;;2;;;;;;;;2;;;;
15/06/2021;18:19:00;244;AV - Acidente com VITIMA;818;BR-116/BA;Norte;Atropelamento - Ciclista;;1;;;;1;;;;;1;1;;;
16/06/2021;05:03:00;16;ASV - Acidente SEM Vítima;805;BR-116/BA;Norte;Colisão Traseira;1;;;;1;;;;;;2;;;;
16/06/2021;10:34:00;144;ASV - Acidente SEM Vítima;610;BR-324/BA;Oeste;Colisão Traseira;;;1;;;;;;;1;2;;;;
16/06/2021;13:28:00;201;AV - Acidente com VITIMA;466;BR-116/BA;Norte;Queda de Moto;;;;1;;1;;;;;1;;1;;
16/06/2021;15:52:00;250;ASV - Acidente SEM Vítima;626;BR-324/BA;Leste;Colisão Traseira;;;;1;;1;;;;;2;;;;
17/06/2021;07:18:00;64;AV - Acidente com VITIMA;617;BR-324/BA;Oeste;Colisão Traseira;1;;;1;;;;;;;1;;1;;
17/06/2021;08:04:00;92;AV - Acidente com VITIMA;626;BR-324/BA;Leste;Colisão Traseira;;;;1;;1;;;;;1;1;;;
17/06/2021;08:34:00;101;ASV - Acidente SEM Vítima;599;BR-324/BA;Leste;Colisão Lateral;1;;1;;;;;;;;2;;;;
17/06/2021;13:19:00;185;ASV - Acidente SEM Vítima;562;BR-324/BA;Oeste;Saida de Pista;1;;;;;;;;;;3;;;;
17/06/2021;16:06:00;232;ASV - Acidente SEM Vítima;573;BR-116/BA;Sul;Saida de Pista;;;1;;;;;;;;1;;;;
17/06/2021;17:50:00;261;AV - Acidente com VITIMA;0;BR-116/BA - ContSuFS;Norte;Queda de Moto;;;;1;;;;;;;0;1;;;
18/06/2021;05:00:00;20;ASV - Acidente SEM Vítima;829,9;BR-116/BA;Norte;Atropelamento de Animal;;;1;;;;;;;;1;;;;
18/06/2021;06:40:00;42;AV - Acidente com VITIMA;784;BR-116/BA;Sul;Colisão Transversal;1;;;1;;;;;;;1;1;;;
18/06/2021;08:42:00;93;AV - Acidente com VITIMA;619;BR-324/BA;Leste;Colisão Traseira;;;;1;;1;;;;;2;;1;;
18/06/2021;09:27:00;106;ASV - Acidente SEM Vítima;525,6;BR-324/BA;Leste;Engavetamento;1;;2;;;;;;;;4;;;;
18/06/2021;13:46:00;156;ASV - Acidente SEM Vítima;605;BR-324/BA;Oeste;Colisão Lateral;;;;;1;1;;;;;21;;;;
18/06/2021;16:43:00;217;ASV - Acidente SEM Vítima;606;BR-324/BA;Oeste;Colisão Traseira;2;;;;;;;;;;6;;;;
18/06/2021;17:29:00;234;ASV - Acidente SEM Vítima;551;BR-324/BA;Oeste;Colisão Traseira;1;;;;;1;;;;;2;;;;
18/06/2021;17:57:00;242;ASV - Acidente SEM Vítima;547;BR-324/BA;Leste;Saida de Pista;;;1;;;;;;;;2;;;;
19/06/2021;07:07:00;37;ASV - Acidente SEM Vítima;834,5;BR-116/BA;Sul;Colisão Traseira;1;;1;;;;;;;;2;;;;
19/06/2021;08:45:00;59;ASV - Acidente SEM Vítima;530,2;BR-324/BA;Leste;Colisão Traseira;1;;;;;1;;;;;6;;;;
19/06/2021;11:47:00;98;AV - Acidente com VITIMA;686;BR-116/BA;Sul;Colisão Traseira;1;;1;;;;;;;;3;1;;;
19/06/2021;11:56:00;100;AF - Acidente com Vitima Fatal;590,8;BR-324/BA;Leste;Atropelamento de Pedestre;;;;;;1;;;;;1;;;;1
19/06/2021;13:58:00;118;ASV - Acidente SEM Vítima;525;BR-324/BA;Leste;Colisão Lateral;1;;;;;;;;;1;6;;;;
19/06/2021;16:13:00;159;ASV - Acidente SEM Vítima;639;BR-116/BA;Sul;Colisão Lateral;1;;1;;;;;;;;5;;;;
19/06/2021;17:00:00;170;AV - Acidente com VITIMA;608;BR-324/BA;Oeste;Saida de Pista;;;;;;;;;;1;0;1;;;
19/06/2021;19:20:00;199;AV - Acidente com VITIMA;620;BR-324/BA;Oeste;Atropelamento de Pedestre;;;;;;1;;;;;1;;1;;
19/06/2021;20:14:00;205;AF - Acidente com Vitima Fatal;586,8;BR-324/BA;Leste;Atropelamento de Animal;2;;;;;1;1;;;;5;;;;1
19/06/2021;21:01:00;210;AV - Acidente com VITIMA;757,6;BR-116/BA;Norte;Atropelamento de Pedestre;;;;1;;;;;;;2;;1;;
19/06/2021;21:38:00;212;AV - Acidente com VITIMA;848,5;BR-116/BA;Sul;Saida de Pista;1;;;;;;;;;;1;1;1;;
20/06/2021;00:24:00;4;ASV - Acidente SEM Vítima;814,3;BR-116/BA;Sul;Colisão Traseira;;;;1;;;;;;1;3;;;;
20/06/2021;05:42:00;28;ASV - Acidente SEM Vítima;909;BR-116/BA;Norte;Colisão Lateral;;;2;;;;;;;;2;;;;
20/06/2021;06:37:00;41;ASV - Acidente SEM Vítima;567;BR-324/BA;Leste;Saida de Pista;1;;;;;;;;;;3;;;;
20/06/2021;10:20:00;86;ASV - Acidente SEM Vítima;571;BR-324/BA;Oeste;Saida de Pista;1;;;;;;;;;;1;;;;
20/06/2021;10:31:00;89;AV - Acidente com VITIMA;793,8;BR-116/BA;Sul;Colisão Lateral;1;;1;;;;;;;;2;1;;;
20/06/2021;12:18:00;100;ASV - Acidente SEM Vítima;618;BR-324/BA;Leste;Saida de Pista;1;;;;;;;;;;1;;;;
20/06/2021;16:25:00;131;ASV - Acidente SEM Vítima;633,5;BR-116/BA;Sul;Colisão Transversal;;;1;;;;;;;1;2;;;;
20/06/2021;19:22:00;159;ASV - Acidente SEM Vítima;903,9;BR-116/BA;Norte;Colisão Traseira;;;1;;;1;;;;;2;;;;
20/06/2021;20:12:00;165;AV - Acidente com VITIMA;626;BR-324/BA;Oeste;Queda de Moto;;;;1;;;;;;;0;1;;;
20/06/2021;22:33:00;180;ASV - Acidente SEM Vítima;809,5;BR-116/BA;Sul;Saida de Pista;1;;;;;;;;;;1;;;;
20/06/2021;23:13:00;185;AF - Acidente com Vitima Fatal;587;BR-324/BA;Leste;Saida de Pista;1;;;;;;;;;;0;;1;1;1
21/06/2021;05:10:00;12;ASV - Acidente SEM Vítima;602;BR-324/BA;Oeste;Saida de Pista;;;;;;;;;;1;3;;;;
21/06/2021;09:23:00;109;AV - Acidente com VITIMA;829;BR-116/BA;Norte;Engavetamento;;;;;;;;;;4;2;2;;;
21/06/2021;09:54:00;128;ASV - Acidente SEM Vítima;534,1;BR-324/BA;Oeste;Colisão Traseira;1;;;;;;;;;1;2;;;;
21/06/2021;10:19:00;140;ASV - Acidente SEM Vítima;616;BR-324/BA;Oeste;Saida de Pista;1;;;;;;;;;;3;;;;
21/06/2021;11:14:00;152;ASV - Acidente SEM Vítima;616;BR-324/BA;Leste;Colisão Traseira;2;;;;;;;;;;2;;;;
21/06/2021;11:34:00;156;ASV - Acidente SEM Vítima;613,1;BR-324/BA;Leste;Colisão Traseira;;;;;;1;;;;1;2;;;;
21/06/2021;11:56:00;159;ASV - Acidente SEM Vítima;613,7;BR-324/BA;Leste;Colisão Lateral;1;;1;;;;;;;;2;;;;
21/06/2021;18:53:00;272;ASV - Acidente SEM Vítima;554;BR-324/BA;Oeste;Saida de Pista;1;;;;;;;;;;3;;;;
21/06/2021;22:12:00;300;ASV - Acidente SEM Vítima;617;BR-116/BA;Sul;Colisão Lateral;;;2;;;;;;;1;4;;;;
21/06/2021;23:36:00;316;ASV - Acidente SEM Vítima;607;BR-324/BA;Leste;Colisão Traseira;1;;;;;1;;;;;2;;;;
22/06/2021;02:53:00;11;AV - Acidente com VITIMA;553;BR-116/BA;Sul;Saida de Pista;;;1;;;;;;;;0;;1;;
22/06/2021;06:46:00;36;ASV - Acidente SEM Vítima;613;BR-324/BA;Oeste;Colisão Traseira;1;;;;;;;;;;1;;;;
22/06/2021;07:40:00;75;ASV - Acidente SEM Vítima;858,5;BR-116/BA;Sul;Colisão Lateral;1;;;;1;;;;;;2;;;;
22/06/2021;09:08:00;114;ASV - Acidente SEM Vítima;608;BR-324/BA;Leste;Engavetamento;3;;;;;;;;;;3;;;;
22/06/2021;10:13:00;139;ASV - Acidente SEM Vítima;565;BR-324/BA;Oeste;Saida de Pista;;;1;;;;;;;;1;;;;
22/06/2021;10:19:00;144;ASV - Acidente SEM Vítima;543;BR-324/BA;Oeste;Saida de Pista;;;1;;;;;;;;1;;;;
22/06/2021;10:51:00;158;ASV - Acidente SEM Vítima;553;BR-324/BA;Oeste;Saida de Pista;1;;;;;;;;;;1;;;;
22/06/2021;11:28:00;166;ASV - Acidente SEM Vítima;530;BR-324/BA;Oeste;Saida de Pista;1;;;;;;;;;;1;;;;
22/06/2021;13:16:00;207;ASV - Acidente SEM Vítima;552;BR-324/BA;Leste;Engavetamento;3;;;;;1;;;;;4;;;;
22/06/2021;14:30:00;230;ASV - Acidente SEM Vítima;609,6;BR-116/BA;Sul;Saida de Pista;1;;;;;;;;;;1;;;;
22/06/2021;14:40:00;236;ASV - Acidente SEM Vítima;568,001;BR-324/BA;Leste;Saida de Pista;1;;;;;;;;;;2;;;;
22/06/2021;14:55:00;240;ASV - Acidente SEM Vítima;588;BR-324/BA;Oeste;Saida de Pista;1;;;;;;;;;;1;;;;
22/06/2021;15:27:00;246;AV - Acidente com VITIMA;761,1;BR-116/BA;Sul;Colisão Frontal;2;;;;;;;;;;0;;1;1;
22/06/2021;17:12:00;285;ASV - Acidente SEM Vítima;623;BR-324/BA;Oeste;Colisão Traseira;1;;;;;;;;;1;3;;;;
22/06/2021;19:01:00;311;AF - Acidente com Vitima Fatal;26;BR-116/BA - Cont VC;Sul;Choque - Outros;;;;1;;1;;;;;1;;;;1
23/06/2021;08:02:00;82;ASV - Acidente SEM Vítima;539,7;BR-324/BA;Oeste;Colisão Traseira;2;;;;;;;;;;8;;;;
23/06/2021;09:06:00;107;ASV - Acidente SEM Vítima;614;BR-324/BA;Oeste;Engavetamento;3;;;;;1;;;;;4;;;;
23/06/2021;10:37:00;139;ASV - Acidente SEM Vítima;6;BR-116/BA - ContSuFS;Sul;Colisão Lateral;1;;;;;1;;;;;2;;;;
23/06/2021;10:54:00;140;ASV - Acidente SEM Vítima;575;BR-324/BA;Oeste;Colisão Traseira;2;;;;;;;;;;2;;;;
23/06/2021;11:12:00;145;AV - Acidente com VITIMA;490;BR-116/BA;Sul;Saida de Pista;1;;;;;;;;;;0;3;1;;
23/06/2021;12:08:00;155;ASV - Acidente SEM Vítima;7,2;BA-526;Norte;Saida de Pista;1;;;;;;;;;;1;;;;
23/06/2021;12:28:00;163;ASV - Acidente SEM Vítima;589;BR-324/BA;Oeste;Colisão Traseira;2;;;;;;;;;;2;;;;
23/06/2021;12:39:00;167;ASV - Acidente SEM Vítima;535;BR-324/BA;Oeste;Colisão Traseira;1;;1;;;;;;;;2;;;;
23/06/2021;12:44:00;168;ASV - Acidente SEM Vítima;563;BR-324/BA;Leste;Saida de Pista;;;1;;;;;;;;1;;;;
23/06/2021;13:47:00;177;ASV - Acidente SEM Vítima;612;BR-324/BA;Oeste;Colisão Traseira;2;;;;;;;;;;2;;;;
23/06/2021;14:45:00;198;AV - Acidente com VITIMA;569;BR-324/BA;Oeste;Colisão Traseira;1;;;1;;;;;;;3;;1;;
23/06/2021;15:00:00;202;ASV - Acidente SEM Vítima;622,4;BR-324/BA;Oeste;Colisão Traseira;1;;;1;;;;;;;5;;;;
23/06/2021;15:09:00;206;ASV - Acidente SEM Vítima;574,001;BR-324/BA;Oeste;Engavetamento;4;;;;;;;;;;4;;;;
23/06/2021;15:25:00;209;ASV - Acidente SEM Vítima;606,001;BR-324/BA;Oeste;Colisão Traseira;2;;;;;1;;;;;3;;;;
23/06/2021;17:20:00;262;ASV - Acidente SEM Vítima;573;BR-324/BA;Oeste;Saida de Pista;;;1;;;;;;;;1;;;;
23/06/2021;17:50:00;274;ASV - Acidente SEM Vítima;619,3;BR-324/BA;Oeste;Queda de Moto;;;;1;;;;;;;1;;;;
23/06/2021;18:51:00;288;ASV - Acidente SEM Vítima;599;BR-324/BA;Oeste;Colisão Lateral;;;1;;;;;;;1;2;;;;
23/06/2021;20:17:00;307;ASV - Acidente SEM Vítima;470;BR-116/BA;Norte;Saida de Pista;1;;;;;;;;;;1;;;;
23/06/2021;23:24:00;349;AV - Acidente com VITIMA;15,7;BR-116/BA - Cont VC;Norte;Atropelamento de Animal;;;;1;;;;;;;0;1;1;;
23/06/2021;23:49:00;355;AV - Acidente com VITIMA;747;BR-116/BA;Norte;Colisão Lateral;;;;1;;1;;;;;1;1;;;
24/06/2021;00:36:00;3;AV - Acidente com VITIMA;674,05;BR-116/BA;Norte;Queda de Moto;;;;1;;;;;;;0;;1;;
24/06/2021;16:24:00;142;AV - Acidente com VITIMA;633;BR-116/BA;Sul;Queda de Moto;;;;1;;;;;;;0;;1;;
24/06/2021;16:27:00;144;ASV - Acidente SEM Vítima;569;BR-324/BA;Oeste;Saida de Pista;1;;;;;;;;;;2;;;;
24/06/2021;19:02:00;181;AV - Acidente com VITIMA;566;BR-324/BA;Leste;Queda de Moto;;;;1;;;;;;;0;2;;;
24/06/2021;19:34:00;184;ASV - Acidente SEM Vítima;792;BR-116/BA;Norte;Colisão Lateral;1;;1;;;;;;;;2;;;;
25/06/2021;01:34:00;6;AV - Acidente com VITIMA;10;BR-116/BA - Cont VC;Norte;Queda de Moto;;;;1;;;;;;;0;1;;;
25/06/2021;06:27:00;30;AV - Acidente com VITIMA;827;BR-116/BA;Norte;Atropelamento de Animal;;;;1;;;;;;;0;1;;;
25/06/2021;06:52:00;35;ASV - Acidente SEM Vítima;615;BR-324/BA;Leste;Colisão Lateral;2;;;;;;;;;;2;;;;
25/06/2021;10:57:00;90;ASV - Acidente SEM Vítima;739,5;BR-116/BA;Sul;Colisão Lateral;1;;;;;;;;;;5;;;;
25/06/2021;12:03:00;98;ASV - Acidente SEM Vítima;751,5;BR-116/BA;Sul;Saida de Pista;1;;;;;;;;;;5;;;;
25/06/2021;14:54:00;137;ASV - Acidente SEM Vítima;597;BR-324/BA;Leste;Saida de Pista;1;;;;;;;;;;2;;;;
25/06/2021;15:47:00;148;ASV - Acidente SEM Vítima;521,6;BR-324/BA;Oeste;Engavetamento;2;;;;;;;;;;4;;;;
25/06/2021;19:14:00;213;ASV - Acidente SEM Vítima;9,7;BR-116/BA - Cont VC;Norte;Atropelamento de Animal;;;1;;;;;;;;1;;;;
25/06/2021;19:45:00;221;ASV - Acidente SEM Vítima;9;BR-116/BA - Cont VC;Norte;Queda de Moto;;;;1;;;;;;;1;;;;
25/06/2021;21:10:00;235;ASV - Acidente SEM Vítima;585;BR-324/BA;Oeste;Atropelamento de Animal;1;;;;;;;;;;3;;;;
26/06/2021;06:51:00;33;ASV - Acidente SEM Vítima;568;BR-324/BA;Leste;Saida de Pista;1;;;;;;;;;;4;;;;
26/06/2021;15:25:00;144;ASV - Acidente SEM Vítima;601;BR-116/BA;Norte;Capotamento;1;;;;;;;;;;1;;;;
26/06/2021;15:34:00;146;ASV - Acidente SEM Vítima;439;BR-116/BA;Sul;Saida de Pista;1;;;;;;;;;;2;;;;
26/06/2021;22:04:00;209;AV - Acidente com VITIMA;816,4;BR-116/BA;Sul;Colisão Traseira;;;;1;;1;;;;;1;2;;;
27/06/2021;06:31:00;27;ASV - Acidente SEM Vítima;803,8;BR-116/BA;Sul;Engavetamento;;;2;;;;;;;1;3;;;;
27/06/2021;07:10:00;38;ASV - Acidente SEM Vítima;607;BR-324/BA;Oeste;Queda de Moto;;;;1;;;;;;;2;;;;
27/06/2021;12:33:00;111;ASV - Acidente SEM Vítima;574;BR-324/BA;Leste;Engavetamento;2;;;;;1;;;;1;4;;;;
27/06/2021;13:15:00;116;ASV - Acidente SEM Vítima;572;BR-324/BA;Leste;Engavetamento;1;;;;;1;;;;1;3;;;;
27/06/2021;13:29:00;118;ASV - Acidente SEM Vítima;568;BR-324/BA;Oeste;Engavetamento;;;;;;1;;;;1;2;;;;
27/06/2021;14:52:00;140;ASV - Acidente SEM Vítima;563;BR-324/BA;Leste;Colisão Traseira;1;;;;;1;;;;;2;;;;
27/06/2021;15:33:00;162;ASV - Acidente SEM Vítima;567;BR-324/BA;Leste;Engavetamento;4;;;;;;;;;;14;;;;