data;horario;n_da_ocorrencia;tipo_de_ocorrencia;km;trecho;sentido;tipo_de_acidente;automovel;bicicleta;caminhao;moto;onibus;outros;tracao_animal;transporte_de_cargas_especiais;trator_maquinas;utilitarios;ilesos;levemente_feridos;moderadamente_feridos;gravemente_feridos;mortos
27/06/2021;16:24:00;181;ASV - Acidente SEM Vítima;555;BR-324/BA;Leste;Colisão Traseira;2;;;;;;;;;;2;;;;
27/06/2021;16:37:00;188;ASV - Acidente SEM Vítima;560;BR-324/BA;Leste;Colisão Traseira;1;;;;;;;;;1;8;;;;
27/06/2021;18:56:00;250;AV - Acidente com VITIMA;619,798;BR-324/BA;Leste;Saida de Pista;1;;;;;;;;;1;0;3;;1;
27/06/2021;19:05:00;254;AV - Acidente com VITIMA;13;BR-116/BA - Cont VC;Norte;Colisão Transversal;1;;;1;;;;;;;4;1;;;
27/06/2021;19:35:00;261;ASV - Acidente SEM Vítima;599;BR-324/BA;Leste;Colisão Lateral;1;;1;;;;;;;;2;;;;
27/06/2021;22:34:00;289;AV - Acidente com VITIMA;577;BR-324/BA;Oeste;Saida de Pista;1;;;;;;;;;;4;;3;;
28/06/2021;01:31:00;12;ASV - Acidente SEM Vítima;581;BR-324/BA;Oeste;Saida de Pista;1;;;;;;;;;;2;;;;
28/06/2021;06:01:00;28;AV - Acidente com VITIMA;9,5;BR-116/BA - Cont VC;Norte;Queda de Moto;;;;1;;;;;;;0;1;;;
28/06/2021;07:22:00;67;ASV - Acidente SEM Vítima;543;BR-324/BA;Oeste;Engavetamento;2;;1;;;;;;;;5;;;;
28/06/2021;08:00:00;88;ASV - Acidente SEM Vítima;518;BR-324/BA;Leste;Engavetamento;3;;;;;;;;;1;8;;;;
28/06/2021;09:49:00;138;A PP - Acidente envolvendo Produto Perigoso;846;BR-116/BA;Norte;Tombamento;;;1;;;;;;;;1;;;;
28/06/2021;10:42:00;159;ASV - Acidente SEM Vítima;761;BR-116/BA;Norte;Colisão Traseira;;;2;;;;;;;;2;;;;
28/06/2021;12:44:00;189;ASV - Acidente SEM Vítima;540,8;BR-324/BA;Leste;Saida de Pista;1;;;;;;;;;;1;;;;
28/06/2021;13:50:00;198;AV - Acidente com VITIMA;735;BR-116/BA;Sul;Tombamento;;;1;;;;;;;;0;;1;;
28/06/2021;18:29:00;272;ASV - Acidente SEM Vítima;592;BR-324/BA;Oeste;Colisão Lateral;1;;1;;;;;;;;2;;;;
28/06/2021;19:05:00;280;ASV - Acidente SEM Vítima;537;BR-324/BA;Oeste;Colisão Transversal;;;1;;;;;;;1;4;;;;
28/06/2021;20:00:00;291;ASV - Acidente SEM Vítima;817,3;BR-116/BA;Sul;Choque Contra Objeto Fixo;;;1;;;;;;;;1;;;;
29/06/2021;01:19:00;10;ASV - Acidente SEM Vítima;473,5;BR-116/BA;Norte;Colisão Traseira;;;2;;;;;;;;3;;;;
29/06/2021;05:27:00;22;ASV - Acidente SEM Vítima;460,2;BR-116/BA;Norte;Colisão Traseira;;;2;;;;;;;;2;;;;
29/06/2021;06:01:00;23;AV - Acidente com VITIMA;562;BR-324/BA;Oeste;Saida de Pista;;;1;;;;;;;;0;1;1;;
29/06/2021;06:49:00;30;ASV - Acidente SEM Vítima;575,749;BR-324/BA;Oeste;Saida de Pista;;;;;;;;;;1;5;;;;
29/06/2021;08:02:00;74;ASV - Acidente SEM Vítima;622;BR-324/BA;Leste;Colisão Traseira;2;;;;;;;;;;3;;;;
29/06/2021;08:02:00;75;ASV - Acidente SEM Vítima;525;BR-324/BA;Leste;Engavetamento;3;;;;;;;;;;4;;;;
29/06/2021;08:17:00;92;ASV - Acidente SEM Vítima;524,6;BR-324/BA;Leste;Colisão Traseira;2;;;;;;;;;;2;;;;
29/06/2021;15:54:00;212;ASV - Acidente SEM Vítima;908;BR-116/BA;Sul;Engavetamento;;;3;;;;;;;;3;;;;
29/06/2021;22:17:00;271;ASV - Acidente SEM Vítima;584;BR-324/BA;Leste;Colisão Lateral;1;;;;;1;;;;;7;;;;
30/06/2021;05:51:00;23;ASV - Acidente SEM Vítima;557;BR-324/BA;Oeste;Saida de Pista;1;;;;;;;;;;1;;;;
30/06/2021;11:00:00;115;ASV - Acidente SEM Vítima;15,5;BR-116/BA - Cont VC;Sul;Colisão Traseira;;;2;;;;;;;;2;;;;
30/06/2021;12:38:00;137;ASV - Acidente SEM Vítima;15;BR-116/BA - Cont VC;Norte;Colisão Lateral;1;;1;;;;;;;;2;;;;
30/06/2021;12:40:00;139;ASV - Acidente SEM Vítima;914;BR-116/BA;Sul;Colisão Lateral;1;;;;;1;;;;;2;;;;
30/06/2021;16:11:00;187;AV - Acidente com VITIMA;427;BR-116/BA;Sul;Colisão Lateral;1;;;1;;;;;;;2;2;;;
30/06/2021;22:27:00;266;AF - Acidente com Vitima Fatal;818,3;BR-116/BA;Norte;Queda de Moto;;;;1;;;;;;;0;;;;1
30/06/2021;23:41:00;269;ASV - Acidente SEM Vítima;876,5;BR-116/BA;Norte;Saida de Pista;;;1;;;;;;;;1;;;;
01/07/2021;00:33:00;3;ASV - Acidente SEM Vítima;533,5;BR-116/BA;Sul;Tombamento;;;1;;;;;;;;1;;;;
01/07/2021;06:27:00;18;AV - Acidente com VITIMA;565,5;BR-116/BA;Norte;Saida de Pista;;;1;;;;;;;;0;1;;;
01/07/2021;11:20:00;124;ASV - Acidente SEM Vítima;774;BR-116/BA;Norte;Engavetamento;;;3;;;;;;;;3;;;;
01/07/2021;11:23:00;125;AV - Acidente com VITIMA;11;BR-116/BA - Cont VC;Sul;Atropelamento - Ciclista;1;1;;;;;;;;;3;;1;;
01/07/2021;13:45:00;168;AV - Acidente com VITIMA;836,9;BR-116/BA;Sul;Saida de Pista;;;;;;;;;;1;0;2;;;
01/07/2021;16:05:00;226;ASV - Acidente SEM Vítima;773,8;BR-116/BA;Norte;Colisão Lateral;1;;;;;;;;;1;4;;;;
01/07/2021;16:51:00;235;ASV - Acidente SEM Vítima;811,3;BR-116/BA;Sul;Engavetamento;;;2;;1;;;;;;20;;;;
01/07/2021;18:11:00;264;ASV - Acidente SEM Vítima;827,5;BR-116/BA;Sul;Engavetamento;2;;;;;;;;;1;3;;;;
01/07/2021;18:20:00;266;ASV - Acidente SEM Vítima;526;BR-324/BA;Leste;Engavetamento;4;;;;;;;;;;11;;;;
01/07/2021;18:22:00;267;ASV - Acidente SEM Vítima;542;BR-116/BA;Norte;Colisão Transversal;1;;1;;;;;;;;2;;;;
01/07/2021;18:37:00;273;AF - Acidente com Vitima Fatal;477;BR-116/BA;Sul;Sequência;;;1;1;;1;;;;;2;;;;2
01/07/2021;19:40:00;289;ASV - Acidente SEM Vítima;550;BR-324/BA;Oeste;Saida de Pista;1;;;;;;;;;;4;;;;
01/07/2021;21:11:00;308;ASV - Acidente SEM Vítima;623;BR-324/BA;Leste;Colisão Traseira;2;;;;;;;;;;2;;;;
01/07/2021;21:46:00;316;AF - Acidente com Vitima Fatal;728;BR-116/BA;Sul;Colisão Frontal;;;2;;;;;;;;0;;1;;1
02/07/2021;00:00:00;2;ASV - Acidente SEM Vítima;598;BR-324/BA;Leste;Atropelamento de Animal;;;1;;;;;;;;1;;;;
02/07/2021;08:04:00;39;ASV - Acidente SEM Vítima;612;BR-324/BA;Oeste;Engavetamento;3;;;;;;;;;;3;;;;
02/07/2021;11:38:00;86;ASV - Acidente SEM Vítima;544;BR-324/BA;Oeste;Engavetamento;2;;;;;;;;;1;4;;;;
02/07/2021;12:11:00;94;AV - Acidente com VITIMA;574,1;BR-324/BA;Oeste;Sequência;;;1;1;;1;;;;;2;;;1;
02/07/2021;12:51:00;98;ASV - Acidente SEM Vítima;577;BR-324/BA;Oeste;Saida de Pista;;;1;;;;;;;;1;;;;
02/07/2021;13:17:00;105;ASV - Acidente SEM Vítima;448,2;BR-116/BA;Sul;Saida de Pista;1;;;;;;;;;;1;;;;
02/07/2021;14:16:00;116;ASV - Acidente SEM Vítima;529;BR-324/BA;Oeste;Saida de Pista;1;;;;;;;;;;1;;;;
02/07/2021;14:57:00;127;ASV - Acidente SEM Vítima;584;BR-324/BA;Oeste;Engavetamento;3;;;;;;;;;;10;;;;
02/07/2021;15:38:00;139;ASV - Acidente SEM Vítima;586;BR-324/BA;Leste;Saida de Pista;1;;;;;;;;;;1;;;;
02/07/2021;15:49:00;142;ASV - Acidente SEM Vítima;908;BR-116/BA;Sul;Colisão Traseira;;;2;;;;;;;;2;;;;
02/07/2021;21:45:00;197;ASV - Acidente SEM Vítima;587;BR-324/BA;Leste;Saida de Pista;1;;;;;;;;;;3;;;;
03/07/2021;00:55:00;6;AV - Acidente com VITIMA;587,3;BR-324/BA;Leste;Saida de Pista;;;;;;;;;;1;0;3;;;
03/07/2021;05:28:00;25;ASV - Acidente SEM Vítima;670;BR-116/BA;Norte;Saida de Pista;;;1;;;;;;;;1;;;;
03/07/2021;06:37:00;41;AV - Acidente com VITIMA;928,3;BR-116/BA;Norte;Colisão Lateral;1;;;;;;;;;;1;;1;;
03/07/2021;11:53:00;102;AV - Acidente com VITIMA;832;BR-116/BA;Norte;Colisão Transversal;1;;1;;;;;;;;3;;1;;
03/07/2021;15:23:00;153;AF - Acidente com Vitima Fatal;530;BR-116/BA;Norte;Colisão Frontal;2;;;;;;;;;;0;;3;;1
03/07/2021;15:53:00;162;ASV - Acidente SEM Vítima;565;BR-324/BA;Oeste;Saida de Pista;;;1;;;;;;;;1;;;;
03/07/2021;16:48:00;172;AV - Acidente com VITIMA;760;BR-116/BA;Norte;Colisão Transversal;;;1;1;;;;;;;1;1;1;;
03/07/2021;17:44:00;183;AF - Acidente com Vitima Fatal;576;BR-324/BA;Leste;Colisão Frontal;1;;;1;;;;;;;1;;;;1
03/07/2021;18:15:00;186;ASV - Acidente SEM Vítima;607,4;BR-324/BA;Leste;Sequência;3;;;;;;;;;;7;;;;
04/07/2021;03:39:00;13;AV - Acidente com VITIMA;818;BR-116/BA;Norte;Colisão Traseira;1;;1;;;;;;;;4;1;;1;
04/07/2021;06:51:00;26;ASV - Acidente SEM Vítima;444,2;BR-116/BA;Norte;Saida de Pista;1;;;;;;;;;;4;;;;
04/07/2021;10:54:00;76;AV - Acidente com VITIMA;697;BR-116/BA;Sul;Colisão Lateral;1;;1;;;1;;;;;2;;1;;
04/07/2021;11:15:00;80;ASV - Acidente SEM Vítima;596;BR-116/BA;Sul;Saida de Pista;;;1;;;;;;;;1;;;;
04/07/2021;16:42:00;146;ASV - Acidente SEM Vítima;537;BR-324/BA;Leste;Colisão Transversal;1;;1;;;;;;;;2;;;;
04/07/2021;17:36:00;158;ASV - Acidente SEM Vítima;496;BR-116/BA;Norte;Colisão Lateral;;;1;;;;;;;1;3;;;;
04/07/2021;17:53:00;161;AV - Acidente com VITIMA;859;BR-116/BA;Norte;Colisão Transversal;;;;1;;1;;;;;1;;1;;
04/07/2021;17:56:00;162;ASV - Acidente SEM Vítima;551;BR-324/BA;Leste;Engavetamento;3;;;;;;;;;;13;;;;
04/07/2021;18:07:00;164;AV - Acidente com VITIMA;8,5;BR-116/BA - Cont VC;Sul;Colisão Lateral;2;;;;;;;;;;0;1;1;1;
04/07/2021;18:14:00;166;ASV - Acidente SEM Vítima;605;BR-324/BA;Leste;Engavetamento;3;;;;;;;;;;7;;;;
04/07/2021;19:36:00;178;ASV - Acidente SEM Vítima;519;BR-324/BA;Oeste;Atropelamento de Animal;1;;;;;;;;;;1;;;;
04/07/2021;21:09:00;189;ASV - Acidente SEM Vítima;803,7;BR-116/BA;Sul;Colisão Lateral;1;;1;;;;;;;;4;;;;
04/07/2021;22:36:00;203;ASV - Acidente SEM Vítima;583;BR-324/BA;Oeste;Saida de Pista;;;;;;;;;;1;2;;;;
05/07/2021;04:53:00;14;ASV - Acidente SEM Vítima;543;BR-324/BA;Oeste;Colisão Transversal;;;1;;;1;;;;;2;;;;
05/07/2021;07:14:00;60;ASV - Acidente SEM Vítima;646,8;BR-116/BA;Sul;Queda de Moto;;;;1;;;;;;;1;;;;
05/07/2021;07:31:00;64;AV - Acidente com VITIMA;614;BR-324/BA;Oeste;Engavetamento;2;;1;;;1;;;;;4;1;;;
05/07/2021;08:10:00;75;AV - Acidente com VITIMA;573;BR-324/BA;Leste;Colisão Lateral;1;;1;1;;;;;;;3;2;;;
05/07/2021;10:30:00;108;AV - Acidente com VITIMA;560;BR-324/BA;Oeste;Colisão Transversal;2;;;;;;;;;;5;2;;2;
05/07/2021;11:14:00;122;AV - Acidente com VITIMA;595;BR-324/BA;Oeste;Saida de Pista;1;;;;;;;;;;0;;1;;
05/07/2021;15:03:00;163;AV - Acidente com VITIMA;755;BR-116/BA;Sul;Atropelamento de Animal;;;;1;;;;;;;0;2;;;
05/07/2021;17:34:00;203;ASV - Acidente SEM Vítima;603,08;BR-324/BA;Leste;Colisão Traseira;2;;;;;;;;;;2;;;;
05/07/2021;18:59:00;221;ASV - Acidente SEM Vítima;17;BR-116/BA - Cont VC;Sul;Colisão Transversal;2;;;;;;;;;;3;;;;
05/07/2021;19:05:00;226;ASV - Acidente SEM Vítima;887;BR-116/BA;Sul;Colisão Traseira;;;2;;;;;;;;2;;;;
05/07/2021;19:15:00;229;AV - Acidente com VITIMA;582;BR-324/BA;Leste;Saida de Pista;1;;;;;;;;;;0;;1;;
05/07/2021;23:09:00;250;ASV - Acidente SEM Vítima;6;BA-526;Norte;Atropelamento de Animal;1;;;;;;;;;;1;;;;
06/07/2021;07:40:00;54;ASV - Acidente SEM Vítima;581;BR-116/BA;Sul;Saida de Pista;1;;;;;;;;;;1;;;;
06/07/2021;08:27:00;80;ASV - Acidente SEM Vítima;474,9;BR-116/BA;Sul;Saida de Pista;1;;;;;;;;;;1;;;;
06/07/2021;09:00:00;91;ASV - Acidente SEM Vítima;612,9;BR-324/BA;Leste;Engavetamento;1;;;;;2;;;;;3;;;;
06/07/2021;09:39:00;99;ASV - Acidente SEM Vítima;525;BR-116/BA;Sul;Saida de Pista;;;;;;;;;;1;1;;;;
06/07/2021;10:40:00;119;ASV - Acidente SEM Vítima;610;BR-324/BA;Leste;Choque Contra Objeto Fixo;;;2;;;;;;;;2;;;;
06/07/2021;12:00:00;147;ASV - Acidente SEM Vítima;615;BR-324/BA;Leste;Colisão Lateral;;;1;;1;;;;;;3;;;;
06/07/2021;14:25:00;189;ASV - Acidente SEM Vítima;556;BR-324/BA;Leste;Saida de Pista;1;;;;;;;;;;1;;;;
06/07/2021;15:29:00;205;ASV - Acidente SEM Vítima;757;BR-116/BA;Norte;Colisão Traseira;;;2;;;;;;;;3;;;;
06/07/2021;18:02:00;236;ASV - Acidente SEM Vítima;549;BR-324/BA;Oeste;Colisão Traseira;1;;;;;;;;;1;2;;;;
06/07/2021;18:26:00;241;ASV - Acidente SEM Vítima;829;BR-116/BA;Sul;Colisão Transversal;;;1;;;1;;;;;2;;;;
06/07/2021;22:04:00;278;ASV - Acidente SEM Vítima;731;BR-116/BA;Norte;Saida de Pista;;;1;;;;;;;;1;;;;
07/07/2021;03:00:00;7;AV - Acidente com VITIMA;508;BR-116/BA;Norte;Saida de Pista;1;;;;;;;;;;1;1;1;;
07/07/2021;05:06:00;15;ASV - Acidente SEM Vítima;551;BR-324/BA;Leste;Colisão Traseira;;;1;;1;;;;;;31;;;;
07/07/2021;10:28:00;128;ASV - Acidente SEM Vítima;818,95;BR-116/BA;Norte;Tombamento;;;1;;;;;;;;1;;;;
07/07/2021;15:31:00;196;ASV - Acidente SEM Vítima;552;BR-324/BA;Leste;Colisão Lateral;1;;;;;;;;;;1;;;;
07/07/2021;17:53:00;221;ASV - Acidente SEM Vítima;519;BR-324/BA;Oeste;Engavetamento;3;;;;;2;;;;;5;;;;
07/07/2021;19:06:00;242;ASV - Acidente SEM Vítima;8;BA-526;Sul;Choque Contra Objeto Fixo;1;;;;;;;;;;1;;;;
08/07/2021;07:00:00;40;ASV - Acidente SEM Vítima;526,3;BR-324/BA;Oeste;Engavetamento;1;;2;;;;;;;1;9;;;;
08/07/2021;07:44:00;63;ASV - Acidente SEM Vítima;533;BR-116/BA;Sul;Colisão Traseira;1;;;;;1;;;;;2;;;;
08/07/2021;08:24:00;75;ASV - Acidente SEM Vítima;563;BR-116/BA;Norte;Engavetamento;;;4;;;1;;;;;5;;;;
08/07/2021;12:32:00;160;ASV - Acidente SEM Vítima;534;BR-324/BA;Oeste;Colisão Lateral;1;;;;;;;;;1;4;;;;
08/07/2021;14:21:00;186;ASV - Acidente SEM Vítima;557;BR-324/BA;Oeste;Saida de Pista;1;;;;;;;;;;4;;;;
08/07/2021;14:49:00;198;AF - Acidente com Vitima Fatal;462;BR-116/BA;Sul;Atropelamento de Pedestre;;;2;1;;;;;;;2;;;;1
08/07/2021;18:36:00;245;ASV - Acidente SEM Vítima;618,9;BR-324/BA;Leste;Engavetamento;2;;;;;;;;;1;4;;;;
08/07/2021;18:59:00;257;ASV - Acidente SEM Vítima;618,9;BR-324/BA;Leste;Engavetamento;1;;;;;2;;;;;3;;;;
09/07/2021;02:53:00;3;ASV - Acidente SEM Vítima;518;BR-324/BA;Oeste;Atropelamento de Animal;;;;;;;;;;1;1;;;;
09/07/2021;03:46:00;7;AV - Acidente com VITIMA;491,1;BR-116/BA;Norte;Saida de Pista;;;1;;;;;;;;0;;1;;
09/07/2021;08:47:00;84;ASV - Acidente SEM Vítima;545;BR-324/BA;Leste;Colisão Transversal;1;;;;;;;;;1;2;;;;
09/07/2021;11:07:00;138;ASV - Acidente SEM Vítima;623;BR-324/BA;Leste;Colisão Traseira;1;;;1;;;;;;;5;;;;
09/07/2021;11:46:00;151;AV - Acidente com VITIMA;621;BR-324/BA;Leste;Colisão Traseira;1;;;1;;;;;;;1;;1;;
09/07/2021;11:59:00;154;AV - Acidente com VITIMA;16;BR-116/BA - Cont VC;Sul;Queda de Moto;;;;1;;;;;;;0;;1;;
09/07/2021;17:12:00;257;ASV - Acidente SEM Vítima;525;BR-324/BA;Leste;Sequência;1;;1;;;;;;;1;3;;;;
09/07/2021;17:48:00;267;ASV - Acidente SEM Vítima;612;BR-324/BA;Leste;Colisão Traseira;2;;;;;;;;;;2;;;;
09/07/2021;19:20:00;287;ASV - Acidente SEM Vítima;599,001;BR-324/BA;Leste;Colisão Traseira;;;2;;;;;;;;4;;;;
09/07/2021;18:15:00;296;ASV - Acidente SEM Vítima;525;BR-324/BA;Leste;Engavetamento;2;;;;;1;;;;;3;;;;
09/07/2021;20:48:00;307;ASV - Acidente SEM Vítima;575;BR-324/BA;Oeste;Saida de Pista;1;;;;;;;;;;1;;;;
09/07/2021;22:52:00;327;ASV - Acidente SEM Vítima;523;BR-324/BA;Leste;Saida de Pista;1;;;;;;;;;;1;;;;
10/07/2021;00:23:00;3;ASV - Acidente SEM Vítima;627,6;BR-116/BA;Norte;Saida de Pista;;;1;;;;;;;;1;;;;
10/07/2021;01:31:00;10;AV - Acidente com VITIMA;856,7;BR-116/BA;Norte;Queda de Moto;;;;1;;;;;;;1;;1;;
10/07/2021;01:42:00;11;ASV - Acidente SEM Vítima;567;BR-324/BA;Oeste;Saida de Pista;;;1;;;;;;;;1;;;;
10/07/2021;08:19:00;44;ASV - Acidente SEM Vítima;652;BR-116/BA;Sul;Colisão Traseira;;;2;;;;;;;;2;;;;
10/07/2021;09:42:00;62;ASV - Acidente SEM Vítima;611,5;BR-324/BA;Oeste;Saida de Pista;1;;;;;;;;;;1;;;;
10/07/2021;16:17:00;157;AF - Acidente com Vitima Fatal;709;BR-116/BA;Sul;Colisão Transversal;;;1;1;;;;;;;1;;;;1
10/07/2021;17:54:00;176;ASV - Acidente SEM Vítima;564,3;BR-324/BA;Oeste;Saida de Pista;1;;;;;;;;;;1;;;;
10/07/2021;17:56:00;177;AF - Acidente com Vitima Fatal;839;BR-116/BA;Sul;Colisão Frontal;;;;2;;;;;;;0;1;;1;1
10/07/2021;18:09:00;179;AV - Acidente com VITIMA;778,001;BR-116/BA;Norte;Atropelamento - Ciclista;;1;;;;1;;;;;1;;1;;
10/07/2021;19:43:00;198;AV - Acidente com VITIMA;2;BR-116/BA - ContSuFS;Sul;Colisão Traseira;;;1;1;;;;;;;1;;;1;
10/07/2021;22:53:00;215;ASV - Acidente SEM Vítima;549,7;BR-324/BA;Leste;Atropelamento de Animal;1;;;;;;;;;;5;;;;
10/07/2021;23:54:00;227;ASV - Acidente SEM Vítima;501;BR-116/BA;Sul;Saida de Pista;;;1;;;;;;;;1;;;;
11/07/2021;00:59:00;10;ASV - Acidente SEM Vítima;551;BR-324/BA;Leste;Colisão Traseira;1;;1;;;;;;;;3;;;;
11/07/2021;10:08:00;86;AV - Acidente com VITIMA;447;BR-116/BA;Norte;Saida de Pista;;;;1;;;;;;;0;2;;;
11/07/2021;10:16:00;87;AV - Acidente com VITIMA;583;BR-324/BA;Oeste;Saida de Pista;1;;;;;;;;;;4;;1;;
11/07/2021;11:08:00;94;ASV - Acidente SEM Vítima;543,2;BR-324/BA;Oeste;Saida de Pista;1;;;;;;;;;;1;;;;
11/07/2021;11:39:00;99;ASV - Acidente SEM Vítima;661,5;BR-116/BA;Norte;Engavetamento;;;3;;;;;;;;3;;;;
11/07/2021;12:22:00;112;ASV - Acidente SEM Vítima;492;BR-116/BA;Norte;Saida de Pista;;;1;;;;;;;;1;;;;
11/07/2021;19:21:00;219;ASV - Acidente SEM Vítima;581;BR-324/BA;Leste;Saida de Pista;1;;;;;;;;;;1;;;;
11/07/2021;19:58:00;231;ASV - Acidente SEM Vítima;545;BR-324/BA;Leste;Colisão Transversal;2;;;;;;;;;;7;;;;
11/07/2021;20:07:00;232;ASV - Acidente SEM Vítima;610;BR-324/BA;Leste;Saida de Pista;1;;;;;;;;;;1;;;;
11/07/2021;23:38:00;265;AV - Acidente com VITIMA;564,5;BR-324/BA;Leste;Queda de Moto;;;;1;;;;;;;0;;1;;
12/07/2021;01:03:00;12;ASV - Acidente SEM Vítima;583;BR-324/BA;Leste;Saida de Pista;1;;;;;;;;;;1;;;;
12/07/2021;05:54:00;31;AV - Acidente com VITIMA;818;BR-116/BA;Norte;Colisão Transversal;1;1;;;;;;;;;1;;1;;
12/07/2021;06:51:00;39;AV - Acidente com VITIMA;616;BR-324/BA;Oeste;Colisão Lateral;1;;1;1;;;;;;;1;2;;;
12/07/2021;07:47:00;55;ASV - Acidente SEM Vítima;829,8;BR-116/BA;Norte;Engavetamento;2;;1;;;;;;;;7;;;;
12/07/2021;12:21:00;125;ASV - Acidente SEM Vítima;620;BR-324/BA;Leste;Choque Contra Objeto Fixo;;;;;;;;;;1;1;;;;
12/07/2021;14:58:00;157;ASV - Acidente SEM Vítima;622;BR-324/BA;Leste;Sequência;2;;1;;;;;;;;3;;;;
12/07/2021;16:00:00;173;ASV - Acidente SEM Vítima;584,8;BR-324/BA;Oeste;Colisão Traseira;;;;;;1;;;;1;2;;;;
12/07/2021;17:39:00;202;AV - Acidente com VITIMA;9;BR-116/BA - Cont VC;Sul;Colisão Transversal;1;;;1;;;;;;;1;1;;;
12/07/2021;19:02:00;224;AV - Acidente com VITIMA;582,6;BR-324/BA;Leste;Saida de Pista;1;;;;;;;;;;0;1;;;
12/07/2021;19:45:00;234;AV - Acidente com VITIMA;610;BR-324/BA;Oeste;Atropelamento de Pedestre;;;;;;1;;;;;1;;;1;
13/07/2021;02:41:00;8;ASV - Acidente SEM Vítima;662;BR-116/BA;Sul;Saida de Pista;;;1;;;;;;;;2;;;;
13/07/2021;08:44:00;72;AV - Acidente com VITIMA;621;BR-324/BA;Leste;Colisão Traseira;1;;;1;;;;;;;1;1;;;
13/07/2021;16:06:00;177;ASV - Acidente SEM Vítima;534;BR-324/BA;Oeste;Colisão Traseira;1;;1;;;;;;;;2;;;;
13/07/2021;16:19:00;183;ASV - Acidente SEM Vítima;535;BR-324/BA;Oeste;Sequência;1;;2;;;;;;;;7;;;;
13/07/2021;17:01:00;193;ASV - Acidente SEM Vítima;535;BR-324/BA;Oeste;Colisão Traseira;1;;;;;1;;;;;5;;;;
13/07/2021;17:43:00;203;ASV - Acidente SEM Vítima;632,5;BR-116/BA;Norte;Colisão Transversal;;;2;;;;;;;;2;;;;
13/07/2021;21:27:00;233;ASV - Acidente SEM Vítima;543;BR-324/BA;Leste;Saida de Pista;;;;;;;;;;1;1;;;;
14/07/2021;05:25:00;18;ASV - Acidente SEM Vítima;537;BR-324/BA;Oeste;Saida de Pista;1;;;;;;;;;;1;;;;
14/07/2021;08:34:00;86;ASV - Acidente SEM Vítima;623;BR-324/BA;Oeste;Colisão Traseira;2;;;;;;;;;;2;;;;
14/07/2021;13:43:00;171;ASV - Acidente SEM Vítima;537;BR-324/BA;Oeste;Saida de Pista;1;;1;;;;;;;;2;;;;
14/07/2021;19:21:00;261;ASV - Acidente SEM Vítima;626;BR-324/BA;Oeste;Colisão Traseira;2;;;;;;;;;;2;;;;
14/07/2021;21:47:00;279;AV - Acidente com VITIMA;547;BR-324/BA;Oeste;Colisão Traseira;1;;;;;1;;;;;1;;;1;
15/07/2021;02:25:00;10;ASV - Acidente SEM Vítima;814;BR-116/BA;Sul;Atropelamento de Animal;;;1;;;;;;;;1;;;;
15/07/2021;09:38:00;113;AV - Acidente com VITIMA;485;BR-116/BA;Sul;Capotamento;;;2;;;;;;;;1;1;1;;
15/07/2021;09:38:00;114;AF - Acidente com Vitima Fatal;508;BR-116/BA;Sul;Colisão Frontal;1;;;;;;;;;1;1;;3;;1
15/07/2021;13:12:00;159;ASV - Acidente SEM Vítima;523;BR-116/BA;Norte;Choque Contra Objeto Fixo;1;;;;;;;;;;3;;;;
15/07/2021;13:32:00;167;AV - Acidente com VITIMA;621;BR-324/BA;Oeste;Queda de Moto;;;;;;1;;;;;1;;1;;
15/07/2021;18:42:00;235;AV - Acidente com VITIMA;894;BR-116/BA;Sul;Colisão Traseira;;;;2;;;;;;;1;1;;;
16/07/2021;05:10:00;16;ASV - Acidente SEM Vítima;453;BR-116/BA;Norte;Saida de Pista;;;1;;;;;;;;1;;;;
16/07/2021;05:40:00;18;ASV - Acidente SEM Vítima;453;BR-116/BA;Norte;Saida de Pista;;;1;;;;;;;;1;;;;
16/07/2021;06:47:00;41;ASV - Acidente SEM Vítima;583;BR-324/BA;Leste;Saida de Pista;1;;;;;;;;;;1;;;;
16/07/2021;08:47:00;85;ASV - Acidente SEM Vítima;531,14;BR-324/BA;Leste;Colisão Traseira;1;;1;;;;;;;;2;;;;
16/07/2021;09:17:00;95;ASV - Acidente SEM Vítima;622,8;BR-324/BA;Leste;Colisão Traseira;2;;;;;;;;;;2;;;;
16/07/2021;09:32:00;97;ASV - Acidente SEM Vítima;620;BR-324/BA;Leste;Colisão Traseira;1;;1;;;;;;;;2;;;;
16/07/2021;12:50:00;147;ASV - Acidente SEM Vítima;534;BR-324/BA;Oeste;Colisão Traseira;2;;;;;;;;;;2;;;;
16/07/2021;09:42:00;158;AV - Acidente com VITIMA;622,8;BR-324/BA;Leste;Colisão Lateral;1;;;;;1;;;;;1;1;;;
16/07/2021;14:24:00;168;ASV - Acidente SEM Vítima;574;BR-324/BA;Oeste;Colisão Traseira;1;;;;;1;;;;;2;;;;
16/07/2021;15:49:00;195;ASV - Acidente SEM Vítima;581;BR-324/BA;Leste;Colisão Lateral;1;;1;;;;;;;;2;;;;
16/07/2021;18:40:00;257;ASV - Acidente SEM Vítima;561;BR-324/BA;Oeste;Saida de Pista;1;;;;;;;;;;1;;;;