data;horario;n_da_ocorrencia;tipo_de_ocorrencia;km;trecho;sentido;tipo_de_acidente;automovel;bicicleta;caminhao;moto;onibus;outros;tracao_animal;transporte_de_cargas_especiais;trator_maquinas;utilitarios;ilesos;levemente_feridos;moderadamente_feridos;gravemente_feridos;mortos
16/07/2021;19:02:00;263;ASV - Acidente SEM Vítima;573;BR-324/BA;Oeste;Colisão Traseira;1;;;;;1;;;;;2;;;;
16/07/2021;23:26:00;301;AV - Acidente com VITIMA;815;BR-116/BA;Norte;Saida de Pista;;;;;;;;;;1;1;1;;;
17/07/2021;07:05:00;39;ASV - Acidente SEM Vítima;449,8;BR-116/BA;Sul;Saida de Pista;1;;;;;;;;;;1;;;;
17/07/2021;07:23:00;45;ASV - Acidente SEM Vítima;804;BR-116/BA;Norte;Colisão Traseira;;;;;;;;;;2;2;;;;
17/07/2021;07:35:00;49;ASV - Acidente SEM Vítima;604;BR-324/BA;Oeste;Tombamento;1;;;;;1;;;;;2;;;;
17/07/2021;07:58:00;56;ASV - Acidente SEM Vítima;535,5;BR-324/BA;Oeste;Colisão Lateral;1;;;;1;;;;;;2;;;;
17/07/2021;14:21:00;141;ASV - Acidente SEM Vítima;431;BR-116/BA;Sul;Colisão Traseira;1;;;;;1;;;;;2;;;;
17/07/2021;14:58:00;160;ASV - Acidente SEM Vítima;582,6;BR-324/BA;Oeste;Saida de Pista;;;1;;;;;;;;1;;;;
17/07/2021;17:13:00;201;ASV - Acidente SEM Vítima;832;BR-116/BA;Sul;Colisão Transversal;;;1;;;;;;;1;3;;;;
17/07/2021;17:18:00;203;AV - Acidente com VITIMA;521;BR-116/BA;Sul;Tombamento;;;1;;;;;;;;0;1;;;
17/07/2021;17:35:00;207;ASV - Acidente SEM Vítima;641,8;BR-116/BA;Sul;Tombamento;;;1;;;;;;;;1;;;;
17/07/2021;17:50:00;211;ASV - Acidente SEM Vítima;828;BR-116/BA;Norte;Saida de Pista;1;;;;;;;;;;2;;;;
17/07/2021;23:03:00;252;AV - Acidente com VITIMA;15,4;BR-116/BA - Cont VC;Norte;Queda de Moto;;;;1;;;;;;;1;1;;;
18/07/2021;10:00:00;80;AV - Acidente com VITIMA;526,97;BR-324/BA;Leste;Colisão Lateral;;;;1;;1;;;;;1;1;;;
18/07/2021;12:38:00;117;ASV - Acidente SEM Vítima;850;BR-116/BA;Norte;Colisão Lateral;1;;1;;;;;;;;2;;;;
18/07/2021;16:42:00;180;ASV - Acidente SEM Vítima;573;BR-324/BA;Leste;Saida de Pista;1;;;;;;;;;;4;;;;
18/07/2021;18:31:00;206;ASV - Acidente SEM Vítima;541;BR-116/BA;Sul;Colisão Traseira;;;2;;;;;;;;2;;;;
18/07/2021;18:46:00;211;AV - Acidente com VITIMA;617;BR-324/BA;Leste;Colisão Traseira;;;;1;;1;;;;;1;1;1;;
18/07/2021;19:06:00;221;ASV - Acidente SEM Vítima;601;BR-324/BA;Leste;Colisão Traseira;2;;;;;;;;;;2;;;;
18/07/2021;22:56:00;266;ASV - Acidente SEM Vítima;29;BR-116/BA - Cont VC;Norte;Saida de Pista;1;;;;;;;;;;1;;;;
18/07/2021;23:16:00;270;ASV - Acidente SEM Vítima;776,3;BR-116/BA;Norte;Atropelamento de Animal;;;1;;;;;;;;1;;;;
19/07/2021;02:01:00;19;ASV - Acidente SEM Vítima;583;BR-324/BA;Leste;Colisão Traseira;1;;;;;1;;;;;2;;;;
19/07/2021;02:24:00;20;ASV - Acidente SEM Vítima;875,3;BR-116/BA;Norte;Saida de Pista;;;1;;;;;;;;1;;;;
19/07/2021;07:26:00;93;ASV - Acidente SEM Vítima;614;BR-324/BA;Oeste;Colisão Traseira;1;;;;;1;;;;;2;;;;
19/07/2021;08:21:00;124;ASV - Acidente SEM Vítima;610;BR-324/BA;Leste;Colisão Traseira;;;;;;;;;;1;1;;;;
19/07/2021;09:46:00;154;ASV - Acidente SEM Vítima;601,8;BR-116/BA;Sul;Colisão Traseira;;;2;;;;;;;;2;;;;
19/07/2021;11:04:00;173;ASV - Acidente SEM Vítima;430;BR-116/BA;Sul;Colisão Lateral;1;;1;;;;;;;;2;;;;
19/07/2021;14:23:00;210;ASV - Acidente SEM Vítima;810;BR-116/BA;Norte;Colisão Transversal;;;;1;;;;;;1;2;;;;
19/07/2021;15:53:00;254;ASV - Acidente SEM Vítima;633,5;BR-116/BA;Sul;Colisão Transversal;1;;1;;;;;;;;2;;;;
19/07/2021;17:30:00;289;ASV - Acidente SEM Vítima;530;BR-324/BA;Oeste;Saida de Pista;1;;;;;;;;;;2;;;;
19/07/2021;19:22:00;309;ASV - Acidente SEM Vítima;454,3;BR-116/BA;Norte;Colisão Lateral;2;;;;;;;;;;2;;;;
20/07/2021;03:13:00;21;ASV - Acidente SEM Vítima;5,3;BA-526;Norte;Saida de Pista;1;;;;;;;;;;1;;;;
20/07/2021;16:22:00;194;ASV - Acidente SEM Vítima;568;BR-324/BA;Leste;Queda de Moto;;;;1;;;;;;;1;;;;
20/07/2021;19:46:00;242;ASV - Acidente SEM Vítima;816,5;BR-116/BA;Sul;Colisão Traseira;;;;2;;;;;;;2;;;;
20/07/2021;20:56:00;252;AV - Acidente com VITIMA;21,05;BR-116/BA - Cont VC;Sul;Saida de Pista;1;;;;;;;;;;0;1;;;
21/07/2021;06:36:00;22;ASV - Acidente SEM Vítima;593;BR-116/BA;Sul;Saida de Pista;1;;;;;;;;;;1;;;;
21/07/2021;07:21:00;35;AV - Acidente com VITIMA;625;BR-324/BA;Leste;Colisão Traseira;1;;;1;;;;;;;2;;1;;
21/07/2021;14:36:00;143;ASV - Acidente SEM Vítima;599;BR-324/BA;Oeste;Colisão Traseira;1;;;;;;;;;1;3;;;;
21/07/2021;15:24:00;158;ASV - Acidente SEM Vítima;599;BR-324/BA;Oeste;Colisão Lateral;1;;;;;;;;;1;5;;;;
21/07/2021;18:04:00;190;AV - Acidente com VITIMA;613;BR-324/BA;Leste;Queda de Moto;;;;1;;1;;;;;1;;1;;
21/07/2021;20:33:00;216;AV - Acidente com VITIMA;14;BR-116/BA - Cont VC;Norte;Queda de Moto;;;;1;;;;;;;0;1;;;
21/07/2021;23:10:00;240;AV - Acidente com VITIMA;0;BR-116/BA - ContSuFS;Sul;Queda de Moto;;;;1;;;;;;;0;1;;;
21/07/2021;23:12:00;241;ASV - Acidente SEM Vítima;835,4;BR-116/BA;Norte;Colisão Traseira;1;;1;;;;;;;;2;;;;
22/07/2021;03:46:00;15;ASV - Acidente SEM Vítima;601,9;BR-324/BA;Leste;Saida de Pista;1;;;;;;;;;;2;;;;
22/07/2021;04:11:00;17;ASV - Acidente SEM Vítima;530,5;BR-324/BA;Leste;Saida de Pista;1;;;;;;;;;;1;;;;
22/07/2021;07:29:00;61;AV - Acidente com VITIMA;620;BR-324/BA;Leste;Colisão Lateral;1;;;1;;;;;;;1;1;;;
22/07/2021;08:10:00;79;AV - Acidente com VITIMA;7;BR-116/BA - Cont VC;Norte;Colisão Transversal;2;;;1;;;;;;;2;;;1;
22/07/2021;09:51:00;114;ASV - Acidente SEM Vítima;589;BR-324/BA;Oeste;Choque Contra Objeto Fixo;;;;;;;;;;1;1;;;;
22/07/2021;10:05:00;122;ASV - Acidente SEM Vítima;672;BR-116/BA;Sul;Colisão Traseira;;;2;;;;;;;;2;;;;
22/07/2021;11:24:00;141;ASV - Acidente SEM Vítima;532;BR-324/BA;Leste;Colisão Traseira;1;;;;;1;;;;;2;;;;
22/07/2021;12:52:00;162;ASV - Acidente SEM Vítima;798,5;BR-116/BA;Sul;Engavetamento;2;;1;;;;;;;;4;;;;
22/07/2021;15:39:00;198;ASV - Acidente SEM Vítima;530;BR-324/BA;Oeste;Sequência;3;;;;;1;;;;;4;;;;
22/07/2021;21:01:00;270;AV - Acidente com VITIMA;2,6;BA-526;Sul;Colisão Frontal;;;;1;;1;;;;;1;;1;;
22/07/2021;22:42:00;284;ASV - Acidente SEM Vítima;576;BR-324/BA;Leste;Colisão Traseira;1;;1;;;;;;;;4;;;;
23/07/2021;03:09:00;9;ASV - Acidente SEM Vítima;543;BR-324/BA;Oeste;Saida de Pista;1;;;;;;;;;;4;;;;
23/07/2021;06:00:00;17;ASV - Acidente SEM Vítima;617,35;BR-324/BA;Oeste;Saida de Pista;1;;;;;;;;;;2;;;;
23/07/2021;06:16:00;20;ASV - Acidente SEM Vítima;584;BR-324/BA;Leste;Saida de Pista;1;;;;;;;;;;1;;;;
23/07/2021;08:40:00;86;ASV - Acidente SEM Vítima;804,3;BR-116/BA;Norte;Colisão Traseira;;;2;;;;;;;;2;;;;
23/07/2021;08:51:00;89;ASV - Acidente SEM Vítima;813,3;BR-116/BA;Norte;Colisão Traseira;1;;;;;;;;;;1;;;;
23/07/2021;11:30:00;148;ASV - Acidente SEM Vítima;7,7;BA-526;Norte;Tombamento;;;1;;;;;;;;1;;;;
23/07/2021;16:53:00;218;ASV - Acidente SEM Vítima;652;BR-116/BA;Sul;Capotamento;;;;;;;;;;1;1;;;;
23/07/2021;20:17:00;262;AV - Acidente com VITIMA;14;BR-116/BA - Cont VC;Norte;Colisão Lateral;;;;1;;1;;;;;1;1;;;
23/07/2021;20:29:00;264;ASV - Acidente SEM Vítima;533;BR-324/BA;Oeste;Engavetamento;1;;;;;1;;;;1;6;;;;
24/07/2021;06:27:00;26;ASV - Acidente SEM Vítima;26;BR-116/BA - Cont VC;Sul;Atropelamento de Animal;;;1;;;;;;;;1;;;;
24/07/2021;08:42:00;64;AV - Acidente com VITIMA;529;BR-324/BA;Leste;Queda de Moto;;;;1;;;;;;;1;1;;;
24/07/2021;09:07:00;73;ASV - Acidente SEM Vítima;580;BR-324/BA;Oeste;Colisão Traseira;2;;;;;;;;;;2;;;;
24/07/2021;09:18:00;74;ASV - Acidente SEM Vítima;573;BR-324/BA;Leste;Saida de Pista;1;;;;;;;;;;5;;;;
24/07/2021;09:32:00;78;ASV - Acidente SEM Vítima;593;BR-116/BA;Sul;Colisão Transversal;1;;1;;;;;;;;2;;;;
24/07/2021;09:39:00;79;ASV - Acidente SEM Vítima;569;BR-324/BA;Oeste;Colisão Traseira;2;;;;;;;;;;2;;;;
24/07/2021;10:14:00;88;ASV - Acidente SEM Vítima;548;BR-324/BA;Oeste;Saida de Pista;;;1;;;;;;;;1;;;;
24/07/2021;12:56:00;123;AV - Acidente com VITIMA;625;BR-324/BA;Leste;Saida de Pista;;;;1;;;;;;;0;;1;;
24/07/2021;16:00:00;189;AV - Acidente com VITIMA;23,6;BR-116/BA - Cont VC;Norte;Saida de Pista;1;;;;;;;;;;0;1;;;
24/07/2021;18:25:00;229;ASV - Acidente SEM Vítima;560;BR-324/BA;Leste;Saida de Pista;1;;;;;;;;;;1;;;;
24/07/2021;22:17:00;272;ASV - Acidente SEM Vítima;563;BR-324/BA;Leste;Saida de Pista;1;;;;;;;;;;5;;;;
24/07/2021;22:46:00;275;ASV - Acidente SEM Vítima;29;BR-116/BA - Cont VC;Norte;Colisão Traseira;1;;;1;;;;;;;6;;;;
25/07/2021;00:40:00;3;AF - Acidente com Vitima Fatal;596,3;BR-116/BA;Sul;Colisão Frontal;1;;1;;;;;;;;1;;;;2
25/07/2021;05:51:00;31;ASV - Acidente SEM Vítima;840;BR-116/BA;Sul;Saida de Pista;1;;;;;;;;;;1;;;;
25/07/2021;06:23:00;36;AV - Acidente com VITIMA;15;BR-116/BA - Cont VC;Sul;Queda de Moto;;;;1;;;;;;;0;;;1;
25/07/2021;08:16:00;67;ASV - Acidente SEM Vítima;873,5;BR-116/BA;Sul;Colisão Traseira;;;2;;;;;;;;2;;;;
25/07/2021;14:55:00;159;ASV - Acidente SEM Vítima;575;BR-324/BA;Oeste;Saida de Pista;1;;;;;;;;;;1;;;;
25/07/2021;18:12:00;222;AV - Acidente com VITIMA;820;BR-116/BA;Sul;Sequência;1;;;1;;;;;;;1;2;;;
25/07/2021;19:43:00;255;ASV - Acidente SEM Vítima;574;BR-116/BA;Norte;Colisão Transversal;;;1;;;1;;;;;2;;;;
26/07/2021;00:02:00;1;AF - Acidente com Vitima Fatal;617;BR-324/BA;Oeste;Queda de Moto;;;;1;;;;;;;0;;;;1
26/07/2021;06:45:00;45;ASV - Acidente SEM Vítima;613,5;BR-324/BA;Leste;Colisão Traseira;1;;;;;1;;;;;2;;;;
26/07/2021;06:58:00;52;ASV - Acidente SEM Vítima;613;BR-324/BA;Leste;Colisão Traseira;2;;;;;;;;;;2;;;;
26/07/2021;07:22:00;69;ASV - Acidente SEM Vítima;617;BR-324/BA;Oeste;Colisão Traseira;2;;;;;;;;;;2;;;;
26/07/2021;08:15:00;87;ASV - Acidente SEM Vítima;622;BR-324/BA;Oeste;Engavetamento;2;;;;;3;;;;;5;;;;
26/07/2021;09:29:00;123;ASV - Acidente SEM Vítima;818;BR-116/BA;Sul;Colisão Lateral;;;1;;;;;;;1;3;;;;
26/07/2021;09:34:00;127;ASV - Acidente SEM Vítima;618;BR-324/BA;Leste;Colisão Traseira;3;;;;;;;;;;3;;;;
26/07/2021;10:46:00;174;ASV - Acidente SEM Vítima;816,1;BR-116/BA;Norte;Engavetamento;2;;;;;;;;;1;6;;;;
26/07/2021;11:32:00;192;ASV - Acidente SEM Vítima;610;BR-324/BA;Leste;Colisão Traseira;2;;;;;;;;;;2;;;;
26/07/2021;12:18:00;204;ASV - Acidente SEM Vítima;585;BR-324/BA;Leste;Saida de Pista;1;;;;;;;;;;1;;;;
26/07/2021;23:40:00;370;AV - Acidente com VITIMA;715;BR-116/BA;Norte;Sequência;1;;2;;;;;;;;2;;1;;
27/07/2021;06:12:00;30;ASV - Acidente SEM Vítima;658;BR-116/BA;Norte;Saida de Pista;1;;;;;;;;;;1;;;;
27/07/2021;23:53:00;374;ASV - Acidente SEM Vítima;808,5;BR-116/BA;Norte;Saida de Pista;1;;;;;;;;;;1;;;;
28/07/2021;05:04:00;23;ASV - Acidente SEM Vítima;710;BR-116/BA;Norte;Colisão Traseira;;;2;;;;;;;;2;;;;
28/07/2021;08:19:00;79;ASV - Acidente SEM Vítima;614;BR-324/BA;Leste;Engavetamento;4;;;;;;;;;;4;;;;
28/07/2021;11:24:00;132;AV - Acidente com VITIMA;855,7;BR-116/BA;Norte;Tombamento;;;1;;;;;;;;0;1;;;
28/07/2021;14:17:00;160;ASV - Acidente SEM Vítima;850;BR-116/BA;Sul;Colisão Traseira;;;2;;;;;;;;2;;;;
28/07/2021;14:40:00;168;AV - Acidente com VITIMA;855;BR-116/BA;Norte;Saida de Pista;1;;;;;;;;;;2;1;;;
28/07/2021;17:20:00;212;AV - Acidente com VITIMA;523;BR-324/BA;Oeste;Colisão Lateral;;;;1;;1;;;;;1;1;1;;
28/07/2021;18:15:00;227;ASV - Acidente SEM Vítima;818;BR-116/BA;Sul;Engavetamento;2;;;;;;;;;1;7;;;;
28/07/2021;19:49:00;248;ASV - Acidente SEM Vítima;589;BR-324/BA;Oeste;Saida de Pista;1;;;;;;;;;;1;;;;
29/07/2021;04:34:00;22;ASV - Acidente SEM Vítima;524;BR-324/BA;Leste;Atropelamento de Animal;;;;;;;;;;1;1;;;;
29/07/2021;04:53:00;24;ASV - Acidente SEM Vítima;524;BR-324/BA;Leste;Atropelamento de Animal;1;;;;;;;;;;6;;;;
29/07/2021;04:53:00;25;ASV - Acidente SEM Vítima;524;BR-324/BA;Leste;Atropelamento de Animal;1;;;;;;;;;;4;;;;
29/07/2021;06:38:00;35;ASV - Acidente SEM Vítima;535;BR-324/BA;Oeste;Colisão Frontal;1;;1;;;;;;;;2;;;;
29/07/2021;08:20:00;73;AV - Acidente com VITIMA;590;BR-324/BA;Oeste;Engavetamento;1;;1;1;;;;;;;2;1;;;
29/07/2021;13:29:00;147;AV - Acidente com VITIMA;613;BR-324/BA;Oeste;Atropelamento de Pedestre;1;;;;;;;;;;1;;1;;
29/07/2021;15:34:00;196;ASV - Acidente SEM Vítima;587;BR-116/BA;Sul;Colisão Lateral;;;2;;;;;;;;2;;;;
29/07/2021;17:29:00;222;AV - Acidente com VITIMA;870;BR-116/BA;Norte;Queda de Moto;;;;1;;;;;;;0;1;;;
30/07/2021;00:14:00;4;AV - Acidente com VITIMA;521;BR-116/BA;Norte;Colisão Traseira;;;2;;;;;;;;1;1;1;;
30/07/2021;00:59:00;10;ASV - Acidente SEM Vítima;754;BR-116/BA;Sul;Atropelamento de Animal;;;1;;;;;;;;1;;;;
30/07/2021;04:24:00;25;ASV - Acidente SEM Vítima;679;BR-116/BA;Norte;Colisão Lateral;;;1;;;1;;;;;2;;;;
30/07/2021;06:59:00;55;AV - Acidente com VITIMA;658;BR-116/BA;Sul;Colisão Lateral;1;;;;;;;;;;0;;1;;
30/07/2021;09:39:00;138;ASV - Acidente SEM Vítima;852;BR-116/BA;Sul;Engavetamento;;;3;;;;;;;;3;;;;
30/07/2021;11:24:00;176;ASV - Acidente SEM Vítima;602;BR-324/BA;Leste;Colisão Traseira;2;;;;;;;;;;6;;;;
30/07/2021;12:15:00;190;ASV - Acidente SEM Vítima;573;BR-116/BA;Sul;Colisão Traseira;1;;1;;;;;;;;2;;;;
30/07/2021;16:12:00;246;ASV - Acidente SEM Vítima;621;BR-324/BA;Oeste;Colisão Traseira;1;;;;;1;;;;;2;;;;
30/07/2021;17:23:00;264;ASV - Acidente SEM Vítima;587,2;BR-324/BA;Oeste;Colisão Lateral;1;;1;;;1;;;;;6;;;;
30/07/2021;18:22:00;276;ASV - Acidente SEM Vítima;506;BR-116/BA;Sul;Engavetamento;;;3;;;;;;;;3;;;;
30/07/2021;18:30:00;278;ASV - Acidente SEM Vítima;814;BR-116/BA;Norte;Colisão Transversal;;;1;;;;;;;1;2;;;;
31/07/2021;06:51:00;36;ASV - Acidente SEM Vítima;551;BR-324/BA;Leste;Colisão Traseira;1;;1;;;;;;;;2;;;;
31/07/2021;07:07:00;42;ASV - Acidente SEM Vítima;439;BR-116/BA;Sul;Saida de Pista;1;;;;;;;;;;3;;;;
31/07/2021;09:42:00;80;AV - Acidente com VITIMA;616;BR-324/BA;Oeste;Atropelamento de Animal;1;;;1;;;;;;;1;2;;;
31/07/2021;10:24:00;94;ASV - Acidente SEM Vítima;459;BR-116/BA;Sul;Colisão Lateral;;;3;;;;;;;;3;;;;
31/07/2021;10:50:00;101;ASV - Acidente SEM Vítima;527;BR-324/BA;Leste;Colisão Lateral;1;;;;;;;;;;1;;;;
31/07/2021;12:27:00;118;AF - Acidente com Vitima Fatal;435,7;BR-116/BA;Sul;Colisão Lateral;;;1;1;;;;;;;1;;;;1
31/07/2021;19:48:00;202;AF - Acidente com Vitima Fatal;530;BR-324/BA;Leste;Colisão Transversal;1;;;1;;;;;;;2;;;;1
31/07/2021;19:58:00;206;ASV - Acidente SEM Vítima;603;BR-324/BA;Leste;Saida de Pista;1;;;;;;;;;;1;;;;
01/08/2021;01:04:00;4;AV - Acidente com VITIMA;696;BR-116/BA;Sul;Tombamento;;;2;;;;;;;;2;2;;;
01/08/2021;04:31:00;19;ASV - Acidente SEM Vítima;622,7;BR-324/BA;Leste;Choque - Defensa, barreira ou "submarino";1;;;;;;;;;;3;;;;
01/08/2021;04:39:00;20;ASV - Acidente SEM Vítima;541,7;BR-324/BA;Oeste;Atropelamento de Animal;;;1;;;;;;;;2;;;;
01/08/2021;06:53:00;37;ASV - Acidente SEM Vítima;14;BR-116/BA - Cont VC;Norte;Colisão Lateral;1;;;1;;;;;;;2;;;;
01/08/2021;08:47:00;65;ASV - Acidente SEM Vítima;580,8;BR-324/BA;Leste;Choque Contra Objeto Fixo;1;;;;;;;;;;1;;;;
01/08/2021;08:47:00;66;ASV - Acidente SEM Vítima;626;BR-116/BA;Norte;Colisão Traseira;;;2;;;;;;;;2;;;;
01/08/2021;11:44:00;100;ASV - Acidente SEM Vítima;585,5;BR-116/BA;Sul;Colisão Traseira;;;2;;;;;;;;2;;;;
01/08/2021;15:22:00;142;AV - Acidente com VITIMA;583;BR-324/BA;Leste;Saida de Pista;1;;;;;;;;;;0;;1;;
01/08/2021;15:38:00;147;ASV - Acidente SEM Vítima;593;BR-324/BA;Leste;Colisão Traseira;2;;;;;;;;;;7;;;;
01/08/2021;16:32:00;166;ASV - Acidente SEM Vítima;555;BR-324/BA;Leste;Saida de Pista;1;;;;;;;;;;2;;;;
01/08/2021;17:44:00;190;AV - Acidente com VITIMA;597,4;BR-324/BA;Leste;Saida de Pista;;;;1;;;;;;;0;1;;;
01/08/2021;20:28:00;222;ASV - Acidente SEM Vítima;13;BR-116/BA - Cont VC;Sul;Queda de Moto;;;;1;;;;;;;1;;;;
01/08/2021;21:17:00;233;ASV - Acidente SEM Vítima;13;BR-116/BA - Cont VC;Sul;Colisão Traseira;2;;;;;;;;;;2;;;;
01/08/2021;22:10:00;241;ASV - Acidente SEM Vítima;607;BR-324/BA;Leste;Choque Contra Objeto Fixo;1;;;;;;;;;;3;;;;
02/08/2021;02:07:00;13;ASV - Acidente SEM Vítima;551;BR-324/BA;Leste;Colisão Lateral;;;2;;;;;;;;2;;;;
02/08/2021;03:02:00;17;ASV - Acidente SEM Vítima;582;BR-324/BA;Leste;Saida de Pista;;;1;;;;;;;;2;;;;
02/08/2021;06:01:00;25;ASV - Acidente SEM Vítima;587;BR-324/BA;Oeste;Capotamento;1;;;;;;;;;;1;;;;
02/08/2021;06:23:00;31;ASV - Acidente SEM Vítima;587;BR-324/BA;Oeste;Saida de Pista;1;;;;;;;;;;1;;;;
02/08/2021;06:38:00;35;ASV - Acidente SEM Vítima;623;BR-324/BA;Oeste;Colisão Traseira;2;;;;;;;;;;2;;;;
02/08/2021;07:07:00;52;AV - Acidente com VITIMA;800,6;BR-116/BA;Norte;Colisão Traseira;1;;;;;;;;;;0;2;;;
02/08/2021;07:20:00;55;ASV - Acidente SEM Vítima;615;BR-324/BA;Leste;Engavetamento;4;;;;;;;;;;7;;;;
02/08/2021;08:47:00;98;ASV - Acidente SEM Vítima;573,8;BR-324/BA;Leste;Saida de Pista;1;;;;;;;;;;1;;;;
02/08/2021;09:55:00;131;ASV - Acidente SEM Vítima;598;BR-116/BA;Norte;Saida de Pista;1;;;;;;;;;;1;;;;
02/08/2021;11:16:00;156;ASV - Acidente SEM Vítima;571,6;BR-324/BA;Oeste;Saida de Pista;1;;;;;;;;;;1;;;;
02/08/2021;11:43:00;164;ASV - Acidente SEM Vítima;590;BR-324/BA;Leste;Saida de Pista;1;;;;;;;;;;1;;;;
02/08/2021;12:57:00;196;ASV - Acidente SEM Vítima;531;BR-324/BA;Oeste;Saida de Pista;1;;;;;;;;;;1;;;;
02/08/2021;16:05:00;257;ASV - Acidente SEM Vítima;459;BR-116/BA;Norte;Colisão Transversal;1;;;;;1;;;;;2;;;;
02/08/2021;18:28:00;308;ASV - Acidente SEM Vítima;27,3;BR-116/BA - Cont VC;Sul;Sequência;1;;;;;;;;;1;2;;;;
03/08/2021;00:41:00;6;ASV - Acidente SEM Vítima;537;BR-324/BA;Oeste;Choque Contra Objeto Fixo;1;;;;;;;;;;1;;;;
03/08/2021;08:15:00;78;ASV - Acidente SEM Vítima;838;BR-116/BA;Norte;Engavetamento;2;;;;;;;;;1;6;;;;
03/08/2021;15:37:00;224;AV - Acidente com VITIMA;20,6;BR-116/BA - Cont VC;Sul;Sequência;;;1;;;;;;;;2;;;1;
03/08/2021;16:30:00;242;ASV - Acidente SEM Vítima;786;BR-116/BA;Sul;Queda de Moto;;;;1;;;;;;;2;;;;
03/08/2021;22:39:00;332;ASV - Acidente SEM Vítima;466;BR-116/BA;Sul;Choque Contra Objeto Fixo;1;;;;;;;;;;1;;;;
04/08/2021;06:39:00;38;ASV - Acidente SEM Vítima;509,3;BR-116/BA;Norte;Saida de Pista;;;1;;;;;;;;1;;;;
04/08/2021;07:01:00;54;ASV - Acidente SEM Vítima;734,5;BR-116/BA;Norte;Colisão Lateral;1;;1;;;;;;;;5;;;;
04/08/2021;07:55:00;87;ASV - Acidente SEM Vítima;801;BR-116/BA;Norte;Colisão Lateral;;;2;;;;;;;;3;;;;
04/08/2021;09:02:00;109;AV - Acidente com VITIMA;625;BR-324/BA;Leste;Colisão Traseira;;;;1;;1;;;;;1;;1;;
04/08/2021;09:17:00;116;ASV - Acidente SEM Vítima;617;BR-324/BA;Leste;Colisão Traseira;1;;;;;;;;;1;3;;;;
04/08/2021;13:50:00;198;ASV - Acidente SEM Vítima;543;BR-116/BA;Norte;Colisão Transversal;1;;1;;;;;;;;4;;;;
04/08/2021;17:27:00;272;AF - Acidente com Vitima Fatal;664;BR-116/BA;Sul;Tombamento;;;1;;;;;;;;0;;;;1
04/08/2021;18:21:00;285;ASV - Acidente SEM Vítima;623;BR-324/BA;Oeste;Colisão Traseira;2;;;;;;;;;;2;;;;
05/08/2021;11:28:00;122;AV - Acidente com VITIMA;870,7;BR-116/BA;Sul;Colisão Frontal;;;2;;;;;;;;0;;2;;
05/08/2021;12:21:00;131;ASV - Acidente SEM Vítima;545;BR-324/BA;Leste;Engavetamento;2;;1;;;;;;;;8;;;;
05/08/2021;16:21:00;189;AV - Acidente com VITIMA;8,5;BR-116/BA - Cont VC;Norte;Colisão Transversal;2;;;;;;;;;;2;;1;;
05/08/2021;19:41:00;223;AV - Acidente com VITIMA;623;BR-324/BA;Oeste;Colisão Lateral;;;;1;;1;;;;;1;;1;;
05/08/2021;21:33:00;242;ASV - Acidente SEM Vítima;570;BR-324/BA;Oeste;Saida de Pista;;;;;;;;;;1;1;;;;
06/08/2021;06:55:00;44;AV - Acidente com VITIMA;526;BR-324/BA;Oeste;Queda de Moto;;;;1;;;;;;;0;1;;;
06/08/2021;08:35:00;93;ASV - Acidente SEM Vítima;931,2;BR-116/BA;Sul;Colisão Traseira;;;2;;;;;;;;2;;;;
06/08/2021;14:39:00;186;AV - Acidente com VITIMA;777;BR-116/BA;Sul;Colisão Transversal;;;;1;;1;;;;;2;;1;;
06/08/2021;15:50:00;209;AV - Acidente com VITIMA;11,2;BR-116/BA - Cont VC;Norte;Colisão Transversal;1;;;1;;;;;;;1;1;;;
06/08/2021;15:57:00;211;ASV - Acidente SEM Vítima;595;BR-324/BA;Oeste;Colisão Traseira;;;1;;;;;;;1;4;;;;
06/08/2021;16:18:00;216;AV - Acidente com VITIMA;875,5;BR-116/BA;Norte;Colisão Traseira;1;;;1;;;;;;;1;1;;;
07/08/2021;11:48:00;131;ASV - Acidente SEM Vítima;616,7;BR-324/BA;Leste;Colisão Traseira;1;;;1;;;;;;;7;;;;
07/08/2021;14:48:00;166;ASV - Acidente SEM Vítima;617,8;BR-324/BA;Oeste;Choque Contra Objeto Fixo;;;1;;;;;;;;1;;;;
07/08/2021;15:29:00;176;ASV - Acidente SEM Vítima;617;BR-324/BA;Leste;Queda de Moto;;;;1;;;;;;;1;;;;
07/08/2021;15:58:00;186;ASV - Acidente SEM Vítima;799;BR-116/BA;Sul;Engavetamento;;;2;;;1;;;;;3;;;;
07/08/2021;17:48:00;199;ASV - Acidente SEM Vítima;566;BR-116/BA;Sul;Colisão Traseira;1;;1;;;;;;;;2;;;;
07/08/2021;18:26:00;207;ASV - Acidente SEM Vítima;621;BR-324/BA;Oeste;Engavetamento;3;;;;;;;;;;3;;;;
07/08/2021;18:39:00;213;ASV - Acidente SEM Vítima;707,4;BR-116/BA;Sul;Colisão Traseira;;;2;;;;;;;;2;;;;
07/08/2021;18:59:00;219;AV - Acidente com VITIMA;618,5;BR-324/BA;Oeste;Colisão Traseira;2;;;;;;;;;;3;;1;;
07/08/2021;19:12:00;223;AV - Acidente com VITIMA;15,5;BR-116/BA - Cont VC;Sul;Engavetamento;2;;;;;1;;;;1;5;1;;;