data;horario;n_da_ocorrencia;tipo_de_ocorrencia;km;trecho;sentido;tipo_de_acidente;automovel;bicicleta;caminhao;moto;onibus;outros;tracao_animal;transporte_de_cargas_especiais;trator_maquinas;utilitarios;ilesos;levemente_feridos;moderadamente_feridos;gravemente_feridos;mortos
07/08/2021;23:12:00;267;ASV - Acidente SEM Vítima;558;BR-324/BA;Oeste;Saida de Pista;;;1;;;;;;;;2;;;;
07/08/2021;23:28:00;268;ASV - Acidente SEM Vítima;556;BR-324/BA;Leste;Saida de Pista;;;;;;;;;;1;5;;;;
08/08/2021;06:36:00;37;ASV - Acidente SEM Vítima;530;BR-324/BA;Oeste;Saida de Pista;1;;;;;;;;;;1;;;;
08/08/2021;08:25:00;65;ASV - Acidente SEM Vítima;530;BR-324/BA;Oeste;Saida de Pista;1;;;;;;;;;;1;;;;
08/08/2021;10:44:00;107;AF - Acidente com Vitima Fatal;875,3;BR-116/BA;Sul;Colisão Frontal;;;2;;;;;;;;0;;1;;1
08/08/2021;17:53:00;185;ASV - Acidente SEM Vítima;444;BR-116/BA;Norte;Saida de Pista;1;;;;;;;;;;1;;;;
08/08/2021;21:49:00;225;ASV - Acidente SEM Vítima;907,5;BR-116/BA;Sul;Colisão Traseira;1;;;;;1;;;;;2;;;;
09/08/2021;05:33:00;17;ASV - Acidente SEM Vítima;622;BR-324/BA;Oeste;Colisão Traseira;2;;;;;;;;;;2;;;;
09/08/2021;07:35:00;74;ASV - Acidente SEM Vítima;835;BR-116/BA;Norte;Engavetamento;2;;;;;;;;;1;3;;;;
09/08/2021;08:19:00;91;AV - Acidente com VITIMA;839;BR-116/BA;Norte;Colisão Traseira;;;2;;;;;;;;1;1;;;
09/08/2021;09:11:00;105;ASV - Acidente SEM Vítima;567,4;BR-324/BA;Leste;Saida de Pista;1;;;;;;;;;;1;;;;
09/08/2021;09:25:00;112;ASV - Acidente SEM Vítima;440;BR-116/BA;Norte;Saida de Pista;1;;;;;;;;;;2;;;;
09/08/2021;10:01:00;128;AF - Acidente com Vitima Fatal;542;BR-324/BA;Oeste;Atropelamento de Pedestre;;;1;;;;;;;;2;1;;1;1
09/08/2021;11:52:00;173;AV - Acidente com VITIMA;15,7;BR-116/BA - Cont VC;Sul;Colisão Transversal;;;1;1;;;;;;;1;;1;;
09/08/2021;12:35:00;191;ASV - Acidente SEM Vítima;568;BR-324/BA;Leste;Saida de Pista;1;;;;;;;;;;1;;;;
09/08/2021;13:21:00;202;ASV - Acidente SEM Vítima;622;BR-324/BA;Leste;Saida de Pista;1;;;;;;;;;;1;;;;
09/08/2021;13:54:00;214;AV - Acidente com VITIMA;570;BR-324/BA;Leste;Colisão Lateral;1;;1;;;;;;;;1;1;;;
09/08/2021;14:54:00;229;ASV - Acidente SEM Vítima;681;BR-116/BA;Sul;Saida de Pista;;;1;;;;;;;;1;;;;
09/08/2021;15:19:00;238;ASV - Acidente SEM Vítima;543;BR-324/BA;Oeste;Queda de Moto;;;;1;;;;;;;1;;;;
09/08/2021;18:04:00;283;ASV - Acidente SEM Vítima;614;BR-324/BA;Leste;Engavetamento;2;;;;;;;;;1;3;;;;
10/08/2021;00:02:00;1;AV - Acidente com VITIMA;614;BR-324/BA;Leste;Queda de Moto;;;;1;;;;;;;0;;1;;
10/08/2021;03:33:00;12;ASV - Acidente SEM Vítima;552;BR-324/BA;Oeste;Colisão Traseira;1;;;;;;;;;1;2;;;;
10/08/2021;05:40:00;21;AV - Acidente com VITIMA;533;BR-324/BA;Leste;Colisão Lateral;;;;;;;;;;1;1;1;1;;
10/08/2021;05:57:00;23;ASV - Acidente SEM Vítima;597;BR-324/BA;Oeste;Colisão Lateral;1;;;;;1;;;;;2;;;;
10/08/2021;07:30:00;64;ASV - Acidente SEM Vítima;620;BR-324/BA;Leste;Colisão Traseira;1;;;1;;;;;;;2;;;;
10/08/2021;10:59:00;140;ASV - Acidente SEM Vítima;555;BR-324/BA;Oeste;Saida de Pista;1;;;;;;;;;;7;;;;
10/08/2021;11:32:00;153;ASV - Acidente SEM Vítima;794,2;BR-116/BA;Norte;Colisão Lateral;;;2;;;;;;;;2;;;;
10/08/2021;16:48:00;231;ASV - Acidente SEM Vítima;829;BR-116/BA;Sul;Colisão Traseira;;;2;;;;;;;;2;;;;
11/08/2021;08:31:00;72;ASV - Acidente SEM Vítima;683;BR-116/BA;Sul;Colisão Traseira;;;1;;;1;;;;;2;;;;
11/08/2021;10:25:00;114;AV - Acidente com VITIMA;611;BR-324/BA;Oeste;Colisão Lateral;2;;;;;;;;;;2;;1;;
11/08/2021;12:38:00;168;AF - Acidente com Vitima Fatal;476,9;BR-116/BA;Sul;Colisão Transversal;1;;;1;;;;;;;1;;;;1
11/08/2021;15:19:00;204;AV - Acidente com VITIMA;638,4;BR-116/BA;Norte;Colisão Traseira;;;2;;;;;;;;1;1;;;
11/08/2021;17:49:00;247;AV - Acidente com VITIMA;826;BR-116/BA;Sul;Colisão Lateral;;;;1;;1;;;;;1;;1;;
12/08/2021;06:50:00;42;AV - Acidente com VITIMA;609;BR-324/BA;Oeste;Colisão Traseira;;;;1;;;;;;1;1;;1;;
12/08/2021;08:29:00;95;AV - Acidente com VITIMA;620;BR-324/BA;Leste;Engavetamento;3;;;;;;;;;;1;;2;;
12/08/2021;09:53:00;121;ASV - Acidente SEM Vítima;911;BR-116/BA;Sul;Colisão Lateral;;;2;;;;;;;;2;;;;
12/08/2021;13:28:00;171;ASV - Acidente SEM Vítima;637;BR-116/BA;Norte;Saida de Pista;;;1;;;;;;;;1;;;;
12/08/2021;19:21:00;280;AV - Acidente com VITIMA;816;BR-116/BA;Sul;Colisão Traseira;;;;1;;;;;;1;1;1;;;
12/08/2021;22:30:00;317;ASV - Acidente SEM Vítima;784;BR-116/BA;Sul;Colisão Frontal;;;1;;;;;;;1;2;;;;
12/08/2021;23:13:00;330;ASV - Acidente SEM Vítima;554,4;BR-116/BA;Norte;Colisão Lateral;;;1;;;1;;;;;2;;;;
13/08/2021;05:15:00;18;ASV - Acidente SEM Vítima;866,4;BR-116/BA;Norte;Saida de Pista;;;1;;;;;;;;1;;;;
13/08/2021;06:54:00;38;ASV - Acidente SEM Vítima;620;BR-324/BA;Leste;Engavetamento;2;;;;;1;;;;;3;;;;
13/08/2021;15:05:00;173;ASV - Acidente SEM Vítima;533;BR-324/BA;Oeste;Saida de Pista;;;1;;;;;;;;1;;;;
13/08/2021;18:10:00;234;ASV - Acidente SEM Vítima;624;BR-324/BA;Oeste;Colisão Traseira;1;;;;;1;;;;;2;;;;
13/08/2021;18:27:00;242;ASV - Acidente SEM Vítima;524;BR-324/BA;Oeste;Saida de Pista;1;;;;;;;;;;1;;;;
13/08/2021;19:05:00;253;AF - Acidente com Vitima Fatal;690;BR-116/BA;Sul;Choque Contra Objeto Fixo;;;1;;;;;;;;3;;2;;1
13/08/2021;19:10:00;254;ASV - Acidente SEM Vítima;573;BR-324/BA;Oeste;Saida de Pista;1;;;;;;;;;;1;;;;
13/08/2021;20:05:00;266;AV - Acidente com VITIMA;673;BR-116/BA;Sul;Colisão Frontal;1;;1;;;;;;;;2;1;;;
14/08/2021;04:17:00;21;ASV - Acidente SEM Vítima;448;BR-116/BA;Norte;Saida de Pista;;;1;;;;;;;;1;;;;
14/08/2021;06:49:00;34;ASV - Acidente SEM Vítima;670,3;BR-116/BA;Sul;Saida de Pista;1;;;;;;;;;;3;;;;
14/08/2021;11:02:00;92;ASV - Acidente SEM Vítima;534;BR-324/BA;Oeste;Saida de Pista;1;;;;;;;;;;3;;;;
14/08/2021;11:47:00;101;AV - Acidente com VITIMA;797;BR-116/BA;Sul;Colisão Transversal;2;;;;;;;;;;1;;;1;
14/08/2021;14:31:00;139;AV - Acidente com VITIMA;613;BR-324/BA;Leste;Sequência;2;;;;;;;;;1;2;;4;;
14/08/2021;16:30:00;167;ASV - Acidente SEM Vítima;522,001;BR-324/BA;Leste;Colisão Lateral;1;;1;;;;;;;;2;;;;
14/08/2021;16:47:00;175;ASV - Acidente SEM Vítima;777;BR-116/BA;Sul;Colisão Traseira;;;1;;;;;;;1;3;;;;
15/08/2021;03:29:00;18;AV - Acidente com VITIMA;615;BR-324/BA;Oeste;Atropelamento de Pedestre;;;;;;1;;;;;1;;1;;
15/08/2021;15:31:00;165;ASV - Acidente SEM Vítima;568;BR-324/BA;Oeste;Saida de Pista;1;;;;;;;;;;1;;;;
15/08/2021;17:04:00;182;AV - Acidente com VITIMA;426,2;BR-116/BA;Norte;Saida de Pista;1;;;;;;;;;;0;;;1;
15/08/2021;18:31:00;198;ASV - Acidente SEM Vítima;615,6;BR-324/BA;Leste;Colisão Lateral;2;;;;;;;;;;3;;;;
15/08/2021;18:47:00;201;AV - Acidente com VITIMA;622;BR-324/BA;Leste;Atropelamento de Pedestre;;;;;;1;;;;;1;;1;;
15/08/2021;19:00:00;203;AV - Acidente com VITIMA;11;BR-116/BA - Cont VC;Sul;Colisão Traseira;1;;;;;1;;;;;3;3;;;
15/08/2021;19:17:00;207;AV - Acidente com VITIMA;500;BR-116/BA;Norte;Colisão Frontal;1;;1;;;;;;;;0;1;;1;
15/08/2021;20:22:00;218;ASV - Acidente SEM Vítima;551;BR-324/BA;Leste;Colisão Traseira;2;;;;;;;;;;2;;;;
15/08/2021;20:24:00;219;AV - Acidente com VITIMA;851,3;BR-116/BA;Norte;Saida de Pista;;;1;;;;;;;;0;1;;;
15/08/2021;21:31:00;229;ASV - Acidente SEM Vítima;532;BR-116/BA;Norte;Colisão Lateral;;;;;;1;;;;1;3;;;;
15/08/2021;23:37:00;245;ASV - Acidente SEM Vítima;599,45;BR-324/BA;Leste;Atropelamento de Animal;1;;;;;;;;;;1;;;;
16/08/2021;01:05:00;9;AV - Acidente com VITIMA;734,5;BR-116/BA;Sul;Queda de Moto;;;;1;;;;;;;0;1;;;
16/08/2021;14:57:00;209;ASV - Acidente SEM Vítima;722;BR-116/BA;Norte;Engavetamento;;;4;;;;;;;;4;;;;
17/08/2021;00:02:00;1;ASV - Acidente SEM Vítima;604;BR-116/BA;Sul;Colisão Traseira;;;1;;;;;;;1;3;;;;
17/08/2021;03:54:00;12;ASV - Acidente SEM Vítima;786;BR-116/BA;Sul;Atropelamento de Animal;1;;;;;;;;;;1;;;;
17/08/2021;09:22:00;112;ASV - Acidente SEM Vítima;619,8;BR-324/BA;Leste;Engavetamento;1;;1;;;;;;;;2;;;;
17/08/2021;14:32:00;191;ASV - Acidente SEM Vítima;533;BR-324/BA;Oeste;Colisão Lateral;1;;1;;;;;;;;4;;;;
17/08/2021;16:07:00;222;ASV - Acidente SEM Vítima;750;BR-116/BA;Norte;Saida de Pista;1;;;;;;;;;;4;;;;
17/08/2021;17:34:00;247;AV - Acidente com VITIMA;607;BR-324/BA;Leste;Colisão Traseira;;;1;1;;;;;;;1;;;2;
17/08/2021;18:42:00;262;AV - Acidente com VITIMA;520;BR-116/BA;Sul;Colisão Transversal;;;1;1;;;;;;;1;1;;;
17/08/2021;22:27:00;302;AV - Acidente com VITIMA;896,5;BR-116/BA;Sul;Colisão Traseira;;;2;;;;;;;;1;;1;;
18/08/2021;00:29:00;7;AV - Acidente com VITIMA;565;BR-324/BA;Leste;Saida de Pista;;;1;;;;;;;;0;;1;;
18/08/2021;07:29:00;67;ASV - Acidente SEM Vítima;777;BR-116/BA;Norte;Colisão Traseira;;;1;;;;;;;;1;;;;
18/08/2021;07:36:00;72;AV - Acidente com VITIMA;0;BR-116/BA - ContSuFS;Norte;Queda de Moto;;;;1;;;;;;;0;;1;;
18/08/2021;08:31:00;100;AF - Acidente com Vitima Fatal;643,7;BR-116/BA;Sul;Saida de Pista;;;1;;;;;;;;0;;;;1
18/08/2021;13:04:00;204;ASV - Acidente SEM Vítima;547;BR-324/BA;Oeste;Colisão Traseira;;;1;;;1;;;;1;8;;;;
18/08/2021;19:06:00;290;AV - Acidente com VITIMA;582;BR-324/BA;Oeste;Saida de Pista;1;;;;;;;;;;3;1;;;
18/08/2021;19:07:00;291;AV - Acidente com VITIMA;12;BR-116/BA - Cont VC;Norte;Colisão Transversal;1;;;1;;;;;;;1;;1;;
19/08/2021;04:32:00;20;ASV - Acidente SEM Vítima;604;BR-324/BA;Leste;Atropelamento de Animal;1;;;;;;;;;;1;;;;
19/08/2021;06:35:00;30;AV - Acidente com VITIMA;699,8;BR-116/BA;Sul;Saida de Pista;;;;;;;;;;1;0;1;1;;
19/08/2021;16:30:00;223;ASV - Acidente SEM Vítima;561,6;BR-116/BA;Norte;Saida de Pista;1;;;;;;;;;;1;;;;
19/08/2021;17:04:00;234;ASV - Acidente SEM Vítima;599;BR-324/BA;Oeste;Colisão Traseira;1;;1;;;;;;;;2;;;;
19/08/2021;17:53:00;246;AV - Acidente com VITIMA;819;BR-116/BA;Norte;Colisão Transversal;1;;;1;;;;;;;1;2;;;
19/08/2021;18:17:00;256;ASV - Acidente SEM Vítima;613;BR-324/BA;Leste;Colisão Traseira;1;;;;;;;;;;1;;;;
19/08/2021;19:48:00;282;AV - Acidente com VITIMA;615;BR-324/BA;Oeste;Colisão Traseira;1;;;1;;;;;;;1;;1;;
20/08/2021;04:52:00;30;ASV - Acidente SEM Vítima;464,3;BR-116/BA;Norte;Saida de Pista;;;1;;;;;;;;1;;;;
20/08/2021;10:56:00;138;ASV - Acidente SEM Vítima;750;BR-116/BA;Sul;Saida de Pista;1;;;;;;;;;;1;;;;
20/08/2021;14:27:00;182;AV - Acidente com VITIMA;6;BR-116/BA - Cont VC;Sul;Atropelamento de Pedestre;;;;1;;;;;;;1;;1;;
20/08/2021;15:40:00;210;ASV - Acidente SEM Vítima;623;BR-324/BA;Oeste;Sequência;2;;;1;;;;;;;3;;;;
20/08/2021;17:23:00;244;ASV - Acidente SEM Vítima;599;BR-324/BA;Oeste;Saida de Pista;1;;;;;;;;;;1;;;;
20/08/2021;17:34:00;247;AV - Acidente com VITIMA;565;BR-116/BA;Sul;Queda de Moto;;;;1;;;;;;;0;;2;;
20/08/2021;18:11:00;264;ASV - Acidente SEM Vítima;609;BR-324/BA;Leste;Engavetamento;1;;;;;2;;;;;3;;;;
21/08/2021;04:57:00;17;ASV - Acidente SEM Vítima;595,9;BR-324/BA;Leste;Saida de Pista;1;;;;;;;;;;1;;;;
21/08/2021;10:50:00;70;ASV - Acidente SEM Vítima;599,8;BR-116/BA;Norte;Colisão Traseira;;;1;;1;;;;;;26;;;;
21/08/2021;12:32:00;88;AV - Acidente com VITIMA;18,3;BR-116/BA - Cont VC;Norte;Colisão Transversal;1;;;1;;;;;;;1;;1;1;
21/08/2021;15:21:00;129;AV - Acidente com VITIMA;816;BR-116/BA;Sul;Colisão Transversal;;;;1;;1;;;;;1;;1;;
21/08/2021;15:36:00;136;ASV - Acidente SEM Vítima;642;BR-116/BA;Sul;Colisão Traseira;;;2;;;;;;;;2;;;;
21/08/2021;16:16:00;145;ASV - Acidente SEM Vítima;560;BR-324/BA;Oeste;Saida de Pista;1;;;;;;;;;;1;;;;
21/08/2021;16:44:00;155;ASV - Acidente SEM Vítima;837;BR-116/BA;Sul;Colisão Traseira;;;2;;;;;;;;2;;;;
21/08/2021;16:48:00;156;ASV - Acidente SEM Vítima;930,7;BR-116/BA;Sul;Saida de Pista;;;;;;;;;;1;3;;;;
21/08/2021;20:42:00;203;AV - Acidente com VITIMA;632,8;BR-116/BA;Norte;Colisão Frontal;;;;1;;1;;;;;1;1;;;
21/08/2021;22:26:00;215;ASV - Acidente SEM Vítima;853;BR-116/BA;Sul;Saida de Pista;;;1;;;;;;;;1;;;;
22/08/2021;08:31:00;57;ASV - Acidente SEM Vítima;856;BR-116/BA;Sul;Colisão Traseira;1;;;;;1;;;;;2;;;;
22/08/2021;10:51:00;82;ASV - Acidente SEM Vítima;594,5;BR-116/BA;Norte;Tombamento;;;1;;;;;;;;1;;;;
22/08/2021;12:21:00;96;AV - Acidente com VITIMA;776,9;BR-116/BA;Sul;Colisão Transversal;;;;1;;1;;;;;1;1;;;
22/08/2021;14:42:00;120;ASV - Acidente SEM Vítima;591;BR-324/BA;Oeste;Saida de Pista;1;;;;;;;;;;4;;;;
22/08/2021;16:07:00;140;AF - Acidente com Vitima Fatal;457;BR-116/BA;Sul;Saida de Pista;1;;;;;;;;;;0;;;;1
22/08/2021;17:25:00;163;ASV - Acidente SEM Vítima;739,5;BR-116/BA;Sul;Colisão Traseira;;;2;;;;;;;;3;;;;
22/08/2021;19:40:00;195;ASV - Acidente SEM Vítima;612,1;BR-324/BA;Leste;Saida de Pista;1;;;;;;;;;;1;;;;
23/08/2021;00:28:00;4;AV - Acidente com VITIMA;638;BR-116/BA;Sul;Queda de Moto;;;;1;;;;;;;0;1;1;;
23/08/2021;00:40:00;7;ASV - Acidente SEM Vítima;590;BR-324/BA;Leste;Saida de Pista;;;1;;;;;;;;1;;;;
23/08/2021;06:27:00;43;ASV - Acidente SEM Vítima;608,4;BR-324/BA;Oeste;Tombamento;1;;1;;;;;;;;2;;;;
23/08/2021;08:29:00;104;AV - Acidente com VITIMA;498;BR-116/BA;Sul;Atropelamento de Pedestre;;;;;;1;;;;;1;;;1;
23/08/2021;13:37:00;216;ASV - Acidente SEM Vítima;496;BR-116/BA;Norte;Saida de Pista;;;1;;;;;;;;1;;;;
23/08/2021;13:46:00;219;ASV - Acidente SEM Vítima;582,3;BR-324/BA;Leste;Saida de Pista;1;;;;;;;;;;1;;;;
23/08/2021;14:44:00;231;ASV - Acidente SEM Vítima;15,6;BR-116/BA - Cont VC;Norte;Saida de Pista;;;;1;;;;;;;1;;;;
23/08/2021;15:43:00;244;ASV - Acidente SEM Vítima;528;BR-116/BA;Sul;Saida de Pista;;;1;;;;;;;;3;;;;
24/08/2021;04:41:00;16;ASV - Acidente SEM Vítima;576,5;BR-324/BA;Leste;Saida de Pista;;;1;;;;;;;;1;;;;
24/08/2021;06:10:00;23;AV - Acidente com VITIMA;13,5;BR-116/BA - Cont VC;Sul;Queda de Moto;;;;1;;;;;;;0;2;;;
24/08/2021;06:17:00;25;ASV - Acidente SEM Vítima;460;BR-116/BA;Norte;Colisão Lateral;;;1;;;;;;;1;2;;;;
24/08/2021;09:26:00;102;ASV - Acidente SEM Vítima;576,5;BR-324/BA;Leste;Colisão Traseira;2;;;;;;;;;;2;;;;
24/08/2021;11:24:00;151;AV - Acidente com VITIMA;614;BR-324/BA;Oeste;Atropelamento de Pedestre;1;;;;;;;;;;1;1;;;
24/08/2021;11:35:00;154;ASV - Acidente SEM Vítima;734;BR-116/BA;Norte;Saida de Pista;;;1;;;;;;;;1;;;;
24/08/2021;15:21:00;221;ASV - Acidente SEM Vítima;547,7;BR-324/BA;Leste;Saida de Pista;;;;;;;;;;1;3;;;;
24/08/2021;18:39:00;258;ASV - Acidente SEM Vítima;622;BR-324/BA;Oeste;Engavetamento;3;;;;;;;;;;3;;;;
25/08/2021;00:24:00;4;ASV - Acidente SEM Vítima;25,5;BR-116/BA - Cont VC;Sul;Atropelamento de Animal;;;;;;;;;;1;2;;;;
25/08/2021;06:43:00;41;ASV - Acidente SEM Vítima;530;BR-324/BA;Leste;Colisão Lateral;2;;;;;;;;;;2;;;;
25/08/2021;07:28:00;70;ASV - Acidente SEM Vítima;529;BR-324/BA;Leste;Engavetamento;1;;1;;;;;;;1;3;;;;
25/08/2021;16:32:00;230;ASV - Acidente SEM Vítima;622;BR-324/BA;Oeste;Engavetamento;5;;;;;;;;;;5;;;;
25/08/2021;18:18:00;262;ASV - Acidente SEM Vítima;676;BR-116/BA;Sul;Colisão Lateral;1;;;;;1;;;;;3;;;;
25/08/2021;20:19:00;293;AV - Acidente com VITIMA;465;BR-116/BA;Sul;Atropelamento de Pedestre;;;;;;;;;;1;1;;1;;
26/08/2021;01:00:00;2;ASV - Acidente SEM Vítima;595;BR-324/BA;Leste;Atropelamento de Animal;1;;;;;;;;;;1;;;;
26/08/2021;07:03:00;40;AV - Acidente com VITIMA;27;BR-116/BA - Cont VC;Norte;Colisão Transversal;1;;;1;;;;;;;0;2;;;
26/08/2021;08:14:00;76;ASV - Acidente SEM Vítima;494;BR-116/BA;Norte;Colisão Traseira;;;1;;;;;;;;1;;;;
26/08/2021;08:25:00;85;AF - Acidente com Vitima Fatal;531,1;BR-324/BA;Oeste;Queda de Moto;;;;1;;;;;;;0;;;;1
26/08/2021;14:49:00;180;ASV - Acidente SEM Vítima;597;BR-324/BA;Oeste;Saida de Pista;;;1;;;;;;;;1;;;;
26/08/2021;15:10:00;187;ASV - Acidente SEM Vítima;519;BR-324/BA;Oeste;Colisão Lateral;1;;1;;;;;;;;2;;;;
26/08/2021;15:36:00;193;ASV - Acidente SEM Vítima;598;BR-324/BA;Oeste;Colisão Traseira;1;;1;;;;;;;;2;;;;
26/08/2021;18:34:00;241;AV - Acidente com VITIMA;521;BR-324/BA;Oeste;Sequência;2;;2;;1;;;;;1;9;;3;;
26/08/2021;20:44:00;258;ASV - Acidente SEM Vítima;676;BR-116/BA;Norte;Atropelamento de Animal;;;1;;;;;;;;1;;;;
27/08/2021;05:00:00;12;ASV - Acidente SEM Vítima;524;BR-324/BA;Oeste;Atropelamento de Animal;;;1;;;;;;;;1;;;;
27/08/2021;05:16:00;19;ASV - Acidente SEM Vítima;524;BR-324/BA;Oeste;Sequência;1;;;;;;;;;;1;;;;
27/08/2021;06:31:00;26;AV - Acidente com VITIMA;461,9;BR-116/BA;Norte;Atropelamento - Ciclista;1;1;;;;;;;;;1;1;;;
27/08/2021;06:55:00;30;ASV - Acidente SEM Vítima;590;BR-324/BA;Oeste;Colisão Lateral;1;;1;;;;;;;;3;;;;
27/08/2021;07:36:00;53;ASV - Acidente SEM Vítima;543;BR-116/BA;Sul;Colisão Transversal;;;2;;;;;;;;2;;;;
27/08/2021;10:31:00;135;AV - Acidente com VITIMA;616;BR-324/BA;Leste;Colisão Transversal;1;;;1;;;;;;;2;;1;;
27/08/2021;13:29:00;173;ASV - Acidente SEM Vítima;594;BR-116/BA;Norte;Saida de Pista;;;1;;;;;;;;1;;;;
27/08/2021;13:57:00;180;ASV - Acidente SEM Vítima;622;BR-324/BA;Leste;Colisão Traseira;1;;1;;;;;;;;2;;;;
27/08/2021;15:45:00;203;AV - Acidente com VITIMA;529,9;BR-324/BA;Oeste;Saida de Pista;1;;;;;;;;;;0;1;;;
27/08/2021;15:47:00;204;ASV - Acidente SEM Vítima;622;BR-324/BA;Oeste;Colisão Traseira;;;;;1;;;;;1;53;;;;
27/08/2021;19:29:00;262;AV - Acidente com VITIMA;818;BR-116/BA;Sul;Colisão Transversal;1;;;1;;;;;;;1;1;;;
27/08/2021;21:22:00;281;ASV - Acidente SEM Vítima;562,3;BR-324/BA;Oeste;Saida de Pista;1;;;;;;;;;;1;;;;
27/08/2021;22:06:00;287;ASV - Acidente SEM Vítima;734,6;BR-116/BA;Norte;Saida de Pista;;;1;;;;;;;;1;;;;
28/08/2021;04:35:00;34;ASV - Acidente SEM Vítima;543;BR-324/BA;Oeste;Saida de Pista;;;;;;1;;;;1;2;;;;
28/08/2021;05:30:00;43;ASV - Acidente SEM Vítima;521;BR-116/BA;Sul;Colisão Traseira;;;1;;;;;;;;1;;;;
28/08/2021;08:06:00;85;AV - Acidente com VITIMA;619;BR-324/BA;Leste;Colisão Traseira;1;;;1;;;;;;;1;1;;;
28/08/2021;13:53:00;160;ASV - Acidente SEM Vítima;884,5;BR-116/BA;Sul;Colisão Traseira;1;;;;;;;;;1;3;;;;
28/08/2021;15:19:00;183;ASV - Acidente SEM Vítima;576;BR-324/BA;Oeste;Saida de Pista;1;;;;;;;;;;1;;;;
28/08/2021;18:45:00;231;A PP - Acidente envolvendo Produto Perigoso;875;BR-116/BA;Sul;Saida de Pista;;;1;;;;;;;;1;;;;
28/08/2021;20:12:00;258;ASV - Acidente SEM Vítima;585;BR-324/BA;Leste;Saida de Pista;;;;;;;;;;1;1;;;;
28/08/2021;21:05:00;273;ASV - Acidente SEM Vítima;592;BR-324/BA;Leste;Saida de Pista;1;;;;;;;;;;1;;;;
28/08/2021;21:48:00;281;ASV - Acidente SEM Vítima;11,2;BR-116/BA - Cont VC;Norte;Colisão Lateral;;;;;;1;;;;1;2;;;;
28/08/2021;21:57:00;283;ASV - Acidente SEM Vítima;908;BR-116/BA;Sul;Saida de Pista;1;;;;;;;;;;3;;;;
29/08/2021;04:30:00;33;AV - Acidente com VITIMA;539;BR-324/BA;Leste;Colisão Frontal;2;;;;;;;;;;2;2;;;
29/08/2021;07:26:00;56;ASV - Acidente SEM Vítima;669;BR-116/BA;Norte;Colisão Traseira;;;2;;;;;;;;2;;;;
29/08/2021;09:09:00;70;AF - Acidente com Vitima Fatal;876,4;BR-116/BA;Sul;Colisão Lateral;;;2;;;;;;;;1;;;;1
29/08/2021;09:56:00;78;ASV - Acidente SEM Vítima;877,6;BR-116/BA;Norte;Colisão Traseira;;;1;;;1;;;;;2;;;;
29/08/2021;14:25:00;119;ASV - Acidente SEM Vítima;15,4;BR-116/BA - Cont VC;Norte;Saida de Pista;;;1;;;;;;;;1;;;;
29/08/2021;17:06:00;158;ASV - Acidente SEM Vítima;14;BR-116/BA - Cont VC;Sul;Colisão Lateral;1;;;;;1;;;;;2;;;;
29/08/2021;21:33:00;194;AV - Acidente com VITIMA;0,9;BR-116/BA - ContSuFS;Norte;Colisão Lateral;1;;1;;;;;;;;1;1;;;
29/08/2021;22:25:00;202;AV - Acidente com VITIMA;0,1;BR-116/BA - ContSuFS;Norte;Colisão Traseira;1;;;1;;;;;;;2;1;;;
30/08/2021;05:49:00;31;ASV - Acidente SEM Vítima;556;BR-324/BA;Leste;Colisão Lateral;1;;;;;1;;;;;2;;;;
30/08/2021;06:25:00;34;ASV - Acidente SEM Vítima;570;BR-324/BA;Oeste;Saida de Pista;1;;;;;1;;;;;2;;;;
30/08/2021;06:29:00;36;ASV - Acidente SEM Vítima;620;BR-324/BA;Oeste;Colisão Traseira;1;;1;;;;;;;;2;;;;
30/08/2021;06:44:00;40;ASV - Acidente SEM Vítima;7;BR-116/BA - ContSuFS;Sul;Colisão Traseira;;;2;;;;;;;;2;;;;
30/08/2021;14:09:00;186;AV - Acidente com VITIMA;6;BR-116/BA - ContSuFS;Sul;Colisão Traseira;;;1;1;;;;;;;1;1;;;
31/08/2021;02:12:00;17;ASV - Acidente SEM Vítima;678,3;BR-116/BA;Norte;Atropelamento de Animal;;;;;;;;;;1;1;;;;
31/08/2021;08:00:00;97;AV - Acidente com VITIMA;531,4;BR-324/BA;Leste;Queda de Moto;;;;1;;;;;;;0;2;;;
31/08/2021;08:24:00;110;ASV - Acidente SEM Vítima;912,5;BR-116/BA;Norte;Atropelamento de Animal;1;;;;;;;;;;5;;;;
31/08/2021;08:39:00;126;ASV - Acidente SEM Vítima;620;BR-324/BA;Leste;Engavetamento;4;;;;;;;;;;4;;;;
31/08/2021;10:03:00;157;ASV - Acidente SEM Vítima;521;BR-324/BA;Oeste;Engavetamento;2;;;;;;;;;1;3;;;;
31/08/2021;10:16:00;166;ASV - Acidente SEM Vítima;612;BR-324/BA;Leste;Colisão Traseira;2;;;;;;;;;;2;;;;
31/08/2021;13:58:00;212;AV - Acidente com VITIMA;605;BR-324/BA;Oeste;Saida de Pista;1;;;;;;;;;;1;;1;;
31/08/2021;14:56:00;223;ASV - Acidente SEM Vítima;575;BR-324/BA;Oeste;Saida de Pista;1;;;;;;;;;;1;;;;
31/08/2021;15:02:00;225;ASV - Acidente SEM Vítima;565;BR-324/BA;Oeste;Tombamento;;;1;;;;;;;;1;;;;