data;horario;n_da_ocorrencia;tipo_de_ocorrencia;km;trecho;sentido;tipo_de_acidente;automovel;bicicleta;caminhao;moto;onibus;outros;tracao_animal;transporte_de_cargas_especiais;trator_maquinas;utilitarios;ilesos;levemente_feridos;moderadamente_feridos;gravemente_feridos;mortos
31/08/2021;15:11:00;227;ASV - Acidente SEM Vítima;623;BR-324/BA;Oeste;Colisão Traseira;1;;1;;;;;;;;2;;;;
31/08/2021;18:47:00;272;AF - Acidente com Vitima Fatal;815;BR-116/BA;Sul;Atropelamento - Ciclista;1;1;;;;;;;;1;1;2;;;1
31/08/2021;18:48:00;274;ASV - Acidente SEM Vítima;912,4;BR-116/BA;Sul;Colisão Lateral;1;;;;;1;;;;;2;;;;
31/08/2021;19:33:00;283;ASV - Acidente SEM Vítima;912,4;BR-116/BA;Norte;Colisão Traseira;;;2;;;;;;;;2;;;;
01/09/2021;06:58:00;36;ASV - Acidente SEM Vítima;622;BR-324/BA;Leste;Colisão Traseira;2;;;;;;;;;;2;;;;
01/09/2021;09:05:00;98;ASV - Acidente SEM Vítima;636;BR-116/BA;Sul;Colisão Traseira;2;;;;;;;;;;2;;;;
01/09/2021;10:40:00;134;A PPF - Acidente envolvendo Produto Perigoso vitima fatal;651;BR-116/BA;Norte;Colisão Frontal;1;;1;;;;;;;;0;1;;;1
01/09/2021;11:14:00;143;ASV - Acidente SEM Vítima;579;BR-324/BA;Oeste;Colisão Lateral;;;;;1;;;;;;28;;;;
01/09/2021;15:51:00;224;ASV - Acidente SEM Vítima;547;BR-324/BA;Oeste;Outros;;;1;;;;;;;;1;;;;
01/09/2021;16:42:00;240;AV - Acidente com VITIMA;12;BR-116/BA - Cont VC;Norte;Colisão Transversal;;;1;1;;;;;;;1;2;;;
01/09/2021;17:57:00;262;AV - Acidente com VITIMA;520;BR-324/BA;Oeste;Engavetamento;1;;1;1;;;;;;;2;;1;;
01/09/2021;17:59:00;263;ASV - Acidente SEM Vítima;610;BR-324/BA;Leste;Colisão Traseira;1;;;;1;;;;;;2;;;;
01/09/2021;18:37:00;270;ASV - Acidente SEM Vítima;29;BR-116/BA - Cont VC;Sul;Colisão Lateral;1;;;;;1;;;;;4;;;;
02/09/2021;07:23:00;52;ASV - Acidente SEM Vítima;559;BR-324/BA;Leste;Colisão Traseira;;;2;;;;;;;;2;;;;
02/09/2021;07:24:00;53;AV - Acidente com VITIMA;724;BR-116/BA;Sul;Colisão Lateral;1;;2;;;;;;;;5;1;;;
02/09/2021;08:13:00;70;AV - Acidente com VITIMA;501,7;BR-116/BA;Norte;Queda de Moto;;;;1;;;;;;;1;;1;;
02/09/2021;08:20:00;73;ASV - Acidente SEM Vítima;651;BR-116/BA;Sul;Tombamento;;;1;;;;;;;;3;;;;
02/09/2021;10:35:00;135;AV - Acidente com VITIMA;523;BR-324/BA;Leste;Colisão Lateral;1;;1;;;;;;;;0;1;1;;
02/09/2021;16:19:00;209;ASV - Acidente SEM Vítima;814;BR-116/BA;Norte;Colisão Traseira;;;2;;;;;;;;2;;;;
02/09/2021;20:38:00;258;ASV - Acidente SEM Vítima;574;BR-324/BA;Oeste;Saida de Pista;1;;;;;;;;;;1;;;;
03/09/2021;06:21:00;47;ASV - Acidente SEM Vítima;618;BR-116/BA;Norte;Colisão Lateral;;;1;;;;;;;;1;;;;
03/09/2021;10:47:00;162;AV - Acidente com VITIMA;709;BR-116/BA;Norte;Colisão Transversal;;;;1;;;;;;1;2;1;;;
03/09/2021;11:30:00;172;ASV - Acidente SEM Vítima;611,4;BR-324/BA;Oeste;Engavetamento;2;;;;;1;;;;;3;;;;
03/09/2021;11:30:00;173;ASV - Acidente SEM Vítima;612,3;BR-324/BA;Oeste;Colisão Lateral;2;;;;;;;;;;2;;;;
03/09/2021;11:46:00;176;ASV - Acidente SEM Vítima;612;BR-324/BA;Oeste;Colisão Lateral;1;;1;;;;;;;;2;;;;
03/09/2021;12:28:00;184;ASV - Acidente SEM Vítima;592;BR-324/BA;Oeste;Choque Contra Objeto Fixo;1;;;;;;;;;;1;;;;
03/09/2021;16:47:00;252;ASV - Acidente SEM Vítima;625,8;BR-324/BA;Oeste;Colisão Traseira;1;;1;;;;;;;;6;;;;
03/09/2021;18:08:00;271;ASV - Acidente SEM Vítima;611;BR-324/BA;Leste;Colisão Traseira;2;;;;;;;;;;2;;;;
03/09/2021;18:53:00;280;ASV - Acidente SEM Vítima;609,8;BR-324/BA;Leste;Sequência;3;;;1;;1;;;;;5;;;;
03/09/2021;18:57:00;281;ASV - Acidente SEM Vítima;612,6;BR-324/BA;Leste;Engavetamento;2;;;;;1;;;;;3;;;;
03/09/2021;19:12:00;286;ASV - Acidente SEM Vítima;541;BR-324/BA;Oeste;Colisão Traseira;1;;;;;1;;;;;2;;;;
03/09/2021;19:32:00;291;ASV - Acidente SEM Vítima;582;BR-324/BA;Oeste;Saida de Pista;1;;;;;;;;;;1;;;;
03/09/2021;23:02:00;331;ASV - Acidente SEM Vítima;530;BR-324/BA;Oeste;Saida de Pista;1;;;;;;;;;;1;;;;
04/09/2021;01:01:00;10;ASV - Acidente SEM Vítima;565,4;BR-324/BA;Oeste;Saida de Pista;;;1;;;;;;;;1;;;;
04/09/2021;01:19:00;12;AV - Acidente com VITIMA;723,9;BR-116/BA;Norte;Saida de Pista;;;1;;;;;;;;0;1;;;
04/09/2021;03:22:00;21;AF - Acidente com Vitima Fatal;586,7;BR-116/BA;Sul;Colisão Frontal;1;;1;;;;;;;;1;;;3;1
04/09/2021;06:40:00;37;AV - Acidente com VITIMA;833;BR-116/BA;Norte;Engavetamento;1;;1;;;;;;;1;3;1;;;
04/09/2021;06:59:00;52;ASV - Acidente SEM Vítima;599;BR-324/BA;Oeste;Colisão Traseira;1;;;;;;;;;1;2;;;;
04/09/2021;07:00:00;53;ASV - Acidente SEM Vítima;584;BR-116/BA;Sul;Colisão Traseira;1;;;;;1;;;;;2;;;;
04/09/2021;07:00:00;63;ASV - Acidente SEM Vítima;565,2;BR-324/BA;Oeste;Saida de Pista;1;;;;;;;;;;2;;;;
04/09/2021;08:25:00;89;AV - Acidente com VITIMA;680,8;BR-116/BA;Norte;Saida de Pista;1;;;;;;;;;;0;1;;;
04/09/2021;09:03:00;103;ASV - Acidente SEM Vítima;583;BR-324/BA;Oeste;Engavetamento;4;;;;;;;;;;9;;;;
04/09/2021;17:27:00;222;AV - Acidente com VITIMA;611;BR-324/BA;Oeste;Tombamento;;;;;;;;;;1;10;6;;2;
04/09/2021;19:31:00;244;ASV - Acidente SEM Vítima;643,6;BR-116/BA;Sul;Colisão Traseira;1;;;1;;;;;;;2;;;;
04/09/2021;19:42:00;246;ASV - Acidente SEM Vítima;560;BR-116/BA;Sul;Saida de Pista;1;;;;;;;;;;1;;;;
05/09/2021;00:17:00;1;ASV - Acidente SEM Vítima;895;BR-116/BA;Norte;Saida de Pista;1;;;;;;;;;;1;;;;
05/09/2021;01:25:00;7;AF - Acidente com Vitima Fatal;776,2;BR-116/BA;Sul;Colisão Transversal;;;1;1;;;;;;;1;;;;1
05/09/2021;05:11:00;27;ASV - Acidente SEM Vítima;463;BR-116/BA;Sul;Saida de Pista;1;;;;;;;;;;1;;;;
05/09/2021;05:41:00;28;AF - Acidente com Vitima Fatal;779;BR-116/BA;Norte;Sequência;1;;1;;;;;;;;0;1;;;1
05/09/2021;05:53:00;29;ASV - Acidente SEM Vítima;585;BR-324/BA;Oeste;Saida de Pista;1;;;;;;;;;;1;;;;
05/09/2021;07:28:00;49;ASV - Acidente SEM Vítima;572;BR-324/BA;Leste;Queda de Moto;;;;1;;;;;;;1;;;;
05/09/2021;07:58:00;54;ASV - Acidente SEM Vítima;627;BR-116/BA;Sul;Colisão Traseira;;;2;;;;;;;;2;;;;
05/09/2021;09:10:00;66;ASV - Acidente SEM Vítima;599;BR-324/BA;Leste;Colisão Traseira;2;;;;;;;;;;2;;;;
05/09/2021;09:40:00;82;ASV - Acidente SEM Vítima;744,7;BR-116/BA;Norte;Colisão Lateral;;;2;;;;;;;;2;;;;
05/09/2021;10:00:00;87;ASV - Acidente SEM Vítima;621;BR-324/BA;Leste;Colisão Traseira;1;;;1;;;;;;;2;;;;
05/09/2021;16:20:00;184;AV - Acidente com VITIMA;12;BR-116/BA - Cont VC;Sul;Colisão Transversal;2;;;;;;;;;;2;2;;;
06/09/2021;00:10:00;1;ASV - Acidente SEM Vítima;9,3;BA-526;Norte;Saida de Pista;1;;;;;;;;;;2;;;;
06/09/2021;10:43:00;100;ASV - Acidente SEM Vítima;574;BR-324/BA;Oeste;Colisão Lateral;1;;1;;;;;;;;2;;;;
06/09/2021;14:06:00;139;AV - Acidente com VITIMA;518;BR-324/BA;Oeste;Colisão Traseira;;;;1;;1;;;;;1;;1;;
06/09/2021;14:46:00;144;ASV - Acidente SEM Vítima;735;BR-116/BA;Norte;Saida de Pista;;;1;;;;;;;;1;;;;
06/09/2021;19:05:00;199;ASV - Acidente SEM Vítima;543;BR-116/BA;Sul;Colisão Transversal;1;;1;;;;;;;;2;;;;
07/09/2021;16:04:00;140;ASV - Acidente SEM Vítima;7;BR-116/BA - ContSuFS;Sul;Queda de Moto;;;;1;;;;;;;1;;;;
07/09/2021;16:35:00;150;ASV - Acidente SEM Vítima;818;BR-116/BA;Sul;Colisão Traseira;1;;;1;;;;;;;5;;;;
07/09/2021;16:42:00;152;AV - Acidente com VITIMA;670;BR-116/BA;Sul;Queda de Moto;;;;1;;;;;;;0;;1;;
08/09/2021;06:57:00;50;AV - Acidente com VITIMA;777,5;BR-116/BA;Sul;Colisão Transversal;1;;1;;;;;;;;2;1;;;
08/09/2021;09:19:00;136;ASV - Acidente SEM Vítima;439;BR-116/BA;Sul;Saida de Pista;1;;;;;;;;;;1;;;;
08/09/2021;09:57:00;157;ASV - Acidente SEM Vítima;614;BR-324/BA;Leste;Colisão Traseira;1;;;;;;;;;1;2;;;;
08/09/2021;11:07:00;177;AV - Acidente com VITIMA;531;BR-324/BA;Oeste;Queda de Moto;;;;1;;;;;;;0;1;1;;
08/09/2021;13:13:00;215;AV - Acidente com VITIMA;624,9;BR-324/BA;Oeste;Saida de Pista;1;;;;;;;;;;1;;1;;
08/09/2021;14:11:00;228;ASV - Acidente SEM Vítima;687,9;BR-116/BA;Sul;Colisão Traseira;;;1;;1;;;;;;46;;;;
08/09/2021;17:54:00;278;ASV - Acidente SEM Vítima;616;BR-324/BA;Leste;Colisão Traseira;2;;;;;;;;;;2;;;;
09/09/2021;06:51:00;43;ASV - Acidente SEM Vítima;618;BR-324/BA;Oeste;Choque Contra Objeto Fixo;1;;;;;;;;;;1;;;;
09/09/2021;08:30:00;91;ASV - Acidente SEM Vítima;621;BR-324/BA;Leste;Colisão Traseira;1;;;;;1;;;;;2;;;;
09/09/2021;09:10:00;106;ASV - Acidente SEM Vítima;591;BR-324/BA;Oeste;Colisão Traseira;2;;;;;;;;;;2;;;;
09/09/2021;11:16:00;158;AV - Acidente com VITIMA;623;BR-324/BA;Oeste;Colisão Traseira;;;;1;;1;;;;;1;1;;;
09/09/2021;19:03:00;272;ASV - Acidente SEM Vítima;623;BR-324/BA;Oeste;Queda de Moto;;;;1;;;;;;;1;;;;
10/09/2021;10:44:00;120;ASV - Acidente SEM Vítima;611;BR-324/BA;Leste;Choque Contra Objeto Fixo;1;;;;;;;;;;3;;;;
10/09/2021;16:35:00;221;ASV - Acidente SEM Vítima;593;BR-324/BA;Oeste;Colisão Traseira;;;1;;;1;;;;;5;;;;
10/09/2021;18:01:00;245;ASV - Acidente SEM Vítima;564;BR-324/BA;Oeste;Engavetamento;3;;;;;;;;;;3;;;;
10/09/2021;18:51:00;257;ASV - Acidente SEM Vítima;596;BR-324/BA;Oeste;Engavetamento;4;;;;;;;;;;4;;;;
10/09/2021;22:49:00;296;AV - Acidente com VITIMA;555;BR-324/BA;Leste;Saida de Pista;;;1;;;;;;;;0;;;1;
11/09/2021;03:42:00;18;AV - Acidente com VITIMA;615;BR-324/BA;Oeste;Saida de Pista;1;;;;;;;;;;0;;1;;
11/09/2021;12:29:00;114;AV - Acidente com VITIMA;814;BR-116/BA;Norte;Atropelamento - Ciclista;;1;;;;;;;;;0;1;;;
11/09/2021;12:31:00;115;ASV - Acidente SEM Vítima;529;BR-324/BA;Oeste;Colisão Traseira;;;2;;;;;;;;2;;;;
11/09/2021;14:33:00;132;ASV - Acidente SEM Vítima;595,8;BR-324/BA;Oeste;Saida de Pista;1;;;;;1;;;;;3;;;;
11/09/2021;15:01:00;140;AV - Acidente com VITIMA;591;BR-324/BA;Oeste;Queda de Moto;;;;1;;;;;;;0;1;;;
11/09/2021;17:41:00;191;ASV - Acidente SEM Vítima;775;BR-116/BA;Norte;Colisão Lateral;1;;;;;1;;;;;2;;;;
11/09/2021;19:08:00;211;ASV - Acidente SEM Vítima;765;BR-116/BA;Sul;Queda de Moto;;;;1;;;;;;;1;;;;
11/09/2021;22:59:00;244;ASV - Acidente SEM Vítima;529;BR-324/BA;Oeste;Colisão Traseira;2;;;;;;;;;;6;;;;
12/09/2021;00:25:00;3;AV - Acidente com VITIMA;3,5;BR-116/BA - Cont VC;Sul;Atropelamento de Pedestre;;;;;;1;;;;;1;1;;;
12/09/2021;05:33:00;23;ASV - Acidente SEM Vítima;680,1;BR-116/BA;Sul;Colisão Traseira;;;1;;;1;;;;;2;;;;
12/09/2021;07:16:00;41;ASV - Acidente SEM Vítima;721,8;BR-116/BA;Norte;Saida de Pista;;;;;;1;;;;1;4;;;;
12/09/2021;07:40:00;45;AV - Acidente com VITIMA;5;BR-116/BA - ContSuFS;Norte;Queda de Moto;;;;1;;;;;;;1;1;;;
12/09/2021;09:13:00;73;AV - Acidente com VITIMA;785;BR-116/BA;Norte;Saida de Pista;;;1;;;;;;;;2;1;;;
12/09/2021;11:39:00;109;ASV - Acidente SEM Vítima;814,8;BR-116/BA;Sul;Colisão Traseira;;;2;;;;;;;;3;;;;
12/09/2021;16:32:00;163;ASV - Acidente SEM Vítima;849;BR-116/BA;Norte;Colisão Traseira;;;2;;;;;;;;2;;;;
12/09/2021;20:54:00;211;ASV - Acidente SEM Vítima;432;BR-116/BA;Norte;Tombamento;;;1;;;;;;;;1;;;;
12/09/2021;21:30:00;218;ASV - Acidente SEM Vítima;621,4;BR-324/BA;Oeste;Saida de Pista;1;;;;;;;;;;1;;;;
12/09/2021;23:01:00;227;ASV - Acidente SEM Vítima;530,1;BR-324/BA;Oeste;Saida de Pista;1;;;;;;;;;;5;;;;
13/09/2021;04:12:00;15;ASV - Acidente SEM Vítima;526;BR-324/BA;Oeste;Saida de Pista;1;;;;;;;;;;1;;;;
13/09/2021;07:05:00;45;ASV - Acidente SEM Vítima;621;BR-324/BA;Leste;Colisão Traseira;2;;;;;;;;;;2;;;;
13/09/2021;07:48:00;61;ASV - Acidente SEM Vítima;616;BR-324/BA;Leste;Engavetamento;1;;1;;;;;;;1;3;;;;
13/09/2021;16:32:00;233;ASV - Acidente SEM Vítima;623;BR-324/BA;Leste;Colisão Traseira;;;;2;;;;;;;2;;;;
13/09/2021;16:43:00;237;ASV - Acidente SEM Vítima;587;BR-324/BA;Oeste;Saida de Pista;;;;;;;;;;1;1;;;;
13/09/2021;17:23:00;252;AV - Acidente com VITIMA;561,5;BR-324/BA;Leste;Colisão Lateral;1;;;1;;;;;;;1;;1;;
14/09/2021;00:32:00;5;ASV - Acidente SEM Vítima;589,4;BR-324/BA;Leste;Saida de Pista;1;;;;;;;;;;1;;;;
14/09/2021;10:23:00;160;A PPV - Acidente envolvendo Produto Perigoso com vitima;533;BR-324/BA;Oeste;Sequência;;;5;;;;;;;1;4;1;2;;
14/09/2021;13:15:00;199;ASV - Acidente SEM Vítima;541;BR-324/BA;Oeste;Engavetamento;;;4;;1;1;;;;;30;;;;
14/09/2021;15:11:00;217;ASV - Acidente SEM Vítima;593;BR-324/BA;Leste;Saida de Pista;1;;;;;;;;;;1;;;;
14/09/2021;16:09:00;228;ASV - Acidente SEM Vítima;588,3;BR-116/BA;Sul;Saida de Pista;;;1;;;;;;;;1;;;;
15/09/2021;05:03:00;17;ASV - Acidente SEM Vítima;862,3;BR-116/BA;Sul;Saida de Pista;;;1;;;;;;;;1;;;;
15/09/2021;05:51:00;20;ASV - Acidente SEM Vítima;465;BR-116/BA;Sul;Saida de Pista;;;1;;;;;;;;1;;;;
15/09/2021;07:34:00;67;ASV - Acidente SEM Vítima;5;BA-526;Sul;Saida de Pista;;;1;;;;;;;;1;;;;
15/09/2021;08:28:00;94;ASV - Acidente SEM Vítima;613;BR-324/BA;Leste;Colisão Traseira;1;;;;;1;;;;;2;;;;
15/09/2021;12:53:00;162;ASV - Acidente SEM Vítima;610;BR-324/BA;Oeste;Colisão Lateral;2;;;;;1;;;;;3;;;;
15/09/2021;13:07:00;165;AV - Acidente com VITIMA;612;BR-324/BA;Oeste;Engavetamento;5;;1;;;;;;;;7;;;2;
15/09/2021;13:35:00;172;ASV - Acidente SEM Vítima;611;BR-324/BA;Oeste;Colisão Traseira;;;1;;;;;;;1;2;;;;
15/09/2021;17:33:00;242;AV - Acidente com VITIMA;821,5;BR-116/BA;Sul;Colisão Traseira;1;1;;;;;;;;;3;;1;;
15/09/2021;21:13:00;272;AV - Acidente com VITIMA;516;BR-116/BA;Sul;Sequência;;;3;;;;;;;;2;1;;;
16/09/2021;08:48:00;116;ASV - Acidente SEM Vítima;571;BR-324/BA;Oeste;Saida de Pista;;;;;;;;;;1;1;;;;
16/09/2021;09:39:00;141;ASV - Acidente SEM Vítima;678,5;BR-116/BA;Norte;Engavetamento;2;;1;;;;;;;1;4;;;;
16/09/2021;10:21:00;157;ASV - Acidente SEM Vítima;930,6;BR-116/BA;Sul;Colisão Traseira;;;;;1;1;;;;;2;;;;
16/09/2021;11:38:00;176;ASV - Acidente SEM Vítima;530,1;BR-324/BA;Oeste;Saida de Pista;1;;;;;;;;;;1;;;;
16/09/2021;15:30:00;228;AV - Acidente com VITIMA;614;BR-324/BA;Oeste;Saida de Pista;1;;;;;1;;;;;1;;1;;
16/09/2021;21:51:00;306;ASV - Acidente SEM Vítima;675,2;BR-116/BA;Norte;Atropelamento de Animal;;;;;;;;;;1;6;;;;
16/09/2021;22:09:00;309;ASV - Acidente SEM Vítima;566,4;BR-324/BA;Oeste;Colisão Traseira;1;;;;;1;;;;;2;;;;
17/09/2021;03:33:00;17;AV - Acidente com VITIMA;512,4;BR-116/BA;Norte;Saida de Pista;1;;;;;;;;;;0;3;;;
17/09/2021;05:56:00;22;ASV - Acidente SEM Vítima;539,5;BR-116/BA;Sul;Colisão Traseira;;;1;;1;;;;;;44;;;;
17/09/2021;19:17:00;328;ASV - Acidente SEM Vítima;549,8;BR-324/BA;Leste;Colisão Traseira;;;;;;1;;;;1;2;;;;
17/09/2021;20:04:00;334;ASV - Acidente SEM Vítima;568;BR-324/BA;Oeste;Colisão Traseira;2;;;;;;;;;;5;;;;
17/09/2021;22:31:00;365;ASV - Acidente SEM Vítima;526;BR-324/BA;Oeste;Colisão Traseira;;;2;;;;;;;;4;;;;
17/09/2021;22:43:00;370;ASV - Acidente SEM Vítima;587,5;BR-324/BA;Leste;Saida de Pista;1;;;;;;;;;;1;;;;
18/09/2021;05:49:00;37;ASV - Acidente SEM Vítima;559;BR-324/BA;Oeste;Atropelamento de Animal;1;;;;;;;;;;1;;;;
18/09/2021;06:28:00;45;ASV - Acidente SEM Vítima;565;BR-324/BA;Oeste;Queda de Moto;;;;1;;;;;;;1;;;;
18/09/2021;07:18:00;58;ASV - Acidente SEM Vítima;582;BR-324/BA;Leste;Saida de Pista;;;;1;;;;;;;2;;;;
18/09/2021;10:21:00;114;ASV - Acidente SEM Vítima;573;BR-324/BA;Oeste;Colisão Lateral;2;;;;;;;;;;2;;;;
18/09/2021;17:55:00;219;ASV - Acidente SEM Vítima;923;BR-116/BA;Norte;Colisão Traseira;;;2;;;;;;;;2;;;;
18/09/2021;19:14:00;237;ASV - Acidente SEM Vítima;29;BR-116/BA - Cont VC;Sul;Atropelamento de Animal;1;;;;;;;;;;1;;;;
18/09/2021;19:33:00;239;ASV - Acidente SEM Vítima;580;BR-324/BA;Oeste;Colisão Lateral;2;;;;;;;;;;3;;;;
18/09/2021;19:48:00;243;AV - Acidente com VITIMA;29;BR-116/BA - Cont VC;Norte;Atropelamento de Animal;1;;;;;;;;;;2;;1;;
19/09/2021;10:28:00;72;ASV - Acidente SEM Vítima;548;BR-324/BA;Leste;Colisão Traseira;2;;;;;;;;;;2;;;;
19/09/2021;14:05:00;106;AF - Acidente com Vitima Fatal;806;BR-116/BA;Norte;Colisão Frontal;1;;1;;;;;;;;1;1;1;1;1
19/09/2021;17:48:00;162;ASV - Acidente SEM Vítima;836;BR-116/BA;Sul;Colisão Traseira;;;;;;1;;;;1;2;;;;
19/09/2021;19:06:00;176;ASV - Acidente SEM Vítima;11;BR-116/BA - Cont VC;Norte;Queda de Moto;;;;1;;1;;;;;2;;;;
20/09/2021;08:34:00;83;ASV - Acidente SEM Vítima;907;BR-116/BA;Sul;Colisão Transversal;2;;;;;;;;;;2;;;;
20/09/2021;12:04:00;149;ASV - Acidente SEM Vítima;15,4;BR-116/BA - Cont VC;Sul;Colisão Transversal;2;;;;;;;;;;2;;;;
20/09/2021;16:46:00;225;AV - Acidente com VITIMA;9;BR-116/BA - Cont VC;Sul;Atropelamento - Ciclista;;1;;1;;;;;;;1;1;;;
20/09/2021;22:17:00;298;ASV - Acidente SEM Vítima;878,5;BR-116/BA;Norte;Colisão Traseira;;;2;;;;;;;;2;;;;
21/09/2021;10:04:00;122;ASV - Acidente SEM Vítima;483;BR-116/BA;Sul;Tombamento;;;1;;;;;;;;1;;;;
21/09/2021;13:37:00;170;AV - Acidente com VITIMA;684,7;BR-116/BA;Sul;Colisão Traseira;;;1;;;;;;;1;2;3;;;
21/09/2021;23:12:00;293;ASV - Acidente SEM Vítima;775;BR-116/BA;Norte;Atropelamento de Animal;;;1;;;;;;;;1;;;;
22/09/2021;06:18:00;29;AV - Acidente com VITIMA;427,3;BR-116/BA;Norte;Queda de Moto;;;;1;;;;;;;0;2;;;
22/09/2021;07:44:00;67;ASV - Acidente SEM Vítima;615,5;BR-324/BA;Leste;Colisão Lateral;1;;;1;;;;;;;2;;;;
22/09/2021;08:53:00;91;AV - Acidente com VITIMA;588;BR-116/BA;Sul;Colisão Frontal;;;2;;;;;;;;0;;3;;
22/09/2021;09:22:00;104;ASV - Acidente SEM Vítima;604,7;BR-116/BA;Sul;Colisão Traseira;2;;;;;;;;;;4;;;;
22/09/2021;16:51:00;220;AV - Acidente com VITIMA;533;BR-324/BA;Oeste;Colisão Traseira;2;;;;;;;;;;2;;1;;
22/09/2021;17:53:00;232;AV - Acidente com VITIMA;535;BR-324/BA;Oeste;Queda de Moto;;;;1;;;;;;;0;;1;;
22/09/2021;19:24:00;248;AV - Acidente com VITIMA;779,5;BR-116/BA;Sul;Atropelamento - Ciclista;;1;;;;1;;;;;1;;;1;
22/09/2021;19:29:00;249;ASV - Acidente SEM Vítima;6;BR-116/BA - Cont VC;Norte;Colisão Transversal;;;;1;;1;;;;;2;;;;
22/09/2021;20:01:00;255;ASV - Acidente SEM Vítima;590;BR-324/BA;Oeste;Atropelamento de Animal;;;;;;;;;;1;1;;;;
22/09/2021;20:33:00;264;ASV - Acidente SEM Vítima;803;BR-116/BA;Sul;Colisão Traseira;;;2;;;;;;;;2;;;;
23/09/2021;09:17:00;108;ASV - Acidente SEM Vítima;604;BR-324/BA;Oeste;Colisão Traseira;2;;;;;;;;;;2;;;;
23/09/2021;10:18:00;127;ASV - Acidente SEM Vítima;606;BR-324/BA;Oeste;Engavetamento;3;;;;;;;;;;3;;;;
23/09/2021;16:09:00;219;AV - Acidente com VITIMA;521;BR-324/BA;Leste;Queda de Moto;;;;1;;;;;;;0;;1;;
23/09/2021;17:46:00;239;ASV - Acidente SEM Vítima;526;BR-324/BA;Oeste;Engavetamento;2;;;;;1;;;;;7;;;;
23/09/2021;18:05:00;243;ASV - Acidente SEM Vítima;526;BR-324/BA;Oeste;Colisão Lateral;1;;;;;;;;;1;2;;;;
23/09/2021;18:10:00;244;ASV - Acidente SEM Vítima;607;BR-324/BA;Leste;Engavetamento;2;;;;;;;;;1;4;;;;
23/09/2021;19:35:00;263;ASV - Acidente SEM Vítima;622,9;BR-324/BA;Oeste;Engavetamento;1;;;;;2;;;;;3;;;;
23/09/2021;23:16:00;291;ASV - Acidente SEM Vítima;530;BR-324/BA;Oeste;Saida de Pista;1;;;;;;;;;;1;;;;
23/09/2021;23:50:00;294;ASV - Acidente SEM Vítima;573,5;BR-116/BA;Sul;Saida de Pista;;;1;;;;;;;;1;;;;
24/09/2021;06:57:00;53;ASV - Acidente SEM Vítima;518;BR-324/BA;Oeste;Colisão Traseira;;;2;;;;;;;;2;;;;
24/09/2021;07:09:00;58;ASV - Acidente SEM Vítima;518;BR-324/BA;Leste;Engavetamento;2;;;;;;;;;1;3;;;;
24/09/2021;08:09:00;97;ASV - Acidente SEM Vítima;533;BR-324/BA;Leste;Choque Contra Objeto Fixo;1;;;;;;;;;;1;;;;
24/09/2021;09:40:00;145;ASV - Acidente SEM Vítima;519;BR-324/BA;Oeste;Engavetamento;3;;;;;;;;;1;7;;;;
24/09/2021;10:43:00;167;ASV - Acidente SEM Vítima;756,8;BR-116/BA;Sul;Engavetamento;;;1;;;1;;;;1;3;;;;
24/09/2021;11:39:00;186;ASV - Acidente SEM Vítima;605;BR-324/BA;Oeste;Colisão Traseira;;;2;;;;;;;;2;;;;
24/09/2021;12:28:00;196;AV - Acidente com VITIMA;764;BR-116/BA;Sul;Colisão Traseira;;;2;;;;;;;;1;1;1;;
24/09/2021;15:15:00;231;ASV - Acidente SEM Vítima;612;BR-324/BA;Oeste;Colisão Traseira;1;;;;;;;;;1;6;;;;
24/09/2021;15:51:00;246;ASV - Acidente SEM Vítima;612;BR-324/BA;Leste;Colisão Traseira;;;1;;;;;;;1;2;;;;
24/09/2021;20:21:00;304;ASV - Acidente SEM Vítima;584;BR-324/BA;Leste;Saida de Pista;1;;;;;;;;;1;2;;;;
24/09/2021;20:52:00;308;ASV - Acidente SEM Vítima;543;BR-324/BA;Oeste;Saida de Pista;1;;;;;;;;;;1;;;;
24/09/2021;21:26:00;313;ASV - Acidente SEM Vítima;426,2;BR-116/BA;Norte;Tombamento;;;1;;;;;;;;2;;;;
25/09/2021;05:08:00;29;ASV - Acidente SEM Vítima;431,8;BR-116/BA;Norte;Saida de Pista;;;1;;;;;;;;2;;;;
25/09/2021;08:40:00;81;ASV - Acidente SEM Vítima;523;BR-324/BA;Oeste;Colisão Lateral;;;1;;;;;;;1;17;;;;
25/09/2021;10:33:00;107;AV - Acidente com VITIMA;574;BR-324/BA;Oeste;Saida de Pista;2;;1;;;;;;;;3;1;1;;
25/09/2021;12:06:00;137;AV - Acidente com VITIMA;757,5;BR-116/BA;Norte;Colisão Traseira;;;1;1;;;;;;;1;1;;;
25/09/2021;15:01:00;178;ASV - Acidente SEM Vítima;561;BR-324/BA;Oeste;Saida de Pista;;;;;;;;;;1;1;;;;
25/09/2021;18:09:00;227;ASV - Acidente SEM Vítima;818;BR-116/BA;Norte;Colisão Transversal;2;;;;;;;;;;2;;;;
25/09/2021;19:32:00;240;AV - Acidente com VITIMA;672,9;BR-116/BA;Norte;Queda de Moto;;;;1;;;;;;;0;1;1;;
25/09/2021;19:47:00;244;AV - Acidente com VITIMA;534;BR-116/BA;Norte;Queda de Moto;;;;1;;;;;;;0;;2;;