data;horario;n_da_ocorrencia;tipo_de_ocorrencia;km;trecho;sentido;tipo_de_acidente;automovel;bicicleta;caminhao;moto;onibus;outros;tracao_animal;transporte_de_cargas_especiais;trator_maquinas;utilitarios;ilesos;levemente_feridos;moderadamente_feridos;gravemente_feridos;mortos
25/09/2021;23:10:00;277;AV - Acidente com VITIMA;586;BR-324/BA;Leste;Saida de Pista;1;;;;;;;;;;0;1;;;
26/09/2021;05:39:00;17;ASV - Acidente SEM Vítima;817;BR-116/BA;Sul;Colisão Traseira;1;;1;;;;;;;;2;;;;
26/09/2021;06:37:00;25;ASV - Acidente SEM Vítima;626;BR-324/BA;Leste;Choque Contra Objeto Fixo;1;;;;;;;;;;1;;;;
26/09/2021;13:46:00;114;AV - Acidente com VITIMA;441,9;BR-116/BA;Sul;Queda de Moto;;;;1;;;;;;;0;1;;;
26/09/2021;14:08:00;117;AV - Acidente com VITIMA;550;BR-324/BA;Leste;Sequência;2;;1;;;1;;;;;3;;5;;
26/09/2021;14:33:00;124;ASV - Acidente SEM Vítima;530;BR-324/BA;Leste;Saida de Pista;;;1;;;;;;;;1;;;;
26/09/2021;16:34:00;154;ASV - Acidente SEM Vítima;588;BR-324/BA;Oeste;Colisão Traseira;1;;;;;1;;;;;4;;;;
26/09/2021;19:07:00;201;ASV - Acidente SEM Vítima;546;BR-324/BA;Leste;Colisão Traseira;1;;;;;;;;;1;2;;;;
26/09/2021;21:58:00;229;ASV - Acidente SEM Vítima;523;BR-324/BA;Oeste;Colisão Traseira;2;;;;;;;;;;2;;;;
26/09/2021;22:51:00;240;AV - Acidente com VITIMA;570;BR-116/BA;Norte;Saida de Pista;1;;;;;;;;;;0;2;;;
27/09/2021;07:48:00;74;ASV - Acidente SEM Vítima;615;BR-324/BA;Oeste;Colisão Traseira;1;;;;;1;;;;;2;;;;
27/09/2021;09:12:00;110;ASV - Acidente SEM Vítima;623;BR-324/BA;Leste;Colisão Lateral;1;;;1;;;;;;;2;;;;
27/09/2021;09:59:00;132;ASV - Acidente SEM Vítima;614,5;BR-324/BA;Leste;Colisão Traseira;1;;;;;;;;;1;2;;;;
27/09/2021;11:22:00;153;ASV - Acidente SEM Vítima;713,8;BR-116/BA;Norte;Saida de Pista;;;1;;;;;;;;1;;;;
27/09/2021;11:56:00;166;AV - Acidente com VITIMA;818;BR-116/BA;Norte;Colisão Transversal;;;1;;;;;;;1;0;2;;;
27/09/2021;16:12:00;229;ASV - Acidente SEM Vítima;521;BR-324/BA;Oeste;Colisão Traseira;1;;1;;;;;;;;3;;;;
27/09/2021;17:51:00;263;ASV - Acidente SEM Vítima;617;BR-324/BA;Leste;Colisão Traseira;;;;1;;1;;;;;3;;;;
27/09/2021;21:44:00;293;ASV - Acidente SEM Vítima;609;BR-324/BA;Leste;Colisão Lateral;1;;1;;;;;;;;2;;;;
28/09/2021;15:15:00;221;ASV - Acidente SEM Vítima;907;BR-116/BA;Sul;Colisão Lateral;1;;2;;;;;;;;3;;;;
28/09/2021;23:25:00;323;ASV - Acidente SEM Vítima;572;BR-324/BA;Leste;Saida de Pista;;;1;;;;;;;;1;;;;
29/09/2021;04:43:00;18;ASV - Acidente SEM Vítima;540;BR-116/BA;Sul;Colisão Traseira;;;1;;;;;;;;1;;;;
29/09/2021;06:27:00;27;AV - Acidente com VITIMA;616;BR-324/BA;Leste;Colisão Traseira;1;;;;;;;;;1;0;3;3;;
29/09/2021;08:16:00;76;ASV - Acidente SEM Vítima;565;BR-324/BA;Oeste;Tombamento;;;1;;;;;;;;1;;;;
29/09/2021;08:58:00;93;ASV - Acidente SEM Vítima;607;BR-324/BA;Leste;Colisão Traseira;2;;;;;;;;;;2;;;;
29/09/2021;16:32:00;220;AV - Acidente com VITIMA;605;BR-324/BA;Leste;Queda de Moto;;;;1;;;;;;;0;1;;;
29/09/2021;17:47:00;238;ASV - Acidente SEM Vítima;5;BA-526;Sul;Colisão Lateral;;;2;;;;;;;;2;;;;
30/09/2021;04:33:00;18;AV - Acidente com VITIMA;729,59;BR-116/BA;Sul;Colisão Traseira;;;1;;1;;;;;;40;6;1;;
30/09/2021;05:32:00;25;ASV - Acidente SEM Vítima;463,5;BR-116/BA;Norte;Colisão Lateral;;;2;;;;;;;;2;;;;
30/09/2021;05:49:00;26;AV - Acidente com VITIMA;862,3;BR-116/BA;Norte;Saida de Pista;;;1;;;;;;;;1;1;;;
30/09/2021;07:40:00;47;ASV - Acidente SEM Vítima;621;BR-324/BA;Leste;Colisão Traseira;1;;;;;1;;;;;2;;;;
30/09/2021;09:47:00;93;ASV - Acidente SEM Vítima;690;BR-116/BA;Norte;Colisão Transversal;;;;;;;;;;2;2;;;;
30/09/2021;10:41:00;108;ASV - Acidente SEM Vítima;907,9;BR-116/BA;Sul;Saida de Pista;;;1;;;;;;;;1;;;;
30/09/2021;13:30:00;141;AV - Acidente com VITIMA;10;BR-116/BA - Cont VC;Sul;Queda de Moto;;;;1;;;;;;;1;1;;;
30/09/2021;15:04:00;163;AV - Acidente com VITIMA;615,8;BR-324/BA;Leste;Sequência;1;;1;1;;;;;;;2;1;;;
30/09/2021;22:39:00;240;ASV - Acidente SEM Vítima;525;BR-324/BA;Oeste;Colisão Lateral;;;2;;;;;;;;2;;;;
01/10/2021;03:23:00;11;ASV - Acidente SEM Vítima;583,9;BR-324/BA;Leste;Saida de Pista;1;;;;;;;;;;1;;;;
01/10/2021;05:13:00;19;ASV - Acidente SEM Vítima;13;BR-116/BA - Cont VC;Sul;Atropelamento de Animal;1;;;;;;;;;;1;;;;
01/10/2021;09:08:00;102;ASV - Acidente SEM Vítima;620;BR-324/BA;Leste;Colisão Traseira;1;;;;;;;;;1;2;;;;
01/10/2021;14:52:00;165;ASV - Acidente SEM Vítima;759;BR-116/BA;Sul;Sequência;2;;1;;;;;;;1;9;;;;
01/10/2021;17:09:00;202;ASV - Acidente SEM Vítima;587;BR-324/BA;Oeste;Colisão Traseira;2;;;;;;;;;;5;;;;
01/10/2021;17:10:00;203;AF - Acidente com Vitima Fatal;450;BR-116/BA;Sul;Colisão Frontal;1;;;1;;;;;;;1;;;;1
02/10/2021;01:33:00;11;ASV - Acidente SEM Vítima;713;BR-116/BA;Norte;Atropelamento de Animal;;;;;;;;;;1;1;;;;
02/10/2021;05:12:00;36;ASV - Acidente SEM Vítima;535;BR-324/BA;Oeste;Saida de Pista;1;;;;;;;;;;1;;;;
02/10/2021;05:51:00;39;ASV - Acidente SEM Vítima;586,5;BR-116/BA;Norte;Colisão Lateral;;;2;;;;;;;;2;;;;
02/10/2021;09:01:00;87;ASV - Acidente SEM Vítima;579,4;BR-324/BA;Leste;Colisão Traseira;2;;;;;;;;;;2;;;;
02/10/2021;14:53:00;183;ASV - Acidente SEM Vítima;480,9;BR-116/BA;Norte;Colisão Traseira;;;2;;;;;;;;2;;;;
02/10/2021;15:09:00;192;ASV - Acidente SEM Vítima;574;BR-324/BA;Oeste;Colisão Lateral;1;;1;;;;;;;;2;;;;
02/10/2021;17:54:00;241;ASV - Acidente SEM Vítima;522;BR-324/BA;Leste;Colisão Lateral;1;;;;;1;;;;;2;;;;
02/10/2021;23:43:00;291;AV - Acidente com VITIMA;24;BR-116/BA - Cont VC;Sul;Saida de Pista;;;;;;;;;;1;0;1;;;
03/10/2021;02:19:00;12;ASV - Acidente SEM Vítima;598,4;BR-324/BA;Leste;Saida de Pista;1;;;;;;;;;;1;;;;
03/10/2021;07:25:00;33;ASV - Acidente SEM Vítima;621;BR-324/BA;Oeste;Colisão Lateral;2;;;;;;;;;;2;;;;
03/10/2021;07:40:00;37;ASV - Acidente SEM Vítima;568;BR-324/BA;Leste;Saida de Pista;1;;;;;;;;;;2;;;;
03/10/2021;08:00:00;40;ASV - Acidente SEM Vítima;530;BR-324/BA;Leste;Colisão Lateral;;;1;;;1;;;;;2;;;;
03/10/2021;12:55:00;92;ASV - Acidente SEM Vítima;615,6;BR-324/BA;Oeste;Queda de Moto;;;;1;;;;;;;2;;;;
03/10/2021;18:36:00;155;ASV - Acidente SEM Vítima;587;BR-324/BA;Leste;Choque Contra Objeto Fixo;1;;;;;;;;;;1;;;;
03/10/2021;19:01:00;161;ASV - Acidente SEM Vítima;603,5;BR-324/BA;Oeste;Atropelamento de Animal;2;;;;;;;;;;2;;;;
03/10/2021;19:06:00;166;AF - Acidente com Vitima Fatal;603,5;BR-324/BA;Leste;Colisão Frontal;;;;;;;;;;2;0;4;2;;1
03/10/2021;19:22:00;174;AV - Acidente com VITIMA;12,7;BR-116/BA - Cont VC;Norte;Queda de Moto;;;;1;;1;;;;;1;;1;;
03/10/2021;19:35:00;179;ASV - Acidente SEM Vítima;603;BR-324/BA;Oeste;Atropelamento de Animal;1;;;;;;;;;;1;;;;
03/10/2021;19:36:00;180;ASV - Acidente SEM Vítima;587;BR-324/BA;Leste;Engavetamento;1;;;;;2;;;;;3;;;;
03/10/2021;20:13:00;189;ASV - Acidente SEM Vítima;591;BR-324/BA;Oeste;Saida de Pista;1;;;;;;;;;;1;;;;
04/10/2021;07:58:00;68;ASV - Acidente SEM Vítima;543,5;BR-116/BA;Sul;Colisão Lateral;1;;;1;;;;;;;3;;;;
04/10/2021;08:05:00;71;ASV - Acidente SEM Vítima;898;BR-116/BA;Norte;Colisão Traseira;;;2;;;;;;;;2;;;;
04/10/2021;10:35:00;119;ASV - Acidente SEM Vítima;590;BR-324/BA;Leste;Colisão Traseira;1;;;;1;;;;;;4;;;;
04/10/2021;16:14:00;218;ASV - Acidente SEM Vítima;852;BR-116/BA;Norte;Colisão Traseira;;;1;1;;;;;;;5;;;;
04/10/2021;18:27:00;260;ASV - Acidente SEM Vítima;661,8;BR-116/BA;Norte;Saida de Pista;;;1;;;;;;;;1;;;;
04/10/2021;19:42:00;272;ASV - Acidente SEM Vítima;557,5;BR-116/BA;Sul;Tombamento;;;1;;;;;;;;1;;;;
04/10/2021;20:49:00;283;AV - Acidente com VITIMA;28,2;BR-116/BA - Cont VC;Norte;Colisão Traseira;;;;1;;1;;;;;1;1;;;
04/10/2021;23:58:00;299;AV - Acidente com VITIMA;861,8;BR-116/BA;Norte;Saida de Pista;1;;;;;;;;;;0;;1;;
05/10/2021;07:25:00;48;ASV - Acidente SEM Vítima;618;BR-324/BA;Oeste;Colisão Lateral;;;1;;1;;;;;;26;;;;
05/10/2021;10:35:00;136;ASV - Acidente SEM Vítima;555;BR-324/BA;Leste;Engavetamento;3;;;;;;;;;;3;;;;
05/10/2021;13:22:00;177;ASV - Acidente SEM Vítima;553,5;BR-324/BA;Oeste;Colisão Lateral;;;1;;;;;;;1;5;;;;
05/10/2021;14:41:00;197;ASV - Acidente SEM Vítima;626;BR-324/BA;Oeste;Saida de Pista;1;;;;;;;;;;1;;;;
05/10/2021;14:56:00;209;AV - Acidente com VITIMA;539;BR-116/BA;Norte;Colisão Traseira;1;;1;;;;;;;;4;2;;;
05/10/2021;17:44:00;259;ASV - Acidente SEM Vítima;819;BR-116/BA;Sul;Colisão Traseira;;;;1;;;;;;1;2;;;;
06/10/2021;09:17:00;94;AV - Acidente com VITIMA;879,2;BR-116/BA;Sul;Saida de Pista;;;1;;;;;;;;0;;;1;
06/10/2021;10:57:00;129;AV - Acidente com VITIMA;752;BR-116/BA;Sul;Engavetamento;1;;3;;;;;;;;4;1;;;
06/10/2021;12:45:00;157;ASV - Acidente SEM Vítima;625;BR-324/BA;Oeste;Engavetamento;3;;;;;1;;;;;4;;;;
06/10/2021;16:58:00;232;AV - Acidente com VITIMA;801;BR-116/BA;Sul;Sequência;1;;2;;;;;;;;4;;1;1;
07/10/2021;17:20:00;235;AV - Acidente com VITIMA;851;BR-116/BA;Norte;Colisão Lateral;1;;;;;1;;;;;3;2;2;;
07/10/2021;17:31:00;240;AV - Acidente com VITIMA;25;BR-116/BA - Cont VC;Sul;Colisão Transversal;;;;1;;1;;;;;1;;;1;
08/10/2021;06:48:00;57;ASV - Acidente SEM Vítima;588;BR-324/BA;Oeste;Colisão Traseira;;;;;;1;;;;1;2;;;;
08/10/2021;07:26:00;78;ASV - Acidente SEM Vítima;617;BR-324/BA;Leste;Colisão Lateral;1;;1;;;1;;;;;3;;;;
08/10/2021;14:23:00;179;AV - Acidente com VITIMA;493;BR-116/BA;Sul;Engavetamento;;;4;;;1;;;;;5;;1;;
08/10/2021;15:23:00;198;ASV - Acidente SEM Vítima;611;BR-324/BA;Oeste;Colisão Traseira;2;;;;;;;;;;2;;;;
08/10/2021;15:53:00;211;AV - Acidente com VITIMA;524;BR-324/BA;Leste;Queda de Moto;;;;1;;;;;;;0;;2;;
08/10/2021;17:23:00;241;ASV - Acidente SEM Vítima;560;BR-324/BA;Leste;Colisão Traseira;1;;;1;;;;;;;2;;;;
08/10/2021;17:27:00;242;AV - Acidente com VITIMA;523;BR-324/BA;Oeste;Queda de Moto;;;;1;;;;;;;0;1;;;
08/10/2021;17:30:00;245;ASV - Acidente SEM Vítima;819,5;BR-116/BA;Sul;Colisão Traseira;2;;;;;;;;;;2;;;;
08/10/2021;21:01:00;288;AV - Acidente com VITIMA;511,2;BR-116/BA;Sul;Saida de Pista;;;1;;;;;;;;0;;1;;
09/10/2021;03:51:00;21;AV - Acidente com VITIMA;621,4;BR-324/BA;Oeste;Colisão Frontal;2;;;;;;;;;;0;;2;;
09/10/2021;07:41:00;62;AV - Acidente com VITIMA;613;BR-324/BA;Leste;Outros;;1;1;;;;;;;;1;1;;;
09/10/2021;07:54:00;67;ASV - Acidente SEM Vítima;599;BR-324/BA;Leste;Engavetamento;2;;;;;;;;;1;3;;;;
09/10/2021;12:03:00;137;ASV - Acidente SEM Vítima;614;BR-324/BA;Oeste;Colisão Lateral;1;;1;;;;;;;;2;;;;
09/10/2021;12:38:00;145;ASV - Acidente SEM Vítima;519;BR-324/BA;Leste;Engavetamento;2;;;;;;;;;1;3;;;;
09/10/2021;17:46:00;223;AV - Acidente com VITIMA;524;BR-324/BA;Leste;Atropelamento de Pedestre;;;;1;;;;;;;1;;1;;
09/10/2021;19:13:00;241;ASV - Acidente SEM Vítima;604;BR-324/BA;Oeste;Colisão Lateral;1;;1;;;;;;;;2;;;;
09/10/2021;19:47:00;244;AF - Acidente com Vitima Fatal;493;BR-116/BA;Sul;Colisão Traseira;;;2;;;;;;;;1;;;;1
10/10/2021;02:36:00;19;AF - Acidente com Vitima Fatal;565;BR-116/BA;Sul;Atropelamento de Pedestre;;;;;;2;;;;;2;;;;1
10/10/2021;08:55:00;73;ASV - Acidente SEM Vítima;639;BR-116/BA;Sul;Colisão Lateral;1;;1;;;1;;;;;3;;;;
10/10/2021;16:25:00;174;ASV - Acidente SEM Vítima;621;BR-324/BA;Leste;Queda de Moto;;;;1;;;;;;;1;;;;
10/10/2021;16:57:00;177;ASV - Acidente SEM Vítima;873;BR-116/BA;Norte;Colisão Traseira;;;2;;;;;;;;2;;;;
10/10/2021;17:12:00;182;AV - Acidente com VITIMA;15;BR-116/BA - Cont VC;Norte;Colisão Transversal;1;;;1;;;;;;;1;1;;;
10/10/2021;21:50:00;231;ASV - Acidente SEM Vítima;518,3;BR-324/BA;Oeste;Colisão Lateral;1;;1;;;;;;;;2;;;;
10/10/2021;22:44:00;243;AV - Acidente com VITIMA;569;BR-324/BA;Leste;Saida de Pista;1;;;;;;;;;;1;2;;;
11/10/2021;04:09:00;29;ASV - Acidente SEM Vítima;617;BR-324/BA;Oeste;Saida de Pista;1;;;;;;;;;;1;;;;
12/10/2021;12:21:00;122;ASV - Acidente SEM Vítima;592;BR-324/BA;Oeste;Saida de Pista;1;;;;;;;;;;1;;;;
12/10/2021;17:49:00;213;ASV - Acidente SEM Vítima;621;BR-324/BA;Leste;Saida de Pista;1;;;;;;;;;;1;;;;
12/10/2021;20:52:00;262;AV - Acidente com VITIMA;545;BR-324/BA;Oeste;Colisão Frontal;;;;1;;1;;;;;1;;;1;
13/10/2021;01:24:00;9;AV - Acidente com VITIMA;16,5;BR-116/BA - Cont VC;Norte;Colisão Transversal;;;;1;;;;;;;0;1;;;
13/10/2021;01:38:00;10;ASV - Acidente SEM Vítima;426,5;BR-116/BA;Norte;Tombamento;;;1;;;;;;;;1;;;;
13/10/2021;07:59:00;93;ASV - Acidente SEM Vítima;614;BR-324/BA;Leste;Colisão Traseira;1;;1;;;;;;;;2;;;;
13/10/2021;09:07:00;116;AV - Acidente com VITIMA;785;BR-116/BA;Sul;Saida de Pista;1;;;;;;;;;;0;;1;;
13/10/2021;11:08:00;168;AV - Acidente com VITIMA;631,5;BR-116/BA;Norte;Colisão Lateral;1;;1;;;;;;;;0;2;;;
13/10/2021;12:39:00;204;ASV - Acidente SEM Vítima;696;BR-116/BA;Norte;Saida de Pista;1;;;;;;;;;;1;;;;
13/10/2021;14:01:00;223;ASV - Acidente SEM Vítima;623;BR-116/BA;Sul;Saida de Pista;1;;;;;;;;;;1;;;;
13/10/2021;19:37:00;355;AV - Acidente com VITIMA;772;BR-116/BA;Norte;Colisão Traseira;;;2;;;;;;;;1;;1;;
14/10/2021;07:15:00;34;ASV - Acidente SEM Vítima;630;BR-116/BA;Sul;Colisão Transversal;1;;;;;;;;;1;5;;;;
14/10/2021;07:20:00;42;AV - Acidente com VITIMA;620,95;BR-324/BA;Leste;Colisão Lateral;;;;1;;;;;;;0;1;1;;
14/10/2021;07:49:00;49;ASV - Acidente SEM Vítima;623,07;BR-324/BA;Leste;Colisão Lateral;;;;1;;;;;;;1;;;;
14/10/2021;07:51:00;51;ASV - Acidente SEM Vítima;622;BR-324/BA;Leste;Colisão Traseira;2;;;;;;;;;;2;;;;
14/10/2021;11:50:00;132;AV - Acidente com VITIMA;573;BR-324/BA;Leste;Saida de Pista;1;;;;;;;;;;0;;1;;
14/10/2021;18:26:00;236;ASV - Acidente SEM Vítima;608;BR-324/BA;Oeste;Colisão Traseira;1;;;;;;;;;1;2;;;;
15/10/2021;00:11:00;2;AV - Acidente com VITIMA;2,7;BR-116/BA - ContSuFS;Sul;Queda de Moto;;;;1;;;;;;;1;1;;;
15/10/2021;07:18:00;48;AV - Acidente com VITIMA;609;BR-324/BA;Oeste;Colisão Lateral;1;;;1;;;;;;;1;;1;;
15/10/2021;10:41:00;136;ASV - Acidente SEM Vítima;599;BR-324/BA;Oeste;Colisão Lateral;1;;1;;;;;;;;2;;;;
15/10/2021;14:35:00;191;AV - Acidente com VITIMA;770,8;BR-116/BA;Norte;Saida de Pista;;;1;;;;;;;;0;1;;;
15/10/2021;17:56:00;257;ASV - Acidente SEM Vítima;523,001;BR-324/BA;Oeste;Colisão Traseira;1;;1;;;;;;;;2;;;;
15/10/2021;18:14:00;262;AF - Acidente com Vitima Fatal;670;BR-116/BA;Norte;Colisão Lateral;;;1;1;;;;;;;1;;;;1
15/10/2021;19:34:00;280;ASV - Acidente SEM Vítima;619;BR-324/BA;Leste;Saida de Pista;1;;;;;;;;;;1;;;;
16/10/2021;02:23:00;11;AV - Acidente com VITIMA;619;BR-324/BA;Oeste;Queda de Moto;;;;1;;;;;;;0;1;;1;
16/10/2021;06:56:00;40;AV - Acidente com VITIMA;436;BR-116/BA;Norte;Colisão Lateral;;;;1;;1;;;;;1;;1;;
16/10/2021;12:48:00;103;ASV - Acidente SEM Vítima;818;BR-116/BA;Sul;Colisão Transversal;1;;;;;1;;;;;5;;;;
16/10/2021;14:12:00;119;ASV - Acidente SEM Vítima;625;BR-324/BA;Leste;Colisão Traseira;1;;;;;1;;;;;2;;;;
16/10/2021;14:22:00;124;AV - Acidente com VITIMA;543;BR-116/BA;Sul;Colisão Lateral;;;1;1;;;;;;;1;;;1;
16/10/2021;18:18:00;180;ASV - Acidente SEM Vítima;829;BR-116/BA;Norte;Colisão Traseira;1;;1;;;;;;;;2;;;;
16/10/2021;18:29:00;183;AF - Acidente com Vitima Fatal;21,2;BR-116/BA - Cont VC;Sul;Saida de Pista;;;1;;;;;;;;0;1;;;1
16/10/2021;19:03:00;189;AV - Acidente com VITIMA;16;BR-116/BA - Cont VC;Sul;Atropelamento de Pedestre;;;;;;1;;;;;1;1;;;
17/10/2021;01:13:00;8;AV - Acidente com VITIMA;574,5;BR-324/BA;Leste;Outros;;1;;;;;;;;;0;1;;;
17/10/2021;01:18:00;9;ASV - Acidente SEM Vítima;764;BR-116/BA;Norte;Colisão Transversal;1;;1;;;;;;;;6;;;;
17/10/2021;04:04:00;21;ASV - Acidente SEM Vítima;603;BR-324/BA;Oeste;Saida de Pista;1;;;;;;;;;;2;;;;
17/10/2021;06:27:00;27;ASV - Acidente SEM Vítima;619;BR-324/BA;Leste;Choque Contra Objeto Fixo;1;;;;;;;;;;1;;;;
17/10/2021;07:29:00;38;AV - Acidente com VITIMA;570,2;BR-324/BA;Leste;Saida de Pista;1;;;;;;;;;;1;;1;;
17/10/2021;09:18:00;64;ASV - Acidente SEM Vítima;543;BR-116/BA;Sul;Colisão Transversal;2;;;;;;;;;;4;;;;
17/10/2021;15:38:00;149;AF - Acidente com Vitima Fatal;528,6;BR-116/BA;Norte;Engavetamento;;;4;;;;;;;;2;;;1;2
17/10/2021;15:57:00;160;AV - Acidente com VITIMA;678,5;BR-116/BA;Norte;Engavetamento;;;3;;;;;;;;2;;1;;
17/10/2021;19:47:00;221;ASV - Acidente SEM Vítima;932;BR-116/BA;Norte;Atropelamento de Animal;;;1;;;;;;;;1;;;;
17/10/2021;20:21:00;226;AF - Acidente com Vitima Fatal;12,4;BR-116/BA - Cont VC;Sul;Atropelamento de Pedestre;1;;;;;;;;;;1;;;;1
17/10/2021;20:37:00;228;AV - Acidente com VITIMA;14,5;BR-116/BA - Cont VC;Sul;Outros;;1;;;;;;;;;0;;1;;
17/10/2021;23:35:00;247;ASV - Acidente SEM Vítima;536,4;BR-116/BA;Norte;Saida de Pista;;;1;;;;;;;;1;;;;
18/10/2021;09:35:00;132;AV - Acidente com VITIMA;626,2;BR-324/BA;Leste;Colisão Lateral;;;1;1;;;;;;;1;2;;;
18/10/2021;10:26:00;157;ASV - Acidente SEM Vítima;603;BR-324/BA;Oeste;Colisão Traseira;;;1;;;;;;;1;2;;;;
18/10/2021;12:57:00;207;ASV - Acidente SEM Vítima;599;BR-324/BA;Oeste;Colisão Lateral;;;;;1;;;;;1;2;;;;
18/10/2021;18:39:00;311;ASV - Acidente SEM Vítima;821;BR-116/BA;Sul;Colisão Traseira;1;;1;;;;;;;;2;;;;
18/10/2021;18:39:00;312;AV - Acidente com VITIMA;7;BR-116/BA - ContSuFS;Sul;Colisão Lateral;;;1;1;;;;;;;1;;;1;
18/10/2021;19:54:00;328;ASV - Acidente SEM Vítima;582,3;BR-116/BA;Sul;Saida de Pista;1;;;;;;;;;;1;;;;
19/10/2021;05:31:00;19;ASV - Acidente SEM Vítima;563,5;BR-324/BA;Oeste;Saida de Pista;1;;;;;;;;;;4;;;;
19/10/2021;06:45:00;32;AV - Acidente com VITIMA;459;BR-116/BA;Sul;Colisão Lateral;1;;;1;;;;;;;0;3;;;
19/10/2021;07:54:00;64;AV - Acidente com VITIMA;827;BR-116/BA;Norte;Colisão Lateral;;;;2;;;;;;;0;2;;;
19/10/2021;07:59:00;68;AV - Acidente com VITIMA;426,6;BR-116/BA;Norte;Colisão Lateral;1;;;;;1;;;;;1;1;1;;
19/10/2021;16:53:00;242;AV - Acidente com VITIMA;586;BR-324/BA;Leste;Saida de Pista;1;;;;;;;;;;0;;1;;
19/10/2021;19:01:00;264;ASV - Acidente SEM Vítima;573;BR-324/BA;Leste;Colisão Traseira;;;;;;;;;;2;2;;;;
19/10/2021;19:18:00;266;AV - Acidente com VITIMA;450;BR-116/BA;Norte;Saida de Pista;1;;;;;;;;;;0;;1;;
19/10/2021;23:19:00;299;AV - Acidente com VITIMA;519;BR-324/BA;Leste;Queda de Moto;;;;1;;;;;;;0;;;1;
20/10/2021;08:54:00;90;ASV - Acidente SEM Vítima;619;BR-324/BA;Leste;Colisão Lateral;1;;1;;;;;;;;2;;;;
20/10/2021;09:11:00;93;ASV - Acidente SEM Vítima;621,933;BR-324/BA;Leste;Colisão Traseira;1;;;;;;;;;1;2;;;;
20/10/2021;11:47:00;154;ASV - Acidente SEM Vítima;609;BR-324/BA;Oeste;Engavetamento;2;;;;;;;;;1;3;;;;
20/10/2021;12:47:00;171;ASV - Acidente SEM Vítima;546;BR-324/BA;Oeste;Colisão Traseira;1;;;;;;;;;1;2;;;;
20/10/2021;15:36:00;207;AV - Acidente com VITIMA;699;BR-116/BA;Norte;Queda de Moto;;;;1;;;;;;;0;1;;;
20/10/2021;17:45:00;247;ASV - Acidente SEM Vítima;24,5;BR-116/BA - Cont VC;Sul;Colisão Traseira;2;;;;;;;;;;2;;;;
21/10/2021;00:17:00;3;ASV - Acidente SEM Vítima;587;BR-324/BA;Leste;Atropelamento de Animal;1;;;;;;;;;;1;;;;
21/10/2021;08:18:00;86;ASV - Acidente SEM Vítima;525;BR-324/BA;Leste;Colisão Lateral;;;;1;;;;;;;1;;;;
21/10/2021;08:25:00;90;AV - Acidente com VITIMA;528;BR-116/BA;Norte;Saida de Pista;1;;;;;;;;;;0;1;;;
21/10/2021;11:29:00;152;AV - Acidente com VITIMA;674;BR-116/BA;Norte;Colisão Lateral;;;1;1;;;;;;;0;2;;;
21/10/2021;11:40:00;154;ASV - Acidente SEM Vítima;736,5;BR-116/BA;Norte;Saida de Pista;;;;;;;;;;1;1;;;;
21/10/2021;12:40:00;167;ASV - Acidente SEM Vítima;728;BR-116/BA;Norte;Colisão Traseira;;;1;;1;;;;;;41;;;;
21/10/2021;13:10:00;177;ASV - Acidente SEM Vítima;696;BR-116/BA;Norte;Saida de Pista;1;;;;;;;;;;3;;;;
21/10/2021;15:17:00;213;ASV - Acidente SEM Vítima;875,9;BR-116/BA;Norte;Saida de Pista;;;1;;;;;;;;1;;;;
21/10/2021;18:06:00;268;AV - Acidente com VITIMA;448;BR-116/BA;Norte;Saida de Pista;;;;1;;;;;;;1;1;;;
21/10/2021;19:19:00;284;AV - Acidente com VITIMA;2,5;BR-116/BA - Cont VC;Sul;Atropelamento de Animal;;;;1;;;;;;;0;1;;;
21/10/2021;19:46:00;291;AV - Acidente com VITIMA;596,5;BR-116/BA;Sul;Saida de Pista;1;;;;;;;;;;0;5;;;
21/10/2021;23:15:00;319;ASV - Acidente SEM Vítima;549;BR-324/BA;Leste;Atropelamento de Animal;;;;;;;;;;1;4;;;;
22/10/2021;06:40:00;42;AV - Acidente com VITIMA;616;BR-324/BA;Oeste;Colisão Lateral;1;;;1;;;;;;;0;1;;1;
22/10/2021;14:40:00;235;ASV - Acidente SEM Vítima;561;BR-324/BA;Leste;Colisão Traseira;1;;1;;;;;;;;2;;;;
22/10/2021;14:40:00;236;ASV - Acidente SEM Vítima;448;BR-116/BA;Sul;Tombamento;;;1;;;;;;;;1;;;;
22/10/2021;15:40:00;256;ASV - Acidente SEM Vítima;612,5;BR-116/BA;Sul;Saida de Pista;1;;;;;;;;;;1;;;;
22/10/2021;22:57:00;348;ASV - Acidente SEM Vítima;615,8;BR-324/BA;Oeste;Saida de Pista;1;;;;;;;;;;1;;;;
23/10/2021;04:37:00;29;ASV - Acidente SEM Vítima;617;BR-324/BA;Oeste;Saida de Pista;1;;;;;;;;;;1;;;;
23/10/2021;07:12:00;55;AV - Acidente com VITIMA;2;BR-116/BA - Cont VC;Sul;Queda de Moto;;;;1;;;;;;;0;2;;;
23/10/2021;08:59:00;88;ASV - Acidente SEM Vítima;16,5;BR-116/BA - Cont VC;Norte;Colisão Transversal;;;;;;1;;;;1;2;;;;