data;horario;n_da_ocorrencia;tipo_de_ocorrencia;km;trecho;sentido;tipo_de_acidente;automovel;bicicleta;caminhao;moto;onibus;outros;tracao_animal;transporte_de_cargas_especiais;trator_maquinas;utilitarios;ilesos;levemente_feridos;moderadamente_feridos;gravemente_feridos;mortos
23/10/2021;09:46:00;104;ASV - Acidente SEM Vítima;620;BR-116/BA;Sul;Saida de Pista;1;;;;;;;;;;1;;;;
23/10/2021;11:17:00;131;ASV - Acidente SEM Vítima;530;BR-116/BA;Sul;Saida de Pista;;;1;;;;;;;;1;;;;
23/10/2021;11:58:00;141;ASV - Acidente SEM Vítima;533,5;BR-324/BA;Oeste;Saida de Pista;1;;;;;;;;;;1;;;;
23/10/2021;13:19:00;152;ASV - Acidente SEM Vítima;549;BR-324/BA;Oeste;Saida de Pista;1;;;;;;;;;;1;;;;
23/10/2021;14:24:00;168;ASV - Acidente SEM Vítima;588;BR-324/BA;Oeste;Saida de Pista;1;;;;;;;;;;1;;;;
23/10/2021;15:22:00;184;ASV - Acidente SEM Vítima;599;BR-324/BA;Leste;Colisão Traseira;1;;;;;1;;;;;6;;;;
23/10/2021;15:36:00;186;ASV - Acidente SEM Vítima;530;BR-324/BA;Oeste;Colisão Lateral;1;;;;;1;;;;;3;;;;
23/10/2021;16:04:00;197;ASV - Acidente SEM Vítima;551;BR-324/BA;Leste;Colisão Traseira;2;;;;;;;;;;4;;;;
23/10/2021;17:51:00;224;AV - Acidente com VITIMA;9;BR-116/BA - Cont VC;Norte;Colisão Traseira;1;;;1;;;;;;;2;1;;;
23/10/2021;19:21:00;245;AV - Acidente com VITIMA;585,2;BR-116/BA;Sul;Queda de Moto;;;;1;;;;;;;0;;1;;
23/10/2021;20:19:00;254;ASV - Acidente SEM Vítima;618;BR-324/BA;Oeste;Queda de Moto;;;;1;;;;;;;1;;;;
23/10/2021;21:33:00;271;ASV - Acidente SEM Vítima;613;BR-324/BA;Oeste;Saida de Pista;1;;;;;;;;;;1;;;;
23/10/2021;21:58:00;275;ASV - Acidente SEM Vítima;576;BR-116/BA;Sul;Colisão Frontal;1;;1;;;;;;;;2;;;;
23/10/2021;23:50:00;284;ASV - Acidente SEM Vítima;813;BR-116/BA;Sul;Atropelamento de Animal;;;;;;;;;;1;1;;;;
24/10/2021;07:56:00;51;AV - Acidente com VITIMA;593;BR-324/BA;Oeste;Colisão Lateral;2;;;;;;;;;;0;3;;2;
24/10/2021;10:32:00;73;ASV - Acidente SEM Vítima;441;BR-116/BA;Norte;Colisão Traseira;1;;;;;1;;;;;2;;;;
24/10/2021;14:16:00;106;ASV - Acidente SEM Vítima;622;BR-324/BA;Oeste;Queda de Moto;;;;1;;;;;;;2;;;;
24/10/2021;14:51:00;110;ASV - Acidente SEM Vítima;530;BR-324/BA;Oeste;Saida de Pista;1;;;;;;;;;;2;;;;
24/10/2021;14:57:00;112;ASV - Acidente SEM Vítima;530;BR-324/BA;Oeste;Saida de Pista;1;;;;;;;;;;2;;;;
24/10/2021;16:38:00;142;AV - Acidente com VITIMA;619;BR-324/BA;Oeste;Colisão Traseira;1;;;1;;;;;;;1;;2;;
24/10/2021;19:14:00;174;AF - Acidente com Vitima Fatal;749,2;BR-116/BA;Norte;Colisão Frontal;;;1;1;;1;;;;;2;;;;1
24/10/2021;19:16:00;175;AV - Acidente com VITIMA;625,8;BR-324/BA;Oeste;Queda de Moto;;;;1;;;;;;;1;;1;;
24/10/2021;20:50:00;193;ASV - Acidente SEM Vítima;719,2;BR-116/BA;Norte;Colisão Traseira;2;;;;;;;;;;6;;;;
25/10/2021;01:04:00;9;ASV - Acidente SEM Vítima;856,4;BR-116/BA;Norte;Colisão Lateral;2;;;;;;;;;;4;;;;
25/10/2021;04:47:00;25;AV - Acidente com VITIMA;625,5;BR-116/BA;Sul;Saida de Pista;;;1;;;;;;;;1;1;;;
25/10/2021;06:34:00;48;ASV - Acidente SEM Vítima;615;BR-324/BA;Leste;Colisão Traseira;;;2;;;;;;;;2;;;;
25/10/2021;08:11:00;88;ASV - Acidente SEM Vítima;606;BR-324/BA;Leste;Saida de Pista;;;1;;;;;;;;2;;;;
25/10/2021;09:22:00;114;ASV - Acidente SEM Vítima;548;BR-324/BA;Oeste;Saida de Pista;1;;;;;;;;;;1;;;;
25/10/2021;09:42:00;123;ASV - Acidente SEM Vítima;555;BR-324/BA;Leste;Colisão Traseira;1;;1;;;;;;;;2;;;;
25/10/2021;14:26:00;208;AF - Acidente com Vitima Fatal;887,7;BR-116/BA;Sul;Colisão Frontal;1;;1;;;;;;;;1;;;;4
25/10/2021;19:25:00;289;ASV - Acidente SEM Vítima;563,7;BR-116/BA;Norte;Colisão Traseira;;;2;;;;;;;;2;;;;
25/10/2021;21:03:00;310;ASV - Acidente SEM Vítima;453,4;BR-116/BA;Sul;Saida de Pista;;;1;;;;;;;;2;;;;
26/10/2021;04:30:00;12;ASV - Acidente SEM Vítima;530;BR-324/BA;Oeste;Saida de Pista;1;;;;;;;;;;1;;;;
26/10/2021;04:34:00;13;ASV - Acidente SEM Vítima;7;BA-526;Norte;Saida de Pista;1;;;;;;;;;;2;;;;
26/10/2021;05:18:00;17;AV - Acidente com VITIMA;543;BR-116/BA;Norte;Saida de Pista;1;;;;;;;;;;4;1;1;;
26/10/2021;06:13:00;21;AV - Acidente com VITIMA;595,2;BR-116/BA;Sul;Saida de Pista;1;;;;;;;;;;0;1;;;
26/10/2021;08:27:00;84;AV - Acidente com VITIMA;591;BR-324/BA;Oeste;Colisão Lateral;;;1;;;;;;;;0;;1;;
26/10/2021;09:49:00;126;ASV - Acidente SEM Vítima;573,9;BR-324/BA;Oeste;Saida de Pista;1;;;;;;;;;;1;;;;
26/10/2021;13:00:00;180;ASV - Acidente SEM Vítima;571;BR-324/BA;Oeste;Colisão Traseira;;;2;;;;;;;;2;;;;
26/10/2021;15:40:00;224;ASV - Acidente SEM Vítima;531;BR-324/BA;Leste;Choque Contra Objeto Fixo;;;;;;;;;;1;1;;;;
26/10/2021;15:49:00;225;ASV - Acidente SEM Vítima;567,7;BR-324/BA;Leste;Saida de Pista;;;1;;;;;;;;1;;;;
26/10/2021;21:07:00;271;AV - Acidente com VITIMA;601;BR-324/BA;Oeste;Saida de Pista;1;;;;;;;;;;0;;1;;
27/10/2021;05:12:00;22;ASV - Acidente SEM Vítima;620;BR-324/BA;Oeste;Saida de Pista;;;;;;;;;;1;1;;;;
27/10/2021;22:57:00;317;ASV - Acidente SEM Vítima;28,4;BR-116/BA - Cont VC;Norte;Atropelamento de Animal;1;;;;;;;;;;1;;;;
28/10/2021;02:16:00;15;ASV - Acidente SEM Vítima;580;BR-116/BA;Norte;Saida de Pista;;;;;;1;;;;1;16;;;;
28/10/2021;06:49:00;44;AV - Acidente com VITIMA;557;BR-324/BA;Leste;Saida de Pista;;;;;;;;;;1;2;2;;;
28/10/2021;08:00:00;93;AV - Acidente com VITIMA;8,6;BA-526;Sul;Colisão Lateral;1;;;1;;;;;;;2;;1;;
28/10/2021;08:31:00;106;AV - Acidente com VITIMA;579;BR-324/BA;Leste;Saida de Pista;1;;;;;1;;;;;1;3;;;
28/10/2021;10:01:00;141;ASV - Acidente SEM Vítima;564,8;BR-324/BA;Oeste;Saida de Pista;;;1;;;;;;;;1;;;;
28/10/2021;11:16:00;165;ASV - Acidente SEM Vítima;626;BR-324/BA;Oeste;Colisão Traseira;2;;;;;;;;;;2;;;;
28/10/2021;11:26:00;171;AF - Acidente com Vitima Fatal;518;BR-116/BA;Norte;Colisão Traseira;;;1;1;;;;;;;1;;;;1
28/10/2021;13:01:00;194;ASV - Acidente SEM Vítima;579;BR-324/BA;Oeste;Saida de Pista;1;;;;;;;;;;1;;;;
28/10/2021;17:28:00;275;ASV - Acidente SEM Vítima;530;BR-324/BA;Oeste;Saida de Pista;1;;;;;;;;;;1;;;;
28/10/2021;17:37:00;279;ASV - Acidente SEM Vítima;9;BR-116/BA - Cont VC;Norte;Saida de Pista;1;;;;;;;;;;1;;;;
28/10/2021;18:17:00;292;ASV - Acidente SEM Vítima;616;BR-116/BA;Norte;Saida de Pista;;;1;;;;;;;;1;;;;
29/10/2021;04:02:00;20;ASV - Acidente SEM Vítima;609;BR-324/BA;Oeste;Colisão Traseira;;;;1;;1;;;;;2;;;;
29/10/2021;04:13:00;22;AV - Acidente com VITIMA;433,9;BR-116/BA;Norte;Saida de Pista;;;1;;;;;;;;0;;1;;
29/10/2021;09:35:00;121;ASV - Acidente SEM Vítima;794;BR-116/BA;Sul;Engavetamento;1;;;;;2;;;;;4;;;;
29/10/2021;16:24:00;257;ASV - Acidente SEM Vítima;527;BR-324/BA;Leste;Colisão Traseira;1;;;1;;;;;;;2;;;;
29/10/2021;17:13:00;274;ASV - Acidente SEM Vítima;599;BR-324/BA;Oeste;Engavetamento;2;;1;;;;;;;;7;;;;
29/10/2021;18:22:00;296;ASV - Acidente SEM Vítima;795;BR-116/BA;Norte;Colisão Traseira;;;2;;;;;;;;2;;;;
29/10/2021;22:18:00;351;AV - Acidente com VITIMA;617;BR-324/BA;Leste;Choque Contra Objeto Fixo;1;;;;;;;;;;0;;1;;
30/10/2021;05:51:00;21;AV - Acidente com VITIMA;817;BR-116/BA;Sul;Colisão Lateral;;;1;1;;;;;;;1;2;;;
30/10/2021;06:20:00;28;ASV - Acidente SEM Vítima;483;BR-116/BA;Norte;Colisão Traseira;;;1;;1;;;;;;31;;;;
30/10/2021;08:10:00;64;ASV - Acidente SEM Vítima;0;BR-116/BA - ContSuFS;Norte;Queda de Moto;;;;1;;;;;;;1;;;;
30/10/2021;09:55:00;92;ASV - Acidente SEM Vítima;602;BR-324/BA;Leste;Saida de Pista;1;;;;;;;;;;1;;;;
30/10/2021;10:54:00;108;ASV - Acidente SEM Vítima;765;BR-116/BA;Sul;Colisão Traseira;;;1;;;1;;;;;2;;;;
30/10/2021;11:56:00;123;ASV - Acidente SEM Vítima;522,9;BR-324/BA;Leste;Colisão Traseira;1;;1;;;;;;;;2;;;;
30/10/2021;13:02:00;142;AV - Acidente com VITIMA;587;BR-324/BA;Leste;Saida de Pista;;;;;;;;;;1;0;1;;;
30/10/2021;14:32:00;167;AV - Acidente com VITIMA;714;BR-116/BA;Sul;Colisão Traseira;;;2;;;;;;;;1;1;;;
30/10/2021;17:38:00;209;AV - Acidente com VITIMA;556;BR-324/BA;Oeste;Saida de Pista;1;;;;;;;;;;0;3;;;
30/10/2021;17:42:00;211;AV - Acidente com VITIMA;596;BR-324/BA;Leste;Saida de Pista;1;;;;;;;;;;0;;2;;
30/10/2021;19:25:00;236;AV - Acidente com VITIMA;801;BR-116/BA;Norte;Colisão Frontal;1;;2;;;;;;;;0;;5;;
30/10/2021;22:57:00;264;ASV - Acidente SEM Vítima;806;BR-116/BA;Norte;Colisão Traseira;;;2;;;;;;;;2;;;;
31/10/2021;04:34:00;25;ASV - Acidente SEM Vítima;760;BR-116/BA;Norte;Colisão Traseira;;;;;;1;;;;1;3;;;;
31/10/2021;08:26:00;69;ASV - Acidente SEM Vítima;857,2;BR-116/BA;Norte;Colisão Traseira;;;2;;;;;;;;2;;;;
31/10/2021;21:11:00;235;ASV - Acidente SEM Vítima;581,3;BR-324/BA;Leste;Saida de Pista;1;;;;;;;;;;1;;;;
23/11/2021;07:50:00;59;Com vítima;521,000;BR-324/BA;Decrescente;Acidentes de outra natureza;0;0;0;1;0;0;0;0;0;0;0;0;1;0;0
23/11/2021;08:21:00;71;Sem vítima;14,000;CONTORNO - VC/BA;Decrescente;Colisão lateral no mesmo sentido;0;0;1;0;0;0;0;0;0;0;1;0;0;0;0
23/11/2021;09:28:00;108;Sem vítima;909,000;BR-116/BA;Crescente;Acidentes de outra natureza;0;0;1;0;0;0;0;0;0;0;1;0;0;0;0
23/11/2021;10:40:00;66;Com vítima;637,000;BR-116/BA;Crescente;Colisão lateral no mesmo sentido;1;0;0;0;0;0;0;0;0;0;0;1;0;0;0
30/11/2021;13:55:00;215;Sem vítima;7,000;526/BA;Crescente;Choque;1;0;0;0;0;0;0;0;0;0;1;0;0;0;0
30/11/2021;14:34:00;229;Com vítima;618,000;BR-324/BA;Decrescente;Acidentes de outra natureza;0;0;0;1;0;0;0;0;0;0;0;1;0;0;0
30/12/2021;03:39:00;23;Sem vítima;582,000;BR-324/BA;Crescente;Saída de pista;1;0;0;0;0;0;0;0;0;0;0;0;0;0;0
30/12/2021;05:34:00;31;Com vítima;593,000;BR-324/BA;Crescente;Atropelamento de pedestre;0;0;1;0;0;0;0;0;0;0;0;0;0;0;1
30/12/2021;05:52:00;32;Sem vítima;790,000;BR-116/BA;Decrescente;Saída de pista;1;0;0;0;0;0;0;0;0;0;0;0;0;0;0
30/12/2021;07:03:00;55;Sem vítima;601,000;BR-116/BA;Crescente;Colisão lateral no mesmo sentido;1;0;1;0;0;0;0;0;0;0;0;0;0;0;0
30/12/2021;07:44:00;74;Sem vítima;532,000;BR-324/BA;Decrescente;Colisão traseira;1;0;0;1;0;0;0;0;0;0;0;0;0;0;0
30/12/2021;10:32:00;154;Sem vítima;670,000;BR-116/BA;Crescente;Colisão traseira;0;0;0;1;0;0;0;0;0;1;0;0;0;0;0
30/12/2021;14:01:00;219;Com vítima;838,000;BR-116/BA;Crescente;Saída de pista;0;0;0;0;0;0;0;0;0;1;0;1;0;0;0
30/12/2021;15:59:00;259;Com vítima;582,000;BR-324/BA;Crescente;Engavetamento;1;0;0;0;0;0;0;0;0;0;0;1;0;0;0
30/12/2021;16:37:00;272;Com vítima;752,000;BR-116/BA;Crescente;Atropelamento de pedestre;0;0;1;0;0;0;0;0;0;0;0;0;0;0;1
30/12/2021;17:31:00;283;Sem vítima;557,000;BR-324/BA;Crescente;Saída de pista;0;0;0;0;0;0;0;0;0;1;0;0;0;0;0
30/12/2021;18:10:00;293;Sem vítima;590,000;BR-324/BA;Crescente;Saída de pista;0;0;0;0;0;0;0;0;0;1;0;0;0;0;0
30/12/2021;19:25:00;310;Sem vítima;582,000;BR-324/BA;Decrescente;Saída de pista;2;0;0;0;0;0;0;0;0;0;0;0;0;0;0
30/12/2021;19:28:00;311;Com vítima;800,000;BR-116/BA;Decrescente;Acidentes de outra natureza;0;0;0;1;0;0;0;0;0;0;0;2;0;0;0
30/12/2021;20:58:00;327;Sem vítima;431,000;BR-116/BA;Crescente;Colisão lateral no mesmo sentido;0;0;0;0;0;0;0;0;0;1;0;0;0;0;0
31/12/2021;03:54:00;22;Sem vítima;617,000;BR-324/BA;Decrescente;Saída de pista;1;0;0;0;0;0;0;0;0;0;0;0;0;0;0
31/12/2021;15:24:00;207;Sem vítima;27,000;CONTORNO - VC/BA;Decrescente;Saída de pista;1;0;0;0;0;0;0;0;0;0;0;0;0;0;0
31/12/2021;15:24:00;208;Com vítima;586,000;BR-324/BA;Decrescente;Saída de pista;1;0;0;0;0;0;0;0;0;0;0;0;1;0;0
31/12/2021;16:10:00;219;Com vítima;597,000;BR-116/BA;Crescente;Capotamento;0;0;1;0;0;0;0;0;0;0;0;1;0;0;0
31/12/2021;17:02:00;239;Sem vítima;606,000;BR-324/BA;Decrescente;Colisão traseira;1;0;0;1;0;0;0;0;0;0;0;0;0;0;0
01/01/2022;03:06:00;19;Sem vítima;14,000;CONTORNO - VC/BA;Decrescente;Saída de pista;1;0;0;0;0;0;0;0;0;0;0;0;0;0;0
01/01/2022;03:36:00;23;Com vítima;581,000;BR-324/BA;Crescente;Saída de pista;1;0;0;0;0;0;0;0;0;0;0;1;2;0;0
01/01/2022;12:00:00;103;Sem vítima;474,000;BR-116/BA;Crescente;Saída de pista;1;0;0;0;0;0;0;0;0;0;0;0;0;0;0
01/01/2022;12:39:00;111;Sem vítima;533,000;BR-324/BA;Decrescente;Engavetamento;1;0;0;0;0;0;0;0;0;0;0;0;0;0;0
01/01/2022;15:57:00;155;Sem vítima;545,000;BR-324/BA;Crescente;Colisão traseira;2;0;0;0;0;0;0;0;0;0;0;0;0;0;0
02/01/2022;08:13:00;44;Com vítima;442,000;BR-116/BA;Crescente;Saída de pista;0;0;1;0;0;0;0;0;0;0;0;1;0;0;0
02/01/2022;11:11:00;104;Sem vítima;570,000;BR-324/BA;Crescente;Saída de pista;1;0;0;0;0;0;0;0;0;0;0;0;0;0;0
02/01/2022;11:18:00;108;Sem vítima;12,000;CONTORNO - VC/BA;Crescente;Colisão traseira;1;0;0;1;0;0;0;0;0;0;0;0;0;0;0
03/01/2022;13:34:00;211;Sem vítima;17,000;CONTORNO - VC/BA;Decrescente;Colisão transversal;1;0;0;0;0;0;0;0;0;1;0;0;0;0;0
03/01/2022;15:47:00;257;Com vítima;602,000;BR-116/BA;Decrescente;Saída de pista;0;0;1;0;0;0;0;0;0;0;0;1;0;0;0
04/01/2022;11:36:00;166;Sem vítima;566,000;BR-324/BA;Crescente;Acidentes de outra natureza;3;0;0;0;0;0;0;0;0;0;0;0;0;0;0
04/01/2022;19:21:00;307;Sem vítima;807,000;BR-116/BA;Decrescente;Saída de pista;1;0;0;0;0;0;0;0;0;0;0;0;0;0;0
05/01/2022;13:22:00;168;Sem vítima;614,000;BR-324/BA;Crescente;Colisão traseira;1;0;0;0;1;0;0;0;0;0;0;0;0;0;0
05/01/2022;17:13:00;224;Com vítima;658,000;BR-116/BA;Decrescente;Saída de pista;1;0;0;0;0;0;0;0;0;0;0;0;1;0;0
06/01/2022;04:57:00;21;Com vítima;619,000;BR-324/BA;Decrescente;Colisão lateral no mesmo sentido;1;0;0;1;0;0;0;0;0;0;0;2;0;0;0
06/01/2022;08:20:00;76;Sem vítima;617,000;BR-324/BA;Crescente;Acidentes de outra natureza;0;0;0;1;0;0;0;0;0;0;0;0;0;0;0
06/01/2022;10:09:00;130;Sem vítima;565,000;BR-324/BA;Decrescente;Acidentes de outra natureza;4;0;0;0;0;0;0;0;0;0;0;0;0;0;0
06/01/2022;10:34:00;144;Sem vítima;555,000;BR-324/BA;Decrescente;Colisão traseira;0;0;1;0;0;0;0;0;0;1;0;0;0;0;0
06/01/2022;15:54:00;240;Sem vítima;623,000;BR-324/BA;Decrescente;Acidentes de outra natureza;3;0;0;0;0;0;0;0;0;0;0;0;0;0;0
06/01/2022;18:38:00;293;Sem vítima;622,000;BR-324/BA;Decrescente;Acidentes de outra natureza;3;0;0;0;0;0;0;0;0;0;0;0;0;0;0
07/01/2022;06:28:00;36;Sem vítima;523,000;BR-324/BA;Decrescente;Acidentes de outra natureza;3;0;2;0;0;0;0;0;0;0;0;0;0;0;0
07/01/2022;06:49:00;42;Sem vítima;434,000;BR-116/BA;Crescente;Engavetamento;1;0;0;0;0;0;0;0;0;0;0;0;0;0;0
07/01/2022;08:00:00;78;Com vítima;522,000;BR-324/BA;Crescente;Colisão traseira;0;0;0;1;0;0;0;0;0;0;0;1;0;0;0
07/01/2022;09:01:00;113;Sem vítima;910,000;BR-116/BA;Crescente;Colisão traseira;2;0;0;0;0;0;0;0;0;0;0;0;0;0;0
07/01/2022;13:10:00;217;Sem vítima;623,000;BR-324/BA;Decrescente;Colisão traseira;2;0;0;0;0;0;0;0;0;0;0;0;0;0;0
07/01/2022;14:34:00;248;Sem vítima;555,000;BR-324/BA;Decrescente;Colisão traseira;0;0;1;0;0;0;0;0;0;1;0;0;0;0;0
07/01/2022;16:44:00;290;Sem vítima;615,000;BR-324/BA;Crescente;Acidentes de outra natureza;3;0;0;0;0;0;0;0;0;0;0;0;0;0;0
07/01/2022;17:33:00;308;Sem vítima;605,000;BR-324/BA;Decrescente;Colisão lateral no mesmo sentido;2;0;0;0;0;0;0;0;0;0;0;0;0;0;0
07/01/2022;20:18:00;358;Sem vítima;605,000;BR-324/BA;Decrescente;Queda de moto;2;0;0;0;0;0;0;0;0;0;0;0;0;0;0
08/01/2022;02:16:00;12;Com vítima;696,000;BR-116/BA;Decrescente;Saída de pista;0;0;1;0;0;0;0;0;0;0;0;0;1;0;0
08/01/2022;07:03:00;40;Sem vítima;803,000;BR-116/BA;Crescente;Saída de pista;0;0;1;0;0;0;0;0;0;0;0;0;0;0;0
08/01/2022;07:44:00;48;Com vítima;659,000;BR-116/BA;Crescente;Saída de pista;1;0;0;0;0;0;0;0;0;0;0;3;3;0;1
08/01/2022;10:08:00;88;Com vítima;619,000;BR-116/BA;Crescente;Saída de pista;1;0;0;0;0;0;0;0;0;0;0;0;0;0;1
08/01/2022;16:30:00;203;Com vítima;544,000;BR-324/BA;Crescente;Queda de moto;0;0;0;1;0;0;0;0;0;0;0;2;0;0;0
08/01/2022;19:27:00;260;Sem vítima;832,000;BR-116/BA;Decrescente;Colisão traseira;0;0;0;0;1;0;0;0;0;0;0;0;0;0;0
08/01/2022;20:03:00;269;Com vítima;674,000;BR-116/BA;Decrescente;Acidentes de outra natureza;0;0;0;1;0;0;0;0;0;0;0;0;0;1;0
09/01/2022;05:14:00;21;Com vítima;12,000;CONTORNO - VC/BA;Crescente;Colisão traseira;1;0;1;0;0;0;0;0;0;0;0;1;0;0;1
09/01/2022;06:31:00;33;Sem vítima;555,000;BR-324/BA;Decrescente;Colisão traseira;1;0;0;0;0;0;0;0;0;0;0;0;0;0;0
09/01/2022;17:40:00;199;Com vítima;483,000;BR-116/BA;Decrescente;Colisão lateral no mesmo sentido;0;0;1;1;0;0;0;0;0;0;0;2;1;0;0
10/01/2022;07:43:00;96;Sem vítima;616,000;BR-324/BA;Crescente;Acidentes de outra natureza;5;0;0;0;0;0;0;0;0;0;0;0;0;0;0
10/01/2022;08:37:00;123;Com vítima;530,000;BR-324/BA;Decrescente;Atropelamento de pedestre;0;0;0;0;0;0;0;0;0;1;0;0;0;1;0
10/01/2022;10:01:00;151;Sem vítima;482,000;BR-116/BA;Decrescente;Colisão traseira;0;0;1;0;0;0;0;0;0;0;0;0;0;0;0
10/01/2022;12:22:00;207;Sem vítima;543,000;BR-324/BA;Decrescente;Saída de pista;0;0;1;0;0;0;0;0;0;0;0;0;0;0;0
10/01/2022;13:12:00;222;Sem vítima;559,000;BR-324/BA;Decrescente;Colisão traseira;0;0;2;0;0;0;0;0;0;0;0;0;0;0;0
10/01/2022;15:49:00;286;Com vítima;24,000;CONTORNO - VC/BA;Crescente;Acidentes de outra natureza;0;0;0;1;0;0;0;0;0;0;0;1;0;0;0
11/01/2022;07:09:00;44;Com vítima;753,000;BR-116/BA;Crescente;Colisão frontal;1;0;1;0;0;0;0;0;0;0;0;1;0;0;2
11/01/2022;08:01:00;65;Sem vítima;5,000;CONTORNO SUL  - FS/BA;Decrescente;Acidentes de outra natureza;1;0;0;0;0;0;0;0;0;2;0;0;0;0;0
11/01/2022;10:17:00;132;Sem vítima;553,000;BR-324/BA;Crescente;Colisão traseira;1;0;0;1;0;0;0;0;0;0;0;0;0;0;0
12/01/2022;05:42:00;32;Sem vítima;746,000;BR-116/BA;Crescente;Colisão traseira;1;0;1;0;0;0;0;0;0;0;0;0;0;0;0
12/01/2022;07:39:00;68;Sem vítima;521,000;BR-324/BA;Crescente;Colisão lateral no mesmo sentido;1;0;0;0;0;0;0;0;0;0;0;0;0;0;0
12/01/2022;09:58:00;123;Sem vítima;615,000;BR-324/BA;Crescente;Colisão traseira;1;0;0;0;0;0;0;0;0;1;0;0;0;0;0
12/01/2022;10:55:00;139;Sem vítima;553,000;BR-324/BA;Decrescente;Colisão lateral no mesmo sentido;1;0;1;0;0;0;0;0;0;0;0;0;0;0;0
12/01/2022;18:07:00;264;Com vítima;819,000;BR-116/BA;Crescente;Colisão traseira;1;0;0;0;0;0;0;0;0;1;0;2;0;0;0
13/01/2022;00:07:00;7;Sem vítima;587,000;BR-324/BA;Crescente;Saída de pista;0;0;1;0;0;0;0;0;0;0;0;0;0;0;0
13/01/2022;05:42:00;29;Sem vítima;426,000;CONTORNO NORTE - FS - 116/BA;Crescente;Colisão transversal;1;0;1;0;0;0;0;0;0;0;0;0;0;0;0
13/01/2022;08:51:00;91;Sem vítima;542,000;BR-324/BA;Decrescente;Capotamento;0;0;1;0;0;0;0;0;0;0;0;0;0;0;0
13/01/2022;15:37:00;207;Sem vítima;623,000;BR-324/BA;Decrescente;Colisão lateral no mesmo sentido;1;0;0;1;0;0;0;0;0;0;0;0;0;0;0
13/01/2022;17:03:00;240;Com vítima;792,000;BR-116/BA;Crescente;Colisão frontal;2;0;0;0;0;0;0;0;0;0;0;1;0;0;0
13/01/2022;17:27:00;250;Com vítima;829,000;BR-116/BA;Decrescente;Acidentes de outra natureza;1;0;2;0;0;0;0;0;0;0;0;1;2;0;0
14/01/2022;18:05:00;325;Com vítima;587,000;BR-324/BA;Crescente;Acidentes de outra natureza;0;0;0;1;0;0;0;0;0;0;0;2;0;0;0
14/01/2022;18:21:00;328;Com vítima;794,000;BR-116/BA;Decrescente;Saída de pista;1;0;0;0;0;0;0;0;0;0;0;4;1;0;0
14/01/2022;22:57:00;374;Sem vítima;4,000;CONTORNO SUL  - FS/BA;Decrescente;Colisão traseira;0;0;2;0;0;0;0;0;0;0;0;0;0;0;0
15/01/2022;01:47:00;34;Com vítima;623,000;BR-324/BA;Decrescente;Engavetamento;1;0;0;0;0;0;0;0;1;0;0;0;1;1;1
15/01/2022;05:21:00;53;Sem vítima;599,000;BR-116/BA;Decrescente;Colisão lateral no mesmo sentido;1;0;0;0;0;0;0;0;0;0;0;0;0;0;0
15/01/2022;08:21:00;106;Sem vítima;531,000;BR-324/BA;Decrescente;Acidentes de outra natureza;1;0;0;1;0;0;0;0;0;0;0;0;0;0;0
15/01/2022;08:32:00;109;Sem vítima;741,000;BR-116/BA;Crescente;Acidentes de outra natureza;0;0;2;0;0;0;0;0;0;1;0;0;0;0;0
15/01/2022;08:54:00;112;Sem vítima;572,000;BR-324/BA;Decrescente;Saída de pista;1;0;0;0;0;0;0;0;0;0;0;0;0;0;0
15/01/2022;09:52:00;131;Sem vítima;536,000;BR-324/BA;Decrescente;Acidentes de outra natureza;0;0;0;1;0;0;0;0;0;0;0;0;0;0;0
15/01/2022;10:51:00;146;Sem vítima;693,000;BR-116/BA;Decrescente;Colisão lateral no mesmo sentido;1;0;1;0;0;0;0;0;0;0;0;0;0;0;0
15/01/2022;19:01:00;261;Com vítima;738,000;BR-116/BA;Decrescente;Atropelamento de pedestre;0;0;0;0;0;0;0;0;0;0;0;0;1;0;0
15/01/2022;19:44:00;269;Sem vítima;616,000;BR-324/BA;Decrescente;Saída de pista;1;0;0;0;0;0;0;0;0;0;0;0;0;0;0
15/01/2022;21:54:00;283;Sem vítima;589,000;BR-324/BA;Crescente;Acidentes de outra natureza;0;0;0;1;0;0;0;0;0;0;0;0;0;0;0
16/01/2022;05:57:00;54;Sem vítima;601,000;BR-116/BA;Decrescente;Capotamento;0;0;1;0;0;0;0;0;0;0;0;0;0;0;0
16/01/2022;09:17:00;100;Sem vítima;843,000;BR-116/BA;Crescente;Colisão lateral no mesmo sentido;1;0;1;0;0;1;0;0;0;0;0;0;0;0;0
16/01/2022;15:22:00;166;Sem vítima;591,000;BR-116/BA;Crescente;Saída de pista;1;0;0;0;0;0;0;0;0;0;0;0;0;0;0
16/01/2022;17:59:00;204;Sem vítima;442,000;BR-116/BA;Decrescente;Saída de pista;1;0;0;0;0;0;0;0;0;0;0;0;0;0;0
16/01/2022;18:50:00;222;Com vítima;15,000;CONTORNO - VC/BA;Crescente;Acidentes de outra natureza;0;0;0;1;0;0;0;0;0;0;0;1;0;0;0
16/01/2022;20:37:00;244;Com vítima;848,000;BR-116/BA;Crescente;Colisão lateral no mesmo sentido;0;0;4;0;0;0;0;0;0;0;0;0;1;1;0
16/01/2022;23:56:00;277;Com vítima;815,000;BR-116/BA;Crescente;Colisão frontal;0;0;1;1;0;0;0;0;0;0;0;0;1;0;0