data;horario;n_da_ocorrencia;tipo_de_ocorrencia;km;trecho;sentido;tipo_de_acidente;automovel;bicicleta;caminhao;moto;onibus;outros;tracao_animal;transporte_de_cargas_especiais;trator_maquinas;utilitarios;ilesos;levemente_feridos;moderadamente_feridos;gravemente_feridos;mortos
17/01/2022;05:29:00;41;Sem vítima;587,000;BR-324/BA;Crescente;Saída de pista;1;0;0;0;0;0;0;0;0;0;0;0;0;0;0
17/01/2022;07:39:00;99;Com vítima;818,000;BR-116/BA;Crescente;Colisão transversal;1;0;0;1;0;0;0;0;0;0;0;1;0;0;0
17/01/2022;10:54:00;184;Sem vítima;791,000;BR-116/BA;Decrescente;Saída de pista;1;0;0;0;0;0;0;0;0;0;0;0;0;0;0
17/01/2022;12:51:00;213;Com vítima;846,000;BR-116/BA;Crescente;Colisão lateral no mesmo sentido;1;0;1;0;0;0;0;0;0;0;0;1;0;0;0
17/01/2022;16:27:00;293;Sem vítima;620,000;BR-324/BA;Decrescente;Colisão lateral no mesmo sentido;1;0;1;0;0;0;0;0;0;0;0;0;0;0;0
17/01/2022;16:58:00;302;Com vítima;5,000;CONTORNO SUL  - FS/BA;Crescente;Colisão lateral no mesmo sentido;1;0;0;1;0;0;0;0;0;0;0;1;0;0;0
17/01/2022;20:01:00;347;Com vítima;633,000;BR-116/BA;Crescente;Acidentes de outra natureza;0;0;0;1;0;0;0;0;0;0;0;1;0;0;0
18/01/2022;14:23:00;212;Sem vítima;433,000;BR-116/BA;Crescente;Saída de pista;0;0;1;0;0;0;0;0;0;0;0;0;0;0;0
18/01/2022;20:05:00;291;Com vítima;820,000;BR-116/BA;Decrescente;Atropelamento de pedestre;1;0;0;0;0;0;0;0;0;0;0;0;1;0;0
19/01/2022;02:09:00;30;Sem vítima;444,000;BR-116/BA;Crescente;Colisão traseira;0;0;2;0;0;0;0;0;0;0;0;0;0;0;0
19/01/2022;02:20:00;32;Sem vítima;4,000;CONTORNO SUL  - FS/BA;Crescente;Colisão traseira;0;0;1;0;0;0;0;0;0;1;0;0;0;0;0
19/01/2022;02:30:00;33;Sem vítima;736,000;BR-116/BA;Crescente;Saída de pista;1;0;0;0;0;0;0;0;0;0;0;0;0;0;0
19/01/2022;05:39:00;42;Com vítima;611,000;BR-116/BA;Crescente;Colisão lateral no mesmo sentido;1;0;1;0;0;0;0;0;0;0;0;2;2;0;1
19/01/2022;08:20:00;102;Sem vítima;591,000;BR-324/BA;Decrescente;Capotamento;0;0;1;0;0;0;0;0;0;0;0;0;0;0;0
19/01/2022;13:22:00;179;Com vítima;521,000;BR-324/BA;Crescente;Atropelamento de pedestre;0;0;0;0;0;0;0;0;0;0;0;0;1;0;0
19/01/2022;13:31:00;184;Com vítima;612,000;BR-324/BA;Crescente;Acidentes de outra natureza;0;0;0;1;0;0;0;0;0;0;0;0;0;1;0
19/01/2022;22:31:00;318;Sem vítima;616,000;BR-324/BA;Decrescente;Acidentes de outra natureza;0;0;0;1;0;0;0;0;0;0;0;0;0;0;0
19/01/2022;22:34:00;320;Sem vítima;430,000;BR-116/BA;Crescente;Atropelamento de animal;1;0;0;0;0;0;0;0;0;0;0;0;0;0;0
20/01/2022;00:00:00;183;Sem vítima;777,000;BR-116/BA;Decrescente;Colisão lateral no mesmo sentido;1;0;1;0;0;0;0;0;0;0;0;0;0;0;0
20/01/2022;02:22:00;26;Sem vítima;612,000;BR-324/BA;Crescente;Choque;1;0;0;0;0;0;0;0;0;0;0;0;0;0;0
20/01/2022;03:59:00;34;Com vítima;547,000;BR-324/BA;Crescente;Colisão traseira;0;0;1;0;0;0;0;0;0;1;0;1;2;1;0
20/01/2022;10:35:00;135;Com vítima;599,000;BR-324/BA;Decrescente;Acidentes de outra natureza;2;0;0;1;0;0;0;0;0;1;0;1;2;0;0
21/01/2022;00:00:00;46;Sem vítima;730,000;BR-116/BA;Decrescente;Saída de pista;1;0;0;0;0;0;0;0;0;0;0;0;0;0;0
21/01/2022;02:07:00;19;Com vítima;588,000;BR-324/BA;Crescente;Saída de pista;0;0;1;0;0;0;0;0;0;0;0;1;0;0;0
21/01/2022;08:28:00;110;Com vítima;908,000;BR-116/BA;Decrescente;Acidentes de outra natureza;0;0;3;0;0;0;0;0;0;0;0;0;0;0;1
21/01/2022;08:30:00;111;Com vítima;623,000;BR-324/BA;Crescente;Colisão traseira;1;0;0;1;0;0;0;0;0;0;0;1;1;0;0
21/01/2022;13:18:00;180;Sem vítima;609,000;BR-324/BA;Decrescente;Saída de pista;0;0;1;0;0;0;0;0;0;0;0;0;0;0;0
21/01/2022;15:00:00;204;Sem vítima;919,000;BR-116/BA;Decrescente;Colisão transversal;0;0;0;0;0;0;0;0;0;2;0;0;0;0;0
21/01/2022;16:12:00;220;Com vítima;524,000;BR-324/BA;Decrescente;Colisão traseira;0;0;0;1;0;0;0;0;0;1;0;2;0;0;0
21/01/2022;16:33:00;225;Sem vítima;20,000;CONTORNO - VC/BA;Crescente;Colisão traseira;0;0;1;0;0;1;0;0;0;0;0;0;0;0;0
21/01/2022;17:17:00;235;Sem vítima;596,000;BR-324/BA;Crescente;Colisão lateral no mesmo sentido;1;0;1;0;0;0;0;0;0;0;0;0;0;0;0
21/01/2022;17:26:00;237;Com vítima;787,000;BR-116/BA;Crescente;Colisão frontal;1;0;1;0;0;0;0;0;0;0;0;0;0;0;1
21/01/2022;18:13:00;249;Sem vítima;780,000;BR-116/BA;Crescente;Colisão frontal;0;0;2;0;0;0;0;0;0;0;0;0;0;0;0
21/01/2022;18:39:00;257;Sem vítima;900,000;BR-116/BA;Crescente;Saída de pista;0;0;2;0;0;0;0;0;0;0;0;0;0;0;0
21/01/2022;21:15:00;285;Com vítima;9,000;CONTORNO - VC/BA;Crescente;Atropelamento de ciclista;1;1;0;0;0;0;0;0;0;0;0;1;0;0;0
21/01/2022;22:01:00;295;Com vítima;780,000;BR-116/BA;Crescente;Colisão lateral no mesmo sentido;0;0;0;1;0;0;0;0;0;0;0;0;1;0;0
22/01/2022;00:32:00;27;Sem vítima;580,000;BR-324/BA;Crescente;Saída de pista;0;0;1;0;0;0;0;0;0;0;0;0;0;0;0
22/01/2022;05:24:00;46;Sem vítima;467,000;BR-116/BA;Crescente;Saída de pista;1;0;0;0;0;1;0;0;0;0;0;0;0;0;0
22/01/2022;09:46:00;109;Sem vítima;546,000;BR-324/BA;Decrescente;Colisão traseira;1;0;0;0;0;0;0;0;0;0;0;0;0;0;0
22/01/2022;14:31:00;167;Sem vítima;666,000;BR-116/BA;Crescente;Colisão lateral no mesmo sentido;1;0;1;0;0;0;0;0;0;0;0;0;0;0;0
22/01/2022;15:09:00;175;Sem vítima;832,000;BR-116/BA;Crescente;Colisão lateral no mesmo sentido;1;0;1;0;0;0;0;0;0;0;0;0;0;0;0
22/01/2022;19:05:00;214;Com vítima;817,000;BR-116/BA;Crescente;Colisão transversal;1;0;0;1;0;0;0;0;0;0;0;1;0;0;0
22/01/2022;20:19:00;224;Sem vítima;518,000;BR-324/BA;Decrescente;Engavetamento;1;0;0;0;0;0;0;0;0;0;0;0;0;0;0
23/01/2022;08:44:00;76;Sem vítima;530,000;BR-324/BA;Decrescente;Saída de pista;1;0;0;0;0;0;0;0;0;0;0;0;0;0;0
23/01/2022;08:51:00;79;Com vítima;530,000;BR-324/BA;Decrescente;Saída de pista;1;0;0;0;0;0;0;0;0;0;0;0;1;0;0
23/01/2022;09:42:00;86;Sem vítima;5,000;526/BA;Crescente;Saída de pista;1;0;0;0;0;0;0;0;0;0;0;0;0;0;0
23/01/2022;13:01:00;89;Sem vítima;910,000;BR-116/BA;Decrescente;Colisão traseira;0;0;2;0;0;0;0;0;0;0;0;0;0;0;0
23/01/2022;14:50:00;141;Com vítima;807,000;BR-116/BA;Decrescente;Acidentes de outra natureza;0;0;0;1;0;0;0;0;0;0;0;2;0;0;0
23/01/2022;22:15:00;224;Sem vítima;19,000;CONTORNO - VC/BA;Decrescente;Colisão transversal;1;0;1;0;0;0;0;0;0;0;0;0;0;0;0
24/01/2022;05:28:00;40;Com vítima;575,000;BR-324/BA;Crescente;Saída de pista;1;0;0;0;0;0;0;0;0;0;0;0;1;0;0
24/01/2022;10:16:00;134;Sem vítima;609,000;BR-324/BA;Crescente;Acidentes de outra natureza;3;0;0;0;0;0;0;0;0;0;0;0;0;0;0
24/01/2022;10:57:00;148;Sem vítima;609,000;BR-324/BA;Crescente;Colisão traseira;2;0;1;0;0;0;0;0;0;0;0;0;0;0;0
24/01/2022;11:18:00;156;Com vítima;561,000;BR-324/BA;Decrescente;Colisão traseira;1;0;1;0;0;0;0;0;0;0;0;1;1;0;0
24/01/2022;12:29:00;169;Sem vítima;564,000;BR-324/BA;Decrescente;Saída de pista;0;0;1;0;0;0;0;0;0;0;0;0;0;0;0
24/01/2022;13:30:00;183;Com vítima;683,000;BR-116/BA;Crescente;Capotamento;0;0;1;0;0;0;0;0;0;0;0;1;0;0;0
24/01/2022;15:36:00;218;Sem vítima;547,000;BR-324/BA;Decrescente;Colisão traseira;0;0;1;0;0;0;0;0;0;1;0;0;0;0;0
24/01/2022;16:14:00;224;Com vítima;530,000;BR-324/BA;Crescente;Colisão traseira;0;0;0;1;0;0;0;0;0;0;0;0;1;0;0
24/01/2022;17:15:00;251;Sem vítima;7,000;CONTORNO SUL  - FS/BA;Crescente;Colisão lateral no mesmo sentido;1;0;1;0;0;0;0;0;0;0;0;0;0;0;0
25/01/2022;07:40:00;68;Sem vítima;610,000;BR-324/BA;Decrescente;Colisão traseira;2;0;0;0;0;0;0;0;0;0;0;0;0;0;0
25/01/2022;07:41:00;69;Com vítima;531,000;BR-324/BA;Crescente;Acidentes de outra natureza;0;0;0;1;0;0;0;0;0;0;0;1;1;0;0
25/01/2022;07:57:00;72;Com vítima;437,000;BR-116/BA;Decrescente;Acidentes de outra natureza;0;0;0;1;0;0;0;0;0;0;0;0;1;0;0
25/01/2022;10:45:00;133;Sem vítima;532,000;BR-324/BA;Decrescente;Colisão lateral no mesmo sentido;1;0;1;0;0;0;0;0;0;0;0;0;0;0;0
25/01/2022;12:14:00;151;Com vítima;584,000;BR-324/BA;Crescente;Saída de pista;1;0;0;0;0;0;0;0;0;0;0;0;1;1;0
25/01/2022;13:14:00;162;Sem vítima;623,000;BR-116/BA;Crescente;Capotamento;0;0;1;0;0;0;0;0;0;0;0;0;0;0;0
25/01/2022;14:43:00;195;Com vítima;8,000;CONTORNO - VC/BA;Decrescente;Acidentes de outra natureza;0;0;0;1;0;0;0;0;0;0;0;1;0;0;0
25/01/2022;19:19:00;252;Com vítima;789,000;BR-116/BA;Decrescente;Colisão traseira;0;0;1;1;0;0;0;0;0;0;0;0;0;0;1
25/01/2022;19:26:00;253;Com vítima;626,000;BR-324/BA;Crescente;Colisão traseira;0;0;0;1;0;0;0;0;0;0;0;1;0;0;0
26/01/2022;11:34:00;146;Com vítima;617,000;BR-324/BA;Decrescente;Colisão traseira;2;0;0;0;0;0;0;0;0;0;0;1;0;0;0
26/01/2022;13:33:00;166;Sem vítima;841,000;BR-116/BA;Crescente;Saída de pista;1;0;0;0;0;0;0;0;0;0;0;0;0;0;0
26/01/2022;17:19:00;217;Com vítima;524,000;BR-324/BA;Decrescente;Atropelamento de ciclista;0;1;0;0;0;0;0;0;0;0;0;1;0;0;0
26/01/2022;18:15:00;227;Com vítima;889,000;BR-116/BA;Decrescente;Acidentes de outra natureza;0;0;0;1;0;0;0;0;0;0;0;0;1;0;0
26/01/2022;19:51:00;247;Com vítima;469,000;BR-116/BA;Decrescente;Atropelamento de pedestre;1;0;0;0;0;0;0;0;0;0;0;0;0;0;1
27/01/2022;02:14:00;35;Sem vítima;454,000;BR-116/BA;Decrescente;Saída de pista;0;0;1;0;0;0;0;0;0;0;0;0;0;0;0
27/01/2022;12:08:00;186;Com vítima;906,000;BR-116/BA;Decrescente;Colisão lateral no mesmo sentido;0;0;1;0;0;0;0;0;0;1;0;1;0;0;0
27/01/2022;15:20:00;235;Sem vítima;622,000;BR-116/BA;Decrescente;Capotamento;0;0;1;0;0;0;0;0;0;0;0;0;0;0;0
27/01/2022;15:47:00;241;Sem vítima;588,000;BR-324/BA;Crescente;Colisão traseira;1;0;1;0;0;0;0;0;0;0;0;0;0;0;0
27/01/2022;19:10:00;277;Com vítima;853,000;BR-116/BA;Decrescente;Colisão traseira;0;0;1;0;0;0;0;0;0;0;0;0;1;0;0
28/01/2022;10:39:00;108;Sem vítima;924,000;BR-116/BA;Crescente;Saída de pista;1;0;0;0;0;0;0;0;0;0;0;0;0;0;0
28/01/2022;17:50:00;233;Sem vítima;615,000;BR-324/BA;Crescente;Acidentes de outra natureza;4;0;1;0;0;0;0;0;0;0;0;0;0;0;0
28/01/2022;18:28:00;241;Com vítima;550,000;BR-324/BA;Decrescente;Acidentes de outra natureza;1;0;0;0;0;0;0;0;0;0;0;4;2;0;0
28/01/2022;20:32:00;258;Sem vítima;754,000;BR-116/BA;Crescente;Acidentes de outra natureza;0;0;3;0;0;0;0;0;0;0;0;0;0;0;0
29/01/2022;00:24:00;21;Sem vítima;880,000;BR-116/BA;Decrescente;Colisão traseira;0;0;2;0;0;0;0;0;0;0;0;0;0;0;0
29/01/2022;07:33:00;54;Sem vítima;805,000;BR-116/BA;Crescente;Capotamento;0;0;1;0;0;0;0;0;0;0;0;0;0;0;0
29/01/2022;10:37:00;104;Sem vítima;602,000;BR-324/BA;Decrescente;Saída de pista;1;0;0;0;0;0;0;0;0;0;0;0;0;0;0
29/01/2022;12:28:00;135;Com vítima;582,000;BR-116/BA;Decrescente;Colisão frontal;2;0;0;0;0;0;0;0;0;0;0;6;0;0;0
29/01/2022;19:31:00;233;Com vítima;827,000;BR-116/BA;Decrescente;Colisão transversal;1;0;0;1;0;0;0;0;0;0;0;2;0;0;0
30/01/2022;05:12:00;44;Com vítima;925,000;BR-116/BA;Decrescente;Colisão frontal;1;0;1;0;0;0;0;0;0;0;0;3;0;1;1
30/01/2022;05:36:00;47;Sem vítima;771,000;BR-116/BA;Decrescente;Saída de pista;1;0;0;0;0;0;0;0;0;0;0;0;0;0;0
30/01/2022;05:42:00;50;Sem vítima;609,000;BR-116/BA;Crescente;Saída de pista;1;0;0;0;0;0;0;0;0;0;0;0;0;0;0
30/01/2022;10:59:00;102;Com vítima;690,000;BR-116/BA;Crescente;Saída de pista;0;0;1;0;0;0;0;0;0;0;0;0;1;0;0
30/01/2022;17:01:00;178;Sem vítima;560,000;BR-324/BA;Decrescente;Colisão transversal;2;0;0;0;0;0;0;0;0;0;0;0;0;0;0
30/01/2022;20:25:00;215;Sem vítima;27,000;CONTORNO - VC/BA;Decrescente;Colisão traseira;1;0;1;0;0;0;0;0;0;0;0;0;0;0;0
31/01/2022;05:56:00;50;Sem vítima;565,000;BR-324/BA;Crescente;Saída de pista;1;0;0;0;0;0;0;0;0;0;0;0;0;0;0
31/01/2022;07:08:00;70;Com vítima;0,000;CONTORNO SUL  - FS/BA;Decrescente;Colisão traseira;0;0;1;1;0;0;0;0;0;0;0;0;0;1;0
31/01/2022;07:41:00;79;Sem vítima;0,000;CONTORNO SUL  - FS/BA;Decrescente;Colisão lateral no mesmo sentido;1;0;0;1;0;0;0;0;0;0;0;0;0;0;0
31/01/2022;07:50:00;82;Com vítima;623,000;BR-324/BA;Decrescente;Colisão lateral no mesmo sentido;1;0;0;1;0;0;0;0;0;0;0;1;0;0;0
31/01/2022;08:29:00;103;Sem vítima;624,000;BR-324/BA;Crescente;Colisão traseira;1;0;0;0;0;0;0;0;0;1;0;0;0;0;0
31/01/2022;09:18:00;124;Com vítima;728,000;BR-116/BA;Decrescente;Colisão traseira;0;0;0;2;0;0;0;0;0;0;0;0;1;0;0
31/01/2022;13:35:00;198;Com vítima;927,000;BR-116/BA;Crescente;Saída de pista;1;0;0;0;0;0;0;0;0;0;0;2;0;0;0
31/01/2022;14:38:00;210;Sem vítima;607,000;BR-324/BA;Decrescente;Colisão lateral no mesmo sentido;1;0;1;0;0;0;0;0;0;1;0;0;0;0;0
31/01/2022;19:13:00;275;Com vítima;466,000;BR-116/BA;Crescente;Saída de pista;0;0;0;0;0;0;0;0;0;1;0;1;0;0;0
31/01/2022;23:02:00;303;Sem vítima;596,000;BR-324/BA;Decrescente;Acidentes de outra natureza;1;0;0;0;0;0;0;0;0;0;0;0;0;0;0
01/02/2022;11:36:00;149;Sem vítima;716,000;BR-116/BA;Crescente;Colisão traseira;0;0;2;0;0;0;0;0;0;0;0;0;0;0;0
01/02/2022;18:36:00;259;Com vítima;525,000;BR-324/BA;Crescente;Atropelamento de pedestre;0;0;0;0;0;0;0;0;0;0;0;0;1;0;0
02/02/2022;00:00:00;261;Sem vítima;617,000;BR-324/BA;Decrescente;Colisão traseira;1;0;0;1;0;0;0;0;0;0;0;0;0;0;0
02/02/2022;06:24:00;45;Sem vítima;560,000;BR-324/BA;Decrescente;Saída de pista;1;0;0;0;0;0;0;0;0;0;0;0;0;0;0
02/02/2022;06:44:00;48;Sem vítima;574,000;BR-324/BA;Decrescente;Acidentes de outra natureza;0;0;0;1;0;0;0;0;0;0;0;0;0;0;0
02/02/2022;07:05:00;61;Sem vítima;903,000;BR-116/BA;Crescente;Queda de moto;1;0;1;0;1;0;0;0;0;1;0;0;0;0;0
02/02/2022;15:18:00;203;Sem vítima;715,000;BR-116/BA;Decrescente;Colisão traseira;0;0;1;0;0;0;0;0;0;0;0;0;0;0;0
02/02/2022;19:26:00;272;Com vítima;618,000;BR-324/BA;Decrescente;Colisão lateral no mesmo sentido;0;0;0;1;0;0;0;0;0;0;0;0;1;0;0
03/02/2022;04:46:00;49;Com vítima;909,000;BR-116/BA;Crescente;Atropelamento de pedestre;0;0;0;0;0;0;0;0;0;0;0;0;0;0;1
03/02/2022;11:06:00;142;Sem vítima;530,000;BR-324/BA;Crescente;Saída de pista;0;0;0;0;0;0;0;0;0;1;0;0;0;0;0
03/02/2022;11:09:00;144;Sem vítima;526,000;BR-324/BA;Decrescente;Colisão traseira;1;0;0;0;0;0;0;0;0;0;0;0;0;0;0
03/02/2022;12:16:00;157;Sem vítima;529,000;BR-324/BA;Decrescente;Capotamento;0;0;1;0;0;0;0;0;0;0;0;0;0;0;0
03/02/2022;14:30:00;179;Sem vítima;526,000;BR-324/BA;Decrescente;Colisão traseira;2;0;0;0;0;0;0;0;0;0;0;0;0;0;0
03/02/2022;21:58:00;281;Sem vítima;594,000;BR-116/BA;Decrescente;Saída de pista;0;0;1;0;0;0;0;0;0;0;0;0;0;0;0
04/02/2022;00:01:00;1;Sem vítima;584,000;BR-116/BA;Decrescente;Saída de pista;0;0;1;0;0;0;0;0;0;0;0;0;0;0;0
04/02/2022;07:18:00;71;Com vítima;596,000;BR-324/BA;Crescente;Acidentes de outra natureza;0;0;0;1;0;0;0;0;0;0;0;0;1;0;0
04/02/2022;07:47:00;81;Sem vítima;526,000;BR-324/BA;Crescente;Queda de moto;3;0;0;0;0;0;0;0;0;0;0;0;0;0;0
04/02/2022;12:43:00;175;Sem vítima;551,000;BR-324/BA;Decrescente;Colisão traseira;1;0;0;0;0;0;0;0;0;0;0;0;0;0;0
04/02/2022;14:20:00;198;Sem vítima;530,000;BR-324/BA;Decrescente;Saída de pista;1;0;0;0;0;0;0;0;0;0;0;0;0;0;0
04/02/2022;20:03:00;272;Com vítima;757,000;BR-116/BA;Decrescente;Colisão frontal;1;0;0;1;0;0;0;0;0;0;0;1;0;0;1
05/02/2022;05:29:00;42;Com vítima;740,000;BR-116/BA;Decrescente;Colisão lateral no mesmo sentido;0;0;2;0;0;0;0;0;0;1;0;1;0;0;0
05/02/2022;07:10:00;54;Sem vítima;615,000;BR-324/BA;Crescente;Acidentes de outra natureza;1;0;1;0;0;0;0;0;0;0;0;0;0;0;0
05/02/2022;12:40:00;130;Sem vítima;742,000;BR-116/BA;Decrescente;Colisão lateral no mesmo sentido;1;0;1;0;1;0;0;0;0;0;0;0;0;0;0
06/02/2022;23:59:00;242;Com vítima;17,000;CONTORNO - VC/BA;Decrescente;Acidentes de outra natureza;0;0;0;1;0;0;0;0;0;0;0;1;0;0;0
07/02/2022;07:42:00;91;Com vítima;616,000;BR-324/BA;Decrescente;Colisão traseira;1;0;0;1;0;0;0;0;0;0;0;1;0;0;0
07/02/2022;11:56:00;169;Sem vítima;613,000;BR-324/BA;Crescente;Saída de pista;0;0;0;0;0;0;0;0;0;1;0;0;0;0;0
07/02/2022;14:47:00;218;Com vítima;614,000;BR-324/BA;Decrescente;Colisão frontal;0;0;1;1;0;0;0;0;0;0;0;1;1;0;0
07/02/2022;20:36:00;295;Com vítima;1,000;CONTORNO SUL  - FS/BA;Crescente;Colisão traseira;0;0;2;0;0;0;0;0;0;0;0;0;1;0;0
08/02/2022;04:25:00;42;Sem vítima;530,000;BR-324/BA;Crescente;Saída de pista;1;0;0;0;0;0;0;0;0;0;0;0;0;0;0
08/02/2022;11:58:00;151;Sem vítima;611,000;BR-324/BA;Decrescente;Acidentes de outra natureza;2;0;0;0;0;0;0;0;0;0;0;0;0;0;0
08/02/2022;15:23:00;205;Com vítima;672,000;BR-116/BA;Decrescente;Colisão transversal;0;0;0;1;0;0;0;0;0;0;0;1;0;0;0
08/02/2022;16:56:00;228;Sem vítima;530,000;BR-324/BA;Crescente;Saída de pista;1;0;0;0;0;0;0;0;0;0;0;0;0;0;0
08/02/2022;16:58:00;230;Sem vítima;574,000;BR-324/BA;Decrescente;Saída de pista;1;0;0;0;0;0;0;0;0;0;0;0;0;0;0
09/02/2022;06:14:00;35;Sem vítima;530,000;BR-324/BA;Crescente;Saída de pista;1;0;0;0;0;0;0;0;0;0;0;0;0;0;0
09/02/2022;06:20:00;36;Sem vítima;530,000;BR-324/BA;Decrescente;Saída de pista;1;0;0;0;0;0;0;0;0;0;0;0;0;0;0
09/02/2022;06:22:00;37;Sem vítima;523,000;BR-324/BA;Crescente;Acidentes de outra natureza;0;0;0;1;0;0;0;0;0;0;0;0;0;0;0
09/02/2022;06:35:00;40;Sem vítima;530,000;BR-324/BA;Decrescente;Saída de pista;1;0;0;0;0;0;0;0;0;0;0;0;0;0;0
09/02/2022;07:28:00;61;Com vítima;529,000;BR-324/BA;Decrescente;Acidentes de outra natureza;0;0;0;1;0;0;0;0;0;0;0;1;0;0;0
09/02/2022;08:46:00;95;Com vítima;776,000;BR-116/BA;Crescente;Colisão lateral no mesmo sentido;1;0;0;1;0;0;0;0;0;0;0;1;0;0;0
09/02/2022;09:14:00;105;Sem vítima;623,000;BR-324/BA;Crescente;Acidentes de outra natureza;1;0;0;0;0;0;0;0;0;1;0;0;0;0;0
09/02/2022;14:56:00;185;Com vítima;4,000;CONTORNO SUL  - FS/BA;Crescente;Colisão traseira;1;0;1;0;0;0;0;0;0;0;0;0;1;0;0
09/02/2022;16:36:00;218;Sem vítima;860,000;BR-116/BA;Crescente;Colisão lateral no mesmo sentido;0;0;1;0;0;0;0;0;0;1;0;0;0;0;0
09/02/2022;18:49:00;254;Sem vítima;541,000;BR-324/BA;Decrescente;Atropelamento de animal;0;0;0;1;0;0;0;0;0;0;0;0;0;0;0
09/02/2022;18:59:00;258;Sem vítima;541,000;BR-324/BA;Decrescente;Acidentes de outra natureza;3;0;1;0;0;0;0;0;0;0;0;0;0;0;0
09/02/2022;23:10:00;300;Com vítima;910,000;BR-116/BA;Crescente;Saída de pista;0;0;0;1;0;0;0;0;0;0;0;0;1;0;0
10/02/2022;08:55:00;120;Com vítima;621,000;BR-324/BA;Crescente;Colisão traseira;1;0;0;1;0;0;0;0;0;0;0;0;1;0;0
10/02/2022;09:48:00;144;Com vítima;619,000;BR-324/BA;Crescente;Atropelamento de pedestre;0;0;0;0;0;0;0;0;0;1;0;0;1;0;0
10/02/2022;10:31:00;157;Sem vítima;547,000;BR-324/BA;Decrescente;Colisão traseira;1;0;0;0;0;0;0;0;0;1;0;0;0;0;0
10/02/2022;11:49:00;185;Sem vítima;699,000;BR-116/BA;Decrescente;Colisão lateral no mesmo sentido;1;0;1;0;0;0;0;0;0;0;0;0;0;0;0
10/02/2022;12:46:00;194;Sem vítima;605,000;BR-324/BA;Crescente;Colisão traseira;1;0;0;1;0;0;0;0;0;0;0;0;0;0;0
10/02/2022;12:53:00;196;Sem vítima;777,000;BR-116/BA;Crescente;Colisão traseira;1;0;1;0;0;0;0;0;0;0;0;0;0;0;0
10/02/2022;18:15:00;279;Com vítima;8,000;CONTORNO - VC/BA;Crescente;Acidentes de outra natureza;0;0;0;1;0;0;0;0;0;0;0;1;0;0;0
10/02/2022;19:40:00;295;Com vítima;622,000;BR-324/BA;Crescente;Acidentes de outra natureza;0;0;0;1;0;0;0;0;0;0;0;0;1;0;0
10/02/2022;20:19:00;303;Sem vítima;446,000;BR-116/BA;Crescente;Colisão lateral no mesmo sentido;0;0;2;0;0;0;0;0;0;0;0;0;0;0;0
11/02/2022;02:47:00;30;Com vítima;549,000;BR-324/BA;Crescente;Acidentes de outra natureza;0;0;0;1;0;0;0;0;0;0;0;0;2;0;0
11/02/2022;08:06:00;98;Com vítima;530,000;BR-324/BA;Crescente;Queda de moto;1;0;0;1;0;0;0;0;0;0;0;2;1;0;0
11/02/2022;08:51:00;114;Sem vítima;612,000;BR-324/BA;Crescente;Acidentes de outra natureza;2;0;0;0;0;0;0;0;0;1;0;0;0;0;0
11/02/2022;10:30:00;146;Sem vítima;803,000;BR-116/BA;Crescente;Colisão traseira;0;0;2;0;0;0;0;0;0;0;0;0;0;0;0
11/02/2022;11:00:00;108;Sem vítima;585,000;BR-324/BA;Crescente;Saída de pista;1;0;0;0;0;0;0;0;0;0;0;0;0;0;0
11/02/2022;12:59:00;46;Sem vítima;623,000;BR-324/BA;Crescente;Acidentes de outra natureza;0;0;0;1;0;0;0;0;0;0;0;0;0;0;0
11/02/2022;13:02:00;178;Sem vítima;653,000;BR-116/BA;Crescente;Colisão traseira;1;0;0;0;0;0;0;0;0;0;0;0;0;0;0
11/02/2022;13:04:00;180;Sem vítima;524,000;BR-324/BA;Crescente;Capotamento;0;0;1;0;0;0;0;0;0;0;0;0;0;0;0
11/02/2022;14:02:00;193;Sem vítima;818,000;BR-116/BA;Crescente;Colisão transversal;1;0;0;0;0;0;0;0;0;1;0;0;0;0;0
11/02/2022;14:23:00;208;Com vítima;827,000;BR-116/BA;Crescente;Colisão transversal;1;0;0;1;0;0;0;0;0;0;0;2;0;0;0
11/02/2022;14:39:00;211;Sem vítima;655,000;BR-116/BA;Crescente;Colisão traseira;0;0;1;0;0;0;0;0;0;0;0;0;0;0;0
11/02/2022;15:44:00;227;Sem vítima;617,000;BR-324/BA;Decrescente;Colisão traseira;1;0;0;0;0;0;0;0;0;0;0;0;0;0;0
11/02/2022;19:49:00;277;Com vítima;815,000;BR-116/BA;Decrescente;Acidentes de outra natureza;0;0;0;1;0;0;0;0;0;0;0;1;0;0;0
12/02/2022;06:46:00;54;Sem vítima;456,000;BR-116/BA;Decrescente;Saída de pista;0;0;1;0;0;0;0;0;0;0;0;0;0;0;0
12/02/2022;07:53:00;69;Sem vítima;548,000;BR-324/BA;Decrescente;Colisão traseira;2;0;0;0;0;0;0;0;0;0;0;0;0;0;0
12/02/2022;13:48:00;153;Sem vítima;527,000;BR-324/BA;Crescente;Colisão lateral no mesmo sentido;1;0;0;0;0;0;0;0;0;0;0;0;0;0;0