data;horario;n_da_ocorrencia;tipo_de_ocorrencia;km;trecho;sentido;tipo_de_acidente;automovel;bicicleta;caminhao;moto;onibus;outros;tracao_animal;transporte_de_cargas_especiais;trator_maquinas;utilitarios;ilesos;levemente_feridos;moderadamente_feridos;gravemente_feridos;mortos
12/02/2022;14:37:00;228;Com vítima;613,000;BR-324/BA;Crescente;Acidentes de outra natureza;0;0;0;1;0;0;0;0;0;0;0;0;1;0;0
12/02/2022;15:17:00;179;Sem vítima;1,000;CONTORNO SUL  - FS/BA;Decrescente;Colisão traseira;2;0;0;0;0;0;0;0;0;0;0;0;0;0;0
12/02/2022;18:16:00;224;Sem vítima;579,000;BR-324/BA;Crescente;Colisão lateral no mesmo sentido;2;0;0;0;0;0;0;0;0;0;0;0;0;0;0
12/02/2022;18:57:00;234;Com vítima;814,000;BR-116/BA;Decrescente;Colisão frontal;1;0;1;0;0;0;0;0;0;0;0;1;0;0;0
12/02/2022;21:20:00;259;Sem vítima;524,000;BR-324/BA;Decrescente;Colisão lateral no mesmo sentido;1;0;0;0;0;0;0;0;0;0;0;0;0;0;0
13/02/2022;04:45:00;50;Com vítima;542,000;BR-324/BA;Crescente;Atropelamento de animal;0;0;0;1;0;0;0;0;0;0;0;0;1;0;0
13/02/2022;11:24:00;126;Com vítima;456,000;BR-116/BA;Crescente;Saída de pista;1;0;0;0;0;0;0;0;0;0;0;1;0;0;0
13/02/2022;11:40:00;129;Sem vítima;530,000;BR-324/BA;Decrescente;Saída de pista;1;0;0;0;0;0;0;0;0;0;0;0;0;0;0
13/02/2022;12:47:00;139;Sem vítima;550,000;BR-324/BA;Crescente;Saída de pista;1;0;0;0;0;0;0;0;0;0;0;0;0;0;0
13/02/2022;14:52:00;160;Sem vítima;471,000;BR-116/BA;Decrescente;Saída de pista;1;0;0;0;0;0;0;0;0;0;0;0;0;0;0
13/02/2022;15:43:00;168;Sem vítima;549,000;BR-324/BA;Crescente;Saída de pista;0;0;0;0;0;0;0;0;0;1;0;0;0;0;0
13/02/2022;17:42:00;188;Com vítima;586,000;BR-324/BA;Crescente;Saída de pista;1;0;0;0;0;0;0;0;0;0;0;1;1;0;0
13/02/2022;17:58:00;189;Sem vítima;601,000;BR-116/BA;Decrescente;Saída de pista;0;0;2;0;0;0;0;0;0;0;0;0;0;0;0
14/02/2022;00:00:00;234;Com vítima;622,000;BR-324/BA;Crescente;Colisão lateral no mesmo sentido;0;0;0;2;0;0;0;0;0;0;0;1;0;0;0
14/02/2022;00:00:00;241;Com vítima;473,000;BR-116/BA;Crescente;Saída de pista;1;0;0;0;0;0;0;0;0;0;0;3;0;0;0
14/02/2022;03:17:00;44;Sem vítima;612,000;BR-324/BA;Decrescente;Saída de pista;1;0;0;0;0;0;0;0;0;0;0;0;0;0;0
14/02/2022;03:51:00;45;Com vítima;19,000;CONTORNO - VC/BA;Decrescente;Atropelamento de pedestre;0;0;0;0;0;0;0;0;0;0;0;0;0;0;1
14/02/2022;07:56:00;96;Sem vítima;617,000;BR-324/BA;Crescente;Colisão traseira;2;0;0;0;0;0;0;0;0;0;0;0;0;0;0
14/02/2022;08:13:00;105;Com vítima;817,000;BR-116/BA;Crescente;Colisão transversal;0;0;0;1;0;0;0;0;0;1;0;0;2;0;0
14/02/2022;11:47:00;151;Sem vítima;543,000;BR-324/BA;Decrescente;Colisão lateral no mesmo sentido;1;0;0;0;0;0;0;0;0;0;0;0;0;0;0
14/02/2022;12:30:00;158;Sem vítima;610,000;BR-324/BA;Decrescente;Colisão frontal;1;0;1;0;0;0;0;0;0;0;0;0;0;0;0
14/02/2022;15:02:00;220;Sem vítima;641,000;BR-116/BA;Decrescente;Colisão traseira;0;0;2;0;0;0;0;0;0;0;0;0;0;0;0
14/02/2022;18:33:00;273;Com vítima;532,000;BR-324/BA;Decrescente;Colisão traseira;0;0;1;0;0;0;0;0;0;1;0;4;0;0;1
14/02/2022;21:44:00;293;Sem vítima;532,000;BR-324/BA;Decrescente;Colisão traseira;0;0;2;0;0;0;0;0;0;0;0;0;0;0;0
15/02/2022;05:26:00;44;Sem vítima;580,000;BR-116/BA;Decrescente;Saída de pista;1;0;0;0;0;0;0;0;0;0;0;0;0;0;0
16/02/2022;04:47:00;49;Com vítima;822,000;BR-116/BA;Decrescente;Colisão frontal;0;1;0;0;0;0;0;0;0;0;0;2;0;0;0
16/02/2022;11:21:00;166;Sem vítima;559,000;BR-324/BA;Decrescente;Colisão traseira;0;0;0;0;1;1;0;0;0;1;0;0;0;0;0
16/02/2022;13:49:00;202;Com vítima;22,000;CONTORNO - VC/BA;Crescente;Engavetamento;1;0;0;0;0;0;0;0;0;0;0;2;0;0;0
16/02/2022;14:13:00;207;Com vítima;16,000;CONTORNO - VC/BA;Crescente;Colisão transversal;1;0;0;1;0;0;0;0;0;0;0;1;0;0;0
16/02/2022;14:48:00;219;Sem vítima;618,000;BR-324/BA;Crescente;Colisão traseira;1;0;0;0;0;0;0;0;0;0;0;0;0;0;0
16/02/2022;16:05:00;239;Sem vítima;625,000;BR-324/BA;Decrescente;Acidentes de outra natureza;1;0;1;0;0;0;0;0;0;0;0;0;0;0;0
16/02/2022;16:57:00;247;Sem vítima;17,000;CONTORNO - VC/BA;Crescente;Colisão transversal;1;0;0;1;0;0;0;0;0;0;0;0;0;0;0
17/02/2022;08:59:00;110;Sem vítima;614,000;BR-324/BA;Crescente;Colisão lateral no mesmo sentido;1;0;0;1;0;0;0;0;0;0;0;0;0;0;0
17/02/2022;18:25:00;260;Com vítima;805,000;BR-116/BA;Crescente;Colisão lateral no mesmo sentido;1;0;1;0;0;0;0;0;0;0;0;0;1;0;0
17/02/2022;19:40:00;275;Sem vítima;576,000;BR-324/BA;Crescente;Saída de pista;0;0;1;0;0;0;0;0;0;0;0;0;0;0;0
17/02/2022;19:50:00;276;Sem vítima;623,000;BR-324/BA;Crescente;Saída de pista;1;0;0;0;0;0;0;0;0;0;0;0;0;0;0
18/02/2022;05:59:00;42;Sem vítima;474,000;BR-116/BA;Crescente;Saída de pista;1;0;0;0;0;0;0;0;0;0;0;0;0;0;0
18/02/2022;09:27:00;116;Com vítima;535,000;BR-324/BA;Decrescente;Acidentes de outra natureza;1;0;1;0;0;0;0;0;0;1;0;2;1;0;0
18/02/2022;15:48:00;230;Sem vítima;616,000;BR-324/BA;Decrescente;Acidentes de outra natureza;3;0;0;0;0;0;0;0;0;0;0;0;0;0;0
18/02/2022;15:49:00;231;Sem vítima;603,000;BR-324/BA;Crescente;Colisão lateral no mesmo sentido;0;0;0;1;0;0;0;0;0;0;0;0;0;0;0
18/02/2022;16:07:00;237;Sem vítima;617,000;BR-324/BA;Decrescente;Acidentes de outra natureza;3;0;0;0;0;0;0;0;0;2;0;0;0;0;0
18/02/2022;17:38:00;258;Sem vítima;617,000;BR-324/BA;Decrescente;Colisão traseira;2;0;0;0;0;0;0;0;0;0;0;0;0;0;0
18/02/2022;19:09:00;279;Sem vítima;595,000;BR-324/BA;Decrescente;Colisão traseira;1;0;0;0;0;0;0;0;0;1;0;0;0;0;0
18/02/2022;19:17:00;281;Com vítima;538,000;BR-324/BA;Decrescente;Atropelamento de pedestre;0;0;0;0;0;0;0;0;0;0;0;0;0;0;1
19/02/2022;01:28:00;30;Sem vítima;617,000;BR-324/BA;Decrescente;Choque;1;0;0;0;0;0;0;0;0;0;0;0;0;0;0
19/02/2022;07:38:00;76;Com vítima;778,000;BR-116/BA;Decrescente;Atropelamento de pedestre;1;0;0;0;0;0;0;0;0;0;0;0;1;0;0
19/02/2022;10:54:00;127;Sem vítima;931,000;BR-116/BA;Crescente;Colisão traseira;0;0;1;0;1;0;0;0;0;0;0;0;0;0;0
19/02/2022;12:29:00;149;Sem vítima;563,000;BR-324/BA;Crescente;Saída de pista;0;0;1;0;0;0;0;0;0;0;0;0;0;0;0
19/02/2022;14:59:00;175;Com vítima;778,000;BR-116/BA;Crescente;Colisão traseira;1;0;1;0;0;0;0;0;0;0;0;2;0;0;0
19/02/2022;15:18:00;181;Sem vítima;801,000;BR-116/BA;Decrescente;Colisão traseira;0;0;0;1;0;0;0;0;0;0;0;0;0;0;0
19/02/2022;17:07:00;202;Sem vítima;439,000;BR-116/BA;Crescente;Acidentes de outra natureza;0;0;0;1;0;0;0;0;0;0;0;0;0;0;0
19/02/2022;20:54:00;234;Com vítima;16,000;CONTORNO - VC/BA;Crescente;Colisão transversal;1;0;0;1;0;0;0;0;0;0;0;0;1;0;0
19/02/2022;21:38:00;238;Sem vítima;26,000;CONTORNO - VC/BA;Decrescente;Colisão lateral no mesmo sentido;1;0;1;0;0;0;0;0;0;0;0;0;0;0;0
20/02/2022;01:39:00;35;Sem vítima;11,000;CONTORNO - VC/BA;Crescente;Colisão transversal;2;0;0;0;0;0;0;0;0;0;0;0;0;0;0
20/02/2022;01:53:00;36;Sem vítima;613,000;BR-324/BA;Decrescente;Colisão lateral no mesmo sentido;1;0;0;0;0;0;0;0;0;1;0;0;0;0;0
20/02/2022;08:50:00;74;Sem vítima;604,000;BR-116/BA;Decrescente;Colisão lateral no mesmo sentido;0;0;1;0;0;0;0;0;0;0;0;0;0;0;0
20/02/2022;12:24:00;120;Sem vítima;686,000;BR-116/BA;Crescente;Capotamento;0;0;1;0;0;0;0;0;0;0;0;0;0;0;0
20/02/2022;12:45:00;123;Sem vítima;537,000;BR-324/BA;Decrescente;Colisão traseira;2;0;0;0;0;0;0;0;0;0;0;0;0;0;0
20/02/2022;13:45:00;126;Com vítima;530,000;BR-324/BA;Decrescente;Saída de pista;1;0;0;0;0;0;0;0;0;0;0;0;1;0;0
20/02/2022;18:36:00;187;Com vítima;2,000;CONTORNO - VC/BA;Decrescente;Acidentes de outra natureza;0;0;0;1;0;0;0;0;0;0;0;0;3;0;0
20/02/2022;19:25:00;199;Sem vítima;9,000;CONTORNO - VC/BA;Crescente;Colisão transversal;1;0;0;0;0;0;0;0;0;1;0;0;0;0;0
20/02/2022;19:55:00;203;Com vítima;545,000;BR-324/BA;Decrescente;Colisão transversal;2;0;0;0;0;0;0;0;0;0;0;0;3;0;0
20/02/2022;20:02:00;205;Sem vítima;14,000;CONTORNO - VC/BA;Decrescente;Colisão frontal;1;0;0;0;0;0;0;0;0;1;0;0;0;0;0
21/02/2022;00:53:00;29;Sem vítima;637,000;BR-116/BA;Crescente;Saída de pista;0;0;1;0;0;0;0;0;0;0;0;0;0;0;0
21/02/2022;06:56:00;64;Sem vítima;622,000;BR-324/BA;Crescente;Colisão lateral no mesmo sentido;5;0;0;0;0;0;0;0;0;0;0;0;0;0;0
21/02/2022;07:40:00;79;Sem vítima;551,000;BR-324/BA;Crescente;Colisão lateral no mesmo sentido;1;0;1;0;0;0;0;0;0;0;0;0;0;0;0
21/02/2022;08:05:00;90;Sem vítima;613,000;BR-324/BA;Crescente;Acidentes de outra natureza;0;0;0;1;0;0;0;0;0;0;0;0;0;0;0
21/02/2022;09:15:00;121;Com vítima;816,000;BR-116/BA;Crescente;Atropelamento de pedestre;0;0;0;0;0;0;0;0;0;0;0;0;0;0;1
21/02/2022;09:57:00;137;Com vítima;836,000;BR-116/BA;Crescente;Acidentes de outra natureza;0;0;0;1;0;0;0;0;0;0;0;0;1;1;0
21/02/2022;10:50:00;149;Sem vítima;614,000;BR-324/BA;Crescente;Colisão traseira;1;0;0;0;0;1;0;0;0;0;0;0;0;0;0
21/02/2022;11:04:00;151;Com vítima;545,000;BR-324/BA;Decrescente;Colisão transversal;1;0;0;1;0;0;0;0;0;0;0;0;1;0;0
21/02/2022;12:47:00;169;Com vítima;787,000;BR-116/BA;Crescente;Atropelamento de pedestre;0;0;1;0;0;0;0;0;0;0;0;0;0;0;1
21/02/2022;15:26:00;203;Com vítima;567,000;BR-324/BA;Crescente;Colisão lateral no mesmo sentido;1;0;0;0;0;0;0;0;0;0;0;0;1;0;0
21/02/2022;15:40:00;207;Com vítima;16,000;CONTORNO - VC/BA;Decrescente;Colisão transversal;1;0;0;1;0;0;0;0;0;0;0;1;0;0;0
21/02/2022;18:50:00;244;Sem vítima;620,000;BR-324/BA;Crescente;Acidentes de outra natureza;0;0;0;1;0;0;0;0;0;0;0;0;0;0;0
22/02/2022;06:50:00;52;Com vítima;878,000;BR-116/BA;Decrescente;Acidentes de outra natureza;0;0;0;1;0;0;0;0;0;0;0;1;0;0;0
22/02/2022;11:37:00;157;Sem vítima;560,000;BR-324/BA;Crescente;Saída de pista;1;0;0;0;0;0;0;0;0;0;0;0;0;0;0
22/02/2022;19:37:00;253;Sem vítima;888,000;BR-116/BA;Decrescente;Atropelamento de animal;1;0;0;0;0;0;0;0;0;0;0;0;0;0;0
22/02/2022;19:55:00;256;Sem vítima;890,000;BR-116/BA;Decrescente;Atropelamento de animal;0;0;0;0;0;0;0;0;0;1;0;0;0;0;0
23/02/2022;08:05:00;73;Sem vítima;568,000;BR-324/BA;Decrescente;Acidentes de outra natureza;2;0;0;0;0;0;0;0;0;0;0;0;0;0;0
23/02/2022;09:15:00;106;Sem vítima;533,000;BR-324/BA;Decrescente;Colisão traseira;1;0;0;0;0;0;0;0;0;1;0;0;0;0;0
23/02/2022;10:26:00;129;Sem vítima;623,000;BR-324/BA;Crescente;Colisão traseira;3;0;0;0;0;0;0;0;0;0;0;0;0;0;0
23/02/2022;13:59:00;178;Sem vítima;640,000;BR-116/BA;Decrescente;Saída de pista;0;0;1;0;0;0;0;0;0;0;0;0;0;0;0
23/02/2022;15:50:00;225;Sem vítima;436,000;BR-116/BA;Crescente;Saída de pista;0;0;1;0;0;0;0;0;0;0;0;0;0;0;0
24/02/2022;21:13:00;304;Com vítima;850,000;BR-116/BA;Crescente;Acidentes de outra natureza;0;0;0;1;0;0;0;0;0;0;0;1;0;1;0
25/02/2022;01:30:00;28;Com vítima;596,000;BR-324/BA;Crescente;Colisão traseira;1;0;1;0;0;0;0;0;0;0;0;0;1;0;0
25/02/2022;07:08:00;59;Sem vítima;616,000;BR-324/BA;Crescente;Acidentes de outra natureza;2;0;2;0;0;0;0;0;0;0;0;0;0;0;0
25/02/2022;07:20:00;70;Com vítima;526,000;BR-324/BA;Decrescente;Acidentes de outra natureza;0;0;0;1;0;0;0;0;0;1;0;0;1;0;0
25/02/2022;07:34:00;75;Com vítima;5,000;CONTORNO SUL  - FS/BA;Crescente;Acidentes de outra natureza;1;0;0;1;0;0;0;0;0;0;0;1;0;0;0
25/02/2022;09:47:00;119;Sem vítima;612,000;BR-324/BA;Crescente;Colisão lateral no mesmo sentido;0;0;1;0;0;0;0;0;0;0;0;0;0;0;0
25/02/2022;12:14:00;175;Sem vítima;580,000;BR-324/BA;Crescente;Saída de pista;0;0;0;0;0;0;0;0;0;1;0;0;0;0;0
25/02/2022;16:05:00;247;Com vítima;861,000;BR-116/BA;Decrescente;Colisão transversal;0;0;1;1;0;0;0;0;0;0;0;0;0;0;1
25/02/2022;17:58:00;266;Sem vítima;696,000;BR-116/BA;Crescente;Saída de pista;1;0;0;0;0;0;0;0;0;0;0;0;0;0;0
26/02/2022;05:27:00;42;Sem vítima;649,000;BR-116/BA;Decrescente;Capotamento;0;0;1;0;0;0;0;0;0;0;0;0;0;0;0
26/02/2022;07:17:00;43;Sem vítima;530,000;BR-324/BA;Decrescente;Saída de pista;1;0;0;0;0;0;0;0;0;0;0;0;0;0;0
26/02/2022;07:27:00;69;Sem vítima;530,000;BR-324/BA;Decrescente;Saída de pista;1;0;0;0;0;0;0;0;0;0;0;0;0;0;0
26/02/2022;07:29:00;93;Sem vítima;530,000;BR-324/BA;Decrescente;Choque;1;0;0;0;0;0;0;0;0;0;0;0;0;0;0
26/02/2022;11:18:00;128;Sem vítima;567,000;BR-324/BA;Decrescente;Colisão traseira;0;0;0;0;0;0;0;0;0;1;0;0;0;0;0
26/02/2022;11:18:00;135;Sem vítima;567,000;BR-324/BA;Decrescente;Saída de pista;1;0;0;0;0;0;0;0;0;0;0;0;0;0;0
26/02/2022;12:07:00;136;Sem vítima;568,000;BR-324/BA;Decrescente;Colisão traseira;2;0;0;0;0;0;0;0;0;0;0;0;0;0;0
26/02/2022;17:18:00;212;Com vítima;623,000;BR-324/BA;Decrescente;Colisão lateral no mesmo sentido;1;0;0;1;0;0;0;0;0;0;0;1;0;0;0
26/02/2022;19:56:00;244;Sem vítima;660,000;BR-116/BA;Decrescente;Colisão lateral no mesmo sentido;0;0;2;0;0;0;0;0;0;0;0;0;0;0;0
26/02/2022;20:40:00;252;Sem vítima;838,000;BR-116/BA;Decrescente;Colisão transversal;2;0;0;0;0;0;0;0;0;0;0;0;0;0;0
27/02/2022;00:05:00;2;Com vítima;632,000;BR-116/BA;Decrescente;Colisão traseira;0;0;1;1;0;0;0;0;0;0;0;0;1;0;0
27/02/2022;01:12:00;36;Com vítima;775,000;BR-116/BA;Decrescente;Colisão frontal;1;0;1;0;0;0;0;0;0;0;0;0;0;0;1
27/02/2022;17:20:00;182;Com vítima;830,000;BR-116/BA;Decrescente;Acidentes de outra natureza;0;0;3;0;0;0;0;0;0;0;0;0;1;0;0
28/02/2022;01:53:00;48;Com vítima;574,000;BR-324/BA;Crescente;Saída de pista;1;0;0;0;0;0;0;0;0;0;0;0;0;0;1
28/02/2022;06:39:00;80;Sem vítima;554,000;BR-324/BA;Crescente;Saída de pista;0;0;1;0;0;0;0;0;0;0;0;0;0;0;0
28/02/2022;07:04:00;87;Sem vítima;582,000;BR-116/BA;Decrescente;Saída de pista;1;0;0;0;0;0;0;0;0;0;0;0;0;0;0
28/02/2022;08:20:00;114;Sem vítima;576,000;BR-324/BA;Crescente;Colisão lateral no mesmo sentido;1;0;0;0;0;0;0;0;0;0;0;0;0;0;0
28/02/2022;14:52:00;231;Sem vítima;865,000;BR-116/BA;Crescente;Colisão traseira;0;0;2;0;0;0;0;0;0;0;0;0;0;0;0
28/02/2022;16:04:00;249;Com vítima;523,000;BR-324/BA;Crescente;Acidentes de outra natureza;0;0;0;1;0;0;0;0;0;0;0;1;0;0;0
01/03/2022;07:45:00;71;Com vítima;623,000;BR-324/BA;Decrescente;Acidentes de outra natureza;0;0;0;1;0;0;0;0;0;0;0;1;0;0;0
01/03/2022;13:36:00;188;Sem vítima;4,000;CONTORNO SUL  - FS/BA;Decrescente;Colisão traseira;0;0;2;0;0;0;0;0;0;0;0;0;0;0;0
01/03/2022;17:48:00;241;Sem vítima;625,000;BR-116/BA;Crescente;Capotamento;0;0;1;0;0;0;0;0;0;0;0;0;0;0;0
02/03/2022;00:00:00;215;Com vítima;575,000;BR-324/BA;Crescente;Acidentes de outra natureza;3;0;0;0;0;0;0;0;0;0;0;1;0;0;0
02/03/2022;03:02:00;37;Sem vítima;770,000;BR-116/BA;Decrescente;Saída de pista;0;0;1;0;0;0;0;0;0;0;0;0;0;0;0
02/03/2022;06:25:00;49;Sem vítima;616,000;BR-324/BA;Decrescente;Colisão traseira;2;0;0;0;0;0;0;0;0;0;0;0;0;0;0
02/03/2022;16:04:00;204;Com vítima;576,000;BR-324/BA;Crescente;Colisão traseira;2;0;0;0;0;0;0;0;0;0;0;0;2;0;0
02/03/2022;20:14:00;256;Sem vítima;605,000;BR-324/BA;Crescente;Capotamento;0;0;1;0;0;0;0;0;0;0;0;0;0;0;0
03/03/2022;00:00:00;43;Sem vítima;533,000;BR-324/BA;Decrescente;Colisão traseira;1;0;0;0;0;0;0;0;0;0;0;0;0;0;0
03/03/2022;00:00:00;51;Sem vítima;620,000;BR-324/BA;Crescente;Colisão traseira;2;0;0;0;0;0;0;0;0;0;0;0;0;0;0
03/03/2022;06:15:00;41;Com vítima;533,000;BR-324/BA;Decrescente;Acidentes de outra natureza;0;0;0;1;0;0;0;0;0;0;0;0;1;0;0
03/03/2022;06:44:00;46;Com vítima;533,000;BR-324/BA;Decrescente;Acidentes de outra natureza;1;0;0;0;0;0;0;0;0;0;0;0;1;0;0
03/03/2022;06:53:00;50;Sem vítima;620,000;BR-324/BA;Crescente;Colisão traseira;2;0;0;0;0;0;0;0;0;0;0;0;0;0;0
03/03/2022;07:31:00;70;Sem vítima;599,000;BR-324/BA;Crescente;Colisão traseira;1;0;1;0;0;0;0;0;0;0;0;0;0;0;0
03/03/2022;11:05:00;153;Com vítima;585,000;BR-324/BA;Decrescente;Acidentes de outra natureza;1;0;0;0;0;0;0;0;0;1;0;1;0;0;0
03/03/2022;12:18:00;168;Sem vítima;579,000;BR-116/BA;Crescente;Capotamento;0;0;1;0;0;0;0;0;0;0;0;0;0;0;0
04/03/2022;06:13:00;65;Sem vítima;530,000;BR-324/BA;Decrescente;Saída de pista;1;0;0;0;0;0;0;0;0;0;0;0;0;0;0
04/03/2022;07:16:00;77;Sem vítima;448,000;BR-116/BA;Crescente;Choque;1;0;0;0;0;0;0;0;0;0;0;0;0;0;0
04/03/2022;07:18:00;56;Sem vítima;530,000;BR-324/BA;Decrescente;Saída de pista;0;0;0;0;0;0;0;0;0;1;0;0;0;0;0
04/03/2022;13:01:00;209;Sem vítima;532,000;BR-324/BA;Decrescente;Saída de pista;1;0;0;0;0;0;0;0;0;0;0;0;0;0;0
04/03/2022;17:07:00;279;Sem vítima;799,000;BR-116/BA;Decrescente;Saída de pista;1;0;0;0;0;0;0;0;0;0;0;0;0;0;0
04/03/2022;17:45:00;284;Sem vítima;3,000;526/BA;Decrescente;Engavetamento;1;0;0;0;0;0;0;0;0;0;0;0;0;0;0
04/03/2022;21:17:00;332;Sem vítima;623,000;BR-324/BA;Decrescente;Saída de pista;0;0;0;0;0;0;0;0;0;1;0;0;0;0;0
05/03/2022;01:50:00;35;Sem vítima;605,000;BR-324/BA;Decrescente;Saída de pista;1;0;0;0;0;0;0;0;0;0;0;0;0;0;0
05/03/2022;06:26:00;56;Sem vítima;619,000;BR-324/BA;Crescente;Colisão lateral no mesmo sentido;0;0;0;1;0;0;0;0;0;0;0;0;0;0;0
05/03/2022;10:19:00;93;Sem vítima;615,000;BR-324/BA;Decrescente;Acidentes de outra natureza;2;0;0;0;0;0;0;0;0;0;0;0;0;0;0
05/03/2022;12:02:00;137;Sem vítima;590,000;BR-324/BA;Crescente;Saída de pista;1;0;0;0;0;0;0;0;0;0;0;0;0;0;0
05/03/2022;15:59:00;208;Sem vítima;529,000;BR-324/BA;Crescente;Saída de pista;1;0;0;0;0;0;0;0;0;0;0;0;0;0;0
05/03/2022;19:43:00;263;Sem vítima;761,000;BR-116/BA;Crescente;Saída de pista;1;0;0;0;0;0;0;0;0;0;0;0;0;0;0
06/03/2022;07:35:00;65;Sem vítima;485,000;BR-116/BA;Decrescente;Colisão traseira;0;0;1;0;0;0;0;0;0;0;0;0;0;0;0
06/03/2022;09:43:00;101;Sem vítima;932,000;BR-116/BA;Decrescente;Colisão traseira;0;0;1;0;1;0;0;0;0;0;0;0;0;0;0
06/03/2022;15:41:00;173;Com vítima;808,000;BR-116/BA;Crescente;Acidentes de outra natureza;0;0;0;1;0;0;0;0;0;0;0;2;0;0;0
06/03/2022;16:04:00;183;Sem vítima;635,000;BR-116/BA;Crescente;Acidentes de outra natureza;0;0;2;0;0;0;0;0;0;0;0;0;0;0;0
06/03/2022;16:38:00;188;Sem vítima;530,000;BR-324/BA;Decrescente;Saída de pista;1;0;0;0;0;0;0;0;0;0;0;0;0;0;0
06/03/2022;18:36:00;218;Com vítima;456,000;BR-116/BA;Crescente;Colisão traseira;0;0;2;0;0;0;0;0;0;0;0;1;0;0;0
06/03/2022;19:37:00;228;Sem vítima;3,000;526/BA;Crescente;Colisão traseira;1;0;1;0;0;0;0;0;0;0;0;0;0;0;0
07/03/2022;00:00:00;292;Com vítima;626,000;BR-324/BA;Decrescente;Acidentes de outra natureza;0;0;0;1;0;0;0;0;0;0;0;1;0;0;0
07/03/2022;01:46:00;29;Com vítima;586,000;BR-324/BA;Decrescente;Saída de pista;1;0;0;0;0;0;0;0;0;0;0;4;0;0;0
07/03/2022;09:29:00;128;Sem vítima;615,000;BR-324/BA;Crescente;Colisão traseira;1;0;0;0;0;0;0;0;0;0;0;0;0;0;0
07/03/2022;10:11:00;140;Sem vítima;619,000;BR-324/BA;Crescente;Colisão traseira;1;0;0;0;0;0;0;0;0;1;0;0;0;0;0
07/03/2022;17:29:00;277;Com vítima;9,000;526/BA;Decrescente;Colisão lateral no mesmo sentido;0;0;0;1;0;0;0;0;0;0;0;1;0;0;0
08/03/2022;04:43:00;39;Sem vítima;554,000;BR-324/BA;Crescente;Atropelamento de animal;0;0;0;0;0;0;0;0;0;1;0;0;0;0;0
08/03/2022;05:47:00;42;Sem vítima;554,000;BR-324/BA;Crescente;Queda de moto;0;0;0;0;0;0;0;0;0;1;0;0;0;0;0
08/03/2022;05:55:00;43;Sem vítima;796,000;BR-116/BA;Crescente;Choque;1;0;0;0;0;0;0;0;0;0;0;0;0;0;0
08/03/2022;07:03:00;53;Sem vítima;815,000;BR-116/BA;Decrescente;Colisão traseira;0;0;1;0;0;0;0;0;0;1;0;0;0;0;0
08/03/2022;08:07:00;92;Sem vítima;619,000;BR-324/BA;Crescente;Colisão traseira;2;0;0;0;0;0;0;0;0;0;0;0;0;0;0
08/03/2022;08:13:00;96;Sem vítima;620,000;BR-324/BA;Crescente;Acidentes de outra natureza;3;0;0;0;0;0;0;0;0;0;0;0;0;0;0
08/03/2022;12:08:00;171;Sem vítima;848,000;BR-116/BA;Crescente;Capotamento;0;0;1;0;0;0;0;0;0;0;0;0;0;0;0
08/03/2022;14:38:00;203;Sem vítima;16,000;CONTORNO - VC/BA;Crescente;Colisão transversal;2;0;0;0;0;0;0;0;0;0;0;0;0;0;0
08/03/2022;18:50:00;257;Com vítima;487,000;BR-116/BA;Crescente;Colisão traseira;0;0;0;1;1;0;0;0;0;0;0;0;0;0;1
09/03/2022;00:00:00;320;Sem vítima;658,000;BR-116/BA;Decrescente;Atropelamento de animal;0;0;1;0;0;0;0;0;0;0;0;0;0;0;0
09/03/2022;08:04:00;89;Sem vítima;518,000;BR-324/BA;Decrescente;Colisão traseira;0;0;0;0;0;0;0;0;0;2;0;0;0;0;0
09/03/2022;13:03:00;190;Com vítima;622,000;BR-324/BA;Crescente;Colisão traseira;1;0;1;0;0;0;0;0;0;0;0;1;0;0;0
09/03/2022;13:09:00;191;Sem vítima;583,000;BR-324/BA;Crescente;Colisão traseira;1;0;0;0;0;0;0;0;0;0;0;0;0;0;0
09/03/2022;21:46:00;317;Sem vítima;16,000;CONTORNO - VC/BA;Decrescente;Colisão transversal;2;0;0;0;0;1;0;0;0;0;0;0;0;0;0
10/03/2022;01:45:00;27;Sem vítima;676,000;BR-116/BA;Decrescente;Atropelamento de animal;0;0;0;0;0;0;0;0;0;1;0;0;0;0;0
10/03/2022;05:24:00;35;Com vítima;712,000;BR-116/BA;Crescente;Colisão frontal;0;1;0;1;0;0;0;0;0;0;0;1;1;0;0
10/03/2022;09:50:00;120;Sem vítima;532,000;BR-324/BA;Decrescente;Colisão lateral no mesmo sentido;1;0;1;0;0;0;0;0;0;0;0;0;0;0;0
10/03/2022;12:04:00;160;Sem vítima;530,000;BR-324/BA;Crescente;Choque;1;0;0;0;0;0;0;0;0;0;0;0;0;0;0
10/03/2022;14:33:00;202;Sem vítima;539,000;BR-324/BA;Crescente;Saída de pista;0;0;0;0;0;0;0;0;0;1;0;0;0;0;0
11/03/2022;02:25:00;36;Sem vítima;617,000;BR-324/BA;Crescente;Colisão lateral no mesmo sentido;1;0;1;0;0;0;0;0;0;0;0;0;0;0;0
11/03/2022;06:51:00;58;Com vítima;809,000;BR-116/BA;Crescente;Colisão lateral no mesmo sentido;0;0;0;2;0;0;0;0;0;0;0;1;2;0;0