data;horario;n_da_ocorrencia;tipo_de_ocorrencia;km;trecho;sentido;tipo_de_acidente;automovel;bicicleta;caminhao;moto;onibus;outros;tracao_animal;transporte_de_cargas_especiais;trator_maquinas;utilitarios;ilesos;levemente_feridos;moderadamente_feridos;gravemente_feridos;mortos
11/03/2022;13:34:00;234;Sem vítima;646,000;BR-116/BA;Decrescente;Saída de pista;0;0;1;0;0;0;0;0;0;0;0;0;0;0;0
11/03/2022;13:39:00;216;Sem vítima;546,000;BR-324/BA;Decrescente;Colisão lateral no mesmo sentido;1;0;0;0;0;1;0;0;0;1;0;0;0;0;0
11/03/2022;19:35:00;327;Com vítima;876,000;BR-116/BA;Crescente;Saída de pista;0;0;0;0;0;0;0;0;0;1;0;0;1;0;0
12/03/2022;06:49:00;46;Com vítima;673,000;BR-116/BA;Crescente;Colisão traseira;0;0;0;1;0;0;0;0;0;0;0;1;0;0;0
21/03/2022;19:43:00;295;Com vítima;828,000;BR-116/BA;Decrescente;Colisão transversal;1;0;0;1;0;0;0;0;0;0;0;0;1;0;0
21/03/2022;21:45:00;320;Com vítima;602,000;BR-324/BA;Crescente;Colisão traseira;2;0;0;0;0;0;0;0;0;0;0;1;0;0;0
22/03/2022;08:43:00;123;Com vítima;909,000;BR-116/BA;Decrescente;Colisão frontal;0;0;2;0;0;0;0;0;0;0;0;0;1;0;0
22/03/2022;12:02:00;174;Sem vítima;620,000;BR-324/BA;Decrescente;Acidentes de outra natureza;3;0;0;0;0;0;0;0;0;0;0;0;0;0;0
22/03/2022;14:24:00;209;Sem vítima;532,000;BR-324/BA;Decrescente;Saída de pista;1;0;0;0;0;0;0;0;0;0;0;0;0;0;0
22/03/2022;20:31:00;300;Sem vítima;541,000;BR-324/BA;Decrescente;Atropelamento de animal;1;0;0;0;0;0;0;0;0;0;0;0;0;0;0
23/03/2022;05:32:00;49;Sem vítima;613,000;BR-324/BA;Decrescente;Choque;1;0;0;0;0;0;0;0;0;0;0;0;0;0;0
24/03/2022;01:19:00;104;Sem vítima;518,000;BR-324/BA;Crescente;Colisão lateral no mesmo sentido;1;0;1;0;0;0;0;0;0;0;0;0;0;0;0
24/03/2022;06:59:00;69;Com vítima;758,000;BR-116/BA;Crescente;Colisão transversal;0;0;0;1;0;0;0;0;0;1;0;2;0;0;0
24/03/2022;11:44:00;192;Sem vítima;592,000;BR-116/BA;Crescente;Colisão traseira;1;0;0;0;0;0;0;0;0;0;0;0;0;0;0
24/03/2022;12:35:00;184;Sem vítima;522,000;BR-324/BA;Decrescente;Colisão traseira;1;0;1;0;0;0;0;0;0;0;0;0;0;0;0
24/03/2022;12:41:00;207;Sem vítima;561,000;BR-324/BA;Crescente;Saída de pista;0;0;0;0;0;0;0;0;0;1;0;0;0;0;0
24/03/2022;15:15:00;258;Sem vítima;574,000;BR-324/BA;Decrescente;Saída de pista;1;0;0;0;0;0;0;0;0;0;0;0;0;0;0
24/03/2022;18:11:00;306;Com vítima;624,000;BR-324/BA;Decrescente;Colisão lateral no mesmo sentido;0;0;0;1;0;0;0;0;0;0;0;1;0;0;0
24/03/2022;22:22:00;342;Sem vítima;613,000;BR-324/BA;Decrescente;Saída de pista;1;0;0;0;0;0;0;0;0;0;0;0;0;0;0
25/03/2022;07:38:00;95;Sem vítima;620,000;BR-324/BA;Decrescente;Colisão traseira;1;0;0;1;0;0;0;0;0;0;0;0;0;0;0
25/03/2022;07:45:00;97;Sem vítima;602,000;BR-116/BA;Decrescente;Saída de pista;0;0;1;0;0;0;0;0;0;0;0;0;0;0;0
25/03/2022;07:51:00;101;Com vítima;23,000;CONTORNO - VC/BA;Decrescente;Colisão traseira;0;0;0;1;0;0;0;0;0;0;0;1;0;1;0
25/03/2022;07:57:00;103;Sem vítima;0,000;CONTORNO SUL  - FS/BA;Crescente;Colisão lateral no mesmo sentido;1;0;1;0;0;0;0;0;0;0;0;0;0;0;0
28/03/2022;14:22:00;231;Sem vítima;616,000;BR-324/BA;Decrescente;Colisão traseira;0;0;1;0;0;0;0;0;0;0;0;0;0;0;0
29/03/2022;21:27:00;310;Sem vítima;3,000;526/BA;Crescente;Colisão traseira;1;0;0;0;0;0;0;0;0;1;0;0;0;0;0
30/03/2022;08:16:00;108;Sem vítima;633,000;BR-116/BA;Decrescente;Colisão transversal;1;0;0;0;0;0;0;0;0;1;0;0;0;0;0
30/03/2022;08:24:00;112;Sem vítima;614,000;BR-324/BA;Decrescente;Acidentes de outra natureza;3;0;0;0;0;0;0;0;0;1;0;0;0;0;0
30/03/2022;11:37:00;185;Com vítima;12,000;CONTORNO - VC/BA;Decrescente;Colisão transversal;0;0;0;1;0;0;0;0;0;0;0;1;0;0;0
30/03/2022;20:57:00;326;Com vítima;672,000;BR-116/BA;Crescente;Colisão transversal;1;0;0;1;0;0;0;0;0;0;0;0;1;0;0
31/03/2022;07:12:00;81;Sem vítima;616,000;BR-324/BA;Crescente;Acidentes de outra natureza;1;0;0;0;0;0;0;0;0;2;0;0;0;0;0
31/03/2022;08:14:00;112;Sem vítima;698,000;BR-116/BA;Crescente;Colisão traseira;1;0;1;0;0;0;0;0;0;0;0;0;0;0;0
31/03/2022;11:29:00;181;Sem vítima;518,000;BR-324/BA;Decrescente;Colisão lateral no mesmo sentido;1;0;1;0;0;0;0;0;0;0;0;0;0;0;0
31/03/2022;11:48:00;159;Sem vítima;518,000;BR-324/BA;Decrescente;Colisão traseira;0;0;0;0;0;0;0;0;0;1;0;0;0;0;0
31/03/2022;12:45:00;194;Sem vítima;765,000;BR-116/BA;Crescente;Colisão traseira;0;0;2;0;0;0;0;0;0;0;0;0;0;0;0
01/04/2022;01:11:00;33;Sem vítima;552,000;BR-324/BA;Crescente;Saída de pista;1;0;0;0;0;0;0;0;0;0;0;0;0;0;0
01/04/2022;07:21:00;91;Com vítima;6,000;CONTORNO - VC/BA;Crescente;Colisão traseira;0;0;0;1;0;0;0;0;0;0;0;1;0;0;0
01/04/2022;11:24:00;193;Com vítima;624,000;BR-324/BA;Decrescente;Acidentes de outra natureza;0;0;0;1;0;0;0;0;0;0;0;1;0;0;0
01/04/2022;12:21:00;210;Sem vítima;623,000;BR-324/BA;Decrescente;Acidentes de outra natureza;3;0;0;0;0;0;0;0;0;0;0;0;0;0;0
01/04/2022;14:13:00;237;Sem vítima;625,000;BR-324/BA;Decrescente;Colisão traseira;1;0;0;0;0;0;0;0;0;1;0;0;0;0;0
01/04/2022;15:49:00;287;Sem vítima;617,000;BR-324/BA;Decrescente;Choque;1;0;0;0;0;0;0;0;0;0;0;0;0;0;0
01/04/2022;18:10:00;326;Com vítima;526,000;BR-324/BA;Decrescente;Acidentes de outra natureza;0;0;0;1;0;0;0;0;0;0;0;2;0;0;0
02/04/2022;00:25:00;31;Sem vítima;921,000;BR-116/BA;Decrescente;Queda de moto;0;0;0;0;0;0;0;0;0;0;0;0;0;0;0
02/04/2022;14:19:00;200;Sem vítima;568,000;BR-324/BA;Crescente;Saída de pista;0;0;0;0;0;0;0;0;0;1;0;0;0;0;0
02/04/2022;15:55:00;225;Sem vítima;595,000;BR-116/BA;Crescente;Colisão lateral no mesmo sentido;0;0;2;0;0;0;0;0;0;0;0;0;0;0;0
02/04/2022;16:38:00;236;Sem vítima;592,000;BR-116/BA;Crescente;Saída de pista;0;0;1;0;0;0;0;0;0;0;0;0;0;0;0
02/04/2022;20:11:00;285;Sem vítima;788,000;BR-116/BA;Crescente;Saída de pista;1;0;0;0;0;0;0;0;0;0;0;0;0;0;0
03/04/2022;02:22:00;38;Sem vítima;885,000;BR-116/BA;Crescente;Saída de pista;0;0;1;0;0;0;0;0;0;0;0;0;0;0;0
03/04/2022;08:01:00;79;Sem vítima;450,000;BR-116/BA;Crescente;Saída de pista;1;0;0;0;0;0;0;0;0;0;0;0;0;0;0
03/04/2022;10:22:00;119;Sem vítima;531,000;BR-324/BA;Decrescente;Colisão lateral no mesmo sentido;0;0;1;0;0;0;0;0;0;1;0;0;0;0;0
03/04/2022;11:11:00;133;Com vítima;814,000;BR-116/BA;Crescente;Acidentes de outra natureza;0;0;0;1;0;0;0;0;0;0;0;2;0;0;0
03/04/2022;15:15:00;184;Sem vítima;800,000;BR-116/BA;Decrescente;Acidentes de outra natureza;0;0;3;0;0;0;0;0;0;0;0;0;0;0;0
03/04/2022;15:21:00;186;Sem vítima;442,000;BR-116/BA;Crescente;Saída de pista;1;0;0;0;0;0;0;0;0;0;0;0;0;0;0
03/04/2022;18:27:00;241;Com vítima;603,000;BR-324/BA;Crescente;Acidentes de outra natureza;0;0;0;1;0;0;0;0;0;0;0;0;1;0;0
03/04/2022;18:56:00;251;Com vítima;734,000;BR-116/BA;Decrescente;Colisão lateral no mesmo sentido;0;0;0;1;0;0;0;0;0;0;0;0;1;0;0
03/04/2022;22:11:00;278;Sem vítima;441,000;BR-116/BA;Decrescente;Saída de pista;0;0;1;0;0;0;0;0;0;0;0;0;0;0;0
04/04/2022;02:14:00;34;Com vítima;20,000;CONTORNO - VC/BA;Crescente;Atropelamento de animal;0;0;0;1;0;0;0;0;0;0;0;1;0;0;0
04/04/2022;04:38:00;50;Sem vítima;712,000;BR-116/BA;Crescente;Saída de pista;0;0;1;0;0;0;0;0;0;0;0;0;0;0;0
04/04/2022;06:29:00;67;Com vítima;750,000;BR-116/BA;Decrescente;Colisão frontal;1;0;0;1;0;0;0;0;0;0;0;1;0;1;0
04/04/2022;07:25:00;85;Sem vítima;613,000;BR-324/BA;Decrescente;Acidentes de outra natureza;2;0;0;0;0;0;0;0;0;0;0;0;0;0;0
04/04/2022;07:51:00;95;Sem vítima;594,000;BR-324/BA;Crescente;Acidentes de outra natureza;0;0;1;1;0;0;0;0;0;0;0;0;0;0;0
04/04/2022;07:57:00;107;Sem vítima;593,000;BR-324/BA;Crescente;Acidentes de outra natureza;3;0;0;0;0;0;0;0;0;1;0;0;0;0;0
04/04/2022;08:33:00;135;Sem vítima;619,000;BR-324/BA;Crescente;Acidentes de outra natureza;3;0;0;0;0;0;0;0;0;0;0;0;0;0;0
04/04/2022;10:09:00;177;Sem vítima;610,000;BR-324/BA;Decrescente;Acidentes de outra natureza;1;0;0;0;0;0;0;0;0;0;0;0;0;0;0
04/04/2022;10:48:00;193;Sem vítima;681,000;BR-116/BA;Crescente;Colisão traseira;1;0;0;0;0;0;0;0;0;0;0;0;0;0;0
04/04/2022;18:57:00;346;Com vítima;10,000;CONTORNO - VC/BA;Decrescente;Colisão traseira;0;1;0;1;0;0;0;0;0;0;0;0;1;2;0
04/04/2022;20:57:00;364;Sem vítima;454,000;BR-116/BA;Crescente;Engavetamento;1;0;0;0;0;0;0;0;0;0;0;0;0;0;0
05/04/2022;06:43:00;46;Sem vítima;615,000;BR-116/BA;Crescente;Colisão traseira;0;0;0;0;0;0;0;0;0;0;0;0;0;0;0
05/04/2022;09:23:00;118;Sem vítima;547,000;BR-324/BA;Crescente;Acidentes de outra natureza;3;0;0;0;0;0;0;0;0;0;0;0;0;0;0
05/04/2022;09:51:00;131;Sem vítima;8,000;526/BA;Crescente;Acidentes de outra natureza;1;0;3;0;0;0;0;0;0;0;0;0;0;0;0
05/04/2022;10:20:00;147;Com vítima;621,000;BR-324/BA;Crescente;Colisão traseira;1;0;1;0;0;0;0;0;0;0;0;2;0;0;0
05/04/2022;10:41:00;155;Sem vítima;547,000;BR-324/BA;Decrescente;Acidentes de outra natureza;0;0;1;0;0;0;0;0;0;1;0;0;0;0;0
05/04/2022;13:55:00;211;Com vítima;543,000;BR-324/BA;Decrescente;Colisão lateral no mesmo sentido;1;0;0;1;0;0;0;0;0;0;0;1;0;0;0
05/04/2022;15:30:00;235;Sem vítima;450,000;BR-116/BA;Crescente;Colisão lateral no mesmo sentido;1;0;0;0;0;0;0;0;0;0;0;0;0;0;0
06/04/2022;04:22:00;36;Sem vítima;570,000;BR-324/BA;Crescente;Saída de pista;0;0;0;0;0;0;0;0;0;1;0;0;0;0;0
06/04/2022;10:31:00;159;Sem vítima;554,000;BR-324/BA;Decrescente;Saída de pista;1;0;0;0;0;0;0;0;0;0;0;0;0;0;0
06/04/2022;10:44:00;163;Sem vítima;672,000;BR-116/BA;Decrescente;Colisão transversal;2;0;0;0;0;0;0;0;0;0;0;0;0;0;0
06/04/2022;10:56:00;167;Sem vítima;647,000;BR-116/BA;Decrescente;Colisão lateral no mesmo sentido;1;0;0;0;0;0;0;0;0;0;0;0;0;0;0
07/04/2022;07:38:00;84;Com vítima;612,000;BR-324/BA;Decrescente;Colisão traseira;1;0;0;1;0;0;0;0;0;0;0;2;1;0;0
07/04/2022;07:38:00;86;Sem vítima;580,000;BR-324/BA;Decrescente;Colisão traseira;1;0;0;0;0;0;0;0;0;1;0;0;0;0;0
07/04/2022;08:13:00;104;Sem vítima;608,000;BR-324/BA;Crescente;Colisão traseira;1;0;0;0;0;0;0;0;0;1;0;0;0;0;0
07/04/2022;08:39:00;124;Sem vítima;554,000;BR-324/BA;Decrescente;Acidentes de outra natureza;1;0;0;0;0;0;0;0;0;2;0;0;0;0;0
07/04/2022;09:34:00;157;Sem vítima;800,000;BR-116/BA;Crescente;Acidentes de outra natureza;0;0;0;1;0;0;0;0;0;0;0;0;0;0;0
07/04/2022;12:48:00;217;Sem vítima;685,000;BR-116/BA;Crescente;Colisão traseira;0;0;2;0;0;0;0;0;0;0;0;0;0;0;0
07/04/2022;15:29:00;275;Sem vítima;606,000;BR-324/BA;Decrescente;Colisão traseira;1;0;0;0;0;0;0;0;0;1;0;0;0;0;0
07/04/2022;18:45:00;327;Sem vítima;526,000;BR-324/BA;Decrescente;Colisão lateral no mesmo sentido;0;0;1;1;0;0;0;0;0;0;0;0;0;0;0
08/04/2022;07:36:00;90;Com vítima;7,000;CONTORNO SUL  - FS/BA;Decrescente;Atropelamento de ciclista;0;1;0;1;0;0;0;0;0;0;0;2;0;0;0
08/04/2022;16:22:00;250;Sem vítima;439,000;BR-116/BA;Crescente;Saída de pista;0;0;0;0;0;0;0;0;0;1;0;0;0;0;0
08/04/2022;22:21:00;315;Com vítima;564,000;BR-324/BA;Decrescente;Saída de pista;0;0;1;0;0;0;0;0;0;0;0;0;1;0;0
09/04/2022;00:00:00;44;Sem vítima;448,000;BR-116/BA;Decrescente;Saída de pista;0;0;1;0;0;0;0;0;0;0;0;0;0;0;0
09/04/2022;00:08:00;9;Com vítima;602,000;BR-324/BA;Crescente;Acidentes de outra natureza;0;0;0;1;0;0;0;0;0;0;0;1;0;0;0
09/04/2022;08:42:00;110;Sem vítima;466,000;BR-116/BA;Crescente;Engavetamento;1;0;0;0;0;0;0;0;0;0;0;0;0;0;0
09/04/2022;14:30:00;209;Sem vítima;880,000;BR-116/BA;Decrescente;Colisão traseira;0;0;2;0;0;0;0;0;0;0;0;0;0;0;0
09/04/2022;17:49:00;274;Sem vítima;3,000;526/BA;Decrescente;Saída de pista;1;0;0;0;0;0;0;0;0;0;0;0;0;0;0
10/04/2022;05:31:00;54;Sem vítima;553,000;BR-324/BA;Decrescente;Saída de pista;1;0;0;0;0;0;0;0;0;0;0;0;0;0;0
10/04/2022;15:16:00;189;Sem vítima;0,000;CONTORNO SUL  - FS/BA;Decrescente;Colisão traseira;1;0;0;0;0;0;0;0;0;1;0;0;0;0;0
10/04/2022;22:32:00;283;Com vítima;14,000;CONTORNO - VC/BA;Crescente;Colisão transversal;1;0;1;0;0;0;0;0;0;0;0;3;1;0;0
10/04/2022;22:59:00;286;Com vítima;624,000;BR-116/BA;Decrescente;Colisão frontal;0;0;0;0;0;0;0;0;0;0;0;0;0;0;0
10/04/2022;23:08:00;289;Sem vítima;624,000;BR-116/BA;Decrescente;Colisão traseira;0;0;2;0;0;0;0;0;0;0;0;0;0;0;0
11/04/2022;07:10:00;69;Sem vítima;613,000;BR-324/BA;Crescente;Acidentes de outra natureza;2;0;1;0;0;0;0;0;0;1;0;0;0;0;0
11/04/2022;12:36:00;185;Com vítima;817,000;BR-116/BA;Decrescente;Colisão transversal;0;0;0;0;0;0;0;0;0;0;0;0;0;0;0
11/04/2022;16:32:00;245;Sem vítima;591,000;BR-324/BA;Crescente;Colisão traseira;2;0;0;0;0;0;0;0;0;0;0;0;0;0;0
11/04/2022;18:21:00;282;Sem vítima;562,000;BR-324/BA;Decrescente;Colisão traseira;0;0;0;0;0;0;0;0;0;1;0;0;0;0;0
12/04/2022;02:53:00;30;Com vítima;609,000;BR-324/BA;Decrescente;Colisão frontal;1;0;0;1;0;0;0;0;0;0;0;0;0;1;0
12/04/2022;07:19:00;63;Com vítima;619,000;BR-324/BA;Crescente;Acidentes de outra natureza;2;0;1;0;0;0;0;0;0;1;0;1;0;0;0
12/04/2022;08:55:00;109;Sem vítima;614,000;BR-324/BA;Crescente;Colisão traseira;2;0;0;0;0;0;0;0;0;0;0;0;0;0;0
12/04/2022;13:36:00;181;Sem vítima;621,000;BR-324/BA;Decrescente;Acidentes de outra natureza;2;0;0;0;0;0;0;0;0;0;0;0;0;0;0
12/04/2022;16:55:00;244;Com vítima;582,000;BR-324/BA;Crescente;Saída de pista;0;0;0;0;0;0;0;0;0;1;0;0;2;0;0
12/04/2022;17:04:00;247;Sem vítima;615,000;BR-324/BA;Crescente;Colisão traseira;1;0;0;1;0;0;0;0;0;0;0;0;0;0;0
12/04/2022;18:47:00;275;Com vítima;16,000;CONTORNO - VC/BA;Decrescente;Colisão transversal;0;0;0;1;0;0;0;0;0;1;0;1;0;0;0
13/04/2022;10:01:00;174;Com vítima;433,000;BR-116/BA;Decrescente;Capotamento;0;0;1;0;0;0;0;0;0;0;0;1;0;0;0
13/04/2022;11:48:00;205;Sem vítima;518,000;BR-324/BA;Decrescente;Colisão traseira;0;0;2;0;0;0;0;0;0;0;0;0;0;0;0
16/04/2022;16:06:00;186;Sem vítima;805,000;BR-116/BA;Decrescente;Colisão traseira;0;0;2;0;0;0;0;0;0;0;0;0;0;0;0
16/04/2022;16:22:00;192;Sem vítima;570,000;BR-324/BA;Decrescente;Saída de pista;1;0;0;0;0;0;0;0;0;0;0;0;0;0;0
16/04/2022;16:51:00;199;Com vítima;27,000;CONTORNO - VC/BA;Decrescente;Saída de pista;1;0;0;0;0;0;0;0;0;0;0;1;0;0;0
16/04/2022;17:18:00;205;Sem vítima;532,000;BR-324/BA;Decrescente;Saída de pista;1;0;0;0;0;1;0;0;0;0;0;0;0;0;0
16/04/2022;19:14:00;222;Sem vítima;788,000;BR-116/BA;Crescente;Colisão frontal;1;0;0;0;0;0;0;0;0;1;0;0;0;0;0
17/04/2022;08:47:00;93;Sem vítima;587,000;BR-324/BA;Crescente;Colisão lateral no mesmo sentido;2;0;0;0;0;0;0;0;0;0;0;0;0;0;0
17/04/2022;10:26:00;125;Sem vítima;439,000;BR-116/BA;Crescente;Saída de pista;1;0;0;0;0;0;0;0;0;0;0;0;0;0;0
17/04/2022;14:54:00;200;Sem vítima;587,000;BR-324/BA;Crescente;Saída de pista;1;0;0;0;0;0;0;0;0;0;0;0;0;0;0
17/04/2022;15:25:00;220;Sem vítima;581,000;BR-324/BA;Crescente;Colisão traseira;1;0;0;0;0;0;0;0;0;0;0;0;0;0;0
17/04/2022;16:10:00;234;Com vítima;820,000;BR-116/BA;Decrescente;Colisão lateral no mesmo sentido;0;0;0;1;0;0;0;0;0;1;0;1;0;0;0
17/04/2022;16:12:00;235;Sem vítima;571,000;BR-324/BA;Crescente;Acidentes de outra natureza;2;0;0;0;0;0;0;0;0;1;0;0;0;0;0
17/04/2022;16:59:00;254;Sem vítima;579,000;BR-324/BA;Crescente;Acidentes de outra natureza;3;0;0;0;0;0;0;0;0;0;0;0;0;0;0
17/04/2022;17:57:00;269;Sem vítima;616,000;BR-324/BA;Decrescente;Choque;1;0;0;0;0;0;0;0;0;0;0;0;0;0;0
17/04/2022;18:21:00;273;Sem vítima;552,000;BR-324/BA;Crescente;Colisão traseira;2;0;0;0;0;0;0;0;0;0;0;0;0;0;0
17/04/2022;18:21:00;321;Sem vítima;552,000;BR-324/BA;Crescente;Colisão traseira;2;0;0;0;0;0;0;0;0;0;0;0;0;0;0
17/04/2022;18:53:00;284;Com vítima;29,000;CONTORNO - VC/BA;Decrescente;Colisão traseira;1;0;0;1;0;0;0;0;0;0;0;0;0;1;0
17/04/2022;19:19:00;293;Sem vítima;552,000;BR-324/BA;Crescente;Colisão traseira;1;0;0;0;0;0;0;0;0;0;0;0;0;0;0
17/04/2022;19:20:00;294;Sem vítima;547,000;BR-324/BA;Crescente;Colisão traseira;2;0;0;0;0;0;0;0;0;0;0;0;0;0;0
17/04/2022;20:36:00;316;Com vítima;530,000;BR-324/BA;Decrescente;Acidentes de outra natureza;0;0;0;1;0;0;0;0;0;0;0;0;2;0;0
17/04/2022;21:47:00;340;Sem vítima;556,000;BR-324/BA;Crescente;Colisão traseira;2;0;0;0;0;0;0;0;0;0;0;0;0;0;0
18/04/2022;06:31:00;63;Com vítima;556,000;BR-324/BA;Decrescente;Saída de pista;1;0;0;0;0;0;0;0;0;0;0;0;1;0;0
18/04/2022;06:38:00;65;Sem vítima;5,000;526/BA;Decrescente;Saída de pista;1;0;0;0;0;0;0;0;0;0;0;0;0;0;0
18/04/2022;07:11:00;79;Sem vítima;588,000;BR-324/BA;Crescente;Acidentes de outra natureza;2;0;0;0;0;0;0;0;0;0;0;0;0;0;0
18/04/2022;07:27:00;86;Sem vítima;522,000;BR-324/BA;Crescente;Acidentes de outra natureza;2;0;0;0;0;0;0;0;0;0;0;0;0;0;0
18/04/2022;07:55:00;97;Sem vítima;613,000;BR-324/BA;Crescente;Colisão traseira;1;0;0;0;0;0;0;0;0;1;0;0;0;0;0
18/04/2022;08:08:00;105;Com vítima;569,000;BR-324/BA;Crescente;Saída de pista;1;0;0;0;0;0;0;0;0;0;0;0;1;0;0
18/04/2022;10:22:00;177;Sem vítima;598,000;BR-324/BA;Crescente;Colisão traseira;2;0;0;0;0;0;0;0;0;0;0;0;0;0;0
18/04/2022;13:45:00;245;Com vítima;543,000;BR-324/BA;Crescente;Colisão transversal;1;0;0;1;0;0;0;0;0;0;0;0;1;1;0
18/04/2022;17:26:00;327;Sem vítima;605,000;BR-324/BA;Crescente;Acidentes de outra natureza;1;0;0;0;0;0;0;0;0;0;0;0;0;0;0
18/04/2022;19:14:00;359;Com vítima;451,000;BR-116/BA;Crescente;Atropelamento de pedestre;0;0;1;0;0;0;0;0;0;0;0;1;0;0;0
20/04/2022;07:03:00;81;Sem vítima;555,000;BR-324/BA;Decrescente;Saída de pista;1;0;0;0;0;0;0;0;0;0;0;0;0;0;0
20/04/2022;07:27:00;79;Sem vítima;584,000;BR-324/BA;Crescente;Saída de pista;0;0;0;0;0;0;0;0;0;1;0;0;0;0;0
20/04/2022;07:57:00;89;Sem vítima;520,000;BR-324/BA;Decrescente;Acidentes de outra natureza;3;0;0;0;0;0;0;0;0;1;0;0;0;0;0
20/04/2022;08:52:00;111;Sem vítima;520,000;BR-324/BA;Decrescente;Acidentes de outra natureza;3;0;0;0;0;0;0;0;0;0;0;0;0;0;0
20/04/2022;08:58:00;112;Sem vítima;614,000;BR-324/BA;Crescente;Acidentes de outra natureza;3;0;0;0;0;0;0;0;0;0;0;0;0;0;0
20/04/2022;14:57:00;244;Sem vítima;576,000;BR-324/BA;Decrescente;Engavetamento;1;0;0;0;0;0;0;0;0;0;0;0;0;0;0
22/04/2022;03:38:00;37;Sem vítima;625,000;BR-324/BA;Crescente;Saída de pista;1;0;0;0;0;0;0;0;0;0;0;0;0;0;0
22/04/2022;07:18:00;65;Sem vítima;619,000;BR-324/BA;Crescente;Colisão lateral no mesmo sentido;0;0;0;1;0;0;0;0;0;1;0;0;0;0;0
22/04/2022;13:37:00;174;Sem vítima;571,000;BR-324/BA;Decrescente;Colisão traseira;1;0;1;0;0;0;0;0;0;0;0;0;0;0;0
22/04/2022;16:45:00;237;Com vítima;545,000;BR-324/BA;Crescente;Colisão transversal;2;0;0;0;0;0;0;0;0;0;0;0;1;0;0
22/04/2022;21:04:00;302;Sem vítima;595,000;BR-324/BA;Crescente;Colisão traseira;1;0;1;0;0;0;0;0;0;0;0;0;0;0;0
22/04/2022;21:40:00;310;Com vítima;23,000;CONTORNO - VC/BA;Crescente;Atropelamento de pedestre;0;0;0;0;0;0;0;0;0;0;0;0;0;1;0
24/04/2022;05:27:00;52;Sem vítima;523,000;BR-324/BA;Decrescente;Saída de pista;1;0;0;0;0;0;0;0;0;0;0;0;0;0;0
24/04/2022;13:23:00;166;Com vítima;544,000;BR-324/BA;Decrescente;Atropelamento de pedestre;0;0;0;1;0;0;0;0;0;0;0;1;1;0;0
24/04/2022;15:47:00;208;Sem vítima;26,000;CONTORNO - VC/BA;Decrescente;Colisão traseira;2;0;0;0;0;0;0;0;0;0;0;0;0;0;0
24/04/2022;23:40:00;299;Com vítima;7,000;CONTORNO SUL  - FS/BA;Crescente;Acidentes de outra natureza;0;0;0;1;0;0;0;0;0;0;0;0;0;1;0
25/04/2022;06:37:00;58;Sem vítima;616,000;BR-324/BA;Decrescente;Colisão traseira;2;0;0;0;0;0;0;0;0;0;0;0;0;0;0
25/04/2022;10:36:00;164;Sem vítima;614,000;BR-324/BA;Crescente;Colisão traseira;1;0;0;0;0;0;0;0;0;1;0;0;0;0;0
25/04/2022;11:13:00;177;Sem vítima;607,000;BR-324/BA;Decrescente;Colisão traseira;1;0;1;0;0;0;0;0;0;0;0;0;0;0;0
25/04/2022;14:17:00;219;Com vítima;568,000;BR-324/BA;Crescente;Saída de pista;1;0;0;0;0;0;0;0;0;0;0;2;0;0;0
25/04/2022;15:19:00;242;Sem vítima;553,000;BR-324/BA;Crescente;Capotamento;0;0;1;0;0;0;0;0;0;0;0;0;0;0;0
25/04/2022;16:15:00;261;Com vítima;621,000;BR-324/BA;Decrescente;Acidentes de outra natureza;0;0;0;1;0;0;0;0;0;0;0;1;0;0;0
25/04/2022;19:08:00;308;Com vítima;14,000;CONTORNO - VC/BA;Crescente;Colisão traseira;0;0;0;1;0;0;0;0;0;1;0;1;0;0;0
26/04/2022;01:05:00;81;Com vítima;574,000;BR-324/BA;Decrescente;Colisão traseira;1;0;1;0;0;0;0;0;0;0;0;1;0;0;0
26/04/2022;08:22:00;82;Sem vítima;539,000;BR-324/BA;Crescente;Colisão lateral no mesmo sentido;1;0;0;0;0;0;0;0;0;0;0;0;0;0;0
26/04/2022;20:27:00;258;Sem vítima;576,000;BR-324/BA;Crescente;Atropelamento de animal;0;0;1;0;0;0;0;0;0;0;0;0;0;0;0
27/04/2022;05:21:00;44;Com vítima;28,000;CONTORNO - VC/BA;Decrescente;Atropelamento de animal;1;0;0;0;0;0;0;0;0;0;0;1;0;0;0
27/04/2022;07:09:00;57;Sem vítima;608,000;BR-324/BA;Decrescente;Colisão traseira;1;0;1;0;0;0;0;0;0;0;0;0;0;0;0
27/04/2022;07:48:00;67;Com vítima;525,000;BR-324/BA;Crescente;Colisão transversal;0;1;0;1;0;0;0;0;0;0;0;0;2;0;0
27/04/2022;08:25:00;81;Sem vítima;613,000;BR-324/BA;Crescente;Acidentes de outra natureza;2;0;0;0;0;0;0;0;0;1;0;0;0;0;0
27/04/2022;08:35:00;89;Sem vítima;585,000;BR-324/BA;Decrescente;Acidentes de outra natureza;2;0;0;0;0;0;0;0;0;1;0;0;0;0;0
27/04/2022;14:49:00;205;Sem vítima;537,000;BR-324/BA;Decrescente;Queda de moto;0;0;3;0;0;0;0;0;0;0;0;0;0;0;0