data;horario;n_da_ocorrencia;tipo_de_ocorrencia;km;trecho;sentido;tipo_de_acidente;automovel;bicicleta;caminhao;moto;onibus;outros;tracao_animal;transporte_de_cargas_especiais;trator_maquinas;utilitarios;ilesos;levemente_feridos;moderadamente_feridos;gravemente_feridos;mortos
27/04/2022;22:44:00;295;Sem vítima;606,000;BR-324/BA;Crescente;Acidentes de outra natureza;1;0;0;0;0;0;0;0;0;0;0;0;0;0;0
28/04/2022;05:27:00;51;Com vítima;613,000;BR-324/BA;Decrescente;Atropelamento de pedestre;0;0;1;0;0;0;0;0;0;0;0;0;0;0;1
28/04/2022;14:39:00;243;Sem vítima;441,000;BR-116/BA;Crescente;Saída de pista;0;0;1;0;0;0;0;0;0;0;0;0;0;0;0
28/04/2022;17:31:00;285;Sem vítima;551,000;BR-324/BA;Decrescente;Acidentes de outra natureza;1;0;0;0;0;0;0;0;0;0;0;0;0;0;0
28/04/2022;17:40:00;286;Com vítima;609,000;BR-324/BA;Crescente;Colisão lateral no mesmo sentido;1;0;0;1;0;0;0;0;0;0;0;0;1;0;0
28/04/2022;20:27:00;309;Sem vítima;572,000;BR-324/BA;Crescente;Saída de pista;0;0;1;0;0;0;0;0;0;0;0;0;0;0;0
29/04/2022;00:00:00;89;Sem vítima;14,000;CONTORNO - VC/BA;Crescente;Saída de pista;0;0;1;0;0;0;0;0;0;0;0;0;0;0;0
29/04/2022;02:30:00;14;Sem vítima;529,000;BR-324/BA;Crescente;Saída de pista;0;0;0;0;0;0;0;0;0;1;0;0;0;0;0
29/04/2022;05:45:00;40;Com vítima;619,000;BR-324/BA;Crescente;Colisão traseira;0;0;1;0;1;0;0;0;0;0;0;3;0;0;0
29/04/2022;06:54:00;52;Sem vítima;617,000;BR-324/BA;Crescente;Colisão lateral no mesmo sentido;0;0;0;1;0;0;0;0;0;1;0;0;0;0;0
29/04/2022;06:59:00;53;Com vítima;12,000;CONTORNO - VC/BA;Decrescente;Colisão transversal;0;0;0;2;0;0;0;0;0;0;0;0;1;0;0
29/04/2022;07:19:00;65;Sem vítima;624,000;BR-324/BA;Crescente;Acidentes de outra natureza;0;0;0;1;0;0;0;0;0;0;0;0;0;0;0
29/04/2022;12:05:00;177;Sem vítima;540,000;BR-324/BA;Decrescente;Saída de pista;1;0;0;0;0;0;0;0;0;0;0;0;0;0;0
29/04/2022;15:49:00;244;Sem vítima;589,000;BR-324/BA;Decrescente;Saída de pista;0;0;0;0;0;0;0;0;0;1;0;0;0;0;0
29/04/2022;21:37:00;304;Sem vítima;2,000;CONTORNO SUL  - FS/BA;Crescente;Colisão traseira;2;0;0;0;0;0;0;0;0;0;0;0;0;0;0
30/04/2022;00:00:00;134;Sem vítima;620,000;BR-324/BA;Crescente;Saída de pista;1;0;0;0;0;0;0;0;0;0;0;0;0;0;0
30/04/2022;05:44:00;44;Com vítima;546,000;BR-324/BA;Decrescente;Colisão traseira;1;0;1;0;0;0;0;0;0;0;0;1;0;0;0
30/04/2022;05:51:00;46;Com vítima;583,000;BR-324/BA;Decrescente;Atropelamento de ciclista;0;1;0;0;0;0;0;0;0;0;0;0;0;1;0
30/04/2022;07:36:00;69;Sem vítima;623,000;BR-324/BA;Crescente;Acidentes de outra natureza;0;0;0;1;0;0;0;0;0;0;0;0;0;0;0
30/04/2022;16:04:00;195;Com vítima;532,000;BR-324/BA;Decrescente;Acidentes de outra natureza;0;0;0;1;0;0;0;0;0;0;0;0;1;1;0
30/04/2022;20:15:00;252;Sem vítima;523,000;BR-324/BA;Decrescente;Colisão traseira;1;0;0;0;0;0;0;0;0;1;0;0;0;0;0
01/05/2022;00:40:00;10;Sem vítima;626,000;BR-324/BA;Crescente;Saída de pista;1;0;0;0;0;0;0;0;0;0;0;0;0;0;0
01/05/2022;11:58:00;104;Sem vítima;546,000;BR-324/BA;Decrescente;Saída de pista;1;0;0;0;0;0;0;0;0;0;0;0;0;0;0
02/05/2022;15:10:00;223;Sem vítima;573,000;BR-324/BA;Decrescente;Saída de pista;1;0;0;0;0;0;0;0;0;0;0;0;0;0;0
02/05/2022;15:19:00;229;Sem vítima;543,000;BR-324/BA;Crescente;Saída de pista;0;0;0;0;0;0;0;0;0;1;0;0;0;0;0
02/05/2022;18:06:00;263;Com vítima;775,000;BR-116/BA;Crescente;Colisão transversal;1;0;1;0;0;0;0;0;0;0;0;0;1;0;0
02/05/2022;18:22:00;267;Sem vítima;618,000;BR-324/BA;Crescente;Acidentes de outra natureza;3;0;0;0;0;0;0;0;0;0;0;0;0;0;0
03/05/2022;06:12:00;52;Sem vítima;586,000;BR-116/BA;Crescente;Saída de pista;1;0;0;0;0;0;0;0;0;0;0;0;0;0;0
03/05/2022;06:58:00;62;Sem vítima;603,000;BR-116/BA;Crescente;Saída de pista;1;0;0;0;0;0;0;0;0;0;0;0;0;0;0
03/05/2022;07:11:00;66;Com vítima;18,000;CONTORNO - VC/BA;Decrescente;Colisão traseira;1;1;0;0;0;0;0;0;0;0;0;1;0;0;0
03/05/2022;12:41:00;173;Com vítima;767,000;BR-116/BA;Decrescente;Saída de pista;0;0;1;0;0;0;0;0;0;0;0;0;1;0;0
03/05/2022;12:45:00;174;Sem vítima;564,000;BR-324/BA;Crescente;Saída de pista;0;0;0;0;0;0;0;0;0;1;0;0;0;0;0
03/05/2022;13:16:00;179;Sem vítima;492,000;BR-116/BA;Decrescente;Saída de pista;1;0;0;0;0;0;0;0;0;0;0;0;0;0;0
03/05/2022;14:33:00;202;Sem vítima;670,000;BR-116/BA;Decrescente;Colisão lateral no mesmo sentido;0;0;1;0;0;0;0;0;0;1;0;0;0;0;0
03/05/2022;17:22:00;253;Sem vítima;619,000;BR-324/BA;Crescente;Acidentes de outra natureza;2;0;0;0;0;0;0;0;0;0;0;0;0;0;0
03/05/2022;18:56:00;268;Sem vítima;612,000;BR-324/BA;Crescente;Acidentes de outra natureza;4;0;0;0;0;0;0;0;0;0;0;0;0;0;0
03/05/2022;20:54:00;295;Sem vítima;570,000;BR-324/BA;Decrescente;Engavetamento;1;0;0;0;0;0;0;0;0;0;0;0;0;0;0
03/05/2022;23:59:00;313;Sem vítima;581,000;BR-324/BA;Crescente;Colisão lateral no mesmo sentido;0;0;2;0;0;0;0;0;0;0;0;0;0;0;0
04/05/2022;01:10:00;10;Sem vítima;598,000;BR-116/BA;Crescente;Colisão lateral no mesmo sentido;0;0;2;0;0;0;0;0;0;0;0;0;0;0;0
04/05/2022;07:04:00;37;Sem vítima;621,000;BR-324/BA;Crescente;Colisão traseira;2;0;0;0;0;0;0;0;0;0;0;0;0;0;0
04/05/2022;10:02:00;125;Sem vítima;614,000;BR-324/BA;Crescente;Saída de pista;1;0;0;0;0;0;0;0;0;0;0;0;0;0;0
04/05/2022;11:18:00;143;Sem vítima;610,000;BR-324/BA;Crescente;Colisão lateral no mesmo sentido;1;0;1;0;0;0;0;0;0;0;0;0;0;0;0
04/05/2022;17:08:00;260;Sem vítima;5,000;526/BA;Decrescente;Colisão traseira;0;0;0;0;0;0;0;0;0;2;0;0;0;0;0
04/05/2022;18:55:00;290;Com vítima;616,000;BR-324/BA;Decrescente;Acidentes de outra natureza;0;0;0;1;0;0;0;0;0;0;0;1;0;0;0
05/05/2022;07:57:00;110;Sem vítima;555,000;BR-324/BA;Crescente;Saída de pista;1;0;0;0;0;0;0;0;0;0;0;0;0;0;0
05/05/2022;14:16:00;238;Com vítima;15,000;CONTORNO - VC/BA;Decrescente;Acidentes de outra natureza;0;0;2;1;0;0;0;0;0;1;0;2;0;0;0
05/05/2022;19:17:00;326;Com vítima;752,000;BR-116/BA;Decrescente;Atropelamento de pedestre;0;0;0;0;0;0;0;0;0;0;0;0;0;0;0
05/05/2022;21:17:00;350;Com vítima;2,000;CONTORNO SUL  - FS/BA;Crescente;Atropelamento de pedestre;1;0;0;0;0;0;0;0;0;0;0;0;0;1;0
05/05/2022;23:15:00;374;Com vítima;908,000;BR-116/BA;Crescente;Atropelamento de pedestre;0;0;0;0;0;0;0;0;0;0;0;0;0;1;0
06/05/2022;00:00:00;64;Sem vítima;848,000;BR-116/BA;Crescente;Colisão lateral no mesmo sentido;0;0;2;0;0;0;0;0;0;0;0;0;0;0;0
06/05/2022;05:46:00;40;Com vítima;817,000;BR-116/BA;Crescente;Colisão traseira;0;0;0;1;0;0;0;0;0;1;0;1;2;0;0
06/05/2022;07:05:00;56;Sem vítima;599,000;BR-324/BA;Decrescente;Saída de pista;1;0;0;0;0;0;0;0;0;0;0;0;0;0;0
06/05/2022;07:31:00;67;Com vítima;621,000;BR-324/BA;Crescente;Colisão traseira;1;0;0;1;0;0;0;0;0;0;0;1;1;0;0
06/05/2022;08:06:00;88;Sem vítima;623,000;BR-324/BA;Decrescente;Acidentes de outra natureza;3;0;0;0;0;0;0;0;0;0;0;0;0;0;0
06/05/2022;08:17:00;102;Com vítima;530,000;BR-324/BA;Decrescente;Acidentes de outra natureza;0;0;0;1;0;0;0;0;0;0;0;1;0;0;0
06/05/2022;10:54:00;153;Com vítima;625,000;BR-324/BA;Crescente;Acidentes de outra natureza;2;0;0;0;0;0;0;0;0;1;0;1;0;0;0
06/05/2022;12:19:00;168;Sem vítima;591,000;BR-116/BA;Crescente;Saída de pista;0;0;1;0;0;0;0;0;0;0;0;0;0;0;0
06/05/2022;15:00:00;225;Sem vítima;574,000;BR-324/BA;Decrescente;Saída de pista;1;0;0;0;0;0;0;0;0;0;0;0;0;0;0
06/05/2022;16:02:00;243;Sem vítima;585,000;BR-324/BA;Decrescente;Acidentes de outra natureza;2;0;0;0;0;0;0;0;0;1;0;0;0;0;0
06/05/2022;16:33:00;251;Sem vítima;562,000;BR-324/BA;Decrescente;Colisão traseira;0;0;2;0;0;0;0;0;0;0;0;0;0;0;0
06/05/2022;19:07:00;317;Sem vítima;615,000;BR-324/BA;Crescente;Acidentes de outra natureza;2;0;1;0;0;0;0;0;0;0;0;0;0;0;0
06/05/2022;19:12:00;277;Com vítima;607,000;BR-324/BA;Decrescente;Acidentes de outra natureza;0;0;0;1;0;0;0;0;0;0;0;1;0;0;0
06/05/2022;19:18:00;319;Sem vítima;520,000;BR-324/BA;Decrescente;Acidentes de outra natureza;1;0;1;0;0;0;0;0;0;1;0;0;0;0;0
06/05/2022;21:35:00;363;Sem vítima;460,000;BR-116/BA;Crescente;Colisão traseira;0;0;2;0;0;0;0;0;0;0;0;0;0;0;0
07/05/2022;01:46:00;49;Sem vítima;605,000;BR-324/BA;Decrescente;Saída de pista;0;0;0;0;0;0;0;0;0;1;0;0;0;0;0
07/05/2022;05:32:00;76;Com vítima;533,000;BR-324/BA;Decrescente;Colisão traseira;1;0;1;0;0;0;0;0;0;0;0;1;1;0;0
07/05/2022;10:38:00;163;Com vítima;570,000;BR-324/BA;Decrescente;Colisão traseira;1;0;0;1;0;0;0;0;0;0;0;1;0;1;0
07/05/2022;11:44:00;189;Sem vítima;574,000;BR-324/BA;Decrescente;Acidentes de outra natureza;4;0;0;0;0;0;0;0;0;0;0;0;0;0;0
07/05/2022;18:09:00;305;Sem vítima;11,000;CONTORNO - VC/BA;Crescente;Colisão lateral no mesmo sentido;1;0;0;1;0;0;0;0;0;0;0;0;0;0;0
07/05/2022;21:33:00;345;Sem vítima;828,000;BR-116/BA;Decrescente;Saída de pista;1;0;0;0;0;0;0;0;0;0;0;0;0;0;0
08/05/2022;05:12:00;56;Com vítima;815,000;BR-116/BA;Crescente;Colisão traseira;0;0;0;1;0;0;0;0;0;0;0;0;1;0;0
08/05/2022;07:52:00;93;Sem vítima;561,000;BR-324/BA;Decrescente;Acidentes de outra natureza;0;0;0;1;0;0;0;0;0;0;0;0;0;0;0
08/05/2022;08:37:00;104;Sem vítima;859,000;BR-116/BA;Crescente;Colisão traseira;1;0;0;0;0;0;0;0;0;0;0;0;0;0;0
08/05/2022;13:24:00;190;Sem vítima;553,000;BR-324/BA;Crescente;Saída de pista;1;0;0;0;0;0;0;0;0;0;0;0;0;0;0
08/05/2022;13:28:00;192;Sem vítima;530,000;BR-324/BA;Decrescente;Saída de pista;1;0;0;0;0;0;0;0;0;0;0;0;0;0;0
08/05/2022;15:58:00;239;Com vítima;450,000;BR-116/BA;Crescente;Acidentes de outra natureza;0;0;0;1;0;0;0;0;0;0;0;1;0;0;0
08/05/2022;16:35:00;248;Com vítima;583,000;BR-324/BA;Crescente;Colisão traseira;0;0;0;1;0;0;0;0;0;1;0;1;0;1;0
08/05/2022;17:47:00;282;Sem vítima;574,000;BR-324/BA;Crescente;Acidentes de outra natureza;3;0;0;0;0;0;0;0;0;0;0;0;0;0;0
08/05/2022;18:11:00;286;Sem vítima;578,000;BR-324/BA;Crescente;Colisão lateral no mesmo sentido;2;0;0;0;0;0;0;0;0;0;0;0;0;0;0
08/05/2022;18:58:00;302;Sem vítima;687,000;BR-116/BA;Decrescente;Colisão traseira;0;0;2;0;0;0;0;0;0;0;0;0;0;0;0
08/05/2022;20:14:00;314;Com vítima;530,000;BR-324/BA;Decrescente;Acidentes de outra natureza;0;0;0;1;0;0;0;0;0;0;0;0;1;0;0
08/05/2022;20:18:00;316;Sem vítima;591,000;BR-324/BA;Crescente;Colisão traseira;1;0;0;0;0;0;0;0;0;0;0;0;0;0;0
09/05/2022;05:20:00;47;Sem vítima;601,000;BR-324/BA;Crescente;Saída de pista;0;0;0;0;0;0;0;0;0;1;0;0;0;0;0
09/05/2022;06:33:00;70;Com vítima;436,000;BR-116/BA;Decrescente;Colisão traseira;1;0;1;0;0;0;0;0;0;0;0;1;0;0;0
09/05/2022;06:46:00;73;Sem vítima;621,000;BR-324/BA;Crescente;Colisão traseira;1;0;0;0;0;0;0;0;0;0;0;0;0;0;0
09/05/2022;06:52:00;75;Sem vítima;591,000;BR-324/BA;Crescente;Acidentes de outra natureza;4;0;0;0;0;0;0;0;0;1;0;0;0;0;0
09/05/2022;08:31:00;112;Sem vítima;618,000;BR-324/BA;Crescente;Colisão lateral no mesmo sentido;1;0;0;1;0;0;0;0;0;0;0;0;0;0;0
09/05/2022;09:13:00;124;Com vítima;600,000;BR-324/BA;Crescente;Saída de pista;1;0;0;0;0;0;0;0;0;0;0;0;1;0;0
09/05/2022;10:47:00;158;Sem vítima;605,000;BR-324/BA;Crescente;Colisão traseira;2;0;0;0;0;0;0;0;0;0;0;0;0;0;0
10/05/2022;11:29:00;404;Sem vítima;599,000;BR-324/BA;Crescente;Colisão traseira;1;0;0;0;0;0;0;0;0;1;0;0;0;0;0
10/05/2022;11:42:00;416;Sem vítima;766,000;BR-116/BA;Crescente;Colisão traseira;0;0;0;0;0;1;0;0;0;2;0;0;0;0;0
10/05/2022;14:18:00;499;Sem vítima;545,000;BR-324/BA;Decrescente;Colisão lateral no mesmo sentido;1;0;0;0;0;0;0;0;0;0;0;0;0;0;0
10/05/2022;18:05:00;639;Com vítima;459,000;BR-116/BA;Crescente;Atropelamento de pedestre;0;0;1;1;0;0;0;0;0;0;0;0;2;2;0
10/05/2022;20:47:00;722;Sem vítima;621,000;BR-324/BA;Decrescente;Saída de pista;1;0;0;0;0;0;0;0;0;0;0;0;0;0;0
10/05/2022;22:42:00;775;Sem vítima;856,000;BR-116/BA;Decrescente;Saída de pista;0;0;1;0;0;0;0;0;0;0;0;0;0;0;0
11/05/2022;06:44:00;141;Sem vítima;620,000;BR-324/BA;Crescente;Acidentes de outra natureza;4;0;0;0;0;0;0;0;0;0;0;0;0;0;0
11/05/2022;07:37:00;174;Com vítima;442,000;BR-116/BA;Crescente;Acidentes de outra natureza;0;0;0;1;0;0;0;0;0;0;0;2;0;0;0
11/05/2022;18:00:00;476;Sem vítima;518,000;BR-324/BA;Decrescente;Colisão traseira;0;0;2;0;0;0;0;0;0;0;0;0;0;0;0
11/05/2022;18:22:00;481;Sem vítima;519,000;BR-324/BA;Decrescente;Colisão traseira;2;0;0;0;0;0;0;0;0;0;0;0;0;0;0
11/05/2022;19:37:00;489;Com vítima;616,000;BR-324/BA;Crescente;Acidentes de outra natureza;0;0;0;1;0;0;0;0;0;0;0;1;1;0;0
12/05/2022;09:20:00;230;Com vítima;673,000;BR-116/BA;Decrescente;Acidentes de outra natureza;0;0;0;1;0;0;0;0;0;0;0;0;1;0;0
12/05/2022;10:44:00;284;Com vítima;14,000;CONTORNO - VC/BA;Decrescente;Acidentes de outra natureza;0;0;0;1;0;0;0;0;0;0;0;1;0;0;0
13/05/2022;01:37:00;57;Com vítima;586,000;BR-324/BA;Crescente;Acidentes de outra natureza;0;0;0;1;0;0;0;0;0;0;0;1;0;0;0
13/05/2022;04:36:00;96;Com vítima;614,000;BR-324/BA;Decrescente;Saída de pista;1;0;0;0;0;0;0;0;0;0;0;0;1;0;0
13/05/2022;11:21:00;299;Sem vítima;572,000;BR-324/BA;Decrescente;Capotamento;0;0;1;0;0;0;0;0;0;0;0;0;0;0;0
13/05/2022;11:46:00;303;Sem vítima;572,000;BR-324/BA;Decrescente;Colisão lateral no mesmo sentido;1;0;1;0;0;0;0;0;0;0;0;0;0;0;0
14/05/2022;21:58:00;486;Sem vítima;530,000;BR-324/BA;Decrescente;Saída de pista;1;0;0;0;0;0;0;0;0;0;0;0;0;0;0
15/05/2022;06:22:00;141;Com vítima;636,000;BR-116/BA;Crescente;Colisão transversal;0;0;1;1;0;0;0;0;0;0;0;0;1;0;0
15/05/2022;06:58:00;152;Sem vítima;701,000;BR-116/BA;Crescente;Choque;1;0;0;0;0;0;0;0;0;0;0;0;0;0;0
15/05/2022;07:44:00;162;Sem vítima;601,000;BR-116/BA;Decrescente;Saída de pista;0;0;1;0;0;0;0;0;0;0;0;0;0;0;0
15/05/2022;12:06:00;266;Sem vítima;701,000;BR-116/BA;Crescente;Saída de pista;1;0;0;0;0;0;0;0;0;0;0;0;0;0;0
15/05/2022;13:04:00;284;Sem vítima;736,000;BR-116/BA;Decrescente;Saída de pista;1;0;0;0;0;0;0;0;0;0;0;0;0;0;0
15/05/2022;15:21:00;345;Com vítima;909,000;BR-116/BA;Crescente;Colisão traseira;0;0;2;0;0;0;0;0;0;0;0;2;0;0;0
15/05/2022;20:27:00;439;Com vítima;537,000;BR-324/BA;Crescente;Colisão traseira;0;0;0;1;0;0;0;0;0;0;0;0;1;0;0
15/05/2022;21:14:00;474;Sem vítima;14,000;CONTORNO - VC/BA;Decrescente;Colisão traseira;2;0;0;0;0;0;0;0;0;0;0;0;0;0;0
16/05/2022;08:58:00;206;Sem vítima;613,000;BR-324/BA;Crescente;Colisão lateral no mesmo sentido;0;0;1;0;0;0;0;0;0;1;0;0;0;0;0
16/05/2022;17:51:00;455;Com vítima;560,000;BR-324/BA;Decrescente;Colisão transversal;2;0;0;0;0;1;0;0;0;0;0;0;5;0;0
17/05/2022;14:08:00;291;Com vítima;556,000;BR-324/BA;Decrescente;Saída de pista;1;0;0;0;0;0;0;0;0;0;0;0;1;0;0
17/05/2022;14:41:00;335;Com vítima;543,000;BR-324/BA;Decrescente;Acidentes de outra natureza;0;0;0;1;0;0;0;0;0;0;0;1;0;0;0
17/05/2022;17:42:00;425;Sem vítima;613,000;BR-324/BA;Crescente;Colisão traseira;1;0;1;0;0;0;0;0;0;0;0;0;0;0;0
17/05/2022;21:58:00;504;Com vítima;5,000;526/BA;Crescente;Atropelamento de animal;0;0;0;1;0;0;0;0;0;0;0;0;1;0;0
18/05/2022;10:02:00;225;Com vítima;459,000;BR-116/BA;Decrescente;Colisão lateral no mesmo sentido;1;0;0;1;0;0;0;0;0;0;0;2;0;0;0
18/05/2022;15:47:00;361;Com vítima;599,000;BR-324/BA;Decrescente;Colisão traseira;1;0;1;0;0;0;0;0;0;0;0;0;1;0;0
18/05/2022;16:39:00;368;Sem vítima;560,000;BR-324/BA;Crescente;Colisão traseira;0;0;0;0;0;0;0;0;0;1;0;0;0;0;0
18/05/2022;20:20:00;471;Com vítima;702,000;BR-116/BA;Crescente;Acidentes de outra natureza;0;0;0;1;0;0;0;0;0;0;0;0;2;0;0
18/05/2022;23:48:00;501;Sem vítima;530,000;BR-324/BA;Decrescente;Saída de pista;0;0;0;0;0;0;0;0;0;1;0;0;0;0;0
19/05/2022;06:17:00;135;Com vítima;750,000;BR-116/BA;Decrescente;Acidentes de outra natureza;0;0;0;1;0;0;0;0;0;0;0;1;0;0;0
19/05/2022;07:03:00;143;Com vítima;3,000;CONTORNO - VC/BA;Crescente;Colisão lateral no mesmo sentido;0;0;0;1;0;0;0;0;0;0;0;1;0;0;0
19/05/2022;07:25:00;157;Com vítima;616,000;BR-324/BA;Decrescente;Acidentes de outra natureza;2;0;0;1;0;0;0;0;0;0;0;1;1;0;0
19/05/2022;10:14:00;270;Sem vítima;608,000;BR-324/BA;Crescente;Colisão traseira;2;0;0;0;0;0;0;0;0;0;0;0;0;0;0
19/05/2022;10:17:00;273;Com vítima;756,000;BR-116/BA;Decrescente;Acidentes de outra natureza;0;1;0;0;0;0;0;0;0;0;0;1;0;0;0
19/05/2022;10:23:00;274;Sem vítima;580,000;BR-116/BA;Crescente;Colisão traseira;1;0;0;0;0;0;0;0;0;0;0;0;0;0;0
19/05/2022;19:35:00;491;Com vítima;633,000;BR-116/BA;Decrescente;Colisão transversal;1;0;0;1;0;0;0;0;0;0;0;0;0;1;0
20/05/2022;03:01:00;66;Com vítima;598,000;BR-116/BA;Crescente;Colisão traseira;0;0;1;0;0;1;0;0;0;0;0;0;0;0;1
20/05/2022;03:40:00;99;Sem vítima;861,000;BR-116/BA;Decrescente;Saída de pista;0;0;1;0;0;0;0;0;0;0;0;0;0;0;0
20/05/2022;06:09:00;139;Sem vítima;551,000;BR-324/BA;Crescente;Colisão traseira;1;0;1;0;0;0;0;0;0;0;0;0;0;0;0
20/05/2022;10:50:00;280;Sem vítima;625,000;BR-324/BA;Decrescente;Colisão traseira;2;0;0;0;0;0;0;0;0;0;0;0;0;0;0
20/05/2022;11:46:00;294;Sem vítima;588,000;BR-324/BA;Decrescente;Colisão traseira;0;0;2;0;0;0;0;0;0;0;0;0;0;0;0
20/05/2022;15:27:00;405;Sem vítima;594,000;BR-324/BA;Decrescente;Acidentes de outra natureza;3;0;0;0;0;0;0;0;0;0;0;0;0;0;0
20/05/2022;16:35:00;420;Sem vítima;614,000;BR-116/BA;Decrescente;Colisão lateral no mesmo sentido;1;0;0;0;0;0;0;0;0;0;0;0;0;0;0
21/05/2022;08:16:00;190;Sem vítima;523,000;BR-324/BA;Decrescente;Colisão lateral no mesmo sentido;1;0;1;0;0;0;0;0;0;0;0;0;0;0;0
21/05/2022;08:57:00;199;Sem vítima;622,000;BR-324/BA;Decrescente;Colisão frontal;1;0;0;0;1;0;0;0;0;0;0;0;0;0;0
21/05/2022;11:46:00;277;Sem vítima;574,000;BR-324/BA;Decrescente;Saída de pista;1;0;0;0;0;0;0;0;0;0;0;0;0;0;0
21/05/2022;12:40:00;314;Sem vítima;8,000;CONTORNO - VC/BA;Crescente;Colisão traseira;1;0;0;0;0;0;0;0;0;1;0;0;0;0;0
22/05/2022;03:25:00;95;Com vítima;572,000;BR-116/BA;Crescente;Acidentes de outra natureza;0;0;0;1;0;0;0;0;0;0;0;0;0;0;1
22/05/2022;04:40:00;97;Com vítima;607,000;BR-324/BA;Decrescente;Acidentes de outra natureza;0;0;0;1;0;0;0;0;0;0;0;0;0;1;0
22/05/2022;11:13:00;226;Sem vítima;687,000;BR-116/BA;Decrescente;Colisão traseira;0;0;2;0;0;0;0;0;0;0;0;0;0;0;0
22/05/2022;17:10:00;345;Sem vítima;25,000;CONTORNO - VC/BA;Decrescente;Colisão lateral no mesmo sentido;1;0;0;0;0;0;0;0;0;1;0;0;0;0;0
22/05/2022;19:21:00;389;Com vítima;24,000;CONTORNO - VC/BA;Decrescente;Atropelamento de ciclista;0;1;0;0;0;0;0;0;0;0;0;0;0;1;0
22/05/2022;19:32:00;392;Sem vítima;622,000;BR-324/BA;Crescente;Choque;1;0;0;0;0;0;0;0;0;0;0;0;0;0;0
22/05/2022;19:39:00;394;Sem vítima;836,000;BR-116/BA;Decrescente;Colisão lateral no mesmo sentido;0;0;1;0;0;0;0;0;0;1;0;0;0;0;0
23/05/2022;07:18:00;145;Sem vítima;611,000;BR-324/BA;Crescente;Acidentes de outra natureza;4;0;0;0;0;0;0;0;0;0;0;0;0;0;0
23/05/2022;07:31:00;150;Sem vítima;610,000;BR-324/BA;Crescente;Colisão traseira;2;0;0;0;0;0;0;0;0;0;0;0;0;0;0
23/05/2022;07:48:00;163;Sem vítima;611,000;BR-324/BA;Decrescente;Colisão traseira;2;0;0;0;0;0;0;0;0;0;0;0;0;0;0
23/05/2022;08:01:00;169;Com vítima;814,000;BR-116/BA;Crescente;Colisão traseira;0;0;0;1;0;0;0;0;0;0;0;1;0;0;0
23/05/2022;10:40:00;274;Com vítima;556,000;BR-116/BA;Crescente;Colisão lateral no mesmo sentido;0;0;2;0;0;0;0;0;0;0;0;0;1;0;0
23/05/2022;18:13:00;467;Sem vítima;534,000;BR-324/BA;Decrescente;Colisão lateral no mesmo sentido;1;0;0;0;0;0;0;0;0;0;0;0;0;0;0
24/05/2022;07:53:00;171;Sem vítima;620,000;BR-324/BA;Crescente;Colisão traseira;2;0;0;0;0;0;0;0;0;0;0;0;0;0;0
24/05/2022;16:14:00;388;Sem vítima;600,000;BR-324/BA;Decrescente;Colisão lateral no mesmo sentido;1;0;1;0;0;0;0;0;0;0;0;0;0;0;0
24/05/2022;18:36:00;466;Sem vítima;16,000;CONTORNO - VC/BA;Crescente;Colisão traseira;1;0;0;1;0;0;0;0;0;0;0;0;0;0;0
24/05/2022;21:21:00;518;Sem vítima;461,000;BR-116/BA;Decrescente;Colisão lateral no mesmo sentido;0;0;0;1;0;0;0;0;0;1;0;0;0;0;0
25/05/2022;07:22:00;122;Sem vítima;555,000;BR-324/BA;Crescente;Saída de pista;1;0;0;0;0;0;0;0;0;0;0;0;0;0;0
25/05/2022;08:40:00;169;Sem vítima;0,000;CONTORNO SUL  - FS/BA;Crescente;Colisão lateral no mesmo sentido;0;0;1;0;0;0;0;0;0;1;0;0;0;0;0
25/05/2022;09:14:00;190;Sem vítima;519,000;BR-324/BA;Decrescente;Colisão lateral no mesmo sentido;1;0;1;0;0;0;0;0;0;0;0;0;0;0;0
25/05/2022;18:09:00;406;Sem vítima;521,000;BR-324/BA;Decrescente;Acidentes de outra natureza;4;0;0;0;0;0;0;0;0;0;0;0;0;0;0
26/05/2022;02:57:00;28;Com vítima;453,000;BR-116/BA;Decrescente;Atropelamento de pedestre;0;0;0;0;0;0;0;0;0;0;0;0;1;0;0
26/05/2022;16:36:00;317;Sem vítima;621,000;BR-324/BA;Decrescente;Acidentes de outra natureza;2;0;0;0;0;0;0;0;0;0;0;0;0;0;0
26/05/2022;16:55:00;323;Com vítima;617,000;BR-116/BA;Crescente;Colisão traseira;0;0;2;0;0;0;0;0;0;0;0;1;0;0;0
26/05/2022;21:29:00;413;Sem vítima;667,000;BR-116/BA;Decrescente;Colisão lateral no mesmo sentido;0;0;1;0;0;0;0;0;0;0;0;0;0;0;0
27/05/2022;07:08:00;150;Sem vítima;571,000;BR-116/BA;Decrescente;Colisão lateral no mesmo sentido;0;0;2;0;0;0;0;0;0;0;0;0;0;0;0
27/05/2022;07:42:00;158;Com vítima;623,000;BR-324/BA;Decrescente;Acidentes de outra natureza;7;0;0;0;0;0;0;0;0;0;0;1;0;0;0