data;horario;n_da_ocorrencia;tipo_de_ocorrencia;km;trecho;sentido;tipo_de_acidente;automovel;bicicleta;caminhao;moto;onibus;outros;tracao_animal;transporte_de_cargas_especiais;trator_maquinas;utilitarios;ilesos;levemente_feridos;moderadamente_feridos;gravemente_feridos;mortos
27/05/2022;08:32:00;190;Com vítima;624,000;BR-324/BA;Decrescente;Colisão lateral no mesmo sentido;1;0;0;1;0;0;0;0;0;0;0;1;1;0;0
27/05/2022;11:23:00;277;Sem vítima;570,000;BR-324/BA;Decrescente;Saída de pista;0;0;1;0;0;0;0;0;0;0;0;0;0;0;0
27/05/2022;11:48:00;302;Sem vítima;574,000;BR-324/BA;Crescente;Saída de pista;0;0;1;0;0;0;0;0;0;0;0;0;0;0;0
27/05/2022;12:13:00;303;Com vítima;11,000;CONTORNO - VC/BA;Decrescente;Colisão transversal;1;0;0;1;0;0;0;0;0;0;0;0;0;1;0
27/05/2022;12:28:00;307;Sem vítima;561,000;BR-324/BA;Decrescente;Colisão lateral no mesmo sentido;1;0;0;0;0;0;0;0;0;1;0;0;0;0;0
27/05/2022;16:19:00;404;Sem vítima;876,000;BR-116/BA;Crescente;Colisão transversal;0;0;2;0;0;0;0;0;0;0;0;0;0;0;0
27/05/2022;19:17:00;466;Com vítima;550,000;BR-324/BA;Decrescente;Colisão traseira;0;0;0;1;0;0;0;0;0;1;0;1;0;0;0
28/05/2022;05:44:00;133;Com vítima;661,000;BR-116/BA;Crescente;Colisão traseira;1;0;0;0;0;0;0;0;0;1;0;1;0;0;0
28/05/2022;17:00:00;320;Sem vítima;18,000;CONTORNO - VC/BA;Crescente;Colisão transversal;0;0;1;0;0;0;0;0;0;0;0;0;0;0;0
28/05/2022;19:03:00;366;Sem vítima;694,000;BR-116/BA;Decrescente;Saída de pista;0;0;1;0;0;0;0;0;0;0;0;0;0;0;0
29/05/2022;08:22:00;150;Sem vítima;665,000;BR-116/BA;Crescente;Colisão traseira;1;0;1;0;0;0;0;0;0;0;0;0;0;0;0
29/05/2022;13:48:00;253;Sem vítima;620,000;BR-324/BA;Crescente;Acidentes de outra natureza;0;0;0;1;0;0;0;0;0;0;0;0;0;0;0
29/05/2022;14:46:00;297;Com vítima;546,000;BR-116/BA;Crescente;Colisão traseira;1;0;0;1;0;0;0;0;0;0;0;1;0;0;0
29/05/2022;15:53:00;305;Sem vítima;800,000;BR-116/BA;Crescente;Acidentes de outra natureza;0;0;0;1;0;0;0;0;0;0;0;0;0;0;0
29/05/2022;18:57:00;360;Com vítima;551,000;BR-324/BA;Decrescente;Colisão traseira;1;0;0;0;0;0;0;0;0;1;0;2;3;0;0
30/05/2022;11:26:00;277;Sem vítima;588,000;BR-324/BA;Decrescente;Saída de pista;0;0;0;0;0;0;0;0;0;1;0;0;0;0;0
30/05/2022;13:49:00;343;Com vítima;28,000;CONTORNO - VC/BA;Crescente;Colisão lateral no mesmo sentido;0;0;0;1;0;0;0;0;0;0;0;1;0;0;0
30/05/2022;15:39:00;399;Sem vítima;608,000;BR-324/BA;Crescente;Saída de pista;1;0;0;0;0;0;0;0;0;0;0;0;0;0;0
30/05/2022;15:39:00;400;Com vítima;593,000;BR-324/BA;Crescente;Saída de pista;1;0;0;0;0;0;0;0;0;0;0;1;0;0;0
30/05/2022;15:40:00;401;Sem vítima;526,000;BR-324/BA;Crescente;Colisão traseira;1;0;0;0;0;0;0;0;0;0;0;0;0;0;0
30/05/2022;15:58:00;327;Sem vítima;530,000;BR-324/BA;Decrescente;Saída de pista;1;0;0;0;0;0;0;0;0;0;0;0;0;0;0
30/05/2022;18:03:00;421;Sem vítima;633,000;BR-116/BA;Crescente;Colisão transversal;0;0;1;0;0;0;0;0;0;1;0;0;0;0;0
30/05/2022;18:26:00;423;Sem vítima;571,000;BR-324/BA;Decrescente;Saída de pista;1;0;0;0;0;0;0;0;0;0;0;0;0;0;0
30/05/2022;19:17:00;460;Com vítima;529,000;BR-324/BA;Crescente;Atropelamento de pedestre;0;0;0;0;0;0;0;0;0;0;0;0;0;0;0
30/05/2022;23:00:00;487;Sem vítima;579,000;BR-324/BA;Crescente;Saída de pista;1;0;0;0;0;0;0;0;0;0;0;0;0;0;0
31/05/2022;07:14:00;154;Sem vítima;667,000;BR-116/BA;Crescente;Acidentes de outra natureza;0;0;0;1;0;0;0;0;0;0;0;0;0;0;0
31/05/2022;07:43:00;167;Sem vítima;618,000;BR-324/BA;Crescente;Colisão lateral no mesmo sentido;1;0;1;0;0;0;0;0;0;0;0;0;0;0;0
31/05/2022;07:46:00;169;Sem vítima;547,000;BR-324/BA;Decrescente;Colisão lateral no mesmo sentido;1;0;1;0;0;0;0;0;0;0;0;0;0;0;0
31/05/2022;10:54:00;277;Sem vítima;623,000;BR-324/BA;Decrescente;Colisão traseira;2;0;0;0;0;0;0;0;0;0;0;0;0;0;0
31/05/2022;17:15:00;415;Sem vítima;530,000;BR-324/BA;Decrescente;Colisão traseira;1;0;0;0;0;0;0;0;0;1;0;0;0;0;0
31/05/2022;18:44:00;463;Com vítima;778,000;BR-116/BA;Crescente;Colisão transversal;0;0;0;1;0;0;0;0;0;0;0;0;2;0;0
31/05/2022;19:13:00;473;Sem vítima;620,000;BR-116/BA;Decrescente;Saída de pista;0;0;2;0;0;0;0;0;0;0;0;0;0;0;0
31/05/2022;20:07:00;483;Com vítima;650,000;BR-116/BA;Crescente;Colisão traseira;1;0;1;0;0;0;0;0;0;0;0;3;0;0;0
01/06/2022;06:53:00;97;Sem vítima;620,000;BR-324/BA;Crescente;Acidentes de outra natureza;3;0;0;1;0;0;0;0;0;1;0;0;0;0;0
01/06/2022;16:06:00;320;Sem vítima;790,000;BR-116/BA;Crescente;Engavetamento;0;0;1;0;0;0;0;0;0;0;0;0;0;0;0
01/06/2022;16:47:00;332;Com vítima;11,000;CONTORNO - VC/BA;Decrescente;Acidentes de outra natureza;0;0;0;1;0;0;0;0;0;0;0;1;0;0;0
01/06/2022;16:55:00;335;Sem vítima;523,000;BR-324/BA;Decrescente;Colisão lateral no mesmo sentido;1;0;1;0;0;0;0;0;0;0;0;0;0;0;0
01/06/2022;19:00:00;384;Com vítima;9,000;CONTORNO - VC/BA;Crescente;Atropelamento de ciclista;1;1;0;0;0;0;0;0;0;0;0;0;0;0;1
01/06/2022;21:35:00;435;Com vítima;808,000;BR-116/BA;Decrescente;Atropelamento de animal;1;0;0;0;0;0;0;0;0;0;0;0;1;0;0
02/06/2022;06:08:00;96;Sem vítima;716,000;BR-116/BA;Crescente;Saída de pista;0;0;1;0;0;0;0;0;0;0;0;0;0;0;0
02/06/2022;11:18:00;251;Com vítima;491,000;BR-116/BA;Crescente;Colisão traseira;0;0;2;0;0;0;0;0;0;0;0;0;3;0;0
02/06/2022;11:56:00;234;Com vítima;491,000;BR-116/BA;Crescente;Capotamento;0;0;1;0;0;0;0;0;0;0;0;0;1;0;0
02/06/2022;14:22:00;283;Sem vítima;543,000;BR-324/BA;Decrescente;Colisão lateral no mesmo sentido;1;0;0;1;0;0;0;0;0;0;0;0;0;0;0
02/06/2022;19:02:00;389;Com vítima;458,000;BR-116/BA;Crescente;Colisão traseira;0;0;0;0;0;0;0;0;0;1;0;1;0;0;0
02/06/2022;19:08:00;390;Com vítima;584,000;BR-324/BA;Crescente;Queda de moto;1;0;0;1;0;0;0;0;0;0;0;0;1;0;0
03/06/2022;05:15:00;75;Sem vítima;444,000;BR-116/BA;Decrescente;Colisão traseira;0;0;1;0;0;0;0;0;0;1;0;0;0;0;0
03/06/2022;06:11:00;106;Com vítima;523,000;BR-324/BA;Decrescente;Colisão traseira;0;0;2;1;0;0;0;0;0;0;0;1;0;0;0
03/06/2022;08:02:00;129;Sem vítima;459,000;BR-116/BA;Decrescente;Saída de pista;1;0;0;0;0;0;0;0;0;0;0;0;0;0;0
03/06/2022;09:13:00;192;Sem vítima;618,000;BR-324/BA;Crescente;Acidentes de outra natureza;0;0;0;1;0;0;0;0;0;0;0;0;0;0;0
03/06/2022;13:18:00;299;Com vítima;481,000;BR-116/BA;Crescente;Engavetamento;1;0;0;0;0;0;0;0;0;0;0;4;3;0;0
03/06/2022;16:04:00;379;Sem vítima;440,000;BR-116/BA;Crescente;Saída de pista;1;0;0;0;0;0;0;0;0;0;0;0;0;0;0
03/06/2022;16:32:00;389;Com vítima;621,000;BR-324/BA;Crescente;Colisão traseira;1;0;0;0;1;0;0;0;0;0;0;2;0;0;0
03/06/2022;18:06:00;449;Com vítima;617,000;BR-324/BA;Crescente;Colisão lateral no mesmo sentido;1;0;0;1;0;0;0;0;0;0;0;0;1;0;0
03/06/2022;18:57:00;457;Com vítima;512,000;BR-116/BA;Crescente;Atropelamento de pedestre;0;0;0;0;0;0;0;0;0;0;0;0;0;0;1
03/06/2022;19:03:00;459;Sem vítima;625,000;BR-324/BA;Decrescente;Colisão traseira;1;0;0;0;0;0;0;0;0;1;0;0;0;0;0
04/06/2022;00:00:00;464;Sem vítima;462,000;BR-116/BA;Crescente;Atropelamento de animal;0;0;0;0;0;0;0;0;0;1;0;0;0;0;0
04/06/2022;03:10:00;96;Sem vítima;776,000;BR-116/BA;Crescente;Colisão traseira;0;0;0;0;0;0;0;0;0;0;0;0;0;0;0
04/06/2022;05:28:00;139;Sem vítima;732,000;BR-116/BA;Decrescente;Engavetamento;1;0;0;0;0;0;0;0;0;0;0;0;0;0;0
04/06/2022;07:02:00;150;Sem vítima;733,000;BR-116/BA;Decrescente;Colisão traseira;0;0;2;0;0;0;0;0;0;0;0;0;0;0;0
04/06/2022;07:31:00;154;Sem vítima;894,000;BR-116/BA;Crescente;Saída de pista;0;0;1;0;0;0;0;0;0;0;0;0;0;0;0
04/06/2022;08:46:00;199;Sem vítima;565,000;BR-324/BA;Decrescente;Saída de pista;1;0;0;0;0;0;0;0;0;0;0;0;0;0;0
04/06/2022;12:23:00;283;Com vítima;559,000;BR-116/BA;Crescente;Saída de pista;0;0;1;0;0;0;0;0;0;0;0;1;0;0;0
04/06/2022;18:38:00;400;Com vítima;817,000;BR-116/BA;Crescente;Colisão transversal;0;0;0;2;0;0;0;0;0;0;0;1;1;0;0
04/06/2022;20:40:00;457;Sem vítima;684,000;BR-116/BA;Crescente;Saída de pista;0;0;1;0;0;0;0;0;0;0;0;0;0;0;0
05/06/2022;02:52:00;41;Sem vítima;535,000;BR-116/BA;Crescente;Saída de pista;1;0;0;0;0;0;0;0;0;0;0;0;0;0;0
05/06/2022;06:25:00;117;Sem vítima;596,000;BR-324/BA;Crescente;Saída de pista;1;0;0;0;0;0;0;0;0;0;0;0;0;0;0
05/06/2022;07:05:00;126;Sem vítima;719,000;BR-116/BA;Crescente;Saída de pista;1;0;0;0;0;0;0;0;0;0;0;0;0;0;0
05/06/2022;08:10:00;141;Sem vítima;529,000;BR-324/BA;Decrescente;Colisão lateral no mesmo sentido;0;0;1;0;0;0;0;0;0;1;0;0;0;0;0
05/06/2022;21:54:00;422;Com vítima;4,000;CONTORNO SUL  - FS/BA;Crescente;Colisão traseira;0;0;0;0;0;0;0;0;0;0;0;0;0;0;0
06/06/2022;00:00:00;121;Sem vítima;620,000;BR-324/BA;Crescente;Acidentes de outra natureza;3;0;0;0;0;0;0;0;0;0;0;0;0;0;0
06/06/2022;05:12:00;73;Com vítima;583,000;BR-324/BA;Decrescente;Atropelamento de animal;1;0;0;0;0;1;0;0;0;0;0;0;1;0;0
06/06/2022;06:55:00;116;Sem vítima;622,000;BR-324/BA;Decrescente;Acidentes de outra natureza;3;0;0;0;0;0;0;0;0;0;0;0;0;0;0
06/06/2022;07:10:00;118;Com vítima;620,000;BR-324/BA;Decrescente;Atropelamento de pedestre;0;0;0;1;0;0;0;0;0;0;0;1;0;0;0
06/06/2022;07:38:00;122;Sem vítima;841,000;BR-116/BA;Decrescente;Acidentes de outra natureza;0;0;0;1;0;0;0;0;0;0;0;0;0;0;0
06/06/2022;07:49:00;126;Sem vítima;591,000;BR-324/BA;Crescente;Saída de pista;1;0;0;0;0;0;0;0;0;0;0;0;0;0;0
06/06/2022;08:41:00;148;Com vítima;15,000;CONTORNO - VC/BA;Crescente;Colisão frontal;0;0;0;2;0;0;0;0;0;0;0;1;0;0;0
06/06/2022;08:52:00;155;Sem vítima;616,000;BR-324/BA;Decrescente;Acidentes de outra natureza;2;0;0;0;0;0;0;0;0;1;0;0;0;0;0
06/06/2022;09:07:00;165;Sem vítima;433,000;BR-116/BA;Decrescente;Choque;1;0;0;0;0;0;0;0;0;0;0;0;0;0;0
06/06/2022;09:15:00;166;Com vítima;543,000;BR-324/BA;Decrescente;Saída de pista;1;0;0;0;0;0;0;0;0;0;0;1;0;0;0
06/06/2022;09:23:00;168;Sem vítima;543,000;BR-324/BA;Crescente;Saída de pista;1;0;0;0;0;0;0;0;0;0;0;0;0;0;0
06/06/2022;12:20:00;258;Sem vítima;922,000;BR-116/BA;Decrescente;Saída de pista;0;0;1;0;0;0;0;0;0;0;0;0;0;0;0
06/06/2022;13:57:00;302;Sem vítima;741,000;BR-116/BA;Decrescente;Capotamento;0;0;1;0;0;0;0;0;0;0;0;0;0;0;0
06/06/2022;17:52:00;426;Com vítima;783,000;BR-116/BA;Crescente;Colisão transversal;0;0;0;1;0;0;0;0;0;0;0;1;0;0;0
06/06/2022;19:11:00;448;Com vítima;593,000;BR-324/BA;Crescente;Saída de pista;1;0;0;0;0;0;0;0;0;0;0;0;0;1;0
06/06/2022;21:25:00;496;Sem vítima;622,000;BR-324/BA;Crescente;Colisão traseira;2;0;0;0;0;0;0;0;0;0;0;0;0;0;0
06/06/2022;22:38:00;508;Sem vítima;564,000;BR-324/BA;Crescente;Saída de pista;0;0;0;0;0;0;0;0;0;0;0;0;0;0;0
06/06/2022;23:47:00;535;Com vítima;569,000;BR-116/BA;Decrescente;Saída de pista;0;0;1;0;0;0;0;0;0;0;0;1;0;0;0
07/06/2022;00:20:00;15;Sem vítima;728,000;BR-116/BA;Decrescente;Colisão lateral no mesmo sentido;0;0;1;0;1;0;0;0;0;0;0;0;0;0;0
07/06/2022;06:10:00;108;Com vítima;745,000;BR-116/BA;Crescente;Colisão traseira;0;0;0;1;0;0;0;0;0;0;0;0;0;1;1
07/06/2022;06:45:00;124;Sem vítima;570,000;BR-116/BA;Crescente;Colisão traseira;0;0;1;0;0;0;0;0;0;0;0;0;0;0;0
07/06/2022;08:56:00;203;Sem vítima;12,000;CONTORNO - VC/BA;Crescente;Choque;1;0;0;0;0;0;0;0;0;0;0;0;0;0;0
07/06/2022;09:21:00;217;Sem vítima;621,000;BR-324/BA;Crescente;Colisão traseira;2;0;0;0;0;0;0;0;0;0;0;0;0;0;0
07/06/2022;09:46:00;109;Sem vítima;537,000;BR-324/BA;Crescente;Colisão traseira;1;0;1;0;0;0;0;0;0;0;0;0;0;0;0
07/06/2022;09:46:00;228;Sem vítima;622,000;BR-324/BA;Crescente;Acidentes de outra natureza;3;0;0;0;0;0;0;0;0;0;0;0;0;0;0
07/06/2022;12:54:00;272;Sem vítima;428,000;BR-116/BA;Decrescente;Capotamento;0;0;1;0;0;0;0;0;0;0;0;0;0;0;0
07/06/2022;14:25:00;316;Com vítima;480,000;BR-116/BA;Crescente;Capotamento;0;0;1;0;0;0;0;0;0;0;0;1;0;0;0
07/06/2022;15:18:00;344;Sem vítima;2,000;526/BA;Crescente;Colisão frontal;1;0;0;1;0;0;0;0;0;0;0;0;0;0;0
07/06/2022;17:34:00;414;Com vítima;815,000;BR-116/BA;Decrescente;Colisão lateral no mesmo sentido;1;0;0;1;0;0;0;0;0;0;0;1;0;0;0
07/06/2022;18:13:00;424;Com vítima;672,000;BR-116/BA;Decrescente;Colisão transversal;0;0;0;1;0;0;0;0;0;0;0;0;1;0;0
07/06/2022;18:24:00;427;Com vítima;923,000;BR-116/BA;Decrescente;Atropelamento de pedestre;0;0;0;1;0;0;0;0;0;0;0;1;1;1;0
07/06/2022;19:06:00;442;Com vítima;784,000;BR-116/BA;Decrescente;Colisão lateral no mesmo sentido;1;0;0;1;0;0;0;0;0;0;0;0;1;0;0
07/06/2022;19:45:00;464;Com vítima;0,000;CONTORNO SUL  - FS/BA;Crescente;Choque;1;0;0;0;0;0;0;0;0;0;0;0;0;2;0
07/06/2022;19:45:00;481;Sem vítima;0,000;CONTORNO SUL  - FS/BA;Crescente;Colisão traseira;1;0;1;0;0;0;0;0;0;0;0;0;0;0;0
08/06/2022;16:02:00;341;Sem vítima;754,000;BR-116/BA;Crescente;Atropelamento de animal;1;0;0;0;0;0;0;0;0;0;0;0;0;0;0
08/06/2022;16:31:00;377;Sem vítima;565,000;BR-324/BA;Crescente;Saída de pista;0;0;0;0;0;0;0;0;0;1;0;0;0;0;0
08/06/2022;17:29:00;395;Sem vítima;16,000;CONTORNO - VC/BA;Decrescente;Colisão transversal;2;0;0;0;0;0;0;0;0;0;0;0;0;0;0
08/06/2022;17:47:00;403;Com vítima;459,000;BR-116/BA;Decrescente;Atropelamento de pedestre;1;0;0;0;0;0;0;0;0;0;0;0;1;0;0
08/06/2022;18:57:00;415;Sem vítima;9,000;CONTORNO - VC/BA;Crescente;Colisão transversal;2;0;0;0;0;0;0;0;0;0;0;0;0;0;0
09/06/2022;00:00:00;256;Sem vítima;523,000;BR-324/BA;Decrescente;Colisão traseira;0;0;0;0;0;0;0;0;0;2;0;0;0;0;0
09/06/2022;07:16:00;149;Com vítima;819,000;BR-116/BA;Decrescente;Colisão transversal;0;1;0;1;0;0;0;0;0;0;0;2;0;0;0
09/06/2022;11:29:00;270;Sem vítima;574,000;BR-324/BA;Decrescente;Colisão lateral no mesmo sentido;0;0;1;0;0;0;0;0;0;0;0;0;0;0;0
09/06/2022;12:10:00;292;Sem vítima;619,000;BR-324/BA;Crescente;Colisão traseira;2;0;0;0;0;0;0;0;0;0;0;0;0;0;0
09/06/2022;12:31:00;299;Com vítima;815,000;BR-116/BA;Crescente;Acidentes de outra natureza;1;0;0;0;0;0;0;0;0;0;0;3;0;0;0
09/06/2022;18:00:00;484;Com vítima;452,000;BR-116/BA;Crescente;Saída de pista;1;0;0;0;0;0;0;0;0;0;0;0;1;0;0
09/06/2022;22:15:00;554;Com vítima;519,000;BR-324/BA;Decrescente;Acidentes de outra natureza;0;0;0;1;0;0;0;0;0;0;0;1;0;0;0
10/06/2022;04:51:00;76;Sem vítima;542,000;BR-324/BA;Crescente;Saída de pista;1;0;0;0;0;0;0;0;0;0;0;0;0;0;0
10/06/2022;06:33:00;122;Sem vítima;522,000;BR-324/BA;Crescente;Saída de pista;0;0;1;0;0;0;0;0;0;0;0;0;0;0;0
10/06/2022;09:20:00;222;Com vítima;822,000;BR-116/BA;Crescente;Colisão transversal;1;0;0;1;0;0;0;0;0;0;0;1;0;0;0
10/06/2022;11:15:00;261;Sem vítima;875,000;BR-116/BA;Crescente;Colisão traseira;0;0;2;0;0;0;0;0;0;0;0;0;0;0;0
10/06/2022;18:09:00;450;Sem vítima;560,000;BR-324/BA;Decrescente;Colisão traseira;1;0;1;0;0;0;0;0;0;0;0;0;0;0;0
11/06/2022;10:08:00;189;Sem vítima;631,000;BR-116/BA;Decrescente;Colisão lateral no mesmo sentido;1;0;0;0;0;0;0;0;0;0;0;0;0;0;0
11/06/2022;11:33:00;221;Com vítima;545,000;BR-324/BA;Crescente;Colisão transversal;0;0;0;1;0;0;0;0;0;0;0;0;1;0;0
11/06/2022;12:08:00;225;Sem vítima;526,000;BR-324/BA;Decrescente;Colisão traseira;1;0;1;0;0;0;0;0;0;0;0;0;0;0;0
12/06/2022;06:23:00;149;Sem vítima;805,000;BR-116/BA;Decrescente;Saída de pista;1;0;0;0;0;0;0;0;0;0;0;0;0;0;0
12/06/2022;09:21:00;205;Sem vítima;892,000;BR-116/BA;Decrescente;Colisão lateral no mesmo sentido;1;0;1;0;0;0;0;0;0;0;0;0;0;0;0
12/06/2022;10:39:00;227;Com vítima;788,000;BR-116/BA;Decrescente;Colisão lateral no mesmo sentido;0;0;0;1;0;0;0;0;0;0;0;0;0;0;1
12/06/2022;21:44:00;462;Sem vítima;537,000;BR-324/BA;Decrescente;Colisão lateral no mesmo sentido;1;0;0;0;0;1;0;0;0;0;0;0;0;0;0
13/06/2022;04:58:00;107;Com vítima;684,000;BR-116/BA;Crescente;Atropelamento de animal;0;0;0;1;0;0;0;0;0;0;0;1;0;0;0
13/06/2022;10:09:00;252;Sem vítima;574,000;BR-324/BA;Decrescente;Colisão traseira;2;0;0;0;0;0;0;0;0;0;0;0;0;0;0
13/06/2022;16:43:00;414;Sem vítima;618,000;BR-324/BA;Decrescente;Colisão traseira;0;0;1;0;0;0;0;0;0;1;0;0;0;0;0
13/06/2022;20:50:00;509;Sem vítima;582,000;BR-324/BA;Crescente;Colisão traseira;0;0;1;0;0;0;0;0;0;0;0;0;0;0;0
14/06/2022;17:56:00;407;Sem vítima;615,000;BR-324/BA;Crescente;Acidentes de outra natureza;1;0;0;0;0;0;0;0;0;2;0;0;0;0;0
14/06/2022;22:55:00;488;Sem vítima;5,000;CONTORNO SUL  - FS/BA;Crescente;Saída de pista;1;0;0;0;0;0;0;0;0;0;0;0;0;0;0
15/06/2022;06:05:00;100;Com vítima;546,000;BR-116/BA;Decrescente;Colisão transversal;1;0;0;1;0;0;0;0;0;0;0;2;0;0;0
15/06/2022;07:00:00;114;Com vítima;620,000;BR-324/BA;Crescente;Colisão lateral no mesmo sentido;1;0;0;1;0;0;0;0;0;0;0;2;0;0;0
15/06/2022;09:32:00;218;Sem vítima;551,000;BR-324/BA;Crescente;Choque;1;0;0;0;0;0;0;0;0;0;0;0;0;0;0
16/06/2022;06:34:00;106;Com vítima;610,000;BR-324/BA;Crescente;Saída de pista;0;0;0;1;0;0;0;0;0;0;0;1;0;0;0
16/06/2022;11:23:00;216;Sem vítima;568,000;BR-324/BA;Crescente;Saída de pista;1;0;0;0;0;0;0;0;0;0;0;0;0;0;0
16/06/2022;17:08:00;350;Com vítima;25,000;CONTORNO - VC/BA;Crescente;Colisão transversal;1;0;0;1;0;0;0;0;0;0;0;1;0;0;0
16/06/2022;19:39:00;402;Sem vítima;565,000;BR-324/BA;Crescente;Saída de pista;0;0;0;0;0;0;0;0;0;1;0;0;0;0;0
16/06/2022;21:20:00;413;Sem vítima;466,000;BR-116/BA;Crescente;Colisão traseira;1;0;1;0;0;0;0;0;0;0;0;0;0;0;0
16/06/2022;22:03:00;423;Com vítima;673,000;BR-116/BA;Decrescente;Acidentes de outra natureza;0;0;0;1;0;0;0;0;0;0;0;1;0;0;0
16/06/2022;23:38:00;439;Sem vítima;472,000;BR-116/BA;Crescente;Saída de pista;1;0;0;0;0;0;0;0;0;0;0;0;0;0;0
17/06/2022;05:33:00;117;Sem vítima;860,000;BR-116/BA;Decrescente;Saída de pista;0;0;0;0;1;0;0;0;0;0;0;0;0;0;0
17/06/2022;05:43:00;119;Sem vítima;565,000;BR-324/BA;Crescente;Saída de pista;0;0;1;0;0;0;0;0;0;0;0;0;0;0;0
17/06/2022;07:09:00;152;Sem vítima;539,000;BR-324/BA;Decrescente;Colisão traseira;2;0;0;0;0;0;0;0;0;0;0;0;0;0;0
17/06/2022;12:48:00;260;Sem vítima;754,000;BR-116/BA;Crescente;Acidentes de outra natureza;0;0;3;0;0;0;0;0;0;0;0;0;0;0;0
17/06/2022;15:08:00;373;Sem vítima;459,000;BR-116/BA;Decrescente;Colisão lateral no mesmo sentido;0;0;2;0;0;0;0;0;0;0;0;0;0;0;0
17/06/2022;16:37:00;407;Sem vítima;574,000;BR-324/BA;Decrescente;Saída de pista;1;0;0;0;0;0;0;0;0;0;0;0;0;0;0
17/06/2022;17:14:00;445;Sem vítima;622,000;BR-324/BA;Decrescente;Acidentes de outra natureza;0;0;0;1;0;0;0;0;0;0;0;0;0;0;0
17/06/2022;20:34:00;515;Sem vítima;614,000;BR-116/BA;Decrescente;Colisão lateral no mesmo sentido;1;0;0;0;0;1;0;0;0;0;0;0;0;0;0
18/06/2022;04:01:00;72;Sem vítima;540,000;BR-324/BA;Decrescente;Atropelamento de animal;1;0;0;0;0;0;0;0;0;0;0;0;0;0;0
18/06/2022;05:53:00;110;Sem vítima;792,000;BR-116/BA;Crescente;Saída de pista;0;0;1;0;0;1;0;0;0;0;0;0;0;0;0
18/06/2022;06:28:00;115;Sem vítima;571,000;BR-324/BA;Crescente;Saída de pista;1;0;0;0;0;0;0;0;0;0;0;0;0;0;0
18/06/2022;10:28:00;221;Sem vítima;599,000;BR-324/BA;Decrescente;Colisão lateral no mesmo sentido;1;0;1;0;0;0;0;0;0;0;0;0;0;0;0
18/06/2022;12:14:00;257;Sem vítima;588,000;BR-116/BA;Decrescente;Capotamento;0;0;1;0;0;0;0;0;0;0;0;0;0;0;0
18/06/2022;13:38:00;264;Com vítima;4,000;CONTORNO SUL  - FS/BA;Crescente;Acidentes de outra natureza;0;0;0;1;0;0;0;0;0;0;0;1;0;0;0
18/06/2022;14:35:00;308;Sem vítima;775,000;BR-116/BA;Crescente;Colisão traseira;0;0;0;0;0;0;0;0;0;2;0;0;0;0;0
19/06/2022;00:00:00;184;Com vítima;569,000;BR-324/BA;Crescente;Saída de pista;1;0;0;0;0;0;0;0;0;0;0;1;0;0;0
19/06/2022;04:20:00;68;Sem vítima;546,000;BR-324/BA;Crescente;Atropelamento de animal;0;0;0;0;1;0;0;0;0;0;0;0;0;0;0
19/06/2022;07:20:00;111;Sem vítima;576,000;BR-324/BA;Crescente;Saída de pista;1;0;0;0;0;0;0;0;0;0;0;0;0;0;0
19/06/2022;10:53:00;187;Com vítima;457,000;BR-116/BA;Decrescente;Saída de pista;1;0;0;0;0;0;0;0;0;0;0;1;1;0;0
19/06/2022;13:46:00;261;Com vítima;596,000;BR-116/BA;Crescente;Saída de pista;0;0;1;0;0;0;0;0;0;0;0;0;1;0;0
19/06/2022;17:43:00;369;Sem vítima;549,000;BR-324/BA;Crescente;Saída de pista;1;0;0;0;0;0;0;0;0;0;0;0;0;0;0
19/06/2022;22:35:00;443;Sem vítima;2,000;CONTORNO SUL  - FS/BA;Crescente;Colisão traseira;1;0;0;0;0;1;0;0;0;0;0;0;0;0;0
19/06/2022;23:37:00;453;Sem vítima;617,000;BR-324/BA;Crescente;Colisão traseira;2;0;0;0;0;0;0;0;0;0;0;0;0;0;0
20/06/2022;00:00:00;479;Com vítima;13,000;CONTORNO - VC/BA;Decrescente;Queda de moto;0;0;0;2;0;0;0;0;0;0;0;1;1;0;0
20/06/2022;05:15:00;106;Sem vítima;585,000;BR-324/BA;Crescente;Saída de pista;0;0;0;0;0;0;0;0;0;1;0;0;0;0;0
20/06/2022;07:29:00;166;Sem vítima;609,000;BR-116/BA;Crescente;Saída de pista;1;0;0;0;0;0;0;0;0;0;0;0;0;0;0
20/06/2022;08:26:00;201;Sem vítima;612,000;BR-324/BA;Decrescente;Colisão traseira;0;0;0;1;0;0;0;0;0;0;0;0;0;0;0
20/06/2022;09:02:00;234;Com vítima;16,000;CONTORNO - VC/BA;Decrescente;Atropelamento de ciclista;0;1;0;0;0;1;0;0;0;0;0;1;0;0;0
20/06/2022;09:06:00;240;Sem vítima;593,000;BR-116/BA;Crescente;Saída de pista;1;0;0;0;0;0;0;0;0;0;0;0;0;0;0
20/06/2022;11:59:00;280;Sem vítima;589,000;BR-324/BA;Crescente;Colisão traseira;2;0;0;0;0;0;0;0;0;0;0;0;0;0;0
20/06/2022;14:35:00;397;Sem vítima;605,000;BR-324/BA;Decrescente;Colisão traseira;2;0;0;0;0;1;0;0;0;1;0;0;0;0;0