data;horario;n_da_ocorrencia;tipo_de_ocorrencia;km;trecho;sentido;tipo_de_acidente;automovel;bicicleta;caminhao;moto;onibus;outros;tracao_animal;transporte_de_cargas_especiais;trator_maquinas;utilitarios;ilesos;levemente_feridos;moderadamente_feridos;gravemente_feridos;mortos
20/06/2022;16:03:00;418;Com vítima;818,000;BR-116/BA;Decrescente;Colisão transversal;0;0;0;2;0;0;0;0;0;0;0;0;0;2;0
20/06/2022;16:06:00;419;Com vítima;605,000;BR-324/BA;Crescente;Colisão lateral no mesmo sentido;0;0;0;1;0;1;0;0;0;0;0;2;0;0;0
21/06/2022;05:21:00;67;Sem vítima;575,000;BR-324/BA;Decrescente;Colisão lateral no mesmo sentido;1;0;0;0;0;0;0;0;0;0;0;0;0;0;0
21/06/2022;07:52:00;88;Sem vítima;599,000;BR-324/BA;Crescente;Colisão traseira;1;0;0;0;0;0;0;0;0;0;1;0;0;0;0
21/06/2022;08:51:00;128;Sem vítima;530,000;BR-324/BA;Decrescente;Saída de pista;1;0;0;0;0;0;0;0;0;0;1;0;0;0;0
21/06/2022;10:17:00;177;Sem vítima;623,000;BR-324/BA;Crescente;Colisão traseira;0;0;0;0;0;1;0;0;0;0;1;0;0;0;0
21/06/2022;13:15:00;259;Sem vítima;557,000;BR-324/BA;Crescente;Saída de pista;1;0;0;0;0;0;0;0;0;0;1;0;0;0;0
21/06/2022;16:04:00;334;Sem vítima;610,000;BR-324/BA;Decrescente;Acidentes de outra natureza;3;0;0;0;0;0;0;0;0;2;0;0;0;0;0
21/06/2022;16:18:00;337;Sem vítima;546,000;BR-324/BA;Decrescente;Acidentes de outra natureza;0;0;0;0;0;1;0;0;0;0;0;0;0;0;0
21/06/2022;17:54:00;399;Sem vítima;613,000;BR-324/BA;Decrescente;Acidentes de outra natureza;0;0;0;0;0;1;0;0;0;0;0;0;0;0;0
21/06/2022;18:35:00;408;Sem vítima;618,000;BR-324/BA;Decrescente;Acidentes de outra natureza;1;0;0;0;0;0;0;0;0;0;1;0;0;0;0
22/06/2022;04:25:00;83;Sem vítima;606,000;BR-324/BA;Decrescente;Saída de pista;1;0;0;0;0;0;0;0;0;0;0;0;0;0;0
22/06/2022;05:50:00;125;Sem vítima;606,000;BR-324/BA;Decrescente;Acidentes de outra natureza;0;0;0;0;0;1;0;0;0;0;0;0;0;0;0
22/06/2022;07:09:00;141;Sem vítima;556,000;BR-324/BA;Decrescente;Acidentes de outra natureza;3;0;0;0;0;0;0;0;0;0;0;0;0;0;0
22/06/2022;07:23:00;167;Sem vítima;599,000;BR-324/BA;Crescente;Colisão lateral no mesmo sentido;1;0;1;0;0;0;0;0;0;0;0;0;0;0;0
22/06/2022;07:45:00;162;Com vítima;588,000;BR-324/BA;Decrescente;Acidentes de outra natureza;0;0;0;1;0;0;0;0;0;0;0;1;0;0;0
22/06/2022;10:57:00;286;Com vítima;530,000;BR-324/BA;Crescente;Colisão transversal;0;0;2;0;0;0;0;0;0;0;0;0;2;0;0
22/06/2022;11:35:00;328;Sem vítima;608,000;BR-324/BA;Decrescente;Colisão traseira;2;0;0;0;0;0;0;0;0;0;0;0;0;0;0
22/06/2022;13:48:00;370;Sem vítima;548,000;BR-324/BA;Decrescente;Acidentes de outra natureza;4;0;0;0;0;0;0;0;0;0;0;0;0;0;0
22/06/2022;15:04:00;434;Com vítima;530,000;BR-324/BA;Decrescente;Colisão transversal;1;0;0;1;0;0;0;0;0;0;0;1;0;0;0
22/06/2022;16:22:00;462;Sem vítima;618,000;BR-324/BA;Decrescente;Colisão traseira;1;0;0;0;0;0;0;0;0;1;0;0;0;0;0
22/06/2022;16:38:00;468;Sem vítima;703,000;BR-116/BA;Crescente;Colisão lateral no mesmo sentido;0;0;1;0;0;0;0;0;0;1;0;0;0;0;0
22/06/2022;18:09:00;515;Sem vítima;526,000;BR-324/BA;Decrescente;Colisão traseira;1;0;0;0;0;1;0;0;0;0;0;0;0;0;0
22/06/2022;22:06:00;621;Sem vítima;567,000;BR-116/BA;Decrescente;Colisão traseira;0;0;2;0;0;0;0;0;0;0;0;0;0;0;0
23/06/2022;03:46:00;106;Sem vítima;652,000;BR-116/BA;Decrescente;Saída de pista;0;0;1;0;0;0;0;0;0;0;0;0;0;0;0
23/06/2022;04:31:00;111;Sem vítima;609,000;BR-324/BA;Decrescente;Colisão traseira;2;0;0;0;0;0;0;0;0;0;0;0;0;0;0
23/06/2022;04:50:00;117;Sem vítima;542,000;BR-116/BA;Crescente;Saída de pista;0;0;1;0;0;0;0;0;0;0;0;0;0;0;0
23/06/2022;05:21:00;152;Sem vítima;605,000;BR-324/BA;Decrescente;Colisão traseira;2;0;0;0;0;0;0;0;0;0;0;0;0;0;0
23/06/2022;05:42:00;155;Sem vítima;558,000;BR-324/BA;Decrescente;Colisão frontal;2;0;0;0;0;0;0;0;0;0;0;0;0;0;0
23/06/2022;06:23:00;164;Sem vítima;545,000;BR-324/BA;Crescente;Saída de pista;1;0;0;0;0;0;0;0;0;0;0;0;0;0;0
23/06/2022;06:37:00;167;Sem vítima;578,000;BR-324/BA;Crescente;Saída de pista;1;0;0;0;0;0;0;0;0;0;0;0;0;0;0
23/06/2022;06:41:00;169;Sem vítima;597,000;BR-324/BA;Decrescente;Acidentes de outra natureza;2;0;0;0;0;1;0;0;0;0;0;0;0;0;0
23/06/2022;08:03:00;208;Sem vítima;549,000;BR-324/BA;Decrescente;Colisão traseira;1;0;0;0;0;1;0;0;0;0;0;0;0;0;0
23/06/2022;10:32:00;259;Sem vítima;680,000;BR-116/BA;Crescente;Saída de pista;1;0;0;0;0;0;0;0;0;0;0;0;0;0;0
23/06/2022;11:13:00;277;Sem vítima;651,000;BR-116/BA;Crescente;Colisão lateral no mesmo sentido;1;0;1;0;0;0;0;0;0;0;0;0;0;0;0
23/06/2022;12:42:00;302;Sem vítima;545,000;BR-324/BA;Decrescente;Acidentes de outra natureza;2;0;0;0;0;1;0;0;0;0;0;0;0;0;0
23/06/2022;14:51:00;374;Sem vítima;548,000;BR-324/BA;Decrescente;Colisão traseira;2;0;0;0;0;0;0;0;0;0;0;0;0;0;0
24/06/2022;04:58:00;94;Com vítima;570,000;BR-324/BA;Decrescente;Acidentes de outra natureza;0;0;0;1;0;0;0;0;0;0;0;1;0;0;0
24/06/2022;07:38:00;146;Sem vítima;767,000;BR-116/BA;Decrescente;Colisão traseira;1;0;1;0;0;0;0;0;0;0;0;0;0;0;0
24/06/2022;08:16:00;176;Com vítima;503,000;BR-116/BA;Decrescente;Saída de pista;1;0;0;0;0;0;0;0;0;0;0;2;2;0;0
24/06/2022;14:46:00;277;Com vítima;546,000;BR-324/BA;Decrescente;Saída de pista;0;0;0;0;0;0;0;0;0;1;0;0;1;0;0
25/06/2022;07:45:00;172;Sem vítima;538,000;BR-116/BA;Decrescente;Saída de pista;1;0;0;0;0;0;0;0;0;0;0;0;0;0;0
25/06/2022;18:08:00;420;Com vítima;811,000;BR-116/BA;Crescente;Atropelamento de animal;0;0;0;1;0;0;0;0;0;0;0;1;1;0;0
26/06/2022;07:45:00;216;Sem vítima;607,000;BR-324/BA;Crescente;Acidentes de outra natureza;0;0;0;1;0;0;0;0;0;0;0;0;0;0;0
26/06/2022;08:50:00;163;Sem vítima;608,000;BR-324/BA;Crescente;Colisão traseira;1;0;0;1;0;0;0;0;0;0;0;0;0;0;0
26/06/2022;10:36:00;228;Sem vítima;565,000;BR-324/BA;Crescente;Acidentes de outra natureza;6;0;0;0;0;0;0;0;0;1;0;0;0;0;0
26/06/2022;11:32:00;254;Sem vítima;560,000;BR-324/BA;Crescente;Colisão traseira;2;0;0;0;0;0;0;0;0;0;0;0;0;0;0
26/06/2022;12:21:00;275;Sem vítima;537,000;BR-324/BA;Crescente;Colisão traseira;1;0;0;0;0;0;0;0;0;0;0;0;0;0;0
26/06/2022;12:22:00;255;Sem vítima;539,000;BR-324/BA;Crescente;Colisão traseira;1;0;0;0;0;1;0;0;0;0;0;0;0;0;0
26/06/2022;15:02:00;330;Sem vítima;614,000;BR-324/BA;Crescente;Acidentes de outra natureza;0;0;0;0;0;1;0;0;0;0;0;0;0;0;0
26/06/2022;15:16:00;340;Sem vítima;553,000;BR-324/BA;Crescente;Colisão lateral no mesmo sentido;1;0;0;1;0;0;0;0;0;0;0;0;0;0;0
26/06/2022;17:40:00;388;Sem vítima;556,000;BR-324/BA;Crescente;Colisão traseira;0;0;0;1;0;1;0;0;0;0;0;0;0;0;0
26/06/2022;18:14:00;399;Sem vítima;551,000;BR-324/BA;Decrescente;Colisão traseira;2;0;0;0;0;0;0;0;0;0;0;0;0;0;0
26/06/2022;19:13:00;417;Sem vítima;16,000;CONTORNO - VC/BA;Crescente;Colisão lateral no mesmo sentido;1;0;1;0;0;0;0;0;0;0;0;0;0;0;0
26/06/2022;19:30:00;423;Com vítima;427,000;BR-116/BA;Decrescente;Capotamento;0;0;1;0;0;0;0;0;0;0;0;1;0;0;0
26/06/2022;19:59:00;435;Sem vítima;547,000;BR-324/BA;Crescente;Acidentes de outra natureza;4;0;0;0;0;0;0;0;0;0;0;0;0;0;0
26/06/2022;20:54:00;447;Sem vítima;526,000;BR-324/BA;Crescente;Colisão transversal;1;0;1;0;0;0;0;0;0;0;0;0;0;0;0
26/06/2022;22:36:00;471;Sem vítima;566,000;BR-324/BA;Crescente;Colisão lateral no mesmo sentido;0;0;0;1;0;1;0;0;0;0;0;0;0;0;0
26/06/2022;22:42:00;473;Sem vítima;552,000;BR-324/BA;Crescente;Colisão traseira;2;0;0;0;0;0;0;0;0;0;0;0;0;0;0
27/06/2022;00:00:00;311;Sem vítima;553,000;BR-324/BA;Crescente;Colisão traseira;0;0;2;0;0;0;0;0;0;0;0;0;0;0;0
27/06/2022;04:03:00;243;Sem vítima;595,000;BR-324/BA;Crescente;Colisão traseira;1;0;0;0;0;0;0;0;0;1;0;0;0;0;0
27/06/2022;05:48:00;135;Sem vítima;575,000;BR-324/BA;Crescente;Acidentes de outra natureza;3;0;0;0;0;0;0;0;0;0;0;0;0;0;0
27/06/2022;09:36:00;239;Sem vítima;521,000;BR-324/BA;Decrescente;Colisão traseira;0;0;0;0;0;0;0;0;0;2;0;0;0;0;0
27/06/2022;10:09:00;248;Sem vítima;600,000;BR-324/BA;Crescente;Acidentes de outra natureza;0;0;0;0;0;1;0;0;0;1;0;0;0;0;0
27/06/2022;11:50:00;297;Sem vítima;555,000;BR-324/BA;Crescente;Saída de pista;1;0;0;0;0;0;0;0;0;0;0;0;0;0;0
27/06/2022;11:58:00;298;Sem vítima;555,000;BR-324/BA;Crescente;Saída de pista;1;0;0;0;0;0;0;0;0;0;0;0;0;0;0
27/06/2022;12:18:00;302;Com vítima;6,000;CONTORNO SUL  - FS/BA;Crescente;Queda de moto;1;0;0;1;0;0;0;0;0;0;0;1;0;0;0
27/06/2022;14:05:00;330;Sem vítima;550,000;BR-324/BA;Crescente;Colisão traseira;1;0;1;0;0;0;0;0;0;0;0;0;0;0;0
27/06/2022;15:00:00;349;Com vítima;614,000;BR-324/BA;Crescente;Colisão lateral no mesmo sentido;1;0;0;1;0;0;0;0;0;0;0;0;2;0;0
28/06/2022;00:00:00;298;Sem vítima;518,000;BR-116/BA;Decrescente;Colisão transversal;1;0;1;0;0;0;0;0;0;0;0;0;0;0;0
28/06/2022;02:53:00;70;Sem vítima;442,000;BR-116/BA;Decrescente;Saída de pista;0;0;1;0;0;0;0;0;0;0;1;0;0;0;0
28/06/2022;03:03:00;96;Com vítima;889,000;BR-116/BA;Crescente;Saída de pista;0;0;1;0;0;0;0;0;0;0;0;0;0;0;1
28/06/2022;12:54:00;334;Sem vítima;670,000;BR-116/BA;Crescente;Acidentes de outra natureza;0;0;0;1;0;1;0;0;0;0;0;0;0;0;0
28/06/2022;15:35:00;416;Sem vítima;777,000;BR-116/BA;Decrescente;Colisão traseira;0;0;1;0;0;0;0;0;0;0;1;0;0;0;0
28/06/2022;20:51:00;536;Sem vítima;597,000;BR-324/BA;Crescente;Colisão lateral no mesmo sentido;1;0;0;0;0;0;0;0;0;0;1;0;0;0;0
29/06/2022;04:54:00;86;Com vítima;706,000;BR-116/BA;Crescente;Saída de pista;0;0;1;0;0;0;0;0;0;0;0;1;0;0;0
29/06/2022;08:06:00;159;Sem vítima;603,000;BR-324/BA;Decrescente;Colisão lateral no mesmo sentido;1;0;0;0;0;0;0;0;0;0;0;0;0;0;0
29/06/2022;08:24:00;167;Com vítima;632,000;BR-116/BA;Decrescente;Colisão lateral no mesmo sentido;0;0;0;0;0;0;0;0;0;1;1;0;0;0;0
29/06/2022;09:03:00;210;Sem vítima;565,000;BR-324/BA;Decrescente;Colisão lateral no mesmo sentido;0;0;0;0;0;1;0;0;0;0;0;0;0;0;0
30/06/2022;00:33:00;48;Sem vítima;574,000;BR-324/BA;Decrescente;Saída de pista;0;0;1;0;0;0;0;0;0;0;0;0;0;0;0
30/06/2022;07:08:00;147;Sem vítima;615,000;BR-324/BA;Crescente;Colisão traseira;1;0;0;0;0;0;0;0;0;1;0;0;0;0;0
30/06/2022;15:57:00;312;Sem vítima;578,000;BR-116/BA;Decrescente;Capotamento;0;0;1;0;0;0;0;0;0;0;0;0;0;0;0
01/07/2022;00:00:00;145;Sem vítima;480,000;BR-116/BA;Crescente;Saída de pista;0;0;0;0;0;0;0;0;0;1;0;0;0;0;0
01/07/2022;06:17:00;105;Sem vítima;531,000;BR-324/BA;Decrescente;Colisão traseira;1;0;0;0;0;1;0;0;0;0;0;0;0;0;0
01/07/2022;10:10:00;181;Sem vítima;833,000;BR-116/BA;Crescente;Saída de pista;1;0;0;0;0;0;0;0;0;0;0;0;0;0;0
01/07/2022;13:21:00;227;Sem vítima;597,000;BR-324/BA;Crescente;Acidentes de outra natureza;2;0;0;0;0;0;0;0;0;1;0;0;0;0;0
01/07/2022;17:52:00;360;Sem vítima;573,000;BR-324/BA;Decrescente;Colisão traseira;1;0;0;0;0;1;0;0;0;0;0;0;0;0;0
02/07/2022;05:26:00;76;Sem vítima;574,000;BR-324/BA;Decrescente;Colisão lateral no mesmo sentido;0;0;0;0;0;1;0;0;0;1;0;0;0;0;0
02/07/2022;07:05:00;91;Com vítima;842,000;BR-116/BA;Crescente;Colisão lateral no mesmo sentido;1;0;1;0;0;0;0;0;0;0;0;2;0;0;0
02/07/2022;07:33:00;98;Sem vítima;782,000;BR-116/BA;Crescente;Colisão lateral no mesmo sentido;1;0;1;0;0;0;0;0;0;0;0;0;0;0;0
02/07/2022;09:04:00;140;Sem vítima;527,000;BR-324/BA;Decrescente;Colisão traseira;2;0;0;0;0;0;0;0;0;0;0;0;0;0;0
02/07/2022;10:37:00;184;Sem vítima;770,000;BR-116/BA;Crescente;Colisão traseira;0;0;1;0;0;0;0;0;0;0;0;0;0;0;0
02/07/2022;11:31:00;210;Sem vítima;608,000;BR-324/BA;Crescente;Saída de pista;0;0;0;0;0;0;0;0;0;1;0;0;0;0;0
02/07/2022;11:40:00;217;Sem vítima;530,000;BR-324/BA;Decrescente;Saída de pista;1;0;0;0;0;0;0;0;0;0;0;0;0;0;0
02/07/2022;13:42:00;241;Sem vítima;559,000;BR-324/BA;Crescente;Saída de pista;1;0;0;0;0;0;0;0;0;0;0;0;0;0;0
02/07/2022;15:33:00;296;Sem vítima;605,000;BR-324/BA;Decrescente;Atropelamento de animal;1;0;0;0;0;0;0;0;0;0;0;0;0;0;0
02/07/2022;20:04:00;381;Sem vítima;736,000;BR-116/BA;Crescente;Colisão traseira;0;0;1;0;0;1;0;0;0;0;0;0;0;0;0
02/07/2022;20:50:00;411;Com vítima;846,000;BR-116/BA;Crescente;Atropelamento de pedestre;0;0;0;0;0;1;0;0;0;0;0;1;0;0;0
02/07/2022;21:23:00;422;Sem vítima;765,000;BR-116/BA;Decrescente;Saída de pista;1;0;0;0;0;0;0;0;0;0;0;0;0;0;0
02/07/2022;22:19:00;435;Sem vítima;788,000;BR-116/BA;Crescente;Colisão lateral no mesmo sentido;1;0;0;0;0;1;0;0;0;0;0;0;0;0;0
03/07/2022;01:17:00;31;Sem vítima;619,000;BR-324/BA;Decrescente;Saída de pista;1;0;0;0;0;0;0;0;0;0;0;0;0;0;0
03/07/2022;06:00:00;34;Sem vítima;664,000;BR-116/BA;Decrescente;Saída de pista;0;0;1;0;0;0;0;0;0;0;0;0;0;0;0
03/07/2022;07:58:00;91;Sem vítima;593,000;BR-116/BA;Crescente;Saída de pista;0;0;1;0;0;0;0;0;0;0;0;0;0;0;0
03/07/2022;12:13:00;160;Sem vítima;459,000;BR-116/BA;Crescente;Colisão traseira;1;0;1;0;0;0;0;0;0;0;0;0;0;0;0
03/07/2022;17:15:00;303;Com vítima;779,000;BR-116/BA;Decrescente;Colisão traseira;0;0;1;1;0;0;0;0;0;0;0;0;0;0;1
03/07/2022;19:08:00;339;Sem vítima;586,000;BR-324/BA;Crescente;Saída de pista;1;0;0;0;0;0;0;0;0;0;0;0;0;0;0
03/07/2022;19:09:00;340;Com vítima;16,000;CONTORNO - VC/BA;Decrescente;Colisão transversal;1;0;0;1;0;0;0;0;0;0;0;0;1;0;0
03/07/2022;21:36:00;395;Sem vítima;669,000;BR-116/BA;Crescente;Atropelamento de animal;1;0;0;0;0;0;0;0;0;0;0;0;0;0;0
03/07/2022;22:32:00;409;Sem vítima;581,000;BR-324/BA;Crescente;Colisão traseira;0;0;2;0;0;0;0;0;0;0;0;0;0;0;0
04/07/2022;01:43:00;34;Sem vítima;748,000;BR-116/BA;Decrescente;Atropelamento de animal;0;0;0;0;0;0;0;0;0;1;0;0;0;0;0
04/07/2022;07:17:00;131;Sem vítima;619,000;BR-324/BA;Crescente;Colisão traseira;1;0;0;0;0;1;0;0;0;0;0;0;0;0;0
04/07/2022;07:27:00;136;Sem vítima;565,000;BR-324/BA;Decrescente;Acidentes de outra natureza;0;0;0;1;0;0;0;0;0;0;0;0;0;0;0
04/07/2022;08:01:00;152;Com vítima;6,000;526/BA;Decrescente;Acidentes de outra natureza;0;0;0;1;0;0;0;0;0;0;0;1;0;0;0
04/07/2022;08:32:00;173;Sem vítima;619,000;BR-324/BA;Crescente;Colisão lateral no mesmo sentido;1;0;0;1;0;0;0;0;0;0;0;0;0;0;0
04/07/2022;16:45:00;368;Sem vítima;599,000;BR-324/BA;Crescente;Colisão traseira;1;0;1;0;0;0;0;0;0;0;0;0;0;0;0
04/07/2022;18:53:00;432;Sem vítima;520,000;BR-324/BA;Crescente;Acidentes de outra natureza;1;0;1;0;0;0;0;0;0;1;0;0;0;0;0
05/07/2022;18:01:00;413;Sem vítima;583,000;BR-324/BA;Decrescente;Acidentes de outra natureza;2;0;1;0;0;0;0;0;0;0;0;0;0;0;0
05/07/2022;18:01:00;414;Com vítima;755,000;BR-116/BA;Decrescente;Colisão transversal;1;0;0;0;0;0;0;0;0;1;0;2;0;0;0
05/07/2022;22:08:00;471;Sem vítima;547,000;BR-116/BA;Decrescente;Colisão traseira;1;0;0;0;0;0;0;0;0;1;0;0;0;0;0
06/07/2022;05:18:00;106;Sem vítima;603,000;BR-324/BA;Crescente;Acidentes de outra natureza;0;0;0;1;0;0;0;0;0;0;0;0;0;0;0
06/07/2022;05:23:00;108;Sem vítima;530,000;BR-324/BA;Crescente;Saída de pista;1;0;0;0;0;0;0;0;0;0;0;0;0;0;0
06/07/2022;07:10:00;175;Sem vítima;617,000;BR-324/BA;Decrescente;Colisão traseira;1;0;0;0;0;1;0;0;0;0;0;0;0;0;0
06/07/2022;07:54:00;160;Com vítima;643,000;BR-116/BA;Crescente;Colisão transversal;1;0;1;0;0;0;0;0;0;0;0;0;1;0;0
06/07/2022;09:57:00;216;Sem vítima;583,000;BR-324/BA;Crescente;Saída de pista;0;0;1;0;0;0;0;0;0;0;0;0;0;0;0
06/07/2022;10:46:00;122;Sem vítima;617,000;BR-324/BA;Decrescente;Colisão traseira;2;0;0;0;0;0;0;0;0;0;0;0;0;0;0
06/07/2022;10:47:00;232;Sem vítima;626,000;BR-324/BA;Decrescente;Colisão lateral no mesmo sentido;1;0;1;0;0;0;0;0;0;0;0;0;0;0;0
06/07/2022;12:08:00;256;Com vítima;535,000;BR-324/BA;Decrescente;Acidentes de outra natureza;0;0;1;0;0;0;0;0;0;0;0;0;1;0;0
06/07/2022;12:14:00;258;Sem vítima;569,000;BR-324/BA;Crescente;Saída de pista;1;0;0;0;0;0;0;0;0;0;0;0;0;0;0
07/07/2022;04:46:00;69;Sem vítima;587,000;BR-324/BA;Crescente;Saída de pista;0;0;1;0;0;0;0;0;0;0;0;0;0;0;0
07/07/2022;06:28:00;114;Sem vítima;595,000;BR-116/BA;Crescente;Saída de pista;0;0;1;0;0;0;0;0;0;0;0;0;0;0;0
07/07/2022;06:28:00;151;Sem vítima;595,000;BR-116/BA;Decrescente;Colisão lateral no mesmo sentido;0;0;1;0;0;1;0;0;0;0;0;0;0;0;0
07/07/2022;14:50:00;355;Sem vítima;522,000;BR-324/BA;Decrescente;Acidentes de outra natureza;0;0;2;0;0;0;0;0;0;2;0;0;0;0;0
07/07/2022;16:00:00;375;Sem vítima;616,000;BR-324/BA;Crescente;Colisão lateral no mesmo sentido;1;0;0;0;0;0;0;0;0;0;0;0;0;0;0
08/07/2022;00:00:00;294;Com vítima;790,000;BR-116/BA;Crescente;Saída de pista;1;0;0;0;0;0;0;0;0;0;0;1;0;0;0
08/07/2022;11:34:00;282;Sem vítima;551,000;BR-324/BA;Crescente;Colisão traseira;0;0;2;0;0;0;0;0;0;0;0;0;0;0;0
08/07/2022;11:42:00;285;Sem vítima;439,000;BR-116/BA;Crescente;Saída de pista;1;0;0;0;0;0;0;0;0;0;0;0;0;0;0
08/07/2022;13:45:00;308;Sem vítima;574,000;BR-116/BA;Crescente;Colisão traseira;0;0;0;0;0;0;0;0;0;2;0;0;0;0;0
08/07/2022;14:34:00;342;Sem vítima;575,000;BR-116/BA;Decrescente;Acidentes de outra natureza;2;0;0;0;0;0;0;0;0;1;0;0;0;0;0
08/07/2022;16:24:00;375;Com vítima;616,000;BR-324/BA;Crescente;Acidentes de outra natureza;0;0;0;1;0;0;0;0;0;0;0;1;0;0;0
08/07/2022;17:27:00;413;Sem vítima;607,000;BR-324/BA;Crescente;Acidentes de outra natureza;2;0;0;0;0;0;0;0;0;1;0;0;0;0;0
08/07/2022;17:43:00;420;Sem vítima;583,000;BR-324/BA;Decrescente;Colisão lateral no mesmo sentido;0;0;1;0;0;0;0;0;0;1;0;0;0;0;0
08/07/2022;18:05:00;424;Sem vítima;623,000;BR-324/BA;Decrescente;Acidentes de outra natureza;3;0;0;0;0;0;0;0;0;0;0;0;0;0;0
08/07/2022;19:33:00;449;Com vítima;494,000;BR-116/BA;Crescente;Saída de pista;0;0;1;0;0;0;0;0;0;0;0;0;1;0;0
09/07/2022;00:00:00;144;Com vítima;636,000;BR-116/BA;Crescente;Colisão lateral no mesmo sentido;0;0;1;0;0;0;0;0;0;1;0;2;0;0;0
09/07/2022;04:53:00;119;Sem vítima;617,000;BR-116/BA;Decrescente;Saída de pista;1;0;0;0;0;0;0;0;0;0;0;0;0;0;0
09/07/2022;06:38:00;148;Sem vítima;609,000;BR-116/BA;Crescente;Saída de pista;1;0;0;0;0;0;0;0;0;0;0;0;0;0;0
09/07/2022;06:44:00;149;Com vítima;691,000;BR-116/BA;Crescente;Queda de moto;1;0;1;0;0;0;0;0;0;1;0;5;1;0;0
09/07/2022;10:06:00;253;Sem vítima;672,000;BR-116/BA;Crescente;Colisão traseira;0;0;1;0;0;1;0;0;0;0;0;0;0;0;0
09/07/2022;13:32:00;321;Sem vítima;530,000;BR-324/BA;Decrescente;Saída de pista;0;0;0;0;0;0;0;0;0;1;0;0;0;0;0
10/07/2022;04:47:00;68;Sem vítima;898,000;BR-116/BA;Decrescente;Colisão traseira;0;0;2;0;0;0;0;0;0;0;0;0;0;0;0
10/07/2022;06:56:00;104;Com vítima;764,000;BR-116/BA;Crescente;Colisão lateral no mesmo sentido;0;0;1;0;0;0;0;0;0;1;0;2;0;0;0
10/07/2022;08:34:00;113;Sem vítima;684,000;BR-116/BA;Crescente;Saída de pista;1;0;0;0;0;0;0;0;0;0;0;0;0;0;0
10/07/2022;09:55:00;157;Sem vítima;651,000;BR-116/BA;Decrescente;Saída de pista;1;0;0;0;0;0;0;0;0;0;0;0;0;0;0
10/07/2022;11:14:00;171;Sem vítima;652,000;BR-116/BA;Decrescente;Colisão lateral no mesmo sentido;0;0;0;0;0;1;0;0;0;1;0;0;0;0;0
10/07/2022;23:32:00;392;Com vítima;618,000;BR-324/BA;Crescente;Atropelamento de pedestre;0;0;0;0;0;2;0;0;0;0;0;0;0;0;1
11/07/2022;07:01:00;122;Com vítima;562,000;BR-116/BA;Crescente;Colisão frontal;1;0;0;1;0;0;0;0;0;0;0;1;0;0;1
11/07/2022;12:13:00;271;Sem vítima;610,000;BR-324/BA;Crescente;Colisão traseira;1;0;1;0;0;0;0;0;0;0;0;0;0;0;0
11/07/2022;14:36:00;343;Sem vítima;556,000;BR-324/BA;Crescente;Saída de pista;1;0;0;0;0;0;0;0;0;0;0;0;0;0;0
11/07/2022;18:13:00;426;Sem vítima;441,000;BR-116/BA;Decrescente;Choque;0;0;1;0;0;0;0;0;0;0;0;0;0;0;0
11/07/2022;18:45:00;429;Sem vítima;526,000;BR-324/BA;Decrescente;Colisão lateral no mesmo sentido;1;0;1;0;0;0;0;0;0;0;0;0;0;0;0
12/07/2022;06:16:00;106;Sem vítima;808,000;BR-116/BA;Crescente;Saída de pista;1;0;0;0;0;0;0;0;0;0;0;0;0;0;0
12/07/2022;07:36:00;108;Com vítima;619,000;BR-324/BA;Crescente;Acidentes de outra natureza;0;0;0;1;0;0;0;0;0;0;0;1;0;0;0
12/07/2022;09:27:00;196;Sem vítima;704,000;BR-116/BA;Crescente;Colisão lateral no mesmo sentido;0;0;1;0;0;0;0;0;0;1;0;0;0;0;0
12/07/2022;12:02:00;274;Sem vítima;614,000;BR-324/BA;Decrescente;Colisão lateral no mesmo sentido;0;0;0;0;0;0;0;0;0;1;0;0;0;0;0
13/07/2022;06:15:00;105;Sem vítima;616,000;BR-324/BA;Crescente;Colisão traseira;1;0;0;1;0;0;0;0;0;0;0;0;0;0;0
13/07/2022;07:16:00;126;Com vítima;621,000;BR-324/BA;Crescente;Acidentes de outra natureza;2;0;0;1;0;0;0;0;0;1;0;1;0;0;0
13/07/2022;07:36:00;129;Com vítima;641,000;BR-116/BA;Decrescente;Colisão frontal;1;0;0;0;0;0;0;0;0;1;0;1;1;0;0
13/07/2022;08:23:00;150;Sem vítima;614,000;BR-324/BA;Crescente;Acidentes de outra natureza;2;0;0;0;0;0;0;0;0;1;0;0;0;0;0
13/07/2022;11:04:00;242;Sem vítima;567,000;BR-116/BA;Decrescente;Acidentes de outra natureza;0;0;3;0;0;0;0;0;0;0;0;0;0;0;0
13/07/2022;15:52:00;390;Sem vítima;682,000;BR-116/BA;Crescente;Saída de pista;1;0;0;0;0;0;0;0;0;0;0;0;0;0;0
14/07/2022;00:00:00;163;Sem vítima;533,000;BR-116/BA;Crescente;Saída de pista;1;0;0;0;0;0;0;0;0;0;0;0;0;0;0
14/07/2022;07:39:00;139;Sem vítima;621,000;BR-324/BA;Decrescente;Colisão traseira;1;0;0;0;0;0;0;0;0;0;0;0;0;0;0
14/07/2022;08:01:00;166;Sem vítima;622,000;BR-324/BA;Decrescente;Colisão traseira;2;0;0;0;0;0;0;0;0;0;0;0;0;0;0