data;horario;n_da_ocorrencia;tipo_de_ocorrencia;km;trecho;sentido;tipo_de_acidente;automovel;bicicleta;caminhao;moto;onibus;outros;tracao_animal;transporte_de_cargas_especiais;trator_maquinas;utilitarios;ilesos;levemente_feridos;moderadamente_feridos;gravemente_feridos;mortos
14/07/2022;14:25:00;342;Sem vítima;781,000;BR-116/BA;Crescente;Saída de pista;1;0;0;0;0;0;0;0;0;0;0;0;0;0;0
14/07/2022;18:07:00;445;Sem vítima;543,000;BR-324/BA;Crescente;Colisão lateral no mesmo sentido;1;0;0;0;1;0;0;0;0;0;0;0;0;0;0
15/07/2022;05:28:00;102;Com vítima;817,000;BR-116/BA;Crescente;Colisão frontal;0;0;2;0;0;0;0;0;0;0;0;2;0;0;0
15/07/2022;09:36:00;208;Com vítima;657,000;BR-116/BA;Decrescente;Colisão lateral no mesmo sentido;0;0;2;0;0;0;0;0;0;0;0;1;0;0;0
15/07/2022;11:36:00;280;Sem vítima;864,000;BR-116/BA;Crescente;Colisão traseira;0;0;2;0;0;0;0;0;0;0;0;0;0;0;0
16/07/2022;07:45:00;134;Com vítima;536,000;BR-324/BA;Crescente;Acidentes de outra natureza;0;0;0;1;0;0;0;0;0;0;0;1;0;0;0
16/07/2022;09:19:00;193;Sem vítima;611,000;BR-324/BA;Crescente;Colisão traseira;0;0;0;0;0;0;0;0;0;2;0;0;0;0;0
16/07/2022;11:17:00;240;Com vítima;3,000;CONTORNO SUL  - FS/BA;Crescente;Colisão traseira;0;0;0;1;0;1;0;0;0;0;0;2;0;0;0
16/07/2022;16:24:00;362;Sem vítima;438,000;BR-116/BA;Crescente;Capotamento;0;0;1;0;0;0;0;0;0;0;0;0;0;0;0
16/07/2022;22:11:00;458;Sem vítima;619,000;BR-324/BA;Decrescente;Colisão lateral no mesmo sentido;2;0;0;0;0;0;0;0;0;0;0;0;0;0;0
17/07/2022;06:29:00;73;Sem vítima;896,000;BR-116/BA;Crescente;Colisão traseira;1;0;0;0;0;0;0;0;0;0;0;0;0;0;0
17/07/2022;07:28:00;88;Com vítima;613,000;BR-324/BA;Crescente;Colisão lateral no mesmo sentido;0;0;0;1;0;0;0;0;0;0;0;0;0;1;0
18/07/2022;06:22:00;129;Sem vítima;437,000;BR-116/BA;Crescente;Atropelamento de animal;0;0;1;0;0;0;0;0;0;0;0;0;0;0;0
18/07/2022;07:35:00;164;Sem vítima;539,000;BR-116/BA;Crescente;Colisão traseira;0;0;0;0;0;1;0;0;0;1;0;0;0;0;0
18/07/2022;14:15:00;342;Sem vítima;441,000;BR-116/BA;Decrescente;Saída de pista;0;0;0;0;0;0;0;0;0;1;0;0;0;0;0
18/07/2022;18:39:00;446;Com vítima;520,000;BR-324/BA;Decrescente;Acidentes de outra natureza;3;0;0;0;0;0;0;0;0;0;0;1;0;0;0
19/07/2022;07:54:00;177;Com vítima;574,000;BR-324/BA;Crescente;Capotamento;0;0;1;0;0;0;0;0;0;0;0;0;1;0;0
19/07/2022;17:34:00;395;Sem vítima;456,000;BR-116/BA;Crescente;Colisão traseira;1;0;0;0;0;0;0;0;0;0;0;0;0;0;0
19/07/2022;21:02:00;472;Sem vítima;559,000;BR-116/BA;Decrescente;Colisão lateral no mesmo sentido;1;0;0;0;0;1;0;0;0;0;0;0;0;0;0
20/07/2022;01:02:00;64;Sem vítima;558,000;BR-324/BA;Crescente;Saída de pista;0;0;1;0;0;0;0;0;0;0;0;0;0;0;0
20/07/2022;06:47:00;153;Sem vítima;16,000;CONTORNO - VC/BA;Decrescente;Colisão lateral no mesmo sentido;0;0;1;0;0;0;0;0;0;0;1;0;0;0;0
20/07/2022;07:59:00;182;Sem vítima;550,000;BR-324/BA;Crescente;Saída de pista;0;0;1;0;0;0;0;0;0;0;1;0;0;0;0
20/07/2022;08:43:00;214;Sem vítima;518,000;BR-324/BA;Decrescente;Colisão traseira;0;0;1;0;0;0;0;0;0;0;1;0;0;0;0
20/07/2022;09:37:00;236;Com vítima;543,000;BR-324/BA;Decrescente;Saída de pista;0;0;0;0;0;0;0;0;0;1;0;0;1;0;0
20/07/2022;15:10:00;400;Com vítima;854,000;BR-116/BA;Decrescente;Colisão frontal;1;0;0;0;0;0;0;0;0;0;0;1;0;0;0
20/07/2022;18:21:00;471;Sem vítima;622,000;BR-324/BA;Decrescente;Acidentes de outra natureza;0;0;0;0;0;1;0;0;0;0;0;0;0;0;0
20/07/2022;19:19:00;477;Sem vítima;11,000;CONTORNO - VC/BA;Crescente;Colisão transversal;0;0;0;1;0;0;0;0;0;0;1;0;0;0;0
21/07/2022;18:15:00;389;Com vítima;821,000;BR-116/BA;Crescente;Colisão traseira;0;1;0;1;0;0;0;0;0;0;0;2;0;0;0
21/07/2022;18:42:00;393;Com vítima;861,000;BR-116/BA;Crescente;Atropelamento de animal;0;0;0;0;0;0;0;0;0;1;0;1;0;0;0
22/07/2022;11:47:00;244;Sem vítima;750,000;BR-116/BA;Crescente;Atropelamento de animal;1;0;0;0;0;0;0;0;0;0;0;0;0;0;0
22/07/2022;14:53:00;315;Sem vítima;600,000;BR-324/BA;Crescente;Acidentes de outra natureza;3;0;0;0;0;0;0;0;0;0;0;0;0;0;0
22/07/2022;15:22:00;326;Com vítima;674,000;BR-116/BA;Decrescente;Colisão transversal;1;0;1;0;0;0;0;0;0;0;0;2;1;0;0
22/07/2022;16:00:00;345;Com vítima;648,000;BR-116/BA;Crescente;Colisão lateral no mesmo sentido;1;0;1;0;0;0;0;0;0;0;0;0;0;1;0
22/07/2022;16:45:00;357;Com vítima;577,000;BR-324/BA;Crescente;Acidentes de outra natureza;1;0;0;1;0;0;0;0;0;0;0;1;0;0;0
22/07/2022;17:26:00;386;Sem vítima;555,000;BR-324/BA;Decrescente;Saída de pista;0;0;0;0;0;0;0;0;0;1;0;0;0;0;0
23/07/2022;14:10:00;281;Sem vítima;526,000;BR-324/BA;Crescente;Queda de moto;1;0;0;0;0;1;0;0;0;0;0;0;0;0;0
23/07/2022;19:51:00;391;Sem vítima;572,000;BR-324/BA;Crescente;Saída de pista;1;0;0;0;0;0;0;0;0;0;0;0;0;0;0
23/07/2022;21:19:00;429;Sem vítima;18,000;CONTORNO - VC/BA;Decrescente;Atropelamento de animal;1;0;0;0;0;0;0;0;0;0;0;0;0;0;0
25/07/2022;07:41:00;152;Sem vítima;581,000;BR-324/BA;Decrescente;Saída de pista;1;0;0;0;0;0;0;0;0;0;0;0;0;0;0
25/07/2022;10:38:00;266;Sem vítima;471,000;BR-116/BA;Decrescente;Saída de pista;0;0;1;0;0;0;0;0;0;0;0;0;0;0;0
25/07/2022;22:06:00;503;Com vítima;567,000;BR-116/BA;Decrescente;Colisão traseira;0;0;0;1;0;1;0;0;0;0;0;0;2;0;0
25/07/2022;23:27:00;511;Com vítima;560,000;BR-324/BA;Decrescente;Saída de pista;1;0;0;0;0;0;0;0;0;0;0;2;0;0;0
27/07/2022;07:51:00;128;Com vítima;604,000;BR-324/BA;Decrescente;Acidentes de outra natureza;0;0;0;1;0;0;0;0;0;0;0;0;1;0;0
27/07/2022;17:34:00;373;Com vítima;611,000;BR-324/BA;Crescente;Colisão lateral no mesmo sentido;1;0;0;1;0;0;0;0;0;0;0;1;0;0;0
27/07/2022;18:04:00;397;Sem vítima;528,000;BR-324/BA;Crescente;Colisão lateral no mesmo sentido;1;0;1;0;0;0;0;0;0;0;0;0;0;0;0
28/07/2022;05:43:00;100;Sem vítima;550,000;BR-116/BA;Crescente;Colisão lateral no mesmo sentido;0;0;2;0;0;0;0;0;0;0;0;0;0;0;0
28/07/2022;09:32:00;196;Sem vítima;571,000;BR-324/BA;Crescente;Saída de pista;1;0;0;0;0;0;0;0;0;0;0;0;0;0;0
28/07/2022;12:05:00;225;Com vítima;518,000;BR-324/BA;Decrescente;Acidentes de outra natureza;0;0;1;0;0;0;0;0;0;0;0;0;1;0;0
29/07/2022;07:31:00;131;Sem vítima;567,000;BR-324/BA;Crescente;Saída de pista;1;0;0;0;0;0;0;0;0;0;0;0;0;0;0
29/07/2022;08:11:00;151;Com vítima;634,000;BR-116/BA;Decrescente;Colisão traseira;2;0;0;0;0;0;0;0;0;0;0;2;1;0;0
29/07/2022;09:29:00;130;Sem vítima;615,000;BR-324/BA;Crescente;Acidentes de outra natureza;3;0;0;0;0;0;0;0;0;1;0;0;0;0;0
29/07/2022;10:29:00;250;Sem vítima;527,000;BR-324/BA;Crescente;Colisão transversal;1;0;1;0;0;0;0;0;0;0;0;0;0;0;0
29/07/2022;17:09:00;381;Com vítima;520,000;BR-324/BA;Decrescente;Colisão traseira;0;0;0;1;0;0;0;0;0;1;0;0;1;0;0
29/07/2022;17:35:00;412;Sem vítima;648,000;BR-116/BA;Decrescente;Saída de pista;0;0;0;0;0;0;0;0;0;1;0;0;0;0;0
29/07/2022;18:30:00;440;Sem vítima;619,000;BR-324/BA;Decrescente;Colisão traseira;2;0;0;0;0;0;0;0;0;0;0;0;0;0;0
29/07/2022;21:21:00;451;Sem vítima;457,000;BR-116/BA;Crescente;Saída de pista;1;0;0;0;0;0;0;0;0;0;0;0;0;0;0
31/07/2022;09:03:00;144;Com vítima;544,000;BR-116/BA;Crescente;Acidentes de outra natureza;0;0;0;1;0;0;0;0;0;0;0;1;0;0;0
31/07/2022;19:29:00;384;Sem vítima;551,000;BR-324/BA;Crescente;Colisão traseira;2;0;0;0;0;0;0;0;0;0;0;0;0;0;0
31/07/2022;20:13:00;416;Sem vítima;775,000;BR-116/BA;Crescente;Saída de pista;0;0;0;0;0;0;0;0;0;1;0;0;0;0;0
01/08/2022;06:54:00;88;Sem vítima;615,000;BR-324/BA;Crescente;Colisão traseira;1;0;1;0;0;0;0;0;0;0;0;0;0;0;0
01/08/2022;13:56:00;309;Sem vítima;530,000;BR-324/BA;Decrescente;Colisão lateral no mesmo sentido;0;0;0;1;0;0;0;0;0;1;0;0;0;0;0
02/08/2022;00:00:00;292;Sem vítima;605,000;BR-324/BA;Crescente;Colisão traseira;1;0;1;0;0;0;0;0;0;0;0;0;0;0;0
02/08/2022;07:59:00;159;Sem vítima;619,000;BR-324/BA;Crescente;Colisão traseira;2;0;0;0;0;0;0;0;0;0;0;0;0;0;0
03/08/2022;08:32:00;135;Sem vítima;804,000;BR-116/BA;Crescente;Saída de pista;0;0;0;0;0;0;0;0;0;1;0;0;0;0;0
03/08/2022;16:31:00;388;Sem vítima;518,000;BR-324/BA;Decrescente;Colisão traseira;0;0;2;0;0;0;0;0;0;0;0;0;0;0;0
03/08/2022;16:44:00;391;Sem vítima;581,000;BR-324/BA;Decrescente;Saída de pista;0;0;0;0;0;0;0;0;0;1;0;0;0;0;0
04/08/2022;00:00:00;217;Sem vítima;640,000;BR-116/BA;Decrescente;Colisão traseira;0;0;2;0;0;0;0;0;0;0;0;0;0;0;0
04/08/2022;06:26:00;99;Sem vítima;599,000;BR-324/BA;Decrescente;Colisão traseira;2;0;0;0;0;0;0;0;0;0;0;0;0;0;0
04/08/2022;14:02:00;244;Com vítima;583,000;BR-116/BA;Crescente;Colisão traseira;1;0;0;0;0;1;0;0;0;0;0;4;0;0;0
04/08/2022;15:50:00;318;Sem vítima;853,000;BR-116/BA;Crescente;Saída de pista;1;0;0;0;0;0;0;0;0;0;0;0;0;0;0
04/08/2022;17:49:00;344;Sem vítima;829,000;BR-116/BA;Decrescente;Colisão traseira;1;0;0;0;0;1;0;0;0;0;0;0;0;0;0
04/08/2022;19:24:00;367;Com vítima;430,000;BR-116/BA;Decrescente;Acidentes de outra natureza;0;0;2;0;0;0;0;0;0;0;0;0;0;1;0
05/08/2022;00:00:00;197;Sem vítima;613,000;BR-324/BA;Crescente;Acidentes de outra natureza;3;0;0;0;0;0;0;0;0;0;0;0;0;0;0
05/08/2022;00:00:00;406;Sem vítima;642,000;BR-116/BA;Decrescente;Colisão lateral no mesmo sentido;0;0;2;0;0;0;0;0;0;0;0;0;0;0;0
05/08/2022;04:10:00;74;Sem vítima;620,000;BR-324/BA;Crescente;Colisão traseira;0;0;0;1;0;1;0;0;0;0;0;0;0;0;0
05/08/2022;04:45:00;76;Sem vítima;14,000;CONTORNO - VC/BA;Decrescente;Colisão traseira;1;0;0;0;0;0;0;0;0;1;0;0;0;0;0
05/08/2022;08:20:00;133;Com vítima;612,000;BR-324/BA;Crescente;Acidentes de outra natureza;3;0;0;0;0;0;0;0;0;0;0;3;1;0;0
05/08/2022;08:36:00;126;Com vítima;786,000;BR-116/BA;Crescente;Colisão traseira;0;0;1;0;0;0;0;0;0;1;0;1;0;0;0
05/08/2022;09:27:00;162;Sem vítima;610,000;BR-324/BA;Crescente;Colisão traseira;1;0;0;0;0;0;0;0;0;0;0;0;0;0;0
06/08/2022;07:58:00;132;Sem vítima;568,000;BR-324/BA;Crescente;Saída de pista;1;0;0;0;0;0;0;0;0;0;0;0;0;0;0
06/08/2022;09:01:00;183;Sem vítima;815,000;BR-116/BA;Decrescente;Colisão traseira;1;0;1;0;0;0;0;0;0;0;0;0;0;0;0
06/08/2022;09:27:00;190;Sem vítima;547,000;BR-324/BA;Decrescente;Colisão traseira;2;0;0;0;0;0;0;0;0;0;0;0;0;0;0
06/08/2022;11:23:00;220;Sem vítima;617,000;BR-324/BA;Crescente;Colisão lateral no mesmo sentido;0;0;0;2;0;0;0;0;0;0;0;0;0;0;0
06/08/2022;19:20:00;402;Com vítima;850,000;BR-116/BA;Crescente;Colisão lateral no mesmo sentido;1;0;1;0;0;0;0;0;0;0;0;2;0;0;0
06/08/2022;20:29:00;410;Sem vítima;457,000;BR-116/BA;Decrescente;Atropelamento de animal;0;0;1;0;0;0;0;0;0;0;0;0;0;0;0
06/08/2022;21:28:00;453;Sem vítima;543,000;BR-324/BA;Crescente;Saída de pista;1;0;0;0;0;0;0;0;0;0;0;0;0;0;0
07/08/2022;03:27:00;38;Sem vítima;583,000;BR-324/BA;Decrescente;Saída de pista;1;0;0;0;0;0;0;0;0;0;0;0;0;0;0
07/08/2022;11:39:00;153;Sem vítima;908,000;BR-116/BA;Crescente;Colisão traseira;0;0;2;0;0;0;0;0;0;0;0;0;0;0;0
07/08/2022;14:47:00;214;Com vítima;735,000;BR-116/BA;Decrescente;Atropelamento de pedestre;0;0;0;0;0;1;0;0;0;0;0;1;0;0;0
07/08/2022;20:29:00;310;Com vítima;602,000;BR-116/BA;Decrescente;Saída de pista;0;0;1;0;0;0;0;0;0;0;0;1;0;0;0
08/08/2022;04:32:00;71;Com vítima;557,000;BR-324/BA;Crescente;Colisão traseira;0;0;2;0;0;0;0;0;0;0;0;0;0;1;0
08/08/2022;08:24:00;150;Sem vítima;535,000;BR-116/BA;Decrescente;Saída de pista;0;0;1;0;0;0;0;0;0;0;0;0;0;0;0
08/08/2022;11:59:00;281;Com vítima;622,000;BR-324/BA;Crescente;Colisão lateral no mesmo sentido;0;0;0;1;0;1;0;0;0;0;0;1;0;0;0
09/08/2022;01:19:00;62;Com vítima;531,000;BR-324/BA;Decrescente;Colisão traseira;0;0;2;0;0;0;0;0;0;0;0;0;0;1;1
09/08/2022;05:18:00;98;Sem vítima;757,000;BR-116/BA;Crescente;Colisão traseira;0;0;2;0;0;0;0;0;0;0;0;0;0;0;0
09/08/2022;16:57:00;349;Sem vítima;593,000;BR-324/BA;Decrescente;Colisão transversal;1;0;0;0;0;0;0;0;0;0;0;0;0;0;0
09/08/2022;18:13:00;365;Com vítima;828,000;BR-116/BA;Crescente;Colisão lateral no mesmo sentido;0;0;0;1;0;1;0;0;0;0;0;0;1;0;0
10/08/2022;02:55:00;65;Com vítima;597,000;BR-324/BA;Crescente;Atropelamento de animal;0;0;0;0;0;0;0;0;0;1;0;1;0;0;0
10/08/2022;05:58:00;101;Sem vítima;585,000;BR-116/BA;Crescente;Saída de pista;0;0;1;0;0;0;0;0;0;0;0;0;0;0;0
10/08/2022;06:28:00;107;Sem vítima;551,000;BR-324/BA;Crescente;Colisão lateral no mesmo sentido;1;0;1;0;0;0;0;0;0;0;0;0;0;0;0
10/08/2022;07:46:00;150;Com vítima;616,000;BR-324/BA;Decrescente;Colisão traseira;0;0;0;1;0;0;0;0;0;1;0;0;1;0;0
10/08/2022;10:16:00;177;Com vítima;817,000;BR-116/BA;Crescente;Colisão transversal;0;0;0;1;0;0;0;0;0;0;0;1;0;0;0
11/08/2022;00:00:00;103;Com vítima;643,000;BR-116/BA;Crescente;Saída de pista;0;0;1;0;0;0;0;0;0;0;0;0;1;0;0
11/08/2022;03:27:00;99;Com vítima;697,000;BR-116/BA;Decrescente;Saída de pista;0;0;1;0;0;0;0;0;0;0;0;0;1;0;0
11/08/2022;06:06:00;132;Sem vítima;927,000;BR-116/BA;Decrescente;Colisão frontal;1;0;0;0;0;0;0;0;0;1;0;0;0;0;0
11/08/2022;07:08:00;147;Sem vítima;622,000;BR-324/BA;Crescente;Colisão traseira;1;0;0;0;0;0;0;0;0;1;0;0;0;0;0
11/08/2022;09:51:00;214;Com vítima;785,000;BR-116/BA;Crescente;Acidentes de outra natureza;0;0;0;1;0;0;0;0;0;0;0;1;0;0;0
11/08/2022;16:47:00;359;Sem vítima;624,000;BR-324/BA;Crescente;Acidentes de outra natureza;0;0;0;1;0;0;0;0;0;0;0;0;0;0;0
11/08/2022;18:13:00;411;Sem vítima;574,000;BR-324/BA;Decrescente;Colisão lateral no mesmo sentido;1;0;0;0;0;1;0;0;0;0;0;0;0;0;0
12/08/2022;00:00:00;473;Sem vítima;532,000;BR-324/BA;Decrescente;Colisão traseira;1;0;0;0;0;1;0;0;0;0;0;0;0;0;0
12/08/2022;07:16:00;96;Sem vítima;613,000;BR-324/BA;Crescente;Colisão traseira;0;0;1;0;0;1;0;0;0;0;0;0;0;0;0
12/08/2022;08:23:00;177;Sem vítima;626,000;BR-324/BA;Decrescente;Acidentes de outra natureza;2;0;0;0;0;1;0;0;0;0;0;0;0;0;0
12/08/2022;13:18:00;315;Sem vítima;529,000;BR-324/BA;Decrescente;Colisão transversal;1;0;0;0;0;1;0;0;0;0;0;0;0;0;0
12/08/2022;19:28:00;479;Sem vítima;601,000;BR-324/BA;Crescente;Saída de pista;1;0;0;0;0;0;0;0;0;0;0;0;0;0;0
12/08/2022;21:45:00;540;Sem vítima;728,000;BR-116/BA;Decrescente;Saída de pista;0;0;1;0;0;0;0;0;0;0;0;0;0;0;0
13/08/2022;06:56:00;134;Com vítima;806,000;BR-116/BA;Crescente;Acidentes de outra natureza;0;0;0;1;0;0;0;0;0;0;0;1;0;0;0
13/08/2022;11:13:00;211;Com vítima;641,000;BR-116/BA;Decrescente;Colisão lateral no mesmo sentido;0;0;3;0;0;0;0;0;0;0;0;1;0;0;0
13/08/2022;14:07:00;283;Sem vítima;587,000;BR-116/BA;Crescente;Colisão lateral no mesmo sentido;1;0;1;0;0;0;0;0;0;0;0;0;0;0;0
13/08/2022;14:57:00;297;Sem vítima;596,000;BR-324/BA;Decrescente;Acidentes de outra natureza;2;0;0;0;0;1;0;0;0;0;0;0;0;0;0
13/08/2022;17:02:00;349;Sem vítima;599,000;BR-324/BA;Crescente;Colisão lateral no mesmo sentido;1;0;0;0;0;0;0;0;0;1;0;0;0;0;0
13/08/2022;18:35:00;369;Sem vítima;614,000;BR-324/BA;Crescente;Acidentes de outra natureza;2;0;0;0;0;1;0;0;0;0;0;0;0;0;0
15/08/2022;06:06:00;134;Sem vítima;576,000;BR-116/BA;Crescente;Saída de pista;1;0;0;0;0;0;0;0;0;0;0;0;0;0;0
15/08/2022;06:14:00;138;Sem vítima;606,000;BR-324/BA;Crescente;Acidentes de outra natureza;0;0;0;1;0;0;0;0;0;0;0;0;0;0;0
15/08/2022;07:37:00;163;Com vítima;509,000;BR-116/BA;Decrescente;Saída de pista;0;0;1;0;0;0;0;0;0;0;0;1;0;0;0
15/08/2022;10:21:00;271;Sem vítima;608,000;BR-324/BA;Decrescente;Colisão lateral no mesmo sentido;0;0;1;0;0;0;0;0;0;1;0;0;0;0;0
15/08/2022;16:55:00;389;Sem vítima;613,000;BR-324/BA;Crescente;Colisão traseira;1;0;0;0;0;1;0;0;0;0;0;0;0;0;0
15/08/2022;17:46:00;430;Sem vítima;610,000;BR-324/BA;Crescente;Acidentes de outra natureza;3;0;0;0;0;0;0;0;0;0;0;0;0;0;0
15/08/2022;18:55:00;449;Sem vítima;14,000;CONTORNO - VC/BA;Decrescente;Saída de pista;1;0;0;0;0;0;0;0;0;0;0;0;0;0;0
15/08/2022;22:09:00;499;Sem vítima;566,000;BR-324/BA;Decrescente;Colisão lateral no mesmo sentido;0;0;1;0;0;1;0;0;0;0;0;0;0;0;0
15/08/2022;23:42:00;518;Sem vítima;896,000;BR-116/BA;Decrescente;Saída de pista;0;0;1;0;0;0;0;0;0;0;0;0;0;0;0
15/08/2022;23:44:00;519;Sem vítima;590,000;BR-116/BA;Crescente;Colisão lateral no mesmo sentido;0;0;2;0;0;0;0;0;0;0;0;0;0;0;0
16/08/2022;07:39:00;157;Sem vítima;567,000;BR-324/BA;Decrescente;Colisão traseira;2;0;0;0;0;0;0;0;0;0;0;0;0;0;0
16/08/2022;09:22:00;236;Com vítima;550,000;BR-324/BA;Crescente;Saída de pista;1;0;0;0;0;0;0;0;0;0;0;2;1;1;0
16/08/2022;15:05:00;346;Sem vítima;6,000;CONTORNO - VC/BA;Crescente;Colisão transversal;1;0;1;0;0;0;0;0;0;0;0;0;0;0;0
16/08/2022;17:19:00;389;Sem vítima;604,000;BR-324/BA;Decrescente;Acidentes de outra natureza;0;0;0;1;0;0;0;0;0;0;0;0;0;0;0
17/08/2022;06:16:00;98;Sem vítima;832,000;BR-116/BA;Decrescente;Colisão transversal;1;0;0;0;0;0;0;0;0;1;0;0;0;0;0
17/08/2022;14:23:00;295;Sem vítima;518,000;BR-324/BA;Decrescente;Colisão traseira;1;0;1;0;0;0;0;0;0;0;0;0;0;0;0
17/08/2022;15:33:00;346;Sem vítima;873,000;BR-116/BA;Crescente;Colisão traseira;0;0;2;0;0;0;0;0;0;0;0;0;0;0;0
17/08/2022;17:37:00;381;Com vítima;5,000;CONTORNO SUL  - FS/BA;Crescente;Acidentes de outra natureza;0;0;0;1;0;0;0;0;0;0;0;1;1;0;0
17/08/2022;17:57:00;385;Com vítima;618,000;BR-324/BA;Decrescente;Acidentes de outra natureza;0;0;0;1;0;0;0;0;0;0;0;2;0;0;0
17/08/2022;18:36:00;395;Sem vítima;616,000;BR-324/BA;Crescente;Acidentes de outra natureza;0;0;0;1;0;0;0;0;0;0;0;0;0;0;0
18/08/2022;08:29:00;148;Sem vítima;592,000;BR-324/BA;Decrescente;Colisão traseira;1;0;0;0;0;0;0;0;0;1;0;0;0;0;0
18/08/2022;08:34:00;162;Sem vítima;696,000;BR-116/BA;Crescente;Saída de pista;1;0;0;0;0;0;0;0;0;0;0;0;0;0;0
18/08/2022;09:50:00;207;Com vítima;596,000;BR-116/BA;Crescente;Saída de pista;0;0;1;0;0;0;0;0;0;0;0;0;0;1;0
18/08/2022;18:00:00;382;Sem vítima;838,000;BR-116/BA;Crescente;Colisão transversal;0;0;2;0;0;0;0;0;0;0;0;0;0;0;0
19/08/2022;05:30:00;103;Sem vítima;0,000;526/BA;Crescente;Colisão frontal;2;0;0;0;0;0;0;0;0;0;0;0;0;0;0
19/08/2022;10:05:00;211;Sem vítima;627,000;BR-116/BA;Decrescente;Colisão traseira;0;0;1;0;0;1;0;0;0;0;0;0;0;0;0
19/08/2022;11:13:00;228;Sem vítima;588,000;BR-324/BA;Decrescente;Saída de pista;0;0;1;0;0;0;0;0;0;0;0;0;0;0;0
19/08/2022;15:51:00;367;Sem vítima;560,000;BR-324/BA;Decrescente;Saída de pista;0;0;0;0;0;0;0;0;0;1;0;0;0;0;0
19/08/2022;16:56:00;383;Com vítima;15,000;CONTORNO - VC/BA;Decrescente;Colisão traseira;1;0;0;1;0;0;0;0;0;0;0;1;0;0;0
19/08/2022;20:57:00;447;Sem vítima;567,000;BR-324/BA;Crescente;Atropelamento de animal;1;0;0;0;0;0;0;0;0;0;0;0;0;0;0
20/08/2022;00:17:00;24;Com vítima;785,000;BR-116/BA;Crescente;Colisão traseira;0;0;2;0;0;0;0;0;0;0;0;1;0;0;0
20/08/2022;01:44:00;32;Sem vítima;609,000;BR-116/BA;Decrescente;Saída de pista;1;0;0;0;0;0;0;0;0;0;0;0;0;0;0
20/08/2022;07:36:00;128;Sem vítima;3,000;528/BA;Decrescente;Colisão lateral no mesmo sentido;0;0;2;0;0;0;0;0;0;0;0;0;0;0;0
20/08/2022;10:36:00;166;Sem vítima;28,000;CONTORNO - VC/BA;Decrescente;Colisão traseira;1;0;1;0;0;0;0;0;0;0;0;0;0;0;0
20/08/2022;10:39:00;168;Sem vítima;524,000;BR-324/BA;Decrescente;Colisão lateral no mesmo sentido;0;0;1;0;0;0;0;0;0;1;0;0;0;0;0
20/08/2022;13:48:00;221;Sem vítima;550,000;BR-324/BA;Crescente;Colisão traseira;1;0;0;0;0;1;0;0;0;0;0;0;0;0;0
20/08/2022;16:24:00;277;Com vítima;626,000;BR-324/BA;Crescente;Choque;1;0;0;0;0;0;0;0;0;0;0;1;0;0;0
20/08/2022;16:34:00;278;Sem vítima;430,000;BR-116/BA;Decrescente;Colisão lateral no mesmo sentido;1;0;0;0;0;1;0;0;0;0;0;0;0;0;0
20/08/2022;22:03:00;345;Sem vítima;427,000;BR-116/BA;Decrescente;Capotamento;0;0;1;0;0;0;0;0;0;0;0;0;0;0;0
21/08/2022;03:08:00;69;Com vítima;576,000;BR-116/BA;Crescente;Saída de pista;0;0;1;0;0;0;0;0;0;0;0;1;0;0;0
21/08/2022;06:36:00;108;Sem vítima;666,000;BR-116/BA;Crescente;Saída de pista;1;0;0;0;0;0;0;0;0;0;0;0;0;0;0
21/08/2022;09:40:00;170;Sem vítima;590,000;BR-324/BA;Crescente;Saída de pista;0;0;1;0;0;0;0;0;0;0;0;0;0;0;0
21/08/2022;10:20:00;175;Sem vítima;595,000;BR-324/BA;Decrescente;Saída de pista;1;0;0;0;0;0;0;0;0;0;0;0;0;0;0
21/08/2022;16:10:00;303;Com vítima;545,000;BR-324/BA;Decrescente;Colisão transversal;2;0;0;0;0;0;0;0;0;0;0;0;1;0;0
22/08/2022;04:51:00;106;Com vítima;608,000;BR-324/BA;Decrescente;Colisão traseira;2;0;0;0;0;0;0;0;0;0;0;2;0;0;0
22/08/2022;10:00:00;213;Sem vítima;568,000;BR-324/BA;Crescente;Saída de pista;0;0;1;0;0;0;0;0;0;0;0;0;0;0;0
22/08/2022;10:27:00;219;Sem vítima;568,000;BR-324/BA;Crescente;Colisão traseira;1;0;0;0;0;0;0;0;0;1;0;0;0;0;0
22/08/2022;11:55:00;214;Sem vítima;568,000;BR-324/BA;Crescente;Saída de pista;1;0;0;0;0;0;0;0;0;0;0;0;0;0;0
22/08/2022;13:11:00;267;Com vítima;567,000;BR-324/BA;Crescente;Saída de pista;1;0;0;0;0;0;0;0;0;0;0;2;0;0;0
22/08/2022;13:18:00;113;Sem vítima;609,000;BR-324/BA;Decrescente;Queda de moto;1;0;0;0;2;0;0;0;0;2;0;0;0;0;0
22/08/2022;14:42:00;296;Sem vítima;607,000;BR-324/BA;Decrescente;Colisão lateral no mesmo sentido;1;0;1;0;0;0;0;0;0;0;0;0;0;0;0
22/08/2022;16:08:00;334;Sem vítima;555,000;BR-324/BA;Decrescente;Colisão lateral no mesmo sentido;0;0;1;0;0;0;0;0;0;1;0;0;0;0;0