data;horario;n_da_ocorrencia;tipo_de_ocorrencia;km;trecho;sentido;tipo_de_acidente;automovel;bicicleta;caminhao;moto;onibus;outros;tracao_animal;transporte_de_cargas_especiais;trator_maquinas;utilitarios;ilesos;levemente_feridos;moderadamente_feridos;gravemente_feridos;mortos
22/08/2022;16:20:00;337;Com vítima;501,000;BR-116/BA;Decrescente;Acidentes de outra natureza;0;0;0;1;0;0;0;0;0;0;0;1;0;0;0
23/08/2022;00:00:00;235;Sem vítima;571,000;BR-324/BA;Crescente;Saída de pista;0;0;1;0;0;0;0;0;0;0;0;0;0;0;0
23/08/2022;06:42:00;108;Sem vítima;556,000;BR-324/BA;Crescente;Saída de pista;1;0;0;0;0;0;0;0;0;0;0;0;0;0;0
23/08/2022;06:51:00;111;Com vítima;545,000;BR-324/BA;Decrescente;Colisão lateral no mesmo sentido;1;0;0;0;0;0;0;0;0;0;0;3;0;0;0
23/08/2022;07:31:00;135;Sem vítima;613,000;BR-324/BA;Decrescente;Colisão lateral no mesmo sentido;0;0;2;0;0;0;0;0;0;0;0;0;0;0;0
23/08/2022;07:48:00;139;Sem vítima;518,000;BR-324/BA;Crescente;Acidentes de outra natureza;4;0;0;0;0;0;0;0;0;0;0;0;0;0;0
23/08/2022;14:16:00;330;Sem vítima;910,000;BR-116/BA;Crescente;Colisão lateral no mesmo sentido;0;0;2;0;0;0;0;0;0;0;0;0;0;0;0
23/08/2022;15:06:00;342;Sem vítima;536,000;BR-116/BA;Decrescente;Capotamento;0;0;1;0;0;0;0;0;0;0;0;0;0;0;0
23/08/2022;15:25:00;345;Sem vítima;573,000;BR-324/BA;Decrescente;Saída de pista;1;0;0;0;0;0;0;0;0;0;0;0;0;0;0
23/08/2022;18:44:00;411;Com vítima;494,000;BR-116/BA;Crescente;Atropelamento de pedestre;0;0;0;0;0;1;0;0;0;0;0;0;0;1;0
23/08/2022;22:10:00;464;Sem vítima;609,000;BR-324/BA;Decrescente;Colisão traseira;2;0;0;0;0;0;0;0;0;0;0;0;0;0;0
24/08/2022;04:12:00;52;Com vítima;576,000;BR-324/BA;Crescente;Colisão traseira;0;0;2;0;0;0;0;0;0;0;0;0;1;0;0
24/08/2022;13:59:00;260;Com vítima;568,000;BR-324/BA;Crescente;Colisão traseira;0;0;1;0;0;0;0;0;0;1;0;0;1;0;0
24/08/2022;18:21:00;342;Com vítima;817,000;BR-116/BA;Crescente;Acidentes de outra natureza;0;0;0;1;0;0;0;0;0;0;0;1;0;0;0
24/08/2022;18:22:00;343;Com vítima;596,000;BR-324/BA;Decrescente;Queda de moto;1;0;1;1;0;0;0;0;0;0;0;0;0;0;1
25/08/2022;06:29:00;75;Sem vítima;571,000;BR-116/BA;Crescente;Capotamento;0;0;1;0;0;0;0;0;0;0;0;0;0;0;0
25/08/2022;09:03:00;155;Com vítima;518,000;BR-324/BA;Crescente;Colisão traseira;1;0;0;1;0;0;0;0;0;0;0;1;0;0;0
25/08/2022;10:01:00;178;Com vítima;7,000;CONTORNO SUL  - FS/BA;Crescente;Capotamento;0;0;1;0;0;0;0;0;0;0;0;2;0;0;0
25/08/2022;10:57:00;218;Sem vítima;657,000;BR-116/BA;Crescente;Colisão traseira;0;0;1;0;0;1;0;0;0;0;0;0;0;0;0
26/08/2022;00:59:00;29;Sem vítima;837,000;BR-116/BA;Decrescente;Colisão traseira;0;0;2;0;0;0;0;0;0;0;0;0;0;0;0
26/08/2022;07:13:00;139;Sem vítima;547,000;BR-324/BA;Decrescente;Engavetamento;1;0;0;0;0;0;0;0;0;0;0;0;0;0;0
26/08/2022;07:25:00;148;Sem vítima;613,000;BR-116/BA;Crescente;Colisão lateral no mesmo sentido;0;0;2;0;0;0;0;0;0;0;0;0;0;0;0
26/08/2022;08:22:00;179;Sem vítima;549,000;BR-324/BA;Decrescente;Colisão traseira;1;0;0;0;0;1;0;0;0;0;0;0;0;0;0
26/08/2022;13:14:00;323;Sem vítima;585,000;BR-324/BA;Crescente;Saída de pista;1;0;0;0;0;0;0;0;0;0;0;0;0;0;0
26/08/2022;14:41:00;349;Sem vítima;758,000;BR-116/BA;Crescente;Colisão transversal;0;0;2;0;0;0;0;0;0;0;0;0;0;0;0
26/08/2022;17:00:00;424;Sem vítima;615,000;BR-324/BA;Crescente;Acidentes de outra natureza;3;0;0;0;0;1;0;0;0;0;0;0;0;0;0
26/08/2022;18:11:00;447;Sem vítima;560,000;BR-324/BA;Decrescente;Colisão traseira;2;0;0;0;0;0;0;0;0;0;0;0;0;0;0
27/08/2022;06:15:00;117;Sem vítima;587,000;BR-324/BA;Crescente;Saída de pista;1;0;0;0;0;0;0;0;0;0;0;0;0;0;0
27/08/2022;07:47:00;140;Sem vítima;1,000;CONTORNO SUL  - FS/BA;Crescente;Colisão traseira;1;0;0;0;0;0;0;0;0;0;0;0;0;0;0
27/08/2022;18:31:00;395;Sem vítima;577,000;BR-324/BA;Decrescente;Colisão lateral no mesmo sentido;1;0;1;0;0;0;0;0;0;0;0;0;0;0;0
27/08/2022;19:45:00;408;Com vítima;599,000;BR-324/BA;Decrescente;Acidentes de outra natureza;0;0;0;1;0;0;0;0;0;0;0;0;1;0;0
28/08/2022;03:40:00;68;Com vítima;861,000;BR-116/BA;Crescente;Colisão lateral no mesmo sentido;1;0;1;0;0;0;0;0;0;0;0;2;2;0;0
28/08/2022;05:32:00;103;Sem vítima;533,000;BR-116/BA;Decrescente;Saída de pista;1;0;0;0;0;0;0;0;0;0;0;0;0;0;0
28/08/2022;12:23:00;224;Sem vítima;661,000;BR-116/BA;Decrescente;Colisão traseira;0;0;2;0;0;0;0;0;0;0;0;0;0;0;0
28/08/2022;19:35:00;348;Sem vítima;616,000;BR-324/BA;Decrescente;Acidentes de outra natureza;0;0;0;1;0;0;0;0;0;0;0;0;0;0;0
29/08/2022;06:53:00;120;Sem vítima;668,000;BR-116/BA;Decrescente;Capotamento;0;0;1;0;0;0;0;0;0;0;0;0;0;0;0
29/08/2022;07:00:00;123;Com vítima;757,000;BR-116/BA;Decrescente;Atropelamento de pedestre;0;0;1;0;0;0;0;0;0;0;0;0;1;0;0
29/08/2022;07:43:00;131;Sem vítima;614,000;BR-324/BA;Crescente;Colisão transversal;1;0;0;0;0;0;0;0;0;1;0;0;0;0;0
29/08/2022;09:10:00;228;Com vítima;832,000;BR-116/BA;Decrescente;Atropelamento de ciclista;0;1;1;0;0;0;0;0;0;0;0;0;0;1;0
29/08/2022;19:12:00;480;Sem vítima;582,000;BR-324/BA;Crescente;Saída de pista;1;0;0;0;0;0;0;0;0;0;0;0;0;0;0
30/08/2022;06:59:00;104;Sem vítima;616,000;BR-324/BA;Decrescente;Colisão traseira;1;0;0;0;0;0;0;0;0;1;0;0;0;0;0
30/08/2022;07:23:00;91;Com vítima;25,000;CONTORNO - VC/BA;Crescente;Saída de pista;1;0;0;0;0;0;0;0;0;0;0;1;0;0;0
30/08/2022;10:33:00;225;Sem vítima;565,000;BR-324/BA;Decrescente;Saída de pista;0;0;1;0;0;0;0;0;0;0;0;0;0;0;0
30/08/2022;10:38:00;228;Sem vítima;599,000;BR-324/BA;Decrescente;Colisão transversal;1;0;1;0;0;0;0;0;0;0;0;0;0;0;0
30/08/2022;11:27:00;237;Sem vítima;546,000;BR-324/BA;Decrescente;Colisão traseira;0;0;0;0;1;0;0;0;0;1;0;0;0;0;0
30/08/2022;16:08:00;347;Sem vítima;590,000;BR-324/BA;Decrescente;Saída de pista;1;0;0;0;0;0;0;0;0;0;0;0;0;0;0
30/08/2022;17:22:00;366;Sem vítima;605,000;BR-324/BA;Crescente;Choque;1;0;0;0;0;0;0;0;0;0;0;0;0;0;0
30/08/2022;20:10:00;424;Sem vítima;530,000;BR-324/BA;Decrescente;Saída de pista;1;0;0;0;0;0;0;0;0;0;0;0;0;0;0
31/08/2022;06:50:00;115;Sem vítima;543,000;BR-324/BA;Decrescente;Saída de pista;1;0;0;0;0;0;0;0;0;0;0;0;0;0;0
31/08/2022;15:48:00;312;Sem vítima;16,000;CONTORNO - VC/BA;Decrescente;Colisão traseira;2;0;0;0;0;0;0;0;0;0;0;0;0;0;0
31/08/2022;21:41:00;417;Com vítima;561,000;BR-324/BA;Crescente;Acidentes de outra natureza;0;0;3;0;0;0;0;0;0;0;0;0;1;0;0
01/09/2022;00:59:00;27;Com vítima;459,000;BR-116/BA;Decrescente;Acidentes de outra natureza;0;0;0;1;0;0;0;0;0;0;0;1;0;0;0
01/09/2022;08:22:00;106;Sem vítima;530,000;BR-324/BA;Decrescente;Saída de pista;1;0;0;0;0;0;0;0;0;0;0;0;0;0;0
01/09/2022;10:44:00;186;Sem vítima;525,000;BR-116/BA;Crescente;Colisão traseira;0;0;2;0;0;0;0;0;0;0;0;0;0;0;0
01/09/2022;11:25:00;201;Sem vítima;552,000;BR-116/BA;Crescente;Colisão traseira;0;0;2;0;0;0;0;0;0;0;0;0;0;0;0
01/09/2022;11:43:00;210;Sem vítima;530,000;BR-116/BA;Crescente;Saída de pista;0;0;1;0;0;0;0;0;0;0;0;0;0;0;0
01/09/2022;13:03:00;219;Sem vítima;596,000;BR-324/BA;Decrescente;Acidentes de outra natureza;0;0;0;1;0;0;0;0;0;0;0;0;0;0;0
01/09/2022;16:50:00;293;Sem vítima;623,000;BR-324/BA;Decrescente;Acidentes de outra natureza;4;0;0;0;0;0;0;0;0;0;0;0;0;0;0
01/09/2022;18:21:00;304;Sem vítima;530,000;BR-324/BA;Crescente;Colisão traseira;0;0;2;0;0;0;0;0;0;0;0;0;0;0;0
02/09/2022;08:20:00;169;Com vítima;525,000;BR-324/BA;Crescente;Colisão traseira;0;0;0;1;0;0;0;0;0;1;0;1;1;0;0
02/09/2022;08:28:00;171;Sem vítima;525,000;BR-324/BA;Crescente;Colisão traseira;1;0;0;0;0;1;0;0;0;0;0;0;0;0;0
02/09/2022;08:41:00;177;Com vítima;619,000;BR-324/BA;Crescente;Acidentes de outra natureza;2;0;0;0;0;0;0;0;0;1;0;1;0;0;0
02/09/2022;09:00:00;197;Sem vítima;560,000;BR-324/BA;Decrescente;Acidentes de outra natureza;2;0;0;0;0;0;0;0;0;1;0;0;0;0;0
02/09/2022;09:01:00;198;Sem vítima;525,000;BR-324/BA;Decrescente;Colisão traseira;0;0;2;0;0;0;0;0;0;0;0;0;0;0;0
02/09/2022;11:46:00;262;Sem vítima;565,000;BR-324/BA;Crescente;Saída de pista;0;0;1;0;0;0;0;0;0;0;0;0;0;0;0
02/09/2022;12:18:00;270;Sem vítima;440,000;BR-116/BA;Decrescente;Saída de pista;0;0;1;0;0;0;0;0;0;0;0;0;0;0;0
02/09/2022;12:22:00;272;Sem vítima;571,000;BR-324/BA;Decrescente;Saída de pista;1;0;0;0;0;0;0;0;0;0;0;0;0;0;0
02/09/2022;14:21:00;329;Sem vítima;569,000;BR-324/BA;Decrescente;Saída de pista;1;0;0;0;0;0;0;0;0;0;0;0;0;0;0
02/09/2022;17:00:00;404;Sem vítima;834,000;BR-116/BA;Crescente;Colisão lateral no mesmo sentido;0;0;0;0;0;1;0;0;0;1;0;0;0;0;0
02/09/2022;17:05:00;406;Com vítima;451,000;BR-116/BA;Decrescente;Acidentes de outra natureza;0;0;0;1;0;0;0;0;0;0;0;0;1;0;0
02/09/2022;17:26:00;413;Com vítima;675,000;BR-116/BA;Decrescente;Colisão traseira;1;0;0;1;0;0;0;0;0;0;0;1;0;0;0
02/09/2022;23:43:00;503;Sem vítima;540,000;BR-324/BA;Crescente;Colisão traseira;1;0;0;0;0;0;0;0;0;0;0;0;0;0;0
03/09/2022;06:24:00;86;Sem vítima;567,000;BR-324/BA;Crescente;Saída de pista;1;0;0;0;0;0;0;0;0;0;0;0;0;0;0
03/09/2022;09:01:00;139;Sem vítima;555,000;BR-324/BA;Decrescente;Saída de pista;1;0;0;0;0;0;0;0;0;0;0;0;0;0;0
03/09/2022;09:05:00;141;Sem vítima;566,000;BR-116/BA;Crescente;Colisão traseira;0;0;2;0;0;0;0;0;0;0;0;0;0;0;0
03/09/2022;12:26:00;188;Sem vítima;557,000;BR-324/BA;Decrescente;Saída de pista;1;0;0;0;0;0;0;0;0;0;0;0;0;0;0
04/09/2022;05:25:00;70;Sem vítima;797,000;BR-116/BA;Decrescente;Colisão traseira;1;0;0;0;0;1;0;0;0;0;0;0;0;0;0
04/09/2022;05:51:00;101;Sem vítima;532,000;BR-116/BA;Decrescente;Colisão lateral no mesmo sentido;1;0;0;0;0;1;0;0;0;0;0;0;0;0;0
04/09/2022;08:13:00;126;Com vítima;605,000;BR-324/BA;Decrescente;Acidentes de outra natureza;0;0;0;1;0;0;0;0;0;0;0;2;0;0;0
04/09/2022;13:29:00;256;Sem vítima;640,000;BR-116/BA;Crescente;Capotamento;0;0;1;0;0;0;0;0;0;0;0;0;0;0;0
05/09/2022;03:56:00;356;Com vítima;623,000;BR-324/BA;Decrescente;Colisão lateral no mesmo sentido;1;0;0;1;0;0;0;0;0;0;0;1;0;0;0
05/09/2022;06:17:00;111;Sem vítima;606,000;BR-324/BA;Crescente;Colisão lateral no mesmo sentido;0;0;0;0;0;0;0;0;0;2;0;0;0;0;0
05/09/2022;06:36:00;113;Sem vítima;605,000;BR-324/BA;Crescente;Acidentes de outra natureza;2;0;0;0;1;0;0;0;0;0;0;0;0;0;0
05/09/2022;07:37:00;136;Sem vítima;521,000;BR-324/BA;Crescente;Colisão transversal;0;0;0;1;0;1;0;0;0;0;0;0;0;0;0
05/09/2022;07:53:00;126;Sem vítima;511,000;BR-116/BA;Decrescente;Saída de pista;0;0;1;0;0;0;0;0;0;0;0;0;0;0;0
05/09/2022;08:24:00;164;Com vítima;619,000;BR-324/BA;Crescente;Colisão traseira;1;0;0;1;0;0;0;0;0;0;0;1;0;0;0
05/09/2022;08:39:00;175;Com vítima;3,000;CONTORNO - VC/BA;Crescente;Colisão transversal;0;0;0;0;0;0;0;0;0;2;0;2;0;0;0
05/09/2022;08:59:00;183;Sem vítima;609,000;BR-324/BA;Crescente;Acidentes de outra natureza;0;0;1;1;0;0;0;0;0;0;0;0;0;0;0
05/09/2022;09:47:00;194;Sem vítima;614,000;BR-324/BA;Crescente;Acidentes de outra natureza;3;0;0;0;0;0;0;0;0;0;0;0;0;0;0
05/09/2022;12:16:00;246;Com vítima;19,000;CONTORNO - VC/BA;Crescente;Colisão lateral no mesmo sentido;0;0;1;1;0;0;0;0;0;0;0;1;1;0;0
05/09/2022;14:46:00;277;Sem vítima;558,000;BR-324/BA;Decrescente;Saída de pista;1;0;0;0;0;0;0;0;0;0;0;0;0;0;0
05/09/2022;14:49:00;278;Sem vítima;479,000;BR-116/BA;Decrescente;Saída de pista;0;0;1;0;0;0;0;0;0;0;0;0;0;0;0
05/09/2022;15:37:00;296;Sem vítima;582,000;BR-324/BA;Crescente;Saída de pista;1;0;0;0;0;0;0;0;0;0;0;0;0;0;0
05/09/2022;16:22:00;335;Com vítima;904,000;BR-116/BA;Decrescente;Colisão lateral no mesmo sentido;1;0;0;1;0;0;0;0;0;0;0;1;0;0;0
05/09/2022;16:58:00;345;Sem vítima;903,000;BR-116/BA;Decrescente;Colisão lateral no mesmo sentido;1;0;0;0;0;1;0;0;0;0;0;0;0;0;0
05/09/2022;20:31:00;403;Sem vítima;549,000;BR-324/BA;Crescente;Colisão transversal;0;0;1;0;0;0;0;0;0;1;0;0;0;0;0
06/09/2022;00:52:00;27;Sem vítima;541,000;BR-324/BA;Crescente;Atropelamento de animal;1;0;0;0;0;0;0;0;0;0;0;0;0;0;0
06/09/2022;04:02:00;68;Sem vítima;569,000;BR-324/BA;Crescente;Saída de pista;0;0;1;0;0;0;0;0;0;0;0;0;0;0;0
06/09/2022;04:41:00;70;Sem vítima;545,000;BR-324/BA;Crescente;Atropelamento de animal;1;0;0;0;0;0;0;0;0;0;0;0;0;0;0
06/09/2022;08:08:00;154;Sem vítima;622,000;BR-324/BA;Crescente;Colisão traseira;1;0;0;1;0;0;0;0;0;0;0;0;0;0;0
06/09/2022;08:16:00;156;Sem vítima;522,000;BR-324/BA;Crescente;Colisão lateral no mesmo sentido;1;0;0;0;0;0;0;0;0;1;0;0;0;0;0
06/09/2022;10:27:00;228;Sem vítima;621,000;BR-324/BA;Crescente;Colisão traseira;1;0;0;0;0;0;0;0;0;0;0;0;0;0;0
08/09/2022;02:05:00;55;Com vítima;668,000;BR-116/BA;Decrescente;Saída de pista;0;0;1;0;0;0;0;0;0;0;0;1;0;0;0
08/09/2022;06:27:00;94;Sem vítima;638,000;BR-116/BA;Decrescente;Capotamento;0;0;1;0;0;0;0;0;0;0;0;0;0;0;0
08/09/2022;07:12:00;102;Com vítima;613,000;BR-324/BA;Decrescente;Colisão lateral no mesmo sentido;1;0;0;1;0;0;0;0;0;0;0;2;0;0;0
08/09/2022;10:27:00;151;Sem vítima;623,000;BR-324/BA;Crescente;Colisão traseira;2;0;0;0;0;0;0;0;0;0;0;0;0;0;0
08/09/2022;12:17:00;198;Sem vítima;803,000;BR-116/BA;Crescente;Colisão lateral no mesmo sentido;0;0;0;1;0;0;0;0;0;1;0;0;0;0;0
08/09/2022;13:16:00;196;Sem vítima;550,000;BR-324/BA;Decrescente;Saída de pista;1;0;0;0;0;0;0;0;0;0;0;0;0;0;0
08/09/2022;15:29:00;245;Sem vítima;592,000;BR-324/BA;Decrescente;Saída de pista;1;0;0;0;0;0;0;0;0;0;0;0;0;0;0
08/09/2022;15:29:00;246;Com vítima;738,000;BR-116/BA;Decrescente;Colisão traseira;1;0;1;0;0;0;0;0;0;0;0;1;0;0;0
08/09/2022;16:07:00;286;Sem vítima;803,000;BR-116/BA;Crescente;Colisão traseira;1;0;0;0;0;1;0;0;0;0;0;0;0;0;0
09/09/2022;12:57:00;277;Sem vítima;545,000;BR-324/BA;Decrescente;Colisão traseira;1;0;1;0;0;0;0;0;0;0;0;0;0;0;0
09/09/2022;14:01:00;294;Com vítima;559,000;BR-324/BA;Decrescente;Engavetamento;1;0;0;0;0;0;0;0;0;0;0;2;0;0;0
09/09/2022;14:56:00;319;Sem vítima;520,000;BR-324/BA;Decrescente;Acidentes de outra natureza;4;0;0;0;0;0;0;0;0;0;0;0;0;0;0
09/09/2022;16:07:00;342;Com vítima;525,000;BR-324/BA;Decrescente;Acidentes de outra natureza;0;0;0;1;0;0;0;0;0;0;0;0;1;0;0
10/09/2022;00:50:00;11;Com vítima;613,000;BR-324/BA;Crescente;Colisão traseira;1;0;0;0;0;1;0;0;0;0;0;1;0;0;0
10/09/2022;17:19:00;307;Com vítima;618,000;BR-324/BA;Decrescente;Colisão traseira;0;0;0;2;0;0;0;0;0;0;0;1;0;0;0
10/09/2022;18:16:00;313;Com vítima;545,000;BR-324/BA;Decrescente;Atropelamento de ciclista;0;1;0;0;0;1;0;0;0;0;0;0;0;1;0
10/09/2022;20:43:00;358;Com vítima;437,000;BR-116/BA;Crescente;Saída de pista;0;0;0;0;0;0;0;0;0;1;0;1;0;0;0
11/09/2022;08:54:00;134;Sem vítima;573,000;BR-116/BA;Crescente;Saída de pista;0;0;1;0;0;0;0;0;0;0;0;0;0;0;0
11/09/2022;14:40:00;252;Com vítima;24,000;CONTORNO - VC/BA;Crescente;Acidentes de outra natureza;0;0;0;1;0;0;0;0;0;0;0;1;0;0;0
11/09/2022;15:24:00;257;Sem vítima;914,000;BR-116/BA;Crescente;Colisão traseira;0;0;2;0;0;0;0;0;0;0;0;0;0;0;0
11/09/2022;18:02:00;327;Com vítima;602,000;BR-324/BA;Crescente;Atropelamento de pedestre;0;0;0;0;0;1;0;0;0;0;0;0;0;0;1
11/09/2022;19:42:00;377;Com vítima;501,000;BR-116/BA;Decrescente;Acidentes de outra natureza;0;0;0;1;0;0;0;0;0;0;0;1;0;0;0
11/09/2022;20:56:00;393;Sem vítima;580,000;BR-324/BA;Crescente;Colisão lateral no mesmo sentido;3;0;0;0;0;0;0;0;0;0;0;0;0;0;0
12/09/2022;01:09:00;60;Sem vítima;583,000;BR-324/BA;Decrescente;Saída de pista;0;0;1;0;0;0;0;0;0;0;0;0;0;0;0
12/09/2022;07:28:00;135;Sem vítima;608,000;BR-324/BA;Crescente;Acidentes de outra natureza;1;0;1;0;0;1;0;0;0;0;0;0;0;0;0
12/09/2022;07:52:00;142;Sem vítima;546,000;BR-324/BA;Decrescente;Engavetamento;1;0;0;0;0;0;0;0;0;0;0;0;0;0;0
12/09/2022;08:58:00;123;Com vítima;816,000;BR-116/BA;Crescente;Atropelamento de ciclista;0;1;0;1;0;0;0;0;0;0;0;2;0;0;0
12/09/2022;11:03:00;222;Sem vítima;815,000;BR-116/BA;Decrescente;Acidentes de outra natureza;0;0;5;0;0;0;0;0;0;0;0;0;0;0;0
12/09/2022;19:18:00;424;Sem vítima;543,000;BR-324/BA;Decrescente;Saída de pista;1;0;0;0;0;0;0;0;0;0;0;0;0;0;0
13/09/2022;06:30:00;105;Sem vítima;480,000;BR-116/BA;Crescente;Saída de pista;0;0;1;0;0;0;0;0;0;0;0;0;0;0;0
13/09/2022;07:49:00;122;Sem vítima;616,000;BR-324/BA;Decrescente;Colisão traseira;2;0;0;0;0;0;0;0;0;0;0;0;0;0;0
13/09/2022;08:15:00;127;Sem vítima;7,000;CONTORNO SUL  - FS/BA;Crescente;Saída de pista;1;0;0;0;0;0;0;0;0;0;0;0;0;0;0
13/09/2022;08:47:00;138;Sem vítima;618,000;BR-324/BA;Crescente;Colisão lateral no mesmo sentido;1;0;0;1;0;0;0;0;0;0;0;0;0;0;0
13/09/2022;09:36:00;174;Sem vítima;571,000;BR-324/BA;Crescente;Colisão traseira;2;0;0;0;0;0;0;0;0;0;0;0;0;0;0
13/09/2022;15:18:00;284;Sem vítima;582,000;BR-324/BA;Crescente;Colisão lateral no mesmo sentido;1;0;1;0;0;0;0;0;0;0;0;0;0;0;0
13/09/2022;16:31:00;327;Sem vítima;672,000;BR-116/BA;Crescente;Colisão traseira;0;0;2;0;0;0;0;0;0;0;0;0;0;0;0
14/09/2022;00:24:00;52;Com vítima;757,000;BR-116/BA;Decrescente;Colisão frontal;1;0;1;0;0;0;0;0;0;0;0;1;0;0;0
14/09/2022;00:35:00;55;Sem vítima;772,000;BR-116/BA;Decrescente;Saída de pista;0;0;0;0;0;0;0;0;0;1;0;0;0;0;0
14/09/2022;03:34:00;99;Sem vítima;664,000;BR-116/BA;Crescente;Engavetamento;0;0;0;0;0;0;0;0;0;1;0;0;0;0;0
14/09/2022;06:02:00;106;Sem vítima;665,000;BR-116/BA;Crescente;Saída de pista;0;0;0;0;0;0;0;0;0;1;0;0;0;0;0
14/09/2022;06:21:00;110;Com vítima;814,000;BR-116/BA;Decrescente;Saída de pista;0;0;0;1;0;0;0;0;0;0;0;1;0;0;0
14/09/2022;07:52:00;124;Sem vítima;615,000;BR-324/BA;Crescente;Colisão traseira;1;0;1;0;0;0;0;0;0;0;0;0;0;0;0
14/09/2022;12:23:00;227;Sem vítima;496,000;BR-116/BA;Crescente;Colisão traseira;1;0;0;0;0;0;0;0;0;1;0;0;0;0;0
14/09/2022;14:09:00;257;Sem vítima;608,000;BR-324/BA;Crescente;Colisão traseira;0;0;1;0;0;1;0;0;0;0;0;0;0;0;0
14/09/2022;14:14:00;260;Com vítima;580,000;BR-324/BA;Crescente;Saída de pista;1;0;0;0;0;0;0;0;0;0;0;1;0;0;0
15/09/2022;13:36:00;279;Com vítima;643,000;BR-116/BA;Crescente;Colisão traseira;1;0;1;0;0;0;0;0;0;0;0;0;2;0;0
15/09/2022;17:28:00;377;Sem vítima;623,000;BR-324/BA;Crescente;Colisão lateral no mesmo sentido;2;0;1;0;0;0;0;0;0;0;0;0;0;0;0
16/09/2022;00:00:00;143;Sem vítima;621,000;BR-324/BA;Crescente;Colisão traseira;1;0;0;1;0;0;0;0;0;0;0;0;0;0;0
16/09/2022;06:29:00;118;Com vítima;529,000;BR-324/BA;Decrescente;Acidentes de outra natureza;0;0;0;1;0;0;0;0;0;0;0;0;1;0;0
16/09/2022;18:17:00;366;Com vítima;815,000;BR-116/BA;Decrescente;Atropelamento de ciclista;0;1;0;1;0;0;0;0;0;0;0;1;0;0;0
16/09/2022;19:12:00;379;Com vítima;24,000;CONTORNO - VC/BA;Crescente;Colisão lateral no mesmo sentido;0;0;1;1;0;0;0;0;0;0;0;1;0;0;0
16/09/2022;20:06:00;387;Sem vítima;581,000;BR-324/BA;Crescente;Saída de pista;0;0;1;0;0;0;0;0;0;0;0;0;0;0;0
17/09/2022;07:20:00;130;Com vítima;426,000;CONTORNO NORTE - FS - 116/BA;Crescente;Colisão traseira;0;0;0;1;0;0;0;0;0;1;0;1;0;0;0
17/09/2022;11:07:00;228;Sem vítima;582,000;BR-324/BA;Crescente;Colisão traseira;1;0;1;0;0;0;0;0;0;0;0;0;0;0;0
17/09/2022;14:49:00;303;Sem vítima;605,000;BR-324/BA;Decrescente;Colisão traseira;0;0;0;0;0;1;0;0;0;1;0;0;0;0;0
18/09/2022;23:59:00;422;Com vítima;621,000;BR-324/BA;Crescente;Choque;0;0;0;1;0;0;0;0;0;0;0;0;1;0;0
19/09/2022;00:00:00;242;Com vítima;828,000;BR-116/BA;Crescente;Acidentes de outra natureza;0;0;0;1;0;0;0;0;0;0;0;0;0;1;0
19/09/2022;04:49:00;78;Com vítima;602,000;BR-324/BA;Decrescente;Colisão traseira;1;0;1;0;0;0;0;0;0;0;0;0;1;0;0
19/09/2022;04:57:00;108;Com vítima;619,000;BR-324/BA;Decrescente;Choque;0;0;0;0;1;0;0;0;0;0;0;1;0;0;0
19/09/2022;06:24:00;117;Sem vítima;602,000;BR-324/BA;Crescente;Colisão traseira;2;0;0;0;0;0;0;0;0;0;0;0;0;0;0
19/09/2022;06:41:00;122;Sem vítima;603,000;BR-324/BA;Crescente;Colisão traseira;2;0;0;0;0;0;0;0;0;0;0;0;0;0;0
19/09/2022;07:08:00;129;Com vítima;426,000;CONTORNO NORTE - FS - 116/BA;Decrescente;Acidentes de outra natureza;3;0;0;1;0;0;0;0;0;0;0;3;0;1;0
19/09/2022;08:25:00;148;Sem vítima;607,000;BR-324/BA;Crescente;Colisão traseira;2;0;0;0;0;0;0;0;0;0;0;0;0;0;0
19/09/2022;10:15:00;206;Sem vítima;580,000;BR-324/BA;Crescente;Colisão traseira;2;0;0;0;0;0;0;0;0;0;0;0;0;0;0
19/09/2022;12:01:00;180;Sem vítima;605,000;BR-324/BA;Crescente;Acidentes de outra natureza;2;0;0;0;0;0;0;0;0;1;0;0;0;0;0
19/09/2022;13:43:00;264;Sem vítima;694,000;BR-116/BA;Crescente;Colisão traseira;0;0;1;0;0;1;0;0;0;0;0;0;0;0;0
19/09/2022;21:23:00;414;Com vítima;457,000;BR-116/BA;Crescente;Saída de pista;0;0;0;0;0;0;0;0;0;1;0;1;0;0;0
19/09/2022;23:30:00;459;Sem vítima;452,000;BR-116/BA;Decrescente;Saída de pista;1;0;0;0;0;0;0;0;0;0;0;0;0;0;0
20/09/2022;00:56:00;58;Sem vítima;525,000;BR-324/BA;Decrescente;Colisão traseira;1;0;1;0;0;0;0;0;0;0;0;0;0;0;0
20/09/2022;01:49:00;62;Sem vítima;572,000;BR-324/BA;Crescente;Saída de pista;1;0;0;0;0;0;0;0;0;0;0;0;0;0;0
20/09/2022;10:12:00;202;Sem vítima;518,000;BR-324/BA;Decrescente;Colisão traseira;1;0;0;0;0;0;0;0;0;0;0;0;0;0;0