data;horario;n_da_ocorrencia;tipo_de_ocorrencia;km;trecho;sentido;tipo_de_acidente;automovel;bicicleta;caminhao;moto;onibus;outros;tracao_animal;transporte_de_cargas_especiais;trator_maquinas;utilitarios;ilesos;levemente_feridos;moderadamente_feridos;gravemente_feridos;mortos
20/09/2022;11:18:00;246;Sem vítima;527,000;BR-116/BA;Decrescente;Colisão traseira;0;0;2;0;0;0;0;0;0;0;0;0;0;0;0
20/09/2022;16:35:00;393;Sem vítima;614,000;BR-324/BA;Crescente;Saída de pista;0;0;1;0;0;0;0;0;0;0;0;0;0;0;0
21/09/2022;07:35:00;133;Com vítima;776,000;BR-116/BA;Crescente;Colisão frontal;0;0;1;1;0;0;0;0;0;0;0;1;0;1;1
21/09/2022;14:44:00;275;Sem vítima;518,000;BR-324/BA;Decrescente;Acidentes de outra natureza;1;0;2;1;0;0;0;0;0;0;0;0;0;0;0
22/09/2022;07:45:00;119;Sem vítima;535,000;BR-324/BA;Decrescente;Colisão traseira;1;0;0;0;0;0;0;0;0;1;0;0;0;0;0
23/09/2022;13:47:00;294;Com vítima;602,000;BR-324/BA;Decrescente;Saída de pista;1;0;0;0;0;0;0;0;0;1;0;1;1;0;0
23/09/2022;15:54:00;335;Sem vítima;570,000;BR-324/BA;Decrescente;Colisão traseira;2;0;0;0;0;0;0;0;0;0;0;0;0;0;0
23/09/2022;19:49:00;420;Sem vítima;540,000;BR-324/BA;Crescente;Colisão lateral no mesmo sentido;0;0;2;0;0;0;0;0;0;0;0;0;0;0;0
23/09/2022;21:06:00;433;Sem vítima;522,000;BR-116/BA;Crescente;Saída de pista;0;0;1;0;0;0;0;0;0;0;0;0;0;0;0
24/09/2022;00:00:00;169;Sem vítima;753,000;BR-116/BA;Crescente;Acidentes de outra natureza;0;0;3;0;0;0;0;0;0;0;0;0;0;0;0
24/09/2022;01:46:00;63;Sem vítima;749,000;BR-116/BA;Crescente;Saída de pista;0;0;1;0;0;0;0;0;0;0;0;0;0;0;0
24/09/2022;03:10:00;70;Sem vítima;436,000;BR-116/BA;Decrescente;Saída de pista;0;0;1;0;0;0;0;0;0;0;0;0;0;0;0
24/09/2022;09:38:00;154;Sem vítima;525,000;BR-324/BA;Crescente;Colisão traseira;0;0;2;0;0;0;0;0;0;0;0;0;0;0;0
24/09/2022;13:29:00;199;Sem vítima;622,000;BR-324/BA;Decrescente;Acidentes de outra natureza;0;0;0;1;0;0;0;0;0;1;0;0;0;0;0
24/09/2022;15:45:00;240;Com vítima;550,000;BR-324/BA;Decrescente;Acidentes de outra natureza;0;0;0;1;0;0;0;0;0;0;0;1;0;0;0
25/09/2022;00:00:00;365;Com vítima;911,000;BR-116/BA;Crescente;Colisão traseira;0;0;0;1;0;1;0;0;0;0;0;2;0;0;0
25/09/2022;02:05:00;63;Com vítima;471,000;BR-116/BA;Crescente;Saída de pista;0;0;0;0;0;0;0;0;0;0;0;0;0;0;0
25/09/2022;09:58:00;190;Com vítima;853,000;BR-116/BA;Decrescente;Colisão lateral no mesmo sentido;0;0;2;0;0;0;0;0;0;1;0;0;1;0;0
25/09/2022;18:46:00;356;Com vítima;543,000;BR-116/BA;Crescente;Acidentes de outra natureza;0;0;0;1;0;0;0;0;0;0;0;1;0;0;0
25/09/2022;19:34:00;371;Sem vítima;616,000;BR-324/BA;Crescente;Acidentes de outra natureza;0;0;0;1;0;0;0;0;0;0;0;0;0;0;0
25/09/2022;20:39:00;384;Sem vítima;582,000;BR-324/BA;Decrescente;Colisão traseira;1;0;0;0;0;0;0;0;0;1;0;0;0;0;0
26/09/2022;00:42:00;52;Sem vítima;523,000;BR-116/BA;Decrescente;Saída de pista;1;0;0;0;0;0;0;0;0;0;0;0;0;0;0
26/09/2022;04:48:00;76;Com vítima;16,000;CONTORNO - VC/BA;Crescente;Colisão transversal;1;0;1;0;0;0;0;0;0;0;0;1;0;0;0
26/09/2022;05:15:00;107;Sem vítima;581,000;BR-324/BA;Crescente;Saída de pista;1;0;0;0;0;0;0;0;0;0;0;0;0;0;0
26/09/2022;07:58:00;146;Sem vítima;836,000;BR-116/BA;Crescente;Colisão traseira;0;0;1;0;0;0;0;0;0;1;0;0;0;0;0
26/09/2022;12:42:00;303;Sem vítima;602,000;BR-324/BA;Crescente;Saída de pista;1;0;0;0;0;0;0;0;0;0;0;0;0;0;0
26/09/2022;18:01:00;406;Sem vítima;569,000;BR-116/BA;Crescente;Saída de pista;0;0;1;0;0;0;0;0;0;0;0;0;0;0;0
26/09/2022;18:19:00;413;Com vítima;486,000;BR-116/BA;Crescente;Acidentes de outra natureza;0;0;0;1;0;0;0;0;0;0;0;0;1;0;0
27/09/2022;11:45:00;256;Com vítima;620,000;BR-324/BA;Crescente;Colisão lateral no mesmo sentido;0;0;0;1;0;0;0;0;0;0;0;0;1;0;0
27/09/2022;13:41:00;305;Com vítima;619,000;BR-324/BA;Crescente;Choque;1;0;0;0;0;0;0;0;0;0;0;1;0;0;0
27/09/2022;15:48:00;335;Sem vítima;523,000;BR-324/BA;Decrescente;Acidentes de outra natureza;0;0;1;0;1;1;0;0;0;0;0;0;0;0;0
28/09/2022;07:52:00;131;Sem vítima;518,000;BR-324/BA;Decrescente;Colisão traseira;1;0;0;0;0;0;0;0;0;1;0;0;0;0;0
28/09/2022;07:57:00;133;Com vítima;20,000;CONTORNO - VC/BA;Crescente;Acidentes de outra natureza;0;0;0;1;0;0;0;0;0;0;0;1;0;0;0
28/09/2022;11:18:00;242;Sem vítima;605,000;BR-324/BA;Crescente;Colisão frontal;1;0;0;0;0;0;0;0;0;1;0;0;0;0;0
28/09/2022;17:53:00;358;Sem vítima;611,000;BR-324/BA;Crescente;Colisão traseira;1;0;0;1;0;1;0;0;0;0;0;0;0;0;0
29/09/2022;09:23:00;175;Sem vítima;624,000;BR-324/BA;Decrescente;Colisão traseira;1;0;0;0;0;1;0;0;0;0;0;0;0;0;0
29/09/2022;10:32:00;201;Sem vítima;549,000;BR-116/BA;Crescente;Saída de pista;0;0;1;0;0;0;0;0;0;0;0;0;0;0;0
29/09/2022;10:50:00;206;Com vítima;625,000;BR-324/BA;Crescente;Acidentes de outra natureza;0;0;0;1;0;0;0;0;0;0;0;1;0;0;0
29/09/2022;13:58:00;243;Sem vítima;452,000;BR-116/BA;Decrescente;Colisão lateral no mesmo sentido;1;0;0;0;0;1;0;0;0;0;0;0;0;0;0
29/09/2022;16:29:00;323;Sem vítima;615,000;BR-324/BA;Decrescente;Acidentes de outra natureza;3;0;0;0;0;0;0;0;0;0;0;0;0;0;0
29/09/2022;18:38:00;357;Sem vítima;815,000;BR-116/BA;Crescente;Colisão lateral no mesmo sentido;1;0;1;0;0;0;0;0;0;0;0;0;0;0;0
29/09/2022;18:45:00;358;Sem vítima;474,000;BR-116/BA;Crescente;Colisão lateral no mesmo sentido;2;0;0;0;0;0;0;0;0;0;0;0;0;0;0
01/10/2022;09:02:00;169;Com vítima;12,000;CONTORNO - VC/BA;Crescente;Acidentes de outra natureza;0;0;0;1;0;0;0;0;0;0;0;2;0;0;0
01/10/2022;09:12:00;173;Sem vítima;534,000;BR-324/BA;Decrescente;Saída de pista;1;0;0;0;0;0;0;0;0;0;0;0;0;0;0
02/10/2022;10:10:00;169;Sem vítima;548,000;BR-324/BA;Crescente;Saída de pista;1;0;0;0;0;0;0;0;0;0;0;0;0;0;0
02/10/2022;13:50:00;267;Sem vítima;561,000;BR-324/BA;Crescente;Saída de pista;1;0;0;0;0;1;0;0;0;0;0;0;0;0;0
02/10/2022;18:56:00;362;Sem vítima;526,000;BR-324/BA;Crescente;Colisão lateral no mesmo sentido;1;0;0;0;0;1;0;0;0;0;0;0;0;0;0
02/10/2022;19:41:00;367;Sem vítima;618,000;BR-324/BA;Crescente;Saída de pista;1;0;0;0;0;0;0;0;0;0;0;0;0;0;0
02/10/2022;22:32:00;384;Com vítima;896,000;BR-116/BA;Decrescente;Colisão frontal;0;0;1;0;0;0;0;0;0;1;0;1;0;0;0
03/10/2022;07:16:00;127;Com vítima;806,000;BR-116/BA;Crescente;Acidentes de outra natureza;0;0;0;1;0;0;0;0;0;0;0;0;1;0;0
03/10/2022;07:25:00;133;Sem vítima;588,000;BR-324/BA;Crescente;Colisão traseira;2;0;0;0;0;0;0;0;0;0;0;0;0;0;0
03/10/2022;08:36:00;183;Sem vítima;509,000;BR-116/BA;Crescente;Colisão traseira;2;0;0;0;0;0;0;0;0;0;0;0;0;0;0
03/10/2022;10:10:00;231;Sem vítima;622,000;BR-324/BA;Crescente;Acidentes de outra natureza;3;0;1;0;1;0;0;0;0;0;0;0;0;0;0
03/10/2022;10:53:00;247;Sem vítima;595,000;BR-324/BA;Crescente;Saída de pista;1;0;0;0;0;0;0;0;0;0;0;0;0;0;0
03/10/2022;14:15:00;338;Sem vítima;556,000;BR-324/BA;Decrescente;Saída de pista;1;0;0;0;0;0;0;0;0;0;0;0;0;0;0
03/10/2022;15:45:00;392;Sem vítima;653,000;BR-116/BA;Decrescente;Capotamento;0;0;1;0;0;0;0;0;0;0;0;0;0;0;0
03/10/2022;17:49:00;432;Com vítima;18,000;CONTORNO - VC/BA;Decrescente;Colisão traseira;0;0;0;1;0;1;0;0;0;0;0;2;0;0;0
04/10/2022;00:00:00;311;Sem vítima;552,000;BR-116/BA;Decrescente;Colisão lateral no mesmo sentido;1;0;0;0;0;1;0;0;0;0;0;0;0;0;0
04/10/2022;05:06:00;81;Sem vítima;4,000;526/BA;Crescente;Colisão traseira;0;0;2;0;0;0;0;0;0;0;0;0;0;0;0
04/10/2022;06:41:00;129;Com vítima;605,000;BR-324/BA;Decrescente;Colisão traseira;0;0;0;1;0;1;0;0;0;0;0;0;2;0;0
04/10/2022;15:45:00;375;Sem vítima;764,000;BR-116/BA;Crescente;Colisão lateral no mesmo sentido;1;0;1;0;0;0;0;0;0;0;0;0;0;0;0
04/10/2022;16:22:00;387;Com vítima;530,000;BR-324/BA;Decrescente;Capotamento;0;0;1;0;0;0;0;0;0;0;0;1;0;0;0
04/10/2022;18:23:00;417;Sem vítima;528,000;BR-324/BA;Decrescente;Acidentes de outra natureza;2;0;2;0;0;0;0;0;0;1;0;0;0;0;0
05/10/2022;06:46:00;157;Com vítima;524,000;BR-324/BA;Crescente;Acidentes de outra natureza;0;0;0;1;0;0;0;0;0;0;0;1;0;0;0
05/10/2022;07:46:00;210;Sem vítima;532,000;BR-324/BA;Decrescente;Colisão traseira;1;0;1;0;0;0;0;0;0;0;0;0;0;0;0
05/10/2022;09:01:00;242;Sem vítima;794,000;BR-116/BA;Crescente;Colisão lateral no mesmo sentido;2;0;0;0;0;0;0;0;0;0;0;0;0;0;0
05/10/2022;09:25:00;223;Sem vítima;532,000;BR-324/BA;Decrescente;Saída de pista;0;0;1;0;0;0;0;0;0;0;0;0;0;0;0
05/10/2022;11:46:00;330;Sem vítima;631,000;BR-116/BA;Crescente;Acidentes de outra natureza;1;0;0;0;0;2;0;0;0;0;0;0;0;0;0
05/10/2022;20:04:00;554;Sem vítima;530,000;BR-324/BA;Crescente;Colisão traseira;0;0;2;0;0;0;0;0;0;0;0;0;0;0;0
05/10/2022;20:31:00;557;Com vítima;676,000;BR-116/BA;Decrescente;Saída de pista;1;0;0;0;0;0;0;0;0;0;0;0;1;0;0
06/10/2022;03:53:00;76;Sem vítima;514,000;BR-116/BA;Decrescente;Saída de pista;0;0;1;0;0;0;0;0;0;0;0;0;0;0;0
06/10/2022;06:33:00;127;Sem vítima;611,000;BR-324/BA;Decrescente;Saída de pista;1;0;0;0;0;0;0;0;0;0;0;0;0;0;0
06/10/2022;11:00:00;289;Sem vítima;742,000;BR-116/BA;Crescente;Colisão traseira;0;0;2;0;0;0;0;0;0;0;0;0;0;0;0
06/10/2022;17:48:00;477;Com vítima;525,000;BR-324/BA;Decrescente;Colisão traseira;1;0;0;0;1;0;0;0;0;1;0;0;1;0;0
07/10/2022;08:20:00;190;Sem vítima;621,000;BR-324/BA;Crescente;Acidentes de outra natureza;2;0;0;0;0;1;0;0;0;0;0;0;0;0;0
07/10/2022;12:09:00;317;Sem vítima;624,000;BR-324/BA;Crescente;Acidentes de outra natureza;3;0;0;0;0;0;0;0;0;0;0;0;0;0;0
07/10/2022;13:28:00;309;Sem vítima;495,000;BR-116/BA;Decrescente;Colisão traseira;0;0;1;0;0;0;0;0;0;1;0;0;0;0;0
07/10/2022;13:30:00;366;Sem vítima;529,000;BR-324/BA;Crescente;Colisão traseira;0;0;1;0;0;0;0;0;0;1;0;0;0;0;0
07/10/2022;16:30:00;457;Sem vítima;543,000;BR-324/BA;Decrescente;Queda de moto;2;0;0;0;0;0;0;0;0;0;0;0;0;0;0
07/10/2022;17:25:00;473;Sem vítima;750,000;BR-116/BA;Crescente;Colisão traseira;0;0;2;0;0;0;0;0;0;0;0;0;0;0;0
07/10/2022;18:32:00;498;Sem vítima;615,000;BR-324/BA;Crescente;Colisão traseira;0;0;0;1;0;1;0;0;0;0;0;0;0;0;0
08/10/2022;11:20:00;249;Sem vítima;562,000;BR-324/BA;Decrescente;Saída de pista;1;0;0;0;0;0;0;0;0;0;0;0;0;0;0
08/10/2022;16:27:00;347;Sem vítima;795,000;BR-116/BA;Decrescente;Colisão traseira;1;0;1;0;0;0;0;0;0;0;0;0;0;0;0
08/10/2022;19:04:00;423;Sem vítima;600,000;BR-324/BA;Crescente;Colisão traseira;1;0;0;0;0;0;0;0;0;0;0;0;0;0;0
08/10/2022;20:20:00;466;Sem vítima;607,000;BR-324/BA;Crescente;Colisão lateral no mesmo sentido;1;0;1;0;0;0;0;0;0;0;0;0;0;0;0
09/10/2022;15:30:00;297;Com vítima;919,000;BR-116/BA;Crescente;Capotamento;0;0;1;0;0;0;0;0;0;0;0;1;0;0;0
09/10/2022;15:52:00;306;Sem vítima;851,000;BR-116/BA;Crescente;Colisão traseira;0;0;2;0;0;0;0;0;0;0;0;0;0;0;0
09/10/2022;20:41:00;398;Sem vítima;606,000;BR-116/BA;Crescente;Colisão traseira;1;0;1;0;0;0;0;0;0;0;0;0;0;0;0
10/10/2022;05:57:00;116;Sem vítima;529,000;BR-324/BA;Decrescente;Saída de pista;1;0;0;0;0;0;0;0;0;0;0;0;0;0;0
10/10/2022;11:35:00;239;Sem vítima;607,000;BR-324/BA;Crescente;Colisão frontal;2;0;0;0;0;0;0;0;0;0;0;0;0;0;0
10/10/2022;12:46:00;309;Sem vítima;523,000;BR-324/BA;Crescente;Colisão traseira;2;0;0;0;0;0;0;0;0;0;0;0;0;0;0
10/10/2022;15:15:00;379;Sem vítima;890,000;BR-116/BA;Decrescente;Colisão lateral no mesmo sentido;2;0;1;0;0;0;0;0;0;0;0;0;0;0;0
10/10/2022;16:06:00;400;Com vítima;619,000;BR-324/BA;Crescente;Acidentes de outra natureza;0;0;0;1;0;0;0;0;0;0;0;2;0;0;0
10/10/2022;18:40:00;465;Sem vítima;595,000;BR-324/BA;Crescente;Colisão traseira;1;0;0;0;0;1;0;0;0;0;0;0;0;0;0
11/10/2022;14:11:00;340;Sem vítima;623,000;BR-324/BA;Decrescente;Colisão traseira;1;0;0;0;0;0;0;0;0;1;0;0;0;0;0
11/10/2022;14:26:00;374;Sem vítima;555,000;BR-324/BA;Decrescente;Saída de pista;1;0;0;0;0;0;0;0;0;0;0;0;0;0;0
11/10/2022;16:04:00;400;Com vítima;646,000;BR-116/BA;Crescente;Queda de moto;2;0;1;0;0;0;0;0;0;0;0;1;0;0;0
12/10/2022;18:29:00;461;Sem vítima;486,000;BR-116/BA;Decrescente;Capotamento;0;0;1;0;0;0;0;0;0;0;0;0;0;0;0
12/10/2022;18:45:00;463;Com vítima;608,000;BR-324/BA;Crescente;Engavetamento;1;0;0;0;0;0;0;0;0;0;0;0;1;0;0
13/10/2022;06:30:00;127;Sem vítima;529,000;BR-324/BA;Decrescente;Saída de pista;1;0;0;0;0;0;0;0;0;0;0;0;0;0;0
13/10/2022;23:00:00;574;Sem vítima;619,000;BR-324/BA;Decrescente;Saída de pista;1;0;0;0;0;0;0;0;0;0;0;0;0;0;0
14/10/2022;00:00:00;356;Sem vítima;561,000;BR-324/BA;Decrescente;Colisão lateral no mesmo sentido;0;0;0;0;0;0;0;0;0;2;0;0;0;0;0
14/10/2022;05:47:00;130;Sem vítima;719,000;BR-116/BA;Crescente;Saída de pista;1;0;0;0;0;0;0;0;0;0;0;0;0;0;0
14/10/2022;06:24:00;137;Sem vítima;616,000;BR-324/BA;Crescente;Acidentes de outra natureza;4;0;0;0;0;0;0;0;0;0;0;0;0;0;0
14/10/2022;06:55:00;158;Sem vítima;556,000;BR-324/BA;Decrescente;Saída de pista;1;0;0;0;0;0;0;0;0;0;0;0;0;0;0
14/10/2022;12:08:00;314;Com vítima;2,000;CONTORNO - VC/BA;Crescente;Saída de pista;1;0;0;0;0;0;0;0;0;0;0;0;0;1;0
14/10/2022;14:55:00;388;Sem vítima;606,000;BR-324/BA;Decrescente;Colisão traseira;2;0;0;0;0;0;0;0;0;0;0;0;0;0;0
14/10/2022;18:19:00;497;Com vítima;626,000;BR-324/BA;Decrescente;Colisão lateral no mesmo sentido;1;0;0;1;0;0;0;0;0;0;0;0;1;0;0
14/10/2022;19:08:00;539;Sem vítima;603,000;BR-324/BA;Decrescente;Colisão traseira;0;0;0;0;0;1;0;0;0;1;0;0;0;0;0
14/10/2022;19:16:00;542;Com vítima;537,000;BR-324/BA;Decrescente;Acidentes de outra natureza;0;0;0;1;0;0;0;0;0;0;0;1;1;0;0
14/10/2022;19:47:00;550;Com vítima;505,000;BR-116/BA;Crescente;Colisão transversal;2;0;0;0;0;0;0;0;0;0;0;4;1;0;0
14/10/2022;20:17:00;554;Sem vítima;575,000;BR-324/BA;Decrescente;Engavetamento;0;0;0;0;0;0;0;0;0;1;0;0;0;0;0
14/10/2022;23:23:00;585;Com vítima;577,000;BR-116/BA;Decrescente;Atropelamento de pedestre;0;0;0;0;0;1;0;0;0;0;0;0;0;1;0
15/10/2022;03:38:00;114;Com vítima;487,000;BR-116/BA;Decrescente;Acidentes de outra natureza;0;0;0;1;0;0;0;0;0;0;0;0;2;0;0
15/10/2022;09:57:00;193;Sem vítima;551,000;BR-324/BA;Decrescente;Colisão traseira;1;0;0;0;0;1;0;0;0;0;0;0;0;0;0
15/10/2022;13:01:00;280;Sem vítima;622,000;BR-324/BA;Decrescente;Colisão traseira;2;0;0;0;0;0;0;0;0;0;0;0;0;0;0
15/10/2022;13:53:00;273;Com vítima;611,000;BR-324/BA;Decrescente;Acidentes de outra natureza;0;0;0;1;0;0;0;0;0;0;0;0;1;0;0
15/10/2022;19:18:00;415;Com vítima;11,000;CONTORNO - VC/BA;Crescente;Colisão transversal;1;0;0;1;0;0;0;0;0;0;0;1;0;0;0
15/10/2022;23:00:00;489;Com vítima;842,000;BR-116/BA;Crescente;Colisão lateral no mesmo sentido;1;0;0;0;0;1;0;0;0;0;0;1;0;0;0
16/10/2022;07:09:00;122;Sem vítima;616,000;BR-324/BA;Crescente;Colisão traseira;1;0;0;0;1;0;0;0;0;0;0;0;0;0;0
16/10/2022;09:10:00;151;Com vítima;620,000;BR-324/BA;Decrescente;Acidentes de outra natureza;0;0;0;1;0;0;0;0;0;0;0;2;0;0;0
16/10/2022;12:38:00;281;Sem vítima;571,000;BR-116/BA;Crescente;Saída de pista;1;0;0;0;0;0;0;0;0;0;0;0;0;0;0
16/10/2022;16:26:00;370;Sem vítima;622,000;BR-324/BA;Crescente;Acidentes de outra natureza;0;0;0;1;0;0;0;0;0;0;0;0;0;0;0
16/10/2022;18:49:00;409;Sem vítima;590,000;BR-324/BA;Crescente;Saída de pista;1;0;0;0;0;0;0;0;0;0;0;0;0;0;0
16/10/2022;21:32:00;477;Sem vítima;615,000;BR-324/BA;Crescente;Colisão traseira;1;0;0;0;0;0;0;0;0;1;0;0;0;0;0
17/10/2022;03:04:00;64;Sem vítima;747,000;BR-116/BA;Crescente;Saída de pista;0;0;1;0;0;0;0;0;0;0;0;0;0;0;0
17/10/2022;06:44:00;126;Sem vítima;590,000;BR-116/BA;Crescente;Acidentes de outra natureza;0;0;2;0;0;0;0;0;0;0;0;0;0;0;0
17/10/2022;10:48:00;252;Com vítima;746,000;BR-116/BA;Crescente;Colisão traseira;0;0;0;1;0;0;0;0;0;0;0;0;1;0;0
17/10/2022;14:57:00;431;Sem vítima;584,000;BR-324/BA;Crescente;Saída de pista;1;0;0;0;0;0;0;0;0;0;0;0;0;0;0
17/10/2022;19:04:00;521;Sem vítima;580,000;BR-116/BA;Crescente;Saída de pista;0;0;0;0;0;0;0;0;0;1;0;0;0;0;0
18/10/2022;00:00:00;248;Sem vítima;560,000;BR-324/BA;Decrescente;Colisão lateral no mesmo sentido;2;0;0;0;0;0;0;0;0;0;0;0;0;0;0
18/10/2022;07:53:00;190;Sem vítima;571,000;BR-324/BA;Decrescente;Acidentes de outra natureza;5;0;0;0;0;0;0;0;0;1;0;0;0;0;0
18/10/2022;09:00:00;216;Sem vítima;556,000;BR-324/BA;Decrescente;Acidentes de outra natureza;2;0;0;0;0;0;0;0;0;1;0;0;0;0;0
18/10/2022;12:03:00;318;Com vítima;546,000;BR-116/BA;Crescente;Colisão lateral no mesmo sentido;1;0;1;0;0;0;0;0;0;0;0;0;1;0;0
18/10/2022;17:04:00;460;Sem vítima;532,000;BR-324/BA;Decrescente;Colisão traseira;2;0;0;0;0;0;0;0;0;0;0;0;0;0;0
18/10/2022;17:53:00;473;Com vítima;470,000;BR-116/BA;Decrescente;Colisão transversal;1;0;0;1;0;0;0;0;0;0;0;0;0;1;0
19/10/2022;13:09:00;327;Sem vítima;690,000;BR-116/BA;Decrescente;Capotamento;0;0;1;0;0;0;0;0;0;0;0;0;0;0;0
19/10/2022;15:23:00;371;Sem vítima;491,000;BR-116/BA;Crescente;Saída de pista;1;0;0;0;0;0;0;0;0;0;0;0;0;0;0
19/10/2022;18:11:00;454;Sem vítima;611,000;BR-324/BA;Crescente;Colisão traseira;1;0;1;0;0;0;0;0;0;0;0;0;0;0;0
20/10/2022;11:03:00;269;Sem vítima;622,000;BR-324/BA;Crescente;Colisão traseira;1;0;0;1;0;0;0;0;0;0;0;0;0;0;0
20/10/2022;11:52:00;286;Sem vítima;623,000;BR-324/BA;Decrescente;Colisão traseira;2;0;0;0;0;0;0;0;0;0;0;0;0;0;0
20/10/2022;23:40:00;543;Sem vítima;527,000;BR-324/BA;Decrescente;Colisão traseira;0;0;0;0;0;1;0;0;0;1;0;0;0;0;0
21/10/2022;08:07:00;115;Sem vítima;623,000;BR-324/BA;Crescente;Colisão lateral no mesmo sentido;0;0;2;0;0;0;0;0;0;0;0;0;0;0;0
21/10/2022;10:35:00;293;Sem vítima;27,000;CONTORNO - VC/BA;Crescente;Engavetamento;0;0;1;0;0;0;0;0;0;0;0;0;0;0;0
21/10/2022;14:55:00;387;Sem vítima;591,000;BR-324/BA;Decrescente;Acidentes de outra natureza;4;0;0;0;0;0;0;0;0;1;0;0;0;0;0
22/10/2022;06:19:00;120;Com vítima;17,000;CONTORNO - VC/BA;Decrescente;Acidentes de outra natureza;0;0;0;1;0;0;0;0;0;0;0;1;0;0;0
22/10/2022;09:38:00;212;Sem vítima;525,000;BR-116/BA;Decrescente;Colisão traseira;0;0;2;0;0;0;0;0;0;0;0;0;0;0;0
22/10/2022;12:27:00;288;Sem vítima;591,000;BR-324/BA;Decrescente;Colisão traseira;0;0;0;0;0;1;0;0;0;1;0;0;0;0;0
22/10/2022;22:25:00;510;Com vítima;8,000;CONTORNO - VC/BA;Crescente;Colisão transversal;1;0;0;1;0;0;0;0;0;0;0;1;0;0;0
23/10/2022;00:00:00;422;Com vítima;506,000;BR-116/BA;Crescente;Colisão transversal;2;0;0;0;0;0;0;0;0;0;0;0;1;0;0
23/10/2022;06:27:00;132;Sem vítima;606,000;BR-324/BA;Decrescente;Engavetamento;1;0;0;0;0;0;0;0;0;0;1;0;0;0;0
23/10/2022;08:03:00;186;Sem vítima;609,000;BR-324/BA;Decrescente;Acidentes de outra natureza;3;0;0;0;0;0;0;0;0;0;0;0;0;0;0
23/10/2022;14:06:00;323;Com vítima;815,000;BR-116/BA;Crescente;Colisão transversal;1;0;0;1;0;0;0;0;0;0;0;2;0;0;0
23/10/2022;17:28:00;431;Sem vítima;560,000;BR-324/BA;Decrescente;Colisão traseira;2;0;0;0;0;0;0;0;0;0;0;0;0;0;0
24/10/2022;00:00:00;138;Sem vítima;615,000;BR-324/BA;Crescente;Colisão traseira;1;0;0;0;0;0;0;0;0;1;0;0;0;0;0
24/10/2022;00:00:00;187;Sem vítima;610,000;BR-324/BA;Crescente;Acidentes de outra natureza;2;0;0;0;0;0;0;0;0;1;0;0;0;0;0
24/10/2022;07:26:00;164;Com vítima;578,000;BR-324/BA;Crescente;Colisão lateral no mesmo sentido;1;0;0;1;0;0;0;0;0;0;0;3;0;0;0
24/10/2022;08:00:00;193;Sem vítima;608,000;BR-324/BA;Crescente;Colisão traseira;1;0;0;1;0;0;0;0;0;0;0;0;0;0;0
24/10/2022;08:38:00;208;Sem vítima;618,000;BR-324/BA;Decrescente;Acidentes de outra natureza;1;0;1;0;0;0;0;0;0;0;0;0;0;0;0
24/10/2022;08:58:00;213;Com vítima;654,000;BR-116/BA;Decrescente;Acidentes de outra natureza;0;0;0;1;0;0;0;0;0;0;0;1;0;0;0
24/10/2022;11:03:00;292;Com vítima;526,000;BR-324/BA;Decrescente;Atropelamento de pedestre;1;0;0;0;0;0;0;0;0;0;0;2;0;0;0
24/10/2022;11:06:00;198;Com vítima;16,000;CONTORNO - VC/BA;Decrescente;Atropelamento de ciclista;0;1;0;0;0;1;0;0;0;0;0;1;0;0;0
24/10/2022;15:46:00;418;Sem vítima;615,000;BR-324/BA;Crescente;Colisão traseira;1;0;0;0;0;1;0;0;0;0;0;0;0;0;0
24/10/2022;17:07:00;473;Com vítima;437,000;BR-116/BA;Crescente;Atropelamento de pedestre;0;0;0;0;0;1;0;0;0;0;0;0;1;0;0
24/10/2022;19:09:00;507;Sem vítima;530,000;BR-324/BA;Crescente;Saída de pista;0;0;1;0;0;0;0;0;0;0;0;0;0;0;0
25/10/2022;07:13:00;129;Sem vítima;530,000;BR-324/BA;Decrescente;Saída de pista;1;0;0;0;0;0;0;0;0;0;0;0;0;0;0
25/10/2022;07:19:00;132;Sem vítima;543,000;BR-324/BA;Decrescente;Saída de pista;0;0;2;0;0;0;0;0;0;0;0;0;0;0;0
25/10/2022;08:02:00;172;Sem vítima;622,000;BR-324/BA;Decrescente;Acidentes de outra natureza;1;0;0;0;0;0;0;0;0;0;0;0;0;0;0
25/10/2022;08:33:00;187;Com vítima;611,000;BR-324/BA;Crescente;Acidentes de outra natureza;0;0;0;1;0;0;0;0;0;0;0;0;1;0;0
25/10/2022;09:33:00;210;Com vítima;591,000;BR-116/BA;Crescente;Saída de pista;1;0;0;0;0;0;0;0;0;0;0;1;1;0;0
25/10/2022;11:52:00;282;Sem vítima;529,000;BR-324/BA;Decrescente;Saída de pista;1;0;0;0;0;0;0;0;0;0;0;0;0;0;0
26/10/2022;14:57:00;381;Sem vítima;909,000;BR-116/BA;Crescente;Colisão lateral no mesmo sentido;1;0;2;0;0;0;0;0;0;0;0;0;0;0;0
26/10/2022;17:20:00;452;Sem vítima;856,000;BR-116/BA;Decrescente;Colisão traseira;1;0;0;1;0;0;0;0;0;0;0;0;0;0;0
26/10/2022;21:03:00;525;Com vítima;571,000;BR-116/BA;Decrescente;Capotamento;0;0;1;0;0;0;0;0;0;0;0;0;0;1;0