data;horario;n_da_ocorrencia;tipo_de_ocorrencia;km;trecho;sentido;tipo_de_acidente;automovel;bicicleta;caminhao;moto;onibus;outros;tracao_animal;transporte_de_cargas_especiais;trator_maquinas;utilitarios;ilesos;levemente_feridos;moderadamente_feridos;gravemente_feridos;mortos
27/10/2022;00:00:00;323;Com vítima;792,000;BR-116/BA;Decrescente;Colisão lateral no mesmo sentido;0;0;2;0;0;0;0;0;0;0;0;1;0;0;0
27/10/2022;08:31:00;178;Sem vítima;586,000;BR-324/BA;Decrescente;Saída de pista;1;0;0;0;0;0;0;0;0;0;0;0;0;0;0
27/10/2022;13:18:00;338;Sem vítima;789,000;BR-116/BA;Crescente;Acidentes de outra natureza;1;0;2;0;0;0;0;0;0;0;0;0;0;0;0
27/10/2022;19:11:00;498;Sem vítima;584,000;BR-324/BA;Decrescente;Colisão traseira;0;0;2;0;0;0;0;0;0;0;0;0;0;0;0
27/10/2022;20:28:00;512;Sem vítima;2,000;CONTORNO - VC/BA;Decrescente;Saída de pista;1;0;0;0;0;0;0;0;0;0;0;0;0;0;0
27/10/2022;23:11:00;572;Sem vítima;617,000;BR-324/BA;Decrescente;Colisão lateral no mesmo sentido;1;0;0;0;0;0;0;0;0;0;0;0;0;0;0
28/10/2022;07:03:00;148;Sem vítima;882,000;BR-116/BA;Crescente;Saída de pista;1;0;0;0;0;0;0;0;0;0;0;0;0;0;0
28/10/2022;07:26:00;153;Com vítima;620,000;BR-324/BA;Crescente;Acidentes de outra natureza;0;0;0;1;0;0;0;0;0;0;0;1;0;0;0
28/10/2022;07:50:00;159;Com vítima;525,000;BR-116/BA;Decrescente;Engavetamento;1;0;0;0;0;0;0;0;0;0;0;3;1;0;0
28/10/2022;14:59:00;350;Sem vítima;520,000;BR-324/BA;Decrescente;Colisão traseira;2;0;0;0;0;0;0;0;0;0;0;0;0;0;0
28/10/2022;17:23:00;395;Sem vítima;568,000;BR-324/BA;Crescente;Saída de pista;0;0;0;0;0;0;0;0;0;1;0;0;0;0;0
28/10/2022;18:42:00;416;Sem vítima;622,000;BR-324/BA;Decrescente;Acidentes de outra natureza;2;0;0;0;0;1;0;0;0;1;0;0;0;0;0
29/10/2022;00:00:00;234;Sem vítima;870,000;BR-116/BA;Decrescente;Colisão traseira;0;0;0;1;0;0;0;0;0;0;0;0;0;0;0
29/10/2022;00:32:00;35;Sem vítima;11,000;CONTORNO - VC/BA;Decrescente;Atropelamento de animal;1;0;0;0;0;0;0;0;0;0;0;0;0;0;0
29/10/2022;04:59:00;121;Com vítima;568,000;BR-116/BA;Decrescente;Acidentes de outra natureza;0;0;0;1;0;0;0;0;0;0;0;1;0;0;0
29/10/2022;06:09:00;127;Sem vítima;585,000;BR-324/BA;Decrescente;Colisão traseira;1;0;0;0;0;0;0;0;0;1;0;0;0;0;0
29/10/2022;06:40:00;137;Sem vítima;625,000;BR-324/BA;Crescente;Acidentes de outra natureza;0;0;0;1;0;0;0;0;0;0;0;0;0;0;0
29/10/2022;07:02:00;132;Com vítima;529,000;BR-116/BA;Decrescente;Colisão lateral no mesmo sentido;0;0;1;0;0;1;0;0;0;1;0;1;0;0;0
29/10/2022;07:11:00;146;Com vítima;581,000;BR-324/BA;Crescente;Saída de pista;1;0;0;0;0;0;0;0;0;0;0;0;1;0;0
29/10/2022;09:39:00;237;Sem vítima;567,000;BR-324/BA;Decrescente;Saída de pista;0;0;1;0;0;0;0;0;0;0;0;0;0;0;0
29/10/2022;14:39:00;354;Com vítima;625,000;BR-324/BA;Decrescente;Acidentes de outra natureza;0;0;0;1;0;0;0;0;0;0;0;1;0;0;0
29/10/2022;17:10:00;440;Sem vítima;813,000;BR-116/BA;Decrescente;Colisão lateral no mesmo sentido;0;0;0;1;0;1;0;0;0;0;0;0;0;0;0
29/10/2022;17:18:00;443;Com vítima;751,000;BR-116/BA;Decrescente;Colisão lateral no mesmo sentido;0;0;0;1;0;0;0;0;0;0;0;0;1;0;0
29/10/2022;21:10:00;518;Com vítima;614,000;BR-324/BA;Crescente;Acidentes de outra natureza;0;0;0;1;0;0;0;0;0;0;0;0;1;0;0
29/10/2022;22:44:00;544;Com vítima;617,000;BR-324/BA;Decrescente;Queda de moto;2;0;0;0;0;1;0;0;0;0;0;1;0;0;0
30/10/2022;06:48:00;118;Com vítima;579,000;BR-324/BA;Decrescente;Saída de pista;1;0;0;0;0;0;0;0;0;0;0;1;0;0;0
30/10/2022;08:00:00;182;Com vítima;22,000;CONTORNO - VC/BA;Decrescente;Colisão frontal;0;0;1;1;0;0;0;0;0;0;0;1;0;0;1
30/10/2022;10:02:00;223;Sem vítima;587,000;BR-324/BA;Decrescente;Acidentes de outra natureza;0;0;0;1;0;0;0;0;0;0;0;0;0;0;0
30/10/2022;16:47:00;403;Com vítima;526,000;BR-324/BA;Crescente;Acidentes de outra natureza;0;0;0;1;0;0;0;0;0;0;0;0;1;0;0
30/10/2022;22:30:00;552;Com vítima;610,000;BR-324/BA;Crescente;Acidentes de outra natureza;0;0;0;1;0;0;0;0;0;0;0;0;1;0;0
31/10/2022;06:34:00;125;Com vítima;583,000;BR-324/BA;Crescente;Colisão traseira;1;0;0;1;0;0;0;0;0;0;0;0;1;0;0
31/10/2022;07:33:00;143;Sem vítima;608,000;BR-324/BA;Crescente;Acidentes de outra natureza;1;0;0;0;0;0;0;0;0;2;0;0;0;0;0
31/10/2022;10:38:00;136;Com vítima;611,000;BR-324/BA;Crescente;Colisão lateral no mesmo sentido;1;0;0;1;0;0;0;0;0;0;0;1;0;0;0
31/10/2022;12:31:00;333;Com vítima;459,000;BR-116/BA;Decrescente;Colisão lateral no mesmo sentido;0;0;0;1;0;0;0;0;0;1;0;1;0;0;0
01/11/2022;06:33:00;99;Sem vítima;8,000;526/BA;Decrescente;Capotamento;0;0;1;0;0;0;0;0;0;0;0;0;0;0;0
01/11/2022;17:51:00;458;Com vítima;785,000;BR-116/BA;Decrescente;Capotamento;0;0;1;0;0;0;0;0;0;0;0;0;1;0;0
01/11/2022;21:46:00;531;Sem vítima;433,000;BR-116/BA;Crescente;Capotamento;0;0;1;0;0;0;0;0;0;0;0;0;0;0;0
01/11/2022;23:13:00;569;Sem vítima;601,000;BR-324/BA;Crescente;Colisão traseira;0;0;2;0;0;0;0;0;0;0;0;0;0;0;0
01/11/2022;23:24:00;572;Sem vítima;611,000;BR-324/BA;Decrescente;Saída de pista;1;0;0;0;0;0;0;0;0;0;0;0;0;0;0
02/11/2022;12:49:00;296;Sem vítima;622,000;BR-324/BA;Crescente;Colisão traseira;1;0;0;1;0;0;0;0;0;0;0;0;0;0;0
02/11/2022;15:35:00;369;Sem vítima;807,000;BR-116/BA;Crescente;Queda de moto;0;0;2;0;0;0;0;0;0;0;0;0;0;0;0
02/11/2022;16:03:00;374;Sem vítima;806,000;BR-116/BA;Crescente;Saída de pista;0;0;1;0;0;0;0;0;0;0;0;0;0;0;0
03/11/2022;05:58:00;82;Com vítima;562,000;BR-324/BA;Crescente;Colisão traseira;0;0;0;1;0;0;0;0;0;1;0;3;0;0;0
03/11/2022;09:50:00;237;Sem vítima;551,000;BR-324/BA;Decrescente;Colisão traseira;0;0;2;0;0;0;0;0;0;0;0;0;0;0;0
03/11/2022;10:44:00;194;Sem vítima;524,000;BR-324/BA;Decrescente;Colisão lateral no mesmo sentido;0;0;1;0;0;0;0;0;0;1;0;0;0;0;0
03/11/2022;11:30:00;261;Sem vítima;836,000;BR-116/BA;Crescente;Colisão traseira;0;0;0;0;0;0;0;0;0;1;0;0;0;0;0
03/11/2022;11:59:00;294;Sem vítima;556,000;BR-324/BA;Crescente;Saída de pista;0;0;1;0;0;0;0;0;0;0;0;0;0;0;0
03/11/2022;13:43:00;308;Sem vítima;793,000;BR-116/BA;Crescente;Colisão traseira;1;0;1;0;0;0;0;0;0;0;0;0;0;0;0
03/11/2022;13:47:00;319;Sem vítima;661,000;BR-116/BA;Decrescente;Colisão traseira;0;0;1;0;0;1;0;0;0;0;0;0;0;0;0
03/11/2022;14:22:00;332;Com vítima;607,000;BR-116/BA;Decrescente;Saída de pista;1;0;0;0;0;0;0;0;0;0;0;2;0;0;0
03/11/2022;18:05:00;431;Sem vítima;621,000;BR-324/BA;Decrescente;Colisão traseira;2;0;0;0;0;0;0;0;0;0;0;0;0;0;0
03/11/2022;18:52:00;439;Sem vítima;609,000;BR-324/BA;Decrescente;Acidentes de outra natureza;2;0;0;1;0;0;0;0;0;0;0;0;0;0;0
03/11/2022;19:31:00;459;Sem vítima;534,000;BR-324/BA;Decrescente;Acidentes de outra natureza;0;0;0;1;0;1;0;0;0;0;0;0;0;0;0
03/11/2022;19:52:00;463;Com vítima;9,000;CONTORNO - VC/BA;Crescente;Colisão transversal;1;0;0;1;0;0;0;0;0;0;0;1;0;0;0
03/11/2022;20:18:00;469;Sem vítima;530,000;BR-324/BA;Decrescente;Saída de pista;1;0;0;0;0;0;0;0;0;0;0;0;0;0;0
04/11/2022;07:31:00;150;Com vítima;619,000;BR-324/BA;Crescente;Colisão traseira;1;0;0;1;0;0;0;0;0;0;0;0;0;1;0
04/11/2022;08:01:00;161;Sem vítima;533,000;BR-324/BA;Decrescente;Saída de pista;0;0;1;0;0;0;0;0;0;0;0;0;0;0;0
04/11/2022;11:05:00;284;Com vítima;832,000;BR-116/BA;Decrescente;Capotamento;0;0;1;0;0;0;0;0;0;0;0;0;1;0;0
04/11/2022;14:08:00;362;Sem vítima;438,000;BR-116/BA;Decrescente;Saída de pista;0;0;1;0;0;0;0;0;0;0;0;0;0;0;0
04/11/2022;15:06:00;380;Com vítima;583,000;BR-324/BA;Crescente;Saída de pista;1;0;0;0;0;0;0;0;0;0;0;0;1;0;0
04/11/2022;15:32:00;420;Sem vítima;555,000;BR-116/BA;Decrescente;Capotamento;0;0;1;0;0;0;0;0;0;0;0;0;0;0;0
04/11/2022;16:22:00;430;Sem vítima;581,000;BR-324/BA;Crescente;Colisão traseira;1;0;1;0;0;0;0;0;0;0;0;0;0;0;0
04/11/2022;16:38:00;433;Sem vítima;616,000;BR-324/BA;Decrescente;Colisão traseira;0;0;0;0;0;0;0;0;0;2;0;0;0;0;0
04/11/2022;17:08:00;441;Sem vítima;530,000;BR-324/BA;Crescente;Queda de moto;1;0;1;0;0;0;0;0;0;0;0;0;0;0;0
04/11/2022;17:19:00;442;Com vítima;440,000;BR-116/BA;Crescente;Capotamento;0;0;0;0;0;1;0;0;0;1;0;0;1;0;0
04/11/2022;18:29:00;466;Sem vítima;576,000;BR-324/BA;Crescente;Acidentes de outra natureza;1;0;1;0;0;0;0;0;0;1;0;0;0;0;0
04/11/2022;18:43:00;475;Sem vítima;576,000;BR-324/BA;Crescente;Colisão traseira;1;0;0;0;0;1;0;0;0;0;0;0;0;0;0
04/11/2022;19:16:00;506;Sem vítima;554,000;BR-324/BA;Decrescente;Saída de pista;1;0;0;0;0;0;0;0;0;0;0;0;0;0;0
04/11/2022;20:54:00;528;Com vítima;794,000;BR-116/BA;Decrescente;Colisão traseira;1;0;1;0;0;0;0;0;0;0;0;3;1;0;0
05/11/2022;00:00:00;356;Sem vítima;510,000;BR-116/BA;Crescente;Saída de pista;0;0;0;0;0;0;0;0;0;1;0;0;0;0;0
05/11/2022;16:25:00;357;Sem vítima;623,000;BR-324/BA;Decrescente;Engavetamento;1;0;0;0;0;0;0;0;0;0;0;0;0;0;0
05/11/2022;18:39:00;408;Com vítima;632,000;BR-116/BA;Decrescente;Colisão transversal;0;0;1;0;0;0;0;0;0;1;0;2;0;0;0
05/11/2022;23:40:00;501;Com vítima;799,000;BR-116/BA;Crescente;Queda de moto;0;0;3;0;0;0;0;0;0;0;0;1;1;2;0
05/11/2022;23:59:00;504;Sem vítima;575,000;BR-324/BA;Crescente;Colisão traseira;2;0;0;0;0;0;0;0;0;0;0;0;0;0;0
06/11/2022;09:19:00;178;Com vítima;517,000;BR-116/BA;Crescente;Saída de pista;1;0;0;0;0;0;0;0;0;0;0;1;0;0;0
06/11/2022;12:01:00;255;Sem vítima;528,000;BR-116/BA;Decrescente;Colisão traseira;0;0;2;0;0;0;0;0;0;0;0;0;0;0;0
06/11/2022;19:15:00;426;Com vítima;780,000;BR-116/BA;Crescente;Colisão traseira;0;0;0;1;0;1;0;0;0;0;0;0;2;0;0
06/11/2022;20:35:00;446;Com vítima;455,000;BR-116/BA;Decrescente;Atropelamento de animal;0;0;0;1;0;0;0;0;0;0;0;0;0;1;0
07/11/2022;07:18:00;110;Sem vítima;621,000;BR-324/BA;Crescente;Acidentes de outra natureza;2;0;0;0;0;1;0;0;0;0;0;0;0;0;0
07/11/2022;13:22:00;323;Sem vítima;592,000;BR-324/BA;Decrescente;Saída de pista;1;0;0;0;0;0;0;0;0;0;0;0;0;0;0
07/11/2022;14:50:00;351;Sem vítima;626,000;BR-324/BA;Decrescente;Colisão traseira;1;0;0;1;0;0;0;0;0;0;0;0;0;0;0
07/11/2022;18:31:00;473;Sem vítima;468,000;BR-116/BA;Decrescente;Colisão lateral no mesmo sentido;1;0;1;0;0;0;0;0;0;0;0;0;0;0;0
07/11/2022;22:10:00;551;Sem vítima;543,000;BR-116/BA;Decrescente;Acidentes de outra natureza;0;0;0;1;0;0;0;0;0;0;0;0;0;0;0
08/11/2022;00:00:00;301;Sem vítima;579,000;BR-324/BA;Decrescente;Saída de pista;1;0;0;0;0;0;0;0;0;0;0;0;0;0;0
08/11/2022;07:16:00;82;Com vítima;530,000;BR-324/BA;Decrescente;Colisão lateral no mesmo sentido;0;0;0;1;0;1;0;0;0;0;0;1;0;0;0
08/11/2022;10:42:00;218;Sem vítima;921,000;BR-116/BA;Decrescente;Saída de pista;1;0;0;0;0;0;0;0;0;0;0;0;0;0;0
08/11/2022;11:52:00;249;Sem vítima;3,000;CONTORNO - VC/BA;Crescente;Colisão transversal;0;0;1;0;0;1;0;0;0;0;0;0;0;0;0
08/11/2022;14:38:00;326;Sem vítima;622,000;BR-324/BA;Crescente;Colisão traseira;1;0;0;0;0;1;0;0;0;0;0;0;0;0;0
08/11/2022;15:42:00;346;Sem vítima;509,000;BR-116/BA;Decrescente;Colisão lateral no mesmo sentido;0;0;1;0;0;1;0;0;0;0;0;0;0;0;0
08/11/2022;17:26:00;409;Com vítima;610,000;BR-324/BA;Crescente;Colisão traseira;1;0;1;0;0;0;0;0;0;0;0;1;0;1;0
08/11/2022;17:39:00;415;Sem vítima;628,000;BR-116/BA;Decrescente;Saída de pista;1;0;0;0;0;1;0;0;0;0;0;0;0;0;0
09/11/2022;04:22:00;92;Com vítima;595,000;BR-116/BA;Crescente;Saída de pista;0;0;0;0;0;0;0;0;0;1;0;1;0;0;0
09/11/2022;06:05:00;104;Sem vítima;599,000;BR-324/BA;Crescente;Colisão traseira;0;0;1;0;1;0;0;0;0;0;0;0;0;0;0
09/11/2022;07:56:00;150;Com vítima;702,000;BR-116/BA;Decrescente;Saída de pista;1;0;0;0;0;0;0;0;0;0;0;4;0;0;0
09/11/2022;13:21:00;255;Sem vítima;505,000;BR-116/BA;Decrescente;Saída de pista;1;0;0;0;0;0;0;0;0;0;0;0;0;0;0
09/11/2022;14:43:00;333;Sem vítima;903,000;BR-116/BA;Decrescente;Colisão traseira;2;0;0;0;0;0;0;0;0;0;0;0;0;0;0
10/11/2022;00:00:00;110;Sem vítima;613,000;BR-324/BA;Decrescente;Colisão traseira;2;0;0;0;0;0;0;0;0;0;0;0;0;0;0
10/11/2022;05:07:00;69;Sem vítima;7,000;CONTORNO SUL  - FS/BA;Crescente;Colisão traseira;1;0;0;0;0;1;0;0;0;0;0;0;0;0;0
10/11/2022;22:55:00;527;Sem vítima;521,000;BR-324/BA;Decrescente;Colisão traseira;1;0;1;0;0;0;0;0;0;0;0;0;0;0;0
10/11/2022;23:07:00;530;Sem vítima;473,000;BR-116/BA;Decrescente;Capotamento;0;0;1;0;0;0;0;0;0;0;0;0;0;0;0
11/11/2022;00:00:00;168;Com vítima;911,000;BR-116/BA;Crescente;Acidentes de outra natureza;0;0;0;1;0;0;0;0;0;0;0;0;1;0;0
11/11/2022;09:13:00;180;Sem vítima;817,000;BR-116/BA;Crescente;Colisão lateral no mesmo sentido;0;0;1;0;0;0;0;0;0;1;0;0;0;0;0
11/11/2022;11:08:00;279;Sem vítima;583,000;BR-116/BA;Crescente;Saída de pista;0;0;0;0;0;0;0;0;0;1;0;0;0;0;0
11/11/2022;13:03:00;343;Sem vítima;582,000;BR-116/BA;Decrescente;Acidentes de outra natureza;1;0;1;0;0;0;0;0;0;1;0;0;0;0;0
11/11/2022;13:22:00;280;Sem vítima;609,000;BR-324/BA;Decrescente;Acidentes de outra natureza;2;0;0;0;0;0;0;0;0;1;0;0;0;0;0
11/11/2022;13:29:00;351;Sem vítima;574,000;BR-324/BA;Decrescente;Colisão traseira;2;0;0;0;0;0;0;0;0;0;0;0;0;0;0
11/11/2022;17:10:00;496;Sem vítima;561,000;BR-324/BA;Crescente;Colisão traseira;1;0;0;0;0;0;0;0;0;1;0;0;0;0;0
11/11/2022;17:29:00;499;Sem vítima;623,000;BR-324/BA;Decrescente;Colisão traseira;1;0;0;0;0;1;0;0;0;0;0;0;0;0;0
11/11/2022;17:36:00;501;Sem vítima;603,000;BR-324/BA;Decrescente;Colisão traseira;1;0;1;0;0;0;0;0;0;0;0;0;0;0;0
11/11/2022;18:13:00;508;Sem vítima;526,000;BR-324/BA;Crescente;Colisão traseira;0;0;2;0;0;0;0;0;0;0;0;0;0;0;0
12/11/2022;08:02:00;154;Sem vítima;573,000;BR-324/BA;Decrescente;Colisão traseira;1;0;0;0;0;0;0;0;0;1;0;0;0;0;0
12/11/2022;09:00:00;183;Com vítima;540,000;BR-324/BA;Decrescente;Colisão traseira;0;0;0;1;0;1;0;0;0;0;0;1;0;0;0
12/11/2022;12:05:00;286;Com vítima;747,000;BR-116/BA;Decrescente;Saída de pista;1;0;0;0;0;0;0;0;0;0;0;1;0;0;0
13/11/2022;13:44:00;294;Sem vítima;598,000;BR-116/BA;Crescente;Saída de pista;0;0;1;0;0;0;0;0;0;0;0;0;0;0;0
13/11/2022;14:49:00;307;Com vítima;579,000;BR-324/BA;Crescente;Colisão traseira;0;0;0;1;0;1;0;0;0;0;0;0;2;0;0
13/11/2022;18:35:00;423;Sem vítima;528,000;BR-324/BA;Decrescente;Colisão lateral no mesmo sentido;2;0;0;0;0;0;0;0;0;0;0;0;0;0;0
13/11/2022;18:48:00;425;Sem vítima;8,000;526/BA;Decrescente;Colisão traseira;1;0;0;0;0;1;0;0;0;0;0;0;0;0;0
14/11/2022;06:31:00;87;Sem vítima;558,000;BR-324/BA;Decrescente;Colisão lateral no mesmo sentido;1;0;0;0;0;1;0;0;0;0;0;0;0;0;0
14/11/2022;09:22:00;186;Sem vítima;559,000;BR-324/BA;Crescente;Queda de moto;1;0;0;0;0;0;0;0;0;0;0;0;0;0;0
14/11/2022;16:54:00;369;Sem vítima;566,000;BR-324/BA;Decrescente;Colisão traseira;2;0;0;0;0;0;0;0;0;0;0;0;0;0;0
15/11/2022;02:52:00;55;Com vítima;620,000;BR-324/BA;Decrescente;Tombamento;0;0;0;1;0;0;0;0;0;0;0;0;0;0;1
15/11/2022;07:33:00;96;Com vítima;813,000;BR-116/BA;Crescente;Colisão lateral no mesmo sentido;0;0;0;2;0;0;0;0;0;0;0;2;0;0;0
15/11/2022;12:25:00;278;Sem vítima;568,000;BR-324/BA;Decrescente;Saída de pista;1;0;0;0;0;0;0;0;0;0;0;0;0;0;0
15/11/2022;17:08:00;384;Sem vítima;612,000;BR-324/BA;Crescente;Acidentes de outra natureza;0;0;0;1;0;0;0;0;0;0;0;0;0;0;0
16/11/2022;00:00:00;467;Sem vítima;614,000;BR-324/BA;Decrescente;Colisão traseira;2;0;0;0;0;0;0;0;0;0;0;0;0;0;0
16/11/2022;03:14:00;64;Sem vítima;569,000;BR-116/BA;Decrescente;Saída de pista;1;0;0;0;0;0;0;0;0;0;0;0;0;0;0
16/11/2022;03:30:00;66;Sem vítima;557,000;BR-324/BA;Crescente;Colisão traseira;1;0;0;0;0;1;0;0;0;0;0;0;0;0;0
16/11/2022;03:46:00;67;Sem vítima;563,000;BR-324/BA;Crescente;Colisão traseira;1;0;1;0;0;0;0;0;0;0;0;0;0;0;0
16/11/2022;08:29:00;208;Sem vítima;612,000;BR-324/BA;Crescente;Colisão traseira;2;0;0;0;0;0;0;0;0;0;0;0;0;0;0
16/11/2022;16:59:00;475;Sem vítima;614,000;BR-324/BA;Crescente;Acidentes de outra natureza;3;0;0;0;0;0;0;0;0;0;0;0;0;0;0
16/11/2022;18:18:00;499;Sem vítima;648,000;BR-116/BA;Decrescente;Colisão lateral no mesmo sentido;1;0;1;0;0;0;0;0;0;0;0;0;0;0;0
17/11/2022;00:00:00;461;Sem vítima;553,000;BR-324/BA;Crescente;Saída de pista;1;0;0;0;0;0;0;0;0;0;0;0;0;0;0
17/11/2022;10:53:00;238;Sem vítima;530,000;BR-324/BA;Decrescente;Colisão traseira;0;0;0;0;0;0;0;0;0;1;0;0;0;0;0
17/11/2022;17:25:00;405;Com vítima;622,000;BR-324/BA;Crescente;Colisão traseira;1;0;0;1;0;0;0;0;0;0;0;0;1;0;0
17/11/2022;17:27:00;407;Sem vítima;565,000;BR-324/BA;Decrescente;Saída de pista;1;0;0;0;0;0;0;0;0;0;0;0;0;0;0
17/11/2022;19:13:00;449;Com vítima;10,000;CONTORNO - VC/BA;Decrescente;Colisão lateral no mesmo sentido;0;0;0;1;0;0;0;0;0;1;0;0;1;0;0
17/11/2022;19:23:00;451;Sem vítima;16,000;CONTORNO - VC/BA;Decrescente;Colisão transversal;0;0;0;1;0;0;0;0;0;1;0;0;0;0;0
19/11/2022;05:59:00;109;Sem vítima;621,000;BR-324/BA;Decrescente;Saída de pista;1;0;0;0;0;0;0;0;0;0;0;0;0;0;0
19/11/2022;06:22:00;112;Sem vítima;439,000;BR-116/BA;Crescente;Saída de pista;0;0;0;0;0;0;0;0;0;1;0;0;0;0;0
19/11/2022;06:55:00;128;Com vítima;15,000;CONTORNO - VC/BA;Crescente;Acidentes de outra natureza;0;0;0;1;0;0;0;0;0;0;0;1;0;0;0
19/11/2022;09:41:00;212;Com vítima;462,000;BR-116/BA;Decrescente;Choque;1;0;0;0;0;0;0;0;0;0;0;1;0;0;0
19/11/2022;10:11:00;220;Sem vítima;557,000;BR-324/BA;Decrescente;Colisão lateral no mesmo sentido;1;0;1;0;0;0;0;0;0;0;0;0;0;0;0
19/11/2022;10:11:00;221;Sem vítima;930,000;BR-116/BA;Crescente;Colisão traseira;0;0;2;0;0;0;0;0;0;0;0;0;0;0;0
19/11/2022;10:35:00;227;Sem vítima;0,000;CONTORNO SUL  - FS/BA;Crescente;Colisão lateral no mesmo sentido;1;0;1;0;0;0;0;0;0;0;0;0;0;0;0
19/11/2022;12:18:00;248;Sem vítima;582,000;BR-324/BA;Crescente;Colisão lateral no mesmo sentido;1;0;0;0;0;0;0;0;0;0;0;0;0;0;0
19/11/2022;14:49:00;314;Sem vítima;583,000;BR-324/BA;Decrescente;Saída de pista;1;0;0;0;0;0;0;0;0;0;0;0;0;0;0
20/11/2022;09:03:00;196;Com vítima;677,000;BR-116/BA;Crescente;Saída de pista;0;0;1;0;0;0;0;0;0;0;0;0;1;0;0
20/11/2022;16:20:00;367;Com vítima;567,000;BR-116/BA;Crescente;Colisão transversal;1;0;1;0;0;0;0;0;0;0;0;0;0;0;1
20/11/2022;19:29:00;456;Sem vítima;709,000;BR-116/BA;Decrescente;Colisão lateral no mesmo sentido;1;0;1;0;0;0;0;0;0;0;0;0;0;0;0
20/11/2022;21:58:00;516;Sem vítima;614,000;BR-324/BA;Decrescente;Colisão traseira;2;0;0;0;0;0;0;0;0;0;0;0;0;0;0
20/11/2022;22:23:00;528;Com vítima;521,000;BR-116/BA;Decrescente;Queda de moto;1;0;2;0;0;0;0;0;0;0;0;0;1;0;0
21/11/2022;00:14:00;9;Com vítima;3,000;528/BA;Decrescente;Colisão traseira;2;0;0;0;0;0;0;0;0;0;0;1;0;0;0
21/11/2022;04:06:00;71;Com vítima;593,000;BR-116/BA;Crescente;Saída de pista;0;0;0;0;0;0;0;0;0;1;0;1;0;0;0
21/11/2022;06:24:00;124;Sem vítima;537,000;BR-324/BA;Decrescente;Acidentes de outra natureza;0;0;0;1;0;0;0;0;0;0;0;0;0;0;0
21/11/2022;06:53:00;130;Sem vítima;615,000;BR-324/BA;Crescente;Colisão traseira;1;0;0;0;0;0;0;0;0;1;0;0;0;0;0
21/11/2022;07:09:00;137;Sem vítima;595,000;BR-116/BA;Decrescente;Capotamento;0;0;1;0;0;0;0;0;0;0;0;0;0;0;0
21/11/2022;07:56:00;164;Com vítima;11,000;CONTORNO - VC/BA;Crescente;Acidentes de outra natureza;0;0;0;1;0;0;0;0;0;0;0;0;1;0;0
21/11/2022;08:56:00;208;Sem vítima;827,000;BR-116/BA;Decrescente;Acidentes de outra natureza;2;0;0;0;0;1;0;0;0;0;0;0;0;0;0
21/11/2022;09:00:00;210;Sem vítima;611,000;BR-324/BA;Crescente;Colisão traseira;1;0;0;0;0;0;0;0;0;1;0;0;0;0;0
21/11/2022;10:15:00;274;Sem vítima;615,000;BR-324/BA;Crescente;Acidentes de outra natureza;2;0;0;0;0;1;0;0;0;1;0;0;0;0;0
21/11/2022;11:21:00;319;Sem vítima;614,000;BR-324/BA;Crescente;Acidentes de outra natureza;3;0;0;0;0;0;0;0;0;0;0;0;0;0;0
21/11/2022;11:46:00;324;Sem vítima;612,000;BR-324/BA;Crescente;Saída de pista;1;0;0;0;0;0;0;0;0;0;0;0;0;0;0
21/11/2022;14:25:00;381;Sem vítima;580,000;BR-324/BA;Crescente;Saída de pista;0;0;1;0;0;0;0;0;0;0;0;0;0;0;0
21/11/2022;15:35:00;440;Sem vítima;529,000;BR-324/BA;Crescente;Saída de pista;1;0;0;0;0;0;0;0;0;0;0;0;0;0;0
21/11/2022;19:43:00;550;Com vítima;784,000;BR-116/BA;Decrescente;Colisão transversal;1;0;1;0;0;0;0;0;0;0;0;0;0;0;1
21/11/2022;20:34:00;551;Sem vítima;571,000;BR-324/BA;Decrescente;Saída de pista;1;0;0;0;0;0;0;0;0;0;0;0;0;0;0
22/11/2022;05:03:00;70;Sem vítima;485,000;BR-116/BA;Decrescente;Colisão lateral no mesmo sentido;0;0;2;0;0;0;0;0;0;0;0;0;0;0;0
22/11/2022;07:47:00;140;Com vítima;736,000;BR-116/BA;Decrescente;Saída de pista;0;0;1;0;0;0;0;0;0;0;0;0;0;0;1
22/11/2022;08:02:00;151;Sem vítima;613,000;BR-324/BA;Crescente;Acidentes de outra natureza;1;0;1;0;1;0;0;0;0;1;0;0;0;0;0
22/11/2022;09:30:00;211;Sem vítima;613,000;BR-324/BA;Crescente;Colisão traseira;1;0;0;0;0;0;0;0;0;0;0;0;0;0;0
22/11/2022;10:54:00;266;Sem vítima;533,000;BR-116/BA;Decrescente;Colisão traseira;0;0;2;0;0;0;0;0;0;0;0;0;0;0;0
22/11/2022;13:53:00;313;Sem vítima;16,000;CONTORNO - VC/BA;Crescente;Saída de pista;1;0;0;0;0;0;0;0;0;0;0;0;0;0;0
22/11/2022;14:45:00;350;Sem vítima;587,000;BR-116/BA;Decrescente;Choque;0;0;1;0;0;0;0;0;0;0;0;0;0;0;0
22/11/2022;18:42:00;465;Com vítima;612,000;BR-324/BA;Crescente;Colisão traseira;0;0;1;1;0;0;0;0;0;0;0;0;1;0;0