data;horario;n_da_ocorrencia;tipo_de_ocorrencia;km;trecho;sentido;tipo_de_acidente;automovel;bicicleta;caminhao;moto;onibus;outros;tracao_animal;transporte_de_cargas_especiais;trator_maquinas;utilitarios;ilesos;levemente_feridos;moderadamente_feridos;gravemente_feridos;mortos
23/11/2022;01:02:00;21;Sem vítima;579,000;BR-324/BA;Crescente;Saída de pista;0;0;1;0;0;0;0;0;0;0;0;0;0;0;0
23/11/2022;02:55:00;60;Sem vítima;583,000;BR-324/BA;Crescente;Colisão lateral no mesmo sentido;1;0;0;0;0;1;0;0;0;0;0;0;0;0;0
23/11/2022;07:04:00;140;Com vítima;672,000;BR-116/BA;Decrescente;Colisão transversal;0;0;0;1;0;1;0;0;0;0;0;2;0;0;0
23/11/2022;11:35:00;285;Com vítima;4,000;526/BA;Decrescente;Colisão lateral no mesmo sentido;0;0;0;1;0;0;0;0;0;1;0;1;0;0;0
23/11/2022;19:02:00;482;Sem vítima;612,000;BR-324/BA;Crescente;Acidentes de outra natureza;4;0;0;0;0;0;0;0;0;0;0;0;0;0;0
24/11/2022;06:18:00;110;Sem vítima;528,000;BR-324/BA;Decrescente;Saída de pista;0;0;1;0;0;0;0;0;0;0;0;0;0;0;0
24/11/2022;07:22:00;138;Sem vítima;521,000;BR-324/BA;Decrescente;Colisão transversal;0;0;2;0;0;0;0;0;0;0;0;0;0;0;0
24/11/2022;10:36:00;239;Sem vítima;0,000;CONTORNO SUL  - FS/BA;Crescente;Colisão lateral no mesmo sentido;1;0;1;0;0;0;0;0;0;0;0;0;0;0;0
24/11/2022;18:56:00;444;Sem vítima;548,000;BR-116/BA;Decrescente;Colisão lateral no mesmo sentido;1;0;0;0;0;1;0;0;0;0;0;0;0;0;0
24/11/2022;21:04:00;482;Sem vítima;446,000;BR-116/BA;Crescente;Colisão lateral no mesmo sentido;0;0;1;0;0;0;0;0;0;1;0;0;0;0;0
25/11/2022;00:00:00;89;Sem vítima;569,000;BR-324/BA;Decrescente;Capotamento;0;0;1;0;0;0;0;0;0;0;0;0;0;0;0
25/11/2022;05:51:00;60;Com vítima;540,000;BR-116/BA;Crescente;Acidentes de outra natureza;0;0;3;0;0;0;0;0;0;0;0;2;0;0;0
25/11/2022;07:01:00;79;Sem vítima;747,000;BR-116/BA;Decrescente;Saída de pista;0;0;1;0;0;0;0;0;0;0;0;0;0;0;0
25/11/2022;07:18:00;85;Com vítima;473,000;BR-116/BA;Crescente;Saída de pista;0;0;1;0;0;0;0;0;0;0;0;1;0;0;0
25/11/2022;08:26:00;133;Sem vítima;696,000;BR-116/BA;Decrescente;Saída de pista;1;0;0;0;0;0;0;0;0;0;0;0;0;0;0
25/11/2022;10:42:00;219;Sem vítima;606,000;BR-324/BA;Crescente;Saída de pista;1;0;0;0;0;0;0;0;0;0;0;0;0;0;0
25/11/2022;11:10:00;228;Sem vítima;8,000;526/BA;Crescente;Acidentes de outra natureza;3;0;0;0;0;0;0;0;0;1;0;0;0;0;0
25/11/2022;11:51:00;239;Sem vítima;593,000;BR-116/BA;Crescente;Colisão traseira;1;0;0;0;0;0;0;0;0;0;0;0;0;0;0
25/11/2022;13:07:00;256;Sem vítima;583,000;BR-324/BA;Crescente;Saída de pista;0;0;0;0;0;0;0;0;0;1;0;0;0;0;0
25/11/2022;13:31:00;263;Sem vítima;533,000;BR-324/BA;Decrescente;Colisão traseira;0;0;2;0;0;0;0;0;0;0;0;0;0;0;0
25/11/2022;14:22:00;277;Sem vítima;548,000;BR-324/BA;Decrescente;Colisão traseira;1;0;1;0;0;0;0;0;0;0;0;0;0;0;0
25/11/2022;15:11:00;321;Sem vítima;546,000;BR-324/BA;Decrescente;Colisão traseira;2;0;0;0;0;0;0;0;0;0;0;0;0;0;0
25/11/2022;15:58:00;355;Com vítima;610,000;BR-324/BA;Crescente;Acidentes de outra natureza;0;0;0;1;0;0;0;0;0;0;0;1;0;0;0
25/11/2022;16:01:00;356;Sem vítima;779,000;BR-116/BA;Decrescente;Saída de pista;1;0;0;0;0;0;0;0;0;0;0;0;0;0;0
25/11/2022;16:37:00;374;Sem vítima;523,000;BR-324/BA;Decrescente;Acidentes de outra natureza;1;0;0;0;0;0;0;0;0;2;0;0;0;0;0
25/11/2022;22:17:00;516;Sem vítima;560,000;BR-324/BA;Decrescente;Choque;0;0;1;0;0;0;0;0;0;0;0;0;0;0;0
26/11/2022;00:00:00;380;Sem vítima;521,000;BR-324/BA;Decrescente;Colisão traseira;1;0;0;0;0;1;0;0;0;0;0;0;0;0;0
26/11/2022;08:44:00;165;Sem vítima;555,000;BR-324/BA;Crescente;Saída de pista;0;0;1;0;0;0;0;0;0;0;0;0;0;0;0
26/11/2022;09:33:00;199;Sem vítima;910,000;BR-116/BA;Decrescente;Acidentes de outra natureza;1;0;1;0;1;0;0;0;0;0;0;0;0;0;0
26/11/2022;12:29:00;238;Com vítima;603,000;BR-324/BA;Decrescente;Acidentes de outra natureza;0;0;0;1;0;0;0;0;0;0;0;1;0;0;0
26/11/2022;14:53:00;287;Sem vítima;465,000;BR-116/BA;Decrescente;Saída de pista;0;0;0;0;0;0;0;0;0;1;0;0;0;0;0
26/11/2022;16:16:00;331;Sem vítima;528,000;BR-324/BA;Crescente;Colisão traseira;1;0;1;0;0;0;0;0;0;0;0;0;0;0;0
26/11/2022;16:17:00;332;Sem vítima;595,000;BR-324/BA;Decrescente;Colisão traseira;0;0;0;1;0;1;0;0;0;0;0;0;0;0;0
26/11/2022;17:15:00;373;Sem vítima;546,000;BR-324/BA;Decrescente;Colisão traseira;2;0;0;0;0;1;0;0;0;0;0;0;0;0;0
26/11/2022;18:07:00;389;Com vítima;534,000;BR-324/BA;Decrescente;Colisão traseira;2;0;0;0;0;0;0;0;0;0;0;1;0;0;0
26/11/2022;19:37:00;434;Com vítima;569,000;BR-324/BA;Decrescente;Queda de moto;1;0;0;0;0;1;0;0;0;0;0;1;1;0;0
26/11/2022;20:52:00;461;Sem vítima;554,000;BR-324/BA;Crescente;Saída de pista;1;0;0;0;0;0;0;0;0;0;0;0;0;0;0
27/11/2022;00:00:00;322;Sem vítima;571,000;BR-324/BA;Crescente;Saída de pista;1;0;0;0;0;0;0;0;0;0;0;0;0;0;0
27/11/2022;06:24:00;120;Sem vítima;541,000;BR-324/BA;Crescente;Colisão lateral no mesmo sentido;2;0;0;0;0;0;0;0;0;0;0;0;0;0;0
27/11/2022;09:25:00;206;Sem vítima;613,000;BR-116/BA;Crescente;Colisão traseira;0;0;2;0;0;0;0;0;0;0;0;0;0;0;0
27/11/2022;12:45:00;296;Sem vítima;597,000;BR-116/BA;Decrescente;Queda de moto;1;0;2;0;0;0;0;0;0;0;0;0;0;0;0
27/11/2022;13:25:00;300;Sem vítima;515,000;BR-116/BA;Crescente;Colisão traseira;0;0;1;0;0;1;0;0;0;0;0;0;0;0;0
27/11/2022;13:48:00;302;Sem vítima;576,000;BR-324/BA;Decrescente;Saída de pista;0;0;0;0;0;0;0;0;0;1;0;0;0;0;0
27/11/2022;13:51:00;304;Sem vítima;621,000;BR-324/BA;Decrescente;Acidentes de outra natureza;2;0;1;0;0;0;0;0;0;0;0;0;0;0;0
27/11/2022;14:16:00;313;Com vítima;18,000;CONTORNO - VC/BA;Decrescente;Colisão traseira;0;0;0;1;0;1;0;0;0;0;0;2;0;0;0
27/11/2022;14:39:00;348;Sem vítima;766,000;BR-116/BA;Decrescente;Saída de pista;1;0;0;0;0;0;0;0;0;0;0;0;0;0;0
27/11/2022;15:05:00;356;Com vítima;923,000;BR-116/BA;Decrescente;Capotamento;0;0;1;0;0;0;0;0;0;0;0;0;0;0;1
27/11/2022;18:35:00;451;Sem vítima;622,000;BR-324/BA;Decrescente;Colisão lateral no mesmo sentido;2;0;0;0;0;0;0;0;0;0;0;0;0;0;0
27/11/2022;23:48:00;561;Sem vítima;552,000;BR-324/BA;Decrescente;Saída de pista;0;0;1;0;0;0;0;0;0;0;0;0;0;0;0
27/11/2022;23:52:00;562;Sem vítima;535,000;BR-116/BA;Decrescente;Saída de pista;0;0;1;0;0;0;0;0;0;0;0;0;0;0;0
28/11/2022;00:00:00;378;Sem vítima;449,000;BR-116/BA;Crescente;Saída de pista;1;0;0;0;0;0;0;0;0;0;0;0;0;0;0
28/11/2022;02:45:00;74;Sem vítima;604,000;BR-324/BA;Crescente;Colisão lateral no mesmo sentido;1;0;1;0;0;0;0;0;0;0;0;0;0;0;0
28/11/2022;13:18:00;411;Sem vítima;606,000;BR-324/BA;Crescente;Saída de pista;1;0;0;0;0;0;0;0;0;0;0;0;0;0;0
28/11/2022;13:22:00;412;Sem vítima;625,000;BR-324/BA;Decrescente;Acidentes de outra natureza;1;0;0;0;0;3;0;0;0;0;0;0;0;0;0
28/11/2022;14:30:00;447;Sem vítima;536,000;BR-324/BA;Decrescente;Choque;0;0;1;0;0;0;0;0;0;0;0;0;0;0;0
28/11/2022;14:34:00;449;Sem vítima;555,000;BR-324/BA;Decrescente;Saída de pista;1;0;0;0;0;0;0;0;0;0;0;0;0;0;0
28/11/2022;14:34:00;450;Sem vítima;703,000;BR-116/BA;Decrescente;Saída de pista;1;0;0;0;0;0;0;0;0;0;0;0;0;0;0
28/11/2022;16:51:00;520;Sem vítima;558,000;BR-324/BA;Decrescente;Queda de moto;1;0;1;0;0;0;0;0;0;1;0;0;0;0;0
28/11/2022;19:33:00;637;Sem vítima;625,000;BR-324/BA;Crescente;Choque;1;0;0;0;0;0;0;0;0;0;0;0;0;0;0
29/11/2022;08:18:00;174;Sem vítima;559,000;BR-324/BA;Crescente;Saída de pista;1;0;0;0;0;0;0;0;0;0;0;0;0;0;0
29/11/2022;13:02:00;316;Sem vítima;597,000;BR-116/BA;Decrescente;Capotamento;0;0;1;0;0;0;0;0;0;0;0;0;0;0;0
29/11/2022;18:38:00;484;Sem vítima;610,000;BR-324/BA;Decrescente;Colisão traseira;2;0;0;0;0;0;0;0;0;0;0;0;0;0;0
30/11/2022;00:00:00;185;Com vítima;615,000;BR-324/BA;Crescente;Colisão traseira;1;0;0;1;0;0;0;0;0;0;0;1;1;0;0
30/11/2022;13:03:00;332;Sem vítima;559,000;BR-324/BA;Decrescente;Saída de pista;1;0;0;0;0;0;0;0;0;0;0;0;0;0;0
30/11/2022;14:41:00;361;Sem vítima;544,000;BR-324/BA;Decrescente;Colisão traseira;0;0;1;1;0;0;0;0;0;0;0;0;0;0;0
30/11/2022;20:51:00;518;Com vítima;800,000;BR-116/BA;Crescente;Colisão frontal;1;0;0;0;0;0;0;0;0;1;0;1;0;2;0
01/12/2022;00:00:00;189;Sem vítima;569,000;BR-324/BA;Decrescente;Saída de pista;1;0;0;0;0;0;0;0;0;0;0;0;0;0;0
01/12/2022;05:57:00;119;Sem vítima;603,000;BR-324/BA;Crescente;Colisão traseira;1;0;0;0;0;0;0;0;0;1;0;0;0;0;0
01/12/2022;06:34:00;131;Sem vítima;471,000;BR-116/BA;Crescente;Saída de pista;0;0;1;0;0;0;0;0;0;0;0;0;0;0;0
01/12/2022;11:22:00;278;Sem vítima;26,000;CONTORNO - VC/BA;Decrescente;Saída de pista;1;0;0;0;0;0;0;0;0;0;0;0;0;0;0
01/12/2022;12:40:00;295;Sem vítima;470,000;BR-116/BA;Decrescente;Saída de pista;1;0;0;0;0;0;0;0;0;0;0;0;0;0;0
02/12/2022;00:00:00;320;Com vítima;4,000;CONTORNO SUL  - FS/BA;Crescente;Engavetamento;1;0;0;0;0;1;0;0;0;0;0;0;0;1;0
02/12/2022;00:25:00;6;Com vítima;557,000;BR-324/BA;Crescente;Saída de pista;1;0;0;0;0;0;0;0;0;1;0;0;1;0;0
02/12/2022;00:56:00;13;Sem vítima;580,000;BR-324/BA;Crescente;Saída de pista;1;0;0;0;0;0;0;0;0;0;0;0;0;0;0
02/12/2022;12:56:00;321;Sem vítima;803,000;BR-116/BA;Crescente;Acidentes de outra natureza;1;0;3;0;0;0;0;0;0;0;0;0;0;0;0
02/12/2022;13:45:00;331;Sem vítima;898,000;BR-116/BA;Decrescente;Colisão lateral no mesmo sentido;1;0;0;0;0;0;0;0;0;0;0;0;0;0;0
02/12/2022;13:56:00;333;Com vítima;708,000;BR-116/BA;Decrescente;Saída de pista;0;0;0;0;0;0;0;0;0;1;0;1;1;0;0
02/12/2022;15:17:00;366;Com vítima;519,000;BR-324/BA;Decrescente;Acidentes de outra natureza;0;0;0;1;0;0;0;0;0;0;0;0;0;1;0
02/12/2022;15:30:00;371;Sem vítima;15,000;CONTORNO - VC/BA;Decrescente;Acidentes de outra natureza;3;0;0;0;0;0;0;0;0;1;0;0;0;0;0
02/12/2022;16:04:00;415;Sem vítima;571,000;BR-324/BA;Decrescente;Colisão traseira;1;0;0;0;0;0;0;0;0;1;0;0;0;0;0
02/12/2022;20:27:00;507;Sem vítima;798,000;BR-116/BA;Decrescente;Atropelamento de animal;0;0;1;0;0;0;0;0;0;0;0;0;0;0;0
02/12/2022;20:57:00;515;Sem vítima;754,000;BR-116/BA;Crescente;Colisão traseira;0;0;2;0;0;0;0;0;0;0;0;0;0;0;0
03/12/2022;06:42:00;120;Sem vítima;583,000;BR-116/BA;Decrescente;Saída de pista;0;0;1;0;0;0;0;0;0;0;0;0;0;0;0
03/12/2022;11:46:00;236;Sem vítima;615,000;BR-324/BA;Crescente;Colisão traseira;2;0;0;0;0;0;0;0;0;0;0;0;0;0;0
03/12/2022;13:43:00;302;Sem vítima;556,000;BR-324/BA;Decrescente;Saída de pista;1;0;0;0;0;0;0;0;0;0;0;0;0;0;0
03/12/2022;14:09:00;310;Sem vítima;556,000;BR-324/BA;Decrescente;Saída de pista;0;0;0;0;0;0;0;0;0;1;0;0;0;0;0
03/12/2022;18:02:00;431;Sem vítima;599,000;BR-324/BA;Crescente;Colisão lateral no mesmo sentido;2;0;0;0;0;0;0;0;0;0;0;0;0;0;0
03/12/2022;18:03:00;432;Com vítima;0,000;CONTORNO - VC/BA;Crescente;Colisão lateral no mesmo sentido;0;0;0;1;0;1;0;0;0;0;0;1;0;0;0
04/12/2022;00:34:00;20;Sem vítima;604,000;BR-324/BA;Crescente;Saída de pista;1;0;0;0;0;0;0;0;0;0;0;0;0;0;0
04/12/2022;00:52:00;35;Sem vítima;578,000;BR-324/BA;Crescente;Colisão traseira;2;0;0;0;0;0;0;0;0;0;0;0;0;0;0
04/12/2022;06:44:00;119;Sem vítima;886,000;BR-116/BA;Crescente;Colisão traseira;0;0;2;0;0;0;0;0;0;0;0;0;0;0;0
04/12/2022;09:16:00;208;Sem vítima;832,000;BR-116/BA;Decrescente;Colisão lateral no mesmo sentido;1;0;0;0;0;1;0;0;0;0;0;0;0;0;0
04/12/2022;12:47:00;254;Sem vítima;666,000;BR-116/BA;Decrescente;Colisão traseira;1;0;1;0;0;0;0;0;0;0;0;0;0;0;0
04/12/2022;13:58:00;274;Com vítima;621,000;BR-324/BA;Crescente;Atropelamento de pedestre;1;0;0;0;0;0;0;0;0;0;0;1;0;0;0
04/12/2022;16:44:00;341;Com vítima;843,000;BR-116/BA;Crescente;Queda de moto;1;0;2;0;0;0;0;0;0;0;0;3;1;0;0
04/12/2022;19:55:00;416;Com vítima;13,000;CONTORNO - VC/BA;Decrescente;Atropelamento de ciclista;0;1;0;0;0;1;0;0;0;0;0;0;0;0;1
04/12/2022;21:26:00;434;Sem vítima;530,000;BR-324/BA;Decrescente;Saída de pista;1;0;0;0;0;0;0;0;0;0;0;0;0;0;0
05/12/2022;00:00:00;105;Sem vítima;583,000;BR-116/BA;Decrescente;Colisão transversal;1;0;1;0;0;0;0;0;0;0;0;0;0;0;0
05/12/2022;06:57:00;111;Com vítima;465,000;BR-116/BA;Decrescente;Colisão traseira;0;0;0;1;0;0;0;0;0;0;0;0;1;0;0
05/12/2022;07:05:00;115;Sem vítima;672,000;BR-116/BA;Crescente;Colisão transversal;1;0;0;0;0;0;0;0;0;1;0;0;0;0;0
05/12/2022;09:05:00;172;Sem vítima;632,000;BR-116/BA;Crescente;Colisão lateral no mesmo sentido;1;0;1;0;0;0;0;0;0;0;0;0;0;0;0
05/12/2022;10:45:00;229;Sem vítima;545,000;BR-116/BA;Decrescente;Colisão traseira;0;0;2;0;0;0;0;0;0;0;0;0;0;0;0
05/12/2022;12:36:00;271;Sem vítima;589,000;BR-324/BA;Crescente;Saída de pista;1;0;0;0;0;0;0;0;0;0;0;0;0;0;0
05/12/2022;12:44:00;273;Sem vítima;24,000;CONTORNO - VC/BA;Decrescente;Colisão lateral no mesmo sentido;0;0;1;0;0;0;0;0;0;1;0;0;0;0;0
05/12/2022;15:23:00;342;Sem vítima;561,000;BR-324/BA;Decrescente;Saída de pista;0;0;0;0;0;0;0;0;0;1;0;0;0;0;0
06/12/2022;05:43:00;110;Sem vítima;584,000;BR-116/BA;Crescente;Saída de pista;0;0;1;0;0;0;0;0;0;0;0;0;0;0;0
06/12/2022;11:55:00;269;Sem vítima;596,000;BR-324/BA;Decrescente;Colisão traseira;1;0;0;0;1;0;0;0;0;0;0;0;0;0;0
06/12/2022;17:59:00;416;Sem vítima;599,000;BR-324/BA;Crescente;Colisão traseira;1;0;0;0;0;0;0;0;0;1;0;0;0;0;0
06/12/2022;23:30:00;527;Sem vítima;687,000;BR-116/BA;Decrescente;Colisão lateral no mesmo sentido;0;0;1;0;0;0;0;0;0;0;0;0;0;0;0
07/12/2022;06:58:00;90;Sem vítima;616,000;BR-324/BA;Crescente;Colisão traseira;0;0;1;0;0;0;0;0;0;1;0;0;0;0;0
07/12/2022;07:56:00;118;Com vítima;521,000;BR-324/BA;Crescente;Atropelamento de pedestre;0;0;0;1;0;0;0;0;0;0;0;1;1;0;0
07/12/2022;08:18:00;127;Sem vítima;612,000;BR-324/BA;Crescente;Acidentes de outra natureza;2;0;0;0;0;0;0;0;0;1;0;0;0;0;0
07/12/2022;09:31:00;193;Sem vítima;612,000;BR-324/BA;Crescente;Colisão traseira;0;0;1;0;0;0;0;0;0;1;0;0;0;0;0
07/12/2022;14:16:00;352;Sem vítima;920,000;BR-116/BA;Crescente;Saída de pista;1;0;0;0;0;0;0;0;0;0;0;0;0;0;0
07/12/2022;15:22:00;384;Sem vítima;526,000;BR-324/BA;Decrescente;Colisão traseira;1;0;0;0;0;1;0;0;0;0;0;0;0;0;0
07/12/2022;17:00:00;410;Sem vítima;622,000;BR-324/BA;Decrescente;Colisão lateral no mesmo sentido;1;0;0;0;0;1;0;0;0;0;0;0;0;0;0
07/12/2022;23:42:00;534;Sem vítima;456,000;BR-116/BA;Crescente;Capotamento;0;0;1;0;0;0;0;0;0;0;0;0;0;0;0
08/12/2022;00:00:00;178;Sem vítima;599,000;BR-324/BA;Crescente;Colisão lateral no mesmo sentido;1;0;0;0;0;0;0;0;0;1;0;0;0;0;0
08/12/2022;04:12:00;90;Sem vítima;553,000;BR-324/BA;Crescente;Atropelamento de animal;0;0;1;0;0;0;0;0;0;0;0;0;0;0;0
08/12/2022;05:07:00;94;Sem vítima;528,000;BR-324/BA;Crescente;Colisão traseira;0;0;2;0;0;0;0;0;0;0;0;0;0;0;0
08/12/2022;07:11:00;152;Com vítima;620,000;BR-324/BA;Crescente;Colisão lateral no mesmo sentido;0;0;0;1;0;0;0;0;0;0;0;1;0;0;0
08/12/2022;12:02:00;291;Com vítima;620,000;BR-324/BA;Crescente;Acidentes de outra natureza;0;0;0;1;0;0;0;0;0;0;0;2;0;0;0
08/12/2022;16:48:00;439;Com vítima;909,000;BR-116/BA;Decrescente;Atropelamento de animal;0;0;0;1;0;0;0;0;0;0;0;1;0;0;0
08/12/2022;18:31:00;463;Sem vítima;831,000;BR-116/BA;Decrescente;Colisão traseira;0;0;2;0;0;0;0;0;0;0;0;0;0;0;0
08/12/2022;18:32:00;464;Com vítima;675,000;BR-116/BA;Decrescente;Atropelamento de pedestre;0;0;0;1;0;0;0;0;0;0;0;1;1;0;0
08/12/2022;18:54:00;468;Com vítima;752,000;BR-116/BA;Decrescente;Colisão frontal;0;0;1;1;0;0;0;0;0;0;0;0;0;0;2
08/12/2022;20:15:00;491;Com vítima;752,000;BR-116/BA;Crescente;Colisão traseira;0;0;2;0;0;0;0;0;0;0;0;0;1;0;0
08/12/2022;21:06:00;520;Sem vítima;458,000;BR-116/BA;Crescente;Colisão traseira;0;0;2;0;0;0;0;0;0;0;0;0;0;0;0
09/12/2022;06:34:00;115;Sem vítima;834,000;BR-116/BA;Decrescente;Colisão traseira;2;0;0;0;0;0;0;0;0;0;0;0;0;0;0
09/12/2022;07:03:00;134;Sem vítima;570,000;BR-324/BA;Decrescente;Acidentes de outra natureza;0;0;0;1;0;0;0;0;0;0;0;0;0;0;0
09/12/2022;15:47:00;377;Com vítima;576,000;BR-324/BA;Decrescente;Colisão lateral no mesmo sentido;1;0;1;0;0;0;0;0;0;0;0;0;0;1;0
10/12/2022;03:54:00;106;Com vítima;819,000;BR-116/BA;Decrescente;Acidentes de outra natureza;0;0;0;1;0;0;0;0;0;0;0;1;0;0;0
10/12/2022;06:46:00;145;Sem vítima;494,000;BR-116/BA;Crescente;Colisão traseira;2;0;0;0;0;0;0;0;0;0;0;0;0;0;0
10/12/2022;10:59:00;280;Sem vítima;615,000;BR-324/BA;Decrescente;Engavetamento;0;0;0;0;0;0;0;0;0;1;0;0;0;0;0
10/12/2022;11:40:00;290;Sem vítima;544,000;BR-324/BA;Decrescente;Colisão lateral no mesmo sentido;2;0;0;0;0;0;0;0;0;0;0;0;0;0;0
10/12/2022;12:28:00;301;Sem vítima;676,000;BR-116/BA;Crescente;Capotamento;0;0;2;0;0;0;0;0;0;0;0;0;0;0;0
10/12/2022;13:25:00;330;Sem vítima;544,000;BR-324/BA;Decrescente;Saída de pista;1;0;0;0;0;0;0;0;0;0;0;0;0;0;0
10/12/2022;14:50:00;358;Com vítima;674,000;BR-116/BA;Crescente;Colisão traseira;0;0;0;1;0;0;0;0;0;1;0;1;0;0;0
10/12/2022;20:54:00;520;Sem vítima;11,000;CONTORNO - VC/BA;Decrescente;Atropelamento de animal;0;0;0;1;0;0;0;0;0;0;0;0;0;0;0
11/12/2022;10:06:00;193;Sem vítima;589,000;BR-116/BA;Crescente;Capotamento;0;0;1;0;0;0;0;0;0;0;0;0;0;0;0
11/12/2022;17:05:00;369;Sem vítima;602,000;BR-324/BA;Crescente;Colisão lateral no mesmo sentido;0;0;0;0;0;1;0;0;0;1;0;0;0;0;0
11/12/2022;20:42:00;464;Sem vítima;623,000;BR-116/BA;Crescente;Saída de pista;0;0;0;0;0;0;0;0;0;1;0;0;0;0;0
11/12/2022;21:30:00;477;Sem vítima;590,000;BR-116/BA;Crescente;Colisão traseira;0;0;2;0;0;0;0;0;0;0;0;0;0;0;0
12/12/2022;00:52:00;15;Sem vítima;563,000;BR-324/BA;Crescente;Atropelamento de animal;0;0;1;0;0;0;0;0;0;0;0;0;0;0;0
12/12/2022;07:56:00;194;Com vítima;528,000;BR-324/BA;Crescente;Colisão traseira;1;0;0;1;0;0;0;0;0;0;0;1;0;0;0
12/12/2022;09:00:00;246;Sem vítima;608,000;BR-324/BA;Crescente;Acidentes de outra natureza;3;0;0;0;0;0;0;0;0;0;0;0;0;0;0
12/12/2022;09:38:00;258;Sem vítima;568,000;BR-116/BA;Decrescente;Saída de pista;1;0;0;0;0;0;0;0;0;0;0;0;0;0;0
12/12/2022;09:49:00;265;Sem vítima;609,000;BR-324/BA;Crescente;Colisão traseira;1;0;0;0;0;0;0;0;0;1;0;0;0;0;0
12/12/2022;09:57:00;267;Sem vítima;654,000;BR-116/BA;Crescente;Colisão traseira;0;0;0;1;0;0;0;0;0;0;0;0;0;0;0
12/12/2022;10:30:00;289;Sem vítima;612,000;BR-324/BA;Crescente;Acidentes de outra natureza;3;0;0;0;0;0;0;0;0;0;0;0;0;0;0
12/12/2022;10:39:00;292;Com vítima;611,000;BR-324/BA;Crescente;Colisão traseira;2;0;0;0;0;0;0;0;0;0;0;0;2;0;0
12/12/2022;14:41:00;389;Sem vítima;541,000;BR-116/BA;Crescente;Colisão traseira;1;0;0;0;0;0;0;0;0;1;0;0;0;0;0
12/12/2022;18:06:00;494;Sem vítima;610,000;BR-324/BA;Crescente;Colisão traseira;1;0;0;0;0;0;0;0;0;1;0;0;0;0;0
12/12/2022;22:47:00;609;Sem vítima;686,000;BR-116/BA;Crescente;Capotamento;0;0;1;0;0;0;0;0;0;0;0;0;0;0;0
12/12/2022;23:23:00;619;Sem vítima;555,000;BR-324/BA;Decrescente;Saída de pista;0;0;0;0;0;0;0;0;0;1;0;0;0;0;0
13/12/2022;00:00:00;408;Com vítima;828,000;BR-116/BA;Crescente;Atropelamento de animal;0;0;0;1;0;0;0;0;0;0;0;0;1;0;0
13/12/2022;08:48:00;203;Sem vítima;616,000;BR-324/BA;Decrescente;Colisão lateral no mesmo sentido;2;0;0;0;0;0;0;0;0;0;0;0;0;0;0
13/12/2022;11:03:00;295;Sem vítima;440,000;BR-116/BA;Decrescente;Choque;1;0;0;0;0;0;0;0;0;0;0;0;0;0;0
13/12/2022;11:51:00;220;Sem vítima;532,000;BR-324/BA;Crescente;Acidentes de outra natureza;1;0;2;0;0;1;0;0;0;0;0;0;0;0;0
13/12/2022;13:01:00;321;Sem vítima;577,000;BR-324/BA;Crescente;Saída de pista;1;0;0;0;0;0;0;0;0;0;0;0;0;0;0
13/12/2022;15:52:00;415;Sem vítima;527,000;BR-324/BA;Crescente;Colisão lateral no mesmo sentido;0;0;2;0;0;0;0;0;0;0;0;0;0;0;0
13/12/2022;16:08:00;421;Sem vítima;523,000;BR-324/BA;Decrescente;Colisão traseira;1;0;0;0;0;1;0;0;0;0;0;0;0;0;0
13/12/2022;16:30:00;432;Com vítima;588,000;BR-116/BA;Decrescente;Saída de pista;0;0;1;0;0;0;0;0;0;0;0;0;1;0;0
13/12/2022;16:33:00;435;Sem vítima;696,000;BR-116/BA;Crescente;Saída de pista;0;0;1;0;0;0;0;0;0;0;0;0;0;0;0
13/12/2022;22:21:00;567;Sem vítima;563,000;BR-116/BA;Crescente;Colisão traseira;0;0;1;0;1;0;0;0;0;0;0;0;0;0;0
14/12/2022;00:40:00;8;Sem vítima;10,000;CONTORNO - VC/BA;Crescente;Colisão traseira;2;0;0;0;0;0;0;0;0;0;0;0;0;0;0
14/12/2022;06:03:00;103;Sem vítima;795,000;BR-116/BA;Decrescente;Queda de moto;0;0;2;0;0;0;0;0;0;1;0;0;0;0;0
14/12/2022;06:38:00;117;Sem vítima;15,000;CONTORNO - VC/BA;Crescente;Colisão traseira;1;0;0;0;0;0;0;0;0;1;0;0;0;0;0
14/12/2022;11:40:00;273;Sem vítima;818,000;BR-116/BA;Crescente;Colisão traseira;1;0;0;0;0;1;0;0;0;0;0;0;0;0;0
14/12/2022;12:29:00;308;Sem vítima;27,000;CONTORNO - VC/BA;Crescente;Engavetamento;1;0;0;0;0;0;0;0;0;0;0;0;0;0;0
14/12/2022;16:22:00;436;Sem vítima;568,000;BR-324/BA;Crescente;Capotamento;0;0;1;0;0;0;0;0;0;0;0;0;0;0;0
14/12/2022;20:56:00;518;Sem vítima;594,000;BR-116/BA;Decrescente;Capotamento;0;0;1;0;0;0;0;0;0;0;0;0;0;0;0
15/12/2022;07:50:00;94;Sem vítima;864,000;BR-116/BA;Decrescente;Saída de pista;0;0;0;0;0;0;0;0;0;1;0;0;0;0;0
15/12/2022;08:59:00;158;Com vítima;929,000;BR-116/BA;Crescente;Colisão lateral no mesmo sentido;1;0;1;0;0;0;0;0;0;0;0;3;0;0;0