data;horario;n_da_ocorrencia;tipo_de_ocorrencia;km;trecho;sentido;tipo_de_acidente;automovel;bicicleta;caminhao;moto;onibus;outros;tracao_animal;transporte_de_cargas_especiais;trator_maquinas;utilitarios;ilesos;levemente_feridos;moderadamente_feridos;gravemente_feridos;mortos
15/12/2022;13:31:00;279;Sem vítima;534,000;BR-324/BA;Decrescente;Engavetamento;1;0;0;0;0;0;0;0;0;0;0;0;0;0;0
15/12/2022;15:30:00;332;Sem vítima;609,000;BR-324/BA;Crescente;Choque;1;0;1;0;0;0;0;0;0;0;0;0;0;0;0
16/12/2022;01:27:00;49;Sem vítima;889,000;BR-116/BA;Decrescente;Saída de pista;0;0;0;0;1;0;0;0;0;0;0;0;0;0;0
16/12/2022;02:12:00;52;Sem vítima;451,000;BR-116/BA;Crescente;Saída de pista;1;0;0;0;0;0;0;0;0;0;0;0;0;0;0
16/12/2022;07:12:00;151;Com vítima;913,000;BR-116/BA;Crescente;Colisão frontal;1;0;0;1;0;1;0;0;0;0;0;0;0;1;0
16/12/2022;08:59:00;191;Sem vítima;556,000;BR-324/BA;Crescente;Capotamento;0;0;1;0;0;0;0;0;0;0;0;0;0;0;0
16/12/2022;09:57:00;220;Sem vítima;622,000;BR-324/BA;Crescente;Colisão lateral no mesmo sentido;1;0;1;0;0;0;0;0;0;0;0;0;0;0;0
16/12/2022;11:15:00;247;Sem vítima;556,000;BR-324/BA;Crescente;Saída de pista;1;0;0;0;0;0;0;0;0;0;0;0;0;0;0
16/12/2022;16:19:00;398;Sem vítima;610,000;BR-324/BA;Decrescente;Acidentes de outra natureza;1;0;0;0;0;0;0;0;0;2;0;0;0;0;0
16/12/2022;16:50:00;416;Com vítima;557,000;BR-324/BA;Crescente;Saída de pista;1;0;0;0;0;0;0;0;0;0;0;3;0;0;0
16/12/2022;21:38:00;539;Com vítima;910,000;BR-116/BA;Decrescente;Saída de pista;0;0;0;0;0;0;0;0;0;1;0;1;0;0;0
17/12/2022;07:32:00;123;Sem vítima;602,000;BR-116/BA;Crescente;Saída de pista;0;0;1;0;0;0;0;0;0;0;0;0;0;0;0
17/12/2022;12:39:00;320;Com vítima;587,000;BR-324/BA;Crescente;Saída de pista;1;0;0;0;0;0;0;0;0;0;0;0;1;0;0
17/12/2022;13:12:00;222;Com vítima;853,000;BR-116/BA;Decrescente;Colisão frontal;1;0;1;0;0;0;0;0;0;0;0;1;0;0;1
17/12/2022;18:21:00;472;Com vítima;583,000;BR-324/BA;Decrescente;Colisão frontal;1;0;0;0;0;0;0;0;0;1;0;0;1;0;2
17/12/2022;22:56:00;575;Com vítima;633,000;BR-116/BA;Crescente;Colisão frontal;1;0;0;1;0;0;0;0;0;0;0;0;1;0;0
17/12/2022;23:16:00;578;Com vítima;672,000;BR-116/BA;Crescente;Acidentes de outra natureza;0;0;0;1;0;0;0;0;0;0;0;2;0;0;0
18/12/2022;01:09:00;44;Sem vítima;618,000;BR-324/BA;Decrescente;Colisão traseira;0;0;0;1;0;0;0;0;0;0;0;0;0;0;0
18/12/2022;02:32:00;60;Sem vítima;27,000;CONTORNO - VC/BA;Crescente;Colisão lateral no mesmo sentido;1;0;0;0;0;1;0;0;0;0;0;0;0;0;0
18/12/2022;04:47:00;102;Com vítima;666,000;BR-116/BA;Crescente;Queda de moto;1;0;2;0;0;0;0;0;0;0;0;3;1;0;0
18/12/2022;06:54:00;151;Sem vítima;617,000;BR-116/BA;Crescente;Colisão lateral no mesmo sentido;2;0;0;0;0;0;0;0;0;0;0;0;0;0;0
18/12/2022;10:31:00;247;Sem vítima;605,000;BR-116/BA;Crescente;Acidentes de outra natureza;0;0;2;0;1;0;0;0;0;0;0;0;0;0;0
18/12/2022;12:31:00;277;Sem vítima;616,000;BR-116/BA;Crescente;Colisão traseira;0;0;2;0;0;0;0;0;0;0;0;0;0;0;0
18/12/2022;12:42:00;278;Sem vítima;617,000;BR-116/BA;Crescente;Colisão traseira;1;0;0;0;0;0;0;0;0;1;0;0;0;0;0
18/12/2022;13:48:00;288;Sem vítima;595,000;BR-324/BA;Crescente;Saída de pista;1;0;0;0;0;0;0;0;0;0;0;0;0;0;0
18/12/2022;19:26:00;445;Sem vítima;565,000;BR-324/BA;Crescente;Saída de pista;1;0;0;0;0;0;0;0;0;0;0;0;0;0;0
18/12/2022;20:21:00;464;Sem vítima;547,000;BR-324/BA;Crescente;Queda de moto;1;0;2;0;0;0;0;0;0;0;0;0;0;0;0
19/12/2022;05:21:00;113;Sem vítima;616,000;BR-324/BA;Decrescente;Saída de pista;1;0;0;0;0;0;0;0;0;0;0;0;0;0;0
19/12/2022;09:51:00;264;Com vítima;757,000;BR-116/BA;Crescente;Colisão lateral no mesmo sentido;1;0;0;1;0;0;0;0;0;0;0;0;1;0;0
19/12/2022;15:27:00;413;Sem vítima;792,000;BR-116/BA;Crescente;Colisão traseira;0;0;2;0;0;0;0;0;0;0;0;0;0;0;0
19/12/2022;20:39:00;514;Sem vítima;833,000;BR-116/BA;Decrescente;Colisão traseira;1;0;0;0;0;1;0;0;0;0;0;0;0;0;0
20/12/2022;01:07:00;42;Sem vítima;517,000;BR-116/BA;Decrescente;Atropelamento de animal;0;0;0;0;1;0;0;0;0;0;0;0;0;0;0
20/12/2022;01:39:00;46;Sem vítima;482,000;BR-116/BA;Crescente;Capotamento;0;0;1;0;0;0;0;0;0;0;0;0;0;0;0
20/12/2022;06:17:00;114;Sem vítima;596,000;BR-324/BA;Crescente;Colisão traseira;2;0;0;0;0;0;0;0;0;0;0;0;0;0;0
20/12/2022;06:34:00;120;Sem vítima;595,000;BR-324/BA;Crescente;Acidentes de outra natureza;3;0;0;0;0;0;0;0;0;0;0;0;0;0;0
20/12/2022;09:29:00;253;Sem vítima;621,000;BR-324/BA;Crescente;Acidentes de outra natureza;3;0;0;0;0;0;0;0;0;0;0;0;0;0;0
20/12/2022;14:44:00;382;Sem vítima;606,000;BR-324/BA;Crescente;Tombamento;0;0;1;0;0;0;0;0;0;0;0;0;0;0;0
20/12/2022;14:45:00;383;Sem vítima;585,000;BR-324/BA;Decrescente;Choque;1;0;0;0;0;0;0;0;0;0;0;0;0;0;0
20/12/2022;15:54:00;400;Sem vítima;580,000;BR-324/BA;Decrescente;Colisão traseira;2;0;0;0;0;0;0;0;0;0;0;0;0;0;0
20/12/2022;16:36:00;445;Sem vítima;637,000;BR-116/BA;Decrescente;Colisão lateral no mesmo sentido;1;0;1;0;0;0;0;0;0;0;0;0;0;0;0
21/12/2022;04:38:00;96;Com vítima;593,000;BR-324/BA;Crescente;Atropelamento de animal;1;0;0;0;0;0;0;0;0;0;0;1;1;0;0
21/12/2022;09:31:00;213;Sem vítima;875,000;BR-116/BA;Decrescente;Colisão traseira;1;0;1;0;0;0;0;0;0;0;0;0;0;0;0
21/12/2022;10:07:00;234;Com vítima;622,000;BR-324/BA;Decrescente;Acidentes de outra natureza;0;0;0;1;0;0;0;0;0;0;0;0;1;0;0
21/12/2022;11:53:00;301;Sem vítima;804,000;BR-116/BA;Crescente;Colisão lateral no mesmo sentido;1;0;1;0;0;0;0;0;0;0;0;0;0;0;0
21/12/2022;12:06:00;304;Com vítima;778,000;BR-116/BA;Crescente;Atropelamento de ciclista;0;1;1;0;0;0;0;0;0;0;0;0;0;1;0
21/12/2022;15:50:00;426;Sem vítima;563,000;BR-324/BA;Decrescente;Saída de pista;0;0;0;0;0;0;0;0;0;1;0;0;0;0;0
21/12/2022;17:33:00;461;Sem vítima;671,000;BR-116/BA;Decrescente;Colisão traseira;0;0;0;0;0;0;0;0;0;0;0;0;0;0;0
21/12/2022;19:07:00;496;Sem vítima;761,000;BR-116/BA;Decrescente;Acidentes de outra natureza;0;0;0;1;0;0;0;0;0;0;0;0;0;0;0
21/12/2022;20:24:00;548;Sem vítima;849,000;BR-116/BA;Crescente;Colisão traseira;0;0;1;0;1;0;0;0;0;0;0;0;0;0;0
22/12/2022;07:53:00;180;Com vítima;526,000;BR-324/BA;Crescente;Colisão traseira;0;0;0;1;0;1;0;0;0;0;0;0;1;0;0
22/12/2022;10:44:00;306;Com vítima;427,000;BR-116/BA;Decrescente;Saída de pista;1;0;0;0;0;0;0;0;0;0;0;0;1;0;0
22/12/2022;13:57:00;400;Com vítima;813,000;BR-116/BA;Decrescente;Colisão lateral no mesmo sentido;0;0;0;0;1;0;0;0;0;0;0;1;0;0;0
22/12/2022;14:31:00;413;Sem vítima;829,000;BR-116/BA;Decrescente;Acidentes de outra natureza;2;0;2;0;0;0;0;0;0;0;0;0;0;0;0
22/12/2022;16:07:00;486;Com vítima;586,000;BR-116/BA;Decrescente;Acidentes de outra natureza;0;0;0;1;0;0;0;0;0;0;0;1;0;0;0
22/12/2022;16:27:00;492;Sem vítima;853,000;BR-116/BA;Crescente;Colisão traseira;1;0;1;0;0;0;0;0;0;0;0;0;0;0;0
22/12/2022;17:34:00;512;Sem vítima;612,000;BR-324/BA;Crescente;Colisão traseira;2;0;0;0;0;0;0;0;0;0;0;0;0;0;0
22/12/2022;18:22:00;529;Sem vítima;604,000;BR-324/BA;Decrescente;Acidentes de outra natureza;3;0;0;0;0;0;0;0;0;0;0;0;0;0;0
23/12/2022;06:39:00;133;Sem vítima;615,000;BR-324/BA;Decrescente;Acidentes de outra natureza;0;0;0;1;0;0;0;0;0;0;0;0;0;0;0
23/12/2022;08:48:00;212;Sem vítima;547,000;BR-324/BA;Decrescente;Acidentes de outra natureza;3;0;0;0;1;1;0;0;0;1;0;0;0;0;0
23/12/2022;13:28:00;364;Sem vítima;829,000;BR-116/BA;Decrescente;Colisão traseira;1;0;0;0;0;1;0;0;0;0;0;0;0;0;0
23/12/2022;14:51:00;404;Com vítima;828,000;BR-116/BA;Decrescente;Colisão traseira;1;0;0;1;0;0;0;0;0;0;0;1;0;0;0
23/12/2022;15:06:00;408;Sem vítima;617,000;BR-324/BA;Decrescente;Acidentes de outra natureza;3;0;0;0;0;0;0;0;0;0;0;0;0;0;0
23/12/2022;16:47:00;471;Com vítima;620,000;BR-324/BA;Crescente;Acidentes de outra natureza;0;0;0;1;0;0;0;0;0;0;0;1;1;0;0
23/12/2022;19:13:00;524;Com vítima;566,000;BR-324/BA;Decrescente;Saída de pista;1;0;0;0;0;0;0;0;0;0;0;1;2;0;0
24/12/2022;04:31:00;121;Sem vítima;572,000;BR-324/BA;Crescente;Saída de pista;0;0;1;0;0;0;0;0;0;0;0;0;0;0;0
24/12/2022;07:22:00;158;Sem vítima;534,000;BR-324/BA;Decrescente;Saída de pista;1;0;0;0;0;0;0;0;0;0;0;0;0;0;0
24/12/2022;16:09:00;388;Sem vítima;865,000;BR-116/BA;Crescente;Colisão traseira;1;0;1;0;0;0;0;0;0;0;0;0;0;0;0
24/12/2022;17:33:00;429;Sem vítima;873,000;BR-116/BA;Crescente;Colisão lateral no mesmo sentido;0;0;1;0;0;0;0;0;0;1;0;0;0;0;0
24/12/2022;18:56:00;464;Sem vítima;821,000;BR-116/BA;Decrescente;Acidentes de outra natureza;0;0;0;1;0;0;0;0;0;0;0;0;0;0;0
25/12/2022;22:59:00;481;Sem vítima;894,000;BR-116/BA;Decrescente;Colisão lateral no mesmo sentido;2;0;0;0;0;0;0;0;0;0;0;0;0;0;0
26/12/2022;00:00:00;224;Sem vítima;12,000;CONTORNO - VC/BA;Decrescente;Colisão lateral no mesmo sentido;1;0;0;0;0;1;0;0;0;0;0;0;0;0;0
26/12/2022;04:13:00;95;Sem vítima;560,000;BR-116/BA;Crescente;Colisão traseira;2;0;0;0;0;0;0;0;0;0;0;0;0;0;0
26/12/2022;04:32:00;106;Sem vítima;590,000;BR-324/BA;Crescente;Colisão traseira;1;0;1;0;0;0;0;0;0;0;0;0;0;0;0
26/12/2022;05:04:00;110;Sem vítima;609,000;BR-116/BA;Decrescente;Saída de pista;1;0;0;0;0;0;0;0;0;0;0;0;0;0;0
26/12/2022;06:14:00;120;Com vítima;526,000;BR-324/BA;Crescente;Colisão lateral no mesmo sentido;0;0;0;2;0;0;0;0;0;0;0;2;0;0;0
26/12/2022;09:16:00;257;Sem vítima;748,000;BR-116/BA;Decrescente;Colisão traseira;2;0;0;0;0;1;0;0;0;0;0;0;0;0;0
26/12/2022;09:48:00;275;Sem vítima;7,000;526/BA;Crescente;Colisão lateral no mesmo sentido;1;0;0;0;0;1;0;0;0;0;0;0;0;0;0
26/12/2022;09:52:00;276;Sem vítima;611,000;BR-324/BA;Crescente;Colisão traseira;2;0;0;0;0;0;0;0;0;0;0;0;0;0;0
26/12/2022;10:16:00;301;Sem vítima;686,000;BR-116/BA;Decrescente;Saída de pista;1;0;0;0;0;0;0;0;0;0;0;0;0;0;0
26/12/2022;13:38:00;361;Sem vítima;687,000;BR-116/BA;Crescente;Colisão traseira;2;0;0;0;0;0;0;0;0;0;0;0;0;0;0
26/12/2022;15:06:00;453;Sem vítima;748,000;BR-116/BA;Crescente;Colisão traseira;0;0;2;0;0;0;0;0;0;0;0;0;0;0;0
26/12/2022;16:32:00;518;Com vítima;460,000;BR-116/BA;Crescente;Queda de moto;0;0;0;1;0;0;0;0;0;1;0;0;0;2;0
26/12/2022;17:42:00;539;Sem vítima;554,000;BR-324/BA;Decrescente;Engavetamento;1;0;0;0;0;0;0;0;0;0;0;0;0;0;0
26/12/2022;18:04:00;547;Sem vítima;601,000;BR-324/BA;Crescente;Colisão traseira;2;0;0;0;0;0;0;0;0;0;0;0;0;0;0
27/12/2022;00:00:00;139;Sem vítima;616,000;BR-324/BA;Decrescente;Acidentes de outra natureza;2;0;0;0;0;0;0;0;0;2;0;0;0;0;0
27/12/2022;00:00:00;313;Com vítima;797,000;BR-116/BA;Crescente;Atropelamento de ciclista;1;1;0;0;0;0;0;0;0;0;0;0;1;0;0
27/12/2022;09:48:00;227;Sem vítima;558,000;BR-324/BA;Decrescente;Saída de pista;1;0;0;0;0;0;0;0;0;0;0;0;0;0;0
27/12/2022;11:35:00;290;Sem vítima;651,000;BR-116/BA;Crescente;Saída de pista;1;0;0;0;0;0;0;0;0;0;0;0;0;0;0
27/12/2022;17:10:00;449;Sem vítima;643,000;BR-116/BA;Decrescente;Colisão lateral no mesmo sentido;0;0;1;0;0;1;0;0;0;0;0;0;0;0;0
27/12/2022;17:18:00;450;Sem vítima;613,000;BR-324/BA;Crescente;Acidentes de outra natureza;2;0;0;0;0;0;0;0;0;1;0;0;0;0;0
27/12/2022;17:54:00;456;Com vítima;634,000;BR-116/BA;Decrescente;Colisão traseira;2;0;0;0;0;0;0;0;0;0;0;1;0;0;0
28/12/2022;00:00:00;299;Sem vítima;619,000;BR-324/BA;Crescente;Colisão lateral no mesmo sentido;1;0;1;0;0;0;0;0;0;0;0;0;0;0;0
28/12/2022;05:39:00;91;Com vítima;4,000;CONTORNO - VC/BA;Decrescente;Atropelamento de ciclista;1;1;0;0;0;0;0;0;0;0;0;0;2;0;0
28/12/2022;07:31:00;157;Sem vítima;590,000;BR-116/BA;Crescente;Queda de moto;0;0;3;0;0;0;0;0;0;0;0;0;0;0;0
28/12/2022;08:06:00;183;Sem vítima;603,000;BR-116/BA;Decrescente;Acidentes de outra natureza;0;0;0;1;0;0;0;0;0;0;0;0;0;0;0
28/12/2022;14:35:00;396;Sem vítima;497,000;BR-116/BA;Crescente;Colisão transversal;1;0;1;0;0;0;0;0;0;0;0;0;0;0;0
28/12/2022;15:34:00;418;Sem vítima;583,000;BR-116/BA;Decrescente;Colisão lateral no mesmo sentido;1;0;1;0;0;0;0;0;0;0;0;0;0;0;0
28/12/2022;17:26:00;487;Sem vítima;543,000;BR-324/BA;Crescente;Colisão traseira;2;0;0;0;0;0;0;0;0;0;0;0;0;0;0
28/12/2022;19:17:00;518;Com vítima;621,000;BR-324/BA;Decrescente;Colisão traseira;1;0;0;1;0;0;0;0;0;0;0;0;2;0;0
28/12/2022;19:38:00;525;Sem vítima;6,000;CONTORNO - VC/BA;Crescente;Atropelamento de animal;0;0;0;1;0;0;0;0;0;0;0;0;0;0;0
28/12/2022;22:59:00;604;Sem vítima;510,000;BR-116/BA;Decrescente;Capotamento;0;0;1;0;0;0;0;0;0;0;0;0;0;0;0
29/12/2022;07:04:00;120;Com vítima;530,000;BR-324/BA;Crescente;Acidentes de outra natureza;0;0;0;1;0;0;0;0;0;0;0;1;0;0;0
29/12/2022;12:52:00;342;Sem vítima;879,000;BR-116/BA;Crescente;Colisão traseira;1;0;1;0;0;0;0;0;0;0;0;0;0;0;0
30/12/2022;03:25:00;92;Sem vítima;723,000;BR-116/BA;Decrescente;Choque;0;0;1;0;0;0;0;0;0;0;0;0;0;0;0
30/12/2022;07:37:00;163;Sem vítima;567,000;BR-324/BA;Crescente;Engavetamento;1;0;0;0;0;0;0;0;0;0;0;0;0;0;0
30/12/2022;15:38:00;413;Sem vítima;582,000;BR-324/BA;Crescente;Acidentes de outra natureza;2;0;0;0;0;0;0;0;0;1;0;0;0;0;0
30/12/2022;17:21:00;451;Sem vítima;599,000;BR-324/BA;Crescente;Colisão traseira;1;0;0;0;0;0;0;0;0;1;0;0;0;0;0
30/12/2022;17:53:00;464;Sem vítima;616,000;BR-324/BA;Crescente;Colisão traseira;1;0;0;0;0;1;0;0;0;0;0;0;0;0;0
31/12/2022;01:08:00;44;Com vítima;540,000;BR-116/BA;Decrescente;Saída de pista;1;0;0;0;0;0;0;0;0;0;0;0;2;0;0
31/12/2022;09:42:00;196;Com vítima;716,000;BR-116/BA;Crescente;Saída de pista;0;0;1;0;0;0;0;0;0;0;0;0;0;1;0
31/12/2022;16:29:00;343;Sem vítima;643,000;BR-116/BA;Decrescente;Colisão lateral no mesmo sentido;0;0;3;0;0;0;0;0;0;0;0;0;0;0;0
01/01/2023;04:40:00;60;Sem vítima;617,000;BR-116/BA;Crescente;Saída de pista;1;0;0;0;0;0;0;0;0;0;0;0;0;0;0
01/01/2023;05:46:00;99;Sem vítima;578,000;BR-324/BA;Crescente;Saída de pista;1;0;0;0;0;0;0;0;0;0;0;0;0;0;0
01/01/2023;07:23:00;112;Sem vítima;567,000;BR-116/BA;Decrescente;Saída de pista;0;0;0;0;0;0;0;0;0;1;0;0;0;0;0
01/01/2023;13:43:00;263;Sem vítima;567,000;BR-324/BA;Decrescente;Saída de pista;1;0;0;0;0;0;0;0;0;0;0;0;0;0;0
01/01/2023;20:24:00;448;Sem vítima;626,000;BR-324/BA;Crescente;Choque;1;0;0;0;0;0;0;0;0;0;0;0;0;0;0
01/01/2023;22:55:00;491;Com vítima;522,000;BR-324/BA;Decrescente;Acidentes de outra natureza;0;0;0;1;0;0;0;0;0;0;0;2;0;0;0
02/01/2023;06:06:00;110;Sem vítima;599,000;BR-324/BA;Crescente;Saída de pista;1;0;0;0;0;0;0;0;0;0;0;0;0;0;0
02/01/2023;06:11:00;113;Sem vítima;640,000;BR-116/BA;Decrescente;Saída de pista;1;0;0;0;0;0;0;0;0;0;0;0;0;0;0
02/01/2023;06:47:00;100;Sem vítima;877,000;BR-116/BA;Decrescente;Atropelamento de animal;1;0;0;0;0;0;0;0;0;0;0;0;0;0;0
02/01/2023;11:42:00;274;Sem vítima;586,000;BR-324/BA;Decrescente;Acidentes de outra natureza;2;0;1;0;0;0;0;0;0;0;0;0;0;0;0
02/01/2023;12:17:00;282;Sem vítima;450,000;BR-116/BA;Crescente;Saída de pista;1;0;0;0;0;0;0;0;0;0;0;0;0;0;0
02/01/2023;13:25:00;307;Sem vítima;590,000;BR-324/BA;Decrescente;Colisão traseira;2;0;0;0;0;0;0;0;0;0;0;0;0;0;0
02/01/2023;13:59:00;334;Sem vítima;532,000;BR-324/BA;Decrescente;Colisão lateral no mesmo sentido;0;0;1;0;0;0;0;0;0;1;0;0;0;0;0
02/01/2023;18:17:00;448;Sem vítima;535,000;BR-324/BA;Decrescente;Colisão traseira;0;0;1;0;0;0;0;0;0;0;1;0;0;0;0
02/01/2023;23:24:00;570;Com vítima;777,000;BR-116/BA;Decrescente;Colisão transversal;1;0;0;1;0;0;0;0;0;0;0;1;0;0;0
03/01/2023;06:18:00;115;Sem vítima;580,000;BR-324/BA;Crescente;Saída de pista;0;0;0;0;0;0;0;0;0;1;0;0;0;0;0
03/01/2023;07:47:00;167;Sem vítima;644,000;BR-116/BA;Decrescente;Colisão traseira;0;0;1;0;0;1;0;0;0;0;0;0;0;0;0
03/01/2023;08:54:00;204;Sem vítima;535,000;BR-324/BA;Decrescente;Saída de pista;0;0;1;0;0;0;0;0;0;0;0;0;0;0;0
03/01/2023;09:30:00;226;Sem vítima;535,000;BR-324/BA;Decrescente;Colisão traseira;1;0;0;0;0;0;0;0;0;1;0;0;0;0;0
03/01/2023;09:47:00;229;Sem vítima;535,000;BR-324/BA;Decrescente;Colisão traseira;2;0;0;0;0;0;0;0;0;0;0;0;0;0;0
03/01/2023;09:52:00;233;Sem vítima;577,000;BR-116/BA;Decrescente;Atropelamento de animal;1;0;0;0;0;0;0;0;0;0;0;0;0;0;0
03/01/2023;10:04:00;235;Sem vítima;535,000;BR-324/BA;Decrescente;Colisão traseira;1;0;0;0;0;0;0;0;0;1;0;0;0;0;0
03/01/2023;10:08:00;236;Sem vítima;580,000;BR-324/BA;Crescente;Saída de pista;0;0;0;0;0;0;0;0;0;1;0;0;0;0;0
03/01/2023;10:08:00;237;Com vítima;618,000;BR-116/BA;Crescente;Saída de pista;1;0;0;0;0;0;0;0;0;0;0;2;0;0;0
03/01/2023;10:40:00;255;Com vítima;539,000;BR-324/BA;Decrescente;Colisão traseira;1;0;0;0;0;0;0;0;0;1;0;1;0;0;0
03/01/2023;11:23:00;273;Sem vítima;538,000;BR-324/BA;Decrescente;Acidentes de outra natureza;2;0;0;0;0;1;0;0;0;0;0;0;0;0;0
03/01/2023;11:48:00;283;Sem vítima;579,000;BR-324/BA;Crescente;Saída de pista;0;0;1;0;0;0;0;0;0;0;0;0;0;0;0
03/01/2023;12:04:00;287;Sem vítima;871,000;BR-116/BA;Decrescente;Saída de pista;1;0;0;0;0;0;0;0;0;0;0;0;0;0;0
03/01/2023;12:05:00;288;Sem vítima;568,000;BR-324/BA;Decrescente;Saída de pista;1;0;0;0;0;0;0;0;0;0;0;0;0;0;0
03/01/2023;12:21:00;296;Sem vítima;533,000;BR-324/BA;Decrescente;Colisão traseira;1;0;0;0;0;1;0;0;0;0;0;0;0;0;0
03/01/2023;12:27:00;298;Sem vítima;534,000;BR-324/BA;Decrescente;Acidentes de outra natureza;2;0;2;0;0;0;0;0;0;0;0;0;0;0;0
03/01/2023;13:57:00;319;Com vítima;526,000;BR-324/BA;Decrescente;Colisão lateral no mesmo sentido;0;0;1;1;0;0;0;0;0;0;0;0;0;0;1
03/01/2023;16:47:00;295;Com vítima;547,000;BR-324/BA;Crescente;Saída de pista;1;0;0;0;0;0;0;0;0;0;0;1;0;0;0
03/01/2023;16:55:00;398;Sem vítima;592,000;BR-116/BA;Crescente;Colisão lateral no mesmo sentido;1;0;1;0;0;0;0;0;0;0;0;0;0;0;0
03/01/2023;16:56:00;399;Sem vítima;757,000;BR-116/BA;Decrescente;Acidentes de outra natureza;3;0;0;0;0;0;0;0;0;1;0;0;0;0;0
03/01/2023;18:03:00;423;Com vítima;625,000;BR-324/BA;Decrescente;Acidentes de outra natureza;0;0;0;1;0;0;0;0;0;0;0;1;0;0;0
04/01/2023;00:00:00;352;Com vítima;547,000;BR-324/BA;Crescente;Saída de pista;0;0;0;0;0;0;0;0;0;1;0;1;0;0;0
04/01/2023;11:23:00;264;Sem vítima;520,000;BR-324/BA;Decrescente;Acidentes de outra natureza;2;0;0;0;0;0;0;0;0;2;0;0;0;0;0
04/01/2023;14:10:00;364;Sem vítima;570,000;BR-116/BA;Crescente;Queda de moto;2;0;1;0;0;0;0;0;0;0;0;0;0;0;0
04/01/2023;14:19:00;372;Com vítima;661,000;BR-116/BA;Decrescente;Colisão transversal;2;0;0;0;0;0;0;0;0;0;0;5;1;0;0
04/01/2023;16:41:00;465;Sem vítima;810,000;BR-116/BA;Crescente;Acidentes de outra natureza;0;0;3;0;0;0;0;0;0;0;0;0;0;0;0
05/01/2023;05:00:00;63;Sem vítima;556,000;BR-324/BA;Crescente;Saída de pista;1;0;0;0;0;0;0;0;0;0;0;0;0;0;0
05/01/2023;09:07:00;184;Sem vítima;579,000;BR-324/BA;Decrescente;Saída de pista;0;0;1;0;0;0;0;0;0;0;0;0;0;0;0
05/01/2023;09:44:00;200;Sem vítima;874,000;BR-116/BA;Decrescente;Colisão lateral no mesmo sentido;2;0;0;0;0;0;0;0;0;0;0;0;0;0;0
05/01/2023;15:32:00;342;Sem vítima;532,000;BR-116/BA;Crescente;Saída de pista;0;0;0;0;0;0;0;0;0;1;0;0;0;0;0
05/01/2023;17:17:00;410;Com vítima;0,000;CONTORNO - VC/BA;Crescente;Colisão lateral no mesmo sentido;0;0;1;1;0;0;0;0;0;0;0;1;0;0;0
05/01/2023;19:21:00;444;Com vítima;573,000;BR-324/BA;Decrescente;Colisão traseira;1;0;0;0;0;1;0;0;0;0;0;1;1;0;0
05/01/2023;22:08:00;506;Sem vítima;727,000;BR-116/BA;Decrescente;Engavetamento;1;0;0;0;0;0;0;0;0;0;0;0;0;0;0
06/01/2023;00:00:00;300;Com vítima;524,000;BR-324/BA;Decrescente;Atropelamento de pedestre;1;0;0;0;0;0;0;0;0;0;0;1;0;0;0
06/01/2023;08:39:00;175;Com vítima;749,000;BR-116/BA;Decrescente;Colisão traseira;0;0;0;1;0;1;0;0;0;0;0;0;0;1;0
06/01/2023;09:27:00;196;Sem vítima;749,000;BR-116/BA;Decrescente;Saída de pista;0;0;1;0;0;0;0;0;0;0;0;0;0;0;0
06/01/2023;10:37:00;238;Sem vítima;930,000;BR-116/BA;Decrescente;Colisão traseira;2;0;0;0;0;0;0;0;0;0;0;0;0;0;0
06/01/2023;15:21:00;384;Com vítima;568,000;BR-324/BA;Decrescente;Engavetamento;1;0;0;0;0;0;0;0;0;0;0;0;1;0;0
06/01/2023;16:17:00;409;Sem vítima;610,000;BR-324/BA;Decrescente;Colisão traseira;1;0;0;0;0;1;0;0;0;1;0;0;0;0;0
06/01/2023;16:32:00;417;Sem vítima;613,000;BR-324/BA;Decrescente;Colisão traseira;1;0;0;0;0;0;0;0;0;1;0;0;0;0;0
06/01/2023;17:21:00;432;Sem vítima;612,000;BR-324/BA;Decrescente;Colisão traseira;1;0;0;0;0;1;0;0;0;0;0;0;0;0;0
06/01/2023;17:49:00;446;Sem vítima;803,000;BR-116/BA;Crescente;Colisão lateral no mesmo sentido;1;0;1;0;0;0;0;0;0;0;0;0;0;0;0
07/01/2023;04:23:00;70;Com vítima;463,000;BR-116/BA;Crescente;Acidentes de outra natureza;0;0;0;1;0;0;0;0;0;0;0;1;0;0;0
07/01/2023;09:25:00;170;Sem vítima;532,000;BR-324/BA;Decrescente;Colisão traseira;0;0;0;0;0;1;0;0;0;1;0;0;0;0;0
07/01/2023;14:02:00;249;Sem vítima;526,000;BR-324/BA;Crescente;Colisão traseira;2;0;0;0;0;0;0;0;0;0;0;0;0;0;0
07/01/2023;14:25:00;257;Com vítima;911,000;BR-116/BA;Crescente;Colisão transversal;1;0;0;1;0;0;0;0;0;0;0;0;1;0;0
07/01/2023;16:11:00;320;Com vítima;579,000;BR-116/BA;Decrescente;Colisão lateral no mesmo sentido;0;0;1;1;0;1;0;0;0;0;0;0;1;0;0
07/01/2023;23:39:00;449;Com vítima;532,000;BR-324/BA;Decrescente;Colisão traseira;2;0;0;0;0;0;0;0;0;0;0;0;1;0;0