data;horario;n_da_ocorrencia;tipo_de_ocorrencia;km;trecho;sentido;tipo_de_acidente;automovel;bicicleta;caminhao;moto;onibus;outros;tracao_animal;transporte_de_cargas_especiais;trator_maquinas;utilitarios;ilesos;levemente_feridos;moderadamente_feridos;gravemente_feridos;mortos
08/01/2023;01:06:00;40;Sem vítima;591,000;BR-324/BA;Crescente;Saída de pista;1;0;0;0;0;0;0;0;0;0;0;0;0;0;0
08/01/2023;07:43:00;136;Sem vítima;620,000;BR-324/BA;Crescente;Colisão lateral no mesmo sentido;0;0;0;1;0;1;0;0;0;0;0;0;0;0;0
08/01/2023;09:40:00;167;Sem vítima;594,000;BR-324/BA;Crescente;Saída de pista;1;0;0;0;0;0;0;0;0;0;0;0;0;0;0
08/01/2023;11:39:00;220;Com vítima;582,000;BR-324/BA;Crescente;Colisão traseira;1;0;0;1;0;0;0;0;0;0;0;2;0;0;0
08/01/2023;13:09:00;246;Com vítima;815,000;BR-116/BA;Decrescente;Acidentes de outra natureza;3;0;1;0;0;0;0;0;0;0;0;2;0;0;0
08/01/2023;13:36:00;252;Sem vítima;602,000;BR-324/BA;Decrescente;Acidentes de outra natureza;2;0;0;0;0;0;0;0;0;1;0;0;0;0;0
08/01/2023;14:31:00;269;Sem vítima;604,000;BR-324/BA;Decrescente;Acidentes de outra natureza;4;0;0;0;0;0;0;0;0;0;0;0;0;0;0
08/01/2023;16:51:00;346;Sem vítima;851,000;BR-116/BA;Decrescente;Colisão traseira;1;0;1;0;0;0;0;0;0;0;0;0;0;0;0
08/01/2023;16:56:00;347;Sem vítima;505,000;BR-116/BA;Decrescente;Saída de pista;1;0;0;0;0;0;0;0;0;0;0;0;0;0;0
08/01/2023;18:55:00;414;Sem vítima;560,000;BR-324/BA;Decrescente;Colisão transversal;2;0;0;0;0;0;0;0;0;0;0;0;0;0;0
08/01/2023;20:54:00;474;Com vítima;777,000;BR-116/BA;Crescente;Colisão traseira;0;0;0;1;0;1;0;0;0;0;0;0;0;0;1
08/01/2023;21:02:00;477;Sem vítima;618,000;BR-324/BA;Crescente;Acidentes de outra natureza;0;0;0;1;0;0;0;0;0;0;0;0;0;0;0
09/01/2023;00:00:00;85;Sem vítima;567,000;BR-324/BA;Decrescente;Saída de pista;1;0;0;0;0;0;0;0;0;0;0;0;0;0;0
09/01/2023;03:59:00;46;Com vítima;434,000;BR-116/BA;Decrescente;Saída de pista;0;0;1;0;0;0;0;0;0;0;0;1;0;0;0
09/01/2023;06:59:00;145;Sem vítima;830,000;BR-116/BA;Crescente;Colisão lateral no mesmo sentido;1;0;0;1;0;0;0;0;0;0;0;0;0;0;0
09/01/2023;07:25:00;172;Com vítima;805,000;BR-116/BA;Decrescente;Queda de moto;1;0;2;0;0;0;0;0;0;0;0;2;0;0;0
09/01/2023;08:35:00;193;Sem vítima;805,000;BR-116/BA;Decrescente;Colisão traseira;0;0;2;0;0;0;0;0;0;0;0;0;0;0;0
09/01/2023;10:28:00;269;Sem vítima;533,000;BR-324/BA;Decrescente;Colisão traseira;1;0;1;0;0;0;0;0;0;0;0;0;0;0;0
09/01/2023;13:20:00;333;Com vítima;815,000;BR-116/BA;Decrescente;Colisão traseira;0;0;0;1;0;1;0;0;0;0;0;0;1;0;0
09/01/2023;13:55:00;338;Sem vítima;571,000;BR-324/BA;Crescente;Saída de pista;1;0;0;0;0;0;0;0;0;0;0;0;0;0;0
09/01/2023;18:26:00;436;Sem vítima;830,000;BR-116/BA;Decrescente;Acidentes de outra natureza;1;0;2;0;0;0;0;0;0;0;0;0;0;0;0
10/01/2023;00:00:00;326;Sem vítima;482,000;BR-116/BA;Decrescente;Colisão traseira;1;0;0;0;1;0;0;0;0;0;0;0;0;0;0
10/01/2023;11:30:00;293;Com vítima;533,000;BR-324/BA;Decrescente;Acidentes de outra natureza;2;0;1;0;0;1;0;0;0;1;0;1;0;0;0
10/01/2023;11:45:00;298;Com vítima;11,000;CONTORNO - VC/BA;Crescente;Colisão traseira;2;0;0;0;0;0;0;0;0;0;0;1;0;0;0
10/01/2023;12:02:00;307;Sem vítima;775,000;BR-116/BA;Crescente;Saída de pista;0;0;0;0;0;0;0;0;0;1;0;0;0;0;0
10/01/2023;13:05:00;278;Com vítima;882,000;BR-116/BA;Decrescente;Saída de pista;1;0;0;0;0;0;0;0;0;0;0;2;0;0;0
10/01/2023;14:18:00;339;Com vítima;537,000;BR-324/BA;Crescente;Acidentes de outra natureza;0;0;0;1;0;0;0;0;0;0;0;1;0;0;0
10/01/2023;15:43:00;368;Sem vítima;612,000;BR-324/BA;Decrescente;Colisão lateral no mesmo sentido;2;0;0;0;0;0;0;0;0;0;0;0;0;0;0
10/01/2023;16:30:00;383;Sem vítima;518,000;BR-324/BA;Decrescente;Colisão lateral no mesmo sentido;1;0;1;0;0;0;0;0;0;0;0;0;0;0;0
10/01/2023;22:58:00;496;Sem vítima;426,000;CONTORNO NORTE - FS - 116/BA;Decrescente;Acidentes de outra natureza;0;0;0;1;0;0;0;0;0;0;0;0;0;0;0
12/01/2023;04:50:00;45;Com vítima;772,000;BR-116/BA;Crescente;Saída de pista;0;0;0;0;0;0;0;0;0;1;0;0;1;0;0
12/01/2023;12:45:00;259;Com vítima;570,000;BR-324/BA;Decrescente;Colisão lateral no mesmo sentido;1;0;1;0;0;0;0;0;0;0;0;2;1;0;0
12/01/2023;17:27:00;407;Com vítima;7,000;526/BA;Decrescente;Colisão lateral no mesmo sentido;1;0;1;0;0;0;0;0;0;0;0;3;1;0;0
13/01/2023;00:14:00;3;Sem vítima;617,000;BR-324/BA;Crescente;Saída de pista;1;0;0;0;0;0;0;0;0;0;0;0;0;0;0
13/01/2023;09:22:00;200;Sem vítima;547,000;BR-116/BA;Crescente;Colisão traseira;1;0;0;0;0;0;0;0;0;1;0;0;0;0;0
13/01/2023;09:39:00;207;Sem vítima;818,000;BR-116/BA;Decrescente;Acidentes de outra natureza;1;0;0;0;0;2;0;0;0;0;0;0;0;0;0
13/01/2023;14:11:00;342;Sem vítima;873,000;BR-116/BA;Crescente;Colisão traseira;0;0;1;0;0;1;0;0;0;1;0;0;0;0;0
13/01/2023;15:34:00;402;Sem vítima;632,000;BR-116/BA;Crescente;Colisão transversal;1;0;0;1;0;0;0;0;0;0;0;0;0;0;0
13/01/2023;16:38:00;431;Com vítima;622,000;BR-324/BA;Crescente;Acidentes de outra natureza;0;0;0;1;0;0;0;0;0;0;0;2;0;0;0
13/01/2023;17:36:00;457;Com vítima;527,000;BR-324/BA;Decrescente;Acidentes de outra natureza;0;0;0;1;0;0;0;0;0;0;0;1;0;0;0
13/01/2023;23:18:00;578;Sem vítima;506,000;BR-116/BA;Crescente;Saída de pista;1;0;0;0;0;0;0;0;0;0;0;0;0;0;0
14/01/2023;00:55:00;35;Sem vítima;511,000;BR-116/BA;Decrescente;Saída de pista;1;0;0;0;0;0;0;0;0;0;0;0;0;0;0
14/01/2023;11:54:00;238;Sem vítima;520,000;BR-324/BA;Decrescente;Colisão traseira;2;0;0;0;0;0;0;0;0;0;0;0;0;0;0
14/01/2023;12:16:00;252;Sem vítima;9,000;526/BA;Decrescente;Saída de pista;0;0;1;0;0;0;0;0;0;0;0;0;0;0;0
14/01/2023;21:32:00;478;Com vítima;426,000;CONTORNO NORTE - FS - 116/BA;Decrescente;Saída de pista;1;0;0;0;0;0;0;0;0;0;0;0;1;0;0
15/01/2023;02:12:00;50;Sem vítima;850,000;BR-116/BA;Crescente;Queda de moto;0;0;1;0;0;0;0;0;0;0;0;0;0;0;0
15/01/2023;02:54:00;53;Sem vítima;579,000;BR-324/BA;Crescente;Saída de pista;1;0;0;0;0;0;0;0;0;0;0;0;0;0;0
15/01/2023;15:43:00;288;Sem vítima;851,000;BR-116/BA;Decrescente;Colisão traseira;0;0;2;0;0;0;0;0;0;0;0;0;0;0;0
15/01/2023;16:31:00;307;Sem vítima;490,000;BR-116/BA;Decrescente;Colisão traseira;1;0;0;0;0;0;0;0;0;1;0;0;0;0;0
15/01/2023;20:22:00;412;Com vítima;652,000;BR-116/BA;Decrescente;Colisão transversal;1;0;1;0;0;0;0;0;0;0;0;2;1;0;0
15/01/2023;22:24:00;468;Sem vítima;601,000;BR-324/BA;Crescente;Saída de pista;0;0;0;0;0;0;0;0;0;1;0;0;0;0;0
16/01/2023;00:00:00;296;Sem vítima;545,000;BR-324/BA;Decrescente;Colisão lateral no mesmo sentido;1;0;0;0;0;1;0;0;0;0;0;0;0;0;0
16/01/2023;05:04:00;80;Com vítima;634,000;BR-116/BA;Decrescente;Colisão frontal;1;0;0;0;1;0;0;0;0;0;0;3;0;0;0
16/01/2023;07:47:00;153;Sem vítima;595,000;BR-324/BA;Crescente;Colisão traseira;0;0;0;1;0;1;0;0;0;0;0;0;0;0;0
16/01/2023;09:56:00;246;Sem vítima;561,000;BR-324/BA;Crescente;Colisão traseira;0;0;1;0;1;0;0;0;0;0;0;0;0;0;0
16/01/2023;11:47:00;290;Sem vítima;585,000;BR-324/BA;Decrescente;Colisão traseira;2;0;0;0;0;0;0;0;0;0;0;0;0;0;0
16/01/2023;18:12:00;449;Sem vítima;624,000;BR-324/BA;Decrescente;Acidentes de outra natureza;4;0;0;0;0;0;0;0;0;0;0;0;0;0;0
16/01/2023;18:36:00;486;Sem vítima;612,000;BR-116/BA;Decrescente;Saída de pista;1;0;0;0;0;0;0;0;0;0;0;0;0;0;0
16/01/2023;19:22:00;411;Sem vítima;563,000;BR-324/BA;Decrescente;Colisão traseira;2;0;0;0;0;0;0;0;0;0;0;0;0;0;0
16/01/2023;23:07:00;559;Sem vítima;465,000;BR-116/BA;Decrescente;Colisão traseira;0;0;1;0;0;1;0;0;0;0;0;0;0;0;0
17/01/2023;06:19:00;95;Sem vítima;903,000;BR-116/BA;Decrescente;Colisão lateral no mesmo sentido;2;0;0;0;0;0;0;0;0;0;0;0;0;0;0
17/01/2023;10:43:00;241;Sem vítima;682,000;BR-116/BA;Crescente;Colisão lateral no mesmo sentido;1;0;1;0;0;0;0;0;0;0;0;0;0;0;0
17/01/2023;14:22:00;313;Sem vítima;544,000;BR-324/BA;Crescente;Colisão traseira;1;0;0;1;0;0;0;0;0;0;0;0;0;0;0
17/01/2023;14:48:00;322;Sem vítima;599,000;BR-324/BA;Decrescente;Colisão traseira;1;0;0;0;0;1;0;0;0;1;0;0;0;0;0
17/01/2023;17:38:00;398;Com vítima;720,000;BR-116/BA;Crescente;Atropelamento de pedestre;0;0;0;0;0;1;0;0;0;0;0;1;0;0;0
18/01/2023;07:31:00;132;Sem vítima;612,000;BR-324/BA;Decrescente;Colisão traseira;2;0;0;0;0;0;0;0;0;0;0;0;0;0;0
18/01/2023;08:42:00;98;Sem vítima;608,000;BR-324/BA;Decrescente;Colisão lateral no mesmo sentido;1;0;1;0;0;0;0;0;0;0;0;0;0;0;0
18/01/2023;11:04:00;252;Sem vítima;605,000;BR-324/BA;Crescente;Engavetamento;1;0;0;0;0;0;0;0;0;0;0;0;0;0;0
18/01/2023;14:42:00;333;Com vítima;536,000;BR-324/BA;Decrescente;Colisão traseira;2;0;0;0;0;0;0;0;0;0;0;1;0;0;0
19/01/2023;04:49:00;65;Com vítima;568,000;BR-324/BA;Decrescente;Saída de pista;1;0;0;0;0;0;0;0;0;0;0;2;0;0;0
19/01/2023;07:01:00;119;Sem vítima;485,000;BR-116/BA;Decrescente;Colisão traseira;0;0;2;0;0;0;0;0;0;0;0;0;0;0;0
19/01/2023;07:10:00;127;Sem vítima;491,000;BR-116/BA;Crescente;Saída de pista;1;0;0;0;0;0;0;0;0;0;0;0;0;0;0
19/01/2023;07:33:00;156;Com vítima;619,000;BR-324/BA;Decrescente;Colisão lateral no mesmo sentido;0;0;0;1;0;1;0;0;0;0;0;0;1;0;0
19/01/2023;12:46:00;291;Com vítima;622,000;BR-324/BA;Decrescente;Acidentes de outra natureza;0;0;0;1;0;0;0;0;0;0;0;1;0;0;0
19/01/2023;15:33:00;373;Com vítima;707,000;BR-116/BA;Decrescente;Engavetamento;0;0;0;0;0;0;0;0;0;1;0;2;0;0;1
19/01/2023;19:05:00;448;Sem vítima;576,000;BR-116/BA;Crescente;Colisão lateral no mesmo sentido;0;0;1;0;0;0;0;0;0;1;0;0;0;0;0
20/01/2023;01:48:00;38;Sem vítima;776,000;BR-116/BA;Crescente;Queda de moto;0;0;1;0;0;1;0;0;0;0;0;0;0;0;0
20/01/2023;09:22:00;219;Sem vítima;674,000;BR-116/BA;Crescente;Saída de pista;1;0;0;0;0;0;0;0;0;0;0;0;0;0;0
20/01/2023;12:29:00;295;Sem vítima;551,000;BR-324/BA;Crescente;Acidentes de outra natureza;3;0;1;0;0;0;0;0;0;0;0;0;0;0;0
20/01/2023;16:51:00;425;Sem vítima;623,000;BR-324/BA;Decrescente;Colisão traseira;1;0;0;0;0;1;0;0;0;0;0;0;0;0;0
20/01/2023;17:25:00;440;Com vítima;522,000;BR-324/BA;Decrescente;Acidentes de outra natureza;0;0;0;1;0;0;0;0;0;0;0;1;0;0;0
21/01/2023;03:46:00;11;Sem vítima;519,000;BR-116/BA;Crescente;Atropelamento de animal;1;0;0;0;0;0;0;0;0;0;0;0;0;0;0
21/01/2023;04:22:00;48;Sem vítima;650,000;BR-116/BA;Crescente;Colisão lateral no mesmo sentido;0;0;1;0;0;1;0;0;0;0;0;0;0;0;0
21/01/2023;08:25:00;108;Sem vítima;908,000;BR-116/BA;Crescente;Colisão traseira;0;0;2;0;0;0;0;0;0;0;0;0;0;0;0
21/01/2023;09:18:00;133;Sem vítima;580,000;BR-116/BA;Decrescente;Colisão lateral no mesmo sentido;1;0;1;0;0;0;0;0;0;0;0;0;0;0;0
21/01/2023;12:44:00;201;Sem vítima;856,000;BR-116/BA;Decrescente;Colisão traseira;0;0;2;0;0;0;0;0;0;0;0;0;0;0;0
21/01/2023;19:12:00;401;Com vítima;669,000;BR-116/BA;Crescente;Atropelamento de ciclista;0;1;0;0;0;1;0;0;0;0;0;0;1;0;0
21/01/2023;20:02:00;411;Com vítima;14,000;CONTORNO - VC/BA;Decrescente;Colisão traseira;0;0;0;1;0;1;0;0;0;0;0;0;2;0;0
22/01/2023;16:11:00;386;Com vítima;858,000;BR-116/BA;Decrescente;Colisão transversal;1;0;0;0;1;0;0;0;0;0;0;1;0;0;0
22/01/2023;18:52:00;463;Sem vítima;566,000;BR-116/BA;Decrescente;Colisão transversal;1;0;1;0;0;0;0;0;0;0;0;0;0;0;0
23/01/2023;05:42:00;96;Sem vítima;618,000;BR-324/BA;Crescente;Colisão lateral no mesmo sentido;1;0;1;0;0;0;0;0;0;0;0;0;0;0;0
23/01/2023;09:22:00;170;Sem vítima;594,000;BR-116/BA;Decrescente;Saída de pista;0;0;1;0;0;0;0;0;0;0;0;0;0;0;0
23/01/2023;11:15:00;255;Sem vítima;625,000;BR-324/BA;Decrescente;Colisão traseira;2;0;0;0;0;0;0;0;0;0;0;0;0;0;0
23/01/2023;11:22:00;258;Sem vítima;618,000;BR-324/BA;Crescente;Acidentes de outra natureza;0;0;0;1;0;0;0;0;0;0;0;0;0;0;0
23/01/2023;12:41:00;283;Sem vítima;582,000;BR-324/BA;Crescente;Colisão lateral no mesmo sentido;1;0;1;0;0;0;0;0;0;0;0;0;0;0;0
23/01/2023;13:16:00;324;Sem vítima;538,000;BR-324/BA;Decrescente;Saída de pista;1;0;0;0;0;0;0;0;0;0;0;0;0;0;0
23/01/2023;16:51:00;442;Com vítima;811,000;BR-116/BA;Decrescente;Acidentes de outra natureza;0;0;0;1;0;0;0;0;0;0;0;1;0;0;0
23/01/2023;17:02:00;447;Sem vítima;671,000;BR-116/BA;Crescente;Acidentes de outra natureza;1;0;0;0;0;0;0;0;0;2;0;0;0;0;0
24/01/2023;04:18:00;71;Sem vítima;595,000;BR-116/BA;Decrescente;Queda de moto;0;0;1;0;0;0;0;0;0;0;0;0;0;0;0
24/01/2023;08:07:00;137;Com vítima;579,000;BR-324/BA;Crescente;Saída de pista;1;0;0;0;0;0;0;0;0;0;0;1;1;0;0
24/01/2023;15:09:00;367;Com vítima;606,000;BR-324/BA;Crescente;Colisão traseira;1;0;1;0;0;0;0;0;0;0;0;1;0;0;0
24/01/2023;16:05:00;386;Sem vítima;531,000;BR-324/BA;Decrescente;Colisão traseira;1;0;1;0;0;0;0;0;0;0;0;0;0;0;0
24/01/2023;18:54:00;470;Com vítima;782,000;BR-116/BA;Decrescente;Acidentes de outra natureza;0;0;0;1;0;1;0;0;0;0;0;0;0;0;1
24/01/2023;22:45:00;528;Sem vítima;620,000;BR-324/BA;Decrescente;Saída de pista;1;0;0;0;0;0;0;0;0;0;0;0;0;0;0
25/01/2023;09:27:00;174;Sem vítima;911,000;BR-116/BA;Crescente;Colisão lateral no mesmo sentido;1;0;1;0;0;0;0;0;0;0;0;0;0;0;0
25/01/2023;15:08:00;336;Com vítima;584,000;BR-116/BA;Crescente;Saída de pista;0;0;0;0;0;0;0;0;0;1;0;2;0;0;0
26/01/2023;01:48:00;31;Com vítima;676,000;BR-116/BA;Crescente;Atropelamento de ciclista;0;1;0;0;0;1;0;0;0;0;0;0;0;0;1
26/01/2023;04:22:00;54;Com vítima;911,000;BR-116/BA;Decrescente;Colisão traseira;1;0;1;0;1;0;0;0;0;0;0;0;3;0;0
26/01/2023;09:21:00;165;Com vítima;633,000;BR-116/BA;Decrescente;Colisão transversal;0;0;0;1;0;1;0;0;0;0;0;0;2;0;0
27/01/2023;04:37:00;36;Com vítima;496,000;BR-116/BA;Decrescente;Colisão lateral no mesmo sentido;0;0;1;0;0;0;0;0;0;1;0;1;0;0;0
27/01/2023;05:32:00;48;Sem vítima;582,000;BR-324/BA;Decrescente;Saída de pista;0;0;1;0;0;0;0;0;0;0;0;0;0;0;0
27/01/2023;05:47:00;50;Sem vítima;607,000;BR-324/BA;Crescente;Engavetamento;1;0;1;0;0;0;0;0;0;0;0;0;0;0;0
27/01/2023;07:02:00;73;Com vítima;12,000;CONTORNO - VC/BA;Decrescente;Atropelamento de animal;0;0;0;1;0;0;0;0;0;0;0;2;0;0;0
27/01/2023;10:16:00;211;Com vítima;5,000;CONTORNO SUL  - FS/BA;Crescente;Acidentes de outra natureza;1;0;0;0;0;0;0;0;0;2;0;0;1;0;0
27/01/2023;13:06:00;261;Sem vítima;601,000;BR-324/BA;Decrescente;Saída de pista;0;0;1;0;0;0;0;0;0;0;0;0;0;0;0
27/01/2023;15:12:00;353;Sem vítima;671,000;BR-116/BA;Crescente;Capotamento;0;0;1;0;0;0;0;0;0;0;0;0;0;0;0
27/01/2023;18:40:00;457;Com vítima;494,000;BR-116/BA;Crescente;Atropelamento de pedestre;0;0;0;0;0;1;0;0;0;0;0;0;0;1;0
27/01/2023;19:22:00;467;Com vítima;459,000;BR-116/BA;Decrescente;Colisão transversal;1;0;0;1;0;0;0;0;0;0;0;1;0;0;0
27/01/2023;22:35:00;527;Com vítima;535,000;BR-324/BA;Decrescente;Capotamento;0;0;0;0;0;0;0;0;0;1;0;0;1;0;0
28/01/2023;05:48:00;62;Sem vítima;914,000;BR-116/BA;Decrescente;Saída de pista;1;0;0;0;0;0;0;0;0;0;0;0;0;0;0
28/01/2023;13:36:00;275;Com vítima;730,000;BR-116/BA;Decrescente;Capotamento;0;0;1;0;0;0;0;0;0;0;0;0;1;0;0
28/01/2023;19:49:00;450;Com vítima;756,000;BR-116/BA;Decrescente;Colisão lateral no mesmo sentido;0;0;1;1;0;0;0;0;0;0;0;1;0;0;0
28/01/2023;20:15:00;459;Sem vítima;606,000;BR-324/BA;Crescente;Acidentes de outra natureza;0;0;0;1;0;1;0;0;0;0;0;0;0;0;0
29/01/2023;00:00:00;308;Sem vítima;3,000;CONTORNO - VC/BA;Decrescente;Saída de pista;1;0;0;0;0;0;0;0;0;0;0;0;0;0;0
29/01/2023;06:40:00;79;Com vítima;711,000;BR-116/BA;Decrescente;Acidentes de outra natureza;0;0;0;1;0;0;0;0;0;0;0;1;0;0;0
29/01/2023;12:00:00;223;Com vítima;0,000;CONTORNO - VC/BA;Decrescente;Acidentes de outra natureza;0;0;0;1;0;0;0;0;0;0;0;1;0;0;0
29/01/2023;14:48:00;274;Com vítima;760,000;BR-116/BA;Crescente;Colisão traseira;1;0;1;0;0;0;0;0;0;0;0;1;0;0;0
29/01/2023;15:25:00;309;Com vítima;687,000;BR-116/BA;Decrescente;Colisão traseira;0;0;1;0;0;0;0;0;0;1;0;1;1;0;0
29/01/2023;15:38:00;313;Sem vítima;567,000;BR-324/BA;Crescente;Saída de pista;0;0;0;0;0;0;0;0;0;1;0;0;0;0;0
30/01/2023;03:09:00;66;Sem vítima;819,000;BR-116/BA;Decrescente;Queda de moto;1;0;0;0;0;0;0;0;0;0;0;0;0;0;0
30/01/2023;06:04:00;122;Sem vítima;8,000;526/BA;Crescente;Colisão traseira;1;0;0;0;0;1;0;0;0;0;0;0;0;0;0
30/01/2023;07:03:00;174;Sem vítima;523,000;BR-324/BA;Crescente;Colisão traseira;1;0;1;0;0;0;0;0;0;0;0;0;0;0;0
30/01/2023;08:07:00;195;Com vítima;817,000;BR-116/BA;Crescente;Colisão traseira;0;0;0;1;0;1;0;0;0;0;0;1;0;0;0
30/01/2023;09:28:00;240;Com vítima;621,000;BR-324/BA;Crescente;Acidentes de outra natureza;4;0;0;0;0;0;0;0;0;0;0;1;0;0;0
30/01/2023;13:13:00;334;Com vítima;875,000;BR-116/BA;Decrescente;Saída de pista;1;0;1;0;0;0;0;0;0;0;0;1;0;0;0
30/01/2023;13:30:00;339;Sem vítima;561,000;BR-324/BA;Crescente;Saída de pista;1;0;0;0;0;0;0;0;0;0;0;0;0;0;0
30/01/2023;13:49:00;349;Sem vítima;540,000;BR-324/BA;Crescente;Colisão lateral no mesmo sentido;1;0;1;0;0;0;0;0;0;0;0;0;0;0;0
30/01/2023;18:15:00;480;Sem vítima;530,000;BR-324/BA;Decrescente;Colisão lateral no mesmo sentido;1;0;0;0;0;1;0;0;0;0;0;0;0;0;0
30/01/2023;22:34:00;559;Com vítima;555,000;BR-324/BA;Decrescente;Saída de pista;1;0;0;0;0;0;0;0;0;0;0;1;1;0;0
31/01/2023;07:51:00;127;Sem vítima;572,000;BR-324/BA;Decrescente;Engavetamento;1;0;0;0;0;0;0;0;0;0;0;0;0;0;0
31/01/2023;08:16:00;135;Com vítima;531,000;BR-324/BA;Decrescente;Colisão traseira;1;0;0;1;0;0;0;0;0;0;0;0;0;0;1
31/01/2023;15:17:00;335;Sem vítima;615,000;BR-324/BA;Crescente;Acidentes de outra natureza;2;0;0;0;0;0;0;0;0;1;0;0;0;0;0
31/01/2023;16:31:00;359;Com vítima;443,000;BR-116/BA;Crescente;Saída de pista;1;0;0;0;0;0;0;0;0;0;0;0;1;0;0
31/01/2023;16:33:00;360;Sem vítima;438,000;BR-116/BA;Decrescente;Colisão traseira;1;0;0;0;0;0;0;0;0;1;0;0;0;0;0
31/01/2023;21:52:00;498;Sem vítima;864,000;BR-116/BA;Crescente;Saída de pista;0;0;1;0;0;0;0;0;0;0;0;0;0;0;0
01/02/2023;02:08:00;45;Sem vítima;672,000;BR-116/BA;Decrescente;Colisão traseira;0;0;1;0;0;0;0;0;0;1;0;0;0;0;0
01/02/2023;05:15:00;57;Sem vítima;748,000;BR-116/BA;Decrescente;Saída de pista;0;0;1;0;0;0;0;0;0;0;0;0;0;0;0
01/02/2023;07:51:00;129;Sem vítima;616,000;BR-116/BA;Crescente;Saída de pista;1;0;0;0;0;0;0;0;0;0;0;0;0;0;0
01/02/2023;09:31:00;186;Sem vítima;613,000;BR-324/BA;Crescente;Colisão traseira;0;0;1;0;0;1;0;0;0;0;0;0;0;0;0
01/02/2023;11:41:00;258;Sem vítima;639,000;BR-116/BA;Decrescente;Colisão lateral no mesmo sentido;1;0;0;0;0;0;0;0;0;1;0;0;0;0;0
01/02/2023;17:22:00;387;Com vítima;542,000;BR-324/BA;Crescente;Atropelamento de pedestre;1;0;0;0;0;0;0;0;0;0;0;0;0;1;0
01/02/2023;18:01:00;393;Sem vítima;815,000;BR-116/BA;Decrescente;Colisão traseira;0;0;1;0;0;0;0;0;0;1;0;0;0;0;0
02/02/2023;07:29:00;94;Sem vítima;530,000;BR-324/BA;Decrescente;Saída de pista;1;0;0;0;0;0;0;0;0;0;0;0;0;0;0
02/02/2023;15:58:00;331;Com vítima;592,000;BR-324/BA;Decrescente;Acidentes de outra natureza;0;0;0;1;0;0;0;0;0;0;0;0;1;0;0
02/02/2023;16:44:00;344;Sem vítima;536,000;BR-324/BA;Decrescente;Colisão traseira;0;0;2;0;0;0;0;0;0;0;0;0;0;0;0
02/02/2023;19:24:00;421;Sem vítima;623,000;BR-324/BA;Crescente;Colisão lateral no mesmo sentido;2;0;0;0;0;0;0;0;0;0;0;0;0;0;0
02/02/2023;23:56:00;472;Com vítima;616,000;BR-116/BA;Decrescente;Capotamento;0;0;1;0;0;0;0;0;0;0;0;1;0;0;0
03/02/2023;06:12:00;93;Sem vítima;658,000;BR-116/BA;Crescente;Colisão traseira;0;0;2;0;0;0;0;0;0;0;0;0;0;0;0
03/02/2023;09:10:00;200;Sem vítima;551,000;BR-324/BA;Decrescente;Choque;1;0;0;0;0;0;0;0;0;0;0;0;0;0;0
03/02/2023;09:43:00;149;Sem vítima;616,000;BR-324/BA;Decrescente;Colisão traseira;1;0;0;1;0;0;0;0;0;0;0;0;0;0;0
03/02/2023;10:20:00;198;Sem vítima;604,000;BR-324/BA;Decrescente;Colisão traseira;1;0;1;0;0;0;0;0;0;0;0;0;0;0;0
03/02/2023;10:43:00;248;Sem vítima;616,000;BR-324/BA;Decrescente;Capotamento;1;0;0;0;0;1;0;0;0;0;0;0;0;0;0
03/02/2023;15:51:00;351;Sem vítima;541,000;BR-324/BA;Decrescente;Acidentes de outra natureza;1;0;0;0;0;1;0;0;0;0;0;0;0;0;0
03/02/2023;16:13:00;357;Com vítima;911,000;BR-116/BA;Decrescente;Colisão transversal;0;0;1;1;0;0;0;0;0;0;0;0;1;0;1
03/02/2023;19:52:00;434;Com vítima;618,000;BR-324/BA;Crescente;Colisão traseira;1;0;0;1;0;0;0;0;0;0;0;3;0;0;0
03/02/2023;20:15:00;443;Sem vítima;618,000;BR-324/BA;Crescente;Acidentes de outra natureza;4;0;0;0;0;0;0;0;0;1;0;0;0;0;0
04/02/2023;11:00:00;124;Sem vítima;773,000;BR-116/BA;Decrescente;Colisão traseira;0;0;2;0;0;0;0;0;0;0;0;0;0;0;0
04/02/2023;11:17:00;163;Com vítima;582,000;BR-324/BA;Crescente;Saída de pista;0;0;0;0;0;0;0;0;0;1;0;1;0;0;0
04/02/2023;13:13:00;190;Sem vítima;619,000;BR-324/BA;Decrescente;Colisão lateral no mesmo sentido;0;0;0;1;0;1;0;0;0;0;0;0;0;0;0
04/02/2023;18:40:00;359;Com vítima;587,000;BR-324/BA;Decrescente;Acidentes de outra natureza;0;0;0;1;0;0;0;0;0;0;0;1;0;0;0
04/02/2023;19:12:00;363;Com vítima;587,000;BR-324/BA;Decrescente;Queda de moto;0;0;0;1;0;0;0;0;0;0;0;0;1;0;0
04/02/2023;21:47:00;416;Com vítima;912,000;BR-116/BA;Crescente;Colisão lateral no mesmo sentido;1;0;0;0;0;1;0;0;0;0;0;0;1;0;0
05/02/2023;06:16:00;44;Sem vítima;17,000;CONTORNO - VC/BA;Decrescente;Colisão lateral no mesmo sentido;1;0;1;0;0;0;0;0;0;0;0;0;0;0;0