data;horario;n_da_ocorrencia;tipo_de_ocorrencia;km;trecho;sentido;tipo_de_acidente;automovel;bicicleta;caminhao;moto;onibus;outros;tracao_animal;transporte_de_cargas_especiais;trator_maquinas;utilitarios;ilesos;levemente_feridos;moderadamente_feridos;gravemente_feridos;mortos
05/02/2023;07:06:00;53;Sem vítima;798,000;BR-116/BA;Decrescente;Colisão frontal;0;0;0;0;0;1;0;0;0;1;0;0;0;0;0
05/02/2023;08:42:00;109;Sem vítima;845,000;BR-116/BA;Decrescente;Colisão traseira;1;0;0;0;0;1;0;0;0;0;0;0;0;0;0
05/02/2023;10:06:00;124;Sem vítima;675,000;BR-116/BA;Crescente;Colisão lateral no mesmo sentido;2;0;0;0;0;0;0;0;0;0;0;0;0;0;0
05/02/2023;14:48:00;215;Sem vítima;710,000;BR-116/BA;Decrescente;Colisão traseira;0;0;2;0;0;0;0;0;0;0;0;0;0;0;0
05/02/2023;15:45:00;256;Com vítima;432,000;BR-116/BA;Decrescente;Saída de pista;1;0;0;0;0;0;0;0;0;0;0;0;1;0;0
05/02/2023;16:17:00;271;Com vítima;808,000;BR-116/BA;Crescente;Colisão frontal;0;0;0;1;0;0;0;0;0;1;0;1;1;0;0
05/02/2023;17:58:00;306;Com vítima;616,000;BR-324/BA;Crescente;Acidentes de outra natureza;0;0;0;1;0;0;0;0;0;0;0;1;0;0;0
05/02/2023;18:28:00;350;Sem vítima;623,000;BR-324/BA;Crescente;Colisão traseira;1;0;0;0;0;1;0;0;0;0;0;0;0;0;0
05/02/2023;19:07:00;364;Com vítima;810,000;BR-116/BA;Crescente;Atropelamento de pedestre;0;0;0;1;0;0;0;0;0;0;0;1;1;0;0
05/02/2023;20:19:00;378;Sem vítima;582,000;BR-324/BA;Crescente;Choque;1;0;0;0;0;0;0;0;0;0;0;0;0;0;0
05/02/2023;21:16:00;416;Com vítima;758,000;BR-116/BA;Decrescente;Atropelamento de ciclista;0;1;0;1;0;0;0;0;0;0;0;2;0;0;0
05/02/2023;23:17:00;440;Com vítima;551,000;BR-324/BA;Decrescente;Saída de pista;1;0;0;0;0;0;0;0;0;0;0;1;0;0;0
06/02/2023;00:00:00;229;Sem vítima;577,000;BR-116/BA;Crescente;Colisão lateral no mesmo sentido;1;0;1;0;0;0;0;0;0;0;0;0;0;0;0
06/02/2023;11:58:00;222;Sem vítima;725,000;BR-116/BA;Decrescente;Saída de pista;0;0;1;0;0;0;0;0;0;0;0;0;0;0;0
06/02/2023;12:33:00;225;Sem vítima;532,000;BR-324/BA;Decrescente;Colisão lateral no mesmo sentido;2;0;0;0;0;0;0;0;0;0;0;0;0;0;0
06/02/2023;13:27:00;240;Com vítima;819,000;BR-116/BA;Decrescente;Colisão lateral no mesmo sentido;0;0;0;1;0;1;0;0;0;0;0;0;1;0;0
06/02/2023;13:35:00;245;Com vítima;887,000;BR-116/BA;Crescente;Colisão traseira;0;0;0;1;0;1;0;0;0;0;0;0;1;0;0
06/02/2023;15:02:00;276;Com vítima;530,000;BR-324/BA;Decrescente;Acidentes de outra natureza;0;0;0;1;0;0;0;0;0;0;0;2;0;0;0
06/02/2023;17:45:00;355;Sem vítima;623,000;BR-324/BA;Decrescente;Acidentes de outra natureza;1;0;0;0;0;1;0;0;0;0;0;0;0;0;0
06/02/2023;19:45:00;422;Sem vítima;574,000;BR-324/BA;Crescente;Colisão lateral no mesmo sentido;2;0;0;0;0;0;0;0;0;0;0;0;0;0;0
07/02/2023;00:00:00;182;Sem vítima;594,000;BR-116/BA;Crescente;Saída de pista;0;0;1;0;0;0;0;0;0;0;0;0;0;0;0
07/02/2023;07:15:00;102;Sem vítima;736,000;BR-116/BA;Decrescente;Capotamento;0;0;1;0;0;0;0;0;0;0;0;0;0;0;0
07/02/2023;10:57:00;212;Sem vítima;870,000;BR-116/BA;Decrescente;Colisão lateral no mesmo sentido;1;0;1;0;0;0;0;0;0;0;0;0;0;0;0
07/02/2023;12:52:00;240;Com vítima;698,000;BR-116/BA;Crescente;Colisão traseira;1;0;0;1;0;0;0;0;0;0;0;1;0;0;0
07/02/2023;17:44:00;367;Com vítima;620,000;BR-324/BA;Decrescente;Acidentes de outra natureza;0;0;0;1;0;0;0;0;0;0;0;1;0;0;0
07/02/2023;18:42:00;411;Com vítima;626,000;BR-324/BA;Crescente;Acidentes de outra natureza;0;0;0;1;0;0;0;0;0;0;0;0;1;0;0
08/02/2023;03:48:00;50;Sem vítima;599,000;BR-324/BA;Crescente;Choque;1;0;0;0;0;0;0;0;0;0;0;0;0;0;0
08/02/2023;04:44:00;59;Sem vítima;883,000;BR-116/BA;Crescente;Saída de pista;0;0;1;0;0;0;0;0;0;0;0;0;0;0;0
08/02/2023;07:18:00;120;Sem vítima;864,000;BR-116/BA;Crescente;Saída de pista;1;0;0;0;0;0;0;0;0;0;0;0;0;0;0
08/02/2023;18:11:00;466;Com vítima;615,000;BR-324/BA;Crescente;Colisão traseira;1;0;0;1;0;0;0;0;0;0;0;0;1;0;0
09/02/2023;07:50:00;136;Com vítima;525,000;BR-324/BA;Decrescente;Colisão traseira;0;0;0;1;0;0;0;0;0;1;0;2;0;0;0
09/02/2023;09:08:00;178;Com vítima;530,000;BR-324/BA;Decrescente;Colisão traseira;1;0;0;1;0;0;0;0;0;0;0;0;1;0;0
09/02/2023;10:04:00;231;Sem vítima;626,000;BR-324/BA;Crescente;Acidentes de outra natureza;3;0;0;0;0;0;0;0;0;0;0;0;0;0;0
09/02/2023;17:36:00;432;Sem vítima;855,000;BR-116/BA;Decrescente;Colisão traseira;0;0;2;0;0;0;0;0;0;0;0;0;0;0;0
09/02/2023;19:19:00;493;Com vítima;559,000;BR-324/BA;Decrescente;Colisão transversal;1;0;1;0;0;0;0;0;0;0;0;1;0;0;0
09/02/2023;20:32:00;533;Com vítima;533,000;BR-324/BA;Decrescente;Choque;1;0;0;0;0;0;0;0;0;0;0;1;0;0;0
09/02/2023;20:44:00;535;Com vítima;535,000;BR-324/BA;Decrescente;Colisão traseira;0;0;2;0;0;0;0;0;0;0;0;1;0;0;0
10/02/2023;03:14:00;52;Sem vítima;534,000;BR-324/BA;Decrescente;Colisão traseira;1;0;0;0;0;0;0;0;0;1;0;0;0;0;0
10/02/2023;05:11:00;70;Com vítima;522,000;BR-324/BA;Crescente;Colisão traseira;2;0;0;0;0;0;0;0;0;0;0;3;0;0;0
10/02/2023;05:12:00;71;Sem vítima;904,000;BR-116/BA;Crescente;Colisão traseira;2;0;0;0;0;0;0;0;0;0;0;0;0;0;0
10/02/2023;08:08:00;114;Sem vítima;616,000;BR-324/BA;Decrescente;Acidentes de outra natureza;2;0;0;0;1;0;0;0;0;0;0;0;0;0;0
10/02/2023;09:47:00;167;Sem vítima;574,000;BR-324/BA;Decrescente;Colisão traseira;1;0;0;1;0;0;0;0;0;0;0;0;0;0;0
10/02/2023;11:11:00;221;Sem vítima;616,000;BR-324/BA;Crescente;Colisão traseira;1;0;0;0;0;0;0;0;0;1;0;0;0;0;0
10/02/2023;11:22:00;224;Sem vítima;640,000;BR-116/BA;Decrescente;Acidentes de outra natureza;0;0;3;0;0;0;0;0;0;0;0;0;0;0;0
10/02/2023;11:30:00;233;Sem vítima;626,000;BR-324/BA;Crescente;Colisão traseira;1;0;1;0;0;0;0;0;0;0;0;0;0;0;0
10/02/2023;12:18:00;250;Sem vítima;0,000;CONTORNO SUL  - FS/BA;Crescente;Colisão lateral no mesmo sentido;1;0;1;0;0;0;0;0;0;0;0;0;0;0;0
10/02/2023;14:06:00;277;Sem vítima;529,000;BR-116/BA;Crescente;Capotamento;0;0;1;0;0;0;0;0;0;0;0;0;0;0;0
10/02/2023;15:03:00;328;Com vítima;778,000;BR-116/BA;Decrescente;Colisão traseira;0;0;1;0;0;1;0;0;0;1;0;3;0;0;0
10/02/2023;16:54:00;358;Com vítima;461,000;BR-116/BA;Crescente;Acidentes de outra natureza;0;0;0;1;0;0;0;0;0;0;0;1;0;0;0
10/02/2023;20:56:00;443;Sem vítima;521,000;BR-324/BA;Decrescente;Colisão lateral no mesmo sentido;2;0;0;0;0;0;0;0;0;0;0;0;0;0;0
10/02/2023;22:24:00;498;Sem vítima;495,000;BR-116/BA;Crescente;Colisão lateral no mesmo sentido;0;0;0;0;1;0;0;0;0;1;0;0;0;0;0
11/02/2023;01:56:00;41;Sem vítima;623,000;BR-324/BA;Crescente;Saída de pista;1;0;0;0;0;0;0;0;0;0;0;0;0;0;0
11/02/2023;05:48:00;85;Sem vítima;726,000;BR-116/BA;Decrescente;Colisão lateral no mesmo sentido;0;0;2;0;0;0;0;0;0;0;0;0;0;0;0
11/02/2023;06:16:00;90;Sem vítima;623,000;BR-324/BA;Decrescente;Colisão traseira;1;0;0;0;0;0;0;0;0;1;0;0;0;0;0
11/02/2023;07:41:00;135;Com vítima;807,000;BR-116/BA;Crescente;Colisão lateral no mesmo sentido;0;0;0;1;0;1;0;0;0;0;0;1;0;0;0
11/02/2023;07:56:00;148;Sem vítima;807,000;BR-116/BA;Crescente;Saída de pista;0;0;1;0;0;0;0;0;0;0;0;0;0;0;0
11/02/2023;08:05:00;150;Sem vítima;829,000;BR-116/BA;Crescente;Colisão traseira;0;0;0;0;0;0;0;0;0;2;0;0;0;0;0
11/02/2023;09:39:00;187;Sem vítima;721,000;BR-116/BA;Crescente;Colisão traseira;0;0;1;0;0;1;0;0;0;0;0;0;0;0;0
11/02/2023;10:17:00;198;Sem vítima;587,000;BR-324/BA;Decrescente;Colisão traseira;1;0;0;0;0;0;0;0;0;1;0;0;0;0;0
11/02/2023;17:12:00;373;Sem vítima;874,000;BR-116/BA;Crescente;Engavetamento;0;0;0;0;0;0;0;0;0;1;0;0;0;0;0
11/02/2023;17:53:00;399;Com vítima;528,000;BR-324/BA;Decrescente;Colisão traseira;0;0;0;1;0;1;0;0;0;0;0;0;2;0;0
11/02/2023;19:10:00;436;Com vítima;855,000;BR-116/BA;Decrescente;Colisão frontal;0;0;1;1;0;0;0;0;0;0;0;0;0;0;1
11/02/2023;20:39:00;454;Com vítima;598,000;BR-116/BA;Crescente;Saída de pista;0;0;1;0;0;0;0;0;0;0;0;1;0;0;0
12/02/2023;07:01:00;89;Sem vítima;567,000;BR-116/BA;Crescente;Colisão lateral no mesmo sentido;1;0;0;0;0;0;0;0;0;0;0;0;0;0;0
12/02/2023;11:54:00;180;Sem vítima;777,000;BR-116/BA;Decrescente;Colisão traseira;1;0;1;0;0;0;0;0;0;0;0;0;0;0;0
12/02/2023;13:12:00;188;Sem vítima;561,000;BR-324/BA;Crescente;Acidentes de outra natureza;0;0;0;1;0;0;0;0;0;0;0;0;0;0;0
12/02/2023;13:50:00;198;Sem vítima;553,000;BR-324/BA;Crescente;Saída de pista;0;0;0;0;0;0;0;0;0;1;0;0;0;0;0
12/02/2023;15:55:00;273;Sem vítima;534,000;BR-116/BA;Crescente;Saída de pista;0;0;1;0;0;0;0;0;0;0;0;0;0;0;0
12/02/2023;18:49:00;364;Com vítima;459,000;BR-116/BA;Decrescente;Acidentes de outra natureza;0;0;0;1;0;0;0;0;0;0;0;0;1;0;0
12/02/2023;20:27:00;389;Com vítima;511,000;BR-116/BA;Crescente;Colisão traseira;0;0;0;2;0;0;0;0;0;0;0;1;1;0;0
12/02/2023;21:57:00;429;Com vítima;848,000;BR-116/BA;Decrescente;Acidentes de outra natureza;0;0;0;1;0;0;0;0;0;0;0;1;0;0;0
12/02/2023;23:58:00;443;Sem vítima;14,000;CONTORNO - VC/BA;Decrescente;Saída de pista;0;0;0;0;0;0;0;0;0;1;0;0;0;0;0
13/02/2023;09:01:00;216;Sem vítima;619,000;BR-324/BA;Crescente;Colisão lateral no mesmo sentido;1;0;0;1;0;0;0;0;0;0;0;0;0;0;0
13/02/2023;09:24:00;224;Com vítima;613,000;BR-324/BA;Crescente;Colisão lateral no mesmo sentido;0;0;1;1;0;0;0;0;0;0;0;1;0;0;0
13/02/2023;09:49:00;232;Sem vítima;672,000;BR-116/BA;Decrescente;Acidentes de outra natureza;0;0;2;0;0;0;0;0;0;1;0;0;0;0;0
13/02/2023;10:10:00;184;Sem vítima;579,000;BR-324/BA;Decrescente;Colisão lateral no mesmo sentido;1;0;1;0;0;0;0;0;0;0;0;0;0;0;0
13/02/2023;10:17:00;243;Sem vítima;612,000;BR-324/BA;Crescente;Colisão traseira;1;0;0;0;0;0;0;0;0;1;0;0;0;0;0
13/02/2023;17:37:00;410;Sem vítima;607,000;BR-324/BA;Decrescente;Acidentes de outra natureza;0;0;0;1;0;0;0;0;0;0;0;0;0;0;0
14/02/2023;00:00:00;146;Com vítima;757,000;BR-116/BA;Decrescente;Colisão transversal;0;0;0;1;0;0;0;0;0;0;0;1;0;0;0
14/02/2023;01:28:00;39;Sem vítima;611,000;BR-324/BA;Crescente;Saída de pista;0;0;0;0;0;0;0;0;0;1;0;0;0;0;0
14/02/2023;02:32:00;41;Sem vítima;525,000;BR-324/BA;Decrescente;Saída de pista;1;0;0;0;0;0;0;0;0;0;0;0;0;0;0
14/02/2023;07:53:00;142;Com vítima;827,000;BR-116/BA;Crescente;Colisão transversal;1;0;0;1;0;0;0;0;0;0;0;1;1;1;0
14/02/2023;23:22:00;494;Sem vítima;588,000;BR-324/BA;Crescente;Colisão traseira;0;0;0;0;0;1;0;0;0;0;0;0;0;0;0
15/02/2023;05:41:00;92;Com vítima;600,000;BR-324/BA;Crescente;Atropelamento de ciclista;0;1;0;0;0;0;0;0;0;0;0;0;1;0;0
15/02/2023;07:43:00;155;Sem vítima;575,000;BR-324/BA;Crescente;Saída de pista;0;0;1;0;0;0;0;0;0;0;0;0;0;0;0
15/02/2023;10:07:00;205;Com vítima;545,000;BR-324/BA;Crescente;Colisão transversal;2;0;0;0;0;0;0;0;0;0;0;0;1;0;0
15/02/2023;13:27:00;269;Sem vítima;545,000;BR-324/BA;Decrescente;Colisão traseira;0;0;2;0;0;0;0;0;0;0;0;0;0;0;0
15/02/2023;15:48:00;349;Com vítima;719,000;BR-116/BA;Decrescente;Queda de moto;0;0;0;0;0;1;0;0;0;0;0;0;0;0;0
15/02/2023;16:27:00;374;Sem vítima;732,000;BR-116/BA;Crescente;Colisão traseira;0;0;2;0;0;0;0;0;0;0;0;0;0;0;0
15/02/2023;19:33:00;445;Sem vítima;621,000;BR-324/BA;Crescente;Choque;0;0;0;0;0;0;0;0;0;1;0;0;0;0;0
15/02/2023;20:19:00;463;Sem vítima;578,000;BR-324/BA;Decrescente;Colisão lateral no mesmo sentido;1;0;0;0;0;0;0;0;0;0;0;0;0;0;0
16/02/2023;00:00:00;431;Sem vítima;617,000;BR-324/BA;Crescente;Acidentes de outra natureza;0;0;0;1;0;0;0;0;0;0;0;0;0;0;0
16/02/2023;13:51:00;315;Com vítima;621,000;BR-116/BA;Decrescente;Engavetamento;1;0;0;0;0;0;0;0;0;0;0;0;1;0;0
16/02/2023;14:23:00;332;Com vítima;15,000;CONTORNO - VC/BA;Decrescente;Colisão traseira;0;0;1;1;0;0;0;0;0;0;0;0;1;0;0
16/02/2023;17:43:00;445;Sem vítima;537,000;BR-324/BA;Decrescente;Colisão traseira;0;0;1;0;0;1;0;0;0;0;0;0;0;0;0
16/02/2023;23:40:00;264;Com vítima;589,000;BR-324/BA;Decrescente;Engavetamento;1;0;0;0;0;0;0;0;0;0;0;1;0;0;0
17/02/2023;05:30:00;56;Com vítima;594,000;BR-324/BA;Crescente;Atropelamento de animal;1;0;0;0;0;0;0;0;0;0;0;0;0;0;1
17/02/2023;06:15:00;78;Sem vítima;594,000;BR-324/BA;Crescente;Colisão lateral no mesmo sentido;1;0;0;0;0;0;0;0;0;1;0;0;0;0;0
17/02/2023;14:40:00;345;Sem vítima;559,000;BR-324/BA;Decrescente;Acidentes de outra natureza;1;0;0;0;0;0;0;0;0;0;0;0;0;0;0
17/02/2023;16:44:00;416;Sem vítima;606,000;BR-324/BA;Crescente;Colisão traseira;1;0;0;0;0;0;0;0;0;0;0;0;0;0;0
17/02/2023;18:35:00;489;Sem vítima;574,000;BR-324/BA;Decrescente;Acidentes de outra natureza;0;0;0;1;0;0;0;0;0;0;0;0;0;0;0
17/02/2023;19:00:00;494;Com vítima;616,000;BR-324/BA;Crescente;Acidentes de outra natureza;0;0;0;1;0;0;0;0;0;0;0;1;0;0;0
17/02/2023;19:21:00;502;Sem vítima;441,000;BR-116/BA;Crescente;Capotamento;0;0;1;0;0;0;0;0;0;0;0;0;0;0;0
17/02/2023;19:46:00;505;Sem vítima;440,000;BR-116/BA;Decrescente;Acidentes de outra natureza;1;0;0;0;0;0;0;0;0;0;0;0;0;0;0
18/02/2023;00:00:00;198;Sem vítima;565,000;BR-324/BA;Crescente;Colisão traseira;0;0;0;0;0;1;0;0;0;0;0;0;0;0;0
18/02/2023;02:09:00;44;Sem vítima;468,000;BR-116/BA;Decrescente;Saída de pista;1;0;0;0;0;0;0;0;0;0;0;0;0;0;0
18/02/2023;07:32:00;88;Sem vítima;565,000;BR-324/BA;Crescente;Colisão traseira;1;0;0;0;0;0;0;0;0;0;0;0;0;0;0
18/02/2023;07:32:00;205;Sem vítima;565,000;BR-324/BA;Crescente;Colisão traseira;1;0;0;0;0;0;0;0;0;0;0;0;0;0;0
18/02/2023;07:52:00;97;Sem vítima;567,000;BR-324/BA;Decrescente;Colisão traseira;1;0;0;0;0;0;0;0;0;0;0;0;0;0;0
18/02/2023;08:32:00;116;Sem vítima;567,000;BR-324/BA;Decrescente;Colisão traseira;0;0;0;0;0;1;0;0;0;0;0;0;0;0;0
18/02/2023;11:46:00;200;Sem vítima;846,000;BR-116/BA;Crescente;Saída de pista;0;0;0;0;0;0;0;0;0;1;0;0;0;0;0
18/02/2023;13:55:00;255;Com vítima;648,000;BR-116/BA;Crescente;Saída de pista;0;0;1;0;0;0;0;0;0;0;0;0;1;0;0
18/02/2023;15:01:00;273;Com vítima;6,000;CONTORNO - VC/BA;Crescente;Colisão frontal;1;0;0;0;0;0;0;0;0;0;0;0;1;0;0
18/02/2023;18:49:00;364;Sem vítima;527,000;BR-116/BA;Crescente;Colisão traseira;0;0;0;0;0;0;0;0;0;1;0;0;0;0;0
18/02/2023;18:59:00;366;Com vítima;919,000;BR-116/BA;Decrescente;Colisão frontal;0;0;1;0;0;0;0;0;0;0;0;0;0;0;0
19/02/2023;09:25:00;126;Sem vítima;596,000;BR-116/BA;Decrescente;Saída de pista;1;0;0;0;0;0;0;0;0;0;0;0;0;0;0
19/02/2023;09:44:00;131;Sem vítima;547,000;BR-324/BA;Crescente;Capotamento;0;0;1;0;0;0;0;0;0;0;0;0;0;0;0
19/02/2023;12:38:00;151;Sem vítima;561,000;BR-324/BA;Decrescente;Colisão traseira;1;0;0;0;0;0;0;0;0;0;0;0;0;0;0
19/02/2023;20:58:00;320;Sem vítima;599,000;BR-324/BA;Crescente;Colisão traseira;1;0;0;0;0;0;0;0;0;0;0;0;0;0;0
20/02/2023;13:35:00;204;Sem vítima;441,000;BR-116/BA;Decrescente;Engavetamento;1;0;0;0;0;0;0;0;0;0;0;0;0;0;0
20/02/2023;13:40:00;206;Com vítima;736,000;BR-116/BA;Decrescente;Capotamento;0;0;1;0;0;0;0;0;0;0;0;1;0;0;0
20/02/2023;16:28:00;277;Sem vítima;571,000;BR-324/BA;Crescente;Colisão lateral no mesmo sentido;0;0;0;0;0;1;0;0;0;0;0;0;0;0;0
20/02/2023;20:40:00;356;Sem vítima;497,000;BR-116/BA;Crescente;Colisão traseira;0;0;1;0;0;0;0;0;0;0;0;0;0;0;0
21/02/2023;05:13:00;82;Sem vítima;461,000;BR-116/BA;Crescente;Atropelamento de animal;1;0;0;0;0;0;0;0;0;0;0;0;0;0;0
21/02/2023;19:50:00;364;Sem vítima;607,000;BR-324/BA;Crescente;Colisão lateral no mesmo sentido;0;0;0;0;0;1;0;0;0;0;0;0;0;0;0
21/02/2023;21:43:00;412;Com vítima;582,000;BR-324/BA;Decrescente;Saída de pista;1;0;0;0;0;0;0;0;0;0;0;0;1;0;0
22/02/2023;06:34:00;106;Com vítima;817,000;BR-116/BA;Crescente;Colisão lateral no mesmo sentido;0;0;0;1;0;0;0;0;0;0;0;0;1;0;0
22/02/2023;11:25:00;227;Sem vítima;530,000;BR-324/BA;Decrescente;Saída de pista;1;0;0;0;0;0;0;0;0;0;0;0;0;0;0
22/02/2023;12:00:00;239;Sem vítima;520,000;BR-324/BA;Decrescente;Acidentes de outra natureza;1;0;0;0;0;0;0;0;0;0;0;0;0;0;0
22/02/2023;12:33:00;243;Com vítima;596,000;BR-324/BA;Decrescente;Colisão transversal;0;0;1;0;0;0;0;0;0;0;0;0;0;0;0
23/02/2023;00:00:00;181;Sem vítima;551,000;BR-324/BA;Decrescente;Colisão traseira;1;0;0;0;0;0;0;0;0;0;0;0;0;0;0
23/02/2023;00:00:00;274;Sem vítima;919,000;BR-116/BA;Crescente;Capotamento;0;0;1;0;0;0;0;0;0;0;0;0;0;0;0
23/02/2023;02:31:00;46;Sem vítima;559,000;BR-324/BA;Crescente;Colisão lateral no mesmo sentido;0;0;1;0;0;0;0;0;0;0;0;0;0;0;0
23/02/2023;19:19:00;431;Com vítima;542,000;BR-116/BA;Decrescente;Colisão transversal;1;0;0;0;0;0;0;0;0;0;0;1;0;0;0
23/02/2023;21:42:00;485;Sem vítima;775,000;BR-116/BA;Decrescente;Capotamento;0;0;1;0;0;0;0;0;0;0;0;0;0;0;0
24/02/2023;00:00:00;394;Com vítima;620,000;BR-324/BA;Crescente;Acidentes de outra natureza;0;0;0;1;0;0;0;0;0;0;0;0;1;0;0
24/02/2023;17:39:00;409;Sem vítima;624,000;BR-324/BA;Decrescente;Acidentes de outra natureza;1;0;0;0;0;0;0;0;0;0;0;0;0;0;0
24/02/2023;18:05:00;433;Sem vítima;573,000;BR-324/BA;Decrescente;Acidentes de outra natureza;0;0;0;1;0;0;0;0;0;0;0;0;0;0;0
24/02/2023;19:07:00;468;Sem vítima;831,000;BR-116/BA;Decrescente;Atropelamento de animal;0;0;1;0;0;0;0;0;0;0;0;0;0;0;0
24/02/2023;20:23:00;483;Sem vítima;518,000;BR-324/BA;Decrescente;Capotamento;0;0;1;0;0;0;0;0;0;0;0;0;0;0;0
25/02/2023;13:05:00;248;Sem vítima;530,000;BR-324/BA;Decrescente;Engavetamento;1;0;0;0;0;0;0;0;0;0;0;0;0;0;0
25/02/2023;14:13:00;266;Com vítima;631,000;BR-116/BA;Decrescente;Colisão transversal;1;0;0;0;0;0;0;0;0;0;0;0;0;0;0
25/02/2023;15:07:00;304;Sem vítima;467,000;BR-116/BA;Decrescente;Colisão traseira;1;0;0;0;0;0;0;0;0;0;0;0;0;0;0
25/02/2023;22:36:00;463;Com vítima;622,000;BR-324/BA;Decrescente;Acidentes de outra natureza;0;0;0;1;0;0;0;0;0;0;0;1;0;0;0
26/02/2023;08:28:00;126;Com vítima;914,000;BR-116/BA;Decrescente;Capotamento;0;0;1;0;0;0;0;0;0;0;0;0;0;1;0
26/02/2023;13:09:00;176;Sem vítima;583,000;BR-324/BA;Crescente;Colisão lateral no mesmo sentido;0;0;0;0;0;0;0;0;0;1;0;0;0;0;0
26/02/2023;20:27:00;382;Com vítima;428,000;BR-116/BA;Crescente;Atropelamento de pedestre;0;0;0;0;0;0;0;0;0;0;0;0;0;0;1
27/02/2023;00:35:00;3;Sem vítima;623,000;BR-324/BA;Decrescente;Colisão lateral no mesmo sentido;1;0;0;0;0;0;0;0;0;0;0;0;0;0;0
27/02/2023;04:30:00;22;Sem vítima;530,000;BR-324/BA;Decrescente;Engavetamento;0;0;0;0;0;0;0;0;0;1;0;0;0;0;0
27/02/2023;06:54:00;66;Sem vítima;530,000;BR-324/BA;Decrescente;Saída de pista;1;0;0;0;0;0;0;0;0;0;0;0;0;0;0
27/02/2023;07:07:00;73;Sem vítima;530,000;BR-324/BA;Decrescente;Colisão traseira;0;0;0;0;0;1;0;0;0;0;0;0;0;0;0
27/02/2023;07:13:00;81;Com vítima;621,000;BR-324/BA;Crescente;Colisão lateral no mesmo sentido;0;0;0;1;0;0;0;0;0;0;0;1;0;0;0
27/02/2023;09:17:00;142;Sem vítima;607,000;BR-324/BA;Crescente;Colisão traseira;0;0;0;0;0;0;0;0;0;1;0;0;0;0;0
27/02/2023;12:57:00;242;Sem vítima;446,000;BR-116/BA;Decrescente;Saída de pista;1;0;0;0;0;0;0;0;0;0;0;0;0;0;0
27/02/2023;15:47:00;331;Sem vítima;564,000;BR-324/BA;Decrescente;Colisão lateral no mesmo sentido;0;0;1;0;0;0;0;0;0;0;0;0;0;0;0
27/02/2023;17:11:00;362;Sem vítima;603,000;BR-324/BA;Crescente;Colisão traseira;0;0;0;0;0;0;0;0;0;1;0;0;0;0;0
27/02/2023;19:51:00;424;Sem vítima;706,000;BR-116/BA;Crescente;Atropelamento de animal;0;0;0;0;0;0;0;0;0;1;0;0;0;0;0
27/02/2023;22:29:00;484;Sem vítima;599,000;BR-324/BA;Crescente;Colisão traseira;0;0;1;0;0;0;0;0;0;0;0;0;0;0;0
28/02/2023;17:39:00;405;Sem vítima;612,000;BR-324/BA;Crescente;Colisão lateral no mesmo sentido;1;0;0;0;0;0;0;0;0;0;0;0;0;0;0
01/03/2023;04:02:00;97;Sem vítima;602,000;BR-116/BA;Crescente;Atropelamento de animal;1;0;0;0;0;0;0;0;0;0;0;0;0;0;0
01/03/2023;07:41:00;168;Sem vítima;626,000;BR-324/BA;Decrescente;Engavetamento;1;0;0;0;0;0;0;0;0;0;0;0;0;0;0
01/03/2023;09:19:00;215;Sem vítima;618,000;BR-324/BA;Crescente;Colisão traseira;1;0;0;0;0;0;0;0;0;0;0;0;0;0;0
02/03/2023;00:00:00;284;Com vítima;546,000;BR-324/BA;Decrescente;Choque;0;0;0;0;0;0;0;0;0;1;0;0;0;0;0
02/03/2023;11:22:00;257;Sem vítima;633,000;BR-116/BA;Decrescente;Colisão transversal;1;0;0;0;0;0;0;0;0;0;0;0;0;0;0
02/03/2023;14:00:00;288;Sem vítima;538,000;BR-324/BA;Crescente;Queda de moto;1;0;1;0;0;0;0;0;0;1;0;0;0;0;0
02/03/2023;14:03:00;289;Sem vítima;591,000;BR-324/BA;Decrescente;Choque;1;0;0;0;0;0;0;0;0;0;0;0;0;0;0
03/03/2023;00:02:00;2;Sem vítima;471,000;BR-116/BA;Crescente;Acidentes de outra natureza;0;0;0;0;0;0;0;0;0;1;0;0;0;0;0
03/03/2023;06:00:00;84;Com vítima;19,000;CONTORNO - VC/BA;Decrescente;Colisão frontal;0;0;1;0;0;0;0;0;0;0;0;0;0;0;0
03/03/2023;08:26:00;114;Sem vítima;622,000;BR-324/BA;Crescente;Colisão traseira;1;0;0;0;0;0;0;0;0;0;0;0;0;0;0
03/03/2023;10:21:00;196;Sem vítima;527,000;BR-324/BA;Decrescente;Colisão traseira;1;0;0;0;0;0;0;0;0;0;0;0;0;0;0
03/03/2023;13:55:00;248;Com vítima;840,000;BR-116/BA;Crescente;Colisão traseira;1;0;0;0;0;0;0;0;0;0;0;0;0;0;0
03/03/2023;16:39:00;338;Com vítima;696,000;BR-116/BA;Crescente;Capotamento;0;0;1;0;0;0;0;0;0;0;0;0;0;0;1
03/03/2023;20:43:00;438;Com vítima;894,000;BR-116/BA;Decrescente;Acidentes de outra natureza;0;0;0;1;0;0;0;0;0;0;0;1;0;0;0
04/03/2023;00:45:00;28;Sem vítima;614,000;BR-324/BA;Decrescente;Colisão frontal;0;0;1;0;0;0;0;0;0;0;0;0;0;0;0