data;horario;n_da_ocorrencia;tipo_de_ocorrencia;km;trecho;sentido;tipo_de_acidente;automovel;bicicleta;caminhao;moto;onibus;outros;tracao_animal;transporte_de_cargas_especiais;trator_maquinas;utilitarios;ilesos;levemente_feridos;moderadamente_feridos;gravemente_feridos;mortos
04/03/2023;04:13:00;52;Sem vítima;616,000;BR-324/BA;Decrescente;Acidentes de outra natureza;0;0;0;1;0;0;0;0;0;0;0;0;0;0;0
04/03/2023;05:28:00;94;Sem vítima;449,000;BR-116/BA;Decrescente;Queda de moto;0;0;1;0;0;0;0;0;0;0;0;0;0;0;0
04/03/2023;14:27:00;259;Sem vítima;553,000;BR-324/BA;Decrescente;Saída de pista;1;0;0;0;0;0;0;0;0;0;0;0;0;0;0
04/03/2023;16:12:00;322;Com vítima;3,000;CONTORNO - VC/BA;Decrescente;Colisão transversal;1;0;0;0;0;0;0;0;0;0;0;1;0;0;0
04/03/2023;16:56:00;336;Sem vítima;530,000;BR-324/BA;Decrescente;Saída de pista;1;0;0;0;0;0;0;0;0;0;0;0;0;0;0
04/03/2023;18:37:00;393;Com vítima;809,000;BR-116/BA;Decrescente;Atropelamento de ciclista;0;1;0;0;0;0;0;0;0;0;0;1;0;0;0
04/03/2023;20:44:00;420;Com vítima;459,000;BR-116/BA;Crescente;Acidentes de outra natureza;0;0;0;1;0;0;0;0;0;0;0;1;0;0;0
05/03/2023;01:41:00;48;Sem vítima;462,000;BR-116/BA;Decrescente;Atropelamento de animal;1;0;0;0;0;0;0;0;0;0;0;0;0;0;0
05/03/2023;08:14:00;133;Sem vítima;695,000;BR-116/BA;Crescente;Colisão lateral no mesmo sentido;0;0;0;0;0;1;0;0;0;0;0;0;0;0;0
05/03/2023;16:09:00;322;Com vítima;594,000;BR-324/BA;Crescente;Saída de pista;1;0;0;0;0;0;0;0;0;0;0;1;0;0;0
05/03/2023;16:21:00;326;Com vítima;526,000;BR-324/BA;Crescente;Colisão traseira;0;0;1;0;0;0;0;0;0;1;0;0;0;1;0
05/03/2023;17:25:00;340;Com vítima;829,000;BR-116/BA;Decrescente;Colisão transversal;1;0;0;0;0;0;0;0;0;0;0;0;0;1;0
05/03/2023;19:26:00;398;Sem vítima;620,000;BR-324/BA;Decrescente;Colisão traseira;1;0;0;0;0;0;0;0;0;0;0;0;0;0;0
06/03/2023;07:12:00;124;Sem vítima;615,000;BR-324/BA;Crescente;Colisão traseira;1;0;1;0;0;0;0;0;0;0;0;0;0;0;0
06/03/2023;07:58:00;148;Sem vítima;610,000;BR-324/BA;Crescente;Colisão traseira;1;0;0;0;0;0;0;0;0;0;0;0;0;0;0
06/03/2023;10:21:00;221;Sem vítima;615,000;BR-324/BA;Crescente;Acidentes de outra natureza;1;0;0;0;0;0;0;0;0;0;0;0;0;0;0
07/03/2023;01:51:00;2;Sem vítima;520,000;BR-116/BA;Decrescente;Atropelamento de animal;0;0;1;0;0;0;0;0;0;0;0;0;0;0;0
07/03/2023;05:53:00;44;Com vítima;483,000;BR-116/BA;Decrescente;Saída de pista;0;0;1;0;0;0;0;0;0;0;0;1;0;0;1
07/03/2023;10:24:00;100;Sem vítima;622,000;BR-324/BA;Crescente;Colisão lateral no mesmo sentido;1;0;0;0;0;0;0;0;0;0;0;0;0;0;0
07/03/2023;10:41:00;175;Com vítima;776,000;BR-116/BA;Decrescente;Colisão transversal;1;0;0;0;0;0;0;0;0;0;0;1;0;0;0
07/03/2023;14:37:00;235;Sem vítima;621,000;BR-324/BA;Crescente;Colisão traseira;1;0;0;0;0;0;0;0;0;0;0;0;0;0;0
07/03/2023;16:24:00;305;Sem vítima;614,000;BR-324/BA;Crescente;Colisão lateral no mesmo sentido;1;0;0;0;0;0;0;0;0;0;0;0;0;0;0
07/03/2023;17:03:00;314;Com vítima;614,000;BR-324/BA;Decrescente;Atropelamento de ciclista;0;1;0;0;0;0;0;0;0;0;0;0;1;0;0
07/03/2023;20:47:00;367;Com vítima;5,000;CONTORNO SUL  - FS/BA;Crescente;Colisão lateral no mesmo sentido;1;0;1;0;0;0;0;0;0;0;0;1;0;0;0
08/03/2023;09:21:00;153;Sem vítima;728,000;BR-116/BA;Crescente;Colisão traseira;0;0;1;0;0;0;0;0;0;0;0;0;0;0;0
08/03/2023;13:17:00;219;Sem vítima;912,000;BR-116/BA;Decrescente;Colisão lateral no mesmo sentido;0;0;1;0;0;0;0;0;0;0;0;0;0;0;0
08/03/2023;17:38:00;347;Sem vítima;624,000;BR-324/BA;Decrescente;Colisão traseira;1;0;0;0;0;0;0;0;0;0;0;0;0;0;0
09/03/2023;08:19:00;172;Com vítima;519,000;BR-324/BA;Decrescente;Acidentes de outra natureza;0;0;2;0;0;0;0;0;0;0;0;2;0;0;0
09/03/2023;11:41:00;293;Sem vítima;786,000;BR-116/BA;Decrescente;Colisão traseira;0;0;1;0;0;0;0;0;0;0;0;0;0;0;0
09/03/2023;14:36:00;362;Sem vítima;529,000;BR-324/BA;Crescente;Colisão traseira;2;0;0;0;0;0;0;0;0;0;0;0;0;0;0
09/03/2023;15:30:00;408;Sem vítima;518,000;BR-324/BA;Decrescente;Colisão traseira;1;0;0;0;0;0;0;0;0;0;0;0;0;0;0
09/03/2023;16:36:00;428;Sem vítima;814,000;BR-116/BA;Crescente;Colisão traseira;1;0;0;0;0;0;0;0;0;1;0;0;0;0;0
10/03/2023;00:00:00;424;Com vítima;534,000;BR-324/BA;Decrescente;Acidentes de outra natureza;0;0;0;1;0;0;0;0;0;0;0;0;1;0;0
10/03/2023;05:06:00;93;Sem vítima;872,000;BR-116/BA;Decrescente;Capotamento;0;0;1;0;0;0;0;0;0;0;0;0;0;0;0
10/03/2023;12:17:00;215;Sem vítima;560,000;BR-324/BA;Decrescente;Saída de pista;0;0;1;0;0;0;0;0;0;0;0;0;0;0;0
10/03/2023;14:33:00;265;Com vítima;597,000;BR-324/BA;Crescente;Acidentes de outra natureza;0;0;0;1;0;0;0;0;0;0;0;1;0;0;0
10/03/2023;16:03:00;360;Sem vítima;553,000;BR-324/BA;Decrescente;Saída de pista;1;0;0;0;0;0;0;0;0;0;0;0;0;0;0
10/03/2023;16:50:00;372;Sem vítima;9,000;526/BA;Decrescente;Colisão traseira;0;0;1;0;0;1;0;0;0;0;0;0;0;0;0
11/03/2023;00:00:00;391;Sem vítima;29,000;CONTORNO - VC/BA;Decrescente;Choque;1;0;0;0;0;0;0;0;0;0;0;0;0;0;0
11/03/2023;02:29:00;56;Com vítima;912,000;BR-116/BA;Decrescente;Atropelamento de pedestre;0;0;0;0;0;0;0;0;0;0;0;0;1;0;0
11/03/2023;09:02:00;143;Sem vítima;624,000;BR-324/BA;Crescente;Acidentes de outra natureza;0;0;0;1;0;0;0;0;0;0;0;0;0;0;0
11/03/2023;09:59:00;159;Sem vítima;555,000;BR-116/BA;Decrescente;Saída de pista;0;0;1;0;0;0;0;0;0;0;0;0;0;0;0
11/03/2023;12:27:00;216;Sem vítima;925,000;BR-116/BA;Decrescente;Saída de pista;0;0;1;0;0;0;0;0;0;0;0;0;0;0;0
11/03/2023;13:54:00;229;Com vítima;574,000;BR-324/BA;Crescente;Colisão traseira;1;0;1;0;0;0;0;0;0;0;0;1;0;0;0
11/03/2023;14:44:00;250;Com vítima;842,000;BR-116/BA;Crescente;Colisão lateral no mesmo sentido;0;0;1;0;0;0;0;0;0;0;0;0;0;0;0
11/03/2023;22:34:00;447;Com vítima;858,000;BR-116/BA;Crescente;Colisão traseira;0;0;0;1;0;0;0;0;0;0;0;1;0;0;0
12/03/2023;02:43:00;53;Sem vítima;592,000;BR-324/BA;Decrescente;Saída de pista;1;0;0;0;0;0;0;0;0;0;0;0;0;0;0
12/03/2023;14:56:00;298;Sem vítima;530,000;BR-324/BA;Decrescente;Engavetamento;1;0;0;0;0;0;0;0;0;0;0;0;0;0;0
12/03/2023;15:07:00;316;Sem vítima;530,000;BR-324/BA;Decrescente;Acidentes de outra natureza;0;0;0;1;0;0;0;0;0;0;0;0;0;0;0
12/03/2023;15:19:00;333;Sem vítima;530,000;BR-324/BA;Decrescente;Engavetamento;1;0;0;0;0;0;0;0;0;0;0;0;0;0;0
12/03/2023;15:49:00;340;Sem vítima;488,000;BR-116/BA;Decrescente;Engavetamento;1;0;0;0;0;0;0;0;0;0;0;0;0;0;0
12/03/2023;16:04:00;349;Sem vítima;530,000;BR-324/BA;Decrescente;Colisão transversal;1;0;0;0;0;0;0;0;0;0;0;0;0;0;0
12/03/2023;16:18:00;353;Sem vítima;529,000;BR-324/BA;Decrescente;Saída de pista;1;0;0;0;0;0;0;0;0;0;0;0;0;0;0
12/03/2023;21:02:00;472;Sem vítima;551,000;BR-324/BA;Crescente;Colisão traseira;0;0;1;0;0;0;0;0;0;0;0;0;0;0;0
12/03/2023;21:22:00;474;Sem vítima;533,000;BR-324/BA;Decrescente;Colisão traseira;1;0;1;0;0;0;0;0;0;0;0;0;0;0;0
13/03/2023;05:22:00;58;Sem vítima;586,000;BR-324/BA;Crescente;Saída de pista;1;0;0;0;0;0;0;0;0;0;0;0;0;0;0
13/03/2023;06:40:00;116;Sem vítima;576,000;BR-324/BA;Crescente;Saída de pista;1;0;0;0;0;0;0;0;0;0;0;0;0;0;0
13/03/2023;09:20:00;218;Sem vítima;607,000;BR-324/BA;Crescente;Acidentes de outra natureza;1;0;0;0;0;0;0;0;0;0;0;0;0;0;0
13/03/2023;14:05:00;340;Sem vítima;448,000;BR-116/BA;Crescente;Choque;1;0;0;0;0;0;0;0;0;0;0;0;0;0;0
13/03/2023;14:50:00;361;Sem vítima;532,000;BR-324/BA;Decrescente;Choque;0;0;1;0;0;0;0;0;0;0;0;0;0;0;0
13/03/2023;17:32:00;464;Sem vítima;520,000;BR-324/BA;Decrescente;Acidentes de outra natureza;0;0;0;0;0;1;0;0;0;0;0;0;0;0;0
14/03/2023;04:53:00;82;Sem vítima;618,000;BR-324/BA;Crescente;Saída de pista;1;0;0;0;0;0;0;0;0;0;0;0;0;0;0
14/03/2023;07:40:00;137;Sem vítima;828,000;BR-116/BA;Crescente;Acidentes de outra natureza;0;0;0;0;0;0;0;0;0;1;0;0;0;0;0
14/03/2023;08:17:00;174;Sem vítima;625,000;BR-324/BA;Crescente;Colisão traseira;1;0;0;0;0;0;0;0;0;0;0;0;0;0;0
14/03/2023;10:56:00;272;Com vítima;523,000;BR-116/BA;Decrescente;Colisão lateral no mesmo sentido;0;0;0;0;0;0;0;0;0;0;0;1;0;0;0
14/03/2023;23:22:00;533;Sem vítima;445,000;BR-116/BA;Crescente;Colisão traseira;0;0;0;0;0;0;0;0;0;1;0;0;0;0;0
15/03/2023;02:32:00;57;Sem vítima;528,000;BR-116/BA;Decrescente;Colisão traseira;0;0;1;0;0;0;0;0;0;0;0;0;0;0;0
15/03/2023;07:04:00;98;Sem vítima;518,000;BR-324/BA;Decrescente;Colisão lateral no mesmo sentido;1;0;0;0;0;0;0;0;0;0;0;0;0;0;0
15/03/2023;08:58:00;153;Sem vítima;621,000;BR-324/BA;Crescente;Colisão traseira;1;0;1;0;0;0;0;0;0;0;0;0;0;0;0
15/03/2023;11:55:00;242;Sem vítima;600,000;BR-116/BA;Decrescente;Saída de pista;1;0;0;0;0;0;0;0;0;0;0;0;0;0;0
16/03/2023;00:00:00;263;Com vítima;710,000;BR-116/BA;Crescente;Colisão lateral no mesmo sentido;0;0;0;0;0;1;0;0;0;0;0;0;0;0;0
16/03/2023;03:09:00;40;Sem vítima;851,000;BR-116/BA;Decrescente;Saída de pista;1;0;0;0;0;0;0;0;0;0;0;0;0;0;0
16/03/2023;08:14:00;92;Sem vítima;526,000;BR-324/BA;Crescente;Colisão traseira;1;0;0;0;0;0;0;0;0;0;0;0;0;0;0
16/03/2023;09:02:00;125;Com vítima;573,000;BR-116/BA;Decrescente;Colisão frontal;0;0;0;0;1;0;0;0;0;0;0;1;0;0;0
16/03/2023;10:14:00;185;Sem vítima;736,000;BR-116/BA;Decrescente;Capotamento;0;0;1;0;0;0;0;0;0;0;0;0;0;0;0
16/03/2023;11:28:00;211;Com vítima;550,000;BR-116/BA;Crescente;Colisão lateral no mesmo sentido;1;0;0;0;0;0;0;0;0;0;0;1;0;0;0
16/03/2023;23:43:00;503;Com vítima;570,000;BR-324/BA;Decrescente;Acidentes de outra natureza;0;0;0;1;0;0;0;0;0;0;0;0;1;0;0
17/03/2023;06:42:00;112;Com vítima;814,000;BR-116/BA;Crescente;Colisão lateral no mesmo sentido;0;0;0;0;0;1;0;0;0;0;0;0;0;0;0
17/03/2023;08:50:00;191;Com vítima;595,000;BR-116/BA;Decrescente;Colisão frontal;0;0;0;0;0;0;0;0;0;1;0;0;1;0;0
17/03/2023;12:48:00;270;Com vítima;518,000;BR-324/BA;Decrescente;Acidentes de outra natureza;1;0;0;0;0;0;0;0;0;0;0;1;0;0;0
17/03/2023;13:03:00;273;Sem vítima;908,000;BR-116/BA;Crescente;Colisão lateral no mesmo sentido;0;0;1;0;0;0;0;0;0;0;0;0;0;0;0
17/03/2023;14:48:00;316;Com vítima;463,000;BR-116/BA;Decrescente;Acidentes de outra natureza;0;0;0;1;0;0;0;0;0;0;0;0;1;0;0
17/03/2023;15:22:00;352;Com vítima;16,000;CONTORNO - VC/BA;Decrescente;Acidentes de outra natureza;0;1;0;0;0;0;0;0;0;0;0;1;0;0;0
17/03/2023;18:55:00;465;Com vítima;555,000;BR-324/BA;Crescente;Atropelamento de pedestre;0;0;0;0;0;0;0;0;0;0;0;0;0;1;0
17/03/2023;19:10:00;466;Com vítima;855,000;BR-116/BA;Crescente;Colisão transversal;0;0;1;0;0;0;0;0;0;0;0;0;0;0;0
17/03/2023;19:19:00;468;Com vítima;14,000;CONTORNO - VC/BA;Crescente;Atropelamento de pedestre;0;0;0;0;0;0;0;0;0;0;0;0;1;0;0
17/03/2023;21:43:00;523;Sem vítima;549,000;BR-324/BA;Crescente;Saída de pista;1;0;0;0;0;0;0;0;0;0;0;0;0;0;0
18/03/2023;08:01:00;142;Com vítima;506,000;BR-116/BA;Crescente;Acidentes de outra natureza;0;0;0;1;0;0;0;0;0;0;0;2;0;0;0
18/03/2023;08:23:00;152;Sem vítima;526,000;BR-324/BA;Crescente;Colisão traseira;0;0;0;0;0;1;0;0;0;0;0;0;0;0;0
18/03/2023;15:41:00;314;Sem vítima;595,000;BR-324/BA;Crescente;Colisão traseira;0;0;0;0;0;1;0;0;0;0;0;0;0;0;0
18/03/2023;16:04:00;328;Com vítima;817,000;BR-116/BA;Decrescente;Colisão transversal;0;0;1;0;0;0;0;0;0;0;0;0;1;0;0
18/03/2023;17:26:00;341;Sem vítima;928,000;BR-116/BA;Crescente;Colisão traseira;0;0;1;0;0;0;0;0;0;0;0;0;0;0;0
19/03/2023;00:00:00;209;Sem vítima;465,000;BR-116/BA;Crescente;Colisão traseira;0;0;1;0;0;0;0;0;0;0;0;0;0;0;0
19/03/2023;00:27:00;36;Sem vítima;530,000;BR-324/BA;Decrescente;Saída de pista;1;0;0;0;0;0;0;0;0;0;0;0;0;0;0
19/03/2023;05:48:00;94;Sem vítima;450,000;BR-116/BA;Crescente;Saída de pista;1;0;0;0;0;0;0;0;0;0;0;0;0;0;0
19/03/2023;07:06:00;117;Sem vítima;557,000;BR-324/BA;Decrescente;Choque;1;0;0;0;0;0;0;0;0;0;0;0;0;0;0
19/03/2023;09:00:00;157;Sem vítima;931,000;BR-116/BA;Crescente;Colisão traseira;0;0;1;0;0;0;0;0;0;0;0;0;0;0;0
19/03/2023;16:27:00;318;Com vítima;913,000;BR-116/BA;Decrescente;Colisão traseira;0;0;1;0;0;0;0;0;0;0;0;0;1;0;0
19/03/2023;19:45:00;378;Com vítima;818,000;BR-116/BA;Crescente;Acidentes de outra natureza;0;0;0;1;0;0;0;0;0;0;0;1;0;0;0
20/03/2023;13:52:00;363;Sem vítima;442,000;BR-116/BA;Crescente;Engavetamento;1;0;0;0;0;0;0;0;0;0;1;0;0;0;0
21/03/2023;09:49:00;197;Sem vítima;583,000;BR-324/BA;Crescente;Saída de pista;1;0;0;0;0;0;0;0;0;0;1;0;0;0;0
21/03/2023;16:25:00;381;Sem vítima;533,000;BR-324/BA;Decrescente;Saída de pista;0;0;1;0;0;0;0;0;0;0;1;0;0;0;0
21/03/2023;17:23:00;400;Sem vítima;533,000;BR-324/BA;Decrescente;Colisão traseira;1;0;0;0;0;0;0;0;0;0;1;0;0;0;0
21/03/2023;18:48:00;456;Com vítima;524,000;BR-324/BA;Crescente;Atropelamento de pedestre;0;0;0;0;0;0;0;0;0;0;0;0;0;1;0
21/03/2023;21:26:00;517;Sem vítima;530,000;BR-324/BA;Decrescente;Saída de pista;0;0;1;0;0;0;0;0;0;0;1;0;0;0;0
22/03/2023;04:49:00;90;Com vítima;760,000;BR-116/BA;Crescente;Colisão traseira;0;0;1;0;0;0;0;0;0;0;0;1;0;0;0
22/03/2023;08:31:00;169;Sem vítima;584,000;BR-116/BA;Decrescente;Saída de pista;0;0;1;0;0;0;0;0;0;0;1;0;0;0;0
22/03/2023;15:10:00;340;Com vítima;583,000;BR-324/BA;Crescente;Engavetamento;1;0;0;0;0;0;0;0;0;0;0;0;0;1;0
22/03/2023;18:23:00;399;Sem vítima;449,000;BR-116/BA;Crescente;Colisão lateral no mesmo sentido;0;0;0;0;0;1;0;0;0;0;0;0;0;0;0
23/03/2023;06:46:00;87;Sem vítima;586,000;BR-324/BA;Decrescente;Saída de pista;1;0;0;0;0;0;0;0;0;0;1;0;0;0;0
23/03/2023;11:42:00;214;Sem vítima;547,000;BR-324/BA;Crescente;Choque;1;0;0;0;0;0;0;0;0;0;1;0;0;0;0
23/03/2023;13:48:00;249;Com vítima;518,000;BR-324/BA;Decrescente;Colisão traseira;1;0;0;0;0;0;0;0;0;0;0;0;1;0;0
24/03/2023;06:03:00;66;Com vítima;620,000;BR-324/BA;Decrescente;Colisão lateral no mesmo sentido;1;0;0;1;0;0;0;0;0;0;0;2;0;0;0
24/03/2023;08:37:00;78;Sem vítima;442,000;BR-116/BA;Crescente;Saída de pista;1;0;0;0;0;0;0;0;0;0;1;0;0;0;0
24/03/2023;17:53:00;368;Com vítima;531,000;BR-324/BA;Crescente;Acidentes de outra natureza;0;0;0;1;0;0;0;0;0;0;0;1;0;0;0
24/03/2023;18:42:00;408;Com vítima;459,000;BR-116/BA;Crescente;Atropelamento de pedestre;0;0;0;0;0;0;0;0;0;0;0;0;1;0;0
24/03/2023;21:08:00;470;Sem vítima;530,000;BR-324/BA;Decrescente;Choque;1;0;0;0;0;0;0;0;0;0;1;0;0;0;0
24/03/2023;22:32:00;489;Sem vítima;741,000;BR-116/BA;Crescente;Colisão lateral no mesmo sentido;1;0;1;0;0;0;0;0;0;0;2;0;0;0;0
25/03/2023;06:11:00;99;Sem vítima;709,000;BR-116/BA;Decrescente;Colisão traseira;0;0;1;0;0;0;0;0;0;0;1;0;0;0;0
25/03/2023;16:19:00;302;Com vítima;816,000;BR-116/BA;Decrescente;Colisão lateral no mesmo sentido;0;0;0;1;0;0;0;0;0;0;0;1;0;0;0
26/03/2023;06:18:00;103;Sem vítima;598,000;BR-324/BA;Crescente;Saída de pista;0;0;0;0;0;1;0;0;0;0;0;0;0;0;0
26/03/2023;09:21:00;117;Sem vítima;567,000;BR-324/BA;Decrescente;Saída de pista;1;0;0;0;0;0;0;0;0;0;1;0;0;0;0
26/03/2023;09:24:00;177;Sem vítima;584,000;BR-116/BA;Decrescente;Acidentes de outra natureza;0;0;1;0;0;0;0;0;0;0;1;0;0;0;0
26/03/2023;12:22:00;213;Com vítima;497,000;BR-116/BA;Crescente;Colisão transversal;1;0;0;0;0;0;0;0;0;0;0;0;0;1;0
26/03/2023;16:58:00;333;Sem vítima;503,000;BR-116/BA;Decrescente;Capotamento;0;0;1;0;0;0;0;0;0;0;1;0;0;0;0
26/03/2023;21:55:00;451;Com vítima;428,000;BR-116/BA;Decrescente;Acidentes de outra natureza;0;0;0;1;0;0;0;0;0;0;0;0;0;1;0
26/03/2023;22:15:00;461;Com vítima;914,000;BR-116/BA;Crescente;Saída de pista;1;0;0;0;0;0;0;0;0;0;0;1;0;0;0
27/03/2023;09:03:00;167;Sem vítima;676,000;BR-116/BA;Decrescente;Colisão lateral no mesmo sentido;1;0;0;0;0;0;0;0;0;0;1;0;0;0;0
27/03/2023;10:35:00;128;Sem vítima;589,000;BR-324/BA;Decrescente;Saída de pista;0;0;0;0;0;1;0;0;0;0;0;0;0;0;0
27/03/2023;14:55:00;354;Sem vítima;495,000;BR-116/BA;Crescente;Colisão traseira;0;0;0;0;0;0;0;0;0;1;1;0;0;0;0
27/03/2023;15:42:00;397;Sem vítima;7,000;CONTORNO - VC/BA;Crescente;Colisão traseira;0;0;1;0;0;0;0;0;0;0;1;0;0;0;0
27/03/2023;21:43:00;548;Sem vítima;579,000;BR-324/BA;Crescente;Saída de pista;0;0;1;0;0;0;0;0;0;0;1;0;0;0;0
28/03/2023;06:56:00;146;Sem vítima;593,000;BR-324/BA;Decrescente;Acidentes de outra natureza;0;0;0;0;0;1;0;0;0;0;0;0;0;0;0
28/03/2023;08:24:00;200;Sem vítima;623,000;BR-324/BA;Crescente;Acidentes de outra natureza;0;0;1;0;0;0;0;0;0;0;1;0;0;0;0
28/03/2023;18:49:00;520;Com vítima;12,000;CONTORNO - VC/BA;Decrescente;Colisão frontal;0;0;0;1;0;0;0;0;0;0;0;1;0;0;0
29/03/2023;06:38:00;122;Sem vítima;614,000;BR-324/BA;Crescente;Colisão traseira;1;0;0;0;0;0;0;0;0;0;1;0;0;0;0
29/03/2023;10:29:00;297;Com vítima;613,000;BR-324/BA;Decrescente;Acidentes de outra natureza;0;0;1;0;0;0;0;0;0;0;1;0;0;0;0
29/03/2023;12:16:00;337;Com vítima;10,000;CONTORNO - VC/BA;Decrescente;Colisão lateral no mesmo sentido;1;0;0;0;0;0;0;0;0;0;1;0;0;0;0
29/03/2023;19:35:00;554;Com vítima;839,000;BR-116/BA;Decrescente;Acidentes de outra natureza;0;0;0;0;0;1;0;0;0;0;0;0;0;0;0
30/03/2023;00:00:00;210;Sem vítima;613,000;BR-324/BA;Crescente;Colisão traseira;1;0;0;0;0;0;0;0;0;0;1;0;0;0;0
30/03/2023;07:55:00;182;Sem vítima;614,000;BR-324/BA;Crescente;Acidentes de outra natureza;1;0;0;0;0;0;0;0;0;0;1;0;0;0;0
30/03/2023;19:06:00;499;Com vítima;12,000;CONTORNO - VC/BA;Crescente;Acidentes de outra natureza;0;0;0;1;0;0;0;0;0;0;0;1;0;0;0
31/03/2023;14:27:00;400;Com vítima;857,000;BR-116/BA;Crescente;Colisão lateral no mesmo sentido;1;0;0;0;0;0;0;0;0;0;0;0;0;0;1
31/03/2023;17:30:00;491;Sem vítima;539,000;BR-116/BA;Crescente;Colisão transversal;1;0;0;0;0;0;0;0;0;0;1;0;0;0;0
31/03/2023;17:58:00;495;Sem vítima;624,000;BR-324/BA;Decrescente;Acidentes de outra natureza;0;0;0;1;0;0;0;0;0;0;1;0;0;0;0
31/03/2023;23:39:00;612;Sem vítima;586,000;BR-324/BA;Crescente;Saída de pista;1;0;0;0;0;0;0;0;0;0;1;0;0;0;0
01/04/2023;05:02:00;97;Sem vítima;568,000;BR-116/BA;Crescente;Saída de pista;0;0;1;0;0;0;0;0;0;0;1;0;0;0;0
01/04/2023;07:20:00;124;Sem vítima;589,000;BR-324/BA;Crescente;Colisão traseira;0;0;1;0;0;0;0;0;0;0;1;0;0;0;0
01/04/2023;10:02:00;201;Sem vítima;894,000;BR-116/BA;Decrescente;Colisão transversal;0;0;0;0;0;0;0;0;0;1;1;0;0;0;0
01/04/2023;22:12:00;495;Com vítima;17,000;CONTORNO - VC/BA;Decrescente;Colisão frontal;1;0;0;0;0;0;0;0;0;0;1;0;0;0;0
02/04/2023;05:56:00;91;Com vítima;625,000;BR-324/BA;Crescente;Colisão lateral no mesmo sentido;1;0;0;0;0;0;0;0;0;0;0;1;0;0;0
02/04/2023;10:15:00;185;Sem vítima;584,000;BR-116/BA;Decrescente;Colisão lateral no mesmo sentido;0;0;1;0;0;0;0;0;0;0;1;0;0;0;0
02/04/2023;14:19:00;266;Sem vítima;532,000;BR-324/BA;Crescente;Engavetamento;1;0;0;0;0;0;0;0;0;0;1;0;0;0;0
02/04/2023;16:04:00;327;Sem vítima;837,000;BR-116/BA;Decrescente;Colisão traseira;0;0;1;0;0;0;0;0;0;0;1;0;0;0;0
02/04/2023;19:52:00;431;Com vítima;5,000;CONTORNO SUL  - FS/BA;Crescente;Queda de moto;0;0;0;1;0;0;0;0;0;0;0;1;0;0;0
03/04/2023;00:00:00;132;Sem vítima;618,000;BR-324/BA;Decrescente;Acidentes de outra natureza;0;0;0;1;0;0;0;0;0;0;1;0;0;0;0
03/04/2023;07:00:00;119;Sem vítima;547,000;BR-324/BA;Decrescente;Colisão traseira;0;0;0;0;0;1;0;0;0;0;0;0;0;0;0
03/04/2023;12:15:00;268;Sem vítima;521,000;BR-324/BA;Decrescente;Capotamento;0;0;1;0;0;0;0;0;0;0;1;0;0;0;0
03/04/2023;19:14:00;506;Com vítima;620,000;BR-324/BA;Decrescente;Choque;0;0;1;0;0;0;0;0;0;0;1;0;0;0;0
04/04/2023;07:25:00;123;Com vítima;836,000;BR-116/BA;Decrescente;Colisão traseira;0;0;0;0;0;0;0;0;0;1;1;0;0;0;0
04/04/2023;08:41:00;170;Sem vítima;581,000;BR-324/BA;Crescente;Saída de pista;1;0;0;0;0;0;0;0;0;0;1;0;0;0;0
04/04/2023;13:39:00;305;Sem vítima;565,000;BR-324/BA;Crescente;Capotamento;0;0;1;0;0;0;0;0;0;0;1;0;0;0;0
04/04/2023;19:46:00;462;Sem vítima;615,000;BR-324/BA;Crescente;Colisão traseira;1;0;0;0;0;0;0;0;0;0;1;0;0;0;0
05/04/2023;00:00:00;332;Sem vítima;552,000;BR-324/BA;Decrescente;Acidentes de outra natureza;0;0;0;0;0;0;0;0;0;1;1;0;0;0;0
05/04/2023;09:44:00;208;Sem vítima;598,000;BR-324/BA;Crescente;Colisão lateral no mesmo sentido;0;0;0;0;0;1;0;0;0;0;0;0;0;0;0
05/04/2023;14:06:00;324;Com vítima;474,000;BR-116/BA;Crescente;Engavetamento;1;0;0;0;0;0;0;0;0;0;0;0;1;1;0
05/04/2023;18:43:00;476;Com vítima;520,000;BR-324/BA;Decrescente;Colisão traseira;0;0;0;1;0;0;0;0;0;0;0;1;0;0;0
06/04/2023;02:28:00;53;Sem vítima;583,000;BR-324/BA;Crescente;Saída de pista;1;0;0;0;0;0;0;0;0;0;1;0;0;0;0
06/04/2023;05:10:00;88;Sem vítima;910,000;BR-116/BA;Decrescente;Colisão traseira;0;0;1;0;0;0;0;0;0;0;1;0;0;0;0
06/04/2023;06:27:00;107;Sem vítima;590,000;BR-324/BA;Decrescente;Saída de pista;0;0;1;0;0;0;0;0;0;0;1;0;0;0;0
06/04/2023;13:57:00;332;Sem vítima;617,000;BR-324/BA;Decrescente;Acidentes de outra natureza;0;0;0;0;0;0;0;0;0;1;1;0;0;0;0
06/04/2023;14:12:00;340;Sem vítima;617,000;BR-324/BA;Decrescente;Colisão traseira;0;0;0;0;0;1;0;0;0;0;0;0;0;0;0
06/04/2023;16:10:00;425;Sem vítima;579,000;BR-324/BA;Decrescente;Colisão traseira;2;0;0;0;0;0;0;0;0;0;2;0;0;0;0