data;horario;n_da_ocorrencia;tipo_de_ocorrencia;km;trecho;sentido;tipo_de_acidente;automovel;bicicleta;caminhao;moto;onibus;outros;tracao_animal;transporte_de_cargas_especiais;trator_maquinas;utilitarios;ilesos;levemente_feridos;moderadamente_feridos;gravemente_feridos;mortos
06/04/2023;17:07:00;457;Sem vítima;526,000;BR-324/BA;Decrescente;Colisão traseira;1;0;0;0;0;0;0;0;0;0;1;0;0;0;0
06/04/2023;18:58:00;501;Sem vítima;596,000;BR-324/BA;Decrescente;Acidentes de outra natureza;1;0;0;0;0;1;0;0;0;0;1;0;0;0;0
06/04/2023;19:02:00;504;Com vítima;11,000;CONTORNO - VC/BA;Decrescente;Colisão lateral no mesmo sentido;0;0;0;1;0;1;0;0;0;0;0;2;0;0;0
06/04/2023;19:54:00;516;Sem vítima;599,000;BR-324/BA;Decrescente;Colisão lateral no mesmo sentido;1;0;0;0;0;0;0;0;0;0;1;0;0;0;0
06/04/2023;20:46:00;530;Sem vítima;555,000;BR-324/BA;Decrescente;Colisão traseira;0;0;0;0;0;0;0;0;0;1;1;0;0;0;0
07/04/2023;07:12:00;128;Sem vítima;577,000;BR-324/BA;Decrescente;Colisão traseira;0;0;0;0;0;1;0;0;0;0;0;0;0;0;0
07/04/2023;07:15:00;129;Com vítima;623,000;BR-324/BA;Crescente;Acidentes de outra natureza;0;0;0;1;0;0;0;0;0;0;0;1;0;0;0
07/04/2023;07:17:00;140;Sem vítima;577,000;BR-324/BA;Decrescente;Colisão traseira;0;0;0;0;0;1;0;0;0;0;0;0;0;0;0
07/04/2023;07:26:00;130;Sem vítima;578,000;BR-324/BA;Decrescente;Colisão traseira;1;0;0;0;0;0;0;0;0;0;1;0;0;0;0
07/04/2023;09:28:00;206;Sem vítima;483,000;BR-116/BA;Crescente;Saída de pista;1;0;0;0;0;0;0;0;0;0;0;0;0;0;0
07/04/2023;11:24:00;241;Sem vítima;533,000;BR-324/BA;Decrescente;Saída de pista;1;0;0;0;0;0;0;0;0;0;1;0;0;0;0
07/04/2023;12:05:00;250;Sem vítima;870,000;BR-116/BA;Decrescente;Colisão traseira;0;0;1;0;0;0;0;0;0;0;1;0;0;0;0
08/04/2023;06:40:00;78;Sem vítima;529,000;BR-324/BA;Decrescente;Acidentes de outra natureza;0;0;0;1;0;0;0;0;0;0;1;0;0;0;0
08/04/2023;11:35:00;180;Sem vítima;556,000;BR-324/BA;Decrescente;Saída de pista;1;0;0;0;0;0;0;0;0;0;1;0;0;0;0
08/04/2023;11:48:00;181;Sem vítima;865,000;BR-116/BA;Crescente;Colisão traseira;0;0;1;0;0;0;0;0;0;0;1;0;0;0;0
08/04/2023;17:08:00;303;Com vítima;674,000;BR-116/BA;Decrescente;Atropelamento de pedestre;0;0;0;0;0;0;0;0;0;0;0;0;0;0;1
09/04/2023;00:00:00;362;Sem vítima;540,000;BR-324/BA;Crescente;Colisão traseira;1;0;0;0;0;0;0;0;0;0;1;0;0;0;0
09/04/2023;12:32:00;241;Com vítima;622,000;BR-324/BA;Crescente;Colisão traseira;0;0;0;0;0;1;0;0;0;0;0;0;0;0;0
09/04/2023;14:23:00;277;Sem vítima;559,000;BR-324/BA;Decrescente;Colisão traseira;0;0;0;0;0;1;0;0;0;0;0;0;0;0;0
09/04/2023;15:03:00;296;Sem vítima;576,000;BR-324/BA;Crescente;Acidentes de outra natureza;1;0;0;0;0;0;0;0;0;0;1;0;0;0;0
09/04/2023;15:30:00;307;Sem vítima;533,000;BR-324/BA;Crescente;Acidentes de outra natureza;0;0;0;0;0;0;0;0;0;1;1;0;0;0;0
09/04/2023;15:49:00;320;Sem vítima;533,000;BR-324/BA;Crescente;Acidentes de outra natureza;1;0;0;0;0;0;0;0;0;0;1;0;0;0;0
09/04/2023;21:29:00;441;Sem vítima;599,000;BR-324/BA;Crescente;Colisão lateral no mesmo sentido;0;0;0;0;0;0;0;0;0;1;1;0;0;0;0
10/04/2023;06:50:00;113;Sem vítima;607,000;BR-324/BA;Crescente;Colisão traseira;1;0;0;0;0;0;0;0;0;0;1;0;0;0;0
10/04/2023;06:52:00;116;Com vítima;624,000;BR-324/BA;Crescente;Colisão traseira;0;0;0;1;0;0;0;0;0;0;0;1;0;0;0
10/04/2023;07:21:00;144;Sem vítima;572,000;BR-116/BA;Crescente;Colisão lateral no mesmo sentido;0;0;1;0;0;0;0;0;0;0;1;0;0;0;0
10/04/2023;08:22:00;183;Com vítima;612,000;BR-324/BA;Decrescente;Queda de moto;0;0;1;0;0;0;0;0;0;0;1;0;0;0;0
10/04/2023;09:13:00;194;Sem vítima;607,000;BR-324/BA;Crescente;Acidentes de outra natureza;1;0;0;0;0;0;0;0;0;0;1;0;0;0;0
10/04/2023;12:25:00;271;Sem vítima;571,000;BR-324/BA;Crescente;Saída de pista;1;0;0;0;0;0;0;0;0;0;1;0;0;0;0
10/04/2023;13:25:00;287;Sem vítima;605,000;BR-324/BA;Crescente;Acidentes de outra natureza;1;0;0;0;0;1;0;0;0;0;1;0;0;0;0
10/04/2023;14:59:00;339;Com vítima;540,000;BR-116/BA;Decrescente;Colisão lateral no mesmo sentido;1;0;0;0;0;0;0;0;0;0;0;0;0;0;1
10/04/2023;18:53:00;483;Sem vítima;601,000;BR-116/BA;Crescente;Queda de moto;0;0;1;0;0;0;0;0;0;1;2;0;0;0;0
11/04/2023;07:08:00;125;Com vítima;20,000;CONTORNO - VC/BA;Decrescente;Colisão transversal;1;0;0;0;0;0;0;0;0;0;1;0;0;0;0
11/04/2023;07:27:00;139;Sem vítima;568,000;BR-324/BA;Decrescente;Colisão traseira;0;0;0;0;0;1;0;0;0;0;0;0;0;0;0
11/04/2023;12:44:00;291;Sem vítima;545,000;BR-324/BA;Decrescente;Colisão lateral no mesmo sentido;0;0;0;0;0;1;0;0;0;0;0;0;0;0;0
11/04/2023;14:26:00;323;Sem vítima;552,000;BR-324/BA;Decrescente;Colisão traseira;1;0;0;0;0;0;0;0;0;0;1;0;0;0;0
11/04/2023;14:35:00;326;Sem vítima;599,000;BR-324/BA;Crescente;Colisão traseira;1;0;0;0;0;0;0;0;0;0;1;0;0;0;0
11/04/2023;15:18:00;347;Sem vítima;579,000;BR-324/BA;Crescente;Colisão traseira;0;0;0;0;0;1;0;0;0;0;0;0;0;0;0
11/04/2023;19:15:00;429;Sem vítima;674,000;BR-116/BA;Decrescente;Colisão transversal;0;0;0;0;0;0;0;0;0;1;2;0;0;0;0
12/04/2023;04:41:00;102;Com vítima;548,000;BR-324/BA;Crescente;Atropelamento de ciclista;0;1;0;0;0;0;0;0;0;0;0;0;0;2;0
12/04/2023;07:47:00;154;Com vítima;747,000;BR-116/BA;Decrescente;Saída de pista;0;0;1;0;0;0;0;0;0;0;0;0;1;0;0
12/04/2023;07:53:00;155;Sem vítima;561,000;BR-324/BA;Crescente;Colisão lateral no mesmo sentido;1;0;0;0;0;0;0;0;0;0;2;0;0;0;0
12/04/2023;12:43:00;281;Sem vítima;590,000;BR-324/BA;Decrescente;Colisão traseira;1;0;0;0;0;0;0;0;0;0;1;0;0;0;0
12/04/2023;15:43:00;379;Sem vítima;532,000;BR-324/BA;Crescente;Capotamento;0;0;1;0;0;0;0;0;0;0;1;0;0;0;0
12/04/2023;18:56:00;449;Com vítima;29,000;CONTORNO - VC/BA;Crescente;Colisão lateral no mesmo sentido;0;0;1;0;0;0;0;0;0;0;1;0;0;0;0
12/04/2023;20:06:00;478;Sem vítima;909,000;BR-116/BA;Crescente;Colisão transversal;1;0;0;0;0;0;0;0;0;0;1;0;0;0;0
12/04/2023;22:15:00;534;Com vítima;8,000;CONTORNO - VC/BA;Decrescente;Atropelamento de animal;0;0;0;1;0;0;0;0;0;0;0;0;1;0;0
13/04/2023;11:46:00;276;Sem vítima;877,000;BR-116/BA;Crescente;Colisão traseira;0;0;1;0;0;0;0;0;0;0;1;0;0;0;0
13/04/2023;17:26:00;428;Sem vítima;521,000;BR-324/BA;Crescente;Colisão lateral no mesmo sentido;0;0;1;0;0;0;0;0;0;0;1;0;0;0;0
14/04/2023;07:18:00;148;Sem vítima;537,000;BR-324/BA;Crescente;Colisão lateral no mesmo sentido;0;0;0;1;0;0;0;0;0;0;1;0;0;0;0
14/04/2023;15:45:00;425;Sem vítima;659,000;BR-116/BA;Decrescente;Capotamento;0;0;1;0;0;0;0;0;0;0;1;0;0;0;0
14/04/2023;17:10:00;473;Com vítima;493,000;BR-116/BA;Crescente;Colisão traseira;0;0;1;0;0;0;0;0;0;0;1;0;0;0;0
14/04/2023;17:22:00;476;Sem vítima;526,000;BR-324/BA;Decrescente;Colisão traseira;0;0;0;0;0;1;0;0;0;0;0;0;0;0;0
14/04/2023;17:42:00;484;Sem vítima;624,000;BR-324/BA;Decrescente;Colisão lateral no mesmo sentido;0;0;0;1;0;0;0;0;0;0;1;0;0;0;0
14/04/2023;18:16:00;496;Sem vítima;625,000;BR-324/BA;Decrescente;Acidentes de outra natureza;0;0;0;1;0;0;0;0;0;0;1;0;0;0;0
14/04/2023;18:36:00;516;Sem vítima;518,000;BR-324/BA;Crescente;Colisão traseira;0;0;0;1;0;0;0;0;0;0;1;0;0;0;0
14/04/2023;18:54:00;519;Com vítima;659,000;BR-116/BA;Crescente;Atropelamento de pedestre;0;0;0;0;0;0;0;0;0;0;0;0;0;1;0
14/04/2023;18:55:00;520;Sem vítima;685,000;BR-116/BA;Crescente;Colisão traseira;0;0;0;0;0;1;0;0;0;0;0;0;0;0;0
14/04/2023;19:52:00;532;Sem vítima;614,000;BR-324/BA;Decrescente;Acidentes de outra natureza;0;0;0;1;0;0;0;0;0;0;1;0;0;0;0
15/04/2023;08:37:00;175;Sem vítima;8,000;526/BA;Crescente;Colisão traseira;0;0;1;0;0;0;0;0;0;0;1;0;0;0;0
15/04/2023;12:46:00;248;Sem vítima;590,000;BR-324/BA;Decrescente;Colisão traseira;0;0;1;0;0;0;0;0;0;0;1;0;0;0;0
15/04/2023;14:02:00;376;Sem vítima;865,000;BR-116/BA;Decrescente;Colisão lateral no mesmo sentido;0;0;1;0;0;0;0;0;0;0;1;0;0;0;0
15/04/2023;14:35:00;317;Sem vítima;532,000;BR-116/BA;Crescente;Colisão traseira;0;0;1;0;0;0;0;0;0;0;1;0;0;0;0
15/04/2023;18:08:00;412;Com vítima;540,000;BR-324/BA;Decrescente;Acidentes de outra natureza;0;0;0;0;0;1;0;0;0;0;0;0;0;0;0
15/04/2023;23:57:00;507;Sem vítima;821,000;BR-116/BA;Decrescente;Colisão frontal;1;0;0;0;0;0;0;0;0;0;1;0;0;0;0
16/04/2023;02:32:00;49;Com vítima;625,000;BR-324/BA;Decrescente;Acidentes de outra natureza;0;0;0;1;0;0;0;0;0;0;0;0;1;0;0
16/04/2023;05:56:00;102;Com vítima;620,000;BR-324/BA;Decrescente;Colisão traseira;0;0;0;0;0;1;0;0;0;0;0;0;0;0;0
16/04/2023;13:19:00;248;Com vítima;554,000;BR-324/BA;Crescente;Engavetamento;1;0;0;0;0;0;0;0;0;0;0;1;0;0;0
16/04/2023;18:49:00;414;Sem vítima;854,000;BR-116/BA;Crescente;Colisão traseira;0;0;0;0;0;1;0;0;0;0;0;0;0;0;0
17/04/2023;08:07:00;122;Com vítima;619,000;BR-324/BA;Crescente;Acidentes de outra natureza;0;0;0;0;0;1;0;0;0;0;0;0;0;0;0
17/04/2023;08:23:00;166;Sem vítima;610,000;BR-324/BA;Decrescente;Colisão traseira;0;0;0;0;0;1;0;0;0;0;0;0;0;0;0
17/04/2023;14:54:00;323;Com vítima;616,000;BR-324/BA;Decrescente;Colisão traseira;0;0;0;1;0;0;0;0;0;0;0;0;1;0;0
17/04/2023;15:05:00;325;Sem vítima;616,000;BR-324/BA;Decrescente;Colisão traseira;0;0;0;0;0;0;0;0;0;1;1;0;0;0;0
17/04/2023;19:13:00;447;Sem vítima;437,000;BR-116/BA;Decrescente;Choque;1;0;0;0;0;0;0;0;0;0;1;0;0;0;0
17/04/2023;20:00:00;454;Com vítima;463,000;BR-116/BA;Decrescente;Choque;0;0;0;1;0;0;0;0;0;0;0;0;0;0;1
17/04/2023;21:00:00;470;Sem vítima;526,000;BR-324/BA;Decrescente;Colisão traseira;1;0;0;0;0;0;0;0;0;0;1;0;0;0;0
18/04/2023;17:37:00;409;Sem vítima;608,000;BR-324/BA;Decrescente;Colisão lateral no mesmo sentido;0;0;1;0;0;0;0;0;0;0;1;0;0;0;0
19/04/2023;04:07:00;62;Sem vítima;448,000;BR-116/BA;Decrescente;Engavetamento;1;0;0;0;0;0;0;0;0;0;1;0;0;0;0
19/04/2023;11:06:00;224;Sem vítima;574,000;BR-324/BA;Decrescente;Acidentes de outra natureza;0;0;0;0;0;0;0;0;0;1;1;0;0;0;0
19/04/2023;13:21:00;255;Com vítima;545,000;BR-324/BA;Decrescente;Colisão transversal;0;0;1;0;0;0;0;0;0;0;1;0;0;0;0
19/04/2023;15:58:00;318;Sem vítima;585,000;BR-324/BA;Crescente;Colisão traseira;0;0;0;0;0;0;0;0;0;1;1;0;0;0;0
19/04/2023;16:58:00;356;Sem vítima;574,000;BR-324/BA;Decrescente;Colisão traseira;0;0;0;0;0;1;0;0;0;0;0;0;0;0;0
19/04/2023;19:08:00;405;Sem vítima;608,000;BR-324/BA;Crescente;Queda de moto;0;0;0;0;0;1;0;0;0;0;0;0;0;0;0
20/04/2023;14:51:00;346;Sem vítima;616,000;BR-324/BA;Crescente;Colisão traseira;0;0;0;1;0;0;0;0;0;0;1;0;0;0;0
20/04/2023;15:08:00;357;Sem vítima;615,000;BR-324/BA;Crescente;Colisão traseira;1;0;0;0;0;0;0;0;0;0;1;0;0;0;0
20/04/2023;15:54:00;349;Com vítima;585,000;BR-324/BA;Crescente;Engavetamento;0;0;0;0;0;0;0;0;0;1;0;0;1;0;0
20/04/2023;16:10:00;395;Sem vítima;633,000;BR-116/BA;Decrescente;Choque;0;0;1;0;0;0;0;0;0;0;1;0;0;0;0
20/04/2023;17:05:00;422;Sem vítima;493,000;BR-116/BA;Decrescente;Colisão lateral no mesmo sentido;1;0;0;0;0;0;0;0;0;0;1;0;0;0;0
20/04/2023;17:11:00;425;Sem vítima;564,000;BR-324/BA;Decrescente;Colisão traseira;0;0;0;0;0;1;0;0;0;0;0;0;0;0;0
20/04/2023;18:46:00;454;Sem vítima;623,000;BR-324/BA;Decrescente;Colisão lateral no mesmo sentido;1;0;0;0;0;0;0;0;0;0;1;0;0;0;0
20/04/2023;19:31:00;460;Sem vítima;817,000;BR-116/BA;Decrescente;Capotamento;0;0;1;0;0;0;0;0;0;0;1;0;0;0;0
20/04/2023;23:33:00;526;Sem vítima;747,000;BR-116/BA;Crescente;Colisão lateral no mesmo sentido;0;0;0;0;0;1;0;0;0;0;0;0;0;0;0
21/04/2023;04:35:00;78;Sem vítima;931,000;BR-116/BA;Crescente;Colisão traseira;0;0;1;0;0;0;0;0;0;0;1;0;0;0;0
21/04/2023;05:14:00;81;Sem vítima;511,000;BR-116/BA;Decrescente;Saída de pista;0;0;1;0;0;0;0;0;0;0;1;0;0;0;0
21/04/2023;10:16:00;227;Com vítima;588,000;BR-324/BA;Decrescente;Colisão traseira;0;0;0;0;0;0;0;0;0;1;1;0;0;0;0
21/04/2023;11:40:00;248;Sem vítima;17,000;CONTORNO - VC/BA;Crescente;Colisão transversal;1;0;0;0;0;0;0;0;0;0;1;0;0;0;0
21/04/2023;14:53:00;328;Sem vítima;549,000;BR-324/BA;Crescente;Saída de pista;0;0;1;0;0;0;0;0;0;0;1;0;0;0;0
21/04/2023;16:26:00;354;Sem vítima;494,000;BR-116/BA;Crescente;Colisão traseira;0;0;1;0;0;0;0;0;0;0;1;0;0;0;0
22/04/2023;05:19:00;91;Com vítima;637,000;BR-116/BA;Decrescente;Colisão transversal;1;0;0;0;0;0;0;0;0;0;0;0;1;0;0
22/04/2023;07:38:00;147;Com vítima;804,000;BR-116/BA;Decrescente;Colisão lateral no mesmo sentido;0;0;0;0;0;1;0;0;0;0;0;0;0;0;0
22/04/2023;10:40:00;227;Com vítima;532,000;BR-324/BA;Decrescente;Engavetamento;1;0;0;0;0;0;0;0;0;0;0;1;0;0;0
22/04/2023;11:42:00;235;Com vítima;462,000;BR-116/BA;Decrescente;Saída de pista;1;0;0;0;0;0;0;0;0;0;0;1;0;0;0
22/04/2023;18:27:00;397;Com vítima;830,000;BR-116/BA;Decrescente;Colisão lateral no mesmo sentido;0;0;0;0;0;1;0;0;0;0;0;0;0;0;0
23/04/2023;02:16:00;49;Sem vítima;588,000;BR-324/BA;Decrescente;Saída de pista;1;0;0;0;0;0;0;0;0;0;1;0;0;0;0
23/04/2023;05:17:00;91;Sem vítima;13,000;CONTORNO - VC/BA;Decrescente;Colisão lateral no mesmo sentido;0;0;0;0;0;0;0;0;0;1;1;0;0;0;0
23/04/2023;12:45:00;204;Sem vítima;838,000;BR-116/BA;Crescente;Saída de pista;0;0;1;0;0;0;0;0;0;0;1;0;0;0;0
23/04/2023;13:12:00;207;Sem vítima;719,000;BR-116/BA;Crescente;Colisão traseira;0;0;1;0;0;0;0;0;0;0;1;0;0;0;0
23/04/2023;14:34:00;247;Sem vítima;581,000;BR-324/BA;Crescente;Colisão traseira;1;0;0;0;0;0;0;0;0;0;1;0;0;0;0
23/04/2023;15:00:00;267;Sem vítima;690,000;BR-116/BA;Decrescente;Saída de pista;1;0;0;0;0;0;0;0;0;0;1;0;0;0;0
23/04/2023;15:55:00;282;Sem vítima;817,000;BR-116/BA;Crescente;Colisão traseira;0;0;0;0;0;1;0;0;0;0;0;0;0;0;0
23/04/2023;18:29:00;357;Sem vítima;853,000;BR-116/BA;Decrescente;Saída de pista;1;0;0;0;0;0;0;0;0;0;1;0;0;0;0
23/04/2023;21:05:00;421;Com vítima;828,000;BR-116/BA;Decrescente;Colisão traseira;0;0;0;0;0;1;0;0;0;0;0;0;0;0;0
24/04/2023;04:00:00;87;Com vítima;553,000;BR-324/BA;Decrescente;Saída de pista;1;0;0;0;0;0;0;0;0;0;0;0;0;0;0
24/04/2023;06:36:00;109;Com vítima;620,000;BR-324/BA;Crescente;Colisão traseira;0;0;0;1;0;0;0;0;0;0;0;0;1;0;0
24/04/2023;06:38:00;110;Sem vítima;580,000;BR-116/BA;Crescente;Saída de pista;1;0;0;0;0;0;0;0;0;0;1;0;0;0;0
24/04/2023;06:55:00;118;Com vítima;619,000;BR-324/BA;Crescente;Acidentes de outra natureza;0;0;0;1;0;0;0;0;0;0;0;0;1;0;0
24/04/2023;07:14:00;125;Sem vítima;580,000;BR-324/BA;Crescente;Colisão traseira;1;0;0;0;0;0;0;0;0;0;1;0;0;0;0
24/04/2023;10:29:00;212;Sem vítima;604,000;BR-324/BA;Crescente;Colisão lateral no mesmo sentido;1;0;0;0;0;0;0;0;0;0;1;0;0;0;0
24/04/2023;11:48:00;238;Com vítima;533,000;BR-324/BA;Decrescente;Atropelamento de pedestre;0;0;0;0;0;0;0;0;0;0;0;1;0;0;0
24/04/2023;18:46:00;439;Com vítima;528,000;BR-324/BA;Decrescente;Colisão traseira;0;0;1;0;0;0;0;0;0;0;1;0;0;0;0
25/04/2023;07:36:00;141;Com vítima;613,000;BR-324/BA;Decrescente;Colisão lateral no mesmo sentido;0;0;0;1;0;0;0;0;0;0;0;1;0;0;0
25/04/2023;17:21:00;431;Sem vítima;616,000;BR-324/BA;Decrescente;Colisão traseira;1;0;0;0;0;0;0;0;0;0;1;0;0;0;0
25/04/2023;18:55:00;481;Com vítima;859,000;BR-116/BA;Crescente;Acidentes de outra natureza;0;0;0;1;0;0;0;0;0;0;0;1;0;0;0
25/04/2023;22:15:00;526;Com vítima;539,000;BR-116/BA;Decrescente;Colisão lateral no mesmo sentido;0;0;0;1;0;0;0;0;0;0;0;1;0;0;0
26/04/2023;08:17:00;148;Sem vítima;610,000;BR-324/BA;Crescente;Colisão lateral no mesmo sentido;0;0;0;1;0;0;0;0;0;0;1;0;0;0;0
26/04/2023;08:22:00;151;Com vítima;611,000;BR-324/BA;Crescente;Colisão traseira;0;0;0;1;0;0;0;0;0;0;0;1;0;0;0
26/04/2023;08:29:00;160;Sem vítima;540,000;BR-324/BA;Decrescente;Acidentes de outra natureza;1;0;0;0;0;0;0;0;0;0;1;0;0;0;0
26/04/2023;09:40:00;186;Sem vítima;644,000;BR-116/BA;Decrescente;Colisão transversal;1;0;0;0;0;0;0;0;0;0;1;0;0;0;0
26/04/2023;17:28:00;352;Sem vítima;532,000;BR-324/BA;Decrescente;Colisão lateral no mesmo sentido;0;0;1;0;0;0;0;0;0;0;1;0;0;0;0
26/04/2023;17:41:00;356;Com vítima;533,000;BR-324/BA;Decrescente;Acidentes de outra natureza;0;0;1;0;0;0;0;0;0;0;1;0;0;0;0
26/04/2023;20:34:00;427;Com vítima;613,000;BR-324/BA;Crescente;Choque;1;0;0;0;0;0;0;0;0;0;0;1;0;0;0
26/04/2023;22:18:00;472;Com vítima;541,000;BR-116/BA;Crescente;Acidentes de outra natureza;0;0;0;1;0;0;0;0;0;0;0;1;0;0;0
27/04/2023;02:28:00;45;Sem vítima;431,000;BR-116/BA;Crescente;Colisão traseira;0;0;1;0;0;0;0;0;0;0;1;0;0;0;0
27/04/2023;09:12:00;214;Sem vítima;618,000;BR-324/BA;Crescente;Colisão traseira;0;0;0;0;0;1;0;0;0;0;0;0;0;0;0
28/04/2023;08:11:00;196;Sem vítima;744,000;BR-116/BA;Decrescente;Colisão lateral no mesmo sentido;0;0;1;0;0;0;0;0;0;0;1;0;0;0;0
28/04/2023;09:41:00;231;Sem vítima;616,000;BR-324/BA;Crescente;Capotamento;0;0;1;0;0;0;0;0;0;0;1;0;0;0;0
28/04/2023;10:40:00;246;Sem vítima;840,000;BR-116/BA;Decrescente;Colisão traseira;0;0;0;0;0;1;0;0;0;0;0;0;0;0;0
28/04/2023;12:23:00;291;Sem vítima;608,000;BR-324/BA;Decrescente;Acidentes de outra natureza;0;0;1;0;0;0;0;0;0;0;1;0;0;0;0
28/04/2023;13:21:00;307;Com vítima;472,000;BR-116/BA;Crescente;Engavetamento;1;0;0;0;0;0;0;0;0;0;0;1;0;0;0
28/04/2023;14:11:00;315;Com vítima;521,000;BR-324/BA;Decrescente;Engavetamento;1;0;0;0;0;0;0;0;0;0;0;0;1;0;0
28/04/2023;15:41:00;341;Sem vítima;613,000;BR-116/BA;Crescente;Colisão traseira;0;0;1;0;0;0;0;0;0;0;1;0;0;0;0
28/04/2023;17:27:00;364;Sem vítima;7,000;526/BA;Decrescente;Colisão transversal;1;0;0;0;0;0;0;0;0;0;1;0;0;0;0
28/04/2023;22:57:00;435;Com vítima;921,000;BR-116/BA;Decrescente;Saída de pista;0;0;1;0;0;0;0;0;0;0;0;0;1;0;0
29/04/2023;16:13:00;374;Com vítima;6,000;CONTORNO SUL  - FS/BA;Crescente;Acidentes de outra natureza;0;0;0;1;0;0;0;0;0;0;0;0;1;0;0
29/04/2023;16:26:00;380;Com vítima;7,000;CONTORNO - VC/BA;Decrescente;Colisão transversal;1;0;0;1;0;0;0;0;0;0;1;0;1;0;0
29/04/2023;16:26:00;381;Com vítima;3,000;CONTORNO - VC/BA;Decrescente;Colisão frontal;0;0;0;1;0;0;0;0;0;0;0;0;0;0;1
29/04/2023;17:27:00;402;Sem vítima;725,000;BR-116/BA;Crescente;Colisão traseira;0;0;0;0;0;1;0;0;0;0;0;0;0;0;0
29/04/2023;18:26:00;423;Com vítima;542,000;BR-324/BA;Crescente;Atropelamento de pedestre;0;0;0;0;0;0;0;0;0;0;0;0;0;1;0
30/04/2023;14:45:00;286;Sem vítima;683,000;BR-116/BA;Decrescente;Capotamento;0;0;1;0;0;0;0;0;0;0;1;0;0;0;0
01/05/2023;06:58:00;110;Sem vítima;925,000;BR-116/BA;Crescente;Saída de pista;0;0;1;0;0;0;0;0;0;0;1;0;0;0;0
01/05/2023;14:36:00;274;Sem vítima;473,000;BR-116/BA;Crescente;Colisão frontal;1;0;0;0;0;0;0;0;0;0;1;0;0;0;0
01/05/2023;18:13:00;389;Sem vítima;627,000;BR-116/BA;Crescente;Colisão traseira;0;0;0;0;0;0;0;0;0;1;1;0;0;0;0
01/05/2023;18:41:00;399;Sem vítima;584,000;BR-324/BA;Crescente;Acidentes de outra natureza;1;0;0;0;0;0;0;0;0;0;1;0;0;0;0
01/05/2023;21:53:00;478;Com vítima;833,000;BR-116/BA;Decrescente;Colisão traseira;0;1;0;0;0;0;0;0;0;0;0;0;0;0;1
02/05/2023;00:45:00;49;Sem vítima;551,000;BR-324/BA;Crescente;Atropelamento de animal;1;0;0;0;0;0;0;0;0;0;1;0;0;0;0
02/05/2023;02:48:00;64;Sem vítima;569,000;BR-324/BA;Crescente;Saída de pista;0;0;1;0;0;0;0;0;0;0;1;0;0;0;0
02/05/2023;08:11:00;177;Sem vítima;603,000;BR-324/BA;Decrescente;Colisão traseira;1;0;0;0;0;0;0;0;0;0;1;0;0;0;0
02/05/2023;10:05:00;238;Sem vítima;611,000;BR-324/BA;Crescente;Acidentes de outra natureza;0;0;0;0;0;0;0;0;0;1;1;0;0;0;0
02/05/2023;12:14:00;271;Com vítima;817,000;BR-116/BA;Decrescente;Acidentes de outra natureza;0;0;0;1;0;0;0;0;0;0;0;1;0;0;0
03/05/2023;00:00:00;195;Sem vítima;582,000;BR-324/BA;Decrescente;Colisão lateral no mesmo sentido;1;0;0;0;0;0;0;0;0;0;1;0;0;0;0
03/05/2023;03:16:00;22;Sem vítima;521,000;BR-324/BA;Decrescente;Atropelamento de animal;1;0;0;0;0;0;0;0;0;0;1;0;0;0;0
03/05/2023;08:16:00;135;Sem vítima;616,000;BR-324/BA;Decrescente;Choque;0;0;1;0;0;0;0;0;0;0;1;0;0;0;0
03/05/2023;10:13:00;197;Sem vítima;607,000;BR-324/BA;Crescente;Colisão lateral no mesmo sentido;1;0;0;0;0;0;0;0;0;0;1;0;0;0;0
03/05/2023;11:25:00;221;Sem vítima;427,000;BR-116/BA;Decrescente;Capotamento;0;0;1;0;0;0;0;0;0;0;1;0;0;0;0
03/05/2023;17:19:00;373;Com vítima;593,000;BR-324/BA;Decrescente;Colisão traseira;0;0;1;0;0;0;0;0;0;0;1;0;0;0;0
03/05/2023;17:55:00;381;Sem vítima;519,000;BR-324/BA;Decrescente;Colisão traseira;1;0;0;0;0;0;0;0;0;0;1;0;0;0;0
04/05/2023;08:53:00;194;Com vítima;613,000;BR-324/BA;Crescente;Colisão traseira;0;0;0;0;0;0;0;0;0;1;0;1;0;0;0
04/05/2023;15:23:00;277;Sem vítima;584,000;BR-324/BA;Decrescente;Colisão traseira;0;0;1;0;0;0;0;0;0;0;1;0;0;0;0
04/05/2023;23:52:00;421;Com vítima;930,000;BR-116/BA;Crescente;Colisão traseira;0;0;1;0;0;0;0;0;0;0;1;0;0;0;0
05/05/2023;03:03:00;22;Sem vítima;481,000;BR-116/BA;Crescente;Colisão traseira;0;0;1;0;0;0;0;0;0;0;1;0;0;0;0
05/05/2023;09:23:00;174;Sem vítima;581,000;BR-324/BA;Decrescente;Acidentes de outra natureza;0;0;0;0;0;0;0;0;0;2;2;0;0;0;0
05/05/2023;14:40:00;281;Com vítima;560,000;BR-324/BA;Crescente;Colisão traseira;1;0;0;0;0;0;0;0;0;0;0;1;0;0;0
05/05/2023;17:33:00;360;Sem vítima;560,000;BR-324/BA;Crescente;Colisão traseira;1;0;0;0;0;0;0;0;0;0;1;0;0;0;0