data;horario;n_da_ocorrencia;tipo_de_ocorrencia;km;trecho;sentido;tipo_de_acidente;automovel;bicicleta;caminhao;moto;onibus;outros;tracao_animal;transporte_de_cargas_especiais;trator_maquinas;utilitarios;ilesos;levemente_feridos;moderadamente_feridos;gravemente_feridos;mortos
06/05/2023;10:31:00;203;Com vítima;16,000;CONTORNO - VC/BA;Crescente;Colisão transversal;1;0;0;1;0;0;0;0;0;0;1;1;0;0;0
06/05/2023;11:47:00;218;Sem vítima;569,000;BR-324/BA;Decrescente;Acidentes de outra natureza;1;0;0;0;0;0;0;0;0;0;1;0;0;0;0
06/05/2023;15:11:00;287;Sem vítima;923,000;BR-116/BA;Decrescente;Capotamento;0;0;1;0;0;0;0;0;0;0;1;0;0;0;0
06/05/2023;16:40:00;308;Sem vítima;572,000;BR-324/BA;Crescente;Saída de pista;1;0;0;0;0;0;0;0;0;0;1;0;0;0;0
06/05/2023;18:54:00;368;Com vítima;832,000;BR-116/BA;Decrescente;Atropelamento de pedestre;0;0;0;0;0;0;0;0;0;0;0;1;0;0;0
07/05/2023;14:16:00;325;Sem vítima;453,000;BR-116/BA;Crescente;Queda de moto;0;0;0;0;0;1;0;0;0;0;0;0;0;0;0
07/05/2023;15:08:00;343;Com vítima;714,000;BR-116/BA;Crescente;Acidentes de outra natureza;0;0;0;1;0;0;0;0;0;0;0;1;0;0;0
07/05/2023;15:34:00;344;Sem vítima;608,000;BR-324/BA;Decrescente;Saída de pista;1;0;0;0;0;0;0;0;0;0;1;0;0;0;0
07/05/2023;16:16:00;383;Com vítima;880,000;BR-116/BA;Crescente;Saída de pista;0;0;1;0;0;0;0;0;0;0;0;1;0;0;0
07/05/2023;16:26:00;384;Sem vítima;618,000;BR-324/BA;Crescente;Queda de moto;1;0;0;0;0;0;0;0;0;0;1;0;0;0;0
08/05/2023;08:42:00;227;Sem vítima;617,000;BR-324/BA;Crescente;Colisão traseira;1;0;0;0;0;0;0;0;0;0;1;0;0;0;0
08/05/2023;13:37:00;386;Sem vítima;623,000;BR-324/BA;Decrescente;Colisão traseira;0;0;1;0;0;0;0;0;0;0;1;0;0;0;0
08/05/2023;18:10:00;497;Com vítima;625,000;BR-324/BA;Decrescente;Queda de moto;0;0;0;0;0;1;0;0;0;0;0;0;0;0;0
09/05/2023;09:10:00;198;Com vítima;7,000;CONTORNO - VC/BA;Crescente;Colisão traseira;0;0;0;0;0;0;0;0;0;1;0;0;1;0;0
09/05/2023;10:09:00;219;Sem vítima;619,000;BR-324/BA;Crescente;Colisão traseira;1;0;0;0;0;0;0;0;0;0;1;0;0;0;0
09/05/2023;16:14:00;354;Sem vítima;698,000;BR-116/BA;Decrescente;Colisão lateral no mesmo sentido;0;0;1;0;0;0;0;0;0;0;1;0;0;0;0
09/05/2023;19:22:00;428;Sem vítima;541,000;BR-324/BA;Crescente;Choque;0;0;0;0;0;1;0;0;0;0;0;0;0;0;0
10/05/2023;07:43:00;150;Sem vítima;525,000;BR-324/BA;Decrescente;Acidentes de outra natureza;0;0;1;0;0;0;0;0;0;0;1;0;0;0;0
10/05/2023;08:01:00;175;Sem vítima;612,000;BR-324/BA;Crescente;Acidentes de outra natureza;1;0;0;0;0;0;0;0;0;0;1;0;0;0;0
10/05/2023;09:37:00;241;Sem vítima;533,000;BR-324/BA;Crescente;Colisão lateral no mesmo sentido;0;0;1;0;0;0;0;0;0;0;1;0;0;0;0
10/05/2023;12:30:00;304;Sem vítima;620,000;BR-324/BA;Crescente;Colisão lateral no mesmo sentido;0;0;1;0;0;0;0;0;0;0;1;0;0;0;0
10/05/2023;15:25:00;400;Com vítima;573,000;BR-324/BA;Crescente;Colisão traseira;0;0;1;0;0;0;0;0;0;0;1;0;0;0;0
10/05/2023;19:58:00;491;Com vítima;462,000;BR-116/BA;Decrescente;Atropelamento de pedestre;0;0;0;0;0;0;0;0;0;0;0;0;0;1;0
10/05/2023;23:32:00;532;Sem vítima;675,000;BR-116/BA;Crescente;Atropelamento de animal;0;0;1;0;0;0;0;0;0;0;1;0;0;0;0
11/05/2023;01:50:00;46;Sem vítima;561,000;BR-324/BA;Crescente;Saída de pista;0;0;1;0;0;0;0;0;0;0;1;0;0;0;0
11/05/2023;08:30:00;168;Sem vítima;617,000;BR-324/BA;Crescente;Colisão lateral no mesmo sentido;0;0;0;0;0;1;0;0;0;0;0;0;0;0;0
11/05/2023;09:37:00;210;Sem vítima;616,000;BR-324/BA;Crescente;Colisão traseira;1;0;0;0;0;0;0;0;0;0;1;0;0;0;0
12/05/2023;06:19:00;103;Sem vítima;5,000;526/BA;Decrescente;Saída de pista;0;0;0;0;0;0;0;0;0;1;1;0;0;0;0
12/05/2023;06:20:00;94;Sem vítima;495,000;BR-116/BA;Decrescente;Colisão lateral no mesmo sentido;0;0;1;0;0;0;0;0;0;0;1;0;0;0;0
12/05/2023;06:32:00;105;Com vítima;616,000;BR-324/BA;Decrescente;Colisão lateral no mesmo sentido;0;0;0;1;0;0;0;0;0;0;0;0;1;0;0
12/05/2023;07:48:00;140;Com vítima;524,000;BR-324/BA;Crescente;Colisão traseira;0;0;1;0;0;0;0;0;0;0;0;1;0;0;0
12/05/2023;08:16:00;169;Sem vítima;626,000;BR-324/BA;Crescente;Colisão traseira;1;0;0;0;0;0;0;0;0;0;1;0;0;0;0
12/05/2023;09:32:00;191;Com vítima;595,000;BR-324/BA;Crescente;Colisão lateral no mesmo sentido;0;0;0;1;0;0;0;0;0;0;0;1;0;0;0
12/05/2023;14:11:00;258;Sem vítima;817,000;BR-116/BA;Decrescente;Colisão transversal;0;0;0;1;0;0;0;0;0;0;1;0;0;0;0
12/05/2023;15:00:00;275;Sem vítima;15,000;CONTORNO - VC/BA;Decrescente;Colisão lateral no mesmo sentido;0;0;0;1;0;0;0;0;0;0;1;0;0;0;0
12/05/2023;15:22:00;289;Sem vítima;558,000;BR-324/BA;Decrescente;Acidentes de outra natureza;1;0;0;0;0;0;0;0;0;0;1;0;0;0;0
12/05/2023;16:33:00;335;Sem vítima;519,000;BR-324/BA;Decrescente;Acidentes de outra natureza;1;0;0;0;0;0;0;0;0;0;1;0;0;0;0
13/05/2023;05:19:00;92;Sem vítima;584,000;BR-116/BA;Crescente;Colisão lateral no mesmo sentido;0;0;1;0;0;0;0;0;0;0;1;0;0;0;0
13/05/2023;08:09:00;133;Com vítima;800,000;BR-116/BA;Decrescente;Colisão lateral no mesmo sentido;0;0;1;0;0;0;0;0;0;0;0;1;0;0;0
13/05/2023;08:16:00;136;Com vítima;521,000;BR-324/BA;Crescente;Colisão lateral no mesmo sentido;0;0;0;2;0;0;0;0;0;0;1;1;0;0;0
13/05/2023;11:16:00;194;Sem vítima;582,000;BR-116/BA;Decrescente;Queda de moto;0;0;1;0;0;0;0;0;0;0;1;0;0;0;0
13/05/2023;17:46:00;368;Sem vítima;534,000;BR-116/BA;Crescente;Colisão lateral no mesmo sentido;0;0;1;0;0;0;0;0;0;0;1;0;0;0;0
13/05/2023;18:32:00;383;Com vítima;16,000;CONTORNO - VC/BA;Crescente;Colisão lateral no mesmo sentido;0;0;0;1;0;0;0;0;0;0;0;0;1;0;0
13/05/2023;22:09:00;443;Sem vítima;836,000;BR-116/BA;Crescente;Colisão transversal;0;0;1;0;0;0;0;0;0;0;1;0;0;0;0
14/05/2023;06:58:00;102;Sem vítima;548,000;BR-116/BA;Decrescente;Saída de pista;1;0;0;0;0;0;0;0;0;0;1;0;0;0;0
14/05/2023;11:43:00;161;Sem vítima;592,000;BR-324/BA;Crescente;Colisão traseira;1;0;0;0;0;0;0;0;0;0;1;0;0;0;0
14/05/2023;16:30:00;263;Com vítima;671,000;BR-116/BA;Decrescente;Tombamento;0;0;0;1;0;0;0;0;0;0;0;0;1;0;0
14/05/2023;18:00:00;284;Com vítima;733,000;BR-116/BA;Decrescente;Colisão frontal;0;0;1;0;0;0;0;0;0;0;1;0;0;0;0
15/05/2023;13:56:00;307;Sem vítima;617,000;BR-324/BA;Decrescente;Colisão traseira;1;0;0;0;0;0;0;0;0;0;1;0;0;0;0
15/05/2023;17:07:00;389;Sem vítima;605,000;BR-324/BA;Crescente;Colisão traseira;1;0;0;0;0;0;0;0;0;0;1;0;0;0;0
15/05/2023;17:47:00;405;Com vítima;26,000;CONTORNO - VC/BA;Decrescente;Colisão transversal;0;0;0;1;0;0;0;0;0;0;0;0;1;0;0
16/05/2023;12:36:00;274;Sem vítima;581,000;BR-324/BA;Decrescente;Colisão lateral no mesmo sentido;0;0;1;0;0;0;0;0;0;0;1;0;0;0;0
16/05/2023;15:18:00;365;Sem vítima;616,000;BR-324/BA;Decrescente;Colisão traseira;1;0;0;0;0;0;0;0;0;1;2;0;0;0;0
16/05/2023;17:21:00;408;Sem vítima;561,000;BR-324/BA;Decrescente;Colisão lateral no mesmo sentido;0;0;0;0;0;1;0;0;0;0;0;0;0;0;0
16/05/2023;17:43:00;412;Sem vítima;613,000;BR-324/BA;Crescente;Colisão lateral no mesmo sentido;0;0;0;1;0;0;0;0;0;0;1;0;0;0;0
17/05/2023;08:12:00;157;Sem vítima;617,000;BR-324/BA;Crescente;Colisão lateral no mesmo sentido;0;0;0;1;0;0;0;0;0;0;1;0;0;0;0
17/05/2023;09:19:00;196;Sem vítima;561,000;BR-324/BA;Decrescente;Engavetamento;0;0;0;0;0;1;0;0;0;0;0;0;0;0;0
17/05/2023;10:05:00;227;Sem vítima;894,000;BR-116/BA;Crescente;Saída de pista;0;0;1;0;0;0;0;0;0;0;1;0;0;0;0
17/05/2023;10:22:00;232;Com vítima;827,000;BR-116/BA;Crescente;Colisão transversal;0;0;1;1;0;0;0;0;0;0;0;2;0;0;0
17/05/2023;15:33:00;368;Sem vítima;673,000;BR-116/BA;Decrescente;Colisão traseira;0;0;1;0;0;0;0;0;0;0;1;0;0;0;0
18/05/2023;00:00:00;257;Sem vítima;533,000;BR-324/BA;Decrescente;Engavetamento;1;0;0;0;0;0;0;0;0;0;1;0;0;0;0
18/05/2023;08:25:00;186;Com vítima;531,000;BR-116/BA;Crescente;Colisão lateral no mesmo sentido;1;0;0;0;0;0;0;0;0;0;1;0;0;0;0
18/05/2023;10:27:00;242;Com vítima;4,000;528/BA;Decrescente;Colisão lateral no mesmo sentido;1;0;0;0;0;0;0;0;0;0;0;1;0;0;0
18/05/2023;10:58:00;254;Sem vítima;533,000;BR-324/BA;Decrescente;Colisão traseira;1;0;0;0;0;0;0;0;0;0;1;0;0;0;0
18/05/2023;12:21:00;275;Com vítima;806,000;BR-116/BA;Decrescente;Saída de pista;1;0;0;0;0;0;0;0;0;0;0;1;0;0;0
18/05/2023;13:39:00;303;Sem vítima;533,000;BR-324/BA;Decrescente;Tombamento;0;0;1;0;0;0;0;0;0;0;1;0;0;0;0
18/05/2023;22:07:00;506;Sem vítima;728,000;BR-116/BA;Decrescente;Saída de pista;1;0;0;0;0;0;0;0;0;0;1;0;0;0;0
19/05/2023;00:00:00;151;Sem vítima;622,000;BR-324/BA;Crescente;Colisão traseira;1;0;0;0;0;0;0;0;0;0;1;0;0;0;0
19/05/2023;00:14:00;118;Sem vítima;549,000;BR-324/BA;Decrescente;Saída de pista;1;0;0;0;0;0;0;0;0;0;1;0;0;0;0
19/05/2023;10:25:00;247;Sem vítima;529,000;BR-324/BA;Crescente;Colisão traseira;0;0;0;0;0;1;0;0;0;0;0;0;0;0;0
19/05/2023;13:40:00;332;Sem vítima;812,000;BR-116/BA;Decrescente;Saída de pista;1;0;0;0;0;0;0;0;0;0;1;0;0;0;0
19/05/2023;16:37:00;423;Sem vítima;653,000;BR-116/BA;Decrescente;Acidentes de outra natureza;0;0;0;0;0;1;0;0;0;0;0;0;0;0;0
19/05/2023;18:53:00;493;Sem vítima;519,000;BR-324/BA;Decrescente;Colisão traseira;0;0;1;0;0;0;0;0;0;0;1;0;0;0;0
20/05/2023;07:49:00;149;Sem vítima;439,000;BR-116/BA;Decrescente;Saída de pista;1;0;0;0;0;0;0;0;0;0;1;0;0;0;0
21/05/2023;14:00:00;232;Com vítima;912,000;BR-116/BA;Decrescente;Colisão transversal;0;0;1;0;0;0;0;0;0;0;1;0;0;0;0
21/05/2023;16:48:00;310;Sem vítima;560,000;BR-324/BA;Decrescente;Tombamento;0;0;1;0;0;0;0;0;0;0;1;0;0;0;0
21/05/2023;18:30:00;363;Com vítima;461,000;BR-116/BA;Crescente;Atropelamento de pedestre;0;0;0;0;0;1;0;0;0;0;0;0;1;0;0
21/05/2023;20:25:00;368;Sem vítima;530,000;BR-324/BA;Decrescente;Capotamento;1;0;0;0;0;0;0;0;0;0;1;0;0;0;0
21/05/2023;21:32:00;410;Com vítima;620,000;BR-324/BA;Crescente;Choque;1;0;0;0;0;0;0;0;0;0;0;0;1;0;0
22/05/2023;05:28:00;89;Com vítima;560,000;BR-324/BA;Decrescente;Colisão lateral no mesmo sentido;1;0;0;0;0;0;0;0;0;0;0;0;1;0;0
22/05/2023;06:15:00;98;Sem vítima;647,000;BR-116/BA;Crescente;Saída de pista;0;0;1;0;0;0;0;0;0;0;1;0;0;0;0
22/05/2023;08:44:00;142;Com vítima;614,000;BR-324/BA;Crescente;Colisão lateral no mesmo sentido;0;0;0;1;0;0;0;0;0;0;0;0;1;0;0
22/05/2023;11:03:00;240;Sem vítima;701,000;BR-116/BA;Decrescente;Tombamento;0;0;1;0;0;0;0;0;0;0;1;0;0;0;0
22/05/2023;11:40:00;264;Sem vítima;528,000;BR-116/BA;Decrescente;Colisão traseira;0;0;1;0;0;0;0;0;0;0;1;0;0;0;0
23/05/2023;02:17:00;48;Sem vítima;530,000;BR-324/BA;Decrescente;Saída de pista;1;0;0;0;0;0;0;0;0;0;1;0;0;0;0
23/05/2023;11:14:00;237;Sem vítima;439,000;BR-116/BA;Crescente;Saída de pista;1;0;0;0;0;0;0;0;0;0;1;0;0;0;0
23/05/2023;13:30:00;275;Com vítima;520,000;BR-324/BA;Crescente;Colisão lateral no mesmo sentido;0;0;0;0;0;1;0;0;0;0;0;0;0;0;0
23/05/2023;13:40:00;294;Sem vítima;621,000;BR-324/BA;Crescente;Colisão traseira;1;0;0;0;0;0;0;0;0;0;1;0;0;0;0
23/05/2023;15:56:00;360;Sem vítima;573,000;BR-324/BA;Crescente;Colisão traseira;0;0;1;0;0;0;0;0;0;0;1;0;0;0;0
24/05/2023;07:35:00;121;Com vítima;11,000;CONTORNO - VC/BA;Crescente;Colisão lateral no mesmo sentido;0;0;0;0;0;1;0;0;0;0;0;0;0;0;0
24/05/2023;07:38:00;122;Sem vítima;594,000;BR-324/BA;Decrescente;Colisão lateral no mesmo sentido;0;0;0;0;0;1;0;0;0;0;0;0;0;0;0
24/05/2023;08:12:00;142;Sem vítima;620,000;BR-324/BA;Crescente;Colisão lateral no mesmo sentido;1;0;0;0;0;0;0;0;0;0;1;0;0;0;0
24/05/2023;09:56:00;200;Sem vítima;620,000;BR-324/BA;Crescente;Colisão traseira;1;0;0;0;0;0;0;0;0;0;1;0;0;0;0
24/05/2023;13:13:00;288;Sem vítima;546,000;BR-324/BA;Decrescente;Colisão traseira;0;0;0;0;0;0;0;0;0;1;1;0;0;0;0
24/05/2023;13:40:00;298;Sem vítima;555,000;BR-324/BA;Decrescente;Tombamento;0;0;0;1;0;0;0;0;0;0;1;0;0;0;0
24/05/2023;15:54:00;376;Sem vítima;568,000;BR-324/BA;Decrescente;Engavetamento;0;0;1;0;0;0;0;0;0;0;1;0;0;0;0
24/05/2023;20:04:00;458;Sem vítima;522,000;BR-324/BA;Decrescente;Engavetamento;0;0;0;0;0;1;0;0;0;0;0;0;0;0;0
25/05/2023;07:31:00;129;Com vítima;611,000;BR-324/BA;Decrescente;Colisão lateral no mesmo sentido;0;0;0;1;0;0;0;0;0;0;0;1;0;0;0
25/05/2023;08:20:00;164;Sem vítima;605,000;BR-324/BA;Crescente;Colisão traseira;0;0;0;0;0;0;0;0;0;1;1;0;0;0;0
25/05/2023;09:12:00;180;Com vítima;534,000;BR-324/BA;Decrescente;Colisão traseira;0;0;0;0;0;1;0;0;0;0;0;0;0;0;0
25/05/2023;09:32:00;142;Com vítima;587,000;BR-324/BA;Decrescente;Tombamento;0;0;0;1;0;0;0;0;0;0;0;1;0;0;0
25/05/2023;11:51:00;230;Com vítima;527,000;BR-324/BA;Decrescente;Tombamento;0;0;0;1;0;0;0;0;0;0;0;0;0;0;1
25/05/2023;14:48:00;299;Sem vítima;439,000;BR-116/BA;Crescente;Choque;1;0;0;0;0;0;0;0;0;0;1;0;0;0;0
25/05/2023;17:02:00;337;Sem vítima;538,000;BR-324/BA;Decrescente;Saída de pista;1;0;0;0;0;0;0;0;0;0;1;0;0;0;0
26/05/2023;07:26:00;134;Sem vítima;564,000;BR-324/BA;Crescente;Saída de pista;1;0;0;0;0;0;0;0;0;0;1;0;0;0;0
26/05/2023;08:12:00;178;Sem vítima;619,000;BR-324/BA;Crescente;Engavetamento;1;0;0;0;0;0;0;0;0;0;1;0;0;0;0
26/05/2023;08:51:00;204;Com vítima;612,000;BR-324/BA;Decrescente;Colisão traseira;0;0;0;1;0;0;0;0;0;0;0;1;0;0;0
26/05/2023;09:25:00;216;Com vítima;670,000;BR-116/BA;Decrescente;Colisão transversal;1;0;0;1;0;0;0;0;0;0;1;1;0;0;0
26/05/2023;09:32:00;219;Com vítima;426,000;CONTORNO NORTE - FS - 116/BA;Crescente;Colisão traseira;0;0;0;1;0;0;0;0;0;0;1;0;0;0;0
26/05/2023;10:44:00;245;Sem vítima;609,000;BR-324/BA;Decrescente;Colisão traseira;0;0;0;1;0;0;0;0;0;0;1;0;0;0;0
26/05/2023;18:15:00;450;Sem vítima;560,000;BR-324/BA;Crescente;Colisão traseira;2;0;0;0;0;0;0;0;0;0;2;0;0;0;0
27/05/2023;00:00:00;243;Com vítima;623,000;BR-324/BA;Crescente;Colisão lateral no mesmo sentido;0;0;0;1;0;0;0;0;0;0;0;1;0;0;0
27/05/2023;01:13:00;47;Sem vítima;557,000;BR-324/BA;Crescente;Colisão traseira;0;0;0;0;0;1;0;0;0;0;0;0;0;0;0
27/05/2023;07:02:00;114;Sem vítima;487,000;BR-116/BA;Decrescente;Saída de pista;0;0;1;0;0;0;0;0;0;0;1;0;0;0;0
27/05/2023;07:32:00;148;Sem vítima;773,000;BR-116/BA;Crescente;Saída de pista;0;0;1;0;0;0;0;0;0;0;1;0;0;0;0
27/05/2023;10:46:00;189;Sem vítima;533,000;BR-324/BA;Decrescente;Colisão lateral no mesmo sentido;0;0;1;0;0;0;0;0;0;0;1;0;0;0;0
27/05/2023;11:50:00;217;Com vítima;594,000;BR-324/BA;Decrescente;Atropelamento de pedestre;0;0;0;0;0;0;0;0;0;0;0;0;1;0;0
27/05/2023;17:45:00;350;Com vítima;525,000;BR-324/BA;Decrescente;Atropelamento de animal;0;0;0;1;0;0;0;0;0;0;0;0;1;0;0
27/05/2023;18:42:00;393;Com vítima;527,000;BR-324/BA;Crescente;Atropelamento de pedestre;0;0;0;0;0;0;0;0;0;0;0;0;0;0;1
28/05/2023;17:38:00;358;Com vítima;601,000;BR-324/BA;Decrescente;Tombamento;0;0;0;1;0;0;0;0;0;0;0;1;0;0;0
29/05/2023;08:08:00;128;Com vítima;620,000;BR-324/BA;Crescente;Colisão lateral no mesmo sentido;0;0;0;1;0;0;0;0;0;0;0;1;0;0;0
29/05/2023;08:47:00;140;Sem vítima;814,000;BR-116/BA;Crescente;Colisão traseira;1;0;0;0;0;0;0;0;0;0;1;0;0;0;0
29/05/2023;11:32:00;219;Sem vítima;613,000;BR-324/BA;Crescente;Colisão traseira;1;0;0;0;0;0;0;0;0;0;1;0;0;0;0
29/05/2023;13:05:00;201;Sem vítima;609,000;BR-324/BA;Crescente;Colisão traseira;1;0;0;0;0;0;0;0;0;0;1;0;0;0;0
29/05/2023;18:28:00;369;Com vítima;624,000;BR-324/BA;Decrescente;Colisão lateral no mesmo sentido;0;0;0;0;0;1;0;0;0;0;0;0;0;0;0
30/05/2023;10:28:00;201;Sem vítima;590,000;BR-324/BA;Crescente;Saída de pista;1;0;0;0;0;0;0;0;0;0;1;0;0;0;0
30/05/2023;14:29:00;305;Com vítima;573,000;BR-324/BA;Decrescente;Tombamento;0;0;1;0;0;0;0;0;0;0;0;1;0;0;0
30/05/2023;16:24:00;363;Sem vítima;591,000;BR-324/BA;Crescente;Engavetamento;0;0;1;0;0;1;0;0;0;0;1;0;0;0;0
30/05/2023;18:17:00;432;Com vítima;519,000;BR-324/BA;Decrescente;Acidentes de outra natureza;0;0;0;0;0;0;0;0;0;1;1;0;0;0;0
30/05/2023;18:58:00;443;Com vítima;428,000;BR-116/BA;Crescente;Engavetamento;1;0;0;0;0;0;0;0;0;0;1;0;0;0;0
30/05/2023;19:08:00;446;Com vítima;619,000;BR-324/BA;Crescente;Tombamento;0;0;0;1;0;0;0;0;0;0;0;0;1;0;0
30/05/2023;19:32:00;448;Sem vítima;704,000;BR-116/BA;Crescente;Atropelamento de animal;0;0;1;0;0;0;0;0;0;0;1;0;0;0;0
30/05/2023;20:36:00;460;Sem vítima;0,000;526/BA;Crescente;Choque;1;0;0;0;0;0;0;0;0;0;1;0;0;0;0
31/05/2023;07:01:00;150;Sem vítima;438,000;BR-116/BA;Crescente;Saída de pista;0;0;0;0;0;0;0;0;0;1;1;0;0;0;0
31/05/2023;07:38:00;158;Com vítima;575,000;BR-324/BA;Decrescente;Capotamento;1;0;0;0;0;0;0;0;0;0;0;0;1;0;0
31/05/2023;17:01:00;419;Sem vítima;786,000;BR-116/BA;Decrescente;Saída de pista;0;0;1;0;0;0;0;0;0;0;1;0;0;0;0
31/05/2023;17:35:00;429;Sem vítima;791,000;BR-116/BA;Crescente;Colisão traseira;0;0;1;0;0;0;0;0;0;0;1;0;0;0;0
31/05/2023;18:37:00;477;Sem vítima;783,000;BR-116/BA;Crescente;Colisão lateral no mesmo sentido;0;0;0;0;0;1;0;0;0;0;0;0;0;0;0
31/05/2023;23:36:00;550;Com vítima;559,000;BR-324/BA;Decrescente;Tombamento;0;0;1;0;0;0;0;0;0;0;0;0;1;0;0
01/06/2023;06:58:00;147;Sem vítima;533,000;BR-324/BA;Decrescente;Choque;1;0;0;0;0;0;0;0;0;0;1;0;0;0;0
01/06/2023;08:07:00;159;Com vítima;624,000;BR-324/BA;Crescente;Colisão lateral no mesmo sentido;0;0;0;0;0;1;0;0;0;0;0;0;0;0;0
01/06/2023;08:55:00;202;Sem vítima;625,000;BR-324/BA;Crescente;Engavetamento;1;0;0;0;0;0;0;0;0;0;1;0;0;0;0
02/06/2023;04:53:00;97;Sem vítima;704,000;BR-116/BA;Decrescente;Atropelamento de animal;0;0;0;0;0;0;0;0;0;1;1;0;0;0;0
02/06/2023;08:19:00;156;Com vítima;622,000;BR-324/BA;Crescente;Colisão lateral no mesmo sentido;1;0;0;0;0;0;0;0;0;0;1;0;0;0;0
02/06/2023;08:39:00;174;Sem vítima;817,000;BR-116/BA;Decrescente;Tombamento;0;0;1;0;0;0;0;0;0;0;1;0;0;0;0
02/06/2023;13:09:00;309;Com vítima;547,000;BR-116/BA;Decrescente;Saída de pista;0;0;0;0;0;1;0;0;0;0;0;0;0;1;0
02/06/2023;16:33:00;394;Com vítima;622,000;BR-324/BA;Decrescente;Tombamento;0;0;0;1;0;0;0;0;0;0;0;1;0;0;0
02/06/2023;17:38:00;418;Com vítima;620,000;BR-324/BA;Decrescente;Colisão traseira;0;0;0;1;0;0;0;0;0;0;0;1;0;0;0
02/06/2023;18:09:00;422;Sem vítima;618,000;BR-324/BA;Decrescente;Tombamento;1;0;0;0;0;0;0;0;0;0;1;0;0;0;0
02/06/2023;19:21:00;444;Com vítima;448,000;BR-116/BA;Crescente;Colisão traseira;0;0;1;0;0;0;0;0;0;0;1;0;0;0;0
03/06/2023;00:00:00;117;Com vítima;426,000;CONTORNO NORTE - FS - 116/BA;Decrescente;Tombamento;0;0;0;1;0;0;0;0;0;0;0;0;1;0;0
03/06/2023;00:06:00;20;Sem vítima;605,000;BR-116/BA;Crescente;Colisão traseira;0;0;0;0;0;1;0;0;0;0;0;0;0;0;0
03/06/2023;14:12:00;246;Com vítima;599,000;BR-324/BA;Crescente;Choque;1;0;0;0;0;0;0;0;0;0;0;1;0;0;0
03/06/2023;21:39:00;442;Com vítima;709,000;BR-116/BA;Decrescente;Colisão traseira;0;0;0;0;0;1;0;0;0;0;0;0;0;0;0
03/06/2023;23:39:00;463;Com vítima;764,000;BR-116/BA;Decrescente;Colisão transversal;1;0;0;0;0;0;0;0;0;0;0;0;0;2;0
04/06/2023;00:32:00;39;Sem vítima;906,000;BR-116/BA;Decrescente;Saída de pista;1;0;0;0;0;0;0;0;0;0;2;0;0;0;0
04/06/2023;12:59:00;237;Com vítima;455,000;BR-116/BA;Decrescente;Saída de pista;1;0;0;0;0;0;0;0;0;0;0;2;0;0;0
04/06/2023;16:14:00;347;Com vítima;532,000;BR-324/BA;Decrescente;Capotamento;1;0;0;0;0;0;0;0;0;0;0;0;2;0;0
04/06/2023;17:02:00;362;Com vítima;637,000;BR-116/BA;Decrescente;Choque;1;0;0;0;0;0;0;0;0;0;0;0;1;0;0
04/06/2023;23:40:00;492;Com vítima;16,000;CONTORNO - VC/BA;Decrescente;Colisão transversal;0;0;0;1;0;0;0;0;0;0;0;1;0;0;0
05/06/2023;07:36:00;145;Com vítima;1,000;CONTORNO SUL  - FS/BA;Decrescente;Tombamento;0;0;0;1;0;0;0;0;0;0;0;1;0;0;0
05/06/2023;11:01:00;224;Sem vítima;604,000;BR-324/BA;Crescente;Colisão traseira;0;0;1;0;0;0;0;0;0;0;1;0;0;0;0
05/06/2023;20:14:00;503;Sem vítima;596,000;BR-116/BA;Crescente;Capotamento;1;0;0;0;0;0;0;0;0;0;1;0;0;0;0
06/06/2023;06:01:00;96;Sem vítima;624,000;BR-324/BA;Crescente;Tombamento;1;0;0;0;0;0;0;0;0;0;1;0;0;0;0
06/06/2023;07:24:00;127;Sem vítima;611,000;BR-324/BA;Decrescente;Colisão traseira;0;0;0;0;0;1;0;0;0;0;0;0;0;0;0
06/06/2023;08:42:00;170;Sem vítima;612,000;BR-324/BA;Crescente;Colisão traseira;1;0;0;0;0;0;0;0;0;0;1;0;0;0;0
06/06/2023;09:00:00;179;Sem vítima;530,000;BR-324/BA;Decrescente;Saída de pista;1;0;0;0;0;0;0;0;0;0;1;0;0;0;0
06/06/2023;11:03:00;245;Com vítima;614,000;BR-116/BA;Decrescente;Colisão frontal;0;0;1;0;0;0;0;0;0;0;0;1;0;0;0
06/06/2023;11:28:00;251;Com vítima;565,000;BR-324/BA;Decrescente;Colisão traseira;1;0;0;0;0;0;0;0;0;0;0;1;0;0;0
06/06/2023;14:49:00;297;Sem vítima;617,000;BR-324/BA;Crescente;Tombamento;0;0;0;1;0;0;0;0;0;0;1;0;0;0;0
06/06/2023;19:30:00;436;Com vítima;619,000;BR-324/BA;Crescente;Colisão lateral no mesmo sentido;0;0;0;1;0;0;0;0;0;0;0;1;0;0;0
07/06/2023;06:26:00;120;Com vítima;517,000;BR-116/BA;Crescente;Colisão traseira;0;0;1;0;0;0;0;0;0;0;1;0;0;0;0
07/06/2023;06:37:00;126;Sem vítima;518,000;BR-324/BA;Decrescente;Colisão traseira;0;0;1;0;0;0;0;0;0;0;1;0;0;0;0
07/06/2023;17:24:00;430;Sem vítima;774,000;BR-116/BA;Decrescente;Colisão transversal;1;0;0;0;0;0;0;0;0;0;1;0;0;0;0
08/06/2023;08:15:00;167;Sem vítima;438,000;BR-116/BA;Decrescente;Saída de pista;0;0;0;0;0;0;0;0;0;1;1;0;0;0;0