data;horario;n_da_ocorrencia;tipo_de_ocorrencia;km;trecho;sentido;tipo_de_acidente;automovel;bicicleta;caminhao;moto;onibus;outros;tracao_animal;transporte_de_cargas_especiais;trator_maquinas;utilitarios;ilesos;levemente_feridos;moderadamente_feridos;gravemente_feridos;mortos
09/06/2023;07:39:00;166;Com vítima;518,000;BR-324/BA;Decrescente;Colisão lateral no mesmo sentido;0;0;0;0;0;1;0;0;0;0;0;0;0;0;0
09/06/2023;09:31:00;243;Sem vítima;640,000;BR-116/BA;Decrescente;Colisão lateral no mesmo sentido;0;0;0;0;0;1;0;0;0;0;0;0;0;0;0
09/06/2023;09:32:00;244;Sem vítima;540,000;BR-324/BA;Decrescente;Colisão traseira;1;0;0;0;0;0;0;0;0;0;1;0;0;0;0
09/06/2023;19:34:00;512;Sem vítima;622,000;BR-324/BA;Decrescente;Colisão traseira;1;0;0;0;0;0;0;0;0;0;1;0;0;0;0
09/06/2023;20:11:00;524;Sem vítima;564,000;BR-324/BA;Decrescente;Saída de pista;1;0;0;0;0;0;0;0;0;0;1;0;0;0;0
09/06/2023;21:39:00;568;Sem vítima;495,000;BR-116/BA;Decrescente;Choque;1;0;0;0;0;0;0;0;0;0;1;0;0;0;0
10/06/2023;09:00:00;192;Sem vítima;642,000;BR-116/BA;Crescente;Colisão lateral no mesmo sentido;0;0;1;0;0;0;0;0;0;0;1;0;0;0;0
11/06/2023;06:10:00;92;Com vítima;835,000;BR-116/BA;Crescente;Atropelamento de ciclista;0;1;0;0;0;0;0;0;0;0;0;0;1;0;0
11/06/2023;06:54:00;103;Com vítima;755,000;BR-116/BA;Decrescente;Atropelamento de animal;0;0;0;1;0;0;0;0;0;0;0;1;0;0;0
11/06/2023;09:38:00;185;Com vítima;598,000;BR-116/BA;Crescente;Acidentes de outra natureza;0;0;1;0;0;0;0;0;0;0;1;0;0;0;0
12/06/2023;06:53:00;118;Com vítima;797,000;BR-116/BA;Decrescente;Acidentes de outra natureza;0;0;0;0;0;0;0;0;0;1;0;1;0;0;0
12/06/2023;06:55:00;119;Sem vítima;616,000;BR-324/BA;Decrescente;Colisão traseira;1;0;0;0;0;0;0;0;0;0;1;0;0;0;0
12/06/2023;09:00:00;194;Sem vítima;619,000;BR-324/BA;Crescente;Colisão traseira;0;0;0;0;0;1;0;0;0;0;0;0;0;0;0
12/06/2023;11:31:00;276;Sem vítima;593,000;BR-116/BA;Crescente;Saída de pista;0;0;0;0;0;0;0;0;0;1;1;0;0;0;0
12/06/2023;11:49:00;288;Com vítima;3,000;CONTORNO SUL  - FS/BA;Crescente;Acidentes de outra natureza;0;0;1;0;0;0;0;0;0;0;1;0;0;0;0
12/06/2023;13:39:00;313;Sem vítima;562,000;BR-324/BA;Decrescente;Saída de pista;1;0;0;0;0;0;0;0;0;0;1;0;0;0;0
12/06/2023;13:58:00;320;Sem vítima;542,000;BR-324/BA;Decrescente;Engavetamento;1;0;0;0;0;0;0;0;0;0;1;0;0;0;0
12/06/2023;14:07:00;322;Sem vítima;532,000;BR-324/BA;Decrescente;Colisão traseira;0;0;0;0;0;1;0;0;0;0;0;0;0;0;0
12/06/2023;14:48:00;353;Sem vítima;532,000;BR-324/BA;Decrescente;Colisão lateral no mesmo sentido;1;0;0;0;0;0;0;0;0;0;1;0;0;0;0
12/06/2023;18:39:00;480;Com vítima;916,000;BR-116/BA;Crescente;Colisão lateral no mesmo sentido;0;0;0;0;0;1;0;0;0;0;0;0;0;0;0
12/06/2023;18:44:00;482;Com vítima;16,000;CONTORNO - VC/BA;Decrescente;Colisão transversal;0;0;0;1;0;0;0;0;0;0;0;1;0;0;0
12/06/2023;21:11:00;531;Com vítima;521,000;BR-324/BA;Decrescente;Atropelamento de animal;0;0;0;1;0;0;0;0;0;0;0;0;1;0;0
13/06/2023;00:00:00;106;Com vítima;586,000;BR-324/BA;Crescente;Colisão traseira;1;0;0;0;0;0;0;0;0;0;0;1;0;0;0
13/06/2023;05:56:00;92;Sem vítima;620,000;BR-324/BA;Decrescente;Colisão lateral no mesmo sentido;0;0;0;1;0;0;0;0;0;0;1;0;0;0;0
13/06/2023;06:46:00;103;Sem vítima;583,000;BR-324/BA;Crescente;Saída de pista;0;0;1;0;0;0;0;0;0;0;1;0;0;0;0
13/06/2023;07:02:00;109;Sem vítima;569,000;BR-324/BA;Crescente;Saída de pista;0;0;1;0;0;0;0;0;0;0;1;0;0;0;0
13/06/2023;08:55:00;145;Sem vítima;546,000;BR-324/BA;Crescente;Colisão lateral no mesmo sentido;1;0;0;0;0;0;0;0;0;0;1;0;0;0;0
13/06/2023;17:03:00;349;Sem vítima;545,000;BR-324/BA;Decrescente;Colisão traseira;0;0;1;0;0;0;0;0;0;0;1;0;0;0;0
14/06/2023;06:28:00;103;Sem vítima;26,000;CONTORNO - VC/BA;Crescente;Saída de pista;1;0;0;0;0;0;0;0;0;0;1;0;0;0;0
14/06/2023;09:11:00;167;Sem vítima;608,000;BR-324/BA;Crescente;Colisão traseira;1;0;0;0;0;0;0;0;0;0;1;0;0;0;0
14/06/2023;09:46:00;179;Sem vítima;528,000;BR-324/BA;Crescente;Colisão traseira;1;0;0;0;0;0;0;0;0;0;1;0;0;0;0
14/06/2023;11:21:00;218;Sem vítima;533,000;BR-324/BA;Decrescente;Saída de pista;1;0;0;0;0;0;0;0;0;0;1;0;0;0;0
14/06/2023;13:09:00;235;Sem vítima;608,000;BR-324/BA;Decrescente;Saída de pista;0;0;1;0;0;0;0;0;0;0;1;0;0;0;0
14/06/2023;17:52:00;356;Com vítima;810,000;BR-116/BA;Decrescente;Atropelamento de pedestre;0;0;0;0;0;0;0;0;0;0;0;1;0;0;0
14/06/2023;18:09:00;361;Com vítima;547,000;BR-116/BA;Crescente;Colisão traseira;0;0;0;1;0;0;0;0;0;0;0;1;0;0;0
14/06/2023;21:02:00;422;Com vítima;619,000;BR-324/BA;Decrescente;Choque;0;0;0;1;0;0;0;0;0;0;0;0;0;0;0
14/06/2023;21:03:00;423;Sem vítima;746,000;BR-116/BA;Crescente;Saída de pista;1;0;0;0;0;0;0;0;0;0;1;0;0;0;0
15/06/2023;08:15:00;141;Sem vítima;613,000;BR-324/BA;Crescente;Colisão traseira;1;0;0;0;0;0;0;0;0;0;1;0;0;0;0
15/06/2023;11:07:00;202;Sem vítima;685,000;BR-116/BA;Crescente;Colisão traseira;0;0;1;0;0;0;0;0;0;0;1;0;0;0;0
15/06/2023;12:48:00;238;Com vítima;758,000;BR-116/BA;Decrescente;Tombamento;0;0;0;1;0;0;0;0;0;0;0;1;0;0;0
15/06/2023;15:06:00;295;Sem vítima;668,000;BR-116/BA;Decrescente;Colisão transversal;0;0;0;0;0;1;0;0;0;0;0;0;0;0;0
15/06/2023;18:49:00;431;Sem vítima;28,000;CONTORNO - VC/BA;Crescente;Atropelamento de animal;1;0;0;0;0;0;0;0;0;0;1;0;0;0;0
15/06/2023;21:08:00;487;Sem vítima;628,000;BR-116/BA;Decrescente;Colisão traseira;0;0;0;0;0;0;0;0;0;1;1;0;0;0;0
16/06/2023;05:25:00;97;Sem vítima;574,000;BR-116/BA;Crescente;Engavetamento;0;0;0;0;0;1;0;0;0;0;0;0;0;0;0
16/06/2023;05:37:00;100;Com vítima;816,000;BR-116/BA;Crescente;Atropelamento de animal;0;0;0;1;0;0;0;0;0;0;0;1;0;0;0
16/06/2023;05:54:00;105;Com vítima;554,000;BR-324/BA;Decrescente;Saída de pista;1;0;0;0;0;0;0;0;0;0;0;0;1;0;0
16/06/2023;11:48:00;316;Sem vítima;717,000;BR-116/BA;Decrescente;Colisão lateral no mesmo sentido;1;0;0;0;0;0;0;0;0;0;1;0;0;0;0
16/06/2023;13:53:00;375;Sem vítima;678,000;BR-116/BA;Decrescente;Colisão traseira;1;0;0;0;0;0;0;0;0;0;1;0;0;0;0
16/06/2023;16:12:00;451;Sem vítima;760,000;BR-116/BA;Decrescente;Engavetamento;1;0;0;0;0;0;0;0;0;0;1;0;0;0;0
17/06/2023;00:00:00;548;Sem vítima;555,000;BR-116/BA;Decrescente;Saída de pista;0;0;1;0;0;0;0;0;0;0;2;0;0;0;0
17/06/2023;01:57:00;42;Sem vítima;2,000;CONTORNO SUL  - FS/BA;Crescente;Saída de pista;1;0;0;0;0;0;0;0;0;0;1;0;0;0;0
17/06/2023;15:37:00;396;Sem vítima;832,000;BR-116/BA;Decrescente;Engavetamento;0;0;0;0;0;1;0;0;0;0;0;0;0;0;0
17/06/2023;17:26:00;428;Com vítima;814,000;BR-116/BA;Decrescente;Colisão traseira;0;0;1;0;0;0;0;0;0;0;0;1;0;0;0
19/06/2023;07:38:00;130;Sem vítima;526,000;BR-324/BA;Crescente;Colisão traseira;0;0;0;0;0;0;0;0;0;1;1;0;0;0;0
19/06/2023;08:31:00;168;Sem vítima;614,000;BR-324/BA;Decrescente;Colisão traseira;1;0;0;0;0;0;0;0;0;0;1;0;0;0;0
19/06/2023;09:38:00;132;Com vítima;602,000;BR-116/BA;Crescente;Tombamento;0;0;1;0;0;0;0;0;0;0;0;1;0;0;0
19/06/2023;11:21:00;237;Sem vítima;533,000;BR-324/BA;Decrescente;Saída de pista;0;0;1;0;0;0;0;0;0;0;1;0;0;0;0
19/06/2023;12:04:00;241;Sem vítima;589,000;BR-324/BA;Decrescente;Colisão lateral no mesmo sentido;0;0;1;0;0;0;0;0;0;0;1;0;0;0;0
19/06/2023;13:32:00;266;Com vítima;16,000;CONTORNO - VC/BA;Decrescente;Tombamento;0;0;0;1;0;0;0;0;0;0;0;1;0;0;0
19/06/2023;16:36:00;356;Com vítima;586,000;BR-324/BA;Crescente;Saída de pista;1;0;0;0;0;0;0;0;0;0;0;0;1;0;0
19/06/2023;18:15:00;415;Sem vítima;599,000;BR-324/BA;Crescente;Engavetamento;1;0;0;0;0;0;0;0;0;0;1;0;0;0;0
19/06/2023;21:40:00;494;Com vítima;570,000;BR-324/BA;Decrescente;Saída de pista;1;0;0;0;0;0;0;0;0;0;0;0;1;0;0
20/06/2023;00:29:00;21;Com vítima;12,000;CONTORNO - VC/BA;Decrescente;Tombamento;0;0;0;1;0;0;0;0;0;0;0;1;0;0;0
20/06/2023;10:19:00;192;Sem vítima;599,000;BR-324/BA;Crescente;Colisão traseira;1;0;0;0;0;0;0;0;0;0;1;0;0;0;0
20/06/2023;12:21:00;236;Sem vítima;596,000;BR-324/BA;Decrescente;Engavetamento;1;0;0;0;0;0;0;0;0;0;1;0;0;0;0
20/06/2023;12:49:00;245;Sem vítima;533,000;BR-324/BA;Decrescente;Colisão traseira;0;0;1;0;0;0;0;0;0;0;1;0;0;0;0
20/06/2023;14:35:00;285;Sem vítima;607,000;BR-324/BA;Crescente;Colisão traseira;1;0;0;0;0;0;0;0;0;0;1;0;0;0;0
20/06/2023;16:19:00;335;Com vítima;900,000;BR-116/BA;Decrescente;Tombamento;0;0;0;1;0;0;0;0;0;0;0;0;1;0;0
20/06/2023;17:31:00;350;Sem vítima;616,000;BR-324/BA;Decrescente;Colisão lateral no mesmo sentido;1;0;0;0;0;0;0;0;0;0;1;0;0;0;0
20/06/2023;20:43:00;399;Com vítima;4,000;CONTORNO SUL  - FS/BA;Crescente;Tombamento;0;0;0;1;0;0;0;0;0;0;0;0;0;0;0
20/06/2023;23:47:00;466;Com vítima;462,000;BR-116/BA;Decrescente;Colisão traseira;0;0;0;1;0;0;0;0;0;0;0;0;0;0;0
21/06/2023;06:19:00;108;Com vítima;527,000;BR-116/BA;Crescente;Tombamento;0;0;0;1;0;0;0;0;0;0;0;0;0;0;0
21/06/2023;06:25:00;109;Com vítima;820,000;BR-116/BA;Crescente;Colisão lateral no mesmo sentido;1;0;0;0;0;0;0;0;0;0;0;0;0;0;0
21/06/2023;06:41:00;114;Com vítima;518,000;BR-324/BA;Decrescente;Atropelamento de ciclista;0;0;0;1;0;0;0;0;0;0;0;0;0;0;0
21/06/2023;09:57:00;205;Sem vítima;1,000;526/BA;Crescente;Tombamento;0;0;1;0;0;0;0;0;0;0;0;0;0;0;0
21/06/2023;10:44:00;132;Com vítima;570,000;BR-324/BA;Decrescente;Colisão traseira;1;0;0;0;0;0;0;0;0;0;0;0;0;0;0
21/06/2023;11:25:00;239;Sem vítima;557,000;BR-324/BA;Decrescente;Saída de pista;0;0;1;0;0;0;0;0;0;0;0;0;0;0;0
21/06/2023;11:44:00;245;Sem vítima;574,000;BR-324/BA;Decrescente;Colisão traseira;1;0;0;0;0;0;0;0;0;0;0;0;0;0;0
21/06/2023;12:17:00;260;Sem vítima;542,000;BR-324/BA;Decrescente;Colisão lateral no mesmo sentido;0;0;0;0;0;0;0;0;0;1;0;0;0;0;0
21/06/2023;14:13:00;289;Sem vítima;607,000;BR-324/BA;Decrescente;Engavetamento;1;0;0;0;0;0;0;0;0;0;0;0;0;0;0
21/06/2023;16:21:00;346;Sem vítima;683,000;BR-116/BA;Decrescente;Tombamento;0;0;1;0;0;0;0;0;0;0;1;0;0;0;0
21/06/2023;16:40:00;355;Sem vítima;517,000;BR-116/BA;Crescente;Colisão traseira;0;0;0;0;0;1;0;0;0;0;0;0;0;0;0
21/06/2023;21:13:00;440;Sem vítima;581,000;BR-324/BA;Crescente;Saída de pista;1;0;0;0;0;0;0;0;0;0;1;0;0;0;0
22/06/2023;00:00:00;127;Com vítima;12,000;CONTORNO - VC/BA;Crescente;Tombamento;0;0;0;1;0;0;0;0;0;0;0;1;0;0;0
22/06/2023;00:02:00;1;Com vítima;568,000;BR-324/BA;Decrescente;Tombamento;0;0;1;0;0;0;0;0;0;0;0;0;1;0;0
22/06/2023;05:43:00;100;Sem vítima;616,000;BR-324/BA;Decrescente;Colisão traseira;1;0;0;0;0;0;0;0;0;0;1;0;0;0;0
22/06/2023;07:23:00;137;Sem vítima;549,000;BR-324/BA;Decrescente;Saída de pista;1;0;0;0;0;0;0;0;0;0;1;0;0;0;0
22/06/2023;08:51:00;191;Sem vítima;575,000;BR-324/BA;Decrescente;Saída de pista;1;0;0;0;0;0;0;0;0;0;1;0;0;0;0
22/06/2023;12:52:00;307;Sem vítima;720,000;BR-116/BA;Crescente;Colisão lateral no mesmo sentido;0;0;1;0;0;0;0;0;0;0;1;0;0;0;0
22/06/2023;17:01:00;388;Sem vítima;521,000;BR-324/BA;Crescente;Tombamento;0;0;0;0;0;0;0;0;0;1;1;0;0;0;0
22/06/2023;17:17:00;397;Sem vítima;833,000;BR-116/BA;Crescente;Colisão transversal;0;0;0;0;0;0;0;0;0;1;1;0;0;0;0
22/06/2023;22:49:00;499;Com vítima;526,000;BR-324/BA;Decrescente;Atropelamento de ciclista;0;0;0;0;0;1;0;0;0;0;0;0;0;0;0
23/06/2023;02:10:00;25;Sem vítima;585,000;BR-324/BA;Crescente;Colisão traseira;0;0;0;0;0;0;0;0;0;1;2;0;0;0;0
23/06/2023;06:18:00;74;Sem vítima;579,000;BR-116/BA;Decrescente;Saída de pista;1;0;0;0;0;0;0;0;0;0;2;0;0;0;0
23/06/2023;07:42:00;108;Sem vítima;835,000;BR-116/BA;Decrescente;Saída de pista;0;0;1;0;0;0;0;0;0;0;2;0;0;0;0
23/06/2023;08:37:00;127;Sem vítima;564,000;BR-324/BA;Crescente;Saída de pista;1;0;0;0;0;0;0;0;0;0;2;0;0;0;0
23/06/2023;10:21:00;161;Sem vítima;597,000;BR-324/BA;Decrescente;Colisão lateral no mesmo sentido;1;0;0;0;0;0;0;0;0;0;2;0;0;0;0
23/06/2023;12:12:00;214;Sem vítima;596,000;BR-324/BA;Decrescente;Engavetamento;1;0;0;0;0;0;0;0;0;0;2;0;0;0;0
23/06/2023;15:32:00;291;Com vítima;580,000;BR-116/BA;Crescente;Tombamento;0;0;0;1;0;0;0;0;0;0;0;1;0;0;0
23/06/2023;16:42:00;313;Sem vítima;588,000;BR-324/BA;Decrescente;Engavetamento;1;0;0;0;0;0;0;0;0;0;1;0;0;0;0
23/06/2023;18:07:00;348;Com vítima;836,000;BR-116/BA;Crescente;Colisão transversal;0;0;0;1;0;0;0;0;0;0;0;0;0;0;1
23/06/2023;19:21:00;370;Sem vítima;12,000;CONTORNO - VC/BA;Decrescente;Colisão transversal;0;0;0;0;0;0;0;0;0;1;2;0;0;0;0
23/06/2023;20:05:00;378;Sem vítima;598,000;BR-116/BA;Crescente;Colisão lateral no mesmo sentido;1;0;0;0;0;0;0;0;0;0;1;0;0;0;0
23/06/2023;21:22:00;392;Com vítima;580,000;BR-324/BA;Decrescente;Acidentes de outra natureza;0;0;0;0;0;1;0;0;0;0;0;0;0;0;0
24/06/2023;00:23:00;28;Com vítima;541,000;BR-324/BA;Crescente;Saída de pista;1;0;0;0;0;0;0;0;0;0;0;1;0;0;0
24/06/2023;03:38:00;56;Sem vítima;624,000;BR-324/BA;Crescente;Choque;1;0;0;0;0;0;0;0;0;0;1;0;0;0;0
24/06/2023;04:56:00;103;Com vítima;461,000;BR-116/BA;Crescente;Tombamento;0;0;0;1;0;0;0;0;0;0;0;0;1;0;0
24/06/2023;06:45:00;133;Sem vítima;900,000;BR-116/BA;Crescente;Colisão traseira;0;0;1;0;0;0;0;0;0;0;1;0;0;0;0
25/06/2023;03:44:00;95;Com vítima;455,000;BR-116/BA;Decrescente;Colisão traseira;0;0;0;0;0;1;0;0;0;0;0;0;0;0;0
25/06/2023;07:44:00;128;Com vítima;749,000;BR-116/BA;Decrescente;Saída de pista;0;0;1;0;0;0;0;0;0;0;0;1;0;0;0
25/06/2023;12:53:00;240;Sem vítima;587,000;BR-324/BA;Crescente;Tombamento;0;0;0;1;0;0;0;0;0;0;1;0;0;0;0
25/06/2023;13:56:00;255;Sem vítima;579,000;BR-324/BA;Crescente;Colisão traseira;0;0;0;0;0;1;0;0;0;0;0;0;0;0;0
25/06/2023;20:10:00;367;Com vítima;0,000;CONTORNO SUL  - FS/BA;Decrescente;Tombamento;0;0;0;1;0;0;0;0;0;0;0;1;0;0;0
26/06/2023;06:04:00;29;Sem vítima;529,000;BR-324/BA;Crescente;Engavetamento;1;0;0;0;0;0;0;0;0;0;1;0;0;0;0
26/06/2023;06:32:00;45;Sem vítima;605,000;BR-324/BA;Crescente;Engavetamento;1;0;0;0;0;0;0;0;0;0;1;0;0;0;0
26/06/2023;07:06:00;59;Sem vítima;594,000;BR-324/BA;Crescente;Colisão traseira;1;0;0;0;0;0;0;0;0;0;1;0;0;0;0
26/06/2023;07:37:00;74;Sem vítima;509,000;BR-116/BA;Decrescente;Colisão traseira;1;0;0;0;0;0;0;0;0;0;1;0;0;0;0
26/06/2023;07:44:00;77;Sem vítima;594,000;BR-324/BA;Crescente;Colisão traseira;1;0;0;0;0;0;0;0;0;0;1;0;0;0;0
26/06/2023;08:28:00;98;Com vítima;504,000;BR-116/BA;Crescente;Acidentes de outra natureza;0;0;0;0;0;0;0;0;0;1;0;1;0;0;0
26/06/2023;08:51:00;101;Sem vítima;430,000;BR-116/BA;Decrescente;Colisão traseira;1;0;0;0;0;0;0;0;0;0;1;0;0;0;0
26/06/2023;09:28:00;116;Sem vítima;571,000;BR-324/BA;Decrescente;Saída de pista;0;0;0;0;0;1;0;0;0;0;1;0;0;0;0
26/06/2023;09:40:00;122;Sem vítima;568,000;BR-324/BA;Decrescente;Engavetamento;1;0;0;0;0;0;0;0;0;0;1;0;0;0;0
26/06/2023;09:46:00;125;Sem vítima;599,000;BR-324/BA;Crescente;Colisão lateral no mesmo sentido;1;0;0;0;0;0;0;0;0;0;1;0;0;0;0
26/06/2023;09:55:00;131;Sem vítima;570,000;BR-324/BA;Crescente;Engavetamento;1;0;0;0;0;0;0;0;0;0;1;0;0;0;0
26/06/2023;09:59:00;135;Com vítima;785,000;BR-116/BA;Decrescente;Saída de pista;0;0;1;0;0;0;0;0;0;0;0;1;0;0;0
26/06/2023;11:15:00;172;Sem vítima;568,000;BR-324/BA;Decrescente;Saída de pista;1;0;0;0;0;0;0;0;0;0;1;0;0;0;0
26/06/2023;11:25:00;178;Sem vítima;605,000;BR-324/BA;Crescente;Colisão lateral no mesmo sentido;0;0;0;0;0;1;0;0;0;0;0;0;0;0;0
26/06/2023;11:37:00;184;Sem vítima;560,000;BR-324/BA;Crescente;Engavetamento;1;0;0;0;0;0;0;0;0;0;1;0;0;0;0
26/06/2023;12:57:00;219;Com vítima;546,000;BR-324/BA;Crescente;Tombamento;0;0;0;1;0;0;0;0;0;0;0;0;1;0;0
26/06/2023;13:13:00;233;Com vítima;573,000;BR-116/BA;Decrescente;Atropelamento de ciclista;0;1;0;0;0;0;0;0;0;0;0;0;0;0;1
26/06/2023;21:11:00;397;Com vítima;828,000;BR-116/BA;Crescente;Colisão transversal;0;0;0;1;0;0;0;0;0;0;0;1;0;0;0
27/06/2023;00:00:00;76;Com vítima;452,000;BR-116/BA;Crescente;Tombamento;0;0;0;1;0;0;0;0;0;0;0;0;0;1;0
27/06/2023;09:19:00;122;Sem vítima;872,000;BR-116/BA;Crescente;Saída de pista;0;0;1;0;0;0;0;0;0;0;1;0;0;0;0
27/06/2023;15:09:00;269;Sem vítima;605,000;BR-324/BA;Crescente;Colisão traseira;1;0;0;0;0;0;0;0;0;0;1;0;0;0;0
27/06/2023;15:42:00;284;Com vítima;522,000;BR-324/BA;Decrescente;Colisão lateral no mesmo sentido;1;0;0;0;0;0;0;0;0;0;1;0;0;0;0
27/06/2023;15:52:00;290;Com vítima;601,000;BR-324/BA;Crescente;Colisão traseira;1;0;0;0;0;0;0;0;0;0;1;0;0;0;0
27/06/2023;15:52:00;329;Sem vítima;601,000;BR-324/BA;Crescente;Engavetamento;1;0;0;0;0;0;0;0;0;0;1;0;0;0;0
27/06/2023;22:17:00;454;Com vítima;519,000;BR-324/BA;Decrescente;Tombamento;0;0;0;1;0;0;0;0;0;0;0;1;0;0;0
27/06/2023;23:41:00;465;Com vítima;576,000;BR-324/BA;Crescente;Saída de pista;0;0;1;0;0;0;0;0;0;0;0;1;0;0;0
28/06/2023;06:19:00;100;Sem vítima;533,000;BR-324/BA;Decrescente;Acidentes de outra natureza;1;0;0;0;0;0;0;0;0;0;1;0;0;0;0
28/06/2023;08:36:00;175;Com vítima;431,000;BR-116/BA;Crescente;Acidentes de outra natureza;0;1;0;0;0;0;0;0;0;0;0;1;0;0;0
29/06/2023;03:25:00;47;Sem vítima;755,000;BR-116/BA;Crescente;Colisão lateral no mesmo sentido;0;0;1;0;0;0;0;0;0;0;1;0;0;0;0
29/06/2023;06:45:00;97;Sem vítima;587,000;BR-324/BA;Crescente;Saída de pista;0;0;0;0;0;0;0;0;0;1;1;0;0;0;0
29/06/2023;08:02:00;120;Com vítima;617,000;BR-324/BA;Crescente;Colisão traseira;1;0;0;0;0;0;0;0;0;0;1;0;0;0;0
29/06/2023;08:59:00;159;Sem vítima;616,000;BR-324/BA;Crescente;Engavetamento;0;0;0;0;0;0;0;0;0;1;1;0;0;0;0
29/06/2023;10:31:00;186;Sem vítima;10,000;CONTORNO - VC/BA;Crescente;Saída de pista;0;0;1;0;0;0;0;0;0;0;1;0;0;0;0
29/06/2023;14:03:00;252;Sem vítima;608,000;BR-324/BA;Crescente;Colisão traseira;1;0;0;0;0;0;0;0;0;0;1;0;0;0;0
29/06/2023;21:54:00;439;Sem vítima;554,000;BR-324/BA;Crescente;Saída de pista;0;0;1;0;0;0;0;0;0;0;1;0;0;0;0
30/06/2023;07:08:00;89;Com vítima;16,000;CONTORNO - VC/BA;Decrescente;Acidentes de outra natureza;0;1;0;0;0;0;0;0;0;0;0;0;1;0;0
30/06/2023;11:53:00;239;Com vítima;624,000;BR-324/BA;Crescente;Tombamento;0;0;0;1;0;0;0;0;0;0;0;1;0;0;0
30/06/2023;16:47:00;383;Sem vítima;518,000;BR-324/BA;Decrescente;Engavetamento;1;0;0;0;0;0;0;0;0;0;1;0;0;0;0
30/06/2023;19:06:00;440;Sem vítima;554,000;BR-324/BA;Crescente;Colisão traseira;0;0;0;0;0;1;0;0;0;0;0;0;0;0;0
30/06/2023;20:36:00;455;Com vítima;674,000;BR-116/BA;Decrescente;Atropelamento de pedestre;0;0;0;0;0;0;0;0;0;0;0;0;1;0;0
30/06/2023;21:08:00;482;Sem vítima;529,000;BR-324/BA;Crescente;Colisão traseira;0;0;0;0;0;1;0;0;0;0;0;0;0;0;0
01/07/2023;07:24:00;92;Sem vítima;539,000;BR-324/BA;Decrescente;Saída de pista;0;0;0;1;0;0;0;0;0;0;1;0;0;0;0
01/07/2023;15:52:00;235;Com vítima;522,000;BR-324/BA;Decrescente;Atropelamento de ciclista;0;0;0;0;0;1;0;0;0;0;0;0;0;0;0
01/07/2023;16:08:00;249;Com vítima;553,000;BR-324/BA;Crescente;Acidentes de outra natureza;1;0;0;0;0;0;0;0;0;0;2;0;0;0;0
01/07/2023;16:51:00;260;Com vítima;633,000;BR-116/BA;Decrescente;Atropelamento de pedestre;0;0;0;0;0;0;0;0;0;0;0;1;0;0;0
01/07/2023;17:11:00;266;Sem vítima;552,000;BR-324/BA;Crescente;Engavetamento;1;0;0;0;0;0;0;0;0;0;1;0;0;0;0
01/07/2023;18:25:00;317;Com vítima;813,000;BR-116/BA;Decrescente;Atropelamento de ciclista;0;1;0;0;0;0;0;0;0;0;0;1;0;0;0
01/07/2023;19:11:00;323;Com vítima;556,000;BR-324/BA;Crescente;Tombamento;0;0;0;1;0;0;0;0;0;0;0;0;1;0;0
02/07/2023;03:55:00;62;Sem vítima;553,000;BR-324/BA;Decrescente;Saída de pista;0;0;1;0;0;0;0;0;0;0;1;0;0;0;0
02/07/2023;06:14:00;82;Com vítima;529,000;BR-116/BA;Crescente;Saída de pista;0;0;1;0;0;0;0;0;0;0;0;0;1;0;0
02/07/2023;09:18:00;169;Sem vítima;560,000;BR-324/BA;Decrescente;Colisão lateral no mesmo sentido;0;0;1;0;0;0;0;0;0;0;1;0;0;0;0
02/07/2023;15:37:00;321;Sem vítima;623,000;BR-324/BA;Decrescente;Colisão lateral no mesmo sentido;0;0;0;1;0;0;0;0;0;0;1;0;0;0;0
02/07/2023;15:54:00;326;Sem vítima;497,000;BR-116/BA;Decrescente;Colisão transversal;0;0;0;0;0;0;0;0;0;1;1;0;0;0;0
02/07/2023;18:08:00;356;Sem vítima;501,000;BR-116/BA;Decrescente;Engavetamento;1;0;0;0;0;0;0;0;0;0;1;0;0;0;0
04/07/2023;11:18:00;242;Sem vítima;613,000;BR-324/BA;Decrescente;Colisão traseira;1;0;0;0;0;0;0;0;0;0;1;0;0;0;0
04/07/2023;12:52:00;281;Sem vítima;518,000;BR-324/BA;Crescente;Colisão traseira;1;0;0;0;0;0;0;0;0;0;1;0;0;0;0
04/07/2023;16:27:00;360;Com vítima;11,000;CONTORNO - VC/BA;Decrescente;Colisão transversal;0;0;0;1;0;0;0;0;0;0;0;1;0;0;0
04/07/2023;18:49:00;402;Sem vítima;610,000;BR-324/BA;Crescente;Colisão traseira;1;0;0;0;0;0;0;0;0;0;2;0;0;0;0
05/07/2023;06:06:00;81;Sem vítima;565,000;BR-324/BA;Crescente;Colisão traseira;0;0;1;0;0;0;0;0;0;0;1;0;0;0;0
05/07/2023;06:57:00;97;Com vítima;865,000;BR-116/BA;Crescente;Colisão traseira;0;0;0;0;0;1;0;0;0;0;0;0;0;0;0
05/07/2023;08:13:00;119;Sem vítima;537,000;BR-324/BA;Crescente;Tombamento;0;0;0;1;0;0;0;0;0;0;1;0;0;0;0
05/07/2023;08:25:00;125;Sem vítima;16,000;CONTORNO - VC/BA;Decrescente;Saída de pista;1;0;0;0;0;0;0;0;0;0;2;0;0;0;0
05/07/2023;11:36:00;219;Com vítima;624,000;BR-324/BA;Decrescente;Tombamento;0;0;0;1;0;0;0;0;0;0;0;1;0;0;0