data;horario;n_da_ocorrencia;tipo_de_ocorrencia;km;trecho;sentido;tipo_de_acidente;automovel;bicicleta;caminhao;moto;onibus;outros;tracao_animal;transporte_de_cargas_especiais;trator_maquinas;utilitarios;ilesos;levemente_feridos;moderadamente_feridos;gravemente_feridos;mortos
05/07/2023;12:06:00;223;Sem vítima;740,000;BR-116/BA;Crescente;Colisão traseira;0;0;1;0;0;0;0;0;0;0;1;0;0;0;0
05/07/2023;12:23:00;226;Sem vítima;567,000;BR-324/BA;Decrescente;Saída de pista;1;0;0;0;0;0;0;0;0;0;1;0;0;0;0
05/07/2023;16:32:00;336;Com vítima;811,000;BR-116/BA;Crescente;Colisão transversal;0;0;0;0;0;1;0;0;0;0;0;0;0;0;0
05/07/2023;19:25:00;408;Com vítima;526,000;BR-324/BA;Crescente;Atropelamento de animal;0;0;0;1;0;0;0;0;0;0;0;0;1;0;0
06/07/2023;06:18:00;99;Sem vítima;735,000;BR-116/BA;Decrescente;Tombamento;0;0;1;0;0;0;0;0;0;0;1;0;0;0;0
06/07/2023;11:26:00;223;Com vítima;509,000;BR-116/BA;Decrescente;Atropelamento de pedestre;0;0;0;0;0;0;0;0;0;0;0;1;0;0;0
06/07/2023;12:13:00;248;Sem vítima;625,000;BR-324/BA;Crescente;Tombamento;0;0;0;1;0;0;0;0;0;0;1;0;0;0;0
07/07/2023;00:00:00;102;Sem vítima;520,000;BR-324/BA;Decrescente;Colisão traseira;0;0;1;0;0;0;0;0;0;0;1;0;0;0;0
07/07/2023;07:49:00;125;Sem vítima;642,000;BR-116/BA;Decrescente;Colisão lateral no mesmo sentido;0;0;0;0;0;1;0;0;0;0;0;0;0;0;0
07/07/2023;13:49:00;317;Sem vítima;612,000;BR-324/BA;Crescente;Choque;1;0;0;0;0;0;0;0;0;0;2;0;0;0;0
07/07/2023;14:26:00;334;Com vítima;6,000;CONTORNO SUL  - FS/BA;Decrescente;Tombamento;0;0;0;1;0;0;0;0;0;0;0;0;2;0;0
07/07/2023;14:47:00;339;Com vítima;529,000;BR-324/BA;Crescente;Colisão traseira;0;0;0;1;0;0;0;0;0;0;0;1;0;0;0
07/07/2023;21:40:00;535;Com vítima;673,000;BR-116/BA;Decrescente;Colisão lateral no mesmo sentido;0;0;1;0;0;0;0;0;0;0;2;0;0;0;0
08/07/2023;06:06:00;134;Com vítima;915,000;BR-116/BA;Crescente;Colisão traseira;0;0;1;0;0;0;0;0;0;0;1;0;0;0;0
08/07/2023;07:24:00;160;Sem vítima;531,000;BR-324/BA;Decrescente;Colisão lateral no mesmo sentido;1;0;0;0;0;0;0;0;0;0;1;0;0;0;0
08/07/2023;12:47:00;246;Sem vítima;535,000;BR-324/BA;Decrescente;Saída de pista;0;0;0;0;0;1;0;0;0;0;1;0;0;0;0
08/07/2023;16:09:00;327;Sem vítima;508,000;BR-116/BA;Crescente;Tombamento;0;0;1;0;0;0;0;0;0;0;1;0;0;0;0
09/07/2023;02:49:00;56;Com vítima;624,000;BR-324/BA;Crescente;Tombamento;0;0;0;1;0;0;0;0;0;0;0;0;0;1;0
09/07/2023;05:38:00;99;Sem vítima;758,000;BR-116/BA;Crescente;Colisão traseira;0;0;1;0;0;0;0;0;0;0;1;0;0;0;0
09/07/2023;08:16:00;122;Sem vítima;697,000;BR-116/BA;Crescente;Saída de pista;0;0;0;0;0;0;0;0;0;1;1;0;0;0;0
09/07/2023;11:15:00;183;Sem vítima;658,000;BR-116/BA;Decrescente;Colisão traseira;0;0;1;0;0;0;0;0;0;0;1;0;0;0;0
09/07/2023;14:55:00;251;Sem vítima;752,000;BR-116/BA;Decrescente;Saída de pista;1;0;0;0;0;0;0;0;0;0;1;0;0;0;0
09/07/2023;19:05:00;384;Sem vítima;531,000;BR-324/BA;Crescente;Colisão traseira;0;0;1;0;0;0;0;0;0;0;1;0;0;0;0
09/07/2023;20:18:00;399;Sem vítima;529,000;BR-116/BA;Crescente;Engavetamento;0;0;1;0;0;0;0;0;0;0;1;0;0;0;0
10/07/2023;10:04:00;228;Sem vítima;521,000;BR-324/BA;Decrescente;Saída de pista;0;0;0;0;0;1;0;0;0;0;0;0;0;0;0
10/07/2023;12:12:00;277;Com vítima;850,000;BR-116/BA;Decrescente;Capotamento;0;0;0;0;0;0;0;0;0;1;0;1;0;0;0
10/07/2023;12:58:00;299;Com vítima;523,000;BR-324/BA;Crescente;Saída de pista;1;0;0;0;0;0;0;0;0;0;0;0;1;0;0
10/07/2023;13:55:00;316;Com vítima;545,000;BR-324/BA;Decrescente;Colisão traseira;0;0;0;1;0;0;0;0;0;0;0;1;0;0;0
11/07/2023;08:50:00;178;Com vítima;622,000;BR-324/BA;Crescente;Colisão lateral no mesmo sentido;1;0;0;0;0;0;0;0;0;0;1;0;0;0;0
11/07/2023;15:08:00;350;Sem vítima;551,000;BR-324/BA;Crescente;Colisão traseira;0;0;0;0;0;0;0;0;0;1;1;0;0;0;0
11/07/2023;20:02:00;449;Com vítima;618,000;BR-324/BA;Crescente;Acidentes de outra natureza;1;0;0;0;0;0;0;0;0;0;1;0;0;0;0
12/07/2023;06:51:00;115;Sem vítima;617,000;BR-324/BA;Crescente;Tombamento;0;0;0;1;0;0;0;0;0;0;1;0;0;0;0
12/07/2023;08:58:00;162;Sem vítima;571,000;BR-116/BA;Decrescente;Saída de pista;0;0;1;0;0;0;0;0;0;0;1;0;0;0;0
12/07/2023;09:16:00;190;Sem vítima;782,000;BR-116/BA;Crescente;Saída de pista;1;0;0;0;0;0;0;0;0;0;1;0;0;0;0
12/07/2023;11:10:00;237;Sem vítima;614,000;BR-324/BA;Decrescente;Engavetamento;1;0;0;0;0;0;0;0;0;0;1;0;0;0;0
13/07/2023;04:48:00;91;Sem vítima;500,000;BR-116/BA;Decrescente;Capotamento;0;0;0;0;0;0;0;0;0;1;1;0;0;0;0
13/07/2023;11:47:00;254;Sem vítima;528,000;BR-324/BA;Crescente;Engavetamento;0;0;0;0;0;0;0;0;0;1;1;0;0;0;0
13/07/2023;14:14:00;295;Sem vítima;525,000;BR-324/BA;Decrescente;Colisão lateral no mesmo sentido;0;0;1;0;0;0;0;0;0;0;1;0;0;0;0
13/07/2023;15:01:00;312;Com vítima;571,000;BR-324/BA;Decrescente;Colisão traseira;0;0;0;1;0;0;0;0;0;0;0;0;1;0;0
13/07/2023;15:15:00;329;Sem vítima;677,000;BR-116/BA;Decrescente;Colisão traseira;0;0;0;0;0;1;0;0;0;0;0;0;0;0;0
13/07/2023;17:19:00;377;Com vítima;756,000;BR-116/BA;Decrescente;Atropelamento de pedestre;0;0;0;0;0;0;0;0;0;0;0;0;1;0;0
13/07/2023;21:54:00;462;Sem vítima;444,000;BR-116/BA;Decrescente;Saída de pista;0;0;1;0;0;0;0;0;0;0;1;0;0;0;0
14/07/2023;02:54:00;11;Sem vítima;584,000;BR-116/BA;Decrescente;Saída de pista;0;0;1;0;0;0;0;0;0;0;1;0;0;0;0
14/07/2023;04:44:00;17;Sem vítima;854,000;BR-116/BA;Crescente;Colisão lateral no mesmo sentido;0;0;1;0;0;0;0;0;0;0;1;0;0;0;0
14/07/2023;11:32:00;134;Sem vítima;541,000;BR-324/BA;Decrescente;Engavetamento;0;0;0;0;0;1;0;0;0;0;0;0;0;0;0
14/07/2023;11:45:00;140;Sem vítima;913,000;BR-116/BA;Decrescente;Colisão lateral no mesmo sentido;0;0;1;0;0;0;0;0;0;0;1;0;0;0;0
14/07/2023;15:24:00;226;Com vítima;814,000;BR-116/BA;Crescente;Saída de pista;0;0;0;1;0;0;0;0;0;0;0;1;0;0;0
14/07/2023;15:51:00;237;Sem vítima;580,000;BR-324/BA;Decrescente;Engavetamento;0;0;1;0;0;0;0;0;0;0;1;0;0;0;0
14/07/2023;17:26:00;267;Sem vítima;830,000;BR-116/BA;Decrescente;Colisão lateral no mesmo sentido;0;0;0;1;0;0;0;0;0;0;1;0;0;0;0
14/07/2023;18:08:00;279;Sem vítima;605,000;BR-324/BA;Crescente;Colisão traseira;1;0;0;0;0;0;0;0;0;0;2;0;0;0;0
15/07/2023;00:04:00;1;Sem vítima;876,000;BR-116/BA;Crescente;Colisão traseira;0;0;1;0;0;0;0;0;0;0;2;0;0;0;0
15/07/2023;07:22:00;133;Sem vítima;910,000;BR-116/BA;Crescente;Colisão traseira;0;0;1;0;0;0;0;0;0;0;2;0;0;0;0
15/07/2023;08:00:00;141;Sem vítima;483,000;BR-116/BA;Crescente;Saída de pista;1;0;0;0;0;0;0;0;0;0;2;0;0;0;0
15/07/2023;14:21:00;297;Sem vítima;599,000;BR-324/BA;Crescente;Colisão traseira;1;0;0;0;0;0;0;0;0;0;2;0;0;0;0
15/07/2023;14:29:00;299;Com vítima;858,000;BR-116/BA;Decrescente;Colisão transversal;0;0;0;1;0;0;0;0;0;0;0;2;0;0;0
15/07/2023;14:35:00;302;Com vítima;512,000;BR-116/BA;Decrescente;Colisão frontal;1;0;0;0;0;0;0;0;0;0;0;0;0;0;1
16/07/2023;09:49:00;116;Com vítima;644,000;BR-116/BA;Crescente;Saída de pista;0;0;1;0;0;0;0;0;0;0;0;0;1;0;0
16/07/2023;10:04:00;119;Com vítima;527,000;BR-116/BA;Decrescente;Tombamento;0;0;0;1;0;0;0;0;0;0;0;0;1;0;0
16/07/2023;14:31:00;229;Com vítima;585,000;BR-324/BA;Crescente;Capotamento;1;0;0;0;0;0;0;0;0;0;0;1;0;0;0
16/07/2023;15:01:00;267;Sem vítima;617,000;BR-324/BA;Crescente;Tombamento;0;0;0;1;0;0;0;0;0;0;1;0;0;0;0
16/07/2023;15:39:00;276;Sem vítima;788,000;BR-116/BA;Decrescente;Capotamento;1;0;0;0;0;0;0;0;0;0;1;0;0;0;0
16/07/2023;21:46:00;433;Com vítima;539,000;BR-324/BA;Decrescente;Atropelamento de pedestre;0;0;0;0;0;0;0;0;0;0;0;1;0;0;0
17/07/2023;00:13:00;2;Sem vítima;664,000;BR-116/BA;Decrescente;Saída de pista;0;0;1;0;0;0;0;0;0;0;1;0;0;0;0
17/07/2023;06:55:00;125;Sem vítima;614,000;BR-324/BA;Crescente;Colisão traseira;1;0;0;0;0;0;0;0;0;0;1;0;0;0;0
17/07/2023;06:58:00;126;Sem vítima;612,000;BR-324/BA;Crescente;Acidentes de outra natureza;1;0;0;0;0;0;0;0;0;0;1;0;0;0;0
17/07/2023;07:23:00;135;Sem vítima;581,000;BR-324/BA;Crescente;Saída de pista;1;0;0;0;0;0;0;0;0;0;1;0;0;0;0
17/07/2023;07:31:00;141;Sem vítima;526,000;BR-324/BA;Decrescente;Engavetamento;1;0;0;0;0;0;0;0;0;0;1;0;0;0;0
17/07/2023;07:46:00;145;Sem vítima;619,000;BR-324/BA;Crescente;Colisão traseira;0;0;0;0;0;1;0;0;0;0;0;0;0;0;0
17/07/2023;08:15:00;172;Sem vítima;613,000;BR-324/BA;Crescente;Colisão lateral no mesmo sentido;1;0;0;0;0;0;0;0;0;0;1;0;0;0;0
17/07/2023;15:18:00;306;Sem vítima;551,000;BR-324/BA;Decrescente;Colisão traseira;1;0;0;0;0;0;0;0;0;0;1;0;0;0;0
20/07/2023;15:01:00;278;Sem vítima;549,000;BR-116/BA;Crescente;Colisão traseira;1;0;0;0;0;0;0;0;0;0;2;0;0;0;0
20/07/2023;15:53:00;301;Sem vítima;545,000;BR-324/BA;Decrescente;Engavetamento;0;0;0;0;0;0;0;0;0;1;2;0;0;0;0
21/07/2023;00:00:00;172;Sem vítima;623,000;BR-324/BA;Crescente;Colisão traseira;1;0;0;0;0;0;0;0;0;0;2;0;0;0;0
21/07/2023;06:53:00;113;Com vítima;616,000;BR-324/BA;Decrescente;Colisão traseira;0;0;0;0;0;0;0;0;0;0;0;0;0;0;0
21/07/2023;08:55:00;174;Com vítima;623,000;BR-324/BA;Crescente;Colisão traseira;0;0;0;0;0;0;0;0;0;0;0;0;0;0;0
21/07/2023;12:47:00;192;Com vítima;702,000;BR-116/BA;Decrescente;Colisão frontal;0;0;0;0;0;0;0;0;0;0;0;0;0;0;0
21/07/2023;16:14:00;358;Com vítima;799,000;BR-116/BA;Crescente;Saída de pista;1;0;0;0;0;0;0;0;0;0;0;2;0;0;0
21/07/2023;17:14:00;402;Com vítima;534,000;BR-324/BA;Decrescente;Engavetamento;0;0;0;0;0;1;0;0;0;0;0;0;0;0;0
21/07/2023;22:03:00;503;Sem vítima;457,000;BR-116/BA;Decrescente;Saída de pista;0;0;1;0;0;0;0;0;0;0;1;0;0;0;0
22/07/2023;00:00:00;219;Sem vítima;596,000;BR-116/BA;Crescente;Saída de pista;1;0;0;0;0;0;0;0;0;0;1;0;0;0;0
22/07/2023;04:25:00;97;Com vítima;452,000;BR-116/BA;Crescente;Colisão traseira;1;0;0;0;0;0;0;0;0;0;0;0;0;1;0
22/07/2023;10:08:00;153;Sem vítima;931,000;BR-116/BA;Crescente;Colisão traseira;0;0;1;0;0;0;0;0;0;0;1;0;0;0;0
22/07/2023;10:55:00;158;Sem vítima;530,000;BR-116/BA;Crescente;Colisão traseira;0;0;1;0;0;0;0;0;0;0;1;0;0;0;0
22/07/2023;11:23:00;152;Com vítima;0,000;CONTORNO SUL  - FS/BA;Decrescente;Colisão lateral no mesmo sentido;0;0;0;0;0;1;0;0;0;0;0;0;0;0;0
22/07/2023;12:03:00;206;Sem vítima;601,000;BR-324/BA;Decrescente;Capotamento;1;0;0;0;0;0;0;0;0;0;1;0;0;0;0
22/07/2023;12:56:00;220;Com vítima;904,000;BR-116/BA;Crescente;Colisão traseira;0;0;0;1;0;0;0;0;0;0;0;1;0;0;0
22/07/2023;21:47:00;440;Com vítima;12,000;CONTORNO - VC/BA;Decrescente;Colisão transversal;2;0;0;0;0;0;0;0;0;0;1;1;0;0;0
22/07/2023;23:22:00;460;Com vítima;433,000;BR-116/BA;Decrescente;Saída de pista;0;0;1;0;0;0;0;0;0;0;0;1;0;0;0
23/07/2023;02:29:00;53;Com vítima;577,000;BR-324/BA;Crescente;Colisão traseira;1;0;0;0;0;0;0;0;0;0;0;1;1;0;0
23/07/2023;10:31:00;167;Com vítima;545,000;BR-324/BA;Crescente;Colisão lateral no mesmo sentido;1;0;0;0;0;0;0;0;0;0;0;0;1;0;0
23/07/2023;13:24:00;190;Sem vítima;719,000;BR-116/BA;Crescente;Capotamento;1;0;0;0;0;0;0;0;0;0;1;0;0;0;0
23/07/2023;16:20:00;276;Sem vítima;606,000;BR-324/BA;Decrescente;Choque;1;0;0;0;0;0;0;0;0;0;1;0;0;0;0
23/07/2023;17:03:00;286;Sem vítima;813,000;BR-116/BA;Decrescente;Colisão traseira;1;0;0;0;0;0;0;0;0;0;1;0;0;0;0
24/07/2023;00:00:00;96;Sem vítima;614,000;BR-324/BA;Crescente;Engavetamento;0;0;0;0;0;1;0;0;0;0;0;0;0;0;0
24/07/2023;05:04:00;54;Com vítima;555,000;BR-116/BA;Decrescente;Acidentes de outra natureza;2;0;0;0;0;0;0;0;0;0;0;1;1;0;0
24/07/2023;05:18:00;56;Sem vítima;805,000;BR-116/BA;Crescente;Colisão lateral no mesmo sentido;0;0;1;0;0;0;0;0;0;0;1;0;0;0;0
24/07/2023;07:01:00;82;Sem vítima;608,000;BR-116/BA;Decrescente;Colisão lateral no mesmo sentido;1;0;0;0;0;0;0;0;0;0;1;0;0;0;0
24/07/2023;07:22:00;87;Com vítima;625,000;BR-324/BA;Crescente;Tombamento;0;0;0;1;0;0;0;0;0;0;0;1;0;0;0
24/07/2023;07:30:00;91;Sem vítima;573,000;BR-324/BA;Crescente;Colisão lateral no mesmo sentido;1;0;0;0;0;0;0;0;0;0;1;0;0;0;0
24/07/2023;07:37:00;97;Sem vítima;585,000;BR-116/BA;Crescente;Colisão lateral no mesmo sentido;1;0;0;0;0;0;0;0;0;0;1;0;0;0;0
24/07/2023;10:15:00;163;Sem vítima;459,000;BR-116/BA;Decrescente;Saída de pista;1;0;0;0;0;0;0;0;0;0;1;0;0;0;0
24/07/2023;10:49:00;130;Sem vítima;483,000;BR-116/BA;Crescente;Colisão transversal;2;0;0;0;0;0;0;0;0;0;3;0;0;0;0
24/07/2023;13:41:00;236;Sem vítima;569,000;BR-324/BA;Crescente;Saída de pista;0;0;1;0;0;0;0;0;0;0;1;0;0;0;0
24/07/2023;14:29:00;264;Sem vítima;567,000;BR-324/BA;Crescente;Capotamento;1;0;0;0;0;0;0;0;0;0;1;0;0;0;0
24/07/2023;16:18:00;335;Com vítima;3,000;CONTORNO SUL  - FS/BA;Crescente;Atropelamento de pedestre;0;0;0;0;0;0;0;0;0;0;0;0;0;1;0
24/07/2023;17:23:00;349;Sem vítima;606,000;BR-324/BA;Crescente;Engavetamento;0;0;0;0;0;0;0;0;0;1;1;0;0;0;0
24/07/2023;22:15:00;475;Sem vítima;530,000;BR-324/BA;Crescente;Saída de pista;1;0;0;0;0;0;0;0;0;0;1;0;0;0;0
25/07/2023;11:46:00;208;Com vítima;448,000;BR-116/BA;Decrescente;Saída de pista;1;0;0;0;0;0;0;0;0;0;0;1;0;0;0
25/07/2023;18:27:00;398;Sem vítima;518,000;BR-324/BA;Decrescente;Colisão lateral no mesmo sentido;0;0;0;0;0;0;0;0;0;1;1;0;0;0;0
26/07/2023;00:00:00;291;Sem vítima;562,000;BR-324/BA;Decrescente;Colisão traseira;0;0;1;0;0;0;0;0;0;0;1;0;0;0;0
26/07/2023;05:34:00;49;Sem vítima;453,000;BR-116/BA;Decrescente;Acidentes de outra natureza;1;0;0;0;0;0;0;0;0;0;1;0;0;0;0
26/07/2023;07:49:00;139;Sem vítima;616,000;BR-324/BA;Decrescente;Engavetamento;1;0;0;0;0;0;0;0;0;0;1;0;0;0;0
26/07/2023;10:54:00;256;Com vítima;781,000;BR-116/BA;Crescente;Colisão frontal;1;0;0;0;0;0;0;0;0;0;1;0;0;0;0
26/07/2023;12:11:00;276;Sem vítima;614,000;BR-324/BA;Crescente;Tombamento;0;0;0;1;0;0;0;0;0;0;1;0;0;0;0
27/07/2023;04:40:00;69;Sem vítima;534,000;BR-324/BA;Decrescente;Saída de pista;0;0;1;0;0;0;0;0;0;0;1;0;0;0;0
27/07/2023;07:53:00;145;Sem vítima;612,000;BR-324/BA;Crescente;Saída de pista;1;0;0;0;0;0;0;0;0;0;1;0;0;0;0
27/07/2023;08:14:00;160;Sem vítima;563,000;BR-324/BA;Decrescente;Engavetamento;1;0;0;0;0;0;0;0;0;0;1;0;0;0;0
27/07/2023;09:05:00;183;Sem vítima;613,000;BR-324/BA;Decrescente;Engavetamento;1;0;0;0;0;0;0;0;0;0;1;0;0;0;0
27/07/2023;11:47:00;262;Sem vítima;558,000;BR-324/BA;Decrescente;Saída de pista;1;0;0;0;0;0;0;0;0;0;1;0;0;0;0
27/07/2023;12:44:00;276;Sem vítima;525,000;BR-324/BA;Decrescente;Engavetamento;0;0;0;0;0;1;0;0;0;0;0;0;0;0;0
27/07/2023;17:35:00;437;Sem vítima;530,000;BR-324/BA;Decrescente;Capotamento;1;0;0;0;0;0;0;0;0;0;1;0;0;0;0
27/07/2023;18:10:00;546;Com vítima;568,000;BR-116/BA;Crescente;Tombamento;0;0;1;0;0;0;0;0;0;0;0;1;0;0;0
27/07/2023;18:12:00;484;Com vítima;0,000;CONTORNO SUL  - FS/BA;Crescente;Engavetamento;2;0;0;0;0;0;0;0;0;0;1;1;0;0;0
27/07/2023;20:23:00;512;Sem vítima;537,000;BR-116/BA;Decrescente;Colisão lateral no mesmo sentido;0;0;1;0;0;0;0;0;0;0;1;0;0;0;0
27/07/2023;20:53:00;530;Sem vítima;596,000;BR-324/BA;Decrescente;Acidentes de outra natureza;1;0;0;1;0;0;0;0;0;0;2;0;0;0;0
28/07/2023;00:00:00;119;Sem vítima;594,000;BR-116/BA;Crescente;Colisão lateral no mesmo sentido;0;0;1;0;0;0;0;0;0;0;1;0;0;0;0
28/07/2023;04:13:00;87;Sem vítima;501,000;BR-116/BA;Decrescente;Atropelamento de animal;1;0;0;0;0;0;0;0;0;0;1;0;0;0;0
28/07/2023;04:22:00;95;Com vítima;610,000;BR-324/BA;Crescente;Colisão traseira;0;0;0;1;0;0;0;0;0;0;0;0;0;1;0
28/07/2023;04:58:00;97;Com vítima;749,000;BR-116/BA;Decrescente;Saída de pista;0;0;1;0;0;0;0;0;0;0;0;1;0;0;0
28/07/2023;05:57:00;104;Sem vítima;806,000;BR-116/BA;Crescente;Saída de pista;0;0;1;0;0;0;0;0;0;0;1;0;0;0;0
28/07/2023;07:06:00;117;Sem vítima;594,000;BR-324/BA;Decrescente;Saída de pista;1;0;0;0;0;0;0;0;0;0;1;0;0;0;0
28/07/2023;07:21:00;121;Sem vítima;596,000;BR-324/BA;Decrescente;Colisão traseira;1;0;0;0;0;0;0;0;0;0;1;0;0;0;0
28/07/2023;09:03:00;165;Sem vítima;592,000;BR-324/BA;Crescente;Saída de pista;1;0;0;0;0;0;0;0;0;0;1;0;0;0;0
28/07/2023;11:57:00;264;Sem vítima;626,000;BR-324/BA;Crescente;Colisão traseira;1;0;0;0;0;0;0;0;0;0;1;0;0;0;0
28/07/2023;11:58:00;265;Com vítima;626,000;BR-324/BA;Crescente;Colisão traseira;0;0;0;1;0;0;0;0;0;0;0;1;0;0;0
28/07/2023;12:21:00;271;Sem vítima;530,000;BR-324/BA;Decrescente;Tombamento;0;0;0;0;0;0;0;0;0;1;1;0;0;0;0
28/07/2023;12:28:00;230;Sem vítima;626,000;BR-324/BA;Crescente;Tombamento;0;0;0;1;0;0;0;0;0;0;1;0;0;0;0
31/07/2023;14:41:00;264;Com vítima;467,000;BR-116/BA;Decrescente;Saída de pista;0;0;0;0;0;0;0;0;0;0;0;0;0;0;0
31/07/2023;15:34:00;313;Sem vítima;576,000;BR-324/BA;Decrescente;Tombamento;0;0;0;0;0;0;0;0;0;0;0;0;0;0;0
31/07/2023;15:49:00;315;Sem vítima;577,000;BR-324/BA;Crescente;Colisão traseira;0;0;0;0;0;0;0;0;0;0;0;0;0;0;0
31/07/2023;16:34:00;336;Sem vítima;593,000;BR-324/BA;Crescente;Choque;0;0;0;0;0;0;0;0;0;0;0;0;0;0;0
31/07/2023;23:58:00;472;Sem vítima;531,000;BR-324/BA;Decrescente;Colisão traseira;0;0;0;0;0;0;0;0;0;0;0;0;0;0;0
01/08/2023;06:47:00;125;Sem vítima;599,000;BR-324/BA;Decrescente;Colisão traseira;0;0;0;0;0;0;0;0;0;0;0;0;0;0;0
01/08/2023;10:34:00;256;Sem vítima;829,000;BR-116/BA;Decrescente;Engavetamento;0;0;0;0;0;0;0;0;0;0;0;0;0;0;0
01/08/2023;11:03:00;268;Sem vítima;909,000;BR-116/BA;Decrescente;Colisão traseira;0;0;0;0;0;0;0;0;0;0;0;0;0;0;0
01/08/2023;13:24:00;292;Com vítima;26,000;CONTORNO - VC/BA;Decrescente;Colisão lateral no mesmo sentido;0;0;0;0;0;0;0;0;0;0;0;0;0;0;0
01/08/2023;14:45:00;321;Com vítima;27,000;CONTORNO - VC/BA;Decrescente;Tombamento;0;0;0;0;0;0;0;0;0;0;0;0;0;0;0
01/08/2023;18:46:00;463;Com vítima;530,000;BR-324/BA;Decrescente;Tombamento;0;0;0;1;0;0;0;0;0;0;0;0;0;0;0
01/08/2023;18:59:00;467;Sem vítima;559,000;BR-324/BA;Decrescente;Saída de pista;1;0;0;0;0;0;0;0;0;0;0;0;0;0;0
01/08/2023;19:39:00;475;Com vítima;16,000;CONTORNO - VC/BA;Decrescente;Colisão transversal;1;0;0;0;0;0;0;0;0;0;0;0;0;0;0
01/08/2023;20:20:00;485;Sem vítima;7,000;526/BA;Decrescente;Acidentes de outra natureza;0;0;1;0;0;0;0;0;0;0;0;0;0;0;0
02/08/2023;06:49:00;67;Sem vítima;530,000;BR-324/BA;Decrescente;Saída de pista;1;0;0;0;0;0;0;0;0;0;0;0;0;0;0
02/08/2023;13:07:00;237;Sem vítima;764,000;BR-116/BA;Crescente;Saída de pista;1;0;0;0;0;0;0;0;0;0;0;0;0;0;0
02/08/2023;15:31:00;324;Com vítima;0,000;CONTORNO SUL  - FS/BA;Decrescente;Colisão lateral no mesmo sentido;0;0;1;1;0;0;0;0;0;0;0;0;0;0;0
02/08/2023;15:46:00;330;Sem vítima;543,000;BR-324/BA;Crescente;Engavetamento;1;0;0;0;0;0;0;0;0;0;0;0;0;0;0
02/08/2023;18:49:00;421;Sem vítima;605,000;BR-324/BA;Decrescente;Engavetamento;1;0;0;0;0;0;0;0;0;0;0;0;0;0;0
02/08/2023;20:45:00;420;Sem vítima;604,000;BR-324/BA;Decrescente;Colisão traseira;0;0;0;0;0;1;0;0;0;0;0;0;0;0;0
03/08/2023;00:38:00;11;Com vítima;588,000;BR-324/BA;Decrescente;Saída de pista;1;0;0;0;0;0;0;0;0;0;0;0;0;0;0
03/08/2023;05:39:00;60;Sem vítima;556,000;BR-324/BA;Crescente;Saída de pista;1;0;0;0;0;0;0;0;0;0;0;0;0;0;0
03/08/2023;20:19:00;476;Sem vítima;904,000;BR-116/BA;Decrescente;Saída de pista;0;0;0;0;0;0;0;0;0;0;0;0;0;0;0
03/08/2023;23:23:00;540;Sem vítima;909,000;BR-116/BA;Decrescente;Colisão traseira;0;0;0;0;0;0;0;0;0;0;0;0;0;0;0
04/08/2023;00:33:00;12;Sem vítima;451,000;BR-116/BA;Decrescente;Tombamento;0;0;0;0;0;0;0;0;0;0;0;0;0;0;0
04/08/2023;05:56:00;73;Com vítima;6,000;CONTORNO - VC/BA;Decrescente;Saída de pista;0;0;0;0;0;0;0;0;0;0;0;0;0;0;0
04/08/2023;07:18:00;126;Com vítima;922,000;BR-116/BA;Decrescente;Saída de pista;0;0;0;0;0;0;0;0;0;0;0;0;0;0;0
04/08/2023;07:32:00;133;Com vítima;612,000;BR-324/BA;Decrescente;Tombamento;0;0;0;0;0;0;0;0;0;0;0;0;0;0;0
04/08/2023;09:13:00;181;Sem vítima;910,000;BR-116/BA;Decrescente;Tombamento;0;0;0;0;0;0;0;0;0;0;0;0;0;0;0
04/08/2023;12:45:00;273;Com vítima;625,000;BR-324/BA;Crescente;Tombamento;0;0;0;0;0;0;0;0;0;0;0;0;0;0;0
04/08/2023;14:10:00;316;Sem vítima;574,000;BR-324/BA;Crescente;Colisão traseira;0;0;0;0;0;0;0;0;0;0;0;0;0;0;0
04/08/2023;15:39:00;374;Com vítima;569,000;BR-324/BA;Decrescente;Engavetamento;1;0;0;0;0;0;0;0;0;0;0;1;0;0;0
04/08/2023;18:13:00;423;Sem vítima;532,000;BR-324/BA;Decrescente;Colisão traseira;0;0;0;0;0;0;0;0;0;0;0;0;0;0;0
05/08/2023;02:22:00;36;Sem vítima;582,000;BR-324/BA;Crescente;Saída de pista;1;0;0;0;0;0;0;0;0;0;1;0;0;0;0
05/08/2023;05:52:00;82;Com vítima;807,000;BR-116/BA;Decrescente;Colisão frontal;0;0;0;1;0;0;0;0;0;0;0;0;0;1;1
05/08/2023;14:21:00;238;Com vítima;619,000;BR-324/BA;Decrescente;Colisão lateral no mesmo sentido;0;0;0;1;0;0;0;0;0;0;0;0;0;0;0
05/08/2023;15:03:00;250;Sem vítima;616,000;BR-324/BA;Crescente;Colisão traseira;1;0;0;0;1;0;0;0;0;0;2;0;0;0;0
05/08/2023;20:04:00;377;Sem vítima;625,000;BR-324/BA;Crescente;Colisão lateral no mesmo sentido;0;0;0;0;0;0;0;0;0;0;0;0;0;0;0
05/08/2023;21:17:00;391;Sem vítima;710,000;BR-116/BA;Decrescente;Atropelamento de animal;0;0;0;0;0;0;0;0;0;0;0;0;0;0;0
06/08/2023;03:03:00;31;Sem vítima;562,000;BR-324/BA;Decrescente;Colisão traseira;0;0;0;0;0;0;0;0;0;0;0;0;0;0;0