data;horario;n_da_ocorrencia;tipo_de_ocorrencia;km;trecho;sentido;tipo_de_acidente;automovel;bicicleta;caminhao;moto;onibus;outros;tracao_animal;transporte_de_cargas_especiais;trator_maquinas;utilitarios;ilesos;levemente_feridos;moderadamente_feridos;gravemente_feridos;mortos
06/08/2023;09:50:00;149;Sem vítima;571,000;BR-116/BA;Crescente;Acidentes de outra natureza;0;0;0;0;0;0;0;0;0;0;0;0;0;0;0
06/08/2023;10:49:00;167;Com vítima;672,000;BR-116/BA;Crescente;Colisão lateral no mesmo sentido;0;0;0;0;0;0;0;0;0;0;0;0;0;0;0
06/08/2023;14:10:00;203;Sem vítima;522,000;BR-324/BA;Decrescente;Tombamento;0;0;0;0;0;0;0;0;0;0;0;0;0;0;0
06/08/2023;14:19:00;211;Com vítima;523,000;BR-324/BA;Crescente;Atropelamento de ciclista;0;0;0;0;0;0;0;0;0;0;0;0;0;0;0
06/08/2023;15:57:00;251;Sem vítima;564,000;BR-324/BA;Crescente;Tombamento;0;0;0;0;0;0;0;0;0;0;0;0;0;0;0
06/08/2023;22:58:00;360;Com vítima;816,000;BR-116/BA;Decrescente;Colisão frontal;0;0;0;0;0;0;0;0;0;0;0;0;0;0;0
07/08/2023;06:26:00;90;Sem vítima;595,000;BR-324/BA;Crescente;Colisão traseira;0;0;0;0;0;0;0;0;0;0;0;0;0;0;0
07/08/2023;06:34:00;95;Sem vítima;620,000;BR-324/BA;Crescente;Colisão traseira;0;0;0;0;0;0;0;0;0;0;0;0;0;0;0
07/08/2023;06:46:00;96;Com vítima;18,000;CONTORNO - VC/BA;Decrescente;Colisão frontal;0;0;0;0;0;0;0;0;0;0;0;0;0;0;0
07/08/2023;06:57:00;99;Sem vítima;595,000;BR-324/BA;Crescente;Colisão traseira;0;0;0;0;0;0;0;0;0;0;0;0;0;0;0
07/08/2023;08:10:00;130;Com vítima;433,000;BR-116/BA;Decrescente;Saída de pista;0;0;0;0;0;0;0;0;0;0;0;0;0;0;0
07/08/2023;08:18:00;135;Sem vítima;439,000;BR-116/BA;Decrescente;Saída de pista;0;0;0;0;0;0;0;0;0;0;0;0;0;0;0
07/08/2023;09:05:00;153;Com vítima;431,000;BR-116/BA;Decrescente;Engavetamento;0;0;0;0;0;0;0;0;0;0;0;0;0;0;0
07/08/2023;09:45:00;173;Sem vítima;619,000;BR-324/BA;Crescente;Engavetamento;0;0;0;0;0;0;0;0;0;0;0;0;0;0;0
07/08/2023;10:06:00;204;Sem vítima;503,000;BR-116/BA;Decrescente;Colisão traseira;0;0;0;0;0;0;0;0;0;0;0;0;0;0;0
07/08/2023;10:08:00;205;Com vítima;572,000;BR-116/BA;Decrescente;Colisão lateral no mesmo sentido;0;0;0;0;0;0;0;0;0;0;0;0;0;0;0
07/08/2023;12:57:00;251;Sem vítima;577,000;BR-324/BA;Decrescente;Saída de pista;0;0;0;0;0;0;0;0;0;0;0;0;0;0;0
07/08/2023;14:48:00;295;Sem vítima;15,000;CONTORNO - VC/BA;Decrescente;Colisão traseira;0;0;0;0;0;0;0;0;0;0;0;0;0;0;0
07/08/2023;15:37:00;340;Sem vítima;588,000;BR-324/BA;Decrescente;Colisão traseira;1;0;0;0;0;0;0;0;0;0;1;0;0;0;0
07/08/2023;15:56:00;351;Sem vítima;670,000;BR-116/BA;Crescente;Colisão traseira;0;0;0;0;0;0;0;0;0;0;0;0;0;0;0
07/08/2023;19:09:00;447;Com vítima;7,000;CONTORNO - VC/BA;Crescente;Acidentes de outra natureza;1;0;1;0;0;0;0;0;0;0;2;0;0;0;0
07/08/2023;19:28:00;453;Sem vítima;831,000;BR-116/BA;Decrescente;Colisão traseira;0;0;1;0;0;0;0;0;0;0;1;0;0;0;0
07/08/2023;21:24:00;499;Sem vítima;576,000;BR-324/BA;Decrescente;Saída de pista;1;0;0;0;0;0;0;0;0;0;1;0;0;0;0
07/08/2023;22:47:00;529;Com vítima;621,000;BR-324/BA;Crescente;Saída de pista;1;0;0;0;0;0;0;0;0;0;0;1;0;0;0
08/08/2023;05:32:00;68;Sem vítima;554,000;BR-324/BA;Decrescente;Saída de pista;1;0;0;0;0;0;0;0;0;0;1;0;0;0;0
08/08/2023;10:02:00;196;Com vítima;621,000;BR-324/BA;Decrescente;Atropelamento de ciclista;0;0;0;0;0;1;0;0;0;0;0;0;0;0;0
08/08/2023;17:45:00;361;Sem vítima;623,000;BR-324/BA;Decrescente;Colisão traseira;1;0;0;0;0;0;0;0;0;0;1;0;0;0;0
08/08/2023;18:09:00;399;Com vítima;756,000;BR-116/BA;Crescente;Atropelamento de pedestre;0;0;0;0;0;0;0;0;0;0;0;1;0;0;0
09/08/2023;09:56:00;133;Com vítima;571,000;BR-116/BA;Crescente;Acidentes de outra natureza;1;0;0;0;0;0;0;0;0;0;0;0;1;0;0
09/08/2023;10:49:00;180;Com vítima;672,000;BR-116/BA;Crescente;Colisão transversal;0;0;0;1;0;0;0;0;0;0;0;1;0;0;0
09/08/2023;12:55:00;222;Com vítima;574,000;BR-324/BA;Crescente;Capotamento;1;0;0;0;0;0;0;0;0;0;0;1;0;0;0
09/08/2023;14:18:00;256;Sem vítima;21,000;CONTORNO - VC/BA;Decrescente;Colisão traseira;1;0;0;0;0;0;0;0;0;0;1;0;0;0;0
09/08/2023;16:24:00;324;Sem vítima;913,000;BR-116/BA;Crescente;Engavetamento;1;0;0;0;0;0;0;0;0;0;1;0;0;0;0
09/08/2023;18:06:00;387;Sem vítima;586,000;BR-116/BA;Crescente;Tombamento;0;0;1;0;0;0;0;0;0;0;1;0;0;0;0
09/08/2023;18:58:00;396;Sem vítima;831,000;BR-116/BA;Decrescente;Atropelamento de animal;0;0;1;0;0;0;0;0;0;0;1;0;0;0;0
10/08/2023;05:42:00;108;Sem vítima;616,000;BR-324/BA;Decrescente;Colisão lateral no mesmo sentido;0;0;0;0;0;1;0;0;0;0;0;0;0;0;0
10/08/2023;07:09:00;123;Com vítima;828,000;BR-116/BA;Crescente;Acidentes de outra natureza;0;0;0;1;0;0;0;0;0;0;0;1;0;0;0
10/08/2023;07:40:00;145;Sem vítima;599,000;BR-324/BA;Crescente;Colisão traseira;1;0;0;0;0;0;0;0;0;0;1;0;0;0;0
10/08/2023;09:20:00;181;Com vítima;624,000;BR-324/BA;Crescente;Tombamento;0;0;0;1;0;0;0;0;0;0;0;1;0;0;0
10/08/2023;10:08:00;186;Sem vítima;683,000;BR-116/BA;Crescente;Choque;0;0;1;0;0;0;0;0;0;0;1;0;0;0;0
10/08/2023;19:48:00;430;Com vítima;2,000;CONTORNO - VC/BA;Crescente;Capotamento;1;0;0;0;0;0;0;0;0;0;0;1;0;0;0
11/08/2023;00:07:00;21;Com vítima;895,000;BR-116/BA;Decrescente;Saída de pista;0;0;1;0;0;0;0;0;0;0;0;1;0;0;0
11/08/2023;05:35:00;68;Com vítima;11,000;CONTORNO - VC/BA;Decrescente;Colisão transversal;0;0;0;1;0;0;0;0;0;0;0;0;1;0;0
11/08/2023;05:51:00;70;Com vítima;715,000;BR-116/BA;Decrescente;Colisão frontal;0;0;1;0;0;0;0;0;0;0;1;0;0;0;0
11/08/2023;08:33:00;135;Sem vítima;7,000;CONTORNO SUL  - FS/BA;Decrescente;Tombamento;0;0;1;0;0;0;0;0;0;0;1;0;0;0;0
11/08/2023;09:02:00;147;Com vítima;644,000;BR-116/BA;Crescente;Saída de pista;0;0;1;0;0;0;0;0;0;0;0;0;1;0;0
11/08/2023;10:02:00;192;Sem vítima;11,000;CONTORNO - VC/BA;Decrescente;Colisão transversal;0;0;0;1;0;0;0;0;0;0;1;0;0;0;0
11/08/2023;15:04:00;320;Com vítima;617,000;BR-324/BA;Decrescente;Colisão traseira;0;0;0;1;0;0;0;0;0;0;0;1;0;0;0
11/08/2023;18:20:00;420;Sem vítima;5,000;CONTORNO SUL  - FS/BA;Crescente;Colisão traseira;0;0;0;0;0;1;0;0;0;0;0;0;0;0;0
11/08/2023;20:03:00;449;Sem vítima;562,000;BR-324/BA;Crescente;Colisão traseira;0;0;0;0;0;0;0;0;0;1;1;0;0;0;0
11/08/2023;22:03:00;519;Com vítima;905,000;BR-116/BA;Decrescente;Colisão traseira;0;0;1;0;0;0;0;0;0;0;1;0;0;0;0
11/08/2023;23:03:00;535;Sem vítima;438,000;BR-116/BA;Crescente;Tombamento;0;0;1;0;0;0;0;0;0;0;1;0;0;0;0
12/08/2023;02:25:00;68;Com vítima;751,000;BR-116/BA;Decrescente;Colisão traseira;0;0;0;1;0;0;0;0;0;0;0;1;0;0;0
12/08/2023;02:50:00;57;Sem vítima;586,000;BR-324/BA;Decrescente;Saída de pista;0;0;0;0;0;0;0;0;0;1;1;0;0;0;0
12/08/2023;07:13:00;93;Sem vítima;694,000;BR-116/BA;Crescente;Colisão lateral no mesmo sentido;0;0;1;0;0;0;0;0;0;0;1;0;0;0;0
12/08/2023;08:29:00;113;Sem vítima;569,000;BR-324/BA;Decrescente;Engavetamento;1;0;0;0;0;0;0;0;0;0;1;0;0;0;0
12/08/2023;10:19:00;163;Sem vítima;596,000;BR-324/BA;Decrescente;Saída de pista;0;0;1;0;0;0;0;0;0;0;1;0;0;0;0
12/08/2023;14:03:00;204;Com vítima;1,000;CONTORNO SUL  - FS/BA;Crescente;Capotamento;0;0;0;0;0;1;0;0;0;0;0;0;0;0;0
12/08/2023;14:10:00;214;Sem vítima;526,000;BR-324/BA;Crescente;Colisão lateral no mesmo sentido;0;0;1;0;0;0;0;0;0;0;1;0;0;0;0
12/08/2023;14:35:00;224;Com vítima;577,000;BR-324/BA;Decrescente;Tombamento;0;0;0;1;0;0;0;0;0;0;0;1;0;0;0
12/08/2023;15:34:00;271;Sem vítima;575,000;BR-324/BA;Crescente;Capotamento;1;0;0;0;0;0;0;0;0;0;1;0;0;0;0
12/08/2023;19:00:00;372;Com vítima;552,000;BR-324/BA;Crescente;Tombamento;0;0;0;1;0;0;0;0;0;0;0;1;0;0;0
13/08/2023;03:42:00;64;Sem vítima;571,000;BR-324/BA;Crescente;Saída de pista;1;0;0;0;0;0;0;0;0;0;1;0;0;0;0
13/08/2023;05:47:00;75;Sem vítima;611,000;BR-324/BA;Decrescente;Tombamento;0;0;0;1;0;0;0;0;0;0;1;0;0;0;0
13/08/2023;06:21:00;81;Sem vítima;608,000;BR-324/BA;Decrescente;Tombamento;0;0;0;1;0;0;0;0;0;0;1;0;0;0;0
13/08/2023;07:59:00;107;Com vítima;637,000;BR-116/BA;Decrescente;Colisão lateral no mesmo sentido;0;0;0;1;0;0;0;0;0;0;0;0;1;0;0
13/08/2023;09:27:00;121;Sem vítima;766,000;BR-116/BA;Crescente;Engavetamento;0;0;0;0;1;0;0;0;0;0;1;0;0;0;0
13/08/2023;10:16:00;132;Sem vítima;554,000;BR-324/BA;Decrescente;Saída de pista;1;0;0;0;0;0;0;0;0;0;1;0;0;0;0
13/08/2023;14:42:00;224;Com vítima;543,000;BR-116/BA;Crescente;Colisão transversal;0;0;1;0;0;0;0;0;0;0;1;0;0;0;0
13/08/2023;15:45:00;241;Com vítima;461,000;BR-116/BA;Crescente;Colisão lateral no mesmo sentido;1;0;0;0;0;0;0;0;0;0;1;0;0;0;0
13/08/2023;19:50:00;310;Sem vítima;29,000;CONTORNO - VC/BA;Decrescente;Saída de pista;0;0;0;0;0;0;0;0;0;0;0;0;0;0;0
14/08/2023;02:11:00;20;Sem vítima;573,000;BR-324/BA;Crescente;Saída de pista;0;0;0;0;0;0;0;0;0;0;0;0;0;0;0
14/08/2023;04:06:00;52;Com vítima;456,000;BR-116/BA;Decrescente;Colisão traseira;0;0;0;0;0;0;0;0;0;0;0;0;0;0;0
14/08/2023;06:44:00;85;Com vítima;530,000;BR-324/BA;Decrescente;Saída de pista;0;0;0;0;0;0;0;0;0;0;0;0;0;0;0
14/08/2023;06:57:00;90;Com vítima;586,000;BR-324/BA;Decrescente;Capotamento;0;0;0;0;0;0;0;0;0;0;0;0;0;0;0
14/08/2023;07:08:00;96;Sem vítima;586,000;BR-324/BA;Decrescente;Saída de pista;0;0;0;0;0;0;0;0;0;0;0;0;0;0;0
14/08/2023;07:31:00;106;Sem vítima;587,000;BR-324/BA;Decrescente;Colisão traseira;0;0;0;0;0;0;0;0;0;0;0;0;0;0;0
14/08/2023;08:01:00;116;Sem vítima;616,000;BR-324/BA;Decrescente;Colisão lateral no mesmo sentido;0;0;0;0;0;0;0;0;0;0;0;0;0;0;0
14/08/2023;12:19:00;163;Sem vítima;606,000;BR-324/BA;Crescente;Colisão lateral no mesmo sentido;0;0;0;0;0;0;0;0;0;0;0;0;0;0;0
14/08/2023;12:30:00;215;Sem vítima;482,000;BR-116/BA;Decrescente;Colisão traseira;0;0;0;0;0;0;0;0;0;0;0;0;0;0;0
14/08/2023;13:49:00;242;Com vítima;0,000;CONTORNO SUL  - FS/BA;Crescente;Colisão traseira;0;0;0;0;0;0;0;0;0;0;0;0;0;0;0
14/08/2023;16:57:00;317;Sem vítima;832,000;BR-116/BA;Crescente;Colisão traseira;0;0;0;0;0;0;0;0;0;0;0;0;0;0;0
15/08/2023;07:03:00;127;Com vítima;534,000;BR-324/BA;Decrescente;Colisão traseira;0;0;1;0;0;0;0;0;0;1;1;1;0;0;0
15/08/2023;08:37:00;158;Sem vítima;622,000;BR-324/BA;Crescente;Colisão traseira;0;0;0;1;0;0;0;0;0;0;1;0;0;0;0
15/08/2023;08:46:00;163;Sem vítima;619,000;BR-324/BA;Crescente;Engavetamento;0;0;0;0;0;1;0;0;0;0;0;0;0;0;0
15/08/2023;09:43:00;179;Sem vítima;581,000;BR-324/BA;Decrescente;Colisão traseira;0;0;0;0;0;1;0;0;0;0;1;0;0;0;0
15/08/2023;14:20:00;254;Sem vítima;9,000;CONTORNO - VC/BA;Decrescente;Engavetamento;1;0;0;0;0;0;0;0;0;0;1;0;0;0;0
15/08/2023;16:12:00;324;Sem vítima;786,000;BR-116/BA;Crescente;Tombamento;0;0;0;0;0;0;0;0;0;1;1;0;0;0;0
15/08/2023;19:44:00;410;Com vítima;621,000;BR-324/BA;Decrescente;Atropelamento de pedestre;0;0;0;0;0;0;0;0;0;0;0;1;0;0;0
16/08/2023;07:27:00;63;Com vítima;9,000;CONTORNO - VC/BA;Decrescente;Acidentes de outra natureza;0;0;1;0;0;0;0;0;0;0;2;0;0;0;0
16/08/2023;08:14:00;78;Sem vítima;562,000;BR-324/BA;Decrescente;Engavetamento;1;0;1;0;0;0;0;0;0;0;4;0;0;0;0
16/08/2023;09:15:00;118;Sem vítima;813,000;BR-116/BA;Crescente;Colisão transversal;0;0;0;0;0;1;0;0;0;0;0;0;0;0;0
16/08/2023;17:08:00;272;Com vítima;26,000;CONTORNO - VC/BA;Crescente;Atropelamento de ciclista;1;1;0;0;0;0;0;0;0;0;2;0;0;2;0
17/08/2023;00:00:00;256;Sem vítima;530,000;BR-324/BA;Decrescente;Saída de pista;1;0;0;0;0;0;0;0;0;0;0;0;0;0;0
17/08/2023;07:24:00;105;Com vítima;527,000;BR-324/BA;Crescente;Choque;1;0;0;0;0;0;0;0;0;0;0;0;0;0;0
17/08/2023;14:29:00;288;Sem vítima;606,000;BR-324/BA;Crescente;Tombamento;0;0;0;1;0;0;0;0;0;0;0;0;0;0;0
17/08/2023;15:14:00;330;Sem vítima;442,000;BR-116/BA;Crescente;Capotamento;0;0;0;0;0;0;0;0;0;1;0;0;0;0;0
17/08/2023;15:55:00;342;Com vítima;819,000;BR-116/BA;Crescente;Atropelamento de pedestre;0;0;0;0;0;0;0;0;0;0;0;0;1;0;0
17/08/2023;19:05:00;427;Sem vítima;617,000;BR-324/BA;Decrescente;Saída de pista;0;0;1;0;0;0;0;0;0;0;1;0;0;0;0
17/08/2023;22:56:00;505;Sem vítima;582,000;BR-324/BA;Crescente;Saída de pista;1;0;0;0;0;0;0;0;0;0;1;0;0;0;0
18/08/2023;06:17:00;86;Sem vítima;832,000;BR-116/BA;Crescente;Colisão traseira;1;0;1;0;0;0;0;0;0;0;2;0;0;0;0
18/08/2023;08:13:00;127;Com vítima;11,000;CONTORNO - VC/BA;Decrescente;Colisão transversal;0;0;1;0;0;0;0;0;0;0;1;0;0;0;0
18/08/2023;12:08:00;264;Sem vítima;603,000;BR-324/BA;Crescente;Colisão traseira;0;0;0;0;0;0;0;0;0;1;1;0;0;0;0
18/08/2023;14:13:00;292;Sem vítima;561,000;BR-324/BA;Decrescente;Tombamento;0;0;1;0;0;0;0;0;0;0;1;0;0;0;0
18/08/2023;15:04:00;315;Sem vítima;526,000;BR-324/BA;Decrescente;Engavetamento;1;0;0;0;0;0;0;0;0;0;1;0;0;0;0
18/08/2023;15:16:00;347;Com vítima;561,000;BR-324/BA;Decrescente;Engavetamento;0;0;0;0;0;0;0;0;0;0;0;0;0;0;0
19/08/2023;11:55:00;214;Com vítima;519,000;BR-324/BA;Decrescente;Colisão traseira;0;0;0;0;0;0;0;0;0;0;0;0;0;0;0
19/08/2023;14:50:00;299;Com vítima;843,000;BR-116/BA;Crescente;Colisão traseira;0;0;0;0;0;0;0;0;0;0;0;0;0;0;0
19/08/2023;15:20:00;305;Com vítima;811,000;BR-116/BA;Crescente;Colisão frontal;0;0;0;0;0;0;0;0;0;0;0;0;0;0;0
20/08/2023;18:40:00;386;Com vítima;623,000;BR-324/BA;Crescente;Colisão traseira;0;0;0;0;0;0;0;0;0;0;0;0;0;0;0
21/08/2023;13:24:00;226;Sem vítima;560,000;BR-324/BA;Crescente;Saída de pista;0;0;0;0;0;0;0;0;0;0;0;0;0;0;0
21/08/2023;14:38:00;253;Com vítima;569,000;BR-324/BA;Crescente;Saída de pista;0;0;0;0;0;0;0;0;0;0;0;0;0;0;0
21/08/2023;15:08:00;262;Sem vítima;780,000;BR-116/BA;Crescente;Colisão lateral no mesmo sentido;0;0;0;0;0;0;0;0;0;0;0;0;0;0;0
21/08/2023;16:28:00;286;Com vítima;659,000;BR-116/BA;Decrescente;Saída de pista;0;0;0;0;0;0;0;0;0;0;0;0;0;0;0
21/08/2023;18:15:00;317;Sem vítima;596,000;BR-324/BA;Crescente;Tombamento;0;0;0;0;0;0;0;0;0;0;0;0;0;0;0
21/08/2023;20:46:00;343;Com vítima;624,000;BR-324/BA;Decrescente;Engavetamento;0;0;0;0;0;0;0;0;0;0;0;0;0;0;0
22/08/2023;08:22:00;139;Sem vítima;2,000;CONTORNO SUL  - FS/BA;Decrescente;Choque;0;0;0;0;0;0;0;0;0;0;0;0;0;0;0
22/08/2023;17:15:00;335;Com vítima;613,000;BR-324/BA;Decrescente;Tombamento;0;0;0;0;0;0;0;0;0;0;0;0;0;0;0
23/08/2023;00:00:00;247;Com vítima;829,000;BR-116/BA;Crescente;Atropelamento de ciclista;0;0;0;0;0;0;0;0;0;0;0;0;0;0;0
23/08/2023;08:18:00;139;Sem vítima;623,000;BR-324/BA;Crescente;Colisão lateral no mesmo sentido;0;0;0;0;0;0;0;0;0;0;0;0;0;0;0
23/08/2023;10:29:00;224;Com vítima;622,000;BR-324/BA;Crescente;Colisão traseira;0;0;0;0;0;0;0;0;0;0;0;0;0;0;0
23/08/2023;12:12:00;250;Sem vítima;28,000;CONTORNO - VC/BA;Crescente;Colisão traseira;0;0;0;0;0;0;0;0;0;0;0;0;0;0;0
23/08/2023;16:20:00;366;Sem vítima;804,000;BR-116/BA;Decrescente;Colisão traseira;0;0;0;0;0;0;0;0;0;0;0;0;0;0;0
23/08/2023;16:41:00;370;Com vítima;718,000;BR-116/BA;Crescente;Colisão frontal;1;0;0;0;0;0;0;0;0;0;0;0;0;1;0
23/08/2023;18:10:00;432;Sem vítima;536,000;BR-324/BA;Decrescente;Colisão traseira;0;0;0;0;0;0;0;0;0;0;0;0;0;0;0
23/08/2023;23:04:00;517;Sem vítima;440,000;BR-116/BA;Decrescente;Tombamento;0;0;1;0;0;0;0;0;0;0;1;0;0;0;0
24/08/2023;04:47:00;86;Sem vítima;542,000;BR-324/BA;Decrescente;Choque;0;0;0;0;0;0;0;0;0;1;1;0;0;0;0
24/08/2023;06:49:00;109;Sem vítima;599,000;BR-324/BA;Decrescente;Colisão traseira;0;0;0;0;0;0;0;0;0;1;1;0;0;0;0
24/08/2023;07:23:00;123;Com vítima;616,000;BR-324/BA;Decrescente;Colisão traseira;0;0;0;1;0;0;0;0;0;0;0;1;0;0;0
24/08/2023;15:30:00;323;Com vítima;661,000;BR-116/BA;Decrescente;Tombamento;0;0;1;0;0;0;0;0;0;0;0;1;1;0;0
24/08/2023;18:51:00;423;Sem vítima;521,000;BR-324/BA;Decrescente;Colisão traseira;1;0;0;0;0;0;0;0;0;0;1;0;0;0;0
25/08/2023;06:29:00;103;Com vítima;560,000;BR-324/BA;Decrescente;Colisão traseira;0;0;0;0;0;1;0;0;0;0;0;0;0;0;0
25/08/2023;08:01:00;127;Sem vítima;623,000;BR-324/BA;Crescente;Colisão traseira;1;0;0;0;0;0;0;0;0;0;1;0;0;0;0
25/08/2023;08:30:00;140;Com vítima;531,000;BR-324/BA;Decrescente;Engavetamento;1;0;0;0;0;0;0;0;0;0;1;0;0;0;0
25/08/2023;09:16:00;190;Com vítima;621,000;BR-324/BA;Crescente;Colisão lateral no mesmo sentido;0;0;0;0;0;1;0;0;0;0;0;0;0;0;0
25/08/2023;13:21:00;272;Com vítima;526,000;BR-324/BA;Decrescente;Colisão traseira;0;0;0;0;0;0;0;0;0;1;1;0;0;0;0
25/08/2023;15:05:00;344;Sem vítima;565,000;BR-324/BA;Decrescente;Engavetamento;1;0;0;0;0;0;0;0;0;0;1;0;0;0;0
25/08/2023;18:56:00;421;Com vítima;520,000;BR-324/BA;Decrescente;Engavetamento;0;0;0;0;0;1;0;0;0;0;0;0;0;0;0
25/08/2023;21:24:00;500;Com vítima;13,000;CONTORNO - VC/BA;Crescente;Colisão transversal;0;0;0;1;0;0;0;0;0;0;0;1;0;0;0
26/08/2023;03:31:00;85;Sem vítima;605,000;BR-324/BA;Crescente;Saída de pista;0;0;1;0;0;0;0;0;0;0;1;0;0;0;0
26/08/2023;04:22:00;97;Sem vítima;582,000;BR-324/BA;Decrescente;Saída de pista;1;0;0;0;0;0;0;0;0;0;1;0;0;0;0
26/08/2023;10:04:00;168;Sem vítima;605,000;BR-324/BA;Decrescente;Colisão traseira;1;0;0;0;0;0;0;0;0;0;1;0;0;0;0
26/08/2023;10:10:00;177;Sem vítima;478,000;BR-116/BA;Crescente;Colisão frontal;1;0;0;0;0;0;0;0;0;0;0;0;0;0;0
26/08/2023;11:14:00;191;Com vítima;18,000;CONTORNO - VC/BA;Decrescente;Colisão lateral no mesmo sentido;0;0;1;0;0;0;0;0;0;0;1;0;0;0;0
26/08/2023;12:33:00;240;Sem vítima;560,000;BR-324/BA;Decrescente;Colisão traseira;0;0;0;0;0;1;0;0;0;0;0;0;0;0;0
26/08/2023;15:02:00;320;Com vítima;652,000;BR-116/BA;Decrescente;Tombamento;0;0;0;1;0;0;0;0;0;0;0;1;0;0;0
26/08/2023;16:54:00;356;Sem vítima;744,000;BR-116/BA;Crescente;Acidentes de outra natureza;0;0;1;0;0;0;0;0;0;0;1;0;0;0;0
26/08/2023;20:23:00;441;Sem vítima;734,000;BR-116/BA;Decrescente;Colisão lateral no mesmo sentido;0;0;0;0;0;1;0;0;0;0;1;0;0;0;0
27/08/2023;06:10:00;67;Sem vítima;621,000;BR-324/BA;Decrescente;Colisão lateral no mesmo sentido;0;1;0;0;0;0;0;0;0;0;1;0;0;0;0
27/08/2023;07:40:00;97;Sem vítima;624,000;BR-324/BA;Decrescente;Colisão traseira;1;0;0;0;0;0;0;0;0;0;1;0;0;0;0
27/08/2023;09:41:00;149;Sem vítima;738,000;BR-116/BA;Crescente;Colisão lateral no mesmo sentido;0;0;1;0;0;0;0;0;0;0;1;0;0;0;0
27/08/2023;19:16:00;388;Sem vítima;545,000;BR-324/BA;Crescente;Colisão traseira;0;0;0;0;0;1;0;0;0;0;0;0;0;0;0
27/08/2023;20:02:00;405;Sem vítima;927,000;BR-116/BA;Crescente;Tombamento;0;0;1;0;0;0;0;0;0;0;1;0;0;0;0
27/08/2023;20:22:00;408;Com vítima;859,000;BR-116/BA;Crescente;Tombamento;0;0;0;1;0;0;0;0;0;0;0;0;0;1;0
27/08/2023;20:33:00;411;Com vítima;867,000;BR-116/BA;Crescente;Colisão frontal;0;0;0;1;0;0;0;0;0;0;0;0;0;0;1
28/08/2023;06:47:00;147;Sem vítima;612,000;BR-324/BA;Crescente;Engavetamento;1;0;0;0;0;0;0;0;0;1;2;0;0;0;0
28/08/2023;06:49:00;148;Sem vítima;674,000;BR-116/BA;Decrescente;Colisão transversal;1;0;0;0;0;0;0;0;0;0;1;0;0;0;0
28/08/2023;07:47:00;162;Com vítima;7,000;CONTORNO SUL  - FS/BA;Decrescente;Colisão lateral no mesmo sentido;1;0;0;0;0;0;0;0;0;0;1;0;0;0;0
28/08/2023;12:24:00;313;Com vítima;832,000;BR-116/BA;Decrescente;Colisão transversal;1;0;1;0;0;0;0;0;0;0;1;1;0;0;0
28/08/2023;16:22:00;467;Sem vítima;527,000;BR-324/BA;Decrescente;Engavetamento;0;0;0;0;0;1;0;0;0;0;0;0;0;0;0
28/08/2023;19:40:00;565;Sem vítima;520,000;BR-324/BA;Crescente;Colisão lateral no mesmo sentido;1;0;0;0;0;0;0;0;0;0;1;0;0;0;0
29/08/2023;06:31:00;111;Sem vítima;571,000;BR-324/BA;Crescente;Colisão lateral no mesmo sentido;0;0;1;0;0;0;0;0;0;0;1;0;0;0;0
29/08/2023;07:12:00;119;Com vítima;615,000;BR-324/BA;Decrescente;Colisão lateral no mesmo sentido;0;0;0;1;0;0;0;0;0;0;0;0;1;0;0
29/08/2023;11:48:00;229;Sem vítima;565,000;BR-324/BA;Decrescente;Capotamento;1;0;0;0;0;0;0;0;0;0;1;0;0;0;0
29/08/2023;12:05:00;234;Sem vítima;625,000;BR-324/BA;Decrescente;Colisão traseira;1;0;0;0;0;0;0;0;0;0;1;0;0;0;0
29/08/2023;12:29:00;236;Com vítima;0,000;CONTORNO SUL  - FS/BA;Decrescente;Colisão traseira;0;0;0;1;0;0;0;0;0;0;0;0;1;0;0
29/08/2023;17:48:00;325;Sem vítima;541,000;BR-324/BA;Decrescente;Engavetamento;1;0;0;0;0;0;0;0;0;0;0;0;0;0;0
29/08/2023;18:06:00;362;Com vítima;560,000;BR-324/BA;Decrescente;Colisão transversal;0;0;0;0;0;0;0;0;0;1;0;0;0;0;0
29/08/2023;19:53:00;392;Sem vítima;600,000;BR-324/BA;Crescente;Atropelamento de animal;1;0;0;0;0;0;0;0;0;0;0;0;0;0;0
29/08/2023;23:46:00;461;Com vítima;532,000;BR-324/BA;Decrescente;Colisão traseira;0;0;1;0;0;0;0;0;0;0;0;0;0;0;0
30/08/2023;06:48:00;103;Sem vítima;575,000;BR-324/BA;Decrescente;Colisão lateral no mesmo sentido;0;0;1;0;0;0;0;0;0;0;0;0;0;0;0
30/08/2023;11:56:00;198;Sem vítima;556,000;BR-324/BA;Decrescente;Engavetamento;1;0;0;0;0;0;0;0;0;0;0;0;0;0;0
30/08/2023;12:16:00;218;Com vítima;19,000;CONTORNO - VC/BA;Crescente;Colisão traseira;0;0;0;0;0;0;0;0;0;1;0;0;0;0;0
30/08/2023;17:27:00;360;Sem vítima;453,000;BR-116/BA;Crescente;Colisão lateral no mesmo sentido;0;0;0;0;0;1;0;0;0;0;0;0;0;0;0
31/08/2023;06:58:00;120;Sem vítima;829,000;BR-116/BA;Decrescente;Colisão traseira;1;0;0;0;0;1;0;0;0;0;2;0;0;0;0
31/08/2023;11:00:00;231;Sem vítima;493,000;BR-116/BA;Crescente;Colisão traseira;0;0;1;0;0;0;0;0;0;0;1;0;0;0;0