data;horario;n_da_ocorrencia;tipo_de_ocorrencia;km;trecho;sentido;tipo_de_acidente;automovel;bicicleta;caminhao;moto;onibus;outros;tracao_animal;transporte_de_cargas_especiais;trator_maquinas;utilitarios;ilesos;levemente_feridos;moderadamente_feridos;gravemente_feridos;mortos
31/08/2023;12:13:00;245;Sem vítima;531,000;BR-324/BA;Decrescente;Tombamento;0;0;0;1;0;0;0;0;0;0;1;0;0;0;0
31/08/2023;17:25:00;382;Com vítima;610,000;BR-324/BA;Crescente;Colisão lateral no mesmo sentido;1;0;0;0;0;0;0;0;0;0;1;0;0;0;0
31/08/2023;17:55:00;392;Com vítima;9,000;526/BA;Decrescente;Colisão traseira;0;0;0;1;0;0;0;0;0;0;0;1;0;0;0
31/08/2023;18:21:00;433;Sem vítima;521,000;BR-324/BA;Decrescente;Colisão traseira;0;0;0;0;0;0;0;0;0;1;1;0;0;0;0
01/09/2023;03:33:00;54;Sem vítima;592,000;BR-324/BA;Crescente;Capotamento;0;0;0;0;0;1;0;0;0;0;1;0;0;0;0
01/09/2023;07:52:00;87;Sem vítima;820,000;BR-116/BA;Crescente;Colisão lateral no mesmo sentido;1;0;0;0;0;0;0;0;0;0;1;0;0;0;0
01/09/2023;09:39:00;149;Com vítima;533,000;BR-324/BA;Crescente;Colisão lateral no mesmo sentido;0;0;0;1;0;0;0;0;0;0;0;1;0;0;0
01/09/2023;13:21:00;210;Sem vítima;626,000;BR-324/BA;Decrescente;Engavetamento;0;0;1;0;0;0;0;0;0;0;1;0;0;0;0
01/09/2023;15:52:00;270;Sem vítima;724,000;BR-116/BA;Crescente;Colisão traseira;0;0;0;0;0;1;0;0;0;0;0;0;0;0;0
01/09/2023;17:21:00;303;Sem vítima;518,000;BR-324/BA;Decrescente;Acidentes de outra natureza;0;0;1;0;0;0;0;0;0;0;1;0;0;0;0
01/09/2023;18:19:00;330;Com vítima;518,000;BR-324/BA;Crescente;Atropelamento de pedestre;0;0;0;0;0;0;0;0;0;0;0;0;0;1;0
01/09/2023;21:14:00;366;Com vítima;605,000;BR-116/BA;Decrescente;Colisão transversal;0;0;1;0;0;0;0;0;0;0;0;0;1;0;0
01/09/2023;22:27:00;391;Sem vítima;625,000;BR-324/BA;Decrescente;Choque;1;0;0;0;0;0;0;0;0;0;1;0;0;0;0
02/09/2023;03:42:00;31;Sem vítima;616,000;BR-324/BA;Crescente;Colisão traseira;1;0;0;0;0;0;0;0;0;0;1;0;0;0;0
02/09/2023;05:17:00;35;Com vítima;577,000;BR-324/BA;Decrescente;Saída de pista;1;0;0;0;0;0;0;0;0;0;0;1;0;0;0
02/09/2023;09:14:00;154;Com vítima;529,000;BR-324/BA;Decrescente;Colisão traseira;0;0;1;0;0;0;0;0;0;0;1;0;0;0;0
02/09/2023;11:24:00;191;Com vítima;818,000;BR-116/BA;Crescente;Colisão lateral no mesmo sentido;1;0;0;0;0;0;0;0;0;0;0;1;0;0;0
02/09/2023;15:25:00;292;Com vítima;12,000;CONTORNO - VC/BA;Crescente;Atropelamento de ciclista;0;1;0;0;0;0;0;0;0;0;0;0;0;0;1
02/09/2023;18:30:00;373;Sem vítima;601,000;BR-324/BA;Crescente;Colisão traseira;1;0;0;0;0;0;0;0;0;0;1;0;0;0;0
02/09/2023;18:37:00;376;Com vítima;14,000;CONTORNO - VC/BA;Decrescente;Colisão transversal;0;0;0;0;0;1;0;0;0;0;0;0;0;0;0
02/09/2023;22:03:00;449;Com vítima;16,000;CONTORNO - VC/BA;Decrescente;Colisão transversal;0;0;0;0;0;1;0;0;0;0;0;0;0;0;0
02/09/2023;22:25:00;452;Com vítima;619,000;BR-324/BA;Crescente;Colisão lateral no mesmo sentido;1;0;0;0;0;0;0;0;0;0;0;0;0;0;0
03/09/2023;00:32:00;150;Sem vítima;560,000;BR-324/BA;Decrescente;Colisão lateral no mesmo sentido;0;0;1;0;0;0;0;0;0;0;0;0;0;0;0
03/09/2023;02:36:00;58;Sem vítima;797,000;BR-116/BA;Decrescente;Colisão traseira;0;0;0;0;0;1;0;0;0;0;0;0;0;0;0
03/09/2023;06:17:00;113;Com vítima;808,000;BR-116/BA;Crescente;Capotamento;1;0;0;0;0;0;0;0;0;0;0;0;0;0;0
03/09/2023;06:41:00;120;Sem vítima;545,000;BR-324/BA;Crescente;Atropelamento de animal;0;0;0;0;0;0;0;0;0;1;0;0;0;0;0
03/09/2023;07:06:00;126;Sem vítima;438,000;BR-116/BA;Decrescente;Choque;1;0;0;0;0;0;0;0;0;0;0;0;0;0;0
03/09/2023;11:12:00;217;Sem vítima;885,000;BR-116/BA;Decrescente;Colisão traseira;0;0;1;0;0;0;0;0;0;0;0;0;0;0;0
03/09/2023;14:44:00;260;Com vítima;2,000;CONTORNO - VC/BA;Decrescente;Capotamento;1;0;0;0;0;0;0;0;0;0;0;0;0;0;0
03/09/2023;17:15:00;330;Sem vítima;700,000;BR-116/BA;Decrescente;Colisão lateral no mesmo sentido;1;0;0;0;0;0;0;0;0;0;0;0;0;0;0
03/09/2023;19:22:00;385;Sem vítima;436,000;BR-116/BA;Crescente;Colisão lateral no mesmo sentido;0;0;0;0;0;1;0;0;0;0;0;0;0;0;0
04/09/2023;04:33:00;103;Com vítima;620,000;BR-324/BA;Decrescente;Colisão traseira;0;0;0;1;0;0;0;0;0;0;0;1;0;0;0
04/09/2023;06:09:00;118;Com vítima;580,000;BR-324/BA;Crescente;Queda de moto;0;0;0;1;0;0;0;0;0;0;0;1;0;0;0
04/09/2023;06:13:00;119;Sem vítima;530,000;BR-324/BA;Decrescente;Saída de pista;1;0;0;0;0;0;0;0;0;0;1;0;0;0;0
04/09/2023;06:21:00;165;Sem vítima;530,000;BR-324/BA;Decrescente;Saída de pista;1;0;0;0;0;0;0;0;0;0;1;0;0;0;0
04/09/2023;07:37:00;176;Com vítima;441,000;BR-116/BA;Crescente;Capotamento;1;0;0;0;0;0;0;0;0;0;0;0;0;1;0
04/09/2023;07:44:00;180;Sem vítima;525,000;BR-324/BA;Decrescente;Colisão traseira;0;0;0;0;0;1;0;0;0;0;0;0;0;0;0
04/09/2023;07:54:00;198;Sem vítima;444,000;BR-116/BA;Decrescente;Saída de pista;1;0;0;0;0;0;0;0;0;0;1;0;0;0;0
04/09/2023;10:22:00;286;Sem vítima;489,000;BR-116/BA;Decrescente;Saída de pista;1;0;0;0;0;0;0;0;0;0;1;0;0;0;0
04/09/2023;11:18:00;308;Sem vítima;531,000;BR-324/BA;Decrescente;Colisão traseira;1;0;0;0;0;0;0;0;0;0;1;0;0;0;0
04/09/2023;13:26:00;366;Sem vítima;530,000;BR-324/BA;Decrescente;Saída de pista;1;0;0;0;0;0;0;0;0;0;1;0;0;0;0
04/09/2023;13:36:00;381;Sem vítima;531,000;BR-324/BA;Decrescente;Saída de pista;1;0;0;0;0;0;0;0;0;0;1;0;0;0;0
04/09/2023;13:54:00;382;Sem vítima;790,000;BR-116/BA;Decrescente;Colisão lateral no mesmo sentido;1;0;0;0;0;0;0;0;0;0;1;0;0;0;0
04/09/2023;18:18:00;532;Com vítima;821,000;BR-116/BA;Crescente;Acidentes de outra natureza;0;0;0;1;0;0;0;0;0;0;0;0;1;0;0
04/09/2023;19:25:00;541;Com vítima;625,000;BR-324/BA;Crescente;Tombamento;0;0;0;1;0;0;0;0;0;0;0;1;0;0;0
05/09/2023;06:27:00;99;Sem vítima;584,000;BR-324/BA;Crescente;Colisão lateral no mesmo sentido;1;0;0;0;0;0;0;0;0;0;1;0;0;0;0
05/09/2023;07:44:00;149;Com vítima;622,000;BR-324/BA;Crescente;Colisão traseira;1;0;0;0;0;0;0;0;0;0;2;0;0;0;0
05/09/2023;09:09:00;192;Com vítima;539,000;BR-324/BA;Decrescente;Tombamento;0;0;0;1;0;0;0;0;0;0;0;2;0;0;0
05/09/2023;13:13:00;293;Com vítima;620,000;BR-324/BA;Decrescente;Colisão traseira;1;0;0;0;0;0;0;0;0;0;0;1;0;0;0
05/09/2023;17:23:00;400;Sem vítima;777,000;BR-116/BA;Crescente;Engavetamento;0;0;0;0;0;0;0;0;0;1;1;0;0;0;0
05/09/2023;18:25:00;446;Sem vítima;563,000;BR-116/BA;Decrescente;Colisão traseira;0;0;1;0;0;0;0;0;0;0;1;0;0;0;0
05/09/2023;18:35:00;452;Com vítima;0,000;CONTORNO - VC/BA;Crescente;Colisão traseira;0;0;0;1;0;0;0;0;0;0;0;1;0;0;0
05/09/2023;23:37:00;536;Com vítima;755,000;BR-116/BA;Crescente;Atropelamento de ciclista;0;1;1;0;0;0;0;0;0;0;1;0;0;1;0
06/09/2023;04:38:00;72;Sem vítima;530,000;BR-324/BA;Decrescente;Saída de pista;1;0;0;0;0;0;0;0;0;0;1;0;0;0;0
06/09/2023;08:07:00;157;Sem vítima;623,000;BR-324/BA;Decrescente;Engavetamento;0;0;0;0;0;1;0;0;0;0;0;0;0;0;0
06/09/2023;08:08:00;120;Com vítima;623,000;BR-324/BA;Decrescente;Colisão traseira;1;0;0;0;0;0;0;0;0;0;1;0;0;0;0
06/09/2023;09:49:00;178;Sem vítima;617,000;BR-324/BA;Crescente;Colisão traseira;0;0;0;0;0;0;0;0;0;1;1;0;0;0;0
06/09/2023;13:55:00;269;Com vítima;2,000;CONTORNO SUL  - FS/BA;Decrescente;Colisão lateral no mesmo sentido;0;0;0;1;0;0;0;0;0;0;0;1;0;0;0
06/09/2023;14:06:00;276;Sem vítima;594,000;BR-116/BA;Decrescente;Colisão traseira;1;0;0;0;0;0;0;0;0;0;1;0;0;0;0
06/09/2023;14:10:00;278;Sem vítima;616,000;BR-324/BA;Crescente;Engavetamento;0;0;0;0;0;2;0;0;0;0;0;0;0;0;0
06/09/2023;14:41:00;296;Com vítima;522,000;BR-324/BA;Decrescente;Atropelamento de pedestre;0;0;0;0;0;0;0;0;0;0;0;1;0;0;0
06/09/2023;16:25:00;350;Com vítima;565,000;BR-324/BA;Crescente;Capotamento;0;0;0;0;0;0;0;0;0;1;0;1;0;0;0
06/09/2023;16:40:00;361;Sem vítima;528,000;BR-324/BA;Decrescente;Engavetamento;1;0;0;0;0;0;0;0;0;0;1;0;0;0;0
06/09/2023;18:03:00;384;Com vítima;533,000;BR-324/BA;Decrescente;Acidentes de outra natureza;0;0;1;0;0;1;0;0;0;0;1;0;0;0;0
06/09/2023;19:44:00;407;Com vítima;545,000;BR-324/BA;Decrescente;Colisão traseira;0;0;1;0;0;0;0;0;0;0;1;0;0;0;0
06/09/2023;21:53:00;443;Com vítima;584,000;BR-324/BA;Decrescente;Colisão traseira;0;0;0;0;0;0;0;0;0;1;0;2;0;0;0
06/09/2023;22:19:00;449;Sem vítima;545,000;BR-324/BA;Decrescente;Colisão traseira;2;0;0;0;0;0;0;0;0;0;2;0;0;0;0
06/09/2023;23:39:00;457;Sem vítima;602,000;BR-324/BA;Crescente;Saída de pista;1;0;0;0;0;0;0;0;0;0;1;0;0;0;0
07/09/2023;05:43:00;35;Sem vítima;575,000;BR-324/BA;Decrescente;Atropelamento de animal;1;0;0;0;0;0;0;0;0;0;1;0;0;0;0
07/09/2023;05:48:00;36;Sem vítima;558,000;BR-324/BA;Decrescente;Colisão traseira;1;0;0;0;0;0;0;0;0;0;1;0;0;0;0
07/09/2023;05:51:00;37;Sem vítima;558,000;BR-324/BA;Decrescente;Saída de pista;1;0;0;0;0;0;0;0;0;0;1;0;0;0;0
07/09/2023;06:13:00;41;Sem vítima;530,000;BR-324/BA;Decrescente;Choque;0;0;0;0;0;0;0;0;0;1;1;0;0;0;0
07/09/2023;08:06:00;79;Sem vítima;548,000;BR-324/BA;Decrescente;Colisão traseira;1;0;0;0;0;0;0;0;0;0;1;0;0;0;0
07/09/2023;08:34:00;86;Sem vítima;568,000;BR-324/BA;Decrescente;Engavetamento;1;0;0;0;0;0;0;0;0;0;1;0;0;0;0
07/09/2023;09:17:00;101;Sem vítima;576,000;BR-116/BA;Crescente;Colisão transversal;0;0;1;0;0;0;0;0;0;0;1;0;0;0;0
07/09/2023;10:26:00;114;Sem vítima;572,000;BR-324/BA;Decrescente;Engavetamento;0;0;1;0;0;0;0;0;0;0;1;0;0;0;0
07/09/2023;12:25:00;149;Sem vítima;665,000;BR-116/BA;Decrescente;Colisão traseira;0;0;0;0;0;0;0;0;0;1;1;0;0;0;0
07/09/2023;12:59:00;116;Com vítima;848,000;BR-116/BA;Crescente;Tombamento;0;0;1;0;0;0;0;0;0;0;0;1;0;0;0
07/09/2023;14:45:00;195;Sem vítima;865,000;BR-116/BA;Crescente;Saída de pista;1;0;0;0;0;0;0;0;0;0;1;0;0;0;0
07/09/2023;22:05:00;354;Sem vítima;590,000;BR-324/BA;Crescente;Saída de pista;1;0;0;0;0;0;0;0;0;0;1;0;0;0;0
08/09/2023;01:46:00;48;Sem vítima;9,000;CONTORNO - VC/BA;Crescente;Atropelamento de animal;0;0;0;0;0;0;0;0;0;1;1;0;0;0;0
08/09/2023;06:44:00;121;Sem vítima;490,000;BR-116/BA;Crescente;Capotamento;1;0;0;0;0;0;0;0;0;0;1;0;0;0;0
08/09/2023;10:58:00;193;Sem vítima;736,000;BR-116/BA;Decrescente;Tombamento;0;0;1;0;0;0;0;0;0;0;1;0;0;0;0
08/09/2023;11:56:00;200;Sem vítima;601,000;BR-324/BA;Decrescente;Tombamento;0;0;1;0;0;0;0;0;0;0;1;0;0;0;0
08/09/2023;17:13:00;338;Com vítima;538,000;BR-324/BA;Crescente;Colisão traseira;0;0;0;0;0;0;0;0;0;1;0;0;1;0;0
09/09/2023;06:29:00;93;Sem vítima;809,000;BR-116/BA;Decrescente;Colisão transversal;0;0;0;1;0;0;0;0;0;0;1;0;0;0;0
09/09/2023;06:51:00;97;Com vítima;909,000;BR-116/BA;Crescente;Colisão frontal;0;0;1;0;0;0;0;0;0;0;1;0;0;0;0
09/09/2023;07:48:00;112;Com vítima;461,000;BR-116/BA;Crescente;Atropelamento de pedestre;0;0;0;0;0;0;0;0;0;0;0;0;0;0;1
09/09/2023;12:24:00;163;Com vítima;427,000;BR-116/BA;Decrescente;Colisão traseira;0;0;1;0;0;0;0;0;0;0;1;0;0;0;0
09/09/2023;12:51:00;164;Sem vítima;567,000;BR-116/BA;Crescente;Colisão transversal;0;0;0;0;0;1;0;0;0;0;0;0;0;0;0
09/09/2023;13:11:00;168;Com vítima;640,000;BR-116/BA;Decrescente;Colisão frontal;0;0;1;0;0;0;0;0;0;0;1;0;0;0;0
09/09/2023;14:30:00;199;Sem vítima;780,000;BR-116/BA;Decrescente;Queda de moto;0;0;0;1;0;0;0;0;0;0;1;0;0;0;0
09/09/2023;15:28:00;237;Com vítima;878,000;BR-116/BA;Decrescente;Queda de moto;0;0;0;1;0;0;0;0;0;0;0;1;0;0;0
09/09/2023;15:59:00;253;Com vítima;631,000;BR-116/BA;Decrescente;Atropelamento de ciclista;1;0;0;0;0;0;0;0;0;0;1;0;0;0;0
09/09/2023;18:18:00;319;Com vítima;796,000;BR-116/BA;Crescente;Colisão lateral no mesmo sentido;1;0;0;0;0;0;0;0;0;0;0;1;0;0;0
10/09/2023;01:26:00;37;Com vítima;584,000;BR-324/BA;Crescente;Saída de pista;0;0;0;0;0;0;0;0;0;1;0;0;1;0;0
10/09/2023;02:14:00;45;Com vítima;477,000;BR-116/BA;Crescente;Acidentes de outra natureza;0;0;0;0;0;0;0;0;0;0;0;0;0;0;1
10/09/2023;05:30:00;90;Com vítima;587,000;BR-324/BA;Crescente;Saída de pista;1;0;0;0;0;0;0;0;0;0;0;1;0;0;0
10/09/2023;17:25:00;299;Com vítima;545,000;BR-324/BA;Crescente;Colisão transversal;0;0;0;0;0;1;0;0;0;0;0;0;0;0;0
11/09/2023;00:00:00;103;Com vítima;13,000;CONTORNO - VC/BA;Crescente;Atropelamento de animal;0;0;0;1;0;0;0;0;0;0;0;1;0;0;0
11/09/2023;00:00:00;245;Sem vítima;632,000;BR-116/BA;Crescente;Colisão transversal;0;0;1;0;0;0;0;0;0;0;1;0;0;0;0
11/09/2023;00:00:00;410;Com vítima;615,000;BR-324/BA;Crescente;Queda de moto;0;0;0;1;0;0;0;0;0;0;0;1;0;0;0
11/09/2023;00:16:00;37;Sem vítima;590,000;BR-324/BA;Crescente;Saída de pista;0;0;1;0;0;0;0;0;0;0;1;0;0;0;0
11/09/2023;04:25:00;98;Sem vítima;8,000;526/BA;Crescente;Colisão frontal;1;0;0;0;0;0;0;0;0;0;1;0;0;0;0
11/09/2023;05:43:00;106;Sem vítima;462,000;BR-116/BA;Decrescente;Tombamento;1;0;0;0;0;0;0;0;0;0;1;0;0;0;0
11/09/2023;06:17:00;116;Sem vítima;530,000;BR-324/BA;Decrescente;Engavetamento;1;0;0;0;0;0;0;0;0;0;1;0;0;0;0
11/09/2023;07:25:00;133;Sem vítima;441,000;BR-116/BA;Crescente;Saída de pista;1;0;0;0;0;0;0;0;0;0;1;0;0;0;0
11/09/2023;07:32:00;143;Sem vítima;618,000;BR-324/BA;Decrescente;Colisão traseira;1;0;0;0;0;0;0;0;0;0;1;0;0;0;0
11/09/2023;07:39:00;147;Com vítima;442,000;BR-116/BA;Crescente;Acidentes de outra natureza;0;0;0;0;0;0;0;0;0;1;0;0;1;0;0
11/09/2023;07:47:00;150;Sem vítima;604,000;BR-324/BA;Crescente;Colisão traseira;1;0;0;0;0;0;0;0;0;0;1;0;0;0;0
11/09/2023;08:08:00;178;Sem vítima;4,000;CONTORNO SUL  - FS/BA;Decrescente;Colisão traseira;0;0;1;0;0;0;0;0;0;0;1;0;0;0;0
11/09/2023;08:33:00;187;Sem vítima;532,000;BR-324/BA;Crescente;Colisão traseira;0;0;0;0;0;0;0;0;0;1;1;0;0;0;0
11/09/2023;08:59:00;196;Sem vítima;612,000;BR-324/BA;Crescente;Tombamento;0;0;1;0;0;0;0;0;0;0;1;0;0;0;0
11/09/2023;09:46:00;213;Com vítima;845,000;BR-116/BA;Crescente;Colisão traseira;0;0;1;0;0;0;0;0;0;0;1;0;0;0;0
11/09/2023;09:55:00;218;Sem vítima;586,000;BR-116/BA;Crescente;Colisão lateral no mesmo sentido;0;0;1;0;0;0;0;0;0;0;1;0;0;0;0
11/09/2023;13:04:00;276;Sem vítima;439,000;BR-116/BA;Crescente;Capotamento;1;0;0;0;0;0;0;0;0;0;1;0;0;0;0
11/09/2023;13:18:00;278;Sem vítima;576,000;BR-324/BA;Decrescente;Tombamento;0;0;1;0;0;0;0;0;0;0;1;0;0;0;0
11/09/2023;15:41:00;367;Sem vítima;719,000;BR-116/BA;Crescente;Saída de pista;1;0;0;0;0;0;0;0;0;0;1;0;0;0;0
12/09/2023;04:56:00;106;Sem vítima;530,000;BR-324/BA;Decrescente;Saída de pista;1;0;0;0;0;0;0;0;0;0;1;0;0;0;0
12/09/2023;07:53:00;183;Com vítima;571,000;BR-324/BA;Crescente;Queda de moto;0;0;0;0;0;1;0;0;0;0;0;0;0;0;0
12/09/2023;08:13:00;195;Sem vítima;612,000;BR-324/BA;Crescente;Engavetamento;0;0;0;0;0;1;0;0;0;0;0;0;0;0;0
12/09/2023;10:34:00;270;Sem vítima;568,000;BR-324/BA;Decrescente;Colisão lateral no mesmo sentido;1;0;0;0;0;0;0;0;0;0;1;0;0;0;0
13/09/2023;05:10:00;61;Com vítima;469,000;BR-116/BA;Crescente;Colisão traseira;0;0;1;0;0;0;0;0;0;0;0;1;0;0;0
13/09/2023;06:11:00;74;Sem vítima;551,000;BR-324/BA;Crescente;Colisão traseira;0;0;1;0;0;0;0;0;0;0;1;0;0;0;0
13/09/2023;11:22:00;251;Sem vítima;766,000;BR-116/BA;Crescente;Engavetamento;0;0;1;0;0;0;0;0;0;0;1;0;0;0;0
13/09/2023;16:04:00;400;Sem vítima;648,000;BR-116/BA;Crescente;Acidentes de outra natureza;0;0;0;0;0;1;0;0;0;0;0;0;0;0;0
13/09/2023;18:46:00;481;Sem vítima;612,000;BR-324/BA;Crescente;Engavetamento;0;0;0;0;0;1;0;0;0;0;0;0;0;0;0
14/09/2023;07:02:00;105;Sem vítima;565,000;BR-116/BA;Decrescente;Colisão traseira;0;0;1;0;0;0;0;0;0;0;1;0;0;0;0
14/09/2023;07:17:00;128;Sem vítima;545,000;BR-324/BA;Decrescente;Saída de pista;1;0;0;0;0;0;0;0;0;0;1;0;0;0;0
14/09/2023;11:11:00;269;Sem vítima;615,000;BR-324/BA;Crescente;Colisão traseira;0;0;1;0;0;0;0;0;0;0;1;0;0;0;0
14/09/2023;11:36:00;278;Sem vítima;761,000;BR-116/BA;Decrescente;Engavetamento;1;0;0;0;0;0;0;0;0;0;1;0;0;0;0
14/09/2023;14:09:00;312;Sem vítima;608,000;BR-324/BA;Decrescente;Queda de moto;0;0;0;1;0;0;0;0;0;0;1;0;0;0;0
14/09/2023;14:46:00;323;Com vítima;599,000;BR-324/BA;Crescente;Colisão lateral no mesmo sentido;1;0;0;0;0;0;0;0;0;0;1;0;0;0;0
15/09/2023;15:46:00;392;Sem vítima;553,000;BR-324/BA;Crescente;Tombamento;0;0;1;0;0;0;0;0;0;0;1;0;0;0;0
15/09/2023;18:24:00;449;Com vítima;799,000;BR-116/BA;Decrescente;Queda de moto;0;0;0;1;0;0;0;0;0;0;0;1;0;0;0
16/09/2023;02:26:00;28;Sem vítima;543,000;BR-324/BA;Decrescente;Saída de pista;1;0;0;0;0;0;0;0;0;0;1;0;0;0;0
16/09/2023;05:00:00;69;Sem vítima;596,000;BR-324/BA;Decrescente;Colisão lateral no mesmo sentido;1;0;0;0;0;0;0;0;0;0;1;0;0;0;0
16/09/2023;05:10:00;70;Com vítima;427,000;BR-116/BA;Crescente;Atropelamento de pedestre;0;0;0;0;0;0;0;0;0;0;0;0;0;0;1
16/09/2023;07:42:00;94;Sem vítima;536,000;BR-324/BA;Crescente;Saída de pista;1;0;0;0;0;0;0;0;0;0;1;0;0;0;0
16/09/2023;11:18:00;173;Sem vítima;587,000;BR-324/BA;Decrescente;Capotamento;1;0;0;0;0;0;0;0;0;0;1;0;0;0;0
16/09/2023;15:07:00;270;Com vítima;601,000;BR-324/BA;Decrescente;Queda de moto;0;0;0;1;0;0;0;0;0;0;0;1;0;0;0
16/09/2023;15:59:00;290;Sem vítima;487,000;BR-116/BA;Crescente;Colisão traseira;0;0;1;0;0;0;0;0;0;0;1;0;0;0;0
16/09/2023;16:41:00;307;Sem vítima;461,000;BR-116/BA;Crescente;Colisão traseira;1;0;0;0;0;0;0;0;0;0;1;0;0;0;0
16/09/2023;18:00:00;276;Sem vítima;471,000;BR-116/BA;Crescente;Choque;1;0;0;0;0;0;0;0;0;0;1;0;0;0;0
16/09/2023;18:26:00;351;Com vítima;526,000;BR-324/BA;Decrescente;Colisão lateral no mesmo sentido;0;0;0;1;0;0;0;0;0;0;0;0;1;0;0
16/09/2023;22:13:00;454;Sem vítima;625,000;BR-324/BA;Decrescente;Saída de pista;0;0;0;0;0;1;0;0;0;0;0;0;0;0;0
16/09/2023;23:16:00;478;Com vítima;490,000;BR-116/BA;Crescente;Saída de pista;0;0;1;0;0;0;0;0;0;0;0;1;0;0;0
17/09/2023;00:50:00;30;Com vítima;558,000;BR-324/BA;Decrescente;Saída de pista;1;0;0;0;0;0;0;0;0;0;0;1;0;0;0
17/09/2023;03:32:00;54;Sem vítima;539,000;BR-116/BA;Decrescente;Saída de pista;0;0;1;0;0;0;0;0;0;0;1;0;0;0;0
17/09/2023;09:24:00;169;Com vítima;643,000;BR-116/BA;Decrescente;Colisão lateral no mesmo sentido;0;0;1;0;0;0;0;0;0;0;0;0;1;0;0
17/09/2023;15:40:00;293;Com vítima;620,000;BR-324/BA;Crescente;Queda de moto;0;0;0;1;0;0;0;0;0;0;0;1;0;0;0
17/09/2023;19:49:00;395;Com vítima;545,000;BR-324/BA;Decrescente;Atropelamento de pedestre;0;0;0;0;0;0;0;0;0;0;0;0;1;0;0
18/09/2023;05:46:00;95;Com vítima;623,000;BR-324/BA;Decrescente;Colisão lateral no mesmo sentido;0;0;0;1;0;0;0;0;0;0;0;1;0;0;0
18/09/2023;06:18:00;107;Sem vítima;530,000;BR-324/BA;Decrescente;Capotamento;0;0;0;0;0;0;0;0;0;1;1;0;0;0;0
18/09/2023;06:54:00;117;Sem vítima;530,000;BR-324/BA;Decrescente;Saída de pista;1;0;0;0;0;0;0;0;0;0;1;0;0;0;0
18/09/2023;07:52:00;128;Sem vítima;595,000;BR-324/BA;Crescente;Colisão traseira;0;0;0;0;0;0;0;0;0;1;1;0;0;0;0
18/09/2023;09:00:00;179;Sem vítima;586,000;BR-324/BA;Crescente;Tombamento;1;0;0;0;0;0;0;0;0;0;1;0;0;0;0
18/09/2023;09:05:00;181;Com vítima;1,000;CONTORNO SUL  - FS/BA;Crescente;Queda de moto;0;0;0;1;0;0;0;0;0;0;0;1;0;0;0
18/09/2023;09:37:00;196;Com vítima;12,000;CONTORNO - VC/BA;Decrescente;Atropelamento de pedestre;0;0;0;0;0;0;0;0;0;0;0;0;1;0;0
18/09/2023;10:29:00;246;Sem vítima;612,000;BR-324/BA;Crescente;Colisão traseira;2;0;0;0;0;0;0;0;0;0;2;0;0;0;0
18/09/2023;18:53:00;458;Sem vítima;530,000;BR-324/BA;Decrescente;Capotamento;1;0;0;0;0;0;0;0;0;0;1;0;0;0;0
19/09/2023;06:22:00;81;Sem vítima;442,000;BR-116/BA;Crescente;Saída de pista;1;0;0;0;0;0;0;0;0;0;1;0;0;0;0
19/09/2023;06:55:00;90;Com vítima;2,000;CONTORNO SUL  - FS/BA;Decrescente;Engavetamento;1;0;1;0;0;0;0;0;0;0;0;2;0;0;0
19/09/2023;07:02:00;93;Com vítima;16,000;CONTORNO - VC/BA;Decrescente;Queda de moto;0;0;0;1;0;0;0;0;0;0;0;1;0;0;0
19/09/2023;08:54:00;130;Com vítima;611,000;BR-324/BA;Decrescente;Colisão traseira;0;0;0;1;0;0;0;0;0;0;0;1;0;0;0
19/09/2023;10:20:00;172;Com vítima;435,000;BR-116/BA;Decrescente;Queda de moto;0;0;0;1;0;0;0;0;0;0;0;1;0;0;0
19/09/2023;11:03:00;191;Sem vítima;585,000;BR-324/BA;Decrescente;Engavetamento;0;0;1;0;0;0;0;0;0;0;1;0;0;0;0
20/09/2023;12:09:00;252;Sem vítima;513,000;BR-116/BA;Decrescente;Capotamento;0;0;0;0;0;1;0;0;0;0;2;0;0;0;0
20/09/2023;15:22:00;367;Com vítima;16,000;CONTORNO - VC/BA;Decrescente;Colisão lateral no mesmo sentido;0;0;0;1;0;0;0;0;0;0;0;2;0;0;0
20/09/2023;17:55:00;420;Sem vítima;622,000;BR-324/BA;Decrescente;Colisão traseira;0;0;0;0;0;1;0;0;0;0;0;0;0;0;0
20/09/2023;19:12:00;378;Sem vítima;565,000;BR-116/BA;Crescente;Colisão traseira;0;0;1;0;0;0;0;0;0;0;2;0;0;0;0
20/09/2023;19:35:00;475;Com vítima;11,000;CONTORNO - VC/BA;Decrescente;Colisão transversal;0;0;0;1;0;0;0;0;0;0;0;1;0;0;0
21/09/2023;07:26:00;124;Sem vítima;613,000;BR-324/BA;Crescente;Engavetamento;0;0;0;0;0;0;0;0;0;1;1;0;0;0;0
21/09/2023;07:41:00;127;Com vítima;617,000;BR-324/BA;Decrescente;Colisão lateral no mesmo sentido;0;0;0;1;0;0;0;0;0;0;0;1;0;0;0
21/09/2023;08:35:00;143;Sem vítima;856,000;BR-116/BA;Crescente;Tombamento;0;0;1;0;0;0;0;0;0;0;1;0;0;0;0
21/09/2023;11:02:00;242;Sem vítima;567,000;BR-324/BA;Decrescente;Saída de pista;1;0;0;0;0;0;0;0;0;0;1;0;0;0;0
21/09/2023;16:59:00;421;Sem vítima;881,000;BR-116/BA;Decrescente;Colisão traseira;0;0;1;0;0;0;0;0;0;0;1;0;0;0;0